row_id,known_status_count,login_attempts,login_attempts_known_outcome,complete_body_measurements,complete_duration_measurements,pending_at_scoring,timeouts,telemetry_dropped_in_window,interval_fully_observed,insufficient_history,telemetry_defects
1,2,0,0,2,2,0,0,0,False,True,0
2,3,0,0,3,3,0,0,0,False,False,0
3,2,0,0,2,2,0,0,0,False,True,0
4,2,0,0,2,2,0,0,0,False,True,0
5,3,0,0,3,3,0,0,0,False,False,0
6,2,0,0,2,2,0,0,0,False,True,0
7,2,0,0,2,2,0,0,0,False,True,0
8,2,0,0,2,2,0,0,0,False,True,0
9,3,0,0,3,3,0,0,0,False,False,0
10,2,1,1,2,2,0,0,0,False,True,0
11,2,0,0,2,2,0,0,0,False,True,0
12,2,0,0,2,2,0,0,0,False,True,0
13,3,0,0,3,3,0,0,0,False,False,0
14,11,12,10,11,11,0,0,0,False,False,0
15,114,0,0,114,114,0,0,0,False,False,0
16,10,0,0,10,10,0,0,0,False,False,0
17,5,0,0,5,5,0,0,0,False,False,0
18,10,0,0,10,10,0,0,0,False,False,0
19,3,0,0,3,3,0,0,0,False,False,0
20,2,0,0,2,2,0,0,0,False,True,0
21,3,0,0,3,3,0,0,0,False,False,0
22,2,0,0,2,2,0,0,0,False,True,0
23,3,0,0,3,3,0,0,0,False,False,0
24,2,1,1,2,2,0,0,0,False,True,0
25,2,1,1,2,2,0,0,0,False,True,0
26,2,1,1,2,2,0,0,0,False,True,0
27,2,1,1,2,2,0,0,0,False,True,0
28,2,1,1,2,2,0,0,0,False,True,0
29,2,1,1,2,2,0,0,0,False,True,0
30,2,1,1,2,2,0,0,0,False,True,0
31,2,1,1,2,2,0,0,0,False,True,0
32,3,0,0,3,3,0,0,0,False,False,0
33,2,0,0,2,2,0,0,0,False,True,0
34,2,0,0,2,2,0,0,0,False,True,0
35,2,0,0,2,2,0,0,0,False,True,0
36,3,0,0,3,3,0,0,0,False,False,0
37,3,0,0,3,3,0,0,0,False,False,0
38,2,0,0,2,2,0,0,0,False,True,0
39,2,0,0,2,2,0,0,0,False,True,0
40,3,0,0,3,3,0,0,0,False,False,0
41,3,0,0,3,3,0,0,0,False,False,0
42,2,0,0,2,2,0,0,0,False,True,0
43,2,0,0,2,2,0,0,0,False,True,0
44,2,0,0,2,2,0,0,0,False,True,0
45,3,0,0,3,3,0,0,0,False,False,0
46,2,0,0,2,2,0,0,0,False,True,0
47,2,0,0,2,2,0,0,0,False,True,0
48,3,0,0,3,3,0,0,0,False,False,0
49,3,0,0,3,3,0,0,0,False,False,0
50,2,0,0,2,2,0,0,0,False,True,0
51,3,0,0,3,3,0,0,0,False,False,0
52,3,0,0,3,3,0,0,0,False,False,0
53,3,0,0,3,3,0,0,0,False,False,0
54,3,0,0,3,3,0,0,0,False,False,0
55,2,0,0,2,2,0,0,0,False,True,0
56,2,0,0,2,2,0,0,0,False,True,0
57,2,0,0,2,2,0,0,0,False,True,0
58,2,0,0,2,2,0,0,0,False,True,0
59,2,0,0,2,2,0,0,0,False,True,0
60,2,0,0,2,2,0,0,0,False,True,0
61,2,0,0,2,2,0,0,0,False,True,0
62,2,0,0,2,2,0,0,0,False,True,0
63,2,0,0,2,2,0,0,0,False,True,0
64,2,0,0,2,2,0,0,0,False,True,0
65,2,0,0,2,2,0,0,0,False,True,0
66,2,0,0,2,2,0,0,0,False,True,0
67,2,0,0,2,2,0,0,0,False,True,0
68,1,0,0,1,1,0,0,0,False,True,0
69,1,0,0,1,1,0,0,0,False,True,0
70,2,0,0,2,2,0,0,0,False,True,0
71,1,0,0,1,1,0,0,0,False,True,0
72,2,0,0,2,2,0,0,0,False,True,0
73,2,0,0,2,2,0,0,0,False,True,0
74,2,0,0,2,2,0,0,0,False,True,0
75,2,0,0,2,2,0,0,0,False,True,0
76,2,0,0,2,2,0,0,0,False,True,0
77,2,0,0,2,2,0,0,0,False,True,0
78,2,0,0,2,2,0,0,0,False,True,0
79,2,0,0,2,2,0,0,0,False,True,0
80,8,0,0,8,8,0,0,0,True,False,0
81,12,0,0,12,12,0,0,0,True,False,0
82,10,0,0,10,10,0,0,0,True,False,0
83,11,0,0,11,11,0,0,0,True,False,0
84,10,0,0,10,10,0,0,0,True,False,0
85,11,0,0,11,11,0,0,0,True,False,0
86,11,0,0,11,11,0,0,0,True,False,0
87,11,0,0,11,11,0,0,0,True,False,0
88,11,0,0,11,11,0,0,0,True,False,0
89,8,8,8,8,8,0,0,0,True,False,0
90,5,0,0,5,5,0,0,0,True,False,0
91,12,0,0,12,12,0,0,0,True,False,0
92,10,0,0,10,10,0,0,0,True,False,0
93,0,114,0,0,0,0,0,0,True,False,0
94,86,0,0,86,86,0,0,0,True,False,0
95,93,0,0,93,93,0,0,0,True,False,0
96,48,0,0,48,48,0,0,0,True,False,0
97,70,0,0,70,70,0,0,0,True,False,0
98,10,0,0,10,10,0,0,0,True,False,0
99,9,0,0,9,9,0,0,0,True,False,0
100,12,0,0,12,12,0,0,0,True,False,0
101,11,0,0,11,11,0,0,0,True,False,0
102,10,0,0,10,10,0,0,0,True,False,0
103,8,2,2,8,8,0,0,0,True,False,0
104,7,3,3,7,7,0,0,0,True,False,0
105,9,3,3,9,9,0,0,0,True,False,0
106,6,2,2,6,6,0,0,0,True,False,0
107,8,3,3,8,8,0,0,0,True,False,0
108,8,3,3,8,8,0,0,0,True,False,0
109,9,2,2,9,9,0,0,0,True,False,0
110,8,2,2,8,8,0,0,0,True,False,0
111,6,0,0,6,6,0,0,0,True,False,0
112,7,0,0,7,7,0,0,0,True,False,0
113,6,0,0,6,6,0,0,0,True,False,0
114,8,0,0,8,8,0,0,0,True,False,0
115,7,0,0,7,7,0,0,0,True,False,0
116,7,0,0,7,7,0,0,0,True,False,0
117,9,0,0,9,9,0,0,0,True,False,0
118,7,0,0,7,7,0,0,0,True,False,0
119,14,0,0,14,14,0,0,0,True,False,0
120,13,0,0,13,13,0,0,0,True,False,0
121,18,0,0,18,18,0,0,0,True,False,0
122,14,0,0,14,14,0,0,0,True,False,0
123,15,0,0,15,15,0,0,0,True,False,0
124,12,0,0,12,12,0,0,0,True,False,0
125,15,0,0,15,15,0,0,0,True,False,0
126,13,0,0,13,13,0,0,0,True,False,0
127,12,0,0,12,12,0,0,0,True,False,0
128,11,0,0,11,11,0,0,0,True,False,0
129,6,0,0,6,6,0,0,0,True,False,0
130,12,0,0,12,12,0,0,0,True,False,0
131,12,0,0,12,12,0,0,0,True,False,0
132,12,0,0,12,12,0,0,0,True,False,0
133,12,0,0,12,12,0,0,0,True,False,0
134,6,0,0,6,6,0,0,0,True,False,0
135,7,0,0,7,7,0,0,0,True,False,0
136,16,0,0,16,16,0,0,0,True,False,0
137,13,0,0,13,13,0,0,0,True,False,0
138,13,0,0,13,13,0,0,0,True,False,0
139,8,0,0,8,8,0,0,0,True,False,0
140,7,0,0,7,7,0,0,0,True,False,0
141,8,0,0,8,8,0,0,0,True,False,0
142,9,0,0,9,9,0,0,0,True,False,0
143,1,0,0,1,1,0,0,0,True,True,0
144,1,0,0,1,1,0,0,0,True,True,0
145,1,0,0,1,1,0,0,0,True,True,0
146,8,0,0,8,8,0,0,0,True,False,0
147,13,0,0,13,13,0,0,0,True,False,0
148,8,0,0,8,8,0,0,0,True,False,0
149,8,0,0,8,8,0,0,0,True,False,0
150,10,0,0,10,10,0,0,0,True,False,0
151,12,0,0,12,12,0,0,0,True,False,0
152,9,0,0,9,9,0,0,0,True,False,0
153,10,0,0,10,10,0,0,0,True,False,0
154,12,0,0,12,12,0,0,0,True,False,0
155,7,7,7,7,7,0,0,0,True,False,0
156,5,0,0,5,5,0,0,0,True,False,0
157,12,0,0,12,12,0,0,0,True,False,0
158,10,0,0,10,10,0,0,0,True,False,0
159,0,116,0,0,0,0,0,0,True,False,0
160,0,0,0,0,0,0,0,0,True,False,0
161,97,0,0,97,97,0,0,0,True,False,0
162,48,0,0,48,48,0,0,0,True,False,0
163,74,0,0,74,74,0,0,0,True,False,0
164,12,0,0,12,12,0,0,0,True,False,0
165,11,0,0,11,11,0,0,0,True,False,0
166,13,0,0,13,13,0,0,0,True,False,0
167,10,0,0,10,10,0,0,0,True,False,0
168,11,0,0,11,11,0,0,0,True,False,0
169,6,0,0,6,6,0,0,0,True,False,0
170,8,0,0,8,8,0,0,0,True,False,0
171,8,0,0,8,8,0,0,0,True,False,0
172,5,0,0,5,5,0,0,0,True,False,0
173,8,0,0,8,8,0,0,0,True,False,0
174,8,0,0,8,8,0,0,0,True,False,0
175,7,0,0,7,7,0,0,0,True,False,0
176,8,0,0,8,8,0,0,0,True,False,0
177,5,0,0,5,5,0,0,0,True,False,0
178,8,0,0,8,8,0,0,0,True,False,0
179,8,0,0,8,8,0,0,0,True,False,0
180,9,0,0,9,9,0,0,0,True,False,0
181,10,0,0,10,10,0,0,0,True,False,0
182,7,0,0,7,7,0,0,0,True,False,0
183,9,0,0,9,9,0,0,0,True,False,0
184,5,0,0,5,5,0,0,0,True,False,0
185,12,0,0,12,12,0,0,0,True,False,0
186,12,0,0,12,12,0,0,0,True,False,0
187,13,0,0,13,13,0,0,0,True,False,0
188,15,0,0,15,15,0,0,0,True,False,0
189,14,0,0,14,14,0,0,0,True,False,0
190,16,0,0,16,16,0,0,0,True,False,0
191,14,0,0,14,14,0,0,0,True,False,0
192,13,0,0,13,13,0,0,0,True,False,0
193,12,0,0,12,12,0,0,0,True,False,0
194,13,0,0,13,13,0,0,0,True,False,0
195,6,0,0,6,6,0,0,0,True,False,0
196,12,0,0,12,12,0,0,0,True,False,0
197,12,0,0,12,12,0,0,0,True,False,0
198,12,0,0,12,12,0,0,0,True,False,0
199,12,0,0,12,12,0,0,0,True,False,0
200,6,0,0,6,6,0,0,0,True,False,0
201,15,0,0,15,15,0,0,0,True,False,0
202,13,0,0,13,13,0,0,0,True,False,0
203,9,0,0,9,9,0,0,0,True,False,0
204,8,0,0,8,8,0,0,0,True,False,0
205,14,0,0,14,14,0,0,0,True,False,0
206,13,0,0,13,13,0,0,0,True,False,0
207,13,0,0,13,13,0,0,0,True,False,0
208,11,0,0,11,11,0,0,0,True,False,0
209,14,0,0,14,14,0,0,0,True,False,0
210,10,0,0,10,10,0,0,0,True,False,0
211,10,0,0,10,10,0,0,0,True,False,0
212,11,0,0,11,11,0,0,0,True,False,0
213,10,0,0,10,10,0,0,0,True,False,0
214,11,0,0,11,11,0,0,0,True,False,0
215,12,0,0,12,12,0,0,0,True,False,0
216,10,0,0,10,10,0,0,0,True,False,0
217,12,0,0,12,12,0,0,0,True,False,0
218,8,8,8,8,8,0,0,0,True,False,0
219,5,0,0,5,5,0,0,0,True,False,0
220,11,0,0,11,11,0,0,0,True,False,0
221,9,0,0,9,9,0,0,0,True,False,0
222,0,119,0,0,0,0,0,0,True,False,0
223,0,0,0,0,0,0,0,0,True,False,0
224,93,0,0,93,93,0,0,0,True,False,0
225,46,0,0,46,46,0,0,0,True,False,0
226,72,0,0,72,72,0,0,0,True,False,0
227,10,0,0,10,10,0,0,0,True,False,0
228,12,0,0,12,12,0,0,0,True,False,0
229,10,0,0,10,10,0,0,0,True,False,0
230,10,0,0,10,10,0,0,0,True,False,0
231,13,0,0,13,13,0,0,0,True,False,0
232,9,0,0,9,9,0,0,0,True,False,0
233,8,0,0,8,8,0,0,0,True,False,0
234,8,0,0,8,8,0,0,0,True,False,0
235,8,0,0,8,8,0,0,0,True,False,0
236,8,0,0,8,8,0,0,0,True,False,0
237,8,0,0,8,8,0,0,0,True,False,0
238,7,0,0,7,7,0,0,0,True,False,0
239,8,0,0,8,8,0,0,0,True,False,0
240,8,0,0,8,8,0,0,0,True,False,0
241,8,0,0,8,8,0,0,0,True,False,0
242,7,0,0,7,7,0,0,0,True,False,0
243,7,0,0,7,7,0,0,0,True,False,0
244,7,0,0,7,7,0,0,0,True,False,0
245,6,0,0,6,6,0,0,0,True,False,0
246,6,0,0,6,6,0,0,0,True,False,0
247,8,0,0,8,8,0,0,0,True,False,0
248,15,0,0,15,15,0,0,0,True,False,0
249,14,0,0,14,14,0,0,0,True,False,0
250,13,0,0,13,13,0,0,0,True,False,0
251,15,0,0,15,15,0,0,0,True,False,0
252,13,0,0,13,13,0,0,0,True,False,0
253,14,0,0,14,14,0,0,0,True,False,0
254,14,0,0,14,14,0,0,0,True,False,0
255,14,0,0,14,14,0,0,0,True,False,0
256,12,0,0,12,12,0,0,0,True,False,0
257,11,0,0,11,11,0,0,0,True,False,0
258,6,0,0,6,6,0,0,0,True,False,0
259,12,0,0,12,12,0,0,0,True,False,0
260,11,0,0,11,11,0,0,0,True,False,0
261,12,0,0,12,12,0,0,0,True,False,0
262,12,0,0,12,12,0,0,0,True,False,0
263,6,0,0,6,6,0,0,0,True,False,0
264,4,0,0,4,4,0,0,0,True,False,0
265,13,0,0,13,13,0,0,0,True,False,0
266,9,0,0,9,9,0,0,0,True,False,0
267,7,0,0,7,7,0,0,0,True,False,0
268,10,0,0,10,10,0,0,0,True,False,0
269,17,0,0,17,17,0,0,0,True,False,0
270,4,0,0,4,4,0,0,0,True,False,0
271,9,0,0,9,9,0,0,0,True,False,0
272,9,0,0,9,9,0,0,0,True,False,0
273,13,0,0,13,13,0,0,0,True,False,0
274,11,0,0,11,11,0,0,0,True,False,0
275,10,0,0,10,10,0,0,0,True,False,0
276,11,0,0,11,11,0,0,0,True,False,0
277,11,0,0,11,11,0,0,0,True,False,0
278,11,0,0,11,11,0,0,0,True,False,0
279,10,0,0,10,10,0,0,0,True,False,0
280,11,1,1,11,11,0,0,0,True,False,0
281,7,7,7,7,7,0,0,0,True,False,0
282,5,0,0,5,5,0,0,0,True,False,0
283,11,1,1,11,11,0,0,0,True,False,0
284,12,1,1,12,12,0,0,0,True,False,0
285,0,119,0,0,0,0,0,0,True,False,0
286,0,0,0,0,0,0,0,0,True,False,0
287,93,0,0,93,93,0,0,0,True,False,0
288,45,0,0,45,45,0,0,0,True,False,0
289,75,0,0,75,75,0,0,0,True,False,0
290,11,1,1,11,11,0,0,0,True,False,0
291,14,1,1,14,14,0,0,0,True,False,0
292,12,1,1,12,12,0,0,0,True,False,0
293,12,1,1,12,12,0,0,0,True,False,0
294,10,1,1,10,10,0,0,0,True,False,0
295,8,0,0,8,8,0,0,0,True,False,0
296,8,0,0,8,8,0,0,0,True,False,0
297,7,0,0,7,7,0,0,0,True,False,0
298,8,0,0,8,8,0,0,0,True,False,0
299,9,0,0,9,9,0,0,0,True,False,0
300,7,0,0,7,7,0,0,0,True,False,0
301,7,0,0,7,7,0,0,0,True,False,0
302,7,0,0,7,7,0,0,0,True,False,0
303,7,0,0,7,7,0,0,0,True,False,0
304,8,0,0,8,8,0,0,0,True,False,0
305,6,0,0,6,6,0,0,0,True,False,0
306,9,0,0,9,9,0,0,0,True,False,0
307,9,0,0,9,9,0,0,0,True,False,0
308,9,0,0,9,9,0,0,0,True,False,0
309,6,0,0,6,6,0,0,0,True,False,0
310,6,0,0,6,6,0,0,0,True,False,0
311,13,0,0,13,13,0,0,0,True,False,0
312,13,0,0,13,13,0,0,0,True,False,0
313,14,0,0,14,14,0,0,0,True,False,0
314,13,0,0,13,13,0,0,0,True,False,0
315,15,0,0,15,15,0,0,0,True,False,0
316,16,0,0,16,16,0,0,0,True,False,0
317,12,0,0,12,12,0,0,0,True,False,0
318,13,0,0,13,13,0,0,0,True,False,0
319,11,0,0,11,11,0,0,0,True,False,0
320,12,0,0,12,12,0,0,0,True,False,0
321,6,0,0,6,6,0,0,0,True,False,0
322,12,0,0,12,12,0,0,0,True,False,0
323,12,0,0,12,12,0,0,0,True,False,0
324,12,0,0,12,12,0,0,0,True,False,0
325,12,0,0,12,12,0,0,0,True,False,0
326,6,0,0,6,6,0,0,0,True,False,0
327,11,0,0,11,11,0,0,0,True,False,0
328,12,0,0,12,12,0,0,0,True,False,0
329,10,0,0,10,10,0,0,0,True,False,0
330,11,0,0,11,11,0,0,0,True,False,0
331,10,0,0,10,10,0,0,0,True,False,0
332,10,0,0,10,10,0,0,0,True,False,0
333,17,0,0,17,17,0,0,0,True,False,0
334,5,0,0,5,5,0,0,0,True,False,0
335,10,0,0,10,10,0,0,0,True,False,0
336,9,0,0,9,9,0,0,0,True,False,0
337,9,0,0,9,9,0,0,0,True,False,0
338,9,0,0,9,9,0,0,0,True,False,0
339,9,0,0,9,9,0,0,0,True,False,0
340,11,0,0,11,11,0,0,0,True,False,0
341,8,0,0,8,8,0,0,0,True,False,0
342,12,0,0,12,12,0,0,0,True,False,0
343,10,0,0,10,10,0,0,0,True,False,0
344,8,8,8,8,8,0,0,0,True,False,0
345,5,0,0,5,5,0,0,0,True,False,0
346,7,0,0,7,7,0,0,0,True,False,0
347,9,0,0,9,9,0,0,0,True,False,0
348,3,120,3,3,3,0,0,0,True,False,0
349,0,0,0,0,0,0,0,0,True,False,0
350,93,0,0,93,93,0,0,0,True,False,0
351,45,0,0,45,45,0,0,0,True,False,0
352,70,0,0,70,70,0,0,0,True,False,0
353,8,0,0,8,8,0,0,0,True,False,0
354,8,0,0,8,8,0,0,0,True,False,0
355,8,0,0,8,8,0,0,0,True,False,0
356,9,0,0,9,9,0,0,0,True,False,0
357,7,0,0,7,7,0,0,0,True,False,0
358,7,0,0,7,7,0,0,0,True,False,0
359,9,0,0,9,9,0,0,0,True,False,0
360,7,0,0,7,7,0,0,0,True,False,0
361,7,0,0,7,7,0,0,0,True,False,0
362,7,0,0,7,7,0,0,0,True,False,0
363,8,0,0,8,8,0,0,0,True,False,0
364,7,0,0,7,7,0,0,0,True,False,0
365,8,0,0,8,8,0,0,0,True,False,0
366,7,0,0,7,7,0,0,0,True,False,0
367,8,0,0,8,8,0,0,0,True,False,0
368,7,0,0,7,7,0,0,0,True,False,0
369,7,0,0,7,7,0,0,0,True,False,0
370,5,0,0,5,5,0,0,0,True,False,0
371,8,0,0,8,8,0,0,0,True,False,0
372,7,0,0,7,7,0,0,0,True,False,0
373,7,0,0,7,7,0,0,0,True,False,0
374,13,0,0,13,13,0,0,0,True,False,0
375,13,0,0,13,13,0,0,0,True,False,0
376,16,0,0,16,16,0,0,0,True,False,0
377,13,0,0,13,13,0,0,0,True,False,0
378,14,0,0,14,14,0,0,0,True,False,0
379,14,0,0,14,14,0,0,0,True,False,0
380,13,0,0,13,13,0,0,0,True,False,0
381,13,0,0,13,13,0,0,0,True,False,0
382,13,0,0,13,13,0,0,0,True,False,0
383,13,0,0,13,13,0,0,0,True,False,0
384,6,0,0,6,6,0,0,0,True,False,0
385,12,0,0,12,12,0,0,0,True,False,0
386,13,0,0,13,13,0,0,0,True,False,0
387,12,0,0,12,12,0,0,0,True,False,0
388,12,0,0,12,12,0,0,0,True,False,0
389,6,0,0,6,6,0,0,0,True,False,0
390,12,0,0,12,12,0,0,0,True,False,0
391,14,0,0,14,14,0,0,0,True,False,0
392,5,0,0,5,5,0,0,0,True,False,0
393,13,0,0,13,13,0,0,0,True,False,0
394,11,0,0,11,11,0,0,0,True,False,0
395,11,0,0,11,11,0,0,0,True,False,0
396,7,0,0,7,7,0,0,0,True,False,0
397,9,0,0,9,9,0,0,0,True,False,0
398,10,0,0,10,10,0,0,0,True,False,0
399,10,0,0,10,10,0,0,0,True,False,0
400,12,0,0,12,12,0,0,0,True,False,0
401,10,0,0,10,10,0,0,0,True,False,0
402,12,0,0,12,12,0,0,0,True,False,0
403,10,0,0,10,10,0,0,0,True,False,0
404,10,0,0,10,10,0,0,0,True,False,0
405,13,0,0,13,13,0,0,0,True,False,0
406,9,0,0,9,9,0,0,0,True,False,0
407,7,8,7,7,7,1,0,0,True,False,0
408,5,0,0,5,5,0,0,0,True,False,0
409,8,0,0,8,8,0,0,0,True,False,0
410,8,0,0,8,8,0,0,0,True,False,0
411,7,125,7,7,7,0,0,0,True,False,0
412,200,0,0,200,200,0,0,0,True,False,0
413,96,0,0,96,96,0,0,0,True,False,0
414,50,0,0,50,50,0,0,0,True,False,0
415,77,0,0,77,77,0,0,0,True,False,0
416,9,0,0,9,9,0,0,0,True,False,0
417,7,0,0,7,7,0,0,0,True,False,0
418,9,0,0,9,9,0,0,0,True,False,0
419,7,0,0,7,7,0,0,0,True,False,0
420,9,0,0,9,9,0,0,0,True,False,0
421,7,0,0,7,7,0,0,0,True,False,0
422,7,0,0,7,7,0,0,0,True,False,0
423,8,0,0,8,8,0,0,0,True,False,0
424,8,0,0,8,8,0,0,0,True,False,0
425,8,0,0,8,8,0,0,0,True,False,0
426,8,0,0,8,8,0,0,0,True,False,0
427,7,0,0,7,7,0,0,0,True,False,0
428,7,0,0,7,7,0,0,0,True,False,0
429,6,0,0,6,6,0,0,0,True,False,0
430,8,0,0,8,8,0,0,0,True,False,0
431,7,0,0,7,7,0,0,0,True,False,0
432,8,0,0,8,8,0,0,0,True,False,0
433,7,0,0,7,7,0,0,0,True,False,0
434,8,0,0,8,8,0,0,0,True,False,0
435,7,0,0,7,7,0,0,0,True,False,0
436,7,0,0,7,7,0,0,0,True,False,0
437,16,0,0,16,16,0,0,0,True,False,0
438,14,0,0,14,14,0,0,0,True,False,0
439,15,0,0,15,15,0,0,0,True,False,0
440,15,0,0,15,15,0,0,0,True,False,0
441,13,0,0,13,13,0,0,0,True,False,0
442,13,0,0,13,13,0,0,0,True,False,0
443,14,0,0,14,14,0,0,0,True,False,0
444,15,0,0,15,15,0,0,0,True,False,0
445,12,0,0,12,12,0,0,0,True,False,0
446,12,0,0,12,12,0,0,0,True,False,0
447,6,0,0,6,6,0,0,0,True,False,0
448,12,0,0,12,12,0,0,0,True,False,0
449,11,0,0,11,11,0,0,0,True,False,0
450,12,0,0,12,12,0,0,0,True,False,0
451,12,0,0,12,12,0,0,0,True,False,0
452,6,0,0,6,6,0,0,0,True,False,0
453,6,0,0,6,6,0,0,0,True,False,0
454,10,0,0,10,10,0,0,0,True,False,0
455,6,0,0,6,6,0,0,0,True,False,0
456,10,0,0,10,10,0,0,0,True,False,0
457,11,0,0,11,11,0,0,0,True,False,0
458,12,0,0,12,12,0,0,0,True,False,0
459,12,0,0,12,12,0,0,0,True,False,0
460,10,0,0,10,10,0,0,0,True,False,0
461,10,0,0,10,10,0,0,0,True,False,0
462,11,0,0,11,11,0,0,0,True,False,0
463,9,0,0,9,9,0,0,0,True,False,0
464,10,0,0,10,10,0,0,0,True,False,0
465,12,0,0,12,12,0,0,0,True,False,0
466,12,0,0,12,12,0,0,0,True,False,0
467,11,0,0,11,11,0,0,0,True,False,0
468,10,0,0,10,10,0,0,0,True,False,0
469,9,0,0,9,9,0,0,0,True,False,0
470,7,7,7,7,7,0,0,0,True,False,0
471,5,0,0,5,5,0,0,0,True,False,0
472,9,0,0,9,9,0,0,0,True,False,0
473,11,0,0,11,11,0,0,0,True,False,0
474,0,123,0,0,0,0,0,0,True,False,0
475,0,0,0,0,0,1,0,0,True,False,0
476,96,0,0,96,96,0,0,0,True,False,0
477,52,0,0,52,52,0,0,0,True,False,0
478,81,0,0,81,81,0,0,0,True,False,0
479,11,0,0,11,11,0,0,0,True,False,0
480,7,0,0,7,7,0,0,0,True,False,0
481,8,0,0,8,8,0,0,0,True,False,0
482,9,0,0,9,9,0,0,0,True,False,0
483,9,0,0,9,9,0,0,0,True,False,0
484,7,0,0,7,7,0,0,0,True,False,0
485,8,0,0,8,8,0,0,0,True,False,0
486,8,0,0,8,8,0,0,0,True,False,0
487,7,0,0,7,7,0,0,0,True,False,0
488,7,0,0,7,7,0,0,0,True,False,0
489,8,0,0,8,8,0,0,0,True,False,0
490,8,0,0,8,8,0,0,0,True,False,0
491,7,0,0,7,7,0,0,0,True,False,0
492,7,0,0,7,7,0,0,0,True,False,0
493,8,0,0,8,8,0,0,0,True,False,0
494,8,0,0,8,8,0,0,0,True,False,0
495,6,0,0,6,6,0,0,0,True,False,0
496,8,0,0,8,8,0,0,0,True,False,0
497,8,0,0,8,8,0,0,0,True,False,0
498,10,0,0,10,10,0,0,0,True,False,0
499,7,0,0,7,7,0,0,0,True,False,0
500,15,0,0,15,15,0,0,0,True,False,0
501,13,0,0,13,13,0,0,0,True,False,0
502,13,0,0,13,13,0,0,0,True,False,0
503,12,0,0,12,12,0,0,0,True,False,0
504,13,0,0,13,13,0,0,0,True,False,0
505,13,0,0,13,13,0,0,0,True,False,0
506,12,0,0,12,12,0,0,0,True,False,0
507,11,0,0,11,11,0,0,0,True,False,0
508,12,0,0,12,12,0,0,0,True,False,0
509,12,0,0,12,12,0,0,0,True,False,0
510,6,0,0,6,6,0,0,0,True,False,0
511,12,0,0,12,12,0,0,0,True,False,0
512,12,0,0,12,12,0,0,0,True,False,0
513,12,0,0,12,12,0,0,0,True,False,0
514,12,0,0,12,12,0,0,0,True,False,0
515,6,0,0,6,6,0,0,0,True,False,0
516,9,0,0,9,9,0,0,0,True,False,0
517,10,0,0,10,10,0,0,0,True,False,0
518,10,0,0,10,10,0,0,0,True,False,0
519,11,0,0,11,11,0,0,0,True,False,0
520,8,0,0,8,8,0,0,0,True,False,0
521,12,0,0,12,12,0,0,0,True,False,0
522,11,0,0,11,11,0,0,0,True,False,0
523,14,0,0,14,14,0,0,0,True,False,0
524,12,0,0,12,12,0,0,0,True,False,0
525,10,0,0,10,10,0,0,0,True,False,0
526,14,0,0,14,14,0,0,0,True,False,0
527,11,0,0,11,11,0,0,0,True,False,0
528,10,0,0,10,10,0,0,0,True,False,0
529,10,0,0,10,10,0,0,0,True,False,0
530,12,0,0,12,12,0,0,0,True,False,0
531,10,0,0,10,10,0,0,0,True,False,0
532,9,0,0,9,9,0,0,0,True,False,0
533,7,7,7,7,7,0,0,0,True,False,0
534,5,0,0,5,5,0,0,0,True,False,0
535,11,0,0,11,11,0,0,0,True,False,0
536,7,0,0,7,7,0,0,0,True,False,0
537,0,125,0,0,0,0,0,0,True,False,0
538,0,0,0,0,0,0,0,0,True,False,0
539,93,0,0,93,93,0,0,0,True,False,0
540,43,0,0,43,43,0,0,0,True,False,0
541,73,0,0,73,73,0,0,0,True,False,0
542,8,0,0,8,8,0,0,0,True,False,0
543,9,0,0,9,9,0,0,0,True,False,0
544,9,0,0,9,9,0,0,0,True,False,0
545,8,0,0,8,8,0,0,0,True,False,0
546,10,0,0,10,10,0,0,0,True,False,0
547,6,0,0,6,6,0,0,0,True,False,0
548,9,0,0,9,9,0,0,0,True,False,0
549,9,0,0,9,9,0,0,0,True,False,0
550,8,0,0,8,8,0,0,0,True,False,0
551,7,0,0,7,7,0,0,0,True,False,0
552,7,0,0,7,7,0,0,0,True,False,0
553,8,0,0,8,8,0,0,0,True,False,0
554,7,0,0,7,7,0,0,0,True,False,0
555,7,0,0,7,7,0,0,0,True,False,0
556,5,0,0,5,5,0,0,0,True,False,0
557,8,0,0,8,8,0,0,0,True,False,0
558,8,0,0,8,8,0,0,0,True,False,0
559,8,0,0,8,8,0,0,0,True,False,0
560,8,0,0,8,8,0,0,0,True,False,0
561,6,0,0,6,6,0,0,0,True,False,0
562,6,0,0,6,6,0,0,0,True,False,0
563,13,0,0,13,13,0,0,0,True,False,0
564,13,0,0,13,13,0,0,0,True,False,0
565,13,0,0,13,13,0,0,0,True,False,0
566,14,0,0,14,14,0,0,0,True,False,0
567,13,0,0,13,13,0,0,0,True,False,0
568,15,0,0,15,15,0,0,0,True,False,0
569,14,0,0,14,14,0,0,0,True,False,0
570,14,0,0,14,14,0,0,0,True,False,0
571,12,0,0,12,12,0,0,0,True,False,0
572,12,0,0,12,12,0,0,0,True,False,0
573,6,0,0,6,6,0,0,0,True,False,0
574,12,0,0,12,12,0,0,0,True,False,0
575,12,0,0,12,12,0,0,0,True,False,0
576,12,0,0,12,12,0,0,0,True,False,0
577,12,0,0,12,12,0,0,0,True,False,0
578,6,0,0,6,6,0,0,0,True,False,0
579,10,0,0,10,10,0,0,0,True,False,0
580,11,0,0,11,11,0,0,0,True,False,0
581,14,0,0,14,14,0,0,0,True,False,0
582,11,0,0,11,11,0,0,0,True,False,0
583,9,0,0,9,9,0,0,0,True,False,0
584,8,0,0,8,8,0,0,0,True,False,0
585,9,0,0,9,9,0,0,0,True,False,0
586,8,0,0,8,8,0,0,0,True,False,0
587,1,0,0,1,1,0,0,0,True,True,0
588,11,0,0,11,11,0,0,0,True,False,0
589,9,0,0,9,9,0,0,0,True,False,0
590,10,0,0,10,10,0,0,0,True,False,0
591,10,0,0,10,10,0,0,0,True,False,0
592,10,0,0,10,10,0,0,0,True,False,0
593,11,0,0,11,11,0,0,0,True,False,0
594,9,0,0,9,9,0,0,0,True,False,0
595,12,0,0,12,12,0,0,0,True,False,0
596,9,0,0,9,9,0,0,0,True,False,0
597,8,8,8,8,8,0,0,0,True,False,0
598,5,0,0,5,5,0,0,0,True,False,0
599,10,0,0,10,10,0,0,0,True,False,0
600,8,0,0,8,8,0,0,0,True,False,0
601,0,126,0,0,0,0,0,0,True,False,0
602,0,0,0,0,0,0,0,0,True,False,0
603,96,0,0,96,96,0,0,0,True,False,0
604,45,0,0,45,45,0,0,0,True,False,0
605,79,0,0,79,79,0,0,0,True,False,0
606,8,0,0,8,8,0,0,0,True,False,0
607,7,0,0,7,7,0,0,0,True,False,0
608,9,0,0,9,9,0,0,0,True,False,0
609,9,0,0,9,9,0,0,0,True,False,0
610,8,0,0,8,8,0,0,0,True,False,0
611,8,0,0,8,8,0,0,0,True,False,0
612,7,0,0,7,7,0,0,0,True,False,0
613,8,0,0,8,8,0,0,0,True,False,0
614,8,0,0,8,8,0,0,0,True,False,0
615,7,0,0,7,7,0,0,0,True,False,0
616,7,0,0,7,7,0,0,0,True,False,0
617,7,0,0,7,7,0,0,0,True,False,0
618,7,0,0,7,7,0,0,0,True,False,0
619,7,0,0,7,7,0,0,0,True,False,0
620,7,0,0,7,7,0,0,0,True,False,0
621,7,0,0,7,7,0,0,0,True,False,0
622,6,0,0,6,6,0,0,0,True,False,0
623,8,0,0,8,8,0,0,0,True,False,0
624,7,0,0,7,7,0,0,0,True,False,0
625,9,0,0,9,9,0,0,0,True,False,0
626,6,0,0,6,6,0,0,0,True,False,0
627,13,0,0,13,13,0,0,0,True,False,0
628,12,0,0,12,12,0,0,0,True,False,0
629,14,0,0,14,14,0,0,0,True,False,0
630,13,0,0,13,13,0,0,0,True,False,0
631,14,0,0,14,14,0,0,0,True,False,0
632,16,0,0,16,16,0,0,0,True,False,0
633,12,0,0,12,12,0,0,0,True,False,0
634,14,0,0,14,14,0,0,0,True,False,0
635,11,0,0,11,11,0,0,0,True,False,0
636,12,0,0,12,12,0,0,0,True,False,0
637,6,0,0,6,6,0,0,0,True,False,0
638,12,0,0,12,12,0,0,0,True,False,0
639,12,0,0,12,12,0,0,0,True,False,0
640,12,0,0,12,12,0,0,0,True,False,0
641,12,0,0,12,12,0,0,0,True,False,0
642,6,0,0,6,6,0,0,0,True,False,0
643,14,0,0,14,14,0,0,0,True,False,0
644,10,0,0,10,10,0,0,0,True,False,0
645,4,0,0,4,4,0,0,0,True,False,0
646,8,0,0,8,8,0,0,0,True,False,0
647,17,0,0,17,17,0,0,0,True,False,0
648,8,0,0,8,8,0,0,0,True,False,0
649,12,0,0,12,12,0,0,0,True,False,0
650,8,0,0,8,8,0,0,0,True,False,0
651,1,0,0,1,1,0,0,0,True,True,0
652,1,0,0,1,1,0,0,0,True,True,0
653,1,0,0,1,1,0,0,0,True,True,0
654,1,0,0,1,1,0,0,0,True,True,0
655,1,0,0,1,1,0,0,0,True,True,0
656,1,0,0,1,1,0,0,0,True,True,0
657,8,0,0,8,8,0,0,0,True,False,0
658,10,0,0,10,10,0,0,0,True,False,0
659,9,0,0,9,9,0,0,0,True,False,0
660,8,0,0,8,8,0,0,0,True,False,0
661,11,0,0,11,11,0,0,0,True,False,0
662,11,0,0,11,11,0,0,0,True,False,0
663,9,0,0,9,9,0,0,0,True,False,0
664,9,0,0,9,9,0,0,0,True,False,0
665,8,0,0,8,8,0,0,0,True,False,0
666,7,7,7,7,7,0,0,0,True,False,0
667,5,0,0,5,5,0,0,0,True,False,0
668,9,0,0,9,9,0,0,0,True,False,0
669,9,0,0,9,9,0,0,0,True,False,0
670,0,109,0,0,0,0,0,0,True,False,0
671,0,0,0,0,0,0,0,0,True,False,0
672,89,0,0,89,89,0,0,0,True,False,0
673,44,0,0,44,44,0,0,0,True,False,0
674,67,0,0,67,67,0,0,0,True,False,0
675,8,0,0,8,8,0,0,0,True,False,0
676,9,0,0,9,9,0,0,0,True,False,0
677,7,0,0,7,7,0,0,0,True,False,0
678,8,0,0,8,8,0,0,0,True,False,0
679,7,0,0,7,7,0,0,0,True,False,0
680,8,0,0,8,8,0,0,0,True,False,0
681,7,0,0,7,7,0,0,0,True,False,0
682,6,0,0,6,6,0,0,0,True,False,0
683,7,0,0,7,7,0,0,0,True,False,0
684,7,0,0,7,7,0,0,0,True,False,0
685,7,0,0,7,7,0,0,0,True,False,0
686,6,0,0,6,6,0,0,0,True,False,0
687,7,0,0,7,7,0,0,0,True,False,0
688,6,0,0,6,6,0,0,0,True,False,0
689,8,0,0,8,8,0,0,0,True,False,0
690,6,0,0,6,6,0,0,0,True,False,0
691,6,0,0,6,6,0,0,0,True,False,0
692,6,0,0,6,6,0,0,0,True,False,0
693,5,0,0,5,5,0,0,0,True,False,0
694,6,0,0,6,6,0,0,0,True,False,0
695,7,0,0,7,7,0,0,0,True,False,0
696,10,0,0,10,10,0,0,0,True,False,0
697,11,0,0,11,11,0,0,0,True,False,0
698,13,0,0,13,13,0,0,0,True,False,0
699,13,0,0,13,13,0,0,0,True,False,0
700,11,0,0,11,11,0,0,0,True,False,0
701,11,0,0,11,11,0,0,0,True,False,0
702,11,0,0,11,11,0,0,0,True,False,0
703,12,0,0,12,12,0,0,0,True,False,0
704,11,0,0,11,11,0,0,0,True,False,0
705,10,0,0,10,10,0,0,0,True,False,0
706,6,0,0,6,6,0,0,0,True,False,0
707,11,0,0,11,11,0,0,0,True,False,0
708,11,0,0,11,11,0,0,0,True,False,0
709,11,0,0,11,11,0,0,0,True,False,0
710,11,0,0,11,11,0,0,0,True,False,0
711,5,0,0,5,5,0,0,0,True,False,0
712,12,0,0,12,12,0,0,0,True,False,0
713,8,0,0,8,8,0,0,0,True,False,0
714,8,0,0,8,8,0,0,0,True,False,0
715,6,0,0,6,6,0,0,0,True,False,0
716,3,0,0,3,3,0,0,0,True,False,0
717,11,0,0,11,11,0,0,0,True,False,0
718,5,0,0,5,5,0,0,0,True,False,0
719,6,0,0,6,6,0,0,0,True,False,0
720,1,0,0,1,1,0,0,0,True,True,0
721,4,0,0,4,4,0,0,0,True,False,0
722,6,0,0,6,6,0,0,0,True,False,0
723,6,0,0,6,6,0,0,0,True,False,0
724,2,0,0,2,2,0,0,0,False,True,0
725,2,0,0,2,2,0,0,0,False,True,0
726,2,0,0,2,2,0,0,0,False,True,0
727,2,0,0,2,2,0,0,0,False,True,0
728,2,0,0,2,2,0,0,0,False,True,0
729,2,0,0,2,2,0,0,0,False,True,0
730,2,0,0,2,2,0,0,0,False,True,0
731,2,0,0,2,2,0,0,0,False,True,0
732,2,0,0,2,2,0,0,0,False,True,0
733,2,1,1,2,2,0,0,0,False,True,0
734,2,0,0,2,2,0,0,0,False,True,0
735,2,0,0,2,2,0,0,0,False,True,0
736,2,0,0,2,2,0,0,0,False,True,0
737,4,3,3,4,4,0,0,0,False,False,0
738,25,0,0,25,25,0,0,0,False,False,0
739,4,0,0,4,4,0,0,0,False,False,0
740,2,0,0,2,2,0,0,0,False,True,0
741,3,0,0,3,3,0,0,0,False,False,0
742,2,0,0,2,2,0,0,0,False,True,0
743,2,0,0,2,2,0,0,0,False,True,0
744,2,0,0,2,2,0,0,0,False,True,0
745,2,0,0,2,2,0,0,0,False,True,0
746,2,0,0,2,2,0,0,0,False,True,0
747,1,0,0,1,1,0,0,0,False,True,0
748,2,1,1,2,2,0,0,0,False,True,0
749,1,0,0,1,1,0,0,0,False,True,0
750,1,0,0,1,1,0,0,0,False,True,0
751,1,0,0,1,1,0,0,0,False,True,0
752,2,1,1,2,2,0,0,0,False,True,0
753,1,0,0,1,1,0,0,0,False,True,0
754,2,1,1,2,2,0,0,0,False,True,0
755,2,0,0,2,2,0,0,0,False,True,0
756,2,0,0,2,2,0,0,0,False,True,0
757,2,0,0,2,2,0,0,0,False,True,0
758,2,0,0,2,2,0,0,0,False,True,0
759,2,0,0,2,2,0,0,0,False,True,0
760,2,0,0,2,2,0,0,0,False,True,0
761,2,0,0,2,2,0,0,0,False,True,0
762,2,0,0,2,2,0,0,0,False,True,0
763,2,0,0,2,2,0,0,0,False,True,0
764,2,0,0,2,2,0,0,0,False,True,0
765,2,0,0,2,2,0,0,0,False,True,0
766,2,0,0,2,2,0,0,0,False,True,0
767,2,0,0,2,2,0,0,0,False,True,0
768,2,0,0,2,2,0,0,0,False,True,0
769,2,0,0,2,2,0,0,0,False,True,0
770,2,0,0,2,2,0,0,0,False,True,0
771,2,0,0,2,2,0,0,0,False,True,0
772,2,0,0,2,2,0,0,0,False,True,0
773,2,0,0,2,2,0,0,0,False,True,0
774,2,0,0,2,2,0,0,0,False,True,0
775,2,0,0,2,2,0,0,0,False,True,0
776,2,0,0,2,2,0,0,0,False,True,0
777,2,0,0,2,2,0,0,0,False,True,0
778,2,0,0,2,2,0,0,0,False,True,0
779,2,0,0,2,2,0,0,0,False,True,0
780,2,0,0,2,2,0,0,0,False,True,0
781,2,0,0,2,2,0,0,0,False,True,0
782,2,0,0,2,2,0,0,0,False,True,0
783,2,0,0,2,2,0,0,0,False,True,0
784,2,0,0,2,2,0,0,0,False,True,0
785,2,0,0,2,2,0,0,0,False,True,0
786,2,0,0,2,2,0,0,0,False,True,0
787,1,0,0,1,1,0,0,0,False,True,0
788,1,0,0,1,1,0,0,0,False,True,0
789,1,0,0,1,1,0,0,0,False,True,0
790,1,0,0,1,1,0,0,0,False,True,0
791,1,0,0,1,1,0,0,0,False,True,0
792,1,0,0,1,1,0,0,0,False,True,0
793,1,0,0,1,1,0,0,0,False,True,0
794,1,0,0,1,1,0,0,0,False,True,0
795,1,0,0,1,1,0,0,0,False,True,0
796,1,0,0,1,1,0,0,0,False,True,0
797,1,0,0,1,1,0,0,0,False,True,0
798,1,0,0,1,1,0,0,0,False,True,0
799,2,0,0,2,2,0,0,0,False,True,0
800,1,0,0,1,1,0,0,0,False,True,0
801,1,0,0,1,1,0,0,0,False,True,0
802,1,0,0,1,1,0,0,0,False,True,0
803,10,0,0,10,10,0,0,0,True,False,0
804,11,0,0,11,11,0,0,0,True,False,0
805,9,0,0,9,9,0,0,0,True,False,0
806,9,0,0,9,9,0,0,0,True,False,0
807,8,0,0,8,8,0,0,0,True,False,0
808,11,0,0,11,11,0,0,0,True,False,0
809,9,0,0,9,9,0,0,0,True,False,0
810,10,0,0,10,10,0,0,0,True,False,0
811,8,0,0,8,8,0,0,0,True,False,0
812,7,7,7,7,7,0,0,0,True,False,0
813,5,0,0,5,5,0,0,0,True,False,0
814,9,0,0,9,9,0,0,0,True,False,0
815,13,0,0,13,13,0,0,0,True,False,0
816,7,127,7,7,7,0,0,0,True,False,0
817,175,0,0,175,175,0,0,0,True,False,0
818,88,0,0,88,88,0,0,0,True,False,0
819,47,0,0,47,47,0,0,0,True,False,0
820,76,0,0,76,76,0,0,0,True,False,0
821,9,0,0,9,9,0,0,0,True,False,0
822,10,0,0,10,10,0,0,0,True,False,0
823,10,0,0,10,10,0,0,0,True,False,0
824,10,0,0,10,10,0,0,0,True,False,0
825,12,0,0,12,12,0,0,0,True,False,0
826,8,4,4,8,8,0,0,0,True,False,0
827,8,2,2,8,8,0,0,0,True,False,0
828,7,3,3,7,7,0,0,0,True,False,0
829,8,4,4,8,8,0,0,0,True,False,0
830,8,4,4,8,8,0,0,0,True,False,0
831,6,2,2,6,6,0,0,0,True,False,0
832,7,3,3,7,7,0,0,0,True,False,0
833,8,2,2,8,8,0,0,0,True,False,0
834,6,0,0,6,6,0,0,0,True,False,0
835,8,0,0,8,8,0,0,0,True,False,0
836,5,0,0,5,5,0,0,0,True,False,0
837,7,0,0,7,7,0,0,0,True,False,0
838,7,0,0,7,7,0,0,0,True,False,0
839,8,0,0,8,8,0,0,0,True,False,0
840,8,0,0,8,8,0,0,0,True,False,0
841,7,0,0,7,7,0,0,0,True,False,0
842,13,0,0,13,13,0,0,0,True,False,0
843,14,0,0,14,14,0,0,0,True,False,0
844,14,0,0,14,14,0,0,0,True,False,0
845,13,0,0,13,13,0,0,0,True,False,0
846,14,0,0,14,14,0,0,0,True,False,0
847,14,0,0,14,14,0,0,0,True,False,0
848,15,0,0,15,15,0,0,0,True,False,0
849,13,0,0,13,13,0,0,0,True,False,0
850,4,0,0,4,4,0,0,0,True,False,0
851,6,0,0,6,6,0,0,0,True,False,0
852,6,0,0,6,6,0,0,0,True,False,0
853,6,0,0,6,6,0,0,0,True,False,0
854,12,0,0,12,12,0,0,0,True,False,0
855,4,0,0,4,4,0,0,0,True,False,0
856,6,0,0,6,6,0,0,0,True,False,0
857,12,0,0,12,12,0,0,0,True,False,0
858,10,0,0,10,10,0,0,0,True,False,0
859,10,0,0,10,10,0,0,0,True,False,0
860,10,0,0,10,10,0,0,0,True,False,0
861,7,0,0,7,7,0,0,0,True,False,0
862,7,0,0,7,7,0,0,0,True,False,0
863,9,0,0,9,9,0,0,0,True,False,0
864,7,0,0,7,7,0,0,0,True,False,0
865,14,0,0,14,14,0,0,0,True,False,0
866,1,0,0,1,1,0,0,0,True,True,0
867,1,0,0,1,1,0,0,0,True,True,0
868,1,0,0,1,1,0,0,0,True,True,0
869,1,0,0,1,1,0,0,0,True,True,0
870,1,0,0,1,1,0,0,0,True,True,0
871,1,0,0,1,1,0,0,0,True,True,0
872,1,0,0,1,1,0,0,0,True,True,0
873,1,0,0,1,1,0,0,0,True,True,0
874,1,0,0,1,1,0,0,0,True,True,0
875,1,0,0,1,1,0,0,0,True,True,0
876,1,0,0,1,1,0,0,0,True,True,0
877,1,0,0,1,1,0,0,0,True,True,0
878,1,0,0,1,1,0,0,0,True,True,0
879,1,0,0,1,1,0,0,0,True,True,0
880,1,0,0,1,1,0,0,0,True,True,0
881,10,0,0,10,10,0,0,0,True,False,0
882,10,0,0,10,10,0,0,0,True,False,0
883,10,0,0,10,10,0,0,0,True,False,0
884,9,0,0,9,9,0,0,0,True,False,0
885,11,0,0,11,11,0,0,0,True,False,0
886,10,0,0,10,10,0,0,0,True,False,0
887,11,0,0,11,11,0,0,0,True,False,0
888,9,0,0,9,9,0,0,0,True,False,0
889,11,0,0,11,11,0,0,0,True,False,0
890,8,8,8,8,8,0,0,0,True,False,0
891,5,0,0,5,5,0,0,0,True,False,0
892,11,0,0,11,11,0,0,0,True,False,0
893,12,0,0,12,12,0,0,0,True,False,0
894,0,114,0,0,0,0,0,0,True,False,0
895,0,0,0,0,0,0,0,0,True,False,0
896,93,0,0,93,93,0,0,0,True,False,0
897,47,0,0,47,47,0,0,0,True,False,0
898,68,0,0,68,68,0,0,0,True,False,0
899,12,0,0,12,12,0,0,0,True,False,0
900,12,0,0,12,12,0,0,0,True,False,0
901,10,0,0,10,10,0,0,0,True,False,0
902,13,0,0,13,13,0,0,0,True,False,0
903,10,0,0,10,10,0,0,0,True,False,0
904,7,0,0,7,7,0,0,0,True,False,0
905,6,0,0,6,6,0,0,0,True,False,0
906,8,0,0,8,8,0,0,0,True,False,0
907,9,0,0,9,9,0,0,0,True,False,0
908,7,0,0,7,7,0,0,0,True,False,0
909,8,0,0,8,8,0,0,0,True,False,0
910,6,0,0,6,6,0,0,0,True,False,0
911,7,0,0,7,7,0,0,0,True,False,0
912,7,0,0,7,7,0,0,0,True,False,0
913,7,0,0,7,7,0,0,0,True,False,0
914,8,0,0,8,8,0,0,0,True,False,0
915,6,0,0,6,6,0,0,0,True,False,0
916,9,0,0,9,9,0,0,0,True,False,0
917,7,0,0,7,7,0,0,0,True,False,0
918,6,0,0,6,6,0,0,0,True,False,0
919,8,0,0,8,8,0,0,0,True,False,0
920,16,0,0,16,16,0,0,0,True,False,0
921,13,0,0,13,13,0,0,0,True,False,0
922,12,0,0,12,12,0,0,0,True,False,0
923,13,0,0,13,13,0,0,0,True,False,0
924,13,0,0,13,13,0,0,0,True,False,0
925,14,0,0,14,14,0,0,0,True,False,0
926,15,0,0,15,15,0,0,0,True,False,0
927,14,0,0,14,14,0,0,0,True,False,0
928,4,0,0,4,4,0,0,0,True,False,0
929,6,0,0,6,6,0,0,0,True,False,0
930,6,0,0,6,6,0,0,0,True,False,0
931,6,0,0,6,6,0,0,0,True,False,0
932,12,0,0,12,12,0,0,0,True,False,0
933,4,0,0,4,4,0,0,0,True,False,0
934,6,0,0,6,6,0,0,0,True,False,0
935,12,0,0,12,12,0,0,0,True,False,0
936,8,0,0,8,8,0,0,0,True,False,0
937,12,0,0,12,12,0,0,0,True,False,0
938,8,0,0,8,8,0,0,0,True,False,0
939,13,0,0,13,13,0,0,0,True,False,0
940,16,0,0,16,16,0,0,0,True,False,0
941,12,0,0,12,12,0,0,0,True,False,0
942,8,0,0,8,8,0,0,0,True,False,0
943,16,0,0,16,16,0,0,0,True,False,0
944,11,0,0,11,11,0,0,0,True,False,0
945,11,0,0,11,11,0,0,0,True,False,0
946,11,0,0,11,11,0,0,0,True,False,0
947,10,0,0,10,10,0,0,0,True,False,0
948,9,0,0,9,9,0,0,0,True,False,0
949,10,0,0,10,10,0,0,0,True,False,0
950,8,0,0,8,8,0,0,0,True,False,0
951,11,0,0,11,11,0,0,0,True,False,0
952,11,0,0,11,11,0,0,0,True,False,0
953,7,7,7,7,7,0,0,0,True,False,0
954,5,0,0,5,5,0,0,0,True,False,0
955,14,0,0,14,14,0,0,0,True,False,0
956,13,0,0,13,13,0,0,0,True,False,0
957,0,117,0,0,0,0,0,0,True,False,0
958,0,0,0,0,0,0,0,0,True,False,0
959,89,0,0,89,89,0,0,0,True,False,0
960,49,0,0,49,49,0,0,0,True,False,0
961,75,0,0,75,75,0,0,0,True,False,0
962,11,0,0,11,11,0,0,0,True,False,0
963,10,0,0,10,10,0,0,0,True,False,0
964,13,0,0,13,13,0,0,0,True,False,0
965,13,0,0,13,13,0,0,0,True,False,0
966,9,0,0,9,9,0,0,0,True,False,0
967,7,0,0,7,7,0,0,0,True,False,0
968,8,0,0,8,8,0,0,0,True,False,0
969,8,0,0,8,8,0,0,0,True,False,0
970,7,0,0,7,7,0,0,0,True,False,0
971,7,0,0,7,7,0,0,0,True,False,0
972,7,0,0,7,7,0,0,0,True,False,0
973,8,0,0,8,8,0,0,0,True,False,0
974,7,0,0,7,7,0,0,0,True,False,0
975,8,0,0,8,8,0,0,0,True,False,0
976,8,0,0,8,8,0,0,0,True,False,0
977,7,0,0,7,7,0,0,0,True,False,0
978,8,0,0,8,8,0,0,0,True,False,0
979,6,0,0,6,6,0,0,0,True,False,0
980,7,0,0,7,7,0,0,0,True,False,0
981,7,0,0,7,7,0,0,0,True,False,0
982,5,0,0,5,5,0,0,0,True,False,0
983,15,0,0,15,15,0,0,0,True,False,0
984,13,0,0,13,13,0,0,0,True,False,0
985,13,0,0,13,13,0,0,0,True,False,0
986,13,0,0,13,13,0,0,0,True,False,0
987,14,0,0,14,14,0,0,0,True,False,0
988,12,0,0,12,12,0,0,0,True,False,0
989,12,0,0,12,12,0,0,0,True,False,0
990,13,0,0,13,13,0,0,0,True,False,0
991,4,0,0,4,4,0,0,0,True,False,0
992,6,0,0,6,6,0,0,0,True,False,0
993,6,0,0,6,6,0,0,0,True,False,0
994,6,0,0,6,6,0,0,0,True,False,0
995,12,0,0,12,12,0,0,0,True,False,0
996,4,0,0,4,4,0,0,0,True,False,0
997,6,0,0,6,6,0,0,0,True,False,0
998,12,0,0,12,12,0,0,0,True,False,0
999,15,0,0,15,15,0,0,0,True,False,0
1000,8,0,0,8,8,0,0,0,True,False,0
1001,10,0,0,10,10,0,0,0,True,False,0
1002,8,0,0,8,8,0,0,0,True,False,0
1003,11,0,0,11,11,0,0,0,True,False,0
1004,12,0,0,12,12,0,0,0,True,False,0
1005,17,0,0,17,17,0,0,0,True,False,0
1006,8,0,0,8,8,0,0,0,True,False,0
1007,10,0,0,10,10,0,0,0,True,False,0
1008,13,0,0,13,13,0,0,0,True,False,0
1009,11,0,0,11,11,0,0,0,True,False,0
1010,11,0,0,11,11,0,0,0,True,False,0
1011,10,0,0,10,10,0,0,0,True,False,0
1012,12,0,0,12,12,0,0,0,True,False,0
1013,13,0,0,13,13,0,0,0,True,False,0
1014,10,0,0,10,10,0,0,0,True,False,0
1015,10,1,1,10,10,0,0,0,True,False,0
1016,8,8,8,8,8,0,0,0,True,False,0
1017,5,0,0,5,5,0,0,0,True,False,0
1018,11,0,0,11,11,0,0,0,True,False,0
1019,12,0,0,12,12,0,0,0,True,False,0
1020,0,125,0,0,0,0,0,0,True,False,0
1021,0,0,0,0,0,0,0,0,True,False,0
1022,92,0,0,92,92,0,0,0,True,False,0
1023,46,0,0,46,46,0,0,0,True,False,0
1024,77,0,0,77,77,0,0,0,True,False,0
1025,9,0,0,9,9,0,0,0,True,False,0
1026,10,0,0,10,10,0,0,0,True,False,0
1027,11,0,0,11,11,0,0,0,True,False,0
1028,13,1,1,13,13,0,0,0,True,False,0
1029,13,0,0,13,13,0,0,0,True,False,0
1030,8,0,0,8,8,0,0,0,True,False,0
1031,8,0,0,8,8,0,0,0,True,False,0
1032,8,0,0,8,8,0,0,0,True,False,0
1033,8,0,0,8,8,0,0,0,True,False,0
1034,8,0,0,8,8,0,0,0,True,False,0
1035,8,0,0,8,8,0,0,0,True,False,0
1036,8,0,0,8,8,0,0,0,True,False,0
1037,8,0,0,8,8,0,0,0,True,False,0
1038,8,0,0,8,8,0,0,0,True,False,0
1039,8,0,0,8,8,0,0,0,True,False,0
1040,7,0,0,7,7,0,0,0,True,False,0
1041,6,0,0,6,6,0,0,0,True,False,0
1042,7,0,0,7,7,0,0,0,True,False,0
1043,7,0,0,7,7,0,0,0,True,False,0
1044,8,0,0,8,8,0,0,0,True,False,0
1045,8,0,0,8,8,0,0,0,True,False,0
1046,14,0,0,14,14,0,0,0,True,False,0
1047,13,0,0,13,13,0,0,0,True,False,0
1048,14,0,0,14,14,0,0,0,True,False,0
1049,13,0,0,13,13,0,0,0,True,False,0
1050,15,0,0,15,15,0,0,0,True,False,0
1051,14,0,0,14,14,0,0,0,True,False,0
1052,13,0,0,13,13,0,0,0,True,False,0
1053,12,0,0,12,12,0,0,0,True,False,0
1054,4,0,0,4,4,0,0,0,True,False,0
1055,6,0,0,6,6,0,0,0,True,False,0
1056,6,0,0,6,6,0,0,0,True,False,0
1057,6,0,0,6,6,0,0,0,True,False,0
1058,12,0,0,12,12,0,0,0,True,False,0
1059,4,0,0,4,4,0,0,0,True,False,0
1060,6,0,0,6,6,0,0,0,True,False,0
1061,12,0,0,12,12,0,0,0,True,False,0
1062,9,0,0,9,9,0,0,0,True,False,0
1063,11,0,0,11,11,0,0,0,True,False,0
1064,10,0,0,10,10,0,0,0,True,False,0
1065,7,0,0,7,7,0,0,0,True,False,0
1066,10,0,0,10,10,0,0,0,True,False,0
1067,10,0,0,10,10,0,0,0,True,False,0
1068,4,0,0,4,4,0,0,0,True,False,0
1069,8,0,0,8,8,0,0,0,True,False,0
1070,10,0,0,10,10,0,0,0,True,False,0
1071,11,0,0,11,11,0,0,0,True,False,0
1072,9,0,0,9,9,0,0,0,True,False,0
1073,9,0,0,9,9,0,0,0,True,False,0
1074,9,0,0,9,9,0,0,0,True,False,0
1075,12,0,0,12,12,0,0,0,True,False,0
1076,10,0,0,10,10,0,0,0,True,False,0
1077,12,0,0,12,12,0,0,0,True,False,0
1078,10,0,0,10,10,0,0,0,True,False,0
1079,7,7,7,7,7,0,0,0,True,False,0
1080,5,0,0,5,5,0,0,0,True,False,0
1081,9,1,1,9,9,0,0,0,True,False,0
1082,10,1,1,10,10,0,0,0,True,False,0
1083,0,120,0,0,0,0,0,0,True,False,0
1084,0,0,0,0,0,0,0,0,True,False,0
1085,100,0,0,100,100,0,0,0,True,False,0
1086,52,0,0,52,52,0,0,0,True,False,0
1087,72,0,0,72,72,0,0,0,True,False,0
1088,10,1,1,10,10,0,0,0,True,False,0
1089,9,1,1,9,9,0,0,0,True,False,0
1090,10,1,1,10,10,0,0,0,True,False,0
1091,8,0,0,8,8,0,0,0,True,False,0
1092,8,1,1,8,8,0,0,0,True,False,0
1093,6,0,0,6,6,0,0,0,True,False,0
1094,10,0,0,10,10,0,0,0,True,False,0
1095,8,0,0,8,8,0,0,0,True,False,0
1096,7,0,0,7,7,0,0,0,True,False,0
1097,7,0,0,7,7,0,0,0,True,False,0
1098,7,0,0,7,7,0,0,0,True,False,0
1099,8,0,0,8,8,0,0,0,True,False,0
1100,8,0,0,8,8,0,0,0,True,False,0
1101,7,0,0,7,7,0,0,0,True,False,0
1102,6,0,0,6,6,0,0,0,True,False,0
1103,6,0,0,6,6,0,0,0,True,False,0
1104,6,0,0,6,6,0,0,0,True,False,0
1105,6,0,0,6,6,0,0,0,True,False,0
1106,9,0,0,9,9,0,0,0,True,False,0
1107,6,0,0,6,6,0,0,0,True,False,0
1108,6,0,0,6,6,0,0,0,True,False,0
1109,16,0,0,16,16,0,0,0,True,False,0
1110,11,0,0,11,11,0,0,0,True,False,0
1111,13,0,0,13,13,0,0,0,True,False,0
1112,14,0,0,14,14,0,0,0,True,False,0
1113,13,0,0,13,13,0,0,0,True,False,0
1114,14,0,0,14,14,0,0,0,True,False,0
1115,14,0,0,14,14,0,0,0,True,False,0
1116,12,0,0,12,12,0,0,0,True,False,0
1117,4,0,0,4,4,0,0,0,True,False,0
1118,6,0,0,6,6,0,0,0,True,False,0
1119,6,0,0,6,6,0,0,0,True,False,0
1120,6,0,0,6,6,0,0,0,True,False,0
1121,12,0,0,12,12,0,0,0,True,False,0
1122,4,0,0,4,4,0,0,0,True,False,0
1123,6,0,0,6,6,0,0,0,True,False,0
1124,12,0,0,12,12,0,0,0,True,False,0
1125,15,0,0,15,15,0,0,0,True,False,0
1126,14,0,0,14,14,0,0,0,True,False,0
1127,12,0,0,12,12,0,0,0,True,False,0
1128,14,0,0,14,14,0,0,0,True,False,0
1129,14,0,0,14,14,0,0,0,True,False,0
1130,15,0,0,15,15,0,0,0,True,False,0
1131,9,0,0,9,9,0,0,0,True,False,0
1132,11,0,0,11,11,0,0,0,True,False,0
1133,10,0,0,10,10,0,0,0,True,False,0
1134,9,0,0,9,9,0,0,0,True,False,0
1135,11,0,0,11,11,0,0,0,True,False,0
1136,15,0,0,15,15,0,0,0,True,False,0
1137,11,0,0,11,11,0,0,0,True,False,0
1138,10,0,0,10,10,0,0,0,True,False,0
1139,12,0,0,12,12,0,0,0,True,False,0
1140,10,0,0,10,10,0,0,0,True,False,0
1141,8,0,0,8,8,0,0,0,True,False,0
1142,8,8,8,8,8,0,0,0,True,False,0
1143,5,0,0,5,5,0,0,0,True,False,0
1144,10,0,0,10,10,0,0,0,True,False,0
1145,9,0,0,9,9,0,0,0,True,False,0
1146,10,115,10,10,10,0,0,0,True,False,0
1147,200,0,0,200,200,0,0,0,True,False,0
1148,90,0,0,90,90,0,0,0,True,False,0
1149,50,0,0,50,50,0,0,0,True,False,0
1150,78,0,0,78,78,0,0,0,True,False,0
1151,6,0,0,6,6,0,0,0,True,False,0
1152,8,0,0,8,8,0,0,0,True,False,0
1153,8,0,0,8,8,0,0,0,True,False,0
1154,9,0,0,9,9,0,0,0,True,False,0
1155,9,0,0,9,9,0,0,0,True,False,0
1156,7,0,0,7,7,0,0,0,True,False,0
1157,9,0,0,9,9,0,0,0,True,False,0
1158,6,0,0,6,6,0,0,0,True,False,0
1159,8,0,0,8,8,0,0,0,True,False,0
1160,6,0,0,6,6,0,0,0,True,False,0
1161,7,0,0,7,7,0,0,0,True,False,0
1162,7,0,0,7,7,0,0,0,True,False,0
1163,7,0,0,7,7,0,0,0,True,False,0
1164,7,0,0,7,7,0,0,0,True,False,0
1165,6,0,0,6,6,0,0,0,True,False,0
1166,7,0,0,7,7,0,0,0,True,False,0
1167,8,0,0,8,8,0,0,0,True,False,0
1168,7,0,0,7,7,0,0,0,True,False,0
1169,9,0,0,9,9,0,0,0,True,False,0
1170,9,0,0,9,9,0,0,0,True,False,0
1171,8,0,0,8,8,0,0,0,True,False,0
1172,15,0,0,15,15,0,0,0,True,False,0
1173,14,0,0,14,14,0,0,0,True,False,0
1174,11,0,0,11,11,0,0,0,True,False,0
1175,14,0,0,14,14,0,0,0,True,False,0
1176,15,0,0,15,15,0,0,0,True,False,0
1177,13,0,0,13,13,0,0,0,True,False,0
1178,11,0,0,11,11,0,0,0,True,False,0
1179,13,0,0,13,13,0,0,0,True,False,0
1180,4,0,0,4,4,0,0,0,True,False,0
1181,6,0,0,6,6,0,0,0,True,False,0
1182,6,0,0,6,6,0,0,0,True,False,0
1183,6,0,0,6,6,0,0,0,True,False,0
1184,12,0,0,12,12,0,0,0,True,False,0
1185,4,0,0,4,4,0,0,0,True,False,0
1186,6,0,0,6,6,0,0,0,True,False,0
1187,12,0,0,12,12,0,0,0,True,False,0
1188,8,0,0,8,8,0,0,0,True,False,0
1189,8,0,0,8,8,0,0,0,True,False,0
1190,8,0,0,8,8,0,0,0,True,False,0
1191,8,0,0,8,8,0,0,0,True,False,0
1192,9,0,0,9,9,0,0,0,True,False,0
1193,11,0,0,11,11,0,0,0,True,False,0
1194,17,0,0,17,17,0,0,0,True,False,0
1195,11,0,0,11,11,0,0,0,True,False,0
1196,9,0,0,9,9,0,0,0,True,False,0
1197,11,0,0,11,11,0,0,0,True,False,0
1198,11,0,0,11,11,0,0,0,True,False,0
1199,12,0,0,12,12,0,0,0,True,False,0
1200,10,0,0,10,10,0,0,0,True,False,0
1201,9,0,0,9,9,0,0,0,True,False,0
1202,11,0,0,11,11,0,0,0,True,False,0
1203,10,0,0,10,10,0,0,0,True,False,0
1204,9,0,0,9,9,0,0,0,True,False,0
1205,7,7,7,7,7,0,0,0,True,False,0
1206,5,0,0,5,5,0,0,0,True,False,0
1207,8,0,0,8,8,0,0,0,True,False,0
1208,8,0,0,8,8,0,0,0,True,False,0
1209,0,112,0,0,0,0,0,0,True,False,0
1210,0,0,0,0,0,0,0,0,True,False,0
1211,98,0,0,98,98,0,0,0,True,False,0
1212,46,0,0,46,46,0,0,0,True,False,0
1213,77,0,0,77,77,0,0,0,True,False,0
1214,8,0,0,8,8,0,0,0,True,False,0
1215,9,0,0,9,9,0,0,0,True,False,0
1216,9,0,0,9,9,0,0,0,True,False,0
1217,9,0,0,9,9,0,0,0,True,False,0
1218,10,0,0,10,10,0,0,0,True,False,0
1219,7,0,0,7,7,0,0,0,True,False,0
1220,8,0,0,8,8,0,0,0,True,False,0
1221,7,0,0,7,7,0,0,0,True,False,0
1222,8,0,0,8,8,0,0,0,True,False,0
1223,8,0,0,8,8,0,0,0,True,False,0
1224,7,0,0,7,7,0,0,0,True,False,0
1225,8,0,0,8,8,0,0,0,True,False,0
1226,7,0,0,7,7,0,0,0,True,False,0
1227,9,0,0,9,9,0,0,0,True,False,0
1228,6,0,0,6,6,0,0,0,True,False,0
1229,11,0,0,11,11,0,0,0,True,False,0
1230,8,0,0,8,8,0,0,0,True,False,0
1231,9,0,0,9,9,0,0,0,True,False,0
1232,6,0,0,6,6,0,0,0,True,False,0
1233,8,0,0,8,8,0,0,0,True,False,0
1234,7,0,0,7,7,0,0,0,True,False,0
1235,14,0,0,14,14,0,0,0,True,False,0
1236,13,0,0,13,13,0,0,0,True,False,0
1237,14,0,0,14,14,0,0,0,True,False,0
1238,12,0,0,12,12,0,0,0,True,False,0
1239,13,0,0,13,13,0,0,0,True,False,0
1240,13,0,0,13,13,0,0,0,True,False,0
1241,13,0,0,13,13,0,0,0,True,False,0
1242,12,0,0,12,12,0,0,0,True,False,0
1243,4,0,0,4,4,0,0,0,True,False,0
1244,5,0,0,5,5,0,0,0,True,False,0
1245,6,0,0,6,6,0,0,0,True,False,0
1246,6,0,0,6,6,0,0,0,True,False,0
1247,12,0,0,12,12,0,0,0,True,False,0
1248,4,0,0,4,4,0,0,0,True,False,0
1249,6,0,0,6,6,0,0,0,True,False,0
1250,12,0,0,12,12,0,0,0,True,False,0
1251,9,0,0,9,9,0,0,0,True,False,0
1252,9,0,0,9,9,0,0,0,True,False,0
1253,4,0,0,4,4,0,0,0,True,False,0
1254,7,0,0,7,7,0,0,0,True,False,0
1255,13,0,0,13,13,0,0,0,True,False,0
1256,12,0,0,12,12,0,0,0,True,False,0
1257,4,0,0,4,4,0,0,0,True,False,0
1258,11,0,0,11,11,0,0,0,True,False,0
1259,10,0,0,10,10,0,0,0,True,False,0
1260,9,0,0,9,9,0,0,0,True,False,0
1261,10,0,0,10,10,0,0,0,True,False,0
1262,12,0,0,12,12,0,0,0,True,False,0
1263,10,0,0,10,10,0,0,0,True,False,0
1264,11,0,0,11,11,0,0,0,True,False,0
1265,11,0,0,11,11,0,0,0,True,False,0
1266,9,0,0,9,9,0,0,0,True,False,0
1267,9,0,0,9,9,0,0,0,True,False,0
1268,8,8,8,8,8,0,0,0,True,False,0
1269,5,0,0,5,5,0,0,0,True,False,0
1270,10,0,0,10,10,0,0,0,True,False,0
1271,8,0,0,8,8,0,0,0,True,False,0
1272,0,125,0,0,0,0,0,0,True,False,0
1273,0,0,0,0,0,0,0,0,True,False,0
1274,95,0,0,95,95,0,0,0,True,False,0
1275,51,0,0,51,51,0,0,0,True,False,0
1276,73,0,0,73,73,0,0,0,True,False,0
1277,8,0,0,8,8,0,0,0,True,False,0
1278,8,0,0,8,8,0,0,0,True,False,0
1279,9,0,0,9,9,0,0,0,True,False,0
1280,7,0,0,7,7,0,0,0,True,False,0
1281,9,0,0,9,9,0,0,0,True,False,0
1282,8,0,0,8,8,0,0,0,True,False,0
1283,8,0,0,8,8,0,0,0,True,False,0
1284,8,0,0,8,8,0,0,0,True,False,0
1285,7,0,0,7,7,0,0,0,True,False,0
1286,8,0,0,8,8,0,0,0,True,False,0
1287,8,0,0,8,8,0,0,0,True,False,0
1288,6,0,0,6,6,0,0,0,True,False,0
1289,6,0,0,6,6,0,0,0,True,False,0
1290,6,0,0,6,6,0,0,0,True,False,0
1291,7,0,0,7,7,0,0,0,True,False,0
1292,7,0,0,7,7,0,0,0,True,False,0
1293,6,0,0,6,6,0,0,0,True,False,0
1294,7,0,0,7,7,0,0,0,True,False,0
1295,6,0,0,6,6,0,0,0,True,False,0
1296,6,0,0,6,6,0,0,0,True,False,0
1297,9,0,0,9,9,0,0,0,True,False,0
1298,14,0,0,14,14,0,0,0,True,False,0
1299,12,0,0,12,12,0,0,0,True,False,0
1300,13,0,0,13,13,0,0,0,True,False,0
1301,13,0,0,13,13,0,0,0,True,False,0
1302,14,0,0,14,14,0,0,0,True,False,0
1303,14,0,0,14,14,0,0,0,True,False,0
1304,15,0,0,15,15,0,0,0,True,False,0
1305,13,0,0,13,13,0,0,0,True,False,0
1306,4,0,0,4,4,0,0,0,True,False,0
1307,6,0,0,6,6,0,0,0,True,False,0
1308,6,0,0,6,6,0,0,0,True,False,0
1309,6,0,0,6,6,0,0,0,True,False,0
1310,12,0,0,12,12,0,0,0,True,False,0
1311,4,0,0,4,4,0,0,0,True,False,0
1312,6,0,0,6,6,0,0,0,True,False,0
1313,11,0,0,11,11,0,0,0,True,False,0
1314,9,0,0,9,9,0,0,0,True,False,0
1315,10,0,0,10,10,0,0,0,True,False,0
1316,14,0,0,14,14,0,0,0,True,False,0
1317,11,0,0,11,11,0,0,0,True,False,0
1318,12,0,0,12,12,0,0,0,True,False,0
1319,13,0,0,13,13,0,0,0,True,False,0
1320,9,0,0,9,9,0,0,0,True,False,0
1321,8,0,0,8,8,0,0,0,True,False,0
1322,1,0,0,1,1,0,0,0,True,True,0
1323,1,0,0,1,1,0,0,0,True,True,0
1324,10,0,0,10,10,0,0,0,True,False,0
1325,9,0,0,9,9,0,0,0,True,False,0
1326,10,0,0,10,10,0,0,0,True,False,0
1327,10,0,0,10,10,0,0,0,True,False,0
1328,11,0,0,11,11,0,0,0,True,False,0
1329,11,0,0,11,11,0,0,0,True,False,0
1330,10,0,0,10,10,0,0,0,True,False,0
1331,10,0,0,10,10,0,0,0,True,False,0
1332,10,0,0,10,10,0,0,0,True,False,0
1333,7,7,7,7,7,0,0,0,True,False,0
1334,5,0,0,5,5,0,0,0,True,False,0
1335,8,0,0,8,8,0,0,0,True,False,0
1336,10,0,0,10,10,0,0,0,True,False,0
1337,0,126,0,0,0,0,0,0,True,False,0
1338,0,0,0,0,0,0,0,0,True,False,0
1339,89,0,0,89,89,0,0,0,True,False,0
1340,47,0,0,47,47,0,0,0,True,False,0
1341,74,0,0,74,74,0,0,0,True,False,0
1342,9,0,0,9,9,0,0,0,True,False,0
1343,7,0,0,7,7,0,0,0,True,False,0
1344,8,0,0,8,8,0,0,0,True,False,0
1345,8,0,0,8,8,0,0,0,True,False,0
1346,8,0,0,8,8,0,0,0,True,False,0
1347,7,0,0,7,7,0,0,0,True,False,0
1348,8,0,0,8,8,0,0,0,True,False,0
1349,7,0,0,7,7,0,0,0,True,False,0
1350,7,0,0,7,7,0,0,0,True,False,0
1351,8,0,0,8,8,0,0,0,True,False,0
1352,7,0,0,7,7,0,0,0,True,False,0
1353,8,0,0,8,8,0,0,0,True,False,0
1354,9,0,0,9,9,0,0,0,True,False,0
1355,7,0,0,7,7,0,0,0,True,False,0
1356,6,0,0,6,6,0,0,0,True,False,0
1357,8,0,0,8,8,0,0,0,True,False,0
1358,7,0,0,7,7,0,0,0,True,False,0
1359,7,0,0,7,7,0,0,0,True,False,0
1360,8,0,0,8,8,0,0,0,True,False,0
1361,7,0,0,7,7,0,0,0,True,False,0
1362,8,0,0,8,8,0,0,0,True,False,0
1363,12,0,0,12,12,0,0,0,True,False,0
1364,13,0,0,13,13,0,0,0,True,False,0
1365,11,0,0,11,11,0,0,0,True,False,0
1366,12,0,0,12,12,0,0,0,True,False,0
1367,13,0,0,13,13,0,0,0,True,False,0
1368,13,0,0,13,13,0,0,0,True,False,0
1369,12,0,0,12,12,0,0,0,True,False,0
1370,12,0,0,12,12,0,0,0,True,False,0
1371,4,0,0,4,4,0,0,0,True,False,0
1372,6,0,0,6,6,0,0,0,True,False,0
1373,6,0,0,6,6,0,0,0,True,False,0
1374,6,0,0,6,6,0,0,0,True,False,0
1375,12,0,0,12,12,0,0,0,True,False,0
1376,4,0,0,4,4,0,0,0,True,False,0
1377,6,0,0,6,6,0,0,0,True,False,0
1378,12,0,0,12,12,0,0,0,True,False,0
1379,13,0,0,13,13,0,0,0,True,False,0
1380,11,0,0,11,11,0,0,0,True,False,0
1381,6,0,0,6,6,0,0,0,True,False,0
1382,10,0,0,10,10,0,0,0,True,False,0
1383,11,0,0,11,11,0,0,0,True,False,0
1384,9,0,0,9,9,0,0,0,True,False,0
1385,12,0,0,12,12,0,0,0,True,False,0
1386,10,0,0,10,10,0,0,0,True,False,0
1387,1,0,0,1,1,0,0,0,True,True,0
1388,1,0,0,1,1,0,0,0,True,True,0
1389,1,0,0,1,1,0,0,0,True,True,0
1390,10,0,0,10,10,0,0,0,True,False,0
1391,12,0,0,12,12,0,0,0,True,False,0
1392,9,0,0,9,9,0,0,0,True,False,0
1393,10,0,0,10,10,0,0,0,True,False,0
1394,8,0,0,8,8,0,0,0,True,False,0
1395,9,0,0,9,9,0,0,0,True,False,0
1396,10,0,0,10,10,0,0,0,True,False,0
1397,10,0,0,10,10,0,0,0,True,False,0
1398,8,0,0,8,8,0,0,0,True,False,0
1399,7,7,7,7,7,0,0,0,True,False,0
1400,5,0,0,5,5,0,0,0,True,False,0
1401,10,0,0,10,10,0,0,0,True,False,0
1402,10,0,0,10,10,0,0,0,True,False,0
1403,0,119,0,0,0,0,0,0,True,False,0
1404,0,0,0,0,0,0,0,0,True,False,0
1405,90,0,0,90,90,0,0,0,True,False,0
1406,50,0,0,50,50,0,0,0,True,False,0
1407,71,0,0,71,71,0,0,0,True,False,0
1408,9,0,0,9,9,0,0,0,True,False,0
1409,9,0,0,9,9,0,0,0,True,False,0
1410,7,0,0,7,7,0,0,0,True,False,0
1411,10,0,0,10,10,0,0,0,True,False,0
1412,6,0,0,6,6,0,0,0,True,False,0
1413,8,0,0,8,8,0,0,0,True,False,0
1414,7,0,0,7,7,0,0,0,True,False,0
1415,8,0,0,8,8,0,0,0,True,False,0
1416,6,0,0,6,6,0,0,0,True,False,0
1417,7,0,0,7,7,0,0,0,True,False,0
1418,7,0,0,7,7,0,0,0,True,False,0
1419,7,0,0,7,7,0,0,0,True,False,0
1420,6,0,0,6,6,0,0,0,True,False,0
1421,6,0,0,6,6,0,0,0,True,False,0
1422,7,0,0,7,7,0,0,0,True,False,0
1423,7,0,0,7,7,0,0,0,True,False,0
1424,8,0,0,8,8,0,0,0,True,False,0
1425,7,0,0,7,7,0,0,0,True,False,0
1426,4,0,0,4,4,0,0,0,True,False,0
1427,6,0,0,6,6,0,0,0,True,False,0
1428,7,0,0,7,7,0,0,0,True,False,0
1429,12,0,0,12,12,0,0,0,True,False,0
1430,13,0,0,13,13,0,0,0,True,False,0
1431,14,0,0,14,14,0,0,0,True,False,0
1432,10,0,0,10,10,0,0,0,True,False,0
1433,12,0,0,12,12,0,0,0,True,False,0
1434,12,0,0,12,12,0,0,0,True,False,0
1435,13,0,0,13,13,0,0,0,True,False,0
1436,12,0,0,12,12,0,0,0,True,False,0
1437,4,0,0,4,4,0,0,0,True,False,0
1438,6,0,0,6,6,0,0,0,True,False,0
1439,5,0,0,5,5,0,0,0,True,False,0
1440,6,0,0,6,6,0,0,0,True,False,0
1441,12,0,0,12,12,0,0,0,True,False,0
1442,4,0,0,4,4,0,0,0,True,False,0
1443,5,0,0,5,5,0,0,0,True,False,0
1444,12,0,0,12,12,0,0,0,True,False,0
1445,11,0,0,11,11,0,0,0,True,False,0
1446,11,0,0,11,11,0,0,0,True,False,0
1447,6,0,0,6,6,0,0,0,True,False,0
1448,10,0,0,10,10,0,0,0,True,False,0
1449,10,0,0,10,10,0,0,0,True,False,0
1450,14,0,0,14,14,0,0,0,True,False,0
1451,6,0,0,6,6,0,0,0,True,False,0
1452,11,0,0,11,11,0,0,0,True,False,0
1453,1,0,0,1,1,0,0,0,True,True,0
1454,1,0,0,1,1,0,0,0,True,True,0
1455,1,0,0,1,1,0,0,0,True,True,0
1456,4,0,0,4,4,0,0,0,True,False,0
1457,4,0,0,4,4,0,0,0,True,False,0
1458,4,0,0,4,4,0,0,0,True,False,0
1459,3,0,0,3,3,0,0,0,True,False,0
1460,12,0,0,12,12,0,0,0,True,False,0
1461,10,0,0,10,10,0,0,0,True,False,0
1462,10,0,0,10,10,0,0,0,True,False,0
1463,13,0,0,13,13,0,0,0,True,False,0
1464,12,0,0,12,12,0,0,0,True,False,0
1465,12,0,0,12,12,0,0,0,True,False,0
1466,12,0,0,12,12,0,0,0,True,False,0
1467,9,0,0,9,9,0,0,0,True,False,0
1468,12,0,0,12,12,0,0,0,True,False,0
1469,8,7,7,8,8,0,0,0,True,False,0
1470,6,0,0,6,6,0,0,0,True,False,0
1471,12,0,0,12,12,0,0,0,True,False,0
1472,11,0,0,11,11,0,0,0,True,False,0
1473,11,110,10,11,11,0,0,0,True,False,0
1474,200,0,0,200,200,0,0,0,True,False,0
1475,84,0,0,84,84,0,0,0,True,False,0
1476,44,0,0,44,44,0,0,0,True,False,0
1477,71,0,0,71,71,0,0,0,True,False,0
1478,12,0,0,12,12,0,0,0,True,False,0
1479,11,0,0,11,11,0,0,0,True,False,0
1480,11,0,0,11,11,0,0,0,True,False,0
1481,9,0,0,9,9,0,0,0,True,False,0
1482,12,0,0,12,12,0,0,0,True,False,0
1483,8,4,4,8,8,0,0,0,True,False,0
1484,8,3,3,8,8,0,0,0,True,False,0
1485,8,4,4,8,8,0,0,0,True,False,0
1486,9,4,4,9,9,0,0,0,True,False,0
1487,8,3,3,8,8,0,0,0,True,False,0
1488,8,3,3,8,8,0,0,0,True,False,0
1489,8,3,3,8,8,0,0,0,True,False,0
1490,8,4,4,8,8,0,0,0,True,False,0
1491,7,0,0,7,7,0,0,0,True,False,0
1492,6,0,0,6,6,0,0,0,True,False,0
1493,7,0,0,7,7,0,0,0,True,False,0
1494,7,0,0,7,7,0,0,0,True,False,0
1495,10,0,0,10,10,0,0,0,True,False,0
1496,7,0,0,7,7,0,0,0,True,False,0
1497,10,0,0,10,10,0,0,0,True,False,0
1498,7,0,0,7,7,0,0,0,True,False,0
1499,14,0,0,14,14,0,0,0,True,False,0
1500,13,0,0,13,13,0,0,0,True,False,0
1501,14,0,0,14,14,0,0,0,True,False,0
1502,15,0,0,15,15,0,0,0,True,False,0
1503,13,0,0,13,13,0,0,0,True,False,0
1504,13,0,0,13,13,0,0,0,True,False,0
1505,15,0,0,15,15,0,0,0,True,False,0
1506,14,0,0,14,14,0,0,0,True,False,0
1507,13,0,0,13,13,0,0,0,True,False,0
1508,13,0,0,13,13,0,0,0,True,False,0
1509,13,0,0,13,13,0,0,0,True,False,0
1510,7,0,0,7,7,0,0,0,True,False,0
1511,13,0,0,13,13,0,0,0,True,False,0
1512,13,0,0,13,13,0,0,0,True,False,0
1513,7,0,0,7,7,0,0,0,True,False,0
1514,5,0,0,5,5,0,0,0,True,False,0
1515,7,0,0,7,7,0,0,0,True,False,0
1516,16,0,0,16,16,0,0,0,True,False,0
1517,7,0,0,7,7,0,0,0,True,False,0
1518,7,0,0,7,7,0,0,0,True,False,0
1519,11,0,0,11,11,0,0,0,True,False,0
1520,10,0,0,10,10,0,0,0,True,False,0
1521,10,0,0,10,10,0,0,0,True,False,0
1522,10,0,0,10,10,0,0,0,True,False,0
1523,2,0,0,2,2,0,0,0,True,True,0
1524,2,0,0,2,2,0,0,0,True,True,0
1525,2,0,0,2,2,0,0,0,True,True,0
1526,2,0,0,2,2,0,0,0,True,True,0
1527,2,0,0,2,2,0,0,0,True,True,0
1528,2,0,0,2,2,0,0,0,True,True,0
1529,2,0,0,2,2,0,0,0,True,True,0
1530,2,0,0,2,2,0,0,0,True,True,0
1531,2,0,0,2,2,0,0,0,True,True,0
1532,2,0,0,2,2,0,0,0,True,True,0
1533,2,0,0,2,2,0,0,0,True,True,0
1534,2,0,0,2,2,0,0,0,True,True,0
1535,2,0,0,2,2,0,0,0,True,True,0
1536,2,0,0,2,2,0,0,0,True,True,0
1537,2,0,0,2,2,0,0,0,True,True,0
1538,2,0,0,2,2,0,0,0,True,True,0
1539,10,0,0,10,10,0,0,0,True,False,0
1540,10,0,0,10,10,0,0,0,True,False,0
1541,10,0,0,10,10,0,0,0,True,False,0
1542,11,0,0,11,11,0,0,0,True,False,0
1543,10,0,0,10,10,0,0,0,True,False,0
1544,8,0,0,8,8,0,0,0,True,False,0
1545,9,0,0,9,9,0,0,0,True,False,0
1546,10,0,0,10,10,0,0,0,True,False,0
1547,11,0,0,11,11,0,0,0,True,False,0
1548,8,8,8,8,8,0,0,0,True,False,0
1549,5,0,0,5,5,0,0,0,True,False,0
1550,13,0,0,13,13,0,0,0,True,False,0
1551,10,0,0,10,10,0,0,0,True,False,0
1552,0,125,0,0,0,0,0,0,True,False,0
1553,0,0,0,0,0,0,0,0,True,False,0
1554,94,0,0,94,94,0,0,0,True,False,0
1555,50,0,0,50,50,0,0,0,True,False,0
1556,73,0,0,73,73,0,0,0,True,False,0
1557,10,0,0,10,10,0,0,0,True,False,0
1558,10,0,0,10,10,0,0,0,True,False,0
1559,10,0,0,10,10,0,0,0,True,False,0
1560,12,0,0,12,12,0,0,0,True,False,0
1561,10,0,0,10,10,0,0,0,True,False,0
1562,7,0,0,7,7,0,0,0,True,False,0
1563,8,0,0,8,8,0,0,0,True,False,0
1564,7,0,0,7,7,0,0,0,True,False,0
1565,6,0,0,6,6,0,0,0,True,False,0
1566,7,0,0,7,7,0,0,0,True,False,0
1567,7,0,0,7,7,0,0,0,True,False,0
1568,7,0,0,7,7,0,0,0,True,False,0
1569,7,0,0,7,7,0,0,0,True,False,0
1570,6,0,0,6,6,0,0,0,True,False,0
1571,7,0,0,7,7,0,0,0,True,False,0
1572,6,0,0,6,6,0,0,0,True,False,0
1573,8,0,0,8,8,0,0,0,True,False,0
1574,8,0,0,8,8,0,0,0,True,False,0
1575,7,0,0,7,7,0,0,0,True,False,0
1576,7,0,0,7,7,0,0,0,True,False,0
1577,6,0,0,6,6,0,0,0,True,False,0
1578,13,0,0,13,13,0,0,0,True,False,0
1579,11,0,0,11,11,0,0,0,True,False,0
1580,13,0,0,13,13,0,0,0,True,False,0
1581,16,0,0,16,16,0,0,0,True,False,0
1582,14,0,0,14,14,0,0,0,True,False,0
1583,14,0,0,14,14,0,0,0,True,False,0
1584,14,0,0,14,14,0,0,0,True,False,0
1585,14,0,0,14,14,0,0,0,True,False,0
1586,12,0,0,12,12,0,0,0,True,False,0
1587,12,0,0,12,12,0,0,0,True,False,0
1588,12,0,0,12,12,0,0,0,True,False,0
1589,6,0,0,6,6,0,0,0,True,False,0
1590,12,0,0,12,12,0,0,0,True,False,0
1591,12,0,0,12,12,0,0,0,True,False,0
1592,6,0,0,6,6,0,0,0,True,False,0
1593,4,0,0,4,4,0,0,0,True,False,0
1594,11,0,0,11,11,0,0,0,True,False,0
1595,9,0,0,9,9,0,0,0,True,False,0
1596,10,0,0,10,10,0,0,0,True,False,0
1597,7,0,0,7,7,0,0,0,True,False,0
1598,14,0,0,14,14,0,0,0,True,False,0
1599,7,0,0,7,7,0,0,0,True,False,0
1600,10,0,0,10,10,0,0,0,True,False,0
1601,12,0,0,12,12,0,0,0,True,False,0
1602,10,0,0,10,10,0,0,0,True,False,0
1603,11,0,0,11,11,0,0,0,True,False,0
1604,9,0,0,9,9,0,0,0,True,False,0
1605,12,0,0,12,12,0,0,0,True,False,0
1606,9,0,0,9,9,0,0,0,True,False,0
1607,10,0,0,10,10,0,0,0,True,False,0
1608,10,0,0,10,10,0,0,0,True,False,0
1609,9,0,0,9,9,0,0,0,True,False,0
1610,10,0,0,10,10,0,0,0,True,False,0
1611,8,8,8,8,8,0,0,0,True,False,0
1612,5,0,0,5,5,0,0,0,True,False,0
1613,10,0,0,10,10,0,0,0,True,False,0
1614,10,0,0,10,10,0,0,0,True,False,0
1615,0,113,0,0,0,0,0,0,True,False,0
1616,0,0,0,0,0,0,0,0,True,False,0
1617,99,0,0,99,99,0,0,0,True,False,0
1618,46,0,0,46,46,0,0,0,True,False,0
1619,74,0,0,74,74,0,0,0,True,False,0
1620,11,0,0,11,11,0,0,0,True,False,0
1621,12,0,0,12,12,0,0,0,True,False,0
1622,10,0,0,10,10,0,0,0,True,False,0
1623,9,0,0,9,9,0,0,0,True,False,0
1624,10,0,0,10,10,0,0,0,True,False,0
1625,7,0,0,7,7,0,0,0,True,False,0
1626,6,0,0,6,6,0,0,0,True,False,0
1627,7,0,0,7,7,0,0,0,True,False,0
1628,9,0,0,9,9,0,0,0,True,False,0
1629,8,0,0,8,8,0,0,0,True,False,0
1630,7,0,0,7,7,0,0,0,True,False,0
1631,7,0,0,7,7,0,0,0,True,False,0
1632,8,0,0,8,8,0,0,0,True,False,0
1633,5,0,0,5,5,0,0,0,True,False,0
1634,8,0,0,8,8,0,0,0,True,False,0
1635,8,0,0,8,8,0,0,0,True,False,0
1636,8,0,0,8,8,0,0,0,True,False,0
1637,7,0,0,7,7,0,0,0,True,False,0
1638,8,0,0,8,8,0,0,0,True,False,0
1639,8,0,0,8,8,0,0,0,True,False,0
1640,7,0,0,7,7,0,0,0,True,False,0
1641,13,0,0,13,13,0,0,0,True,False,0
1642,12,0,0,12,12,0,0,0,True,False,0
1643,13,0,0,13,13,0,0,0,True,False,0
1644,13,0,0,13,13,0,0,0,True,False,0
1645,13,0,0,13,13,0,0,0,True,False,0
1646,14,0,0,14,14,0,0,0,True,False,0
1647,14,0,0,14,14,0,0,0,True,False,0
1648,13,0,0,13,13,0,0,0,True,False,0
1649,12,0,0,12,12,0,0,0,True,False,0
1650,12,0,0,12,12,0,0,0,True,False,0
1651,12,0,0,12,12,0,0,0,True,False,0
1652,6,0,0,6,6,0,0,0,True,False,0
1653,12,0,0,12,12,0,0,0,True,False,0
1654,12,0,0,12,12,0,0,0,True,False,0
1655,6,0,0,6,6,0,0,0,True,False,0
1656,4,0,0,4,4,0,0,0,True,False,0
1657,7,0,0,7,7,0,0,0,True,False,0
1658,13,0,0,13,13,0,0,0,True,False,0
1659,11,0,0,11,11,0,0,0,True,False,0
1660,8,0,0,8,8,0,0,0,True,False,0
1661,15,0,0,15,15,0,0,0,True,False,0
1662,8,0,0,8,8,0,0,0,True,False,0
1663,14,0,0,14,14,0,0,0,True,False,0
1664,9,0,0,9,9,0,0,0,True,False,0
1665,9,0,0,9,9,0,0,0,True,False,0
1666,11,0,0,11,11,0,0,0,True,False,0
1667,11,0,0,11,11,0,0,0,True,False,0
1668,8,0,0,8,8,0,0,0,True,False,0
1669,10,0,0,10,10,0,0,0,True,False,0
1670,9,0,0,9,9,0,0,0,True,False,0
1671,10,0,0,10,10,0,0,0,True,False,0
1672,12,0,0,12,12,0,0,0,True,False,0
1673,12,0,0,12,12,0,0,0,True,False,0
1674,7,7,7,7,7,0,0,0,True,False,0
1675,5,0,0,5,5,0,0,0,True,False,0
1676,13,0,0,13,13,0,0,0,True,False,0
1677,10,0,0,10,10,0,0,0,True,False,0
1678,0,128,0,0,0,0,0,0,True,False,0
1679,0,0,0,0,0,0,0,0,True,False,0
1680,94,0,0,94,94,0,0,0,True,False,0
1681,48,0,0,48,48,0,0,0,True,False,0
1682,75,0,0,75,75,0,0,0,True,False,0
1683,9,0,0,9,9,0,0,0,True,False,0
1684,10,0,0,10,10,0,0,0,True,False,0
1685,11,0,0,11,11,0,0,0,True,False,0
1686,12,0,0,12,12,0,0,0,True,False,0
1687,12,0,0,12,12,0,0,0,True,False,0
1688,7,0,0,7,7,0,0,0,True,False,0
1689,8,0,0,8,8,0,0,0,True,False,0
1690,7,0,0,7,7,0,0,0,True,False,0
1691,8,0,0,8,8,0,0,0,True,False,0
1692,8,0,0,8,8,0,0,0,True,False,0
1693,8,0,0,8,8,0,0,0,True,False,0
1694,7,0,0,7,7,0,0,0,True,False,0
1695,7,0,0,7,7,0,0,0,True,False,0
1696,6,0,0,6,6,0,0,0,True,False,0
1697,9,0,0,9,9,0,0,0,True,False,0
1698,8,0,0,8,8,0,0,0,True,False,0
1699,8,0,0,8,8,0,0,0,True,False,0
1700,7,0,0,7,7,0,0,0,True,False,0
1701,6,0,0,6,6,0,0,0,True,False,0
1702,7,0,0,7,7,0,0,0,True,False,0
1703,6,0,0,6,6,0,0,0,True,False,0
1704,14,0,0,14,14,0,0,0,True,False,0
1705,13,0,0,13,13,0,0,0,True,False,0
1706,14,0,0,14,14,0,0,0,True,False,0
1707,15,0,0,15,15,0,0,0,True,False,0
1708,12,0,0,12,12,0,0,0,True,False,0
1709,15,0,0,15,15,0,0,0,True,False,0
1710,13,0,0,13,13,0,0,0,True,False,0
1711,14,0,0,14,14,0,0,0,True,False,0
1712,12,0,0,12,12,0,0,0,True,False,0
1713,12,0,0,12,12,0,0,0,True,False,0
1714,12,0,0,12,12,0,0,0,True,False,0
1715,6,0,0,6,6,0,0,0,True,False,0
1716,12,0,0,12,12,0,0,0,True,False,0
1717,12,0,0,12,12,0,0,0,True,False,0
1718,6,0,0,6,6,0,0,0,True,False,0
1719,4,0,0,4,4,0,0,0,True,False,0
1720,12,0,0,12,12,0,0,0,True,False,0
1721,6,0,0,6,6,0,0,0,True,False,0
1722,8,0,0,8,8,0,0,0,True,False,0
1723,4,0,0,4,4,0,0,0,True,False,0
1724,11,0,0,11,11,0,0,0,True,False,0
1725,9,0,0,9,9,0,0,0,True,False,0
1726,5,0,0,5,5,0,0,0,True,False,0
1727,10,0,0,10,10,0,0,0,True,False,0
1728,9,0,0,9,9,0,0,0,True,False,0
1729,11,0,0,11,11,0,0,0,True,False,0
1730,12,0,0,12,12,0,0,0,True,False,0
1731,12,0,0,12,12,0,0,0,True,False,0
1732,10,0,0,10,10,0,0,0,True,False,0
1733,9,0,0,9,9,0,0,0,True,False,0
1734,10,0,0,10,10,0,0,0,True,False,0
1735,9,0,0,9,9,0,0,0,True,False,0
1736,9,1,1,9,9,0,0,0,True,False,0
1737,8,8,8,8,8,0,0,0,True,False,0
1738,5,0,0,5,5,0,0,0,True,False,0
1739,10,1,1,10,10,0,0,0,True,False,0
1740,11,1,1,11,11,0,0,0,True,False,0
1741,0,126,0,0,0,0,0,0,True,False,0
1742,0,0,0,0,0,0,0,0,True,False,0
1743,93,0,0,93,93,0,0,0,True,False,0
1744,47,0,0,47,47,0,0,0,True,False,0
1745,72,0,0,72,72,0,0,0,True,False,0
1746,9,1,1,9,9,0,0,0,True,False,0
1747,11,1,1,11,11,0,0,0,True,False,0
1748,10,1,1,10,10,0,0,0,True,False,0
1749,10,1,1,10,10,0,0,0,True,False,0
1750,8,1,1,8,8,0,0,0,True,False,0
1751,7,0,0,7,7,0,0,0,True,False,0
1752,7,0,0,7,7,0,0,0,True,False,0
1753,8,0,0,8,8,0,0,0,True,False,0
1754,6,0,0,6,6,0,0,0,True,False,0
1755,7,0,0,7,7,0,0,0,True,False,0
1756,7,0,0,7,7,0,0,0,True,False,0
1757,7,0,0,7,7,0,0,0,True,False,0
1758,6,0,0,6,6,0,0,0,True,False,0
1759,9,0,0,9,9,0,0,0,True,False,0
1760,8,0,0,8,8,0,0,0,True,False,0
1761,5,0,0,5,5,0,0,0,True,False,0
1762,7,0,0,7,7,0,0,0,True,False,0
1763,8,0,0,8,8,0,0,0,True,False,0
1764,6,0,0,6,6,0,0,0,True,False,0
1765,9,0,0,9,9,0,0,0,True,False,0
1766,7,0,0,7,7,0,0,0,True,False,0
1767,13,0,0,13,13,0,0,0,True,False,0
1768,14,0,0,14,14,0,0,0,True,False,0
1769,15,0,0,15,15,0,0,0,True,False,0
1770,13,0,0,13,13,0,0,0,True,False,0
1771,15,0,0,15,15,0,0,0,True,False,0
1772,12,0,0,12,12,0,0,0,True,False,0
1773,12,0,0,12,12,0,0,0,True,False,0
1774,11,0,0,11,11,0,0,0,True,False,0
1775,12,0,0,12,12,0,0,0,True,False,0
1776,12,0,0,12,12,0,0,0,True,False,0
1777,12,0,0,12,12,0,0,0,True,False,0
1778,6,0,0,6,6,0,0,0,True,False,0
1779,12,0,0,12,12,0,0,0,True,False,0
1780,12,0,0,12,12,0,0,0,True,False,0
1781,6,0,0,6,6,0,0,0,True,False,0
1782,4,0,0,4,4,0,0,0,True,False,0
1783,9,0,0,9,9,0,0,0,True,False,0
1784,6,0,0,6,6,0,0,0,True,False,0
1785,10,0,0,10,10,0,0,0,True,False,0
1786,13,0,0,13,13,0,0,0,True,False,0
1787,3,0,0,3,3,0,0,0,True,False,0
1788,13,0,0,13,13,0,0,0,True,False,0
1789,13,0,0,13,13,0,0,0,True,False,0
1790,14,0,0,14,14,0,0,0,True,False,0
1791,9,0,0,9,9,0,0,0,True,False,0
1792,9,0,0,9,9,0,0,0,True,False,0
1793,9,0,0,9,9,0,0,0,True,False,0
1794,10,0,0,10,10,0,0,0,True,False,0
1795,11,0,0,11,11,0,0,0,True,False,0
1796,13,0,0,13,13,0,0,0,True,False,0
1797,12,0,0,12,12,0,0,0,True,False,0
1798,11,0,0,11,11,0,0,0,True,False,0
1799,8,0,0,8,8,0,0,0,True,False,0
1800,7,7,7,7,7,0,0,0,True,False,0
1801,5,0,0,5,5,0,0,0,True,False,0
1802,10,0,0,10,10,0,0,0,True,False,0
1803,8,0,0,8,8,0,0,0,True,False,0
1804,10,116,10,10,10,0,0,0,True,False,0
1805,200,0,0,200,200,0,0,0,True,False,0
1806,100,0,0,100,100,0,0,0,True,False,0
1807,48,0,0,48,48,0,0,0,True,False,0
1808,74,0,0,74,74,0,0,0,True,False,0
1809,8,0,0,8,8,0,0,0,True,False,0
1810,9,0,0,9,9,0,0,0,True,False,0
1811,7,0,0,7,7,0,0,0,True,False,0
1812,10,0,0,10,10,0,0,0,True,False,0
1813,7,0,0,7,7,0,0,0,True,False,0
1814,8,0,0,8,8,0,0,0,True,False,0
1815,10,0,0,10,10,0,0,0,True,False,0
1816,6,0,0,6,6,0,0,0,True,False,0
1817,7,0,0,7,7,0,0,0,True,False,0
1818,8,0,0,8,8,0,0,0,True,False,0
1819,8,0,0,8,8,0,0,0,True,False,0
1820,7,0,0,7,7,0,0,0,True,False,0
1821,9,0,0,9,9,0,0,0,True,False,0
1822,8,0,0,8,8,0,0,0,True,False,0
1823,6,0,0,6,6,0,0,0,True,False,0
1824,6,0,0,6,6,0,0,0,True,False,0
1825,7,0,0,7,7,0,0,0,True,False,0
1826,6,0,0,6,6,0,0,0,True,False,0
1827,7,0,0,7,7,0,0,0,True,False,0
1828,6,0,0,6,6,0,0,0,True,False,0
1829,6,0,0,6,6,0,0,0,True,False,0
1830,14,0,0,14,14,0,0,0,True,False,0
1831,13,0,0,13,13,0,0,0,True,False,0
1832,14,0,0,14,14,0,0,0,True,False,0
1833,15,0,0,15,15,0,0,0,True,False,0
1834,14,0,0,14,14,0,0,0,True,False,0
1835,15,0,0,15,15,0,0,0,True,False,0
1836,12,0,0,12,12,0,0,0,True,False,0
1837,13,0,0,13,13,0,0,0,True,False,0
1838,12,0,0,12,12,0,0,0,True,False,0
1839,12,0,0,12,12,0,0,0,True,False,0
1840,12,0,0,12,12,0,0,0,True,False,0
1841,6,0,0,6,6,0,0,0,True,False,0
1842,12,0,0,12,12,0,0,0,True,False,0
1843,11,0,0,11,11,0,0,0,True,False,0
1844,6,0,0,6,6,0,0,0,True,False,0
1845,4,0,0,4,4,0,0,0,True,False,0
1846,13,0,0,13,13,0,0,0,True,False,0
1847,11,0,0,11,11,0,0,0,True,False,0
1848,7,0,0,7,7,0,0,0,True,False,0
1849,15,0,0,15,15,0,0,0,True,False,0
1850,12,0,0,12,12,0,0,0,True,False,0
1851,7,0,0,7,7,0,0,0,True,False,0
1852,9,0,0,9,9,0,0,0,True,False,0
1853,9,0,0,9,9,0,0,0,True,False,0
1854,9,0,0,9,9,0,0,0,True,False,0
1855,13,0,0,13,13,0,0,0,True,False,0
1856,11,0,0,11,11,0,0,0,True,False,0
1857,10,0,0,10,10,0,0,0,True,False,0
1858,11,0,0,11,11,0,0,0,True,False,0
1859,10,0,0,10,10,0,0,0,True,False,0
1860,11,0,0,11,11,0,0,0,True,False,0
1861,11,0,0,11,11,0,0,0,True,False,0
1862,10,0,0,10,10,0,0,0,True,False,0
1863,7,7,7,7,7,0,0,0,True,False,0
1864,5,0,0,5,5,0,0,0,True,False,0
1865,8,0,0,8,8,0,0,0,True,False,0
1866,11,0,0,11,11,0,0,0,True,False,0
1867,0,119,0,0,0,0,0,0,True,False,0
1868,0,0,0,0,0,0,0,0,True,False,0
1869,98,0,0,98,98,0,0,0,True,False,0
1870,55,0,0,55,55,0,0,0,True,False,0
1871,71,0,0,71,71,0,0,0,True,False,0
1872,7,0,0,7,7,0,0,0,True,False,0
1873,7,0,0,7,7,0,0,0,True,False,0
1874,11,0,0,11,11,0,0,0,True,False,0
1875,8,0,0,8,8,0,0,0,True,False,0
1876,10,0,0,10,10,0,0,0,True,False,0
1877,7,0,0,7,7,0,0,0,True,False,0
1878,8,0,0,8,8,0,0,0,True,False,0
1879,7,0,0,7,7,0,0,0,True,False,0
1880,6,0,0,6,6,0,0,0,True,False,0
1881,9,0,0,9,9,0,0,0,True,False,0
1882,7,0,0,7,7,0,0,0,True,False,0
1883,9,0,0,9,9,0,0,0,True,False,0
1884,6,0,0,6,6,0,0,0,True,False,0
1885,7,0,0,7,7,0,0,0,True,False,0
1886,7,0,0,7,7,0,0,0,True,False,0
1887,9,0,0,9,9,0,0,0,True,False,0
1888,7,0,0,7,7,0,0,0,True,False,0
1889,7,0,0,7,7,0,0,0,True,False,0
1890,6,0,0,6,6,0,0,0,True,False,0
1891,8,0,0,8,8,0,0,0,True,False,0
1892,8,0,0,8,8,0,0,0,True,False,0
1893,16,0,0,16,16,0,0,0,True,False,0
1894,12,0,0,12,12,0,0,0,True,False,0
1895,15,0,0,15,15,0,0,0,True,False,0
1896,14,0,0,14,14,0,0,0,True,False,0
1897,12,0,0,12,12,0,0,0,True,False,0
1898,13,0,0,13,13,0,0,0,True,False,0
1899,15,0,0,15,15,0,0,0,True,False,0
1900,13,0,0,13,13,0,0,0,True,False,0
1901,12,0,0,12,12,0,0,0,True,False,0
1902,12,0,0,12,12,0,0,0,True,False,0
1903,12,0,0,12,12,0,0,0,True,False,0
1904,6,0,0,6,6,0,0,0,True,False,0
1905,12,0,0,12,12,0,0,0,True,False,0
1906,12,0,0,12,12,0,0,0,True,False,0
1907,6,0,0,6,6,0,0,0,True,False,0
1908,4,0,0,4,4,0,0,0,True,False,0
1909,10,0,0,10,10,0,0,0,True,False,0
1910,16,0,0,16,16,0,0,0,True,False,0
1911,8,0,0,8,8,0,0,0,True,False,0
1912,3,0,0,3,3,0,0,0,True,False,0
1913,4,0,0,4,4,0,0,0,True,False,0
1914,13,0,0,13,13,0,0,0,True,False,0
1915,19,0,0,19,19,0,0,0,True,False,0
1916,13,0,0,13,13,0,0,0,True,False,0
1917,9,0,0,9,9,0,0,0,True,False,0
1918,10,0,0,10,10,0,0,0,True,False,0
1919,11,0,0,11,11,0,0,0,True,False,0
1920,12,0,0,12,12,0,0,0,True,False,0
1921,11,0,0,11,11,0,0,0,True,False,0
1922,10,0,0,10,10,0,0,0,True,False,0
1923,12,0,0,12,12,0,0,0,True,False,0
1924,11,0,0,11,11,0,0,0,True,False,0
1925,11,0,0,11,11,0,0,0,True,False,0
1926,8,8,8,8,8,0,0,0,True,False,0
1927,5,0,0,5,5,0,0,0,True,False,0
1928,9,0,0,9,9,0,0,0,True,False,0
1929,10,0,0,10,10,0,0,0,True,False,0
1930,0,114,0,0,0,0,0,0,True,False,0
1931,0,0,0,0,0,0,0,0,True,False,0
1932,91,0,0,91,91,0,0,0,True,False,0
1933,48,0,0,48,48,0,0,0,True,False,0
1934,75,0,0,75,75,0,0,0,True,False,0
1935,8,0,0,8,8,0,0,0,True,False,0
1936,8,0,0,8,8,0,0,0,True,False,0
1937,9,0,0,9,9,0,0,0,True,False,0
1938,8,0,0,8,8,0,0,0,True,False,0
1939,10,0,0,10,10,0,0,0,True,False,0
1940,8,0,0,8,8,0,0,0,True,False,0
1941,8,0,0,8,8,0,0,0,True,False,0
1942,6,0,0,6,6,0,0,0,True,False,0
1943,7,0,0,7,7,0,0,0,True,False,0
1944,7,0,0,7,7,0,0,0,True,False,0
1945,8,0,0,8,8,0,0,0,True,False,0
1946,8,0,0,8,8,0,0,0,True,False,0
1947,9,0,0,9,9,0,0,0,True,False,0
1948,6,0,0,6,6,0,0,0,True,False,0
1949,7,0,0,7,7,0,0,0,True,False,0
1950,6,0,0,6,6,0,0,0,True,False,0
1951,6,0,0,6,6,0,0,0,True,False,0
1952,6,0,0,6,6,0,0,0,True,False,0
1953,7,0,0,7,7,0,0,0,True,False,0
1954,7,0,0,7,7,0,0,0,True,False,0
1955,8,0,0,8,8,0,0,0,True,False,0
1956,13,0,0,13,13,0,0,0,True,False,0
1957,12,0,0,12,12,0,0,0,True,False,0
1958,13,0,0,13,13,0,0,0,True,False,0
1959,14,0,0,14,14,0,0,0,True,False,0
1960,13,0,0,13,13,0,0,0,True,False,0
1961,13,0,0,13,13,0,0,0,True,False,0
1962,13,0,0,13,13,0,0,0,True,False,0
1963,14,0,0,14,14,0,0,0,True,False,0
1964,12,0,0,12,12,0,0,0,True,False,0
1965,12,0,0,12,12,0,0,0,True,False,0
1966,12,0,0,12,12,0,0,0,True,False,0
1967,6,0,0,6,6,0,0,0,True,False,0
1968,12,0,0,12,12,0,0,0,True,False,0
1969,12,0,0,12,12,0,0,0,True,False,0
1970,6,0,0,6,6,0,0,0,True,False,0
1971,4,0,0,4,4,0,0,0,True,False,0
1972,14,0,0,14,14,0,0,0,True,False,0
1973,7,0,0,7,7,0,0,0,True,False,0
1974,15,0,0,15,15,0,0,0,True,False,0
1975,14,0,0,14,14,0,0,0,True,False,0
1976,6,0,0,6,6,0,0,0,True,False,0
1977,8,0,0,8,8,0,0,0,True,False,0
1978,11,0,0,11,11,0,0,0,True,False,0
1979,16,0,0,16,16,0,0,0,True,False,0
1980,1,0,0,1,1,0,0,0,True,True,0
1981,11,0,0,11,11,0,0,0,True,False,0
1982,10,0,0,10,10,0,0,0,True,False,0
1983,9,0,0,9,9,0,0,0,True,False,0
1984,9,0,0,9,9,0,0,0,True,False,0
1985,11,0,0,11,11,0,0,0,True,False,0
1986,10,0,0,10,10,0,0,0,True,False,0
1987,11,0,0,11,11,0,0,0,True,False,0
1988,10,0,0,10,10,0,0,0,True,False,0
1989,9,0,0,9,9,0,0,0,True,False,0
1990,7,7,7,7,7,0,0,0,True,False,0
1991,5,0,0,5,5,0,0,0,True,False,0
1992,8,0,0,8,8,0,0,0,True,False,0
1993,9,0,0,9,9,0,0,0,True,False,0
1994,0,124,0,0,0,0,0,0,True,False,0
1995,0,0,0,0,0,0,0,0,True,False,0
1996,97,0,0,97,97,0,0,0,True,False,0
1997,48,0,0,48,48,0,0,0,True,False,0
1998,75,0,0,75,75,0,0,0,True,False,0
1999,9,0,0,9,9,0,0,0,True,False,0
2000,8,0,0,8,8,0,0,0,True,False,0
2001,8,0,0,8,8,0,0,0,True,False,0
2002,9,0,0,9,9,0,0,0,True,False,0
2003,9,0,0,9,9,0,0,0,True,False,0
2004,6,0,0,6,6,0,0,0,True,False,0
2005,9,0,0,9,9,0,0,0,True,False,0
2006,8,0,0,8,8,0,0,0,True,False,0
2007,6,0,0,6,6,0,0,0,True,False,0
2008,7,0,0,7,7,0,0,0,True,False,0
2009,7,0,0,7,7,0,0,0,True,False,0
2010,7,0,0,7,7,0,0,0,True,False,0
2011,8,0,0,8,8,0,0,0,True,False,0
2012,8,0,0,8,8,0,0,0,True,False,0
2013,8,0,0,8,8,0,0,0,True,False,0
2014,7,0,0,7,7,0,0,0,True,False,0
2015,7,0,0,7,7,0,0,0,True,False,0
2016,6,0,0,6,6,0,0,0,True,False,0
2017,8,0,0,8,8,0,0,0,True,False,0
2018,7,0,0,7,7,0,0,0,True,False,0
2019,6,0,0,6,6,0,0,0,True,False,0
2020,14,0,0,14,14,0,0,0,True,False,0
2021,17,0,0,17,17,0,0,0,True,False,0
2022,15,0,0,15,15,0,0,0,True,False,0
2023,12,0,0,12,12,0,0,0,True,False,0
2024,11,0,0,11,11,0,0,0,True,False,0
2025,13,0,0,13,13,0,0,0,True,False,0
2026,14,0,0,14,14,0,0,0,True,False,0
2027,12,0,0,12,12,0,0,0,True,False,0
2028,12,0,0,12,12,0,0,0,True,False,0
2029,12,0,0,12,12,0,0,0,True,False,0
2030,12,0,0,12,12,0,0,0,True,False,0
2031,6,0,0,6,6,0,0,0,True,False,0
2032,12,0,0,12,12,0,0,0,True,False,0
2033,12,0,0,12,12,0,0,0,True,False,0
2034,6,0,0,6,6,0,0,0,True,False,0
2035,4,0,0,4,4,0,0,0,True,False,0
2036,12,0,0,12,12,0,0,0,True,False,0
2037,10,0,0,10,10,0,0,0,True,False,0
2038,11,0,0,11,11,0,0,0,True,False,0
2039,7,0,0,7,7,0,0,0,True,False,0
2040,13,0,0,13,13,0,0,0,True,False,0
2041,4,0,0,4,4,0,0,0,True,False,0
2042,15,0,0,15,15,0,0,0,True,False,0
2043,11,0,0,11,11,0,0,0,True,False,0
2044,1,0,0,1,1,0,0,0,True,True,0
2045,1,0,0,1,1,0,0,0,True,True,0
2046,1,0,0,1,1,0,0,0,True,True,0
2047,11,0,0,11,11,0,0,0,True,False,0
2048,12,0,0,12,12,0,0,0,True,False,0
2049,11,0,0,11,11,0,0,0,True,False,0
2050,10,0,0,10,10,0,0,0,True,False,0
2051,10,0,0,10,10,0,0,0,True,False,0
2052,13,0,0,13,13,0,0,0,True,False,0
2053,10,0,0,10,10,0,0,0,True,False,0
2054,11,0,0,11,11,0,0,0,True,False,0
2055,8,0,0,8,8,0,0,0,True,False,0
2056,8,8,8,8,8,0,0,0,True,False,0
2057,5,0,0,5,5,0,0,0,True,False,0
2058,9,0,0,9,9,0,0,0,True,False,0
2059,9,0,0,9,9,0,0,0,True,False,0
2060,0,117,0,0,0,0,0,0,True,False,0
2061,0,0,0,0,0,0,0,0,True,False,0
2062,96,0,0,96,96,0,0,0,True,False,0
2063,47,0,0,47,47,0,0,0,True,False,0
2064,77,0,0,77,77,0,0,0,True,False,0
2065,8,0,0,8,8,0,0,0,True,False,0
2066,8,0,0,8,8,0,0,0,True,False,0
2067,8,0,0,8,8,0,0,0,True,False,0
2068,9,0,0,9,9,0,0,0,True,False,0
2069,8,0,0,8,8,0,0,0,True,False,0
2070,8,0,0,8,8,0,0,0,True,False,0
2071,6,0,0,6,6,0,0,0,True,False,0
2072,6,0,0,6,6,0,0,0,True,False,0
2073,9,0,0,9,9,0,0,0,True,False,0
2074,9,0,0,9,9,0,0,0,True,False,0
2075,6,0,0,6,6,0,0,0,True,False,0
2076,8,0,0,8,8,0,0,0,True,False,0
2077,7,0,0,7,7,0,0,0,True,False,0
2078,9,0,0,9,9,0,0,0,True,False,0
2079,7,0,0,7,7,0,0,0,True,False,0
2080,7,0,0,7,7,0,0,0,True,False,0
2081,8,0,0,8,8,0,0,0,True,False,0
2082,9,0,0,9,9,0,0,0,True,False,0
2083,7,0,0,7,7,0,0,0,True,False,0
2084,6,0,0,6,6,0,0,0,True,False,0
2085,7,0,0,7,7,0,0,0,True,False,0
2086,13,0,0,13,13,0,0,0,True,False,0
2087,15,0,0,15,15,0,0,0,True,False,0
2088,13,0,0,13,13,0,0,0,True,False,0
2089,12,0,0,12,12,0,0,0,True,False,0
2090,14,0,0,14,14,0,0,0,True,False,0
2091,12,0,0,12,12,0,0,0,True,False,0
2092,14,0,0,14,14,0,0,0,True,False,0
2093,13,0,0,13,13,0,0,0,True,False,0
2094,12,0,0,12,12,0,0,0,True,False,0
2095,12,0,0,12,12,0,0,0,True,False,0
2096,12,0,0,12,12,0,0,0,True,False,0
2097,6,0,0,6,6,0,0,0,True,False,0
2098,12,0,0,12,12,0,0,0,True,False,0
2099,12,0,0,12,12,0,0,0,True,False,0
2100,6,0,0,6,6,0,0,0,True,False,0
2101,4,0,0,4,4,0,0,0,True,False,0
2102,12,0,0,12,12,0,0,0,True,False,0
2103,13,0,0,13,13,0,0,0,True,False,0
2104,12,0,0,12,12,0,0,0,True,False,0
2105,10,0,0,10,10,0,0,0,True,False,0
2106,12,0,0,12,12,0,0,0,True,False,0
2107,11,0,0,11,11,0,0,0,True,False,0
2108,12,0,0,12,12,0,0,0,True,False,0
2109,6,0,0,6,6,0,0,0,True,False,0
2110,1,0,0,1,1,0,0,0,True,True,0
2111,1,0,0,1,1,0,0,0,True,True,0
2112,1,0,0,1,1,0,0,0,True,True,0
2113,1,0,0,1,1,0,0,0,True,True,0
2114,1,0,0,1,1,0,0,0,True,True,0
2115,1,0,0,1,1,0,0,0,True,True,0
2116,1,0,0,1,1,0,0,0,True,True,0
2117,0,8,0,0,0,0,0,0,True,False,0
2118,0,0,0,0,0,0,0,0,True,False,0
2119,5,0,0,5,5,0,0,0,True,False,0
2120,2,0,0,2,2,0,0,0,True,True,0
2121,4,0,0,4,4,0,0,0,True,False,0
2122,1,0,0,1,1,0,0,0,True,True,0
2123,1,0,0,1,1,0,0,0,True,True,0
2124,1,0,0,1,1,0,0,0,True,True,0
2125,1,0,0,1,1,0,0,0,True,True,0
2126,1,0,0,1,1,0,0,0,True,True,0
2127,1,0,0,1,1,0,0,0,True,True,0
2128,1,0,0,1,1,0,0,0,True,True,0
2129,1,0,0,1,1,0,0,0,True,True,0
2130,1,0,0,1,1,0,0,0,True,True,0
2131,1,0,0,1,1,0,0,0,True,True,0
2132,1,0,0,1,1,0,0,0,True,True,0
2133,1,0,0,1,1,0,0,0,True,True,0
2134,1,0,0,1,1,0,0,0,True,True,0
2135,1,0,0,1,1,0,0,0,True,True,0
2136,1,0,0,1,1,0,0,0,True,True,0
2137,1,0,0,1,1,0,0,0,True,True,0
2138,1,0,0,1,1,0,0,0,True,True,0
2139,2,0,0,2,2,0,0,0,True,True,0
2140,1,0,0,1,1,0,0,0,True,True,0
2141,1,0,0,1,1,0,0,0,True,True,0
2142,1,0,0,1,1,0,0,0,True,True,0
2143,1,0,0,1,1,0,0,0,True,True,0
2144,1,0,0,1,1,0,0,0,True,True,0
2145,1,0,0,1,1,0,0,0,True,True,0
2146,1,0,0,1,1,0,0,0,True,True,0
2147,4,0,0,4,4,0,0,0,True,False,0
2148,5,0,0,5,5,0,0,0,True,False,0
2149,5,0,0,5,5,0,0,0,True,False,0
2150,1,0,0,1,1,0,0,0,True,True,0
2151,10,0,0,10,10,0,0,0,True,False,0
2152,10,0,0,10,10,0,0,0,True,False,0
2153,11,0,0,11,11,0,0,0,True,False,0
2154,12,0,0,12,12,0,0,0,True,False,0
2155,10,0,0,10,10,0,0,0,True,False,0
2156,11,0,0,11,11,0,0,0,True,False,0
2157,13,0,0,13,13,0,0,0,True,False,0
2158,10,0,0,10,10,0,0,0,True,False,0
2159,11,0,0,11,11,0,0,0,True,False,0
2160,8,7,7,8,8,0,0,0,True,False,0
2161,6,0,0,6,6,0,0,0,True,False,0
2162,10,0,0,10,10,0,0,0,True,False,0
2163,12,0,0,12,12,0,0,0,True,False,0
2164,11,99,10,11,11,0,0,0,True,False,0
2165,200,0,0,200,200,0,0,0,True,False,0
2166,84,0,0,84,84,0,0,0,True,False,0
2167,44,0,0,44,44,0,0,0,True,False,0
2168,65,0,0,65,65,0,0,0,True,False,0
2169,10,0,0,10,10,0,0,0,True,False,0
2170,10,0,0,10,10,0,0,0,True,False,0
2171,13,0,0,13,13,0,0,0,True,False,0
2172,10,0,0,10,10,0,0,0,True,False,0
2173,12,0,0,12,12,0,0,0,True,False,0
2174,6,3,3,6,6,0,0,0,True,False,0
2175,9,4,4,9,9,0,0,0,True,False,0
2176,8,3,3,8,8,0,0,0,True,False,0
2177,8,4,4,8,8,0,0,0,True,False,0
2178,7,3,3,7,7,0,0,0,True,False,0
2179,11,3,3,11,11,0,0,0,True,False,0
2180,9,3,3,9,9,0,0,0,True,False,0
2181,8,3,3,8,8,0,0,0,True,False,0
2182,8,0,0,8,8,0,0,0,True,False,0
2183,9,0,0,9,9,0,0,0,True,False,0
2184,8,0,0,8,8,0,0,0,True,False,0
2185,7,0,0,7,7,0,0,0,True,False,0
2186,8,0,0,8,8,0,0,0,True,False,0
2187,8,0,0,8,8,0,0,0,True,False,0
2188,7,0,0,7,7,0,0,0,True,False,0
2189,8,0,0,8,8,0,0,0,True,False,0
2190,13,0,0,13,13,0,0,0,True,False,0
2191,13,0,0,13,13,0,0,0,True,False,0
2192,14,0,0,14,14,0,0,0,True,False,0
2193,13,0,0,13,13,0,0,0,True,False,0
2194,13,0,0,13,13,0,0,0,True,False,0
2195,13,0,0,13,13,0,0,0,True,False,0
2196,15,0,0,15,15,0,0,0,True,False,0
2197,11,0,0,11,11,0,0,0,True,False,0
2198,5,0,0,5,5,0,0,0,True,False,0
2199,5,0,0,5,5,0,0,0,True,False,0
2200,5,0,0,5,5,0,0,0,True,False,0
2201,7,0,0,7,7,0,0,0,True,False,0
2202,5,0,0,5,5,0,0,0,True,False,0
2203,7,0,0,7,7,0,0,0,True,False,0
2204,5,0,0,5,5,0,0,0,True,False,0
2205,12,0,0,12,12,0,0,0,True,False,0
2206,12,0,0,12,12,0,0,0,True,False,0
2207,13,0,0,13,13,0,0,0,True,False,0
2208,10,0,0,10,10,0,0,0,True,False,0
2209,11,0,0,11,11,0,0,0,True,False,0
2210,6,0,0,6,6,0,0,0,True,False,0
2211,10,0,0,10,10,0,0,0,True,False,0
2212,14,0,0,14,14,0,0,0,True,False,0
2213,10,0,0,10,10,0,0,0,True,False,0
2214,2,0,0,2,2,0,0,0,True,True,0
2215,2,0,0,2,2,0,0,0,True,True,0
2216,2,0,0,2,2,0,0,0,True,True,0
2217,2,0,0,2,2,0,0,0,True,True,0
2218,2,0,0,2,2,0,0,0,True,True,0
2219,2,0,0,2,2,0,0,0,True,True,0
2220,2,0,0,2,2,0,0,0,True,True,0
2221,2,0,0,2,2,0,0,0,True,True,0
2222,2,0,0,2,2,0,0,0,True,True,0
2223,2,0,0,2,2,0,0,0,True,True,0
2224,2,0,0,2,2,0,0,0,True,True,0
2225,2,0,0,2,2,0,0,0,True,True,0
2226,2,0,0,2,2,0,0,0,True,True,0
2227,2,0,0,2,2,0,0,0,True,True,0
2228,2,0,0,2,2,0,0,0,True,True,0
2229,2,0,0,2,2,0,0,0,True,True,0
2230,10,0,0,10,10,0,0,0,True,False,0
2231,13,0,0,13,13,0,0,0,True,False,0
2232,10,0,0,10,10,0,0,0,True,False,0
2233,11,0,0,11,11,0,0,0,True,False,0
2234,11,0,0,11,11,0,0,0,True,False,0
2235,9,0,0,9,9,0,0,0,True,False,0
2236,13,0,0,13,13,0,0,0,True,False,0
2237,11,0,0,11,11,0,0,0,True,False,0
2238,11,0,0,11,11,0,0,0,True,False,0
2239,7,7,7,7,7,0,0,0,True,False,0
2240,5,0,0,5,5,0,0,0,True,False,0
2241,12,0,0,12,12,0,0,0,True,False,0
2242,9,0,0,9,9,0,0,0,True,False,0
2243,0,118,0,0,0,0,0,0,True,False,0
2244,0,0,0,0,0,0,0,0,True,False,0
2245,91,0,0,91,91,0,0,0,True,False,0
2246,46,0,0,46,46,0,0,0,True,False,0
2247,73,0,0,73,73,0,0,0,True,False,0
2248,10,0,0,10,10,0,0,0,True,False,0
2249,12,0,0,12,12,0,0,0,True,False,0
2250,10,0,0,10,10,0,0,0,True,False,0
2251,11,0,0,11,11,0,0,0,True,False,0
2252,8,0,0,8,8,0,0,0,True,False,0
2253,8,0,0,8,8,0,0,0,True,False,0
2254,7,0,0,7,7,0,0,0,True,False,0
2255,8,0,0,8,8,0,0,0,True,False,0
2256,8,0,0,8,8,0,0,0,True,False,0
2257,8,0,0,8,8,0,0,0,True,False,0
2258,6,0,0,6,6,0,0,0,True,False,0
2259,9,0,0,9,9,0,0,0,True,False,0
2260,9,0,0,9,9,0,0,0,True,False,0
2261,7,0,0,7,7,0,0,0,True,False,0
2262,6,0,0,6,6,0,0,0,True,False,0
2263,6,0,0,6,6,0,0,0,True,False,0
2264,8,0,0,8,8,0,0,0,True,False,0
2265,7,0,0,7,7,0,0,0,True,False,0
2266,8,0,0,8,8,0,0,0,True,False,0
2267,7,0,0,7,7,0,0,0,True,False,0
2268,7,0,0,7,7,0,0,0,True,False,0
2269,15,0,0,15,15,0,0,0,True,False,0
2270,16,0,0,16,16,0,0,0,True,False,0
2271,13,0,0,13,13,0,0,0,True,False,0
2272,13,0,0,13,13,0,0,0,True,False,0
2273,12,0,0,12,12,0,0,0,True,False,0
2274,12,0,0,12,12,0,0,0,True,False,0
2275,12,0,0,12,12,0,0,0,True,False,0
2276,15,0,0,15,15,0,0,0,True,False,0
2277,4,0,0,4,4,0,0,0,True,False,0
2278,4,0,0,4,4,0,0,0,True,False,0
2279,4,0,0,4,4,0,0,0,True,False,0
2280,6,0,0,6,6,0,0,0,True,False,0
2281,4,0,0,4,4,0,0,0,True,False,0
2282,6,0,0,6,6,0,0,0,True,False,0
2283,4,0,0,4,4,0,0,0,True,False,0
2284,12,0,0,12,12,0,0,0,True,False,0
2285,9,0,0,9,9,0,0,0,True,False,0
2286,9,0,0,9,9,0,0,0,True,False,0
2287,13,0,0,13,13,0,0,0,True,False,0
2288,9,0,0,9,9,0,0,0,True,False,0
2289,9,0,0,9,9,0,0,0,True,False,0
2290,10,0,0,10,10,0,0,0,True,False,0
2291,12,0,0,12,12,0,0,0,True,False,0
2292,8,0,0,8,8,0,0,0,True,False,0
2293,8,0,0,8,8,0,0,0,True,False,0
2294,9,0,0,9,9,0,0,0,True,False,0
2295,12,0,0,12,12,0,0,0,True,False,0
2296,8,0,0,8,8,0,0,0,True,False,0
2297,9,0,0,9,9,0,0,0,True,False,0
2298,12,0,0,12,12,0,0,0,True,False,0
2299,11,0,0,11,11,0,0,0,True,False,0
2300,10,0,0,10,10,0,0,0,True,False,0
2301,9,0,0,9,9,0,0,0,True,False,0
2302,8,8,8,8,8,0,0,0,True,False,0
2303,5,0,0,5,5,0,0,0,True,False,0
2304,11,0,0,11,11,0,0,0,True,False,0
2305,12,0,0,12,12,0,0,0,True,False,0
2306,0,114,0,0,0,0,0,0,True,False,0
2307,0,0,0,0,0,0,0,0,True,False,0
2308,95,0,0,95,95,0,0,0,True,False,0
2309,50,0,0,50,50,0,0,0,True,False,0
2310,80,0,0,80,80,0,0,0,True,False,0
2311,10,0,0,10,10,0,0,0,True,False,0
2312,12,0,0,12,12,0,0,0,True,False,0
2313,11,0,0,11,11,0,0,0,True,False,0
2314,10,0,0,10,10,0,0,0,True,False,0
2315,11,0,0,11,11,0,0,0,True,False,0
2316,8,0,0,8,8,0,0,0,True,False,0
2317,8,0,0,8,8,0,0,0,True,False,0
2318,7,0,0,7,7,0,0,0,True,False,0
2319,7,0,0,7,7,0,0,0,True,False,0
2320,6,0,0,6,6,0,0,0,True,False,0
2321,7,0,0,7,7,0,0,0,True,False,0
2322,8,0,0,8,8,0,0,0,True,False,0
2323,8,0,0,8,8,0,0,0,True,False,0
2324,7,0,0,7,7,0,0,0,True,False,0
2325,5,0,0,5,5,0,0,0,True,False,0
2326,7,0,0,7,7,0,0,0,True,False,0
2327,6,0,0,6,6,0,0,0,True,False,0
2328,8,0,0,8,8,0,0,0,True,False,0
2329,7,0,0,7,7,0,0,0,True,False,0
2330,5,0,0,5,5,0,0,0,True,False,0
2331,9,0,0,9,9,0,0,0,True,False,0
2332,13,0,0,13,13,0,0,0,True,False,0
2333,11,0,0,11,11,0,0,0,True,False,0
2334,12,0,0,12,12,0,0,0,True,False,0
2335,14,0,0,14,14,0,0,0,True,False,0
2336,12,0,0,12,12,0,0,0,True,False,0
2337,13,0,0,13,13,0,0,0,True,False,0
2338,12,0,0,12,12,0,0,0,True,False,0
2339,13,0,0,13,13,0,0,0,True,False,0
2340,4,0,0,4,4,0,0,0,True,False,0
2341,4,0,0,4,4,0,0,0,True,False,0
2342,4,0,0,4,4,0,0,0,True,False,0
2343,6,0,0,6,6,0,0,0,True,False,0
2344,4,0,0,4,4,0,0,0,True,False,0
2345,6,0,0,6,6,0,0,0,True,False,0
2346,4,0,0,4,4,0,0,0,True,False,0
2347,12,0,0,12,12,0,0,0,True,False,0
2348,11,0,0,11,11,0,0,0,True,False,0
2349,5,0,0,5,5,0,0,0,True,False,0
2350,9,0,0,9,9,0,0,0,True,False,0
2351,6,0,0,6,6,0,0,0,True,False,0
2352,13,0,0,13,13,0,0,0,True,False,0
2353,6,0,0,6,6,0,0,0,True,False,0
2354,9,0,0,9,9,0,0,0,True,False,0
2355,12,0,0,12,12,0,0,0,True,False,0
2356,10,0,0,10,10,0,0,0,True,False,0
2357,11,0,0,11,11,0,0,0,True,False,0
2358,9,0,0,9,9,0,0,0,True,False,0
2359,9,0,0,9,9,0,0,0,True,False,0
2360,11,0,0,11,11,0,0,0,True,False,0
2361,12,0,0,12,12,0,0,0,True,False,0
2362,12,0,0,12,12,0,0,0,True,False,0
2363,10,0,0,10,10,0,0,0,True,False,0
2364,10,0,0,10,10,0,0,0,True,False,0
2365,7,7,7,7,7,0,0,0,True,False,0
2366,5,0,0,5,5,0,0,0,True,False,0
2367,12,0,0,12,12,0,0,0,True,False,0
2368,11,0,0,11,11,0,0,0,True,False,0
2369,0,115,0,0,0,0,0,0,True,False,0
2370,0,0,0,0,0,0,0,0,True,False,0
2371,92,0,0,92,92,0,0,0,True,False,0
2372,46,0,0,46,46,0,0,0,True,False,0
2373,75,0,0,75,75,0,0,0,True,False,0
2374,10,0,0,10,10,0,0,0,True,False,0
2375,9,0,0,9,9,0,0,0,True,False,0
2376,12,0,0,12,12,0,0,0,True,False,0
2377,11,0,0,11,11,0,0,0,True,False,0
2378,10,0,0,10,10,0,0,0,True,False,0
2379,10,0,0,10,10,0,0,0,True,False,0
2380,8,0,0,8,8,0,0,0,True,False,0
2381,7,0,0,7,7,0,0,0,True,False,0
2382,7,0,0,7,7,0,0,0,True,False,0
2383,8,0,0,8,8,0,0,0,True,False,0
2384,6,0,0,6,6,1,0,0,True,False,0
2385,7,0,0,7,7,0,0,0,True,False,0
2386,7,0,0,7,7,0,0,0,True,False,0
2387,8,0,0,8,8,0,0,0,True,False,0
2388,7,0,0,7,7,0,0,0,True,False,0
2389,8,0,0,8,8,0,0,0,True,False,0
2390,7,0,0,7,7,0,0,0,True,False,0
2391,5,0,0,5,5,0,0,0,True,False,0
2392,6,0,0,6,6,0,0,0,True,False,0
2393,7,0,0,7,7,0,0,0,True,False,0
2394,8,0,0,8,8,0,0,0,True,False,0
2395,15,0,0,15,15,0,0,0,True,False,0
2396,14,0,0,14,14,0,0,0,True,False,0
2397,13,0,0,13,13,0,0,0,True,False,0
2398,12,0,0,12,12,0,0,0,True,False,0
2399,13,0,0,13,13,0,0,0,True,False,0
2400,13,0,0,13,13,0,0,0,True,False,0
2401,13,0,0,13,13,0,0,0,True,False,0
2402,13,0,0,13,13,0,0,0,True,False,0
2403,4,0,0,4,4,0,0,0,True,False,0
2404,4,0,0,4,4,0,0,0,True,False,0
2405,4,0,0,4,4,0,0,0,True,False,0
2406,6,0,0,6,6,0,0,0,True,False,0
2407,4,0,0,4,4,0,0,0,True,False,0
2408,6,0,0,6,6,0,0,0,True,False,0
2409,4,0,0,4,4,0,0,0,True,False,0
2410,12,0,0,12,12,0,0,0,True,False,0
2411,9,0,0,9,9,0,0,0,True,False,0
2412,13,0,0,13,13,0,0,0,True,False,0
2413,12,0,0,12,12,0,0,0,True,False,0
2414,13,0,0,13,13,0,0,0,True,False,0
2415,10,0,0,10,10,0,0,0,True,False,0
2416,15,0,0,15,15,0,0,0,True,False,0
2417,8,0,0,8,8,0,0,0,True,False,0
2418,8,0,0,8,8,0,0,0,True,False,0
2419,9,0,0,9,9,0,0,0,True,False,0
2420,9,0,0,9,9,0,0,0,True,False,0
2421,9,0,0,9,9,0,0,0,True,False,0
2422,10,0,0,10,10,0,0,0,True,False,0
2423,10,0,0,10,10,0,0,0,True,False,0
2424,9,0,0,9,9,0,0,0,True,False,0
2425,11,0,0,11,11,0,0,0,True,False,0
2426,10,0,0,10,10,0,0,0,True,False,0
2427,11,1,1,11,11,0,0,0,True,False,0
2428,8,8,8,8,8,0,0,0,True,False,0
2429,5,0,0,5,5,0,0,0,True,False,0
2430,10,1,1,10,10,0,0,0,True,False,0
2431,9,1,1,9,9,0,0,0,True,False,0
2432,0,122,0,0,0,0,0,0,True,False,0
2433,0,0,0,0,0,0,0,0,True,False,0
2434,97,0,0,97,97,0,0,0,True,False,0
2435,45,0,0,45,45,0,0,0,True,False,0
2436,74,0,0,74,74,0,0,0,True,False,0
2437,10,1,1,10,10,0,0,0,True,False,0
2438,10,1,1,10,10,0,0,0,True,False,0
2439,9,1,1,9,9,0,0,0,True,False,0
2440,10,1,1,10,10,0,0,0,True,False,0
2441,10,1,1,10,10,0,0,0,True,False,0
2442,8,0,0,8,8,0,0,0,True,False,0
2443,7,0,0,7,7,0,0,0,True,False,0
2444,7,0,0,7,7,0,0,0,True,False,0
2445,7,0,0,7,7,0,0,0,True,False,0
2446,8,0,0,8,8,0,0,0,True,False,0
2447,7,0,0,7,7,0,0,0,True,False,0
2448,7,0,0,7,7,0,0,0,True,False,0
2449,7,0,0,7,7,0,0,0,True,False,0
2450,6,0,0,6,6,0,0,0,True,False,0
2451,6,0,0,6,6,0,0,0,True,False,0
2452,7,0,0,7,7,0,0,0,True,False,0
2453,5,0,0,5,5,0,0,0,True,False,0
2454,7,0,0,7,7,0,0,0,True,False,0
2455,10,0,0,10,10,0,0,0,True,False,0
2456,6,0,0,6,6,0,0,0,True,False,0
2457,8,0,0,8,8,0,0,0,True,False,0
2458,12,0,0,12,12,0,0,0,True,False,0
2459,14,0,0,14,14,0,0,0,True,False,0
2460,14,0,0,14,14,0,0,0,True,False,0
2461,15,0,0,15,15,0,0,0,True,False,0
2462,12,0,0,12,12,0,0,0,True,False,0
2463,16,0,0,16,16,0,0,0,True,False,0
2464,11,0,0,11,11,0,0,0,True,False,0
2465,13,0,0,13,13,0,0,0,True,False,0
2466,4,0,0,4,4,0,0,0,True,False,0
2467,4,0,0,4,4,0,0,0,True,False,0
2468,4,0,0,4,4,0,0,0,True,False,0
2469,6,0,0,6,6,0,0,0,True,False,0
2470,4,0,0,4,4,0,0,0,True,False,0
2471,6,0,0,6,6,0,0,0,True,False,0
2472,4,0,0,4,4,0,0,0,True,False,0
2473,12,0,0,12,12,0,0,0,True,False,0
2474,12,0,0,12,12,0,0,0,True,False,0
2475,12,0,0,12,12,0,0,0,True,False,0
2476,11,0,0,11,11,0,0,0,True,False,0
2477,9,0,0,9,9,0,0,0,True,False,0
2478,13,0,0,13,13,0,0,0,True,False,0
2479,12,0,0,12,12,0,0,0,True,False,0
2480,13,0,0,13,13,0,0,0,True,False,0
2481,9,0,0,9,9,0,0,0,True,False,0
2482,9,0,0,9,9,0,0,0,True,False,0
2483,10,0,0,10,10,0,0,0,True,False,0
2484,12,0,0,12,12,0,0,0,True,False,0
2485,11,0,0,11,11,0,0,0,True,False,0
2486,11,0,0,11,11,0,0,0,True,False,0
2487,11,0,0,11,11,0,0,0,True,False,0
2488,10,0,0,10,10,0,0,0,True,False,0
2489,11,0,0,11,11,0,0,0,True,False,0
2490,8,0,0,8,8,0,0,0,True,False,0
2491,7,7,7,7,7,0,0,0,True,False,0
2492,5,0,0,5,5,0,0,0,True,False,0
2493,9,0,0,9,9,0,0,0,True,False,0
2494,9,0,0,9,9,0,0,0,True,False,0
2495,10,119,10,10,10,0,0,0,True,False,0
2496,200,0,0,200,200,0,0,0,True,False,0
2497,92,0,0,92,92,0,0,0,True,False,0
2498,46,0,0,46,46,0,0,0,True,False,0
2499,75,0,0,75,75,0,0,0,True,False,0
2500,10,0,0,10,10,0,0,0,True,False,0
2501,7,0,0,7,7,0,0,0,True,False,0
2502,8,0,0,8,8,0,0,0,True,False,0
2503,8,0,0,8,8,0,0,0,True,False,0
2504,7,0,0,7,7,0,0,0,True,False,0
2505,8,0,0,8,8,0,0,0,True,False,0
2506,7,0,0,7,7,0,0,0,True,False,0
2507,8,0,0,8,8,0,0,0,True,False,0
2508,9,0,0,9,9,0,0,0,True,False,0
2509,9,0,0,9,9,0,0,0,True,False,0
2510,9,0,0,9,9,0,0,0,True,False,0
2511,8,0,0,8,8,0,0,0,True,False,0
2512,6,0,0,6,6,0,0,0,True,False,0
2513,9,0,0,9,9,0,0,0,True,False,0
2514,7,0,0,7,7,0,0,0,True,False,0
2515,7,0,0,7,7,0,0,0,True,False,0
2516,7,0,0,7,7,0,0,0,True,False,0
2517,8,0,0,8,8,0,0,0,True,False,0
2518,6,0,0,6,6,0,0,0,True,False,0
2519,8,0,0,8,8,0,0,0,True,False,0
2520,6,0,0,6,6,0,0,0,True,False,0
2521,13,0,0,13,13,0,0,0,True,False,0
2522,16,0,0,16,16,0,0,0,True,False,0
2523,12,0,0,12,12,0,0,0,True,False,0
2524,12,0,0,12,12,0,0,0,True,False,0
2525,12,0,0,12,12,0,0,0,True,False,0
2526,15,0,0,15,15,0,0,0,True,False,0
2527,13,0,0,13,13,0,0,0,True,False,0
2528,13,0,0,13,13,0,0,0,True,False,0
2529,4,0,0,4,4,0,0,0,True,False,0
2530,4,0,0,4,4,0,0,0,True,False,0
2531,4,0,0,4,4,0,0,0,True,False,0
2532,6,0,0,6,6,0,0,0,True,False,0
2533,4,0,0,4,4,0,0,0,True,False,0
2534,6,0,0,6,6,0,0,0,True,False,0
2535,4,0,0,4,4,0,0,0,True,False,0
2536,12,0,0,12,12,0,0,0,True,False,0
2537,4,0,0,4,4,0,0,0,True,False,0
2538,9,0,0,9,9,0,0,0,True,False,0
2539,14,0,0,14,14,0,0,0,True,False,0
2540,6,0,0,6,6,0,0,0,True,False,0
2541,8,0,0,8,8,0,0,0,True,False,0
2542,9,0,0,9,9,0,0,0,True,False,0
2543,11,0,0,11,11,0,0,0,True,False,0
2544,13,0,0,13,13,0,0,0,True,False,0
2545,9,0,0,9,9,0,0,0,True,False,0
2546,11,0,0,11,11,0,0,0,True,False,0
2547,9,0,0,9,9,0,0,0,True,False,0
2548,9,0,0,9,9,0,0,0,True,False,0
2549,11,0,0,11,11,0,0,0,True,False,0
2550,12,0,0,12,12,0,0,0,True,False,0
2551,9,0,0,9,9,0,0,0,True,False,0
2552,12,0,0,12,12,0,0,0,True,False,0
2553,10,0,0,10,10,0,0,0,True,False,0
2554,8,8,8,8,8,0,0,0,True,False,0
2555,5,0,0,5,5,0,0,0,True,False,0
2556,7,0,0,7,7,0,0,0,True,False,0
2557,9,0,0,9,9,0,0,0,True,False,0
2558,0,119,0,0,0,0,0,0,True,False,0
2559,0,0,0,0,0,0,0,0,True,False,0
2560,104,0,0,104,104,0,0,0,True,False,0
2561,45,0,0,45,45,0,0,0,True,False,0
2562,73,0,0,73,73,0,0,0,True,False,0
2563,9,0,0,9,9,0,0,0,True,False,0
2564,7,0,0,7,7,0,0,0,True,False,0
2565,9,0,0,9,9,0,0,0,True,False,0
2566,9,0,0,9,9,0,0,0,True,False,0
2567,9,0,0,9,9,0,0,0,True,False,0
2568,8,0,0,8,8,0,0,0,True,False,0
2569,7,0,0,7,7,0,0,0,True,False,0
2570,8,0,0,8,8,0,0,0,True,False,0
2571,8,0,0,8,8,0,0,0,True,False,0
2572,8,0,0,8,8,0,0,0,True,False,0
2573,6,0,0,6,6,0,0,0,True,False,0
2574,9,0,0,9,9,0,0,0,True,False,0
2575,7,0,0,7,7,0,0,0,True,False,0
2576,10,0,0,10,10,0,0,0,True,False,0
2577,6,0,0,6,6,0,0,0,True,False,0
2578,6,0,0,6,6,0,0,0,True,False,0
2579,8,0,0,8,8,0,0,0,True,False,0
2580,8,0,0,8,8,0,0,0,True,False,0
2581,7,0,0,7,7,0,0,0,True,False,0
2582,8,0,0,8,8,0,0,0,True,False,0
2583,8,0,0,8,8,0,0,0,True,False,0
2584,14,0,0,14,14,0,0,0,True,False,0
2585,12,0,0,12,12,0,0,0,True,False,0
2586,13,0,0,13,13,0,0,0,True,False,0
2587,13,0,0,13,13,0,0,0,True,False,0
2588,15,0,0,15,15,0,0,0,True,False,0
2589,14,0,0,14,14,0,0,0,True,False,0
2590,14,0,0,14,14,0,0,0,True,False,0
2591,13,0,0,13,13,0,0,0,True,False,0
2592,4,0,0,4,4,0,0,0,True,False,0
2593,4,0,0,4,4,0,0,0,True,False,0
2594,4,0,0,4,4,0,0,0,True,False,0
2595,6,0,0,6,6,0,0,0,True,False,0
2596,4,0,0,4,4,0,0,0,True,False,0
2597,6,0,0,6,6,0,0,0,True,False,0
2598,4,0,0,4,4,0,0,0,True,False,0
2599,12,0,0,12,12,0,0,0,True,False,0
2600,11,0,0,11,11,0,0,0,True,False,0
2601,8,0,0,8,8,0,0,0,True,False,0
2602,9,0,0,9,9,0,0,0,True,False,0
2603,10,0,0,10,10,0,0,0,True,False,0
2604,9,0,0,9,9,0,0,0,True,False,0
2605,7,0,0,7,7,0,0,0,True,False,0
2606,3,0,0,3,3,0,0,0,True,False,0
2607,15,0,0,15,15,0,0,0,True,False,0
2608,10,0,0,10,10,0,0,0,True,False,0
2609,10,0,0,10,10,0,0,0,True,False,0
2610,8,0,0,8,8,0,0,0,True,False,0
2611,12,0,0,12,12,0,0,0,True,False,0
2612,11,0,0,11,11,0,0,0,True,False,0
2613,11,0,0,11,11,0,0,0,True,False,0
2614,11,0,0,11,11,0,0,0,True,False,0
2615,10,0,0,10,10,0,0,0,True,False,0
2616,7,0,0,7,7,0,0,0,True,False,0
2617,8,8,8,8,8,0,0,0,True,False,0
2618,5,0,0,5,5,0,0,0,True,False,0
2619,8,0,0,8,8,0,0,0,True,False,0
2620,8,0,0,8,8,0,0,0,True,False,0
2621,0,118,0,0,0,0,0,0,True,False,0
2622,0,0,0,0,0,0,0,0,True,False,0
2623,95,0,0,95,95,0,0,0,True,False,0
2624,51,0,0,51,51,0,0,0,True,False,0
2625,74,0,0,74,74,0,0,0,True,False,0
2626,6,0,0,6,6,0,0,0,True,False,0
2627,8,0,0,8,8,0,0,0,True,False,0
2628,8,0,0,8,8,0,0,0,True,False,0
2629,10,0,0,10,10,0,0,0,True,False,0
2630,8,0,0,8,8,0,0,0,True,False,0
2631,8,0,0,8,8,0,0,0,True,False,0
2632,8,0,0,8,8,0,0,0,True,False,0
2633,5,0,0,5,5,0,0,0,True,False,0
2634,7,0,0,7,7,0,0,0,True,False,0
2635,8,0,0,8,8,0,0,0,True,False,0
2636,8,0,0,8,8,0,0,0,True,False,0
2637,6,0,0,6,6,0,0,0,True,False,0
2638,8,0,0,8,8,0,0,0,True,False,0
2639,7,0,0,7,7,0,0,0,True,False,0
2640,9,0,0,9,9,0,0,0,True,False,0
2641,7,0,0,7,7,0,0,0,True,False,0
2642,7,0,0,7,7,0,0,0,True,False,0
2643,7,0,0,7,7,0,0,0,True,False,0
2644,6,0,0,6,6,0,0,0,True,False,0
2645,7,0,0,7,7,0,0,0,True,False,0
2646,6,0,0,6,6,0,0,0,True,False,0
2647,16,0,0,16,16,0,0,0,True,False,0
2648,13,0,0,13,13,0,0,0,True,False,0
2649,13,0,0,13,13,0,0,0,True,False,0
2650,12,0,0,12,12,0,0,0,True,False,0
2651,14,0,0,14,14,0,0,0,True,False,0
2652,14,0,0,14,14,0,0,0,True,False,0
2653,13,0,0,13,13,0,0,0,True,False,0
2654,13,0,0,13,13,0,0,0,True,False,0
2655,4,0,0,4,4,0,0,0,True,False,0
2656,4,0,0,4,4,0,0,0,True,False,0
2657,4,0,0,4,4,0,0,0,True,False,0
2658,6,0,0,6,6,0,0,0,True,False,0
2659,4,0,0,4,4,0,0,0,True,False,0
2660,6,0,0,6,6,0,0,0,True,False,0
2661,4,0,0,4,4,0,0,0,True,False,0
2662,12,0,0,12,12,0,0,0,True,False,0
2663,12,0,0,12,12,0,0,0,True,False,0
2664,10,0,0,10,10,0,0,0,True,False,0
2665,8,0,0,8,8,0,0,0,True,False,0
2666,20,0,0,20,20,0,0,0,True,False,0
2667,9,0,0,9,9,0,0,0,True,False,0
2668,4,0,0,4,4,0,0,0,True,False,0
2669,12,0,0,12,12,0,0,0,True,False,0
2670,4,0,0,4,4,0,0,0,True,False,0
2671,1,0,0,1,1,0,0,0,True,True,0
2672,12,0,0,12,12,0,0,0,True,False,0
2673,10,0,0,10,10,0,0,0,True,False,0
2674,11,0,0,11,11,0,0,0,True,False,0
2675,10,0,0,10,10,0,0,0,True,False,0
2676,9,0,0,9,9,0,0,0,True,False,0
2677,11,0,0,11,11,0,0,0,True,False,0
2678,10,0,0,10,10,0,0,0,True,False,0
2679,8,0,0,8,8,0,0,0,True,False,0
2680,7,0,0,7,7,0,0,0,True,False,0
2681,7,7,7,7,7,0,0,0,True,False,0
2682,5,0,0,5,5,0,0,0,True,False,0
2683,8,0,0,8,8,0,0,0,True,False,0
2684,8,0,0,8,8,0,0,0,True,False,0
2685,0,128,0,0,0,0,0,0,True,False,0
2686,0,0,0,0,0,0,0,0,True,False,0
2687,90,0,0,90,90,0,0,0,True,False,0
2688,44,0,0,44,44,0,0,0,True,False,0
2689,77,0,0,77,77,0,0,0,True,False,0
2690,9,0,0,9,9,0,0,0,True,False,0
2691,8,0,0,8,8,0,0,0,True,False,0
2692,9,0,0,9,9,0,0,0,True,False,0
2693,9,0,0,9,9,0,0,0,True,False,0
2694,8,0,0,8,8,0,0,0,True,False,0
2695,6,0,0,6,6,0,0,0,True,False,0
2696,7,0,0,7,7,0,0,0,True,False,0
2697,6,0,0,6,6,0,0,0,True,False,0
2698,8,0,0,8,8,0,0,0,True,False,0
2699,7,0,0,7,7,0,0,0,True,False,0
2700,7,0,0,7,7,0,0,0,True,False,0
2701,7,0,0,7,7,0,0,0,True,False,0
2702,6,0,0,6,6,0,0,0,True,False,0
2703,6,0,0,6,6,0,0,0,True,False,0
2704,8,0,0,8,8,0,0,0,True,False,0
2705,6,0,0,6,6,0,0,0,True,False,0
2706,8,0,0,8,8,0,0,0,True,False,0
2707,8,0,0,8,8,0,0,0,True,False,0
2708,7,0,0,7,7,0,0,0,True,False,0
2709,7,0,0,7,7,0,0,0,True,False,0
2710,8,0,0,8,8,0,0,0,True,False,0
2711,13,0,0,13,13,0,0,0,True,False,0
2712,13,0,0,13,13,0,0,0,True,False,0
2713,12,0,0,12,12,0,0,0,True,False,0
2714,14,0,0,14,14,0,0,0,True,False,0
2715,14,0,0,14,14,0,0,0,True,False,0
2716,14,0,0,14,14,0,0,0,True,False,0
2717,13,0,0,13,13,0,0,0,True,False,0
2718,12,0,0,12,12,0,0,0,True,False,0
2719,4,0,0,4,4,0,0,0,True,False,0
2720,4,0,0,4,4,0,0,0,True,False,0
2721,4,0,0,4,4,0,0,0,True,False,0
2722,6,0,0,6,6,0,0,0,True,False,0
2723,4,0,0,4,4,0,0,0,True,False,0
2724,6,0,0,6,6,0,0,0,True,False,0
2725,4,0,0,4,4,0,0,0,True,False,0
2726,12,0,0,12,12,0,0,0,True,False,0
2727,9,0,0,9,9,0,0,0,True,False,0
2728,6,0,0,6,6,0,0,0,True,False,0
2729,10,0,0,10,10,0,0,0,True,False,0
2730,10,0,0,10,10,0,0,0,True,False,0
2731,14,0,0,14,14,0,0,0,True,False,0
2732,7,0,0,7,7,0,0,0,True,False,0
2733,10,0,0,10,10,0,0,0,True,False,0
2734,3,0,0,3,3,0,0,0,True,False,0
2735,1,0,0,1,1,0,0,0,True,True,0
2736,1,0,0,1,1,0,0,0,True,True,0
2737,9,0,0,9,9,0,0,0,True,False,0
2738,13,0,0,13,13,0,0,0,True,False,0
2739,10,0,0,10,10,0,0,0,True,False,0
2740,11,0,0,11,11,0,0,0,True,False,0
2741,9,0,0,9,9,0,0,0,True,False,0
2742,11,0,0,11,11,0,0,0,True,False,0
2743,10,0,0,10,10,0,0,0,True,False,0
2744,10,0,0,10,10,0,0,0,True,False,0
2745,9,0,0,9,9,0,0,0,True,False,0
2746,8,8,8,8,8,0,0,0,True,False,0
2747,5,0,0,5,5,0,0,0,True,False,0
2748,8,0,0,8,8,0,0,0,True,False,0
2749,9,0,0,9,9,0,0,0,True,False,0
2750,0,114,0,0,0,0,0,0,True,False,0
2751,0,0,0,0,0,0,0,0,True,False,0
2752,89,0,0,89,89,0,0,0,True,False,0
2753,49,0,0,49,49,0,0,0,True,False,0
2754,81,0,0,81,81,0,0,0,True,False,0
2755,8,0,0,8,8,0,0,0,True,False,0
2756,11,0,0,11,11,0,0,0,True,False,0
2757,8,0,0,8,8,0,0,0,True,False,0
2758,8,0,0,8,8,0,0,0,True,False,0
2759,8,0,0,8,8,0,0,0,True,False,0
2760,8,0,0,8,8,0,0,0,True,False,0
2761,7,0,0,7,7,0,0,0,True,False,0
2762,7,0,0,7,7,0,0,0,True,False,0
2763,9,0,0,9,9,0,0,0,True,False,0
2764,8,0,0,8,8,0,0,0,True,False,0
2765,8,0,0,8,8,0,0,0,True,False,0
2766,8,0,0,8,8,0,0,0,True,False,0
2767,6,0,0,6,6,0,0,0,True,False,0
2768,9,0,0,9,9,0,0,0,True,False,0
2769,7,0,0,7,7,0,0,0,True,False,0
2770,7,0,0,7,7,0,0,0,True,False,0
2771,8,0,0,8,8,0,0,0,True,False,0
2772,5,0,0,5,5,0,0,0,True,False,0
2773,7,0,0,7,7,0,0,0,True,False,0
2774,7,0,0,7,7,0,0,0,True,False,0
2775,6,0,0,6,6,0,0,0,True,False,0
2776,12,0,0,12,12,0,0,0,True,False,0
2777,15,0,0,15,15,0,0,0,True,False,0
2778,13,0,0,13,13,0,0,0,True,False,0
2779,14,0,0,14,14,0,0,0,True,False,0
2780,13,0,0,13,13,0,0,0,True,False,0
2781,14,0,0,14,14,0,0,0,True,False,0
2782,11,0,0,11,11,0,0,0,True,False,0
2783,12,0,0,12,12,0,0,0,True,False,0
2784,4,0,0,4,4,0,0,0,True,False,0
2785,4,0,0,4,4,0,0,0,True,False,0
2786,4,0,0,4,4,0,0,0,True,False,0
2787,6,0,0,6,6,0,0,0,True,False,0
2788,4,0,0,4,4,0,0,0,True,False,0
2789,6,0,0,6,6,0,0,0,True,False,0
2790,4,0,0,4,4,0,0,0,True,False,0
2791,12,0,0,12,12,0,0,0,True,False,0
2792,13,0,0,13,13,0,0,0,True,False,0
2793,13,0,0,13,13,0,0,0,True,False,0
2794,7,0,0,7,7,0,0,0,True,False,0
2795,7,0,0,7,7,0,0,0,True,False,0
2796,6,0,0,6,6,0,0,0,True,False,0
2797,13,0,0,13,13,0,0,0,True,False,0
2798,13,0,0,13,13,0,0,0,True,False,0
2799,11,0,0,11,11,0,0,0,True,False,0
2800,1,0,0,1,1,0,0,0,True,True,0
2801,1,0,0,1,1,0,0,0,True,True,0
2802,1,0,0,1,1,0,0,0,True,True,0
2803,1,0,0,1,1,0,0,0,True,True,0
2804,1,0,0,1,1,0,0,0,True,True,0
2805,1,0,0,1,1,0,0,0,True,True,0
2806,1,0,0,1,1,0,0,0,True,True,0
2807,3,0,0,3,3,0,0,0,True,False,0
2808,1,0,0,1,1,0,0,0,True,True,0
2809,2,0,0,2,2,0,0,0,True,True,0
2810,1,0,0,1,1,0,0,0,True,True,0
2811,1,0,0,1,1,0,0,0,True,True,0
2812,2,0,0,2,2,0,0,0,True,True,0
2813,1,1,1,1,1,0,0,0,True,True,0
2814,1,0,0,1,1,0,0,0,True,True,0
2815,1,0,0,1,1,0,0,0,True,True,0
2816,0,17,0,0,0,0,0,0,True,False,0
2817,0,0,0,0,0,0,0,0,True,False,0
2818,13,0,0,13,13,0,0,0,True,False,0
2819,7,0,0,7,7,0,0,0,True,False,0
2820,8,0,0,8,8,0,0,0,True,False,0
2821,1,0,0,1,1,0,0,0,True,True,0
2822,1,0,0,1,1,0,0,0,True,True,0
2823,1,0,0,1,1,0,0,0,True,True,0
2824,2,0,0,2,2,0,0,0,True,True,0
2825,1,0,0,1,1,0,0,0,True,True,0
2826,1,0,0,1,1,0,0,0,True,True,0
2827,1,0,0,1,1,0,0,0,True,True,0
2828,1,0,0,1,1,0,0,0,True,True,0
2829,1,0,0,1,1,0,0,0,True,True,0
2830,1,0,0,1,1,0,0,0,True,True,0
2831,1,0,0,1,1,0,0,0,True,True,0
2832,1,0,0,1,1,0,0,0,True,True,0
2833,1,0,0,1,1,0,0,0,True,True,0
2834,1,0,0,1,1,0,0,0,True,True,0
2835,1,0,0,1,1,0,0,0,True,True,0
2836,1,0,0,1,1,0,0,0,True,True,0
2837,1,0,0,1,1,0,0,0,True,True,0
2838,1,0,0,1,1,0,0,0,True,True,0
2839,1,0,0,1,1,0,0,0,True,True,0
2840,1,0,0,1,1,0,0,0,True,True,0
2841,1,0,0,1,1,0,0,0,True,True,0
2842,3,0,0,3,3,0,0,0,True,False,0
2843,2,0,0,2,2,0,0,0,True,True,0
2844,1,0,0,1,1,0,0,0,True,True,0
2845,2,0,0,2,2,0,0,0,True,True,0
2846,2,0,0,2,2,0,0,0,True,True,0
2847,1,0,0,1,1,0,0,0,True,True,0
2848,1,0,0,1,1,0,0,0,True,True,0
2849,1,0,0,1,1,0,0,0,True,True,0
2850,1,0,0,1,1,0,0,0,True,True,0
2851,1,0,0,1,1,0,0,0,True,True,0
2852,2,0,0,2,2,0,0,0,True,True,0
2853,1,0,0,1,1,0,0,0,True,True,0
2854,6,0,0,6,6,0,0,0,True,False,0
2855,3,0,0,3,3,0,0,0,True,False,0
2856,4,0,0,4,4,0,0,0,True,False,0
2857,5,0,0,5,5,0,0,0,True,False,0
2858,1,0,0,1,1,0,0,0,True,True,0
2859,6,0,0,6,6,0,0,0,True,False,0
2860,4,0,0,4,4,0,0,0,True,False,0
2861,1,0,0,1,1,0,0,0,True,True,0
2862,10,0,0,10,10,0,0,0,False,False,0
2863,9,0,0,9,9,0,0,0,False,False,0
2864,8,0,0,8,8,0,0,0,False,False,0
2865,9,0,0,9,9,0,0,0,False,False,0
2866,9,0,0,9,9,0,0,0,False,False,0
2867,13,0,0,13,13,0,0,0,False,False,0
2868,10,0,0,10,10,0,0,0,False,False,0
2869,11,0,0,11,11,0,0,0,False,False,0
2870,10,0,0,10,10,0,0,0,False,False,0
2871,8,7,7,8,8,0,0,0,False,False,0
2872,5,0,0,5,5,0,0,0,False,False,0
2873,11,0,0,11,11,0,0,0,False,False,0
2874,11,0,0,11,11,0,0,0,False,False,0
2875,11,96,10,11,11,0,0,0,False,False,0
2876,200,0,0,200,200,0,0,0,False,False,0
2877,79,0,0,79,79,0,0,0,False,False,0
2878,41,0,0,41,41,0,0,0,False,False,0
2879,62,0,0,62,62,0,0,0,False,False,0
2880,11,0,0,11,11,0,0,0,False,False,0
2881,8,0,0,8,8,0,0,0,False,False,0
2882,10,0,0,10,10,0,0,0,False,False,0
2883,9,0,0,9,9,0,0,0,False,False,0
2884,10,0,0,10,10,0,0,0,False,False,0
2885,8,3,3,8,8,0,0,0,False,False,0
2886,7,3,3,7,7,0,0,0,False,False,0
2887,6,4,4,6,6,0,0,0,False,False,0
2888,8,3,3,8,8,0,0,0,False,False,0
2889,7,3,3,7,7,0,0,0,False,False,0
2890,7,3,3,7,7,0,0,0,False,False,0
2891,8,3,3,8,8,0,0,0,False,False,0
2892,8,4,4,8,8,0,0,0,False,False,0
2893,6,0,0,6,6,0,0,0,False,False,0
2894,6,0,0,6,6,0,0,0,False,False,0
2895,8,0,0,8,8,0,0,0,False,False,0
2896,7,0,0,7,7,0,0,0,False,False,0
2897,8,0,0,8,8,0,0,0,False,False,0
2898,8,0,0,8,8,0,0,0,False,False,0
2899,7,0,0,7,7,0,0,0,False,False,0
2900,6,0,0,6,6,0,0,0,False,False,0
2901,11,0,0,11,11,0,0,0,False,False,0
2902,12,0,0,12,12,0,0,0,False,False,0
2903,13,0,0,13,13,0,0,0,False,False,0
2904,13,0,0,13,13,0,0,0,False,False,0
2905,11,0,0,11,11,0,0,0,False,False,0
2906,13,0,0,13,13,0,0,0,False,False,0
2907,14,0,0,14,14,0,0,0,False,False,0
2908,13,0,0,13,13,0,0,0,False,False,0
2909,5,0,0,5,5,0,0,0,False,False,0
2910,11,0,0,11,11,0,0,0,False,False,0
2911,6,0,0,6,6,0,0,0,False,False,0
2912,11,0,0,11,11,0,0,0,False,False,0
2913,6,0,0,6,6,0,0,0,False,False,0
2914,5,0,0,5,5,0,0,0,False,False,0
2915,5,0,0,5,5,0,0,0,False,False,0
2916,11,0,0,11,11,0,0,0,False,False,0
2917,10,0,0,10,10,0,0,0,False,False,0
2918,5,0,0,5,5,0,0,0,False,False,0
2919,10,0,0,10,10,0,0,0,False,False,0
2920,8,0,0,8,8,0,0,0,False,False,0
2921,4,0,0,4,4,0,0,0,False,False,0
2922,12,0,0,12,12,0,0,0,False,False,0
2923,10,0,0,10,10,0,0,0,False,False,0
2924,7,0,0,7,7,0,0,0,False,False,0
2925,2,0,0,2,2,0,0,0,False,True,0
2926,2,0,0,2,2,0,0,0,False,True,0
2927,2,0,0,2,2,0,0,0,False,True,0
2928,2,0,0,2,2,0,0,0,False,True,0
2929,2,0,0,2,2,0,0,0,False,True,0
2930,2,0,0,2,2,0,0,0,False,True,0
2931,2,0,0,2,2,0,0,0,False,True,0
2932,2,0,0,2,2,0,0,0,False,True,0
2933,2,0,0,2,2,0,0,0,False,True,0
2934,2,0,0,2,2,0,0,0,False,True,0
2935,2,0,0,2,2,0,0,0,False,True,0
2936,2,0,0,2,2,0,0,0,False,True,0
2937,2,0,0,2,2,0,0,0,False,True,0
2938,2,0,0,2,2,0,0,0,False,True,0
2939,2,0,0,2,2,0,0,0,False,True,0
2940,2,0,0,2,2,0,0,0,False,True,0
2941,11,0,0,11,11,0,0,0,True,False,0
2942,11,0,0,11,11,0,0,0,True,False,0
2943,12,0,0,12,12,0,0,0,True,False,0
2944,9,0,0,9,9,0,0,0,True,False,0
2945,8,0,0,8,8,0,0,0,True,False,0
2946,10,0,0,10,10,0,0,0,True,False,0
2947,10,0,0,10,10,0,0,0,True,False,0
2948,10,0,0,10,10,0,0,0,True,False,0
2949,12,0,0,12,12,0,0,0,True,False,0
2950,7,7,7,7,7,0,0,0,True,False,0
2951,5,0,0,5,5,0,0,0,True,False,0
2952,11,0,0,11,11,0,0,0,True,False,0
2953,10,0,0,10,10,0,0,0,True,False,0
2954,0,124,0,0,0,0,0,0,True,False,0
2955,0,0,0,0,0,0,0,0,True,False,0
2956,91,0,0,91,91,0,0,0,True,False,0
2957,48,0,0,48,48,0,0,0,True,False,0
2958,82,0,0,82,82,0,0,0,True,False,0
2959,10,0,0,10,10,0,0,0,True,False,0
2960,9,0,0,9,9,0,0,0,True,False,0
2961,11,0,0,11,11,0,0,0,True,False,0
2962,9,0,0,9,9,0,0,0,True,False,0
2963,11,0,0,11,11,0,0,0,True,False,0
2964,9,0,0,9,9,0,0,0,True,False,0
2965,7,0,0,7,7,0,0,0,True,False,0
2966,7,0,0,7,7,0,0,0,True,False,0
2967,7,0,0,7,7,0,0,0,True,False,0
2968,8,0,0,8,8,0,0,0,True,False,0
2969,7,0,0,7,7,0,0,0,True,False,0
2970,7,0,0,7,7,0,0,0,True,False,0
2971,7,0,0,7,7,0,0,0,True,False,0
2972,7,0,0,7,7,0,0,0,True,False,0
2973,6,0,0,6,6,0,0,0,True,False,0
2974,7,0,0,7,7,0,0,0,True,False,0
2975,8,0,0,8,8,0,0,0,True,False,0
2976,7,0,0,7,7,0,0,0,True,False,0
2977,6,0,0,6,6,0,0,0,True,False,0
2978,7,0,0,7,7,0,0,0,True,False,0
2979,9,0,0,9,9,0,0,0,True,False,0
2980,11,0,0,11,11,0,0,0,True,False,0
2981,14,0,0,14,14,0,0,0,True,False,0
2982,16,0,0,16,16,0,0,0,True,False,0
2983,13,0,0,13,13,0,0,0,True,False,0
2984,13,0,0,13,13,0,0,0,True,False,0
2985,13,0,0,13,13,0,0,0,True,False,0
2986,14,0,0,14,14,0,0,0,True,False,0
2987,13,0,0,13,13,0,0,0,True,False,0
2988,4,0,0,4,4,0,0,0,True,False,0
2989,12,0,0,12,12,0,0,0,True,False,0
2990,6,0,0,6,6,0,0,0,True,False,0
2991,12,0,0,12,12,0,0,0,True,False,0
2992,6,0,0,6,6,0,0,0,True,False,0
2993,4,0,0,4,4,0,0,0,True,False,0
2994,4,0,0,4,4,0,0,0,True,False,0
2995,12,0,0,12,12,0,0,0,True,False,0
2996,14,0,0,14,14,0,0,0,True,False,0
2997,13,0,0,13,13,0,0,0,True,False,0
2998,19,0,0,19,19,0,0,0,True,False,0
2999,4,0,0,4,4,0,0,0,True,False,0
3000,15,0,0,15,15,0,0,0,True,False,0
3001,13,0,0,13,13,0,0,0,True,False,0
3002,10,0,0,10,10,0,0,0,True,False,0
3003,10,0,0,10,10,0,0,0,True,False,0
3004,12,0,0,12,12,0,0,0,True,False,0
3005,11,0,0,11,11,0,0,0,True,False,0
3006,14,0,0,14,14,0,0,0,True,False,0
3007,11,0,0,11,11,0,0,0,True,False,0
3008,12,0,0,12,12,0,0,0,True,False,0
3009,11,0,0,11,11,0,0,0,True,False,0
3010,9,0,0,9,9,0,0,0,True,False,0
3011,10,0,0,10,10,0,0,0,True,False,0
3012,10,0,0,10,10,0,0,0,True,False,0
3013,8,8,8,8,8,0,0,0,True,False,0
3014,5,0,0,5,5,0,0,0,True,False,0
3015,10,0,0,10,10,0,0,0,True,False,0
3016,12,0,0,12,12,0,0,0,True,False,0
3017,0,123,0,0,0,0,0,0,True,False,0
3018,0,0,0,0,0,0,0,0,True,False,0
3019,93,0,0,93,93,0,0,0,True,False,0
3020,48,0,0,48,48,0,0,0,True,False,0
3021,78,0,0,78,78,0,0,0,True,False,0
3022,11,0,0,11,11,0,0,0,True,False,0
3023,13,0,0,13,13,0,0,0,True,False,0
3024,11,0,0,11,11,0,0,0,True,False,0
3025,10,0,0,10,10,0,0,0,True,False,0
3026,11,0,0,11,11,0,0,0,True,False,0
3027,8,0,0,8,8,0,0,0,True,False,0
3028,6,0,0,6,6,0,0,0,True,False,0
3029,8,0,0,8,8,0,0,0,True,False,0
3030,7,0,0,7,7,0,0,0,True,False,0
3031,8,0,0,8,8,0,0,0,True,False,0
3032,7,0,0,7,7,0,0,0,True,False,0
3033,8,0,0,8,8,0,0,0,True,False,0
3034,8,0,0,8,8,0,0,0,True,False,0
3035,6,0,0,6,6,0,0,0,True,False,0
3036,6,0,0,6,6,0,0,0,True,False,0
3037,7,0,0,7,7,0,0,0,True,False,0
3038,7,0,0,7,7,0,0,0,True,False,0
3039,7,0,0,7,7,0,0,0,True,False,0
3040,8,0,0,8,8,0,0,0,True,False,0
3041,6,0,0,6,6,0,0,0,True,False,0
3042,7,0,0,7,7,0,0,0,True,False,0
3043,16,0,0,16,16,0,0,0,True,False,0
3044,14,0,0,14,14,0,0,0,True,False,0
3045,15,0,0,15,15,0,0,0,True,False,0
3046,17,0,0,17,17,0,0,0,True,False,0
3047,13,0,0,13,13,0,0,0,True,False,0
3048,13,0,0,13,13,0,0,0,True,False,0
3049,12,0,0,12,12,0,0,0,True,False,0
3050,15,0,0,15,15,0,0,0,True,False,0
3051,4,0,0,4,4,0,0,0,True,False,0
3052,12,0,0,12,12,0,0,0,True,False,0
3053,6,0,0,6,6,0,0,0,True,False,0
3054,12,0,0,12,12,0,0,0,True,False,0
3055,6,0,0,6,6,0,0,0,True,False,0
3056,4,0,0,4,4,0,0,0,True,False,0
3057,4,0,0,4,4,0,0,0,True,False,0
3058,12,0,0,12,12,0,0,0,True,False,0
3059,9,0,0,9,9,0,0,0,True,False,0
3060,6,0,0,6,6,0,0,0,True,False,0
3061,10,0,0,10,10,0,0,0,True,False,0
3062,12,0,0,12,12,0,0,0,True,False,0
3063,16,0,0,16,16,0,0,0,True,False,0
3064,9,0,0,9,9,0,0,0,True,False,0
3065,7,0,0,7,7,0,0,0,True,False,0
3066,6,0,0,6,6,0,0,0,True,False,0
3067,12,0,0,12,12,0,0,0,True,False,0
3068,12,0,0,12,12,0,0,0,True,False,0
3069,10,0,0,10,10,0,0,0,True,False,0
3070,10,0,0,10,10,0,0,0,True,False,0
3071,9,0,0,9,9,0,0,0,True,False,0
3072,10,0,0,10,10,0,0,0,True,False,0
3073,13,0,0,13,13,0,0,0,True,False,0
3074,12,0,0,12,12,0,0,0,True,False,0
3075,11,0,0,11,11,0,0,0,True,False,0
3076,7,7,7,7,7,0,0,0,True,False,0
3077,5,0,0,5,5,0,0,0,True,False,0
3078,12,0,0,12,12,0,0,0,True,False,0
3079,11,0,0,11,11,0,0,0,True,False,0
3080,0,117,0,0,0,0,0,0,True,False,0
3081,0,0,0,0,0,0,0,0,True,False,0
3082,94,0,0,94,94,0,0,0,True,False,0
3083,49,0,0,49,49,0,0,0,True,False,0
3084,74,0,0,74,74,0,0,0,True,False,0
3085,10,0,0,10,10,0,0,0,True,False,0
3086,10,0,0,10,10,0,0,0,True,False,0
3087,12,0,0,12,12,0,0,0,True,False,0
3088,13,0,0,13,13,0,0,0,True,False,0
3089,11,0,0,11,11,0,0,0,True,False,0
3090,7,0,0,7,7,0,0,0,True,False,0
3091,9,0,0,9,9,0,0,0,True,False,0
3092,8,0,0,8,8,0,0,0,True,False,0
3093,8,0,0,8,8,0,0,0,True,False,0
3094,7,0,0,7,7,0,0,0,True,False,0
3095,7,0,0,7,7,0,0,0,True,False,0
3096,7,0,0,7,7,0,0,0,True,False,0
3097,8,0,0,8,8,0,0,0,True,False,0
3098,8,0,0,8,8,0,0,0,True,False,0
3099,7,0,0,7,7,0,0,0,True,False,0
3100,8,0,0,8,8,0,0,0,True,False,0
3101,9,0,0,9,9,0,0,0,True,False,0
3102,7,0,0,7,7,0,0,0,True,False,0
3103,7,0,0,7,7,0,0,0,True,False,0
3104,5,0,0,5,5,0,0,0,True,False,0
3105,7,0,0,7,7,0,0,0,True,False,0
3106,13,0,0,13,13,0,0,0,True,False,0
3107,12,0,0,12,12,0,0,0,True,False,0
3108,13,0,0,13,13,0,0,0,True,False,0
3109,11,0,0,11,11,0,0,0,True,False,0
3110,14,0,0,14,14,0,0,0,True,False,0
3111,16,0,0,16,16,0,0,0,True,False,0
3112,12,0,0,12,12,0,0,0,True,False,0
3113,12,0,0,12,12,0,0,0,True,False,0
3114,4,0,0,4,4,0,0,0,True,False,0
3115,12,0,0,12,12,0,0,0,True,False,0
3116,6,0,0,6,6,0,0,0,True,False,0
3117,12,0,0,12,12,0,0,0,True,False,0
3118,6,0,0,6,6,0,0,0,True,False,0
3119,4,0,0,4,4,0,0,0,True,False,0
3120,4,0,0,4,4,0,0,0,True,False,0
3121,12,0,0,12,12,0,0,0,True,False,0
3122,15,0,0,15,15,0,0,0,True,False,0
3123,7,0,0,7,7,0,0,0,True,False,0
3124,7,0,0,7,7,0,0,0,True,False,0
3125,6,0,0,6,6,0,0,0,True,False,0
3126,9,0,0,9,9,0,0,0,True,False,0
3127,8,0,0,8,8,0,0,0,True,False,0
3128,10,0,0,10,10,0,0,0,True,False,0
3129,11,0,0,11,11,0,0,0,True,False,0
3130,10,0,0,10,10,0,0,0,True,False,0
3131,12,0,0,12,12,0,0,0,True,False,0
3132,11,0,0,11,11,0,0,0,True,False,0
3133,11,0,0,11,11,0,0,0,True,False,0
3134,10,0,0,10,10,0,0,0,True,False,0
3135,9,0,0,9,9,0,0,0,True,False,0
3136,10,0,0,10,10,0,0,0,True,False,0
3137,11,0,0,11,11,0,0,0,True,False,0
3138,9,1,1,9,9,0,0,0,True,False,0
3139,8,8,8,8,8,0,0,0,True,False,0
3140,5,0,0,5,5,0,0,0,True,False,0
3141,12,1,1,12,12,0,0,0,True,False,0
3142,12,1,1,12,12,0,0,0,True,False,0
3143,0,117,0,0,0,0,0,0,True,False,0
3144,0,0,0,0,0,0,0,0,True,False,0
3145,90,0,0,90,90,0,0,0,True,False,0
3146,46,0,0,46,46,0,0,0,True,False,0
3147,75,0,0,75,75,0,0,0,True,False,0
3148,10,1,1,10,10,0,0,0,True,False,0
3149,10,1,1,10,10,0,0,0,True,False,0
3150,9,1,1,9,9,0,0,0,True,False,0
3151,9,1,1,9,9,0,0,0,True,False,0
3152,9,1,1,9,9,0,0,0,True,False,0
3153,7,0,0,7,7,0,0,0,True,False,0
3154,6,0,0,6,6,0,0,0,True,False,0
3155,7,0,0,7,7,0,0,0,True,False,0
3156,7,0,0,7,7,0,0,0,True,False,0
3157,8,0,0,8,8,0,0,0,True,False,0
3158,8,0,0,8,8,0,0,0,True,False,0
3159,7,0,0,7,7,0,0,0,True,False,0
3160,7,0,0,7,7,0,0,0,True,False,0
3161,5,0,0,5,5,0,0,0,True,False,0
3162,7,0,0,7,7,0,0,0,True,False,0
3163,7,0,0,7,7,0,0,0,True,False,0
3164,8,0,0,8,8,0,0,0,True,False,0
3165,6,0,0,6,6,0,0,0,True,False,0
3166,7,0,0,7,7,0,0,0,True,False,0
3167,6,0,0,6,6,0,0,0,True,False,0
3168,6,0,0,6,6,0,0,0,True,False,0
3169,13,0,0,13,13,0,0,0,True,False,0
3170,14,0,0,14,14,0,0,0,True,False,0
3171,14,0,0,14,14,0,0,0,True,False,0
3172,15,0,0,15,15,0,0,0,True,False,0
3173,12,0,0,12,12,0,0,0,True,False,0
3174,15,0,0,15,15,0,0,0,True,False,0
3175,16,0,0,16,16,0,0,0,True,False,0
3176,14,0,0,14,14,0,0,0,True,False,0
3177,4,0,0,4,4,0,0,0,True,False,0
3178,12,0,0,12,12,0,0,0,True,False,0
3179,6,0,0,6,6,0,0,0,True,False,0
3180,12,0,0,12,12,0,0,0,True,False,0
3181,6,0,0,6,6,0,0,0,True,False,0
3182,4,0,0,4,4,0,0,0,True,False,0
3183,4,0,0,4,4,0,0,0,True,False,0
3184,12,0,0,12,12,0,0,0,True,False,0
3185,10,0,0,10,10,0,0,0,True,False,0
3186,6,0,0,6,6,0,0,0,True,False,0
3187,8,0,0,8,8,0,0,0,True,False,0
3188,9,0,0,9,9,0,0,0,True,False,0
3189,9,0,0,9,9,0,0,0,True,False,0
3190,7,0,0,7,7,0,0,0,True,False,0
3191,9,0,0,9,9,0,0,0,True,False,0
3192,8,0,0,8,8,0,0,0,True,False,0
3193,9,0,0,9,9,0,0,0,True,False,0
3194,9,0,0,9,9,0,0,0,True,False,0
3195,12,0,0,12,12,0,0,0,True,False,0
3196,11,0,0,11,11,0,0,0,True,False,0
3197,9,0,0,9,9,0,0,0,True,False,0
3198,9,0,0,9,9,0,0,0,True,False,0
3199,13,0,0,13,13,0,0,0,True,False,0
3200,10,0,0,10,10,0,0,0,True,False,0
3201,9,0,0,9,9,0,0,0,True,False,0
3202,7,7,7,7,7,0,0,0,True,False,0
3203,5,0,0,5,5,0,0,0,True,False,0
3204,8,0,0,8,8,0,0,0,True,False,0
3205,8,0,0,8,8,0,0,0,True,False,0
3206,10,121,10,10,10,0,0,0,True,False,0
3207,200,0,0,200,200,0,0,0,True,False,0
3208,92,0,0,92,92,0,0,0,True,False,0
3209,44,0,0,44,44,0,0,0,True,False,0
3210,72,0,0,72,72,0,0,0,True,False,0
3211,10,0,0,10,10,0,0,0,True,False,0
3212,9,0,0,9,9,0,0,0,True,False,0
3213,9,0,0,9,9,0,0,0,True,False,0
3214,9,0,0,9,9,0,0,0,True,False,0
3215,8,0,0,8,8,0,0,0,True,False,0
3216,7,0,0,7,7,0,0,0,True,False,0
3217,8,0,0,8,8,0,0,0,True,False,0
3218,6,0,0,6,6,0,0,0,True,False,0
3219,9,0,0,9,9,0,0,0,True,False,0
3220,7,0,0,7,7,0,0,0,True,False,0
3221,7,0,0,7,7,0,0,0,True,False,0
3222,8,0,0,8,8,0,0,0,True,False,0
3223,7,0,0,7,7,0,0,0,True,False,0
3224,8,0,0,8,8,0,0,0,True,False,0
3225,8,0,0,8,8,0,0,0,True,False,0
3226,8,0,0,8,8,0,0,0,True,False,0
3227,5,0,0,5,5,0,0,0,True,False,0
3228,7,0,0,7,7,0,0,0,True,False,0
3229,8,0,0,8,8,0,0,0,True,False,0
3230,7,0,0,7,7,0,0,0,True,False,0
3231,9,0,0,9,9,0,0,0,True,False,0
3232,12,0,0,12,12,0,0,0,True,False,0
3233,15,0,0,15,15,0,0,0,True,False,0
3234,14,0,0,14,14,0,0,0,True,False,0
3235,15,0,0,15,15,0,0,0,True,False,0
3236,12,0,0,12,12,0,0,0,True,False,0
3237,12,0,0,12,12,0,0,0,True,False,0
3238,13,0,0,13,13,0,0,0,True,False,0
3239,15,0,0,15,15,0,0,0,True,False,0
3240,4,0,0,4,4,0,0,0,True,False,0
3241,12,0,0,12,12,0,0,0,True,False,0
3242,6,0,0,6,6,0,0,0,True,False,0
3243,12,0,0,12,12,0,0,0,True,False,0
3244,6,0,0,6,6,0,0,0,True,False,0
3245,4,0,0,4,4,0,0,0,True,False,0
3246,4,0,0,4,4,0,0,0,True,False,0
3247,12,0,0,12,12,0,0,0,True,False,0
3248,4,0,0,4,4,0,0,0,True,False,0
3249,8,0,0,8,8,0,0,0,True,False,0
3250,8,0,0,8,8,0,0,0,True,False,0
3251,10,0,0,10,10,0,0,0,True,False,0
3252,11,0,0,11,11,0,0,0,True,False,0
3253,12,0,0,12,12,0,0,0,True,False,0
3254,10,0,0,10,10,0,0,0,True,False,0
3255,12,0,0,12,12,0,0,0,True,False,0
3256,11,0,0,11,11,0,0,0,True,False,0
3257,10,0,0,10,10,0,0,0,True,False,0
3258,11,0,0,11,11,0,0,0,True,False,0
3259,9,0,0,9,9,0,0,0,True,False,0
3260,11,0,0,11,11,0,0,0,True,False,0
3261,14,0,0,14,14,0,0,0,True,False,0
3262,10,0,0,10,10,0,0,0,True,False,0
3263,11,0,0,11,11,0,0,0,True,False,0
3264,8,0,0,8,8,0,0,0,True,False,0
3265,8,8,8,8,8,0,0,0,True,False,0
3266,5,0,0,5,5,0,0,0,True,False,0
3267,9,0,0,9,9,0,0,0,True,False,0
3268,10,0,0,10,10,0,0,0,True,False,0
3269,0,121,0,0,0,0,0,0,True,False,0
3270,0,0,0,0,0,0,0,0,True,False,0
3271,92,0,0,92,92,0,0,0,True,False,0
3272,46,0,0,46,46,0,0,0,True,False,0
3273,76,0,0,76,76,0,0,0,True,False,0
3274,7,0,0,7,7,0,0,0,True,False,0
3275,9,0,0,9,9,0,0,0,True,False,0
3276,8,0,0,8,8,0,0,0,True,False,0
3277,9,0,0,9,9,0,0,0,True,False,0
3278,9,0,0,9,9,0,0,0,True,False,0
3279,6,0,0,6,6,0,0,0,True,False,0
3280,7,0,0,7,7,0,0,0,True,False,0
3281,8,0,0,8,8,0,0,0,True,False,0
3282,7,0,0,7,7,0,0,0,True,False,0
3283,8,0,0,8,8,0,0,0,True,False,0
3284,8,0,0,8,8,0,0,0,True,False,0
3285,7,0,0,7,7,0,0,0,True,False,0
3286,7,0,0,7,7,0,0,0,True,False,0
3287,7,0,0,7,7,0,0,0,True,False,0
3288,6,0,0,6,6,0,0,0,True,False,0
3289,5,0,0,5,5,0,0,0,True,False,0
3290,6,0,0,6,6,0,0,0,True,False,0
3291,7,0,0,7,7,0,0,0,True,False,0
3292,5,0,0,5,5,0,0,0,True,False,0
3293,8,0,0,8,8,0,0,0,True,False,0
3294,7,0,0,7,7,0,0,0,True,False,0
3295,13,0,0,13,13,0,0,0,True,False,0
3296,12,0,0,12,12,0,0,0,True,False,0
3297,12,0,0,12,12,0,0,0,True,False,0
3298,14,0,0,14,14,0,0,0,True,False,0
3299,15,0,0,15,15,0,0,0,True,False,0
3300,12,0,0,12,12,0,0,0,True,False,0
3301,13,0,0,13,13,0,0,0,True,False,0
3302,15,0,0,15,15,0,0,0,True,False,0
3303,4,0,0,4,4,0,0,0,True,False,0
3304,12,0,0,12,12,0,0,0,True,False,0
3305,6,0,0,6,6,0,0,0,True,False,0
3306,12,0,0,12,12,0,0,0,True,False,0
3307,6,0,0,6,6,0,0,0,True,False,0
3308,4,0,0,4,4,0,0,0,True,False,0
3309,4,0,0,4,4,0,0,0,True,False,0
3310,12,0,0,12,12,0,0,0,True,False,0
3311,7,0,0,7,7,0,0,0,True,False,0
3312,4,0,0,4,4,0,0,0,True,False,0
3313,14,0,0,14,14,0,0,0,True,False,0
3314,6,0,0,6,6,0,0,0,True,False,0
3315,11,0,0,11,11,0,0,0,True,False,0
3316,13,0,0,13,13,0,0,0,True,False,0
3317,9,0,0,9,9,0,0,0,True,False,0
3318,8,0,0,8,8,0,0,0,True,False,0
3319,12,0,0,12,12,0,0,0,True,False,0
3320,9,0,0,9,9,0,0,0,True,False,0
3321,11,0,0,11,11,0,0,0,True,False,0
3322,10,0,0,10,10,0,0,0,True,False,0
3323,10,0,0,10,10,0,0,0,True,False,0
3324,13,0,0,13,13,0,0,0,True,False,0
3325,13,0,0,13,13,0,0,0,True,False,0
3326,11,0,0,11,11,0,0,0,True,False,0
3327,11,0,0,11,11,0,0,0,True,False,0
3328,7,7,7,7,7,0,0,0,True,False,0
3329,5,0,0,5,5,0,0,0,True,False,0
3330,10,0,0,10,10,0,0,0,True,False,0
3331,9,0,0,9,9,0,0,0,True,False,0
3332,0,121,0,0,0,0,0,0,True,False,0
3333,0,0,0,0,0,0,0,0,True,False,0
3334,95,0,0,95,95,0,0,0,True,False,0
3335,48,0,0,48,48,0,0,0,True,False,0
3336,75,0,0,75,75,0,0,0,True,False,0
3337,8,0,0,8,8,0,0,0,True,False,0
3338,9,0,0,9,9,0,0,0,True,False,0
3339,8,0,0,8,8,0,0,0,True,False,0
3340,10,0,0,10,10,0,0,0,True,False,0
3341,8,0,0,8,8,0,0,0,True,False,0
3342,7,0,0,7,7,0,0,0,True,False,0
3343,6,0,0,6,6,0,0,0,True,False,0
3344,8,0,0,8,8,0,0,0,True,False,0
3345,7,0,0,7,7,0,0,0,True,False,0
3346,9,0,0,9,9,0,0,0,True,False,0
3347,6,0,0,6,6,0,0,0,True,False,0
3348,7,0,0,7,7,0,0,0,True,False,0
3349,10,0,0,10,10,0,0,0,True,False,0
3350,7,0,0,7,7,0,0,0,True,False,0
3351,8,0,0,8,8,0,0,0,True,False,0
3352,10,0,0,10,10,0,0,0,True,False,0
3353,7,0,0,7,7,0,0,0,True,False,0
3354,8,0,0,8,8,0,0,0,True,False,0
3355,8,0,0,8,8,0,0,0,True,False,0
3356,6,0,0,6,6,0,0,0,True,False,0
3357,6,0,0,6,6,0,0,0,True,False,0
3358,12,0,0,12,12,0,0,0,True,False,0
3359,16,0,0,16,16,0,0,0,True,False,0
3360,15,0,0,15,15,0,0,0,True,False,0
3361,15,0,0,15,15,0,0,0,True,False,0
3362,12,0,0,12,12,0,0,0,True,False,0
3363,15,0,0,15,15,0,0,0,True,False,0
3364,14,0,0,14,14,0,0,0,True,False,0
3365,13,0,0,13,13,0,0,0,True,False,0
3366,4,0,0,4,4,0,0,0,True,False,0
3367,12,0,0,12,12,0,0,0,True,False,0
3368,6,0,0,6,6,0,0,0,True,False,0
3369,12,0,0,12,12,0,0,0,True,False,0
3370,6,0,0,6,6,0,0,0,True,False,0
3371,4,0,0,4,4,0,0,0,True,False,0
3372,4,0,0,4,4,0,0,0,True,False,0
3373,12,0,0,12,12,0,0,0,True,False,0
3374,9,0,0,9,9,0,0,0,True,False,0
3375,12,0,0,12,12,0,0,0,True,False,0
3376,10,0,0,10,10,0,0,0,True,False,0
3377,12,0,0,12,12,0,0,0,True,False,0
3378,4,0,0,4,4,0,0,0,True,False,0
3379,10,0,0,10,10,0,0,0,True,False,0
3380,12,0,0,12,12,0,0,0,True,False,0
3381,8,0,0,8,8,0,0,0,True,False,0
3382,1,0,0,1,1,0,0,0,True,True,0
3383,11,0,0,11,11,0,0,0,True,False,0
3384,11,0,0,11,11,0,0,0,True,False,0
3385,10,0,0,10,10,0,0,0,True,False,0
3386,10,0,0,10,10,0,0,0,True,False,0
3387,9,0,0,9,9,0,0,0,True,False,0
3388,11,0,0,11,11,0,0,0,True,False,0
3389,10,0,0,10,10,0,0,0,True,False,0
3390,9,0,0,9,9,0,0,0,True,False,0
3391,9,0,0,9,9,0,0,0,True,False,0
3392,8,8,8,8,8,0,0,0,True,False,0
3393,5,0,0,5,5,0,0,0,True,False,0
3394,7,0,0,7,7,0,0,0,True,False,0
3395,10,0,0,10,10,0,0,0,True,False,0
3396,0,120,0,0,0,0,0,0,True,False,0
3397,0,0,0,0,0,0,0,0,True,False,0
3398,90,0,0,90,90,0,0,0,True,False,0
3399,47,0,0,47,47,0,0,0,True,False,0
3400,72,0,0,72,72,0,0,0,True,False,0
3401,10,0,0,10,10,0,0,0,True,False,0
3402,8,0,0,8,8,0,0,0,True,False,0
3403,8,0,0,8,8,0,0,0,True,False,0
3404,9,0,0,9,9,0,0,0,True,False,0
3405,9,0,0,9,9,0,0,0,True,False,0
3406,8,0,0,8,8,0,0,0,True,False,0
3407,8,0,0,8,8,0,0,0,True,False,0
3408,8,0,0,8,8,0,0,0,True,False,0
3409,9,0,0,9,9,0,0,0,True,False,0
3410,9,0,0,9,9,0,0,0,True,False,0
3411,8,0,0,8,8,0,0,0,True,False,0
3412,8,0,0,8,8,0,0,0,True,False,0
3413,7,0,0,7,7,0,0,0,True,False,0
3414,10,0,0,10,10,0,0,0,True,False,0
3415,7,0,0,7,7,0,0,0,True,False,0
3416,6,0,0,6,6,0,0,0,True,False,0
3417,6,0,0,6,6,0,0,0,True,False,0
3418,6,0,0,6,6,0,0,0,True,False,0
3419,7,0,0,7,7,0,0,0,True,False,0
3420,7,0,0,7,7,0,0,0,True,False,0
3421,7,0,0,7,7,0,0,0,True,False,0
3422,12,0,0,12,12,0,0,0,True,False,0
3423,14,0,0,14,14,0,0,0,True,False,0
3424,12,0,0,12,12,0,0,0,True,False,0
3425,13,0,0,13,13,0,0,0,True,False,0
3426,13,0,0,13,13,0,0,0,True,False,0
3427,11,0,0,11,11,0,0,0,True,False,0
3428,13,0,0,13,13,0,0,0,True,False,0
3429,13,0,0,13,13,0,0,0,True,False,0
3430,4,0,0,4,4,0,0,0,True,False,0
3431,12,0,0,12,12,0,0,0,True,False,0
3432,6,0,0,6,6,0,0,0,True,False,0
3433,12,0,0,12,12,0,0,0,True,False,0
3434,6,0,0,6,6,0,0,0,True,False,0
3435,4,0,0,4,4,0,0,0,True,False,0
3436,4,0,0,4,4,0,0,0,True,False,0
3437,12,0,0,12,12,0,0,0,True,False,0
3438,12,0,0,12,12,0,0,0,True,False,0
3439,6,0,0,6,6,0,0,0,True,False,0
3440,6,0,0,6,6,0,0,0,True,False,0
3441,13,0,0,13,13,0,0,0,True,False,0
3442,11,0,0,11,11,0,0,0,True,False,0
3443,7,0,0,7,7,0,0,0,True,False,0
3444,8,0,0,8,8,0,0,0,True,False,0
3445,10,0,0,10,10,0,0,0,True,False,0
3446,1,0,0,1,1,0,0,0,True,True,0
3447,1,0,0,1,1,0,0,0,True,True,0
3448,1,0,0,1,1,0,0,0,True,True,0
3449,1,0,0,1,1,0,0,0,True,True,0
3450,1,0,0,1,1,0,0,0,True,True,0
3451,13,0,0,13,13,0,0,0,True,False,0
3452,11,0,0,11,11,0,0,0,True,False,0
3453,12,0,0,12,12,0,0,0,True,False,0
3454,13,0,0,13,13,0,0,0,True,False,0
3455,10,0,0,10,10,0,0,0,True,False,0
3456,11,0,0,11,11,0,0,0,True,False,0
3457,11,0,0,11,11,0,0,0,True,False,0
3458,9,0,0,9,9,0,0,0,True,False,0
3459,10,0,0,10,10,0,0,0,True,False,0
3460,7,7,7,7,7,0,0,0,True,False,0
3461,5,0,0,5,5,0,0,0,True,False,0
3462,8,0,0,8,8,0,0,0,True,False,0
3463,11,0,0,11,11,0,0,0,True,False,0
3464,0,118,0,0,0,0,0,0,True,False,0
3465,0,0,0,0,0,0,0,0,True,False,0
3466,89,0,0,89,89,0,0,0,True,False,0
3467,48,0,0,48,48,0,0,0,True,False,0
3468,76,0,0,76,76,0,0,0,True,False,0
3469,8,0,0,8,8,0,0,0,True,False,0
3470,9,0,0,9,9,0,0,0,True,False,0
3471,8,0,0,8,8,0,0,0,True,False,0
3472,8,0,0,8,8,0,0,0,True,False,0
3473,8,0,0,8,8,0,0,0,True,False,0
3474,8,0,0,8,8,0,0,0,True,False,0
3475,6,0,0,6,6,0,0,0,True,False,0
3476,7,0,0,7,7,0,0,0,True,False,0
3477,8,0,0,8,8,0,0,0,True,False,0
3478,7,0,0,7,7,0,0,0,True,False,0
3479,7,0,0,7,7,0,0,0,True,False,0
3480,9,0,0,9,9,0,0,0,True,False,0
3481,7,0,0,7,7,0,0,0,True,False,0
3482,6,0,0,6,6,0,0,0,True,False,0
3483,7,0,0,7,7,0,0,0,True,False,0
3484,8,0,0,8,8,0,0,0,True,False,0
3485,8,0,0,8,8,0,0,0,True,False,0
3486,6,0,0,6,6,0,0,0,True,False,0
3487,7,0,0,7,7,0,0,0,True,False,0
3488,8,0,0,8,8,0,0,0,True,False,0
3489,7,0,0,7,7,0,0,0,True,False,0
3490,14,0,0,14,14,0,0,0,True,False,0
3491,14,0,0,14,14,0,0,0,True,False,0
3492,13,0,0,13,13,0,0,0,True,False,0
3493,15,0,0,15,15,0,0,0,True,False,0
3494,11,0,0,11,11,0,0,0,True,False,0
3495,13,0,0,13,13,0,0,0,True,False,0
3496,11,0,0,11,11,0,0,0,True,False,0
3497,17,0,0,17,17,0,0,0,True,False,0
3498,4,0,0,4,4,0,0,0,True,False,0
3499,12,0,0,12,12,0,0,0,True,False,0
3500,6,0,0,6,6,0,0,0,True,False,0
3501,12,0,0,12,12,0,0,0,True,False,0
3502,6,0,0,6,6,0,0,0,True,False,0
3503,4,0,0,4,4,0,0,0,True,False,0
3504,4,0,0,4,4,0,0,0,True,False,0
3505,12,0,0,12,12,0,0,0,True,False,0
3506,5,0,0,5,5,0,0,0,True,False,0
3507,7,0,0,7,7,0,0,0,True,False,0
3508,14,0,0,14,14,0,0,0,True,False,0
3509,8,0,0,8,8,0,0,0,True,False,0
3510,11,0,0,11,11,0,0,0,True,False,0
3511,12,0,0,12,12,0,0,0,True,False,0
3512,12,0,0,12,12,0,0,0,True,False,0
3513,11,0,0,11,11,0,0,0,True,False,0
3514,1,0,0,1,1,0,0,0,True,True,0
3515,1,0,0,1,1,0,0,0,True,True,0
3516,3,0,0,3,3,0,0,0,True,False,0
3517,3,0,0,3,3,0,0,0,True,False,0
3518,2,0,0,2,2,0,0,0,True,True,0
3519,3,0,0,3,3,0,0,0,True,False,0
3520,2,0,0,2,2,0,0,0,True,True,0
3521,2,0,0,2,2,0,0,0,True,True,0
3522,2,0,0,2,2,0,0,0,True,True,0
3523,2,0,0,2,2,0,0,0,True,True,0
3524,1,0,0,1,1,0,0,0,True,True,0
3525,2,2,2,2,2,0,0,0,True,True,0
3526,1,0,0,1,1,0,0,0,True,True,0
3527,1,0,0,1,1,0,0,0,True,True,0
3528,1,0,0,1,1,0,0,0,True,True,0
3529,0,22,0,0,0,0,0,0,True,False,0
3530,0,0,0,0,0,0,0,0,True,False,0
3531,16,0,0,16,16,0,0,0,True,False,0
3532,8,0,0,8,8,0,0,0,True,False,0
3533,14,0,0,14,14,0,0,0,True,False,0
3534,2,0,0,2,2,0,0,0,True,True,0
3535,1,0,0,1,1,0,0,0,True,True,0
3536,2,0,0,2,2,0,0,0,True,True,0
3537,2,0,0,2,2,0,0,0,True,True,0
3538,2,0,0,2,2,0,0,0,True,True,0
3539,1,0,0,1,1,0,0,0,True,True,0
3540,1,0,0,1,1,0,0,0,True,True,0
3541,1,0,0,1,1,0,0,0,True,True,0
3542,1,0,0,1,1,0,0,0,True,True,0
3543,2,0,0,2,2,0,0,0,True,True,0
3544,2,0,0,2,2,0,0,0,True,True,0
3545,1,0,0,1,1,0,0,0,True,True,0
3546,1,0,0,1,1,0,0,0,True,True,0
3547,1,0,0,1,1,0,0,0,True,True,0
3548,1,0,0,1,1,0,0,0,True,True,0
3549,1,0,0,1,1,0,0,0,True,True,0
3550,3,0,0,3,3,0,0,0,True,False,0
3551,2,0,0,2,2,0,0,0,True,True,0
3552,2,0,0,2,2,0,0,0,True,True,0
3553,2,0,0,2,2,0,0,0,True,True,0
3554,1,0,0,1,1,0,0,0,True,True,0
3555,3,0,0,3,3,0,0,0,True,False,0
3556,2,0,0,2,2,0,0,0,True,True,0
3557,3,0,0,3,3,0,0,0,True,False,0
3558,3,0,0,3,3,0,0,0,True,False,0
3559,3,0,0,3,3,0,0,0,True,False,0
3560,3,0,0,3,3,0,0,0,True,False,0
3561,2,0,0,2,2,0,0,0,True,True,0
3562,2,0,0,2,2,0,0,0,True,True,0
3563,1,0,0,1,1,0,0,0,True,True,0
3564,3,0,0,3,3,0,0,0,True,False,0
3565,2,0,0,2,2,0,0,0,True,True,0
3566,2,0,0,2,2,0,0,0,True,True,0
3567,1,0,0,1,1,0,0,0,True,True,0
3568,1,0,0,1,1,0,0,0,True,True,0
3569,1,0,0,1,1,0,0,0,True,True,0
3570,2,0,0,2,2,0,0,0,True,True,0
3571,1,0,0,1,1,0,0,0,True,True,0
3572,1,0,0,1,1,0,0,0,True,True,0
3573,4,0,0,4,4,0,0,0,True,False,0
3574,4,0,0,4,4,0,0,0,True,False,0
3575,10,0,0,10,10,0,0,0,True,False,0
3576,1,0,0,1,1,0,0,0,True,True,0
3577,7,0,0,7,7,0,0,0,True,False,0
3578,1,0,0,1,1,0,0,0,True,True,0
3579,9,0,0,9,9,0,0,0,False,False,0
3580,9,0,0,9,9,0,0,0,False,False,0
3581,9,0,0,9,9,0,0,0,False,False,0
3582,8,0,0,8,8,0,0,0,False,False,0
3583,8,0,0,8,8,0,0,0,False,False,0
3584,8,0,0,8,8,0,0,0,False,False,0
3585,10,0,0,10,10,0,0,0,False,False,0
3586,8,0,0,8,8,0,0,0,False,False,0
3587,10,0,0,10,10,0,0,0,False,False,0
3588,7,6,6,7,7,0,0,0,False,False,0
3589,5,0,0,5,5,0,0,0,False,False,0
3590,7,0,0,7,7,0,0,0,False,False,0
3591,9,0,0,9,9,0,0,0,False,False,0
3592,11,83,10,11,11,0,0,0,False,False,0
3593,200,0,0,200,200,0,0,0,False,False,0
3594,66,0,0,66,66,0,0,0,False,False,0
3595,38,0,0,38,38,0,0,0,False,False,0
3596,56,0,0,56,56,0,0,0,False,False,0
3597,9,0,0,9,9,0,0,0,False,False,0
3598,12,0,0,12,12,0,0,0,False,False,0
3599,11,0,0,11,11,0,0,0,False,False,0
3600,11,0,0,11,11,0,0,0,False,False,0
3601,10,0,0,10,10,0,0,0,False,False,0
3602,6,4,4,6,6,0,0,0,False,False,0
3603,7,4,4,7,7,0,0,0,False,False,0
3604,6,4,4,6,6,0,0,0,False,False,0
3605,7,4,4,7,7,0,0,0,False,False,0
3606,7,3,3,7,7,0,0,0,False,False,0
3607,7,3,3,7,7,0,0,0,False,False,0
3608,7,3,3,7,7,0,0,0,False,False,0
3609,7,3,3,7,7,0,0,0,False,False,0
3610,7,0,0,7,7,0,0,0,False,False,0
3611,7,0,0,7,7,0,0,0,False,False,0
3612,5,0,0,5,5,0,0,0,False,False,0
3613,7,0,0,7,7,0,0,0,False,False,0
3614,6,0,0,6,6,0,0,0,False,False,0
3615,8,0,0,8,8,0,0,0,False,False,0
3616,6,0,0,6,6,0,0,0,False,False,0
3617,7,0,0,7,7,0,0,0,False,False,0
3618,11,0,0,11,11,0,0,0,False,False,0
3619,12,0,0,12,12,0,0,0,False,False,0
3620,14,0,0,14,14,0,0,0,False,False,0
3621,11,0,0,11,11,0,0,0,False,False,0
3622,11,0,0,11,11,0,0,0,False,False,0
3623,13,0,0,13,13,0,0,0,False,False,0
3624,11,0,0,11,11,0,0,0,False,False,0
3625,11,0,0,11,11,0,0,0,False,False,0
3626,6,0,0,6,6,0,0,0,False,False,0
3627,4,0,0,4,4,0,0,0,False,False,0
3628,6,0,0,6,6,0,0,0,False,False,0
3629,4,0,0,4,4,0,0,0,False,False,0
3630,6,0,0,6,6,0,0,0,False,False,0
3631,6,0,0,6,6,0,0,0,False,False,0
3632,6,0,0,6,6,0,0,0,False,False,0
3633,10,0,0,10,10,0,0,0,False,False,0
3634,4,0,0,4,4,0,0,0,False,False,0
3635,10,0,0,10,10,0,0,0,False,False,0
3636,7,0,0,7,7,0,0,0,False,False,0
3637,10,0,0,10,10,0,0,0,False,False,0
3638,7,0,0,7,7,0,0,0,False,False,0
3639,9,0,0,9,9,0,0,0,False,False,0
3640,9,0,0,9,9,0,0,0,False,False,0
3641,7,0,0,7,7,0,0,0,False,False,0
3642,2,0,0,2,2,0,0,0,False,True,0
3643,2,0,0,2,2,0,0,0,False,True,0
3644,2,0,0,2,2,0,0,0,False,True,0
3645,2,0,0,2,2,0,0,0,False,True,0
3646,2,0,0,2,2,0,0,0,False,True,0
3647,2,0,0,2,2,0,0,0,False,True,0
3648,2,0,0,2,2,0,0,0,False,True,0
3649,2,0,0,2,2,0,0,0,False,True,0
3650,2,0,0,2,2,0,0,0,False,True,0
3651,2,0,0,2,2,0,0,0,False,True,0
3652,2,0,0,2,2,0,0,0,False,True,0
3653,2,0,0,2,2,0,0,0,False,True,0
3654,2,0,0,2,2,0,0,0,False,True,0
3655,2,0,0,2,2,0,0,0,False,True,0
3656,2,0,0,2,2,0,0,0,False,True,0
3657,2,0,0,2,2,0,0,0,False,True,0
3658,11,0,0,11,11,0,0,0,True,False,0
3659,11,0,0,11,11,0,0,0,True,False,0
3660,9,0,0,9,9,0,0,0,True,False,0
3661,11,0,0,11,11,0,0,0,True,False,0
3662,10,0,0,10,10,0,0,0,True,False,0
3663,14,0,0,14,14,0,0,0,True,False,0
3664,10,0,0,10,10,0,0,0,True,False,0
3665,12,0,0,12,12,0,0,0,True,False,0
3666,10,0,0,10,10,0,0,0,True,False,0
3667,8,8,8,8,8,0,0,0,True,False,0
3668,5,0,0,5,5,0,0,0,True,False,0
3669,11,0,0,11,11,0,0,0,True,False,0
3670,10,0,0,10,10,0,0,0,True,False,0
3671,0,117,0,0,0,0,0,0,True,False,0
3672,0,0,0,0,0,0,0,0,True,False,0
3673,86,0,0,86,86,0,0,0,True,False,0
3674,50,0,0,50,50,0,0,0,True,False,0
3675,70,0,0,70,70,0,0,0,True,False,0
3676,10,0,0,10,10,0,0,0,True,False,0
3677,8,0,0,8,8,0,0,0,True,False,0
3678,12,0,0,12,12,0,0,0,True,False,0
3679,10,0,0,10,10,0,0,0,True,False,0
3680,13,0,0,13,13,0,0,0,True,False,0
3681,8,0,0,8,8,0,0,0,True,False,0
3682,7,0,0,7,7,0,0,0,True,False,0
3683,8,0,0,8,8,0,0,0,True,False,0
3684,8,0,0,8,8,0,0,0,True,False,0
3685,7,0,0,7,7,0,0,0,True,False,0
3686,8,0,0,8,8,0,0,0,True,False,0
3687,8,0,0,8,8,0,0,0,True,False,0
3688,7,0,0,7,7,0,0,0,True,False,0
3689,8,0,0,8,8,0,0,0,True,False,0
3690,8,0,0,8,8,0,0,0,True,False,0
3691,6,0,0,6,6,0,0,0,True,False,0
3692,9,0,0,9,9,0,0,0,True,False,0
3693,7,0,0,7,7,0,0,0,True,False,0
3694,5,0,0,5,5,0,0,0,True,False,0
3695,9,0,0,9,9,0,0,0,True,False,0
3696,6,0,0,6,6,0,0,0,True,False,0
3697,13,0,0,13,13,0,0,0,True,False,0
3698,11,0,0,11,11,0,0,0,True,False,0
3699,13,0,0,13,13,0,0,0,True,False,0
3700,12,0,0,12,12,0,0,0,True,False,0
3701,12,0,0,12,12,0,0,0,True,False,0
3702,13,0,0,13,13,0,0,0,True,False,0
3703,14,0,0,14,14,0,0,0,True,False,0
3704,13,0,0,13,13,0,0,0,True,False,0
3705,6,0,0,6,6,0,0,0,True,False,0
3706,4,0,0,4,4,0,0,0,True,False,0
3707,6,0,0,6,6,0,0,0,True,False,0
3708,4,0,0,4,4,0,0,0,True,False,0
3709,6,0,0,6,6,0,0,0,True,False,0
3710,6,0,0,6,6,0,0,0,True,False,0
3711,6,0,0,6,6,0,0,0,True,False,0
3712,12,0,0,12,12,0,0,0,True,False,0
3713,12,0,0,12,12,0,0,0,True,False,0
3714,9,0,0,9,9,0,0,0,True,False,0
3715,18,0,0,18,18,0,0,0,True,False,0
3716,11,0,0,11,11,0,0,0,True,False,0
3717,10,0,0,10,10,0,0,0,True,False,0
3718,10,0,0,10,10,0,0,0,True,False,0
3719,15,0,0,15,15,0,0,0,True,False,0
3720,12,0,0,12,12,0,0,0,True,False,0
3721,10,0,0,10,10,0,0,0,True,False,0
3722,10,0,0,10,10,0,0,0,True,False,0
3723,10,0,0,10,10,0,0,0,True,False,0
3724,10,0,0,10,10,0,0,0,True,False,0
3725,10,0,0,10,10,0,0,0,True,False,0
3726,12,0,0,12,12,0,0,0,True,False,0
3727,10,0,0,10,10,0,0,0,True,False,0
3728,9,0,0,9,9,0,0,0,True,False,0
3729,11,0,0,11,11,0,0,0,True,False,0
3730,7,7,7,7,7,0,0,0,True,False,0
3731,5,0,0,5,5,0,0,0,True,False,0
3732,13,0,0,13,13,0,0,0,True,False,0
3733,12,0,0,12,12,0,0,0,True,False,0
3734,0,122,0,0,0,0,0,0,True,False,0
3735,0,0,0,0,0,0,0,0,True,False,0
3736,85,0,0,85,85,0,0,0,True,False,0
3737,47,0,0,47,47,0,0,0,True,False,0
3738,77,0,0,77,77,0,0,0,True,False,0
3739,10,0,0,10,10,0,0,0,True,False,0
3740,11,0,0,11,11,0,0,0,True,False,0
3741,14,0,0,14,14,0,0,0,True,False,0
3742,11,0,0,11,11,0,0,0,True,False,0
3743,14,0,0,14,14,0,0,0,True,False,0
3744,8,0,0,8,8,0,0,0,True,False,0
3745,7,0,0,7,7,0,0,0,True,False,0
3746,8,0,0,8,8,0,0,0,True,False,0
3747,9,0,0,9,9,0,0,0,True,False,0
3748,8,0,0,8,8,0,0,0,True,False,0
3749,7,0,0,7,7,0,0,0,True,False,0
3750,7,0,0,7,7,0,0,0,True,False,0
3751,8,0,0,8,8,0,0,0,True,False,0
3752,8,0,0,8,8,0,0,0,True,False,0
3753,7,0,0,7,7,0,0,0,True,False,0
3754,6,0,0,6,6,0,0,0,True,False,0
3755,7,0,0,7,7,0,0,0,True,False,0
3756,7,0,0,7,7,0,0,0,True,False,0
3757,8,0,0,8,8,0,0,0,True,False,0
3758,6,0,0,6,6,0,0,0,True,False,0
3759,7,0,0,7,7,0,0,0,True,False,0
3760,12,0,0,12,12,0,0,0,True,False,0
3761,13,0,0,13,13,0,0,0,True,False,0
3762,14,0,0,14,14,0,0,0,True,False,0
3763,14,0,0,14,14,0,0,0,True,False,0
3764,11,0,0,11,11,0,0,0,True,False,0
3765,14,0,0,14,14,0,0,0,True,False,0
3766,14,0,0,14,14,0,0,0,True,False,0
3767,15,0,0,15,15,0,0,0,True,False,0
3768,6,0,0,6,6,0,0,0,True,False,0
3769,4,0,0,4,4,0,0,0,True,False,0
3770,6,0,0,6,6,0,0,0,True,False,0
3771,4,0,0,4,4,0,0,0,True,False,0
3772,6,0,0,6,6,0,0,0,True,False,0
3773,6,0,0,6,6,0,0,0,True,False,0
3774,6,0,0,6,6,0,0,0,True,False,0
3775,12,0,0,12,12,0,0,0,True,False,0
3776,12,0,0,12,12,0,0,0,True,False,0
3777,8,0,0,8,8,0,0,0,True,False,0
3778,7,0,0,7,7,0,0,0,True,False,0
3779,11,0,0,11,11,0,0,0,True,False,0
3780,8,0,0,8,8,0,0,0,True,False,0
3781,9,0,0,9,9,0,0,0,True,False,0
3782,11,0,0,11,11,0,0,0,True,False,0
3783,4,0,0,4,4,0,0,0,True,False,0
3784,12,0,0,12,12,0,0,0,True,False,0
3785,11,0,0,11,11,0,0,0,True,False,0
3786,10,0,0,10,10,0,0,0,True,False,0
3787,10,0,0,10,10,0,0,0,True,False,0
3788,9,0,0,9,9,0,0,0,True,False,0
3789,9,0,0,9,9,0,0,0,True,False,0
3790,10,0,0,10,10,0,0,0,True,False,0
3791,10,0,0,10,10,0,0,0,True,False,0
3792,11,0,0,11,11,0,0,0,True,False,0
3793,8,8,8,8,8,0,0,0,True,False,0
3794,5,0,0,5,5,0,0,0,True,False,0
3795,12,0,0,12,12,0,0,0,True,False,0
3796,11,0,0,11,11,0,0,0,True,False,0
3797,0,113,0,0,0,0,0,0,True,False,0
3798,0,0,0,0,0,0,0,0,True,False,0
3799,91,0,0,91,91,0,0,0,True,False,0
3800,48,0,0,48,48,0,0,0,True,False,0
3801,73,0,0,73,73,0,0,0,True,False,0
3802,9,0,0,9,9,0,0,0,True,False,0
3803,11,0,0,11,11,0,0,0,True,False,0
3804,8,0,0,8,8,0,0,0,True,False,0
3805,12,0,0,12,12,0,0,0,True,False,0
3806,9,0,0,9,9,0,0,0,True,False,0
3807,7,0,0,7,7,0,0,0,True,False,0
3808,9,0,0,9,9,0,0,0,True,False,0
3809,9,0,0,9,9,0,0,0,True,False,0
3810,8,0,0,8,8,0,0,0,True,False,0
3811,7,0,0,7,7,0,0,0,True,False,0
3812,7,0,0,7,7,0,0,0,True,False,0
3813,9,0,0,9,9,0,0,0,True,False,0
3814,8,0,0,8,8,0,0,0,True,False,0
3815,7,0,0,7,7,0,0,0,True,False,0
3816,6,0,0,6,6,0,0,0,True,False,0
3817,7,0,0,7,7,0,0,0,True,False,0
3818,8,0,0,8,8,0,0,0,True,False,0
3819,6,0,0,6,6,0,0,0,True,False,0
3820,6,0,0,6,6,0,0,0,True,False,0
3821,6,0,0,6,6,0,0,0,True,False,0
3822,8,0,0,8,8,0,0,0,True,False,0
3823,13,0,0,13,13,0,0,0,True,False,0
3824,14,0,0,14,14,0,0,0,True,False,0
3825,13,0,0,13,13,0,0,0,True,False,0
3826,12,0,0,12,12,0,0,0,True,False,0
3827,15,0,0,15,15,0,0,0,True,False,0
3828,15,0,0,15,15,0,0,0,True,False,0
3829,14,0,0,14,14,0,0,0,True,False,0
3830,13,0,0,13,13,0,0,0,True,False,0
3831,6,0,0,6,6,0,0,0,True,False,0
3832,4,0,0,4,4,0,0,0,True,False,0
3833,6,0,0,6,6,0,0,0,True,False,0
3834,4,0,0,4,4,0,0,0,True,False,0
3835,6,0,0,6,6,0,0,0,True,False,0
3836,6,0,0,6,6,0,0,0,True,False,0
3837,6,0,0,6,6,0,0,0,True,False,0
3838,12,0,0,12,12,0,0,0,True,False,0
3839,10,0,0,10,10,0,0,0,True,False,0
3840,9,0,0,9,9,0,0,0,True,False,0
3841,14,0,0,14,14,0,0,0,True,False,0
3842,12,0,0,12,12,0,0,0,True,False,0
3843,13,0,0,13,13,0,0,0,True,False,0
3844,7,0,0,7,7,0,0,0,True,False,0
3845,9,0,0,9,9,0,0,0,True,False,0
3846,7,0,0,7,7,0,0,0,True,False,0
3847,12,0,0,12,12,0,0,0,True,False,0
3848,11,0,0,11,11,0,0,0,True,False,0
3849,9,0,0,9,9,0,0,0,True,False,0
3850,10,0,0,10,10,0,0,0,True,False,0
3851,12,0,0,12,12,0,0,0,True,False,0
3852,10,0,0,10,10,0,0,0,True,False,0
3853,11,0,0,11,11,0,0,0,True,False,0
3854,8,0,0,8,8,0,0,0,True,False,0
3855,11,1,1,11,11,0,0,0,True,False,0
3856,7,7,7,7,7,0,0,0,True,False,0
3857,5,0,0,5,5,0,0,0,True,False,0
3858,9,1,1,9,9,0,0,0,True,False,0
3859,9,1,1,9,9,0,0,0,True,False,0
3860,0,130,0,0,0,0,0,0,True,False,0
3861,0,0,0,0,0,0,0,0,True,False,0
3862,97,0,0,97,97,0,0,0,True,False,0
3863,49,0,0,49,49,0,0,0,True,False,0
3864,77,0,0,77,77,0,0,0,True,False,0
3865,12,1,1,12,12,0,0,0,True,False,0
3866,9,1,1,9,9,0,0,0,True,False,0
3867,9,1,1,9,9,0,0,0,True,False,0
3868,9,1,1,9,9,0,0,0,True,False,0
3869,11,1,1,11,11,0,0,0,True,False,0
3870,8,0,0,8,8,0,0,0,True,False,0
3871,8,0,0,8,8,0,0,0,True,False,0
3872,7,0,0,7,7,0,0,0,True,False,0
3873,7,0,0,7,7,0,0,0,True,False,0
3874,7,0,0,7,7,0,0,0,True,False,0
3875,10,0,0,10,10,0,0,0,True,False,0
3876,6,0,0,6,6,0,0,0,True,False,0
3877,8,0,0,8,8,0,0,0,True,False,0
3878,9,0,0,9,9,0,0,0,True,False,0
3879,5,0,0,5,5,0,0,0,True,False,0
3880,7,0,0,7,7,0,0,0,True,False,0
3881,8,0,0,8,8,0,0,0,True,False,0
3882,9,0,0,9,9,0,0,0,True,False,0
3883,7,0,0,7,7,0,0,0,True,False,0
3884,6,0,0,6,6,0,0,0,True,False,0
3885,7,0,0,7,7,0,0,0,True,False,0
3886,14,0,0,14,14,0,0,0,True,False,0
3887,13,0,0,13,13,0,0,0,True,False,0
3888,13,0,0,13,13,0,0,0,True,False,0
3889,12,0,0,12,12,0,0,0,True,False,0
3890,13,0,0,13,13,0,0,0,True,False,0
3891,13,0,0,13,13,0,0,0,True,False,0
3892,14,0,0,14,14,0,0,0,True,False,0
3893,13,0,0,13,13,0,0,0,True,False,0
3894,6,0,0,6,6,0,0,0,True,False,0
3895,4,0,0,4,4,0,0,0,True,False,0
3896,6,0,0,6,6,0,0,0,True,False,0
3897,4,0,0,4,4,0,0,0,True,False,0
3898,6,0,0,6,6,0,0,0,True,False,0
3899,6,0,0,6,6,0,0,0,True,False,0
3900,6,0,0,6,6,0,0,0,True,False,0
3901,12,0,0,12,12,0,0,0,True,False,0
3902,10,0,0,10,10,0,0,0,True,False,0
3903,5,0,0,5,5,0,0,0,True,False,0
3904,8,0,0,8,8,0,0,0,True,False,0
3905,7,0,0,7,7,0,0,0,True,False,0
3906,11,0,0,11,11,0,0,0,True,False,0
3907,4,0,0,4,4,0,0,0,True,False,0
3908,12,0,0,12,12,0,0,0,True,False,0
3909,6,0,0,6,6,0,0,0,True,False,0
3910,13,0,0,13,13,0,0,0,True,False,0
3911,9,0,0,9,9,0,0,0,True,False,0
3912,15,0,0,15,15,0,0,0,True,False,0
3913,9,0,0,9,9,0,0,0,True,False,0
3914,11,0,0,11,11,0,0,0,True,False,0
3915,8,0,0,8,8,0,0,0,True,False,0
3916,11,0,0,11,11,0,0,0,True,False,0
3917,9,0,0,9,9,0,0,0,True,False,0
3918,9,0,0,9,9,0,0,0,True,False,0
3919,8,8,8,8,8,0,0,0,True,False,0
3920,5,0,0,5,5,0,0,0,True,False,0
3921,8,0,0,8,8,0,0,0,True,False,0
3922,9,0,0,9,9,0,0,0,True,False,0
3923,10,119,10,10,10,0,0,0,True,False,0
3924,200,0,0,200,200,0,0,0,True,False,0
3925,95,0,0,95,95,0,0,0,True,False,0
3926,48,0,0,48,48,0,0,0,True,False,0
3927,76,0,0,76,76,0,0,0,True,False,0
3928,10,0,0,10,10,0,0,0,True,False,0
3929,8,0,0,8,8,0,0,0,True,False,0
3930,9,0,0,9,9,0,0,0,True,False,0
3931,9,0,0,9,9,0,0,0,True,False,0
3932,9,0,0,9,9,0,0,0,True,False,0
3933,9,0,0,9,9,0,0,0,True,False,0
3934,8,0,0,8,8,0,0,0,True,False,0
3935,8,0,0,8,8,0,0,0,True,False,0
3936,7,0,0,7,7,0,0,0,True,False,0
3937,7,0,0,7,7,0,0,0,True,False,0
3938,8,0,0,8,8,0,0,0,True,False,0
3939,9,0,0,9,9,0,0,0,True,False,0
3940,6,0,0,6,6,0,0,0,True,False,0
3941,8,0,0,8,8,0,0,0,True,False,0
3942,7,0,0,7,7,0,0,0,True,False,0
3943,7,0,0,7,7,0,0,0,True,False,0
3944,6,0,0,6,6,0,0,0,True,False,0
3945,5,0,0,5,5,0,0,0,True,False,0
3946,5,0,0,5,5,0,0,0,True,False,0
3947,8,0,0,8,8,0,0,0,True,False,0
3948,6,0,0,6,6,0,0,0,True,False,0
3949,13,0,0,13,13,0,0,0,True,False,0
3950,13,0,0,13,13,0,0,0,True,False,0
3951,14,0,0,14,14,0,0,0,True,False,0
3952,14,0,0,14,14,0,0,0,True,False,0
3953,12,0,0,12,12,0,0,0,True,False,0
3954,14,0,0,14,14,0,0,0,True,False,0
3955,13,0,0,13,13,0,0,0,True,False,0
3956,13,0,0,13,13,0,0,0,True,False,0
3957,6,0,0,6,6,0,0,0,True,False,0
3958,4,0,0,4,4,0,0,0,True,False,0
3959,6,0,0,6,6,0,0,0,True,False,0
3960,4,0,0,4,4,0,0,0,True,False,0
3961,6,0,0,6,6,0,0,0,True,False,0
3962,6,0,0,6,6,0,0,0,True,False,0
3963,6,0,0,6,6,0,0,0,True,False,0
3964,12,0,0,12,12,0,0,0,True,False,0
3965,8,0,0,8,8,0,0,0,True,False,0
3966,8,0,0,8,8,0,0,0,True,False,0
3967,7,0,0,7,7,0,0,0,True,False,0
3968,9,0,0,9,9,0,0,0,True,False,0
3969,18,0,0,18,18,0,0,0,True,False,0
3970,13,0,0,13,13,0,0,0,True,False,0
3971,13,0,0,13,13,0,0,0,True,False,0
3972,3,0,0,3,3,0,0,0,True,False,0
3973,12,0,0,12,12,0,0,0,True,False,0
3974,13,0,0,13,13,0,0,0,True,False,0
3975,12,0,0,12,12,0,0,0,True,False,0
3976,10,0,0,10,10,0,0,0,True,False,0
3977,11,0,0,11,11,0,0,0,True,False,0
3978,10,0,0,10,10,0,0,0,True,False,0
3979,10,0,0,10,10,0,0,0,True,False,0
3980,10,0,0,10,10,0,0,0,True,False,0
3981,9,0,0,9,9,0,0,0,True,False,0
3982,7,7,7,7,7,0,0,0,True,False,0
3983,5,0,0,5,5,0,0,0,True,False,0
3984,8,0,0,8,8,0,0,0,True,False,0
3985,7,0,0,7,7,0,0,0,True,False,0
3986,0,124,0,0,0,0,0,0,True,False,0
3987,0,0,0,0,0,0,0,0,True,False,0
3988,90,0,0,90,90,0,0,0,True,False,0
3989,49,0,0,49,49,0,0,0,True,False,0
3990,73,0,0,73,73,0,0,0,True,False,0
3991,8,0,0,8,8,0,0,0,True,False,0
3992,10,0,0,10,10,0,0,0,True,False,0
3993,9,0,0,9,9,0,0,0,True,False,0
3994,8,0,0,8,8,0,0,0,True,False,0
3995,8,0,0,8,8,0,0,0,True,False,0
3996,7,0,0,7,7,0,0,0,True,False,0
3997,8,0,0,8,8,0,0,0,True,False,0
3998,10,0,0,10,10,0,0,0,True,False,0
3999,7,0,0,7,7,0,0,0,True,False,0
4000,8,0,0,8,8,0,0,0,True,False,0
4001,7,0,0,7,7,0,0,0,True,False,0
4002,8,0,0,8,8,0,0,0,True,False,0
4003,7,0,0,7,7,0,0,0,True,False,0
4004,8,0,0,8,8,0,0,0,True,False,0
4005,5,0,0,5,5,0,0,0,True,False,0
4006,6,0,0,6,6,0,0,0,True,False,0
4007,7,0,0,7,7,0,0,0,True,False,0
4008,7,0,0,7,7,0,0,0,True,False,0
4009,9,0,0,9,9,0,0,0,True,False,0
4010,8,0,0,8,8,0,0,0,True,False,0
4011,6,0,0,6,6,0,0,0,True,False,0
4012,14,0,0,14,14,0,0,0,True,False,0
4013,13,0,0,13,13,0,0,0,True,False,0
4014,13,0,0,13,13,0,0,0,True,False,0
4015,13,0,0,13,13,0,0,0,True,False,0
4016,14,0,0,14,14,0,0,0,True,False,0
4017,14,0,0,14,14,0,0,0,True,False,0
4018,13,0,0,13,13,0,0,0,True,False,0
4019,12,0,0,12,12,0,0,0,True,False,0
4020,6,0,0,6,6,0,0,0,True,False,0
4021,4,0,0,4,4,0,0,0,True,False,0
4022,6,0,0,6,6,0,0,0,True,False,0
4023,4,0,0,4,4,0,0,0,True,False,0
4024,6,0,0,6,6,0,0,0,True,False,0
4025,6,0,0,6,6,0,0,0,True,False,0
4026,6,0,0,6,6,0,0,0,True,False,0
4027,12,0,0,12,12,0,0,0,True,False,0
4028,8,0,0,8,8,0,0,0,True,False,0
4029,6,0,0,6,6,0,0,0,True,False,0
4030,12,0,0,12,12,0,0,0,True,False,0
4031,7,0,0,7,7,0,0,0,True,False,0
4032,7,0,0,7,7,0,0,0,True,False,0
4033,11,0,0,11,11,0,0,0,True,False,0
4034,13,0,0,13,13,0,0,0,True,False,0
4035,10,0,0,10,10,0,0,0,True,False,0
4036,10,0,0,10,10,0,0,0,True,False,0
4037,11,0,0,11,11,0,0,0,True,False,0
4038,11,0,0,11,11,0,0,0,True,False,0
4039,11,0,0,11,11,0,0,0,True,False,0
4040,9,0,0,9,9,0,0,0,True,False,0
4041,10,0,0,10,10,0,0,0,True,False,0
4042,11,0,0,11,11,0,0,0,True,False,0
4043,12,0,0,12,12,0,0,0,True,False,0
4044,8,0,0,8,8,0,0,0,True,False,0
4045,8,8,8,8,8,0,0,0,True,False,0
4046,5,0,0,5,5,0,0,0,True,False,0
4047,8,0,0,8,8,0,0,0,True,False,0
4048,8,0,0,8,8,0,0,0,True,False,0
4049,0,118,0,0,0,0,0,0,True,False,0
4050,0,0,0,0,0,0,0,0,True,False,0
4051,93,0,0,93,93,0,0,0,True,False,0
4052,49,0,0,49,49,0,0,0,True,False,0
4053,75,0,0,75,75,0,0,0,True,False,0
4054,7,0,0,7,7,0,0,0,True,False,0
4055,9,0,0,9,9,0,0,0,True,False,0
4056,10,0,0,10,10,0,0,0,True,False,0
4057,7,0,0,7,7,0,0,0,True,False,0
4058,9,0,0,9,9,0,0,0,True,False,0
4059,7,0,0,7,7,0,0,0,True,False,0
4060,8,0,0,8,8,0,0,0,True,False,0
4061,7,0,0,7,7,0,0,0,True,False,0
4062,8,0,0,8,8,0,0,0,True,False,0
4063,7,0,0,7,7,0,0,0,True,False,0
4064,8,0,0,8,8,0,0,0,True,False,0
4065,6,0,0,6,6,0,0,0,True,False,0
4066,7,0,0,7,7,0,0,0,True,False,0
4067,6,0,0,6,6,0,0,0,True,False,0
4068,7,0,0,7,7,0,0,0,True,False,0
4069,6,0,0,6,6,0,0,0,True,False,0
4070,7,0,0,7,7,0,0,0,True,False,0
4071,8,0,0,8,8,0,0,0,True,False,0
4072,7,0,0,7,7,0,0,0,True,False,0
4073,8,0,0,8,8,0,0,0,True,False,0
4074,8,0,0,8,8,0,0,0,True,False,0
4075,14,0,0,14,14,0,0,0,True,False,0
4076,14,0,0,14,14,0,0,0,True,False,0
4077,12,0,0,12,12,0,0,0,True,False,0
4078,13,0,0,13,13,0,0,0,True,False,0
4079,13,0,0,13,13,0,0,0,True,False,0
4080,12,0,0,12,12,0,0,0,True,False,0
4081,12,0,0,12,12,0,0,0,True,False,0
4082,14,0,0,14,14,0,0,0,True,False,0
4083,6,0,0,6,6,0,0,0,True,False,0
4084,4,0,0,4,4,0,0,0,True,False,0
4085,6,0,0,6,6,0,0,0,True,False,0
4086,4,0,0,4,4,0,0,0,True,False,0
4087,6,0,0,6,6,0,0,0,True,False,0
4088,6,0,0,6,6,0,0,0,True,False,0
4089,6,0,0,6,6,0,0,0,True,False,0
4090,12,0,0,12,12,0,0,0,True,False,0
4091,4,0,0,4,4,0,0,0,True,False,0
4092,14,0,0,14,14,0,0,0,True,False,0
4093,16,0,0,16,16,0,0,0,True,False,0
4094,14,0,0,14,14,0,0,0,True,False,0
4095,12,0,0,12,12,0,0,0,True,False,0
4096,7,0,0,7,7,0,0,0,True,False,0
4097,8,0,0,8,8,0,0,0,True,False,0
4098,16,0,0,16,16,0,0,0,True,False,0
4099,11,0,0,11,11,0,0,0,True,False,0
4100,12,0,0,12,12,0,0,0,True,False,0
4101,11,0,0,11,11,0,0,0,True,False,0
4102,13,0,0,13,13,0,0,0,True,False,0
4103,10,0,0,10,10,0,0,0,True,False,0
4104,9,0,0,9,9,0,0,0,True,False,0
4105,9,0,0,9,9,0,0,0,True,False,0
4106,10,0,0,10,10,0,0,0,True,False,0
4107,8,0,0,8,8,0,0,0,True,False,0
4108,7,7,7,7,7,0,0,0,True,False,0
4109,5,0,0,5,5,0,0,0,True,False,0
4110,7,0,0,7,7,0,0,0,True,False,0
4111,8,0,0,8,8,0,0,0,True,False,0
4112,0,117,0,0,0,0,0,0,True,False,0
4113,0,0,0,0,0,0,0,0,True,False,0
4114,96,0,0,96,96,0,0,0,True,False,0
4115,50,0,0,50,50,0,0,0,True,False,0
4116,75,0,0,75,75,0,0,0,True,False,0
4117,9,0,0,9,9,0,0,0,True,False,0
4118,10,0,0,10,10,0,0,0,True,False,0
4119,8,0,0,8,8,0,0,0,True,False,0
4120,8,0,0,8,8,0,0,0,True,False,0
4121,9,0,0,9,9,0,0,0,True,False,0
4122,7,0,0,7,7,0,0,0,True,False,0
4123,9,0,0,9,9,0,0,0,True,False,0
4124,7,0,0,7,7,0,0,0,True,False,0
4125,7,0,0,7,7,0,0,0,True,False,0
4126,6,0,0,6,6,0,0,0,True,False,0
4127,7,0,0,7,7,0,0,0,True,False,0
4128,8,0,0,8,8,0,0,0,True,False,0
4129,8,0,0,8,8,0,0,0,True,False,0
4130,7,0,0,7,7,0,0,0,True,False,0
4131,6,0,0,6,6,0,0,0,True,False,0
4132,8,0,0,8,8,0,0,0,True,False,0
4133,8,0,0,8,8,0,0,0,True,False,0
4134,8,0,0,8,8,0,0,0,True,False,0
4135,6,0,0,6,6,0,0,0,True,False,0
4136,9,0,0,9,9,0,0,0,True,False,0
4137,5,0,0,5,5,0,0,0,True,False,0
4138,14,0,0,14,14,0,0,0,True,False,0
4139,12,0,0,12,12,0,0,0,True,False,0
4140,13,0,0,13,13,0,0,0,True,False,0
4141,15,0,0,15,15,0,0,0,True,False,0
4142,12,0,0,12,12,0,0,0,True,False,0
4143,15,0,0,15,15,0,0,0,True,False,0
4144,15,0,0,15,15,0,0,0,True,False,0
4145,13,0,0,13,13,0,0,0,True,False,0
4146,6,0,0,6,6,0,0,0,True,False,0
4147,4,0,0,4,4,0,0,0,True,False,0
4148,6,0,0,6,6,0,0,0,True,False,0
4149,4,0,0,4,4,0,0,0,True,False,0
4150,6,0,0,6,6,0,0,0,True,False,0
4151,6,0,0,6,6,0,0,0,True,False,0
4152,6,0,0,6,6,0,0,0,True,False,0
4153,12,0,0,12,12,0,0,0,True,False,0
4154,7,0,0,7,7,0,0,0,True,False,0
4155,14,0,0,14,14,0,0,0,True,False,0
4156,6,0,0,6,6,0,0,0,True,False,0
4157,12,0,0,12,12,0,0,0,True,False,0
4158,4,0,0,4,4,0,0,0,True,False,0
4159,18,0,0,18,18,0,0,0,True,False,0
4160,4,0,0,4,4,0,0,0,True,False,0
4161,10,0,0,10,10,0,0,0,True,False,0
4162,1,0,0,1,1,0,0,0,True,True,0
4163,1,0,0,1,1,0,0,0,True,True,0
4164,1,0,0,1,1,0,0,0,True,True,0
4165,1,0,0,1,1,0,0,0,True,True,0
4166,1,0,0,1,1,0,0,0,True,True,0
4167,9,0,0,9,9,0,0,0,True,False,0
4168,11,0,0,11,11,0,0,0,True,False,0
4169,11,0,0,11,11,0,0,0,True,False,0
4170,11,0,0,11,11,0,0,0,True,False,0
4171,12,0,0,12,12,0,0,0,True,False,0
4172,9,0,0,9,9,0,0,0,True,False,0
4173,10,0,0,10,10,0,0,0,True,False,0
4174,10,0,0,10,10,0,0,0,True,False,0
4175,9,0,0,9,9,0,0,0,True,False,0
4176,8,8,8,8,8,0,0,0,True,False,0
4177,5,0,0,5,5,0,0,0,True,False,0
4178,8,0,0,8,8,0,0,0,True,False,0
4179,9,0,0,9,9,0,0,0,True,False,0
4180,0,120,0,0,0,0,0,0,True,False,0
4181,0,0,0,0,0,0,0,0,True,False,0
4182,97,0,0,97,97,0,0,0,True,False,0
4183,43,0,0,43,43,0,0,0,True,False,0
4184,80,0,0,80,80,0,0,0,True,False,0
4185,8,0,0,8,8,0,0,0,True,False,0
4186,8,0,0,8,8,0,0,0,True,False,0
4187,9,0,0,9,9,0,0,0,True,False,0
4188,8,0,0,8,8,0,0,0,True,False,0
4189,9,0,0,9,9,0,0,0,True,False,0
4190,6,0,0,6,6,0,0,0,True,False,0
4191,8,0,0,8,8,0,0,0,True,False,0
4192,8,0,0,8,8,0,0,0,True,False,0
4193,7,0,0,7,7,0,0,0,True,False,0
4194,8,0,0,8,8,0,0,0,True,False,0
4195,8,0,0,8,8,0,0,0,True,False,0
4196,8,0,0,8,8,0,0,0,True,False,0
4197,8,0,0,8,8,0,0,0,True,False,0
4198,7,0,0,7,7,0,0,0,True,False,0
4199,7,0,0,7,7,0,0,0,True,False,0
4200,8,0,0,8,8,0,0,0,True,False,0
4201,6,0,0,6,6,0,0,0,True,False,0
4202,6,0,0,6,6,0,0,0,True,False,0
4203,7,0,0,7,7,0,0,0,True,False,0
4204,7,0,0,7,7,0,0,0,True,False,0
4205,9,0,0,9,9,0,0,0,True,False,0
4206,15,0,0,15,15,0,0,0,True,False,0
4207,15,0,0,15,15,0,0,0,True,False,0
4208,14,0,0,14,14,0,0,0,True,False,0
4209,14,0,0,14,14,0,0,0,True,False,0
4210,13,0,0,13,13,0,0,0,True,False,0
4211,14,0,0,14,14,0,0,0,True,False,0
4212,12,0,0,12,12,0,0,0,True,False,0
4213,13,0,0,13,13,0,0,0,True,False,0
4214,6,0,0,6,6,0,0,0,True,False,0
4215,4,0,0,4,4,0,0,0,True,False,0
4216,6,0,0,6,6,0,0,0,True,False,0
4217,4,0,0,4,4,0,0,0,True,False,0
4218,6,0,0,6,6,0,0,0,True,False,0
4219,6,0,0,6,6,0,0,0,True,False,0
4220,6,0,0,6,6,0,0,0,True,False,0
4221,12,0,0,12,12,0,0,0,True,False,0
4222,13,0,0,13,13,0,0,0,True,False,0
4223,6,0,0,6,6,0,0,0,True,False,0
4224,10,0,0,10,10,0,0,0,True,False,0
4225,4,0,0,4,4,0,0,0,True,False,0
4226,6,0,0,6,6,0,0,0,True,False,0
4227,10,0,0,10,10,0,0,0,True,False,0
4228,12,0,0,12,12,0,0,0,True,False,0
4229,12,0,0,12,12,0,0,0,True,False,0
4230,1,0,0,1,1,0,0,0,True,True,0
4231,1,0,0,1,1,0,0,0,True,True,0
4232,1,0,0,1,1,0,0,0,True,True,0
4233,3,0,0,3,3,0,0,0,True,False,0
4234,3,0,0,3,3,0,0,0,True,False,0
4235,3,0,0,3,3,0,0,0,True,False,0
4236,2,0,0,2,2,0,0,0,True,True,0
4237,3,0,0,3,3,0,0,0,True,False,0
4238,2,0,0,2,2,0,0,0,True,True,0
4239,3,0,0,3,3,0,0,0,True,False,0
4240,2,0,0,2,2,0,0,0,True,True,0
4241,2,0,0,2,2,0,0,0,True,True,0
4242,2,2,2,2,2,0,0,0,True,True,0
4243,2,0,0,2,2,0,0,0,True,True,0
4244,3,0,0,3,3,0,0,0,True,False,0
4245,2,0,0,2,2,0,0,0,True,True,0
4246,0,32,0,0,0,0,0,0,True,False,0
4247,0,0,0,0,0,0,0,0,True,False,0
4248,23,0,0,23,23,0,0,0,True,False,0
4249,12,0,0,12,12,0,0,0,True,False,0
4250,21,0,0,21,21,0,0,0,True,False,0
4251,2,0,0,2,2,0,0,0,True,True,0
4252,1,0,0,1,1,0,0,0,True,True,0
4253,1,0,0,1,1,0,0,0,True,True,0
4254,3,0,0,3,3,0,0,0,True,False,0
4255,2,0,0,2,2,0,0,0,True,True,0
4256,2,0,0,2,2,0,0,0,True,True,0
4257,2,0,0,2,2,0,0,0,True,True,0
4258,2,0,0,2,2,0,0,0,True,True,0
4259,2,0,0,2,2,0,0,0,True,True,0
4260,1,0,0,1,1,0,0,0,True,True,0
4261,1,0,0,1,1,0,0,0,True,True,0
4262,2,0,0,2,2,0,0,0,True,True,0
4263,2,0,0,2,2,0,0,0,True,True,0
4264,2,0,0,2,2,0,0,0,True,True,0
4265,1,0,0,1,1,0,0,0,True,True,0
4266,3,0,0,3,3,0,0,0,True,False,0
4267,2,0,0,2,2,0,0,0,True,True,0
4268,3,0,0,3,3,0,0,0,True,False,0
4269,1,0,0,1,1,0,0,0,True,True,0
4270,1,0,0,1,1,0,0,0,True,True,0
4271,2,0,0,2,2,0,0,0,True,True,0
4272,5,0,0,5,5,0,0,0,True,False,0
4273,4,0,0,4,4,0,0,0,True,False,0
4274,3,0,0,3,3,0,0,0,True,False,0
4275,2,0,0,2,2,0,0,0,True,True,0
4276,4,0,0,4,4,0,0,0,True,False,0
4277,4,0,0,4,4,0,0,0,True,False,0
4278,5,0,0,5,5,0,0,0,True,False,0
4279,4,0,0,4,4,0,0,0,True,False,0
4280,1,0,0,1,1,0,0,0,True,True,0
4281,1,0,0,1,1,0,0,0,True,True,0
4282,2,0,0,2,2,0,0,0,True,True,0
4283,1,0,0,1,1,0,0,0,True,True,0
4284,1,0,0,1,1,0,0,0,True,True,0
4285,1,0,0,1,1,0,0,0,True,True,0
4286,1,0,0,1,1,0,0,0,True,True,0
4287,3,0,0,3,3,0,0,0,True,False,0
4288,2,0,0,2,2,0,0,0,True,True,0
4289,5,0,0,5,5,0,0,0,True,False,0
4290,4,0,0,4,4,0,0,0,True,False,0
4291,4,0,0,4,4,0,0,0,True,False,0
4292,3,0,0,3,3,0,0,0,True,False,0
4293,5,0,0,5,5,0,0,0,True,False,0
4294,6,0,0,6,6,0,0,0,True,False,0
4295,5,0,0,5,5,0,0,0,True,False,0
4296,8,0,0,8,8,0,0,0,False,False,0
4297,7,0,0,7,7,0,0,0,False,False,0
4298,7,0,0,7,7,0,0,0,False,False,0
4299,7,0,0,7,7,0,0,0,False,False,0
4300,9,0,0,9,9,0,0,0,False,False,0
4301,10,0,0,10,10,0,0,0,False,False,0
4302,9,0,0,9,9,0,0,0,False,False,0
4303,7,0,0,7,7,0,0,0,False,False,0
4304,9,0,0,9,9,0,0,0,False,False,0
4305,6,5,5,6,6,0,0,0,False,False,0
4306,5,0,0,5,5,0,0,0,False,False,0
4307,11,0,0,11,11,0,0,0,False,False,0
4308,11,0,0,11,11,0,0,0,False,False,0
4309,11,80,10,11,11,0,0,0,False,False,0
4310,200,0,0,200,200,0,0,0,False,False,0
4311,60,0,0,60,60,0,0,0,False,False,0
4312,32,0,0,32,32,0,0,0,False,False,0
4313,51,0,0,51,51,0,0,0,False,False,0
4314,11,0,0,11,11,0,0,0,False,False,0
4315,9,0,0,9,9,0,0,0,False,False,0
4316,9,0,0,9,9,0,0,0,False,False,0
4317,9,0,0,9,9,0,0,0,False,False,0
4318,8,0,0,8,8,0,0,0,False,False,0
4319,7,3,3,7,7,0,0,0,False,False,0
4320,6,3,3,6,6,0,0,0,False,False,0
4321,6,3,3,6,6,0,0,0,False,False,0
4322,4,3,3,4,4,0,0,0,False,False,0
4323,7,4,4,7,7,0,0,0,False,False,0
4324,7,3,3,7,7,0,0,0,False,False,0
4325,8,3,3,8,8,0,0,0,False,False,0
4326,6,3,3,6,6,0,0,0,False,False,0
4327,7,0,0,7,7,0,0,0,False,False,0
4328,7,0,0,7,7,0,0,0,False,False,0
4329,8,0,0,8,8,0,0,0,False,False,0
4330,7,0,0,7,7,0,0,0,False,False,0
4331,6,0,0,6,6,0,0,0,False,False,0
4332,7,0,0,7,7,0,0,0,False,False,0
4333,7,0,0,7,7,0,0,0,False,False,0
4334,6,0,0,6,6,0,0,0,False,False,0
4335,12,0,0,12,12,0,0,0,False,False,0
4336,10,0,0,10,10,0,0,0,False,False,0
4337,11,0,0,11,11,0,0,0,False,False,0
4338,11,0,0,11,11,0,0,0,False,False,0
4339,11,0,0,11,11,0,0,0,False,False,0
4340,11,0,0,11,11,0,0,0,False,False,0
4341,11,0,0,11,11,0,0,0,False,False,0
4342,9,0,0,9,9,0,0,0,False,False,0
4343,9,0,0,9,9,0,0,0,False,False,0
4344,5,0,0,5,5,0,0,0,False,False,0
4345,9,0,0,9,9,0,0,0,False,False,0
4346,9,0,0,9,9,0,0,0,False,False,0
4347,9,0,0,9,9,0,0,0,False,False,0
4348,4,0,0,4,4,0,0,0,False,False,0
4349,5,0,0,5,5,0,0,0,False,False,0
4350,4,0,0,4,4,0,0,0,False,False,0
4351,9,0,0,9,9,0,0,0,False,False,0
4352,9,0,0,9,9,0,0,0,False,False,0
4353,6,0,0,6,6,0,0,0,False,False,0
4354,4,0,0,4,4,0,0,0,False,False,0
4355,8,0,0,8,8,0,0,0,False,False,0
4356,12,0,0,12,12,0,0,0,False,False,0
4357,4,0,0,4,4,0,0,0,False,False,0
4358,8,0,0,8,8,0,0,0,False,False,0
4359,2,0,0,2,2,0,0,0,False,True,0
4360,2,0,0,2,2,0,0,0,False,True,0
4361,2,0,0,2,2,0,0,0,False,True,0
4362,2,0,0,2,2,0,0,0,False,True,0
4363,2,0,0,2,2,0,0,0,False,True,0
4364,2,0,0,2,2,0,0,0,False,True,0
4365,2,0,0,2,2,0,0,0,False,True,0
4366,2,0,0,2,2,0,0,0,False,True,0
4367,2,0,0,2,2,0,0,0,False,True,0
4368,2,0,0,2,2,0,0,0,False,True,0
4369,2,0,0,2,2,0,0,0,False,True,0
4370,2,0,0,2,2,0,0,0,False,True,0
4371,2,0,0,2,2,0,0,0,False,True,0
4372,2,0,0,2,2,0,0,0,False,True,0
4373,2,0,0,2,2,0,0,0,False,True,0
4374,2,0,0,2,2,0,0,0,False,True,0
4375,12,0,0,12,12,0,0,0,True,False,0
4376,12,0,0,12,12,0,0,0,True,False,0
4377,10,0,0,10,10,0,0,0,True,False,0
4378,10,0,0,10,10,0,0,0,True,False,0
4379,9,0,0,9,9,0,0,0,True,False,0
4380,13,0,0,13,13,0,0,0,True,False,0
4381,9,0,0,9,9,0,0,0,True,False,0
4382,13,0,0,13,13,0,0,0,True,False,0
4383,10,0,0,10,10,0,0,0,True,False,0
4384,8,8,8,8,8,0,0,0,True,False,0
4385,5,0,0,5,5,0,0,0,True,False,0
4386,10,0,0,10,10,0,0,0,True,False,0
4387,11,0,0,11,11,0,0,0,True,False,0
4388,0,123,0,0,0,0,0,0,True,False,0
4389,0,0,0,0,0,0,0,0,True,False,0
4390,92,0,0,92,92,0,0,0,True,False,0
4391,46,0,0,46,46,0,0,0,True,False,0
4392,77,0,0,77,77,0,0,0,True,False,0
4393,11,0,0,11,11,0,0,0,True,False,0
4394,9,0,0,9,9,0,0,0,True,False,0
4395,13,0,0,13,13,0,0,0,True,False,0
4396,12,0,0,12,12,0,0,0,True,False,0
4397,10,0,0,10,10,0,0,0,True,False,0
4398,8,0,0,8,8,0,0,0,True,False,0
4399,7,0,0,7,7,0,0,0,True,False,0
4400,7,0,0,7,7,0,0,0,True,False,0
4401,9,1,1,9,9,0,0,0,True,False,0
4402,6,0,0,6,6,0,0,0,True,False,0
4403,9,0,0,9,9,0,0,0,True,False,0
4404,7,0,0,7,7,0,0,0,True,False,0
4405,8,0,0,8,8,0,0,0,True,False,0
4406,6,0,0,6,6,0,0,0,True,False,0
4407,7,0,0,7,7,0,0,0,True,False,0
4408,7,0,0,7,7,0,0,0,True,False,0
4409,7,0,0,7,7,0,0,0,True,False,0
4410,7,0,0,7,7,0,0,0,True,False,0
4411,6,0,0,6,6,0,0,0,True,False,0
4412,7,0,0,7,7,0,0,0,True,False,0
4413,6,0,0,6,6,0,0,0,True,False,0
4414,13,0,0,13,13,0,0,0,True,False,0
4415,13,0,0,13,13,0,0,0,True,False,0
4416,11,0,0,11,11,0,0,0,True,False,0
4417,13,0,0,13,13,0,0,0,True,False,0
4418,14,0,0,14,14,0,0,0,True,False,0
4419,15,0,0,15,15,0,0,0,True,False,0
4420,12,0,0,12,12,0,0,0,True,False,0
4421,14,0,0,14,14,0,0,0,True,False,0
4422,12,0,0,12,12,0,0,0,True,False,0
4423,6,0,0,6,6,0,0,0,True,False,0
4424,12,0,0,12,12,0,0,0,True,False,0
4425,12,0,0,12,12,0,0,0,True,False,0
4426,12,0,0,12,12,0,0,0,True,False,0
4427,4,0,0,4,4,0,0,0,True,False,0
4428,6,0,0,6,6,0,0,0,True,False,0
4429,4,0,0,4,4,0,0,0,True,False,0
4430,4,0,0,4,4,0,0,0,True,False,0
4431,9,0,0,9,9,0,0,0,True,False,0
4432,12,0,0,12,12,0,0,0,True,False,0
4433,11,0,0,11,11,0,0,0,True,False,0
4434,4,0,0,4,4,0,0,0,True,False,0
4435,7,0,0,7,7,0,0,0,True,False,0
4436,13,0,0,13,13,0,0,0,True,False,0
4437,11,0,0,11,11,0,0,0,True,False,0
4438,11,0,0,11,11,0,0,0,True,False,0
4439,11,0,0,11,11,0,0,0,True,False,0
4440,9,0,0,9,9,0,0,0,True,False,0
4441,11,0,0,11,11,0,0,0,True,False,0
4442,10,0,0,10,10,0,0,0,True,False,0
4443,11,0,0,11,11,0,0,0,True,False,0
4444,11,0,0,11,11,0,0,0,True,False,0
4445,11,0,0,11,11,0,0,0,True,False,0
4446,10,0,0,10,10,0,0,0,True,False,0
4447,7,7,7,7,7,0,0,0,True,False,0
4448,5,0,0,5,5,0,0,0,True,False,0
4449,11,0,0,11,11,0,0,0,True,False,0
4450,10,0,0,10,10,0,0,0,True,False,0
4451,0,119,0,0,0,0,0,0,True,False,0
4452,0,0,0,0,0,0,0,0,True,False,0
4453,92,0,0,92,92,0,0,0,True,False,0
4454,47,0,0,47,47,0,0,0,True,False,0
4455,76,0,0,76,76,0,0,0,True,False,0
4456,8,0,0,8,8,0,0,0,True,False,0
4457,11,0,0,11,11,0,0,0,True,False,0
4458,11,0,0,11,11,0,0,0,True,False,0
4459,12,0,0,12,12,0,0,0,True,False,0
4460,11,0,0,11,11,0,0,0,True,False,0
4461,6,0,0,6,6,0,0,0,True,False,0
4462,8,0,0,8,8,0,0,0,True,False,0
4463,6,0,0,6,6,0,0,0,True,False,0
4464,9,0,0,9,9,0,0,0,True,False,0
4465,8,0,0,8,8,0,0,0,True,False,0
4466,7,0,0,7,7,0,0,0,True,False,0
4467,8,0,0,8,8,0,0,0,True,False,0
4468,8,0,0,8,8,0,0,0,True,False,0
4469,7,0,0,7,7,0,0,0,True,False,0
4470,8,0,0,8,8,0,0,0,True,False,0
4471,7,0,0,7,7,0,0,0,True,False,0
4472,6,0,0,6,6,0,0,0,True,False,0
4473,5,0,0,5,5,0,0,0,True,False,0
4474,7,0,0,7,7,0,0,0,True,False,0
4475,8,0,0,8,8,0,0,0,True,False,0
4476,6,0,0,6,6,0,0,0,True,False,0
4477,14,0,0,14,14,0,0,0,True,False,0
4478,14,0,0,14,14,0,0,0,True,False,0
4479,16,0,0,16,16,0,0,0,True,False,0
4480,12,0,0,12,12,0,0,0,True,False,0
4481,14,0,0,14,14,0,0,0,True,False,0
4482,12,0,0,12,12,0,0,0,True,False,0
4483,15,0,0,15,15,0,0,0,True,False,0
4484,14,0,0,14,14,0,0,0,True,False,0
4485,12,0,0,12,12,0,0,0,True,False,0
4486,6,0,0,6,6,0,0,0,True,False,0
4487,12,0,0,12,12,0,0,0,True,False,0
4488,12,0,0,12,12,0,0,0,True,False,0
4489,12,0,0,12,12,0,0,0,True,False,0
4490,4,0,0,4,4,0,0,0,True,False,0
4491,6,0,0,6,6,0,0,0,True,False,0
4492,4,0,0,4,4,0,0,0,True,False,0
4493,10,0,0,10,10,0,0,0,True,False,0
4494,13,0,0,13,13,0,0,0,True,False,0
4495,4,0,0,4,4,0,0,0,True,False,0
4496,14,0,0,14,14,0,0,0,True,False,0
4497,11,0,0,11,11,0,0,0,True,False,0
4498,8,0,0,8,8,0,0,0,True,False,0
4499,8,0,0,8,8,0,0,0,True,False,0
4500,10,0,0,10,10,0,0,0,True,False,0
4501,10,0,0,10,10,0,0,0,True,False,0
4502,9,0,0,9,9,0,0,0,True,False,0
4503,12,0,0,12,12,0,0,0,True,False,0
4504,12,0,0,12,12,0,0,0,True,False,0
4505,9,0,0,9,9,0,0,0,True,False,0
4506,11,0,0,11,11,0,0,0,True,False,0
4507,10,0,0,10,10,0,0,0,True,False,0
4508,11,0,0,11,11,0,0,0,True,False,0
4509,10,0,0,10,10,0,0,0,True,False,0
4510,8,8,8,8,8,0,0,0,True,False,0
4511,5,0,0,5,5,0,0,0,True,False,0
4512,10,0,0,10,10,0,0,0,True,False,0
4513,12,0,0,12,12,0,0,0,True,False,0
4514,0,129,0,0,0,0,0,0,True,False,0
4515,0,0,0,0,0,0,0,0,True,False,0
4516,87,0,0,87,87,0,0,0,True,False,0
4517,45,0,0,45,45,0,0,0,True,False,0
4518,73,0,0,73,73,0,0,0,True,False,0
4519,12,0,0,12,12,0,0,0,True,False,0
4520,12,0,0,12,12,0,0,0,True,False,0
4521,10,0,0,10,10,0,0,0,True,False,0
4522,11,0,0,11,11,0,0,0,True,False,0
4523,8,0,0,8,8,0,0,0,True,False,0
4524,8,0,0,8,8,0,0,0,True,False,0
4525,7,0,0,7,7,0,0,0,True,False,0
4526,7,0,0,7,7,0,0,0,True,False,0
4527,6,0,0,6,6,0,0,0,True,False,0
4528,8,0,0,8,8,0,0,0,True,False,0
4529,7,0,0,7,7,0,0,0,True,False,0
4530,7,0,0,7,7,0,0,0,True,False,0
4531,7,0,0,7,7,0,0,0,True,False,0
4532,5,0,0,5,5,0,0,0,True,False,0
4533,5,0,0,5,5,0,0,0,True,False,0
4534,7,0,0,7,7,0,0,0,True,False,0
4535,7,0,0,7,7,0,0,0,True,False,0
4536,7,0,0,7,7,0,0,0,True,False,0
4537,7,0,0,7,7,0,0,0,True,False,0
4538,8,0,0,8,8,0,0,0,True,False,0
4539,8,0,0,8,8,0,0,0,True,False,0
4540,14,0,0,14,14,0,0,0,True,False,0
4541,13,0,0,13,13,0,0,0,True,False,0
4542,13,0,0,13,13,0,0,0,True,False,0
4543,14,0,0,14,14,0,0,0,True,False,0
4544,14,0,0,14,14,0,0,0,True,False,0
4545,15,0,0,15,15,0,0,0,True,False,0
4546,12,0,0,12,12,0,0,0,True,False,0
4547,12,0,0,12,12,0,0,0,True,False,0
4548,12,0,0,12,12,0,0,0,True,False,0
4549,6,0,0,6,6,0,0,0,True,False,0
4550,12,0,0,12,12,0,0,0,True,False,0
4551,12,0,0,12,12,0,0,0,True,False,0
4552,12,0,0,12,12,0,0,0,True,False,0
4553,4,0,0,4,4,0,0,0,True,False,0
4554,6,0,0,6,6,0,0,0,True,False,0
4555,4,0,0,4,4,0,0,0,True,False,0
4556,15,0,0,15,15,0,0,0,True,False,0
4557,9,0,0,9,9,0,0,0,True,False,0
4558,13,0,0,13,13,0,0,0,True,False,0
4559,9,0,0,9,9,0,0,0,True,False,0
4560,7,0,0,7,7,0,0,0,True,False,0
4561,12,0,0,12,12,0,0,0,True,False,0
4562,11,0,0,11,11,0,0,0,True,False,0
4563,13,0,0,13,13,0,0,0,True,False,0
4564,10,0,0,10,10,0,0,0,True,False,0
4565,9,0,0,9,9,0,0,0,True,False,0
4566,13,0,0,13,13,0,0,0,True,False,0
4567,10,0,0,10,10,0,0,0,True,False,0
4568,9,0,0,9,9,0,0,0,True,False,0
4569,12,0,0,12,12,0,0,0,True,False,0
4570,10,0,0,10,10,0,0,0,True,False,0
4571,10,0,0,10,10,0,0,0,True,False,0
4572,12,1,1,12,12,0,0,0,True,False,0
4573,7,7,7,7,7,0,0,0,True,False,0
4574,5,0,0,5,5,0,0,0,True,False,0
4575,12,1,1,12,12,0,0,0,True,False,0
4576,10,1,1,10,10,0,0,0,True,False,0
4577,0,120,0,0,0,0,0,0,True,False,0
4578,0,0,0,0,0,0,0,0,True,False,0
4579,88,0,0,88,88,0,0,0,True,False,0
4580,47,0,0,47,47,0,0,0,True,False,0
4581,77,0,0,77,77,0,0,0,True,False,0
4582,10,1,1,10,10,0,0,0,True,False,0
4583,11,1,1,11,11,0,0,0,True,False,0
4584,9,1,1,9,9,0,0,0,True,False,0
4585,10,1,1,10,10,0,0,0,True,False,0
4586,8,1,1,8,8,0,0,0,True,False,0
4587,7,0,0,7,7,0,0,0,True,False,0
4588,8,0,0,8,8,0,0,0,True,False,0
4589,7,0,0,7,7,0,0,0,True,False,0
4590,9,0,0,9,9,0,0,0,True,False,0
4591,10,0,0,10,10,0,0,0,True,False,0
4592,6,0,0,6,6,0,0,0,True,False,0
4593,8,0,0,8,8,0,0,0,True,False,0
4594,8,0,0,8,8,0,0,0,True,False,0
4595,7,0,0,7,7,0,0,0,True,False,0
4596,7,0,0,7,7,0,0,0,True,False,0
4597,7,0,0,7,7,0,0,0,True,False,0
4598,7,0,0,7,7,0,0,0,True,False,0
4599,7,0,0,7,7,0,0,0,True,False,0
4600,7,0,0,7,7,0,0,0,True,False,0
4601,6,0,0,6,6,0,0,0,True,False,0
4602,5,0,0,5,5,0,0,0,True,False,0
4603,14,0,0,14,14,0,0,0,True,False,0
4604,13,0,0,13,13,0,0,0,True,False,0
4605,14,0,0,14,14,0,0,0,True,False,0
4606,13,0,0,13,13,0,0,0,True,False,0
4607,11,0,0,11,11,0,0,0,True,False,0
4608,11,0,0,11,11,0,0,0,True,False,0
4609,15,0,0,15,15,0,0,0,True,False,0
4610,13,0,0,13,13,0,0,0,True,False,0
4611,12,0,0,12,12,0,0,0,True,False,0
4612,6,0,0,6,6,0,0,0,True,False,0
4613,12,0,0,12,12,0,0,0,True,False,0
4614,12,0,0,12,12,0,0,0,True,False,0
4615,13,0,0,13,13,0,0,0,True,False,0
4616,4,0,0,4,4,0,0,0,True,False,0
4617,6,0,0,6,6,0,0,0,True,False,0
4618,4,0,0,4,4,0,0,0,True,False,0
4619,7,0,0,7,7,0,0,0,True,False,0
4620,8,0,0,8,8,0,0,0,True,False,0
4621,9,0,0,9,9,0,0,0,True,False,0
4622,15,0,0,15,15,0,0,0,True,False,0
4623,14,0,0,14,14,0,0,0,True,False,0
4624,12,0,0,12,12,0,0,0,True,False,0
4625,11,0,0,11,11,0,0,0,True,False,0
4626,10,0,0,10,10,0,0,0,True,False,0
4627,12,0,0,12,12,0,0,0,True,False,0
4628,10,0,0,10,10,0,0,0,True,False,0
4629,10,0,0,10,10,0,0,0,True,False,0
4630,10,0,0,10,10,0,0,0,True,False,0
4631,10,0,0,10,10,0,0,0,True,False,0
4632,10,0,0,10,10,0,0,0,True,False,0
4633,9,0,0,9,9,0,0,0,True,False,0
4634,10,0,0,10,10,0,0,0,True,False,0
4635,10,0,0,10,10,0,0,0,True,False,0
4636,8,8,8,8,8,0,0,0,True,False,0
4637,5,0,0,5,5,0,0,0,True,False,0
4638,11,0,0,11,11,0,0,0,True,False,0
4639,10,0,0,10,10,0,0,0,True,False,0
4640,10,119,10,10,10,0,0,0,True,False,0
4641,200,0,0,200,200,0,0,0,True,False,0
4642,93,0,0,93,93,0,0,0,True,False,0
4643,49,0,0,49,49,0,0,0,True,False,0
4644,68,0,0,68,68,0,0,0,True,False,0
4645,9,0,0,9,9,0,0,0,True,False,0
4646,8,0,0,8,8,0,0,0,True,False,0
4647,9,0,0,9,9,0,0,0,True,False,0
4648,8,0,0,8,8,0,0,0,True,False,0
4649,9,0,0,9,9,0,0,0,True,False,0
4650,8,0,0,8,8,0,0,0,True,False,0
4651,8,0,0,8,8,0,0,0,True,False,0
4652,7,0,0,7,7,0,0,0,True,False,0
4653,7,0,0,7,7,0,0,0,True,False,0
4654,7,0,0,7,7,0,0,0,True,False,0
4655,7,0,0,7,7,0,0,0,True,False,0
4656,6,0,0,6,6,0,0,0,True,False,0
4657,9,0,0,9,9,0,0,0,True,False,0
4658,7,0,0,7,7,0,0,0,True,False,0
4659,8,0,0,8,8,0,0,0,True,False,0
4660,7,0,0,7,7,0,0,0,True,False,0
4661,7,0,0,7,7,0,0,0,True,False,0
4662,5,0,0,5,5,0,0,0,True,False,0
4663,8,0,0,8,8,0,0,0,True,False,0
4664,6,0,0,6,6,0,0,0,True,False,0
4665,6,0,0,6,6,0,0,0,True,False,0
4666,14,0,0,14,14,0,0,0,True,False,0
4667,15,0,0,15,15,0,0,0,True,False,0
4668,12,0,0,12,12,0,0,0,True,False,0
4669,14,0,0,14,14,0,0,0,True,False,0
4670,13,0,0,13,13,0,0,0,True,False,0
4671,12,0,0,12,12,0,0,0,True,False,0
4672,12,0,0,12,12,0,0,0,True,False,0
4673,12,0,0,12,12,0,0,0,True,False,0
4674,12,0,0,12,12,0,0,0,True,False,0
4675,7,0,0,7,7,0,0,0,True,False,0
4676,12,0,0,12,12,0,0,0,True,False,0
4677,12,0,0,12,12,0,0,0,True,False,0
4678,12,0,0,12,12,0,0,0,True,False,0
4679,4,0,0,4,4,0,0,0,True,False,0
4680,7,0,0,7,7,0,0,0,True,False,0
4681,4,0,0,4,4,0,0,0,True,False,0
4682,9,0,0,9,9,0,0,0,True,False,0
4683,4,0,0,4,4,0,0,0,True,False,0
4684,12,0,0,12,12,0,0,0,True,False,0
4685,8,0,0,8,8,0,0,0,True,False,0
4686,8,0,0,8,8,0,0,0,True,False,0
4687,6,0,0,6,6,0,0,0,True,False,0
4688,12,0,0,12,12,0,0,0,True,False,0
4689,12,0,0,12,12,0,0,0,True,False,0
4690,11,0,0,11,11,0,0,0,True,False,0
4691,12,0,0,12,12,0,0,0,True,False,0
4692,10,0,0,10,10,0,0,0,True,False,0
4693,11,0,0,11,11,0,0,0,True,False,0
4694,13,0,0,13,13,0,0,0,True,False,0
4695,10,0,0,10,10,0,0,0,True,False,0
4696,11,0,0,11,11,0,0,0,True,False,0
4697,10,0,0,10,10,0,0,0,True,False,0
4698,7,0,0,7,7,0,0,0,True,False,0
4699,7,7,7,7,7,0,0,0,True,False,0
4700,5,0,0,5,5,0,0,0,True,False,0
4701,8,0,0,8,8,0,0,0,True,False,0
4702,10,0,0,10,10,0,0,0,True,False,0
4703,0,128,0,0,0,0,0,0,True,False,0
4704,0,0,0,0,0,0,0,0,True,False,0
4705,92,0,0,92,92,0,0,0,True,False,0
4706,51,0,0,51,51,0,0,0,True,False,0
4707,77,0,0,77,77,0,0,0,True,False,0
4708,7,0,0,7,7,0,0,0,True,False,0
4709,8,0,0,8,8,0,0,0,True,False,0
4710,8,0,0,8,8,0,0,0,True,False,0
4711,9,0,0,9,9,0,0,0,True,False,0
4712,8,0,0,8,8,0,0,0,True,False,0
4713,9,0,0,9,9,0,0,0,True,False,0
4714,9,0,0,9,9,0,0,0,True,False,0
4715,7,0,0,7,7,0,0,0,True,False,0
4716,8,0,0,8,8,0,0,0,True,False,0
4717,7,0,0,7,7,0,0,0,True,False,0
4718,8,0,0,8,8,0,0,0,True,False,0
4719,8,0,0,8,8,0,0,0,True,False,0
4720,8,0,0,8,8,0,0,0,True,False,0
4721,7,0,0,7,7,0,0,0,True,False,0
4722,8,0,0,8,8,0,0,0,True,False,0
4723,6,0,0,6,6,0,0,0,True,False,0
4724,6,0,0,6,6,0,0,0,True,False,0
4725,5,0,0,5,5,0,0,0,True,False,0
4726,8,0,0,8,8,0,0,0,True,False,0
4727,10,0,0,10,10,0,0,0,True,False,0
4728,7,0,0,7,7,0,0,0,True,False,0
4729,14,0,0,14,14,0,0,0,True,False,0
4730,12,0,0,12,12,0,0,0,True,False,0
4731,12,0,0,12,12,0,0,0,True,False,0
4732,13,0,0,13,13,0,0,0,True,False,0
4733,12,0,0,12,12,0,0,0,True,False,0
4734,11,0,0,11,11,0,0,0,True,False,0
4735,13,0,0,13,13,0,0,0,True,False,0
4736,14,0,0,14,14,0,0,0,True,False,0
4737,12,0,0,12,12,0,0,0,True,False,0
4738,5,0,0,5,5,0,0,0,True,False,0
4739,12,0,0,12,12,0,0,0,True,False,0
4740,12,0,0,12,12,0,0,0,True,False,0
4741,12,0,0,12,12,0,0,0,True,False,0
4742,4,0,0,4,4,0,0,0,True,False,0
4743,5,0,0,5,5,0,0,0,True,False,0
4744,4,0,0,4,4,0,0,0,True,False,0
4745,13,0,0,13,13,0,0,0,True,False,0
4746,14,0,0,14,14,0,0,0,True,False,0
4747,15,0,0,15,15,0,0,0,True,False,0
4748,6,0,0,6,6,0,0,0,True,False,0
4749,14,0,0,14,14,0,0,0,True,False,0
4750,7,0,0,7,7,0,0,0,True,False,0
4751,15,0,0,15,15,0,0,0,True,False,0
4752,4,0,0,4,4,0,0,0,True,False,0
4753,13,0,0,13,13,0,0,0,True,False,0
4754,12,0,0,12,12,0,0,0,True,False,0
4755,11,0,0,11,11,0,0,0,True,False,0
4756,11,0,0,11,11,0,0,0,True,False,0
4757,11,0,0,11,11,0,0,0,True,False,0
4758,10,0,0,10,10,0,0,0,True,False,0
4759,11,0,0,11,11,0,0,0,True,False,0
4760,10,0,0,10,10,0,0,0,True,False,0
4761,10,0,0,10,10,0,0,0,True,False,0
4762,8,8,8,8,8,0,0,0,True,False,0
4763,5,0,0,5,5,0,0,0,True,False,0
4764,9,0,0,9,9,0,0,0,True,False,0
4765,9,0,0,9,9,0,0,0,True,False,0
4766,0,125,0,0,0,0,0,0,True,False,0
4767,0,0,0,0,0,0,0,0,True,False,0
4768,85,0,0,85,85,0,0,0,True,False,0
4769,50,0,0,50,50,0,0,0,True,False,0
4770,74,0,0,74,74,0,0,0,True,False,0
4771,11,0,0,11,11,0,0,0,True,False,0
4772,10,0,0,10,10,0,0,0,True,False,0
4773,9,0,0,9,9,0,0,0,True,False,0
4774,8,0,0,8,8,0,0,0,True,False,0
4775,10,0,0,10,10,0,0,0,True,False,0
4776,6,0,0,6,6,0,0,0,True,False,0
4777,7,0,0,7,7,0,0,0,True,False,0
4778,7,0,0,7,7,0,0,0,True,False,0
4779,7,0,0,7,7,0,0,0,True,False,0
4780,7,0,0,7,7,0,0,0,True,False,0
4781,9,0,0,9,9,0,0,0,True,False,0
4782,7,0,0,7,7,0,0,0,True,False,0
4783,7,0,0,7,7,0,0,0,True,False,0
4784,6,0,0,6,6,0,0,0,True,False,0
4785,7,0,0,7,7,0,0,0,True,False,0
4786,6,0,0,6,6,0,0,0,True,False,0
4787,6,0,0,6,6,0,0,0,True,False,0
4788,7,0,0,7,7,0,0,0,True,False,0
4789,6,0,0,6,6,0,0,0,True,False,0
4790,6,0,0,6,6,0,0,0,True,False,0
4791,8,0,0,8,8,0,0,0,True,False,0
4792,13,0,0,13,13,0,0,0,True,False,0
4793,13,0,0,13,13,0,0,0,True,False,0
4794,15,0,0,15,15,0,0,0,True,False,0
4795,15,0,0,15,15,0,0,0,True,False,0
4796,13,0,0,13,13,0,0,0,True,False,0
4797,12,0,0,12,12,0,0,0,True,False,0
4798,13,0,0,13,13,0,0,0,True,False,0
4799,13,0,0,13,13,0,0,0,True,False,0
4800,12,0,0,12,12,0,0,0,True,False,0
4801,7,0,0,7,7,0,0,0,True,False,0
4802,12,0,0,12,12,0,0,0,True,False,0
4803,13,0,0,13,13,0,0,0,True,False,0
4804,12,0,0,12,12,0,0,0,True,False,0
4805,4,0,0,4,4,0,0,0,True,False,0
4806,6,0,0,6,6,0,0,0,True,False,0
4807,4,0,0,4,4,0,0,0,True,False,0
4808,9,0,0,9,9,0,0,0,True,False,0
4809,11,0,0,11,11,0,0,0,True,False,0
4810,12,0,0,12,12,0,0,0,True,False,0
4811,15,0,0,15,15,0,0,0,True,False,0
4812,9,0,0,9,9,0,0,0,True,False,0
4813,11,0,0,11,11,0,0,0,True,False,0
4814,4,0,0,4,4,0,0,0,True,False,0
4815,10,0,0,10,10,0,0,0,True,False,0
4816,1,0,0,1,1,0,0,0,True,True,0
4817,1,0,0,1,1,0,0,0,True,True,0
4818,10,0,0,10,10,0,0,0,True,False,0
4819,10,0,0,10,10,0,0,0,True,False,0
4820,10,0,0,10,10,0,0,0,True,False,0
4821,11,0,0,11,11,0,0,0,True,False,0
4822,11,0,0,11,11,0,0,0,True,False,0
4823,10,0,0,10,10,0,0,0,True,False,0
4824,8,0,0,8,8,0,0,0,True,False,0
4825,10,0,0,10,10,0,0,0,True,False,0
4826,9,0,0,9,9,0,0,0,True,False,0
4827,7,7,7,7,7,0,0,0,True,False,0
4828,5,0,0,5,5,0,0,0,True,False,0
4829,9,0,0,9,9,0,0,0,True,False,0
4830,8,0,0,8,8,0,0,0,True,False,0
4831,0,114,0,0,0,0,0,0,True,False,0
4832,0,0,0,0,0,0,0,0,True,False,0
4833,95,0,0,95,95,0,0,0,True,False,0
4834,45,0,0,45,45,0,0,0,True,False,0
4835,74,0,0,74,74,0,0,0,True,False,0
4836,8,0,0,8,8,0,0,0,True,False,0
4837,8,0,0,8,8,0,0,0,True,False,0
4838,9,0,0,9,9,0,0,0,True,False,0
4839,7,0,0,7,7,0,0,0,True,False,0
4840,8,0,0,8,8,0,0,0,True,False,0
4841,7,0,0,7,7,0,0,0,True,False,0
4842,7,0,0,7,7,0,0,0,True,False,0
4843,8,0,0,8,8,0,0,0,True,False,0
4844,9,0,0,9,9,0,0,0,True,False,0
4845,9,0,0,9,9,0,0,0,True,False,0
4846,7,0,0,7,7,0,0,0,True,False,0
4847,8,0,0,8,8,0,0,0,True,False,0
4848,6,0,0,6,6,0,0,0,True,False,0
4849,9,0,0,9,9,0,0,0,True,False,0
4850,7,0,0,7,7,0,0,0,True,False,0
4851,6,0,0,6,6,0,0,0,True,False,0
4852,7,0,0,7,7,0,0,0,True,False,0
4853,7,0,0,7,7,0,0,0,True,False,0
4854,8,0,0,8,8,0,0,0,True,False,0
4855,8,0,0,8,8,0,0,0,True,False,0
4856,6,0,0,6,6,0,0,0,True,False,0
4857,13,0,0,13,13,0,0,0,True,False,0
4858,13,0,0,13,13,0,0,0,True,False,0
4859,13,0,0,13,13,0,0,0,True,False,0
4860,13,0,0,13,13,0,0,0,True,False,0
4861,14,0,0,14,14,0,0,0,True,False,0
4862,14,0,0,14,14,0,0,0,True,False,0
4863,13,0,0,13,13,0,0,0,True,False,0
4864,12,0,0,12,12,0,0,0,True,False,0
4865,12,0,0,12,12,0,0,0,True,False,0
4866,5,0,0,5,5,0,0,0,True,False,0
4867,12,0,0,12,12,0,0,0,True,False,0
4868,12,0,0,12,12,0,0,0,True,False,0
4869,12,0,0,12,12,0,0,0,True,False,0
4870,4,0,0,4,4,0,0,0,True,False,0
4871,7,0,0,7,7,0,0,0,True,False,0
4872,4,0,0,4,4,0,0,0,True,False,0
4873,11,0,0,11,11,0,0,0,True,False,0
4874,10,0,0,10,10,0,0,0,True,False,0
4875,13,0,0,13,13,0,0,0,True,False,0
4876,8,0,0,8,8,0,0,0,True,False,0
4877,9,0,0,9,9,0,0,0,True,False,0
4878,10,0,0,10,10,0,0,0,True,False,0
4879,8,0,0,8,8,0,0,0,True,False,0
4880,11,0,0,11,11,0,0,0,True,False,0
4881,1,0,0,1,1,0,0,0,True,True,0
4882,1,0,0,1,1,0,0,0,True,True,0
4883,11,0,0,11,11,0,0,0,True,False,0
4884,11,0,0,11,11,0,0,0,True,False,0
4885,10,0,0,10,10,0,0,0,True,False,0
4886,12,0,0,12,12,0,0,0,True,False,0
4887,11,0,0,11,11,0,0,0,True,False,0
4888,12,0,0,12,12,0,0,0,True,False,0
4889,10,0,0,10,10,0,0,0,True,False,0
4890,12,0,0,12,12,0,0,0,True,False,0
4891,10,0,0,10,10,0,0,0,True,False,0
4892,8,8,8,8,8,0,0,0,True,False,0
4893,5,0,0,5,5,0,0,0,True,False,0
4894,8,0,0,8,8,0,0,0,True,False,0
4895,8,0,0,8,8,0,0,0,True,False,0
4896,0,121,0,0,0,0,0,0,True,False,0
4897,0,0,0,0,0,0,0,0,True,False,0
4898,99,0,0,99,99,0,0,0,True,False,0
4899,52,0,0,52,52,0,0,0,True,False,0
4900,75,0,0,75,75,0,0,0,True,False,0
4901,10,0,0,10,10,0,0,0,True,False,0
4902,9,0,0,9,9,0,0,0,True,False,0
4903,9,0,0,9,9,0,0,0,True,False,0
4904,8,0,0,8,8,0,0,0,True,False,0
4905,8,0,0,8,8,0,0,0,True,False,0
4906,7,0,0,7,7,0,0,0,True,False,0
4907,9,0,0,9,9,0,0,0,True,False,0
4908,7,0,0,7,7,0,0,0,True,False,0
4909,6,0,0,6,6,0,0,0,True,False,0
4910,7,0,0,7,7,0,0,0,True,False,0
4911,7,0,0,7,7,0,0,0,True,False,0
4912,8,0,0,8,8,0,0,0,True,False,0
4913,6,0,0,6,6,0,0,0,True,False,0
4914,5,0,0,5,5,0,0,0,True,False,0
4915,7,0,0,7,7,0,0,0,True,False,0
4916,11,0,0,11,11,0,0,0,True,False,0
4917,8,0,0,8,8,0,0,0,True,False,0
4918,6,0,0,6,6,0,0,0,True,False,0
4919,7,0,0,7,7,0,0,0,True,False,0
4920,9,0,0,9,9,0,0,0,True,False,0
4921,7,0,0,7,7,0,0,0,True,False,0
4922,16,0,0,16,16,0,0,0,True,False,0
4923,14,0,0,14,14,0,0,0,True,False,0
4924,13,0,0,13,13,0,0,0,True,False,0
4925,14,0,0,14,14,0,0,0,True,False,0
4926,12,0,0,12,12,0,0,0,True,False,0
4927,13,0,0,13,13,0,0,0,True,False,0
4928,14,0,0,14,14,0,0,0,True,False,0
4929,12,0,0,12,12,0,0,0,True,False,0
4930,12,0,0,12,12,0,0,0,True,False,0
4931,6,0,0,6,6,0,0,0,True,False,0
4932,12,0,0,12,12,0,0,0,True,False,0
4933,12,0,0,12,12,0,0,0,True,False,0
4934,12,0,0,12,12,0,0,0,True,False,0
4935,4,0,0,4,4,0,0,0,True,False,0
4936,6,0,0,6,6,0,0,0,True,False,0
4937,4,0,0,4,4,0,0,0,True,False,0
4938,11,0,0,11,11,0,0,0,True,False,0
4939,9,0,0,9,9,0,0,0,True,False,0
4940,9,0,0,9,9,0,0,0,True,False,0
4941,10,0,0,10,10,0,0,0,True,False,0
4942,8,0,0,8,8,0,0,0,True,False,0
4943,11,0,0,11,11,0,0,0,True,False,0
4944,17,0,0,17,17,0,0,0,True,False,0
4945,3,0,0,3,3,0,0,0,True,False,0
4946,1,0,0,1,1,0,0,0,True,True,0
4947,1,0,0,1,1,0,0,0,True,True,0
4948,2,0,0,2,2,0,0,0,True,True,0
4949,3,0,0,3,3,0,0,0,True,False,0
4950,3,0,0,3,3,0,0,0,True,False,0
4951,4,0,0,4,4,0,0,0,True,False,0
4952,2,0,0,2,2,0,0,0,True,True,0
4953,3,0,0,3,3,0,0,0,True,False,0
4954,4,0,0,4,4,0,0,0,True,False,0
4955,4,0,0,4,4,0,0,0,True,False,0
4956,3,0,0,3,3,0,0,0,True,False,0
4957,2,2,2,2,2,0,0,0,True,True,0
4958,2,0,0,2,2,0,0,0,True,True,0
4959,4,0,0,4,4,0,0,0,True,False,0
4960,3,0,0,3,3,0,0,0,True,False,0
4961,0,40,0,0,0,0,0,0,True,False,0
4962,0,0,0,0,0,0,0,0,True,False,0
4963,30,0,0,30,30,0,0,0,True,False,0
4964,14,0,0,14,14,0,0,0,True,False,0
4965,26,0,0,26,26,0,0,0,True,False,0
4966,3,0,0,3,3,0,0,0,True,False,0
4967,2,0,0,2,2,0,0,0,True,True,0
4968,2,0,0,2,2,0,0,0,True,True,0
4969,3,0,0,3,3,0,0,0,True,False,0
4970,3,0,0,3,3,0,0,0,True,False,0
4971,2,0,0,2,2,0,0,0,True,True,0
4972,3,0,0,3,3,0,0,0,True,False,0
4973,2,0,0,2,2,0,0,0,True,True,0
4974,2,0,0,2,2,0,0,0,True,True,0
4975,3,0,0,3,3,0,0,0,True,False,0
4976,2,0,0,2,2,0,0,0,True,True,0
4977,2,0,0,2,2,0,0,0,True,True,0
4978,4,0,0,4,4,0,0,0,True,False,0
4979,2,0,0,2,2,0,0,0,True,True,0
4980,2,0,0,2,2,0,0,0,True,True,0
4981,3,0,0,3,3,0,0,0,True,False,0
4982,2,0,0,2,2,0,0,0,True,True,0
4983,2,0,0,2,2,0,0,0,True,True,0
4984,2,0,0,2,2,0,0,0,True,True,0
4985,2,0,0,2,2,0,0,0,True,True,0
4986,2,0,0,2,2,0,0,0,True,True,0
4987,5,0,0,5,5,0,0,0,True,False,0
4988,5,0,0,5,5,0,0,0,True,False,0
4989,4,0,0,4,4,0,0,0,True,False,0
4990,4,0,0,4,4,0,0,0,True,False,0
4991,4,0,0,4,4,0,0,0,True,False,0
4992,5,0,0,5,5,0,0,0,True,False,0
4993,4,0,0,4,4,0,0,0,True,False,0
4994,6,0,0,6,6,0,0,0,True,False,0
4995,5,0,0,5,5,0,0,0,True,False,0
4996,2,0,0,2,2,0,0,0,True,True,0
4997,4,0,0,4,4,0,0,0,True,False,0
4998,4,0,0,4,4,0,0,0,True,False,0
4999,4,0,0,4,4,0,0,0,True,False,0
5000,2,0,0,2,2,0,0,0,True,True,0
5001,2,0,0,2,2,0,0,0,True,True,0
5002,1,0,0,1,1,0,0,0,True,True,0
5003,7,0,0,7,7,0,0,0,True,False,0
5004,6,0,0,6,6,0,0,0,True,False,0
5005,7,0,0,7,7,0,0,0,True,False,0
5006,1,0,0,1,1,0,0,0,True,True,0
5007,7,0,0,7,7,0,0,0,True,False,0
5008,1,0,0,1,1,0,0,0,True,True,0
5009,7,0,0,7,7,0,0,0,True,False,0
5010,12,0,0,12,12,0,0,0,True,False,0
5011,1,0,0,1,1,0,0,0,True,True,0
5012,1,0,0,1,1,0,0,0,True,True,0
5013,8,0,0,8,8,0,0,0,False,False,0
5014,8,0,0,8,8,0,0,0,False,False,0
5015,7,0,0,7,7,0,0,0,False,False,0
5016,7,0,0,7,7,0,0,0,False,False,0
5017,6,0,0,6,6,0,0,0,False,False,0
5018,8,0,0,8,8,0,0,0,False,False,0
5019,7,0,0,7,7,0,0,0,False,False,0
5020,7,0,0,7,7,0,0,0,False,False,0
5021,9,0,0,9,9,0,0,0,False,False,0
5022,6,5,5,6,6,0,0,0,False,False,0
5023,5,0,0,5,5,0,0,0,False,False,0
5024,6,0,0,6,6,0,0,0,False,False,0
5025,7,0,0,7,7,0,0,0,False,False,0
5026,11,70,10,11,11,0,0,0,False,False,0
5027,200,0,0,200,200,0,0,0,False,False,0
5028,54,0,0,54,54,0,0,0,False,False,0
5029,32,0,0,32,32,0,0,0,False,False,0
5030,49,0,0,49,49,0,0,0,False,False,0
5031,8,0,0,8,8,0,0,0,False,False,0
5032,8,0,0,8,8,0,0,0,False,False,0
5033,7,0,0,7,7,0,0,0,False,False,0
5034,8,0,0,8,8,0,0,0,False,False,0
5035,8,0,0,8,8,0,0,0,False,False,0
5036,5,3,3,5,5,0,0,0,False,False,0
5037,7,3,3,7,7,0,0,0,False,False,0
5038,6,3,3,6,6,0,0,0,False,False,0
5039,6,3,3,6,6,0,0,0,False,False,0
5040,6,4,4,6,6,0,0,0,False,False,0
5041,4,3,3,4,4,0,0,0,False,False,0
5042,6,3,3,6,6,0,0,0,False,False,0
5043,5,4,4,5,5,0,0,0,False,False,0
5044,7,0,0,7,7,0,0,0,False,False,0
5045,6,0,0,6,6,0,0,0,False,False,0
5046,6,0,0,6,6,0,0,0,False,False,0
5047,5,0,0,5,5,0,0,0,False,False,0
5048,6,0,0,6,6,0,0,0,False,False,0
5049,7,0,0,7,7,0,0,0,False,False,0
5050,5,0,0,5,5,0,0,0,False,False,0
5051,6,0,0,6,6,0,0,0,False,False,0
5052,10,0,0,10,10,0,0,0,False,False,0
5053,9,0,0,9,9,0,0,0,False,False,0
5054,9,0,0,9,9,0,0,0,False,False,0
5055,10,0,0,10,10,0,0,0,False,False,0
5056,10,0,0,10,10,0,0,0,False,False,0
5057,9,0,0,9,9,0,0,0,False,False,0
5058,9,0,0,9,9,0,0,0,False,False,0
5059,9,0,0,9,9,0,0,0,False,False,0
5060,5,0,0,5,5,0,0,0,False,False,0
5061,4,0,0,4,4,0,0,0,False,False,0
5062,4,0,0,4,4,0,0,0,False,False,0
5063,5,0,0,5,5,0,0,0,False,False,0
5064,4,0,0,4,4,0,0,0,False,False,0
5065,4,0,0,4,4,0,0,0,False,False,0
5066,4,0,0,4,4,0,0,0,False,False,0
5067,5,0,0,5,5,0,0,0,False,False,0
5068,9,0,0,9,9,0,0,0,False,False,0
5069,8,0,0,8,8,0,0,0,False,False,0
5070,9,0,0,9,9,0,0,0,False,False,0
5071,8,0,0,8,8,0,0,0,False,False,0
5072,4,0,0,4,4,0,0,0,False,False,0
5073,4,0,0,4,4,0,0,0,False,False,0
5074,8,0,0,8,8,0,0,0,False,False,0
5075,4,0,0,4,4,0,0,0,False,False,0
5076,2,0,0,2,2,0,0,0,False,True,0
5077,2,0,0,2,2,0,0,0,False,True,0
5078,2,0,0,2,2,0,0,0,False,True,0
5079,2,0,0,2,2,0,0,0,False,True,0
5080,2,0,0,2,2,0,0,0,False,True,0
5081,2,0,0,2,2,0,0,0,False,True,0
5082,2,0,0,2,2,0,0,0,False,True,0
5083,2,0,0,2,2,0,0,0,False,True,0
5084,2,0,0,2,2,0,0,0,False,True,0
5085,2,0,0,2,2,0,0,0,False,True,0
5086,2,0,0,2,2,0,0,0,False,True,0
5087,2,0,0,2,2,0,0,0,False,True,0
5088,2,0,0,2,2,0,0,0,False,True,0
5089,2,0,0,2,2,0,0,0,False,True,0
5090,2,0,0,2,2,0,0,0,False,True,0
5091,2,0,0,2,2,0,0,0,False,True,0
5092,10,0,0,10,10,0,0,0,True,False,0
5093,12,0,0,12,12,0,0,0,True,False,0
5094,10,0,0,10,10,0,0,0,True,False,0
5095,10,0,0,10,10,0,0,0,True,False,0
5096,11,0,0,11,11,0,0,0,True,False,0
5097,10,0,0,10,10,0,0,0,True,False,0
5098,11,0,0,11,11,0,0,0,True,False,0
5099,12,0,0,12,12,0,0,0,True,False,0
5100,12,0,0,12,12,0,0,0,True,False,0
5101,8,8,8,8,8,0,0,0,True,False,0
5102,5,0,0,5,5,0,0,0,True,False,0
5103,9,0,0,9,9,0,0,0,True,False,0
5104,11,0,0,11,11,0,0,0,True,False,0
5105,0,121,0,0,0,0,0,0,True,False,0
5106,0,0,0,0,0,0,0,0,True,False,0
5107,92,0,0,92,92,0,0,0,True,False,0
5108,47,0,0,47,47,0,0,0,True,False,0
5109,73,0,0,73,73,0,0,0,True,False,0
5110,10,0,0,10,10,0,0,0,True,False,0
5111,11,0,0,11,11,0,0,0,True,False,0
5112,8,0,0,8,8,0,0,0,True,False,0
5113,13,0,0,13,13,0,0,0,True,False,0
5114,11,0,0,11,11,0,0,0,True,False,0
5115,7,0,0,7,7,0,0,0,True,False,0
5116,7,0,0,7,7,0,0,0,True,False,0
5117,7,0,0,7,7,0,0,0,True,False,0
5118,7,0,0,7,7,0,0,0,True,False,0
5119,8,0,0,8,8,0,0,0,True,False,0
5120,9,1,1,9,9,0,0,0,True,False,0
5121,7,0,0,7,7,0,0,0,True,False,0
5122,8,0,0,8,8,0,0,0,True,False,0
5123,7,0,0,7,7,0,0,0,True,False,0
5124,7,0,0,7,7,0,0,0,True,False,0
5125,7,0,0,7,7,0,0,0,True,False,0
5126,6,0,0,6,6,0,0,0,True,False,0
5127,7,0,0,7,7,0,0,0,True,False,0
5128,7,0,0,7,7,0,0,0,True,False,0
5129,8,0,0,8,8,0,0,0,True,False,0
5130,6,0,0,6,6,0,0,0,True,False,0
5131,12,0,0,12,12,0,0,0,True,False,0
5132,14,0,0,14,14,0,0,0,True,False,0
5133,14,0,0,14,14,0,0,0,True,False,0
5134,13,0,0,13,13,0,0,0,True,False,0
5135,15,0,0,15,15,0,0,0,True,False,0
5136,16,0,0,16,16,0,0,0,True,False,0
5137,15,0,0,15,15,0,0,0,True,False,0
5138,14,0,0,14,14,0,0,0,True,False,0
5139,6,0,0,6,6,0,0,0,True,False,0
5140,4,0,0,4,4,0,0,0,True,False,0
5141,4,0,0,4,4,0,0,0,True,False,0
5142,6,0,0,6,6,0,0,0,True,False,0
5143,4,0,0,4,4,0,0,0,True,False,0
5144,4,0,0,4,4,0,0,0,True,False,0
5145,4,0,0,4,4,0,0,0,True,False,0
5146,6,0,0,6,6,0,0,0,True,False,0
5147,16,0,0,16,16,0,0,0,True,False,0
5148,10,0,0,10,10,0,0,0,True,False,0
5149,8,0,0,8,8,0,0,0,True,False,0
5150,15,0,0,15,15,0,0,0,True,False,0
5151,11,0,0,11,11,0,0,0,True,False,0
5152,7,0,0,7,7,0,0,0,True,False,0
5153,10,0,0,10,10,0,0,0,True,False,0
5154,14,0,0,14,14,0,0,0,True,False,0
5155,10,0,0,10,10,0,0,0,True,False,0
5156,12,0,0,12,12,0,0,0,True,False,0
5157,10,0,0,10,10,0,0,0,True,False,0
5158,10,0,0,10,10,0,0,0,True,False,0
5159,10,0,0,10,10,0,0,0,True,False,0
5160,12,0,0,12,12,0,0,0,True,False,0
5161,12,0,0,12,12,0,0,0,True,False,0
5162,10,0,0,10,10,0,0,0,True,False,0
5163,11,0,0,11,11,0,0,0,True,False,0
5164,7,7,7,7,7,0,0,0,True,False,0
5165,5,0,0,5,5,0,0,0,True,False,0
5166,13,0,0,13,13,0,0,0,True,False,0
5167,10,0,0,10,10,0,0,0,True,False,0
5168,0,120,0,0,0,0,0,0,True,False,0
5169,0,0,0,0,0,0,0,0,True,False,0
5170,95,0,0,95,95,0,0,0,True,False,0
5171,50,0,0,50,50,0,0,0,True,False,0
5172,74,0,0,74,74,0,0,0,True,False,0
5173,8,0,0,8,8,0,0,0,True,False,0
5174,13,0,0,13,13,0,0,0,True,False,0
5175,10,0,0,10,10,0,0,0,True,False,0
5176,11,0,0,11,11,0,0,0,True,False,0
5177,10,0,0,10,10,0,0,0,True,False,0
5178,9,0,0,9,9,0,0,0,True,False,0
5179,8,0,0,8,8,0,0,0,True,False,0
5180,8,0,0,8,8,0,0,0,True,False,0
5181,7,0,0,7,7,1,0,0,True,False,0
5182,7,0,0,7,7,0,0,0,True,False,0
5183,6,0,0,6,6,0,0,0,True,False,0
5184,8,0,0,8,8,0,0,0,True,False,0
5185,7,0,0,7,7,0,0,0,True,False,0
5186,8,0,0,8,8,0,0,0,True,False,0
5187,7,0,0,7,7,0,0,0,True,False,0
5188,6,0,0,6,6,0,0,0,True,False,0
5189,5,0,0,5,5,0,0,0,True,False,0
5190,7,0,0,7,7,0,0,0,True,False,0
5191,8,0,0,8,8,0,0,0,True,False,0
5192,6,0,0,6,6,0,0,0,True,False,0
5193,6,0,0,6,6,0,0,0,True,False,0
5194,15,0,0,15,15,0,0,0,True,False,0
5195,13,0,0,13,13,0,0,0,True,False,0
5196,13,0,0,13,13,0,0,0,True,False,0
5197,13,0,0,13,13,0,0,0,True,False,0
5198,12,0,0,12,12,0,0,0,True,False,0
5199,12,0,0,12,12,0,0,0,True,False,0
5200,12,0,0,12,12,0,0,0,True,False,0
5201,14,0,0,14,14,0,0,0,True,False,0
5202,6,0,0,6,6,0,0,0,True,False,0
5203,4,0,0,4,4,0,0,0,True,False,0
5204,4,0,0,4,4,0,0,0,True,False,0
5205,6,0,0,6,6,0,0,0,True,False,0
5206,4,0,0,4,4,0,0,0,True,False,0
5207,4,0,0,4,4,0,0,0,True,False,0
5208,4,0,0,4,4,0,0,0,True,False,0
5209,6,0,0,6,6,0,0,0,True,False,0
5210,16,0,0,16,16,0,0,0,True,False,0
5211,9,0,0,9,9,0,0,0,True,False,0
5212,17,0,0,17,17,0,0,0,True,False,0
5213,12,0,0,12,12,0,0,0,True,False,0
5214,10,0,0,10,10,0,0,0,True,False,0
5215,10,0,0,10,10,0,0,0,True,False,0
5216,13,0,0,13,13,0,0,0,True,False,0
5217,9,0,0,9,9,0,0,0,True,False,0
5218,11,0,0,11,11,0,0,0,True,False,0
5219,9,0,0,9,9,0,0,0,True,False,0
5220,12,0,0,12,12,0,0,0,True,False,0
5221,8,0,0,8,8,0,0,0,True,False,0
5222,10,0,0,10,10,0,0,0,True,False,0
5223,10,0,0,10,10,0,0,0,True,False,0
5224,10,0,0,10,10,0,0,0,True,False,0
5225,11,0,0,11,11,0,0,0,True,False,0
5226,10,0,0,10,10,0,0,0,True,False,0
5227,8,8,8,8,8,0,0,0,True,False,0
5228,4,0,0,4,4,0,0,0,True,False,0
5229,11,0,0,11,11,0,0,0,True,False,0
5230,12,0,0,12,12,0,0,0,True,False,0
5231,0,120,0,0,0,0,0,0,True,False,0
5232,0,0,0,0,0,0,0,0,True,False,0
5233,94,0,0,94,94,0,0,0,True,False,0
5234,48,0,0,48,48,0,0,0,True,False,0
5235,74,0,0,74,74,0,0,0,True,False,0
5236,10,0,0,10,10,0,0,0,True,False,0
5237,10,0,0,10,10,0,0,0,True,False,0
5238,11,0,0,11,11,0,0,0,True,False,0
5239,10,0,0,10,10,0,0,0,True,False,0
5240,10,0,0,10,10,0,0,0,True,False,0
5241,6,0,0,6,6,0,0,0,True,False,0
5242,6,0,0,6,6,0,0,0,True,False,0
5243,8,0,0,8,8,0,0,0,True,False,0
5244,8,0,0,8,8,0,0,0,True,False,0
5245,6,0,0,6,6,0,0,0,True,False,0
5246,8,0,0,8,8,0,0,0,True,False,0
5247,8,0,0,8,8,0,0,0,True,False,0
5248,8,0,0,8,8,0,0,0,True,False,0
5249,7,0,0,7,7,0,0,0,True,False,0
5250,6,0,0,6,6,0,0,0,True,False,0
5251,5,0,0,5,5,0,0,0,True,False,0
5252,9,0,0,9,9,0,0,0,True,False,0
5253,8,0,0,8,8,0,0,0,True,False,0
5254,6,0,0,6,6,0,0,0,True,False,0
5255,5,0,0,5,5,0,0,0,True,False,0
5256,8,0,0,8,8,0,0,0,True,False,0
5257,14,0,0,14,14,0,0,0,True,False,0
5258,12,0,0,12,12,0,0,0,True,False,0
5259,12,0,0,12,12,0,0,0,True,False,0
5260,14,0,0,14,14,0,0,0,True,False,0
5261,13,0,0,13,13,0,0,0,True,False,0
5262,12,0,0,12,12,0,0,0,True,False,0
5263,13,0,0,13,13,0,0,0,True,False,0
5264,14,0,0,14,14,0,0,0,True,False,0
5265,6,0,0,6,6,0,0,0,True,False,0
5266,4,0,0,4,4,0,0,0,True,False,0
5267,4,0,0,4,4,0,0,0,True,False,0
5268,6,0,0,6,6,0,0,0,True,False,0
5269,4,0,0,4,4,0,0,0,True,False,0
5270,4,0,0,4,4,0,0,0,True,False,0
5271,4,0,0,4,4,0,0,0,True,False,0
5272,6,0,0,6,6,0,0,0,True,False,0
5273,10,0,0,10,10,0,0,0,True,False,0
5274,11,0,0,11,11,0,0,0,True,False,0
5275,9,0,0,9,9,0,0,0,True,False,0
5276,4,0,0,4,4,0,0,0,True,False,0
5277,8,0,0,8,8,0,0,0,True,False,0
5278,10,0,0,10,10,0,0,0,True,False,0
5279,7,0,0,7,7,0,0,0,True,False,0
5280,9,0,0,9,9,0,0,0,True,False,0
5281,10,0,0,10,10,0,0,0,True,False,0
5282,13,0,0,13,13,0,0,0,True,False,0
5283,11,0,0,11,11,0,0,0,True,False,0
5284,11,0,0,11,11,0,0,0,True,False,0
5285,11,0,0,11,11,0,0,0,True,False,0
5286,10,0,0,10,10,0,0,0,True,False,0
5287,10,0,0,10,10,0,0,0,True,False,0
5288,12,0,0,12,12,0,0,0,True,False,0
5289,11,1,1,11,11,0,0,0,True,False,0
5290,7,7,7,7,7,0,0,0,True,False,0
5291,6,0,0,6,6,0,0,0,True,False,0
5292,11,1,1,11,11,0,0,0,True,False,0
5293,12,1,1,12,12,0,0,0,True,False,0
5294,0,116,0,0,0,0,0,0,True,False,0
5295,0,0,0,0,0,0,0,0,True,False,0
5296,92,0,0,92,92,0,0,0,True,False,0
5297,46,0,0,46,46,0,0,0,True,False,0
5298,73,0,0,73,73,0,0,0,True,False,0
5299,11,1,1,11,11,0,0,0,True,False,0
5300,13,1,1,13,13,0,0,0,True,False,0
5301,10,1,1,10,10,0,0,0,True,False,0
5302,10,1,1,10,10,0,0,0,True,False,0
5303,9,1,1,9,9,0,0,0,True,False,0
5304,9,0,0,9,9,0,0,0,True,False,0
5305,7,0,0,7,7,0,0,0,True,False,0
5306,7,0,0,7,7,0,0,0,True,False,0
5307,8,0,0,8,8,0,0,0,True,False,0
5308,7,0,0,7,7,0,0,0,True,False,0
5309,7,0,0,7,7,0,0,0,True,False,0
5310,8,0,0,8,8,0,0,0,True,False,0
5311,8,0,0,8,8,0,0,0,True,False,0
5312,7,0,0,7,7,0,0,0,True,False,0
5313,9,0,0,9,9,0,0,0,True,False,0
5314,8,0,0,8,8,0,0,0,True,False,0
5315,6,0,0,6,6,0,0,0,True,False,0
5316,7,0,0,7,7,0,0,0,True,False,0
5317,7,0,0,7,7,0,0,0,True,False,0
5318,7,0,0,7,7,0,0,0,True,False,0
5319,9,0,0,9,9,0,0,0,True,False,0
5320,13,0,0,13,13,0,0,0,True,False,0
5321,15,0,0,15,15,0,0,0,True,False,0
5322,14,0,0,14,14,0,0,0,True,False,0
5323,16,0,0,16,16,0,0,0,True,False,0
5324,12,0,0,12,12,0,0,0,True,False,0
5325,12,0,0,12,12,0,0,0,True,False,0
5326,13,0,0,13,13,0,0,0,True,False,0
5327,16,0,0,16,16,0,0,0,True,False,0
5328,6,0,0,6,6,0,0,0,True,False,0
5329,4,0,0,4,4,0,0,0,True,False,0
5330,4,0,0,4,4,0,0,0,True,False,0
5331,6,0,0,6,6,0,0,0,True,False,0
5332,4,0,0,4,4,0,0,0,True,False,0
5333,4,0,0,4,4,0,0,0,True,False,0
5334,4,0,0,4,4,0,0,0,True,False,0
5335,6,0,0,6,6,0,0,0,True,False,0
5336,7,0,0,7,7,0,0,0,True,False,0
5337,10,0,0,10,10,0,0,0,True,False,0
5338,13,0,0,13,13,0,0,0,True,False,0
5339,13,0,0,13,13,0,0,0,True,False,0
5340,14,0,0,14,14,0,0,0,True,False,0
5341,9,0,0,9,9,0,0,0,True,False,0
5342,12,0,0,12,12,0,0,0,True,False,0
5343,4,0,0,4,4,0,0,0,True,False,0
5344,13,0,0,13,13,0,0,0,True,False,0
5345,10,0,0,10,10,0,0,0,True,False,0
5346,10,0,0,10,10,0,0,0,True,False,0
5347,12,0,0,12,12,0,0,0,True,False,0
5348,11,0,0,11,11,0,0,0,True,False,0
5349,8,0,0,8,8,0,0,0,True,False,0
5350,10,0,0,10,10,0,0,0,True,False,0
5351,11,0,0,11,11,0,0,0,True,False,0
5352,7,0,0,7,7,0,0,0,True,False,0
5353,7,7,7,7,7,0,0,0,True,False,0
5354,5,0,0,5,5,0,0,0,True,False,0
5355,10,0,0,10,10,0,0,0,True,False,0
5356,10,0,0,10,10,0,0,0,True,False,0
5357,10,119,10,10,10,0,0,0,True,False,0
5358,200,0,0,200,200,0,0,0,True,False,0
5359,90,0,0,90,90,0,0,0,True,False,0
5360,45,0,0,45,45,0,0,0,True,False,0
5361,72,0,0,72,72,0,0,0,True,False,0
5362,8,0,0,8,8,0,0,0,True,False,0
5363,7,0,0,7,7,0,0,0,True,False,0
5364,10,0,0,10,10,0,0,0,True,False,0
5365,10,0,0,10,10,0,0,0,True,False,0
5366,9,0,0,9,9,0,0,0,True,False,0
5367,8,0,0,8,8,0,0,0,True,False,0
5368,7,0,0,7,7,0,0,0,True,False,0
5369,7,0,0,7,7,0,0,0,True,False,0
5370,7,0,0,7,7,0,0,0,True,False,0
5371,7,0,0,7,7,0,0,0,True,False,0
5372,6,0,0,6,6,0,0,0,True,False,0
5373,7,0,0,7,7,0,0,0,True,False,0
5374,7,0,0,7,7,0,0,0,True,False,0
5375,6,0,0,6,6,0,0,0,True,False,0
5376,9,0,0,9,9,0,0,0,True,False,0
5377,6,0,0,6,6,0,0,0,True,False,0
5378,6,0,0,6,6,0,0,0,True,False,0
5379,9,0,0,9,9,0,0,0,True,False,0
5380,6,0,0,6,6,0,0,0,True,False,0
5381,6,0,0,6,6,0,0,0,True,False,0
5382,6,0,0,6,6,0,0,0,True,False,0
5383,14,0,0,14,14,0,0,0,True,False,0
5384,12,0,0,12,12,0,0,0,True,False,0
5385,11,0,0,11,11,0,0,0,True,False,0
5386,14,0,0,14,14,0,0,0,True,False,0
5387,13,0,0,13,13,0,0,0,True,False,0
5388,15,0,0,15,15,0,0,0,True,False,0
5389,13,0,0,13,13,0,0,0,True,False,0
5390,17,0,0,17,17,0,0,0,True,False,0
5391,6,0,0,6,6,0,0,0,True,False,0
5392,4,0,0,4,4,0,0,0,True,False,0
5393,4,0,0,4,4,0,0,0,True,False,0
5394,6,0,0,6,6,0,0,0,True,False,0
5395,4,0,0,4,4,0,0,0,True,False,0
5396,4,0,0,4,4,0,0,0,True,False,0
5397,4,0,0,4,4,0,0,0,True,False,0
5398,6,0,0,6,6,0,0,0,True,False,0
5399,14,0,0,14,14,0,0,0,True,False,0
5400,9,0,0,9,9,0,0,0,True,False,0
5401,14,0,0,14,14,0,0,0,True,False,0
5402,11,0,0,11,11,0,0,0,True,False,0
5403,9,0,0,9,9,0,0,0,True,False,0
5404,13,0,0,13,13,0,0,0,True,False,0
5405,9,0,0,9,9,0,0,0,True,False,0
5406,12,0,0,12,12,0,0,0,True,False,0
5407,11,0,0,11,11,0,0,0,True,False,0
5408,9,0,0,9,9,0,0,0,True,False,0
5409,12,0,0,12,12,0,0,0,True,False,0
5410,10,0,0,10,10,0,0,0,True,False,0
5411,11,0,0,11,11,0,0,0,True,False,0
5412,11,0,0,11,11,0,0,0,True,False,0
5413,10,0,0,10,10,0,0,0,True,False,0
5414,11,0,0,11,11,0,0,0,True,False,0
5415,9,0,0,9,9,0,0,0,True,False,0
5416,8,8,8,8,8,0,0,0,True,False,0
5417,5,0,0,5,5,0,0,0,True,False,0
5418,9,0,0,9,9,0,0,0,True,False,0
5419,7,0,0,7,7,0,0,0,True,False,0
5420,0,121,0,0,0,0,0,0,True,False,0
5421,0,0,0,0,0,0,0,0,True,False,0
5422,86,0,0,86,86,0,0,0,True,False,0
5423,49,0,0,49,49,0,0,0,True,False,0
5424,77,0,0,77,77,0,0,0,True,False,0
5425,7,0,0,7,7,0,0,0,True,False,0
5426,10,0,0,10,10,0,0,0,True,False,0
5427,9,0,0,9,9,0,0,0,True,False,0
5428,9,0,0,9,9,0,0,0,True,False,0
5429,11,0,0,11,11,0,0,0,True,False,0
5430,9,0,0,9,9,0,0,0,True,False,0
5431,7,0,0,7,7,0,0,0,True,False,0
5432,6,0,0,6,6,0,0,0,True,False,0
5433,8,0,0,8,8,0,0,0,True,False,0
5434,7,0,0,7,7,0,0,0,True,False,0
5435,7,0,0,7,7,0,0,0,True,False,0
5436,6,0,0,6,6,0,0,0,True,False,0
5437,6,0,0,6,6,0,0,0,True,False,0
5438,7,0,0,7,7,0,0,0,True,False,0
5439,7,0,0,7,7,0,0,0,True,False,0
5440,8,0,0,8,8,0,0,0,True,False,0
5441,8,0,0,8,8,0,0,0,True,False,0
5442,8,0,0,8,8,0,0,0,True,False,0
5443,8,0,0,8,8,0,0,0,True,False,0
5444,9,0,0,9,9,0,0,0,True,False,0
5445,7,0,0,7,7,0,0,0,True,False,0
5446,13,0,0,13,13,0,0,0,True,False,0
5447,13,0,0,13,13,0,0,0,True,False,0
5448,14,0,0,14,14,0,0,0,True,False,0
5449,14,0,0,14,14,0,0,0,True,False,0
5450,13,0,0,13,13,0,0,0,True,False,0
5451,14,0,0,14,14,0,0,0,True,False,0
5452,14,0,0,14,14,0,0,0,True,False,0
5453,12,0,0,12,12,0,0,0,True,False,0
5454,6,0,0,6,6,0,0,0,True,False,0
5455,4,0,0,4,4,0,0,0,True,False,0
5456,4,0,0,4,4,0,0,0,True,False,0
5457,6,0,0,6,6,0,0,0,True,False,0
5458,4,0,0,4,4,0,0,0,True,False,0
5459,4,0,0,4,4,0,0,0,True,False,0
5460,4,0,0,4,4,0,0,0,True,False,0
5461,6,0,0,6,6,0,0,0,True,False,0
5462,11,0,0,11,11,0,0,0,True,False,0
5463,10,0,0,10,10,0,0,0,True,False,0
5464,11,0,0,11,11,0,0,0,True,False,0
5465,7,0,0,7,7,0,0,0,True,False,0
5466,11,0,0,11,11,0,0,0,True,False,0
5467,13,0,0,13,13,0,0,0,True,False,0
5468,11,0,0,11,11,0,0,0,True,False,0
5469,12,0,0,12,12,0,0,0,True,False,0
5470,8,0,0,8,8,0,0,0,True,False,0
5471,9,0,0,9,9,0,0,0,True,False,0
5472,10,0,0,10,10,0,0,0,True,False,0
5473,11,0,0,11,11,0,0,0,True,False,0
5474,9,0,0,9,9,0,0,0,True,False,0
5475,10,0,0,10,10,0,0,0,True,False,0
5476,8,0,0,8,8,0,0,0,True,False,0
5477,10,0,0,10,10,0,0,0,True,False,0
5478,7,0,0,7,7,0,0,0,True,False,0
5479,7,7,7,7,7,0,0,0,True,False,0
5480,5,0,0,5,5,0,0,0,True,False,0
5481,7,0,0,7,7,0,0,0,True,False,0
5482,9,0,0,9,9,0,0,0,True,False,0
5483,0,118,0,0,0,0,0,0,True,False,0
5484,0,0,0,0,0,0,0,0,True,False,0
5485,91,0,0,91,91,0,0,0,True,False,0
5486,50,0,0,50,50,0,0,0,True,False,0
5487,78,0,0,78,78,0,0,0,True,False,0
5488,9,0,0,9,9,0,0,0,True,False,0
5489,7,0,0,7,7,0,0,0,True,False,0
5490,8,0,0,8,8,0,0,0,True,False,0
5491,7,0,0,7,7,0,0,0,True,False,0
5492,9,0,0,9,9,0,0,0,True,False,0
5493,8,0,0,8,8,0,0,0,True,False,0
5494,7,0,0,7,7,0,0,0,True,False,0
5495,7,0,0,7,7,0,0,0,True,False,0
5496,7,0,0,7,7,0,0,0,True,False,0
5497,7,0,0,7,7,0,0,0,True,False,0
5498,7,0,0,7,7,0,0,0,True,False,0
5499,7,0,0,7,7,0,0,0,True,False,0
5500,8,0,0,8,8,0,0,0,True,False,0
5501,8,0,0,8,8,0,0,0,True,False,0
5502,6,0,0,6,6,0,0,0,True,False,0
5503,6,0,0,6,6,0,0,0,True,False,0
5504,7,0,0,7,7,0,0,0,True,False,0
5505,5,0,0,5,5,0,0,0,True,False,0
5506,8,0,0,8,8,0,0,0,True,False,0
5507,8,0,0,8,8,0,0,0,True,False,0
5508,6,0,0,6,6,0,0,0,True,False,0
5509,13,0,0,13,13,0,0,0,True,False,0
5510,14,0,0,14,14,0,0,0,True,False,0
5511,14,0,0,14,14,0,0,0,True,False,0
5512,12,0,0,12,12,0,0,0,True,False,0
5513,12,0,0,12,12,0,0,0,True,False,0
5514,13,0,0,13,13,0,0,0,True,False,0
5515,14,0,0,14,14,0,0,0,True,False,0
5516,14,0,0,14,14,0,0,0,True,False,0
5517,6,0,0,6,6,0,0,0,True,False,0
5518,4,0,0,4,4,0,0,0,True,False,0
5519,4,0,0,4,4,0,0,0,True,False,0
5520,6,0,0,6,6,0,0,0,True,False,0
5521,4,0,0,4,4,0,0,0,True,False,0
5522,4,0,0,4,4,0,0,0,True,False,0
5523,4,0,0,4,4,0,0,0,True,False,0
5524,6,0,0,6,6,0,0,0,True,False,0
5525,7,0,0,7,7,0,0,0,True,False,0
5526,14,0,0,14,14,0,0,0,True,False,0
5527,11,0,0,11,11,0,0,0,True,False,0
5528,10,0,0,10,10,0,0,0,True,False,0
5529,10,0,0,10,10,0,0,0,True,False,0
5530,15,0,0,15,15,0,0,0,True,False,0
5531,4,0,0,4,4,0,0,0,True,False,0
5532,10,0,0,10,10,0,0,0,True,False,0
5533,11,0,0,11,11,0,0,0,True,False,0
5534,9,0,0,9,9,0,0,0,True,False,0
5535,10,0,0,10,10,0,0,0,True,False,0
5536,10,0,0,10,10,0,0,0,True,False,0
5537,11,0,0,11,11,0,0,0,True,False,0
5538,12,0,0,12,12,0,0,0,True,False,0
5539,9,0,0,9,9,0,0,0,True,False,0
5540,13,0,0,13,13,0,0,0,True,False,0
5541,8,0,0,8,8,0,0,0,True,False,0
5542,8,8,8,8,8,0,0,0,True,False,0
5543,5,0,0,5,5,0,0,0,True,False,0
5544,10,0,0,10,10,0,0,0,True,False,0
5545,8,0,0,8,8,0,0,0,True,False,0
5546,0,115,0,0,0,0,0,0,True,False,0
5547,0,0,0,0,0,0,0,0,True,False,0
5548,95,0,0,95,95,0,0,0,True,False,0
5549,46,0,0,46,46,0,0,0,True,False,0
5550,79,0,0,79,79,0,0,0,True,False,0
5551,8,0,0,8,8,0,0,0,True,False,0
5552,9,0,0,9,9,0,0,0,True,False,0
5553,9,0,0,9,9,0,0,0,True,False,0
5554,9,0,0,9,9,0,0,0,True,False,0
5555,7,0,0,7,7,0,0,0,True,False,0
5556,8,0,0,8,8,0,0,0,True,False,0
5557,7,0,0,7,7,0,0,0,True,False,0
5558,8,0,0,8,8,0,0,0,True,False,0
5559,9,0,0,9,9,0,0,0,True,False,0
5560,8,0,0,8,8,0,0,0,True,False,0
5561,7,0,0,7,7,0,0,0,True,False,0
5562,7,0,0,7,7,0,0,0,True,False,0
5563,6,0,0,6,6,0,0,0,True,False,0
5564,9,0,0,9,9,0,0,0,True,False,0
5565,6,0,0,6,6,0,0,0,True,False,0
5566,8,0,0,8,8,0,0,0,True,False,0
5567,5,0,0,5,5,0,0,0,True,False,0
5568,8,0,0,8,8,0,0,0,True,False,0
5569,8,0,0,8,8,0,0,0,True,False,0
5570,6,0,0,6,6,0,0,0,True,False,0
5571,7,0,0,7,7,0,0,0,True,False,0
5572,13,0,0,13,13,0,0,0,True,False,0
5573,12,0,0,12,12,0,0,0,True,False,0
5574,13,0,0,13,13,0,0,0,True,False,0
5575,11,0,0,11,11,0,0,0,True,False,0
5576,14,0,0,14,14,0,0,0,True,False,0
5577,14,0,0,14,14,0,0,0,True,False,0
5578,13,0,0,13,13,0,0,0,True,False,0
5579,12,0,0,12,12,0,0,0,True,False,0
5580,6,0,0,6,6,0,0,0,True,False,0
5581,4,0,0,4,4,0,0,0,True,False,0
5582,4,0,0,4,4,0,0,0,True,False,0
5583,6,0,0,6,6,0,0,0,True,False,0
5584,4,0,0,4,4,0,0,0,True,False,0
5585,4,0,0,4,4,0,0,0,True,False,0
5586,4,0,0,4,4,0,0,0,True,False,0
5587,6,0,0,6,6,0,0,0,True,False,0
5588,14,0,0,14,14,0,0,0,True,False,0
5589,12,0,0,12,12,0,0,0,True,False,0
5590,12,0,0,12,12,0,0,0,True,False,0
5591,7,0,0,7,7,0,0,0,True,False,0
5592,10,0,0,10,10,0,0,0,True,False,0
5593,9,0,0,9,9,0,0,0,True,False,0
5594,8,0,0,8,8,0,0,0,True,False,0
5595,11,0,0,11,11,0,0,0,True,False,0
5596,1,0,0,1,1,0,0,0,True,True,0
5597,1,0,0,1,1,0,0,0,True,True,0
5598,1,0,0,1,1,0,0,0,True,True,0
5599,11,0,0,11,11,0,0,0,True,False,0
5600,10,0,0,10,10,0,0,0,True,False,0
5601,10,0,0,10,10,0,0,0,True,False,0
5602,7,0,0,7,7,0,0,0,True,False,0
5603,10,0,0,10,10,0,0,0,True,False,0
5604,11,0,0,11,11,0,0,0,True,False,0
5605,11,0,0,11,11,0,0,0,True,False,0
5606,12,0,0,12,12,0,0,0,True,False,0
5607,10,0,0,10,10,0,0,0,True,False,0
5608,7,7,7,7,7,0,0,0,True,False,0
5609,5,0,0,5,5,0,0,0,True,False,0
5610,9,0,0,9,9,0,0,0,True,False,0
5611,10,0,0,10,10,0,0,0,True,False,0
5612,0,124,0,0,0,0,0,0,True,False,0
5613,0,0,0,0,0,0,0,0,True,False,0
5614,95,0,0,95,95,0,0,0,True,False,0
5615,50,0,0,50,50,0,0,0,True,False,0
5616,78,0,0,78,78,0,0,0,True,False,0
5617,8,0,0,8,8,0,0,0,True,False,0
5618,8,0,0,8,8,0,0,0,True,False,0
5619,9,0,0,9,9,0,0,0,True,False,0
5620,8,0,0,8,8,0,0,0,True,False,0
5621,7,0,0,7,7,0,0,0,True,False,0
5622,9,0,0,9,9,0,0,0,True,False,0
5623,8,0,0,8,8,0,0,0,True,False,0
5624,7,0,0,7,7,0,0,0,True,False,0
5625,8,0,0,8,8,0,0,0,True,False,0
5626,6,0,0,6,6,0,0,0,True,False,0
5627,8,0,0,8,8,0,0,0,True,False,0
5628,7,0,0,7,7,0,0,0,True,False,0
5629,7,0,0,7,7,0,0,0,True,False,0
5630,7,0,0,7,7,0,0,0,True,False,0
5631,5,0,0,5,5,0,0,0,True,False,0
5632,7,0,0,7,7,0,0,0,True,False,0
5633,8,0,0,8,8,0,0,0,True,False,0
5634,6,0,0,6,6,0,0,0,True,False,0
5635,6,0,0,6,6,0,0,0,True,False,0
5636,7,0,0,7,7,0,0,0,True,False,0
5637,7,0,0,7,7,0,0,0,True,False,0
5638,13,0,0,13,13,0,0,0,True,False,0
5639,14,0,0,14,14,0,0,0,True,False,0
5640,13,0,0,13,13,0,0,0,True,False,0
5641,12,0,0,12,12,0,0,0,True,False,0
5642,13,0,0,13,13,0,0,0,True,False,0
5643,11,0,0,11,11,0,0,0,True,False,0
5644,13,0,0,13,13,0,0,0,True,False,0
5645,13,0,0,13,13,0,0,0,True,False,0
5646,6,0,0,6,6,0,0,0,True,False,0
5647,4,0,0,4,4,0,0,0,True,False,0
5648,4,0,0,4,4,0,0,0,True,False,0
5649,6,0,0,6,6,0,0,0,True,False,0
5650,4,0,0,4,4,0,0,0,True,False,0
5651,4,0,0,4,4,0,0,0,True,False,0
5652,4,0,0,4,4,0,0,0,True,False,0
5653,6,0,0,6,6,0,0,0,True,False,0
5654,4,0,0,4,4,0,0,0,True,False,0
5655,14,0,0,14,14,0,0,0,True,False,0
5656,8,0,0,8,8,0,0,0,True,False,0
5657,4,0,0,4,4,0,0,0,True,False,0
5658,10,0,0,10,10,0,0,0,True,False,0
5659,15,0,0,15,15,0,0,0,True,False,0
5660,15,0,0,15,15,0,0,0,True,False,0
5661,7,0,0,7,7,0,0,0,True,False,0
5662,1,0,0,1,1,0,0,0,True,True,0
5663,1,0,0,1,1,0,0,0,True,True,0
5664,1,0,0,1,1,0,0,0,True,True,0
5665,4,0,0,4,4,0,0,0,True,False,0
5666,5,0,0,5,5,0,0,0,True,False,0
5667,4,0,0,4,4,0,0,0,True,False,0
5668,6,0,0,6,6,0,0,0,True,False,0
5669,3,0,0,3,3,0,0,0,True,False,0
5670,4,0,0,4,4,0,0,0,True,False,0
5671,5,0,0,5,5,0,0,0,True,False,0
5672,4,0,0,4,4,0,0,0,True,False,0
5673,5,0,0,5,5,0,0,0,True,False,0
5674,4,4,4,4,4,0,0,0,True,False,0
5675,2,0,0,2,2,0,0,0,True,True,0
5676,5,0,0,5,5,0,0,0,True,False,0
5677,3,0,0,3,3,0,0,0,True,False,0
5678,0,47,0,0,0,0,0,0,True,False,0
5679,0,0,0,0,0,0,0,0,True,False,0
5680,41,0,0,41,41,0,0,0,True,False,0
5681,22,0,0,22,22,0,0,0,True,False,0
5682,29,0,0,29,29,0,0,0,True,False,0
5683,4,0,0,4,4,0,0,0,True,False,0
5684,3,0,0,3,3,0,0,0,True,False,0
5685,5,0,0,5,5,0,0,0,True,False,0
5686,3,0,0,3,3,0,0,0,True,False,0
5687,5,0,0,5,5,0,0,0,True,False,0
5688,3,0,0,3,3,0,0,0,True,False,0
5689,2,0,0,2,2,0,0,0,True,True,0
5690,2,0,0,2,2,0,0,0,True,True,0
5691,3,0,0,3,3,0,0,0,True,False,0
5692,3,0,0,3,3,0,0,0,True,False,0
5693,3,0,0,3,3,0,0,0,True,False,0
5694,3,0,0,3,3,0,0,0,True,False,0
5695,4,0,0,4,4,0,0,0,True,False,0
5696,3,0,0,3,3,0,0,0,True,False,0
5697,2,0,0,2,2,0,0,0,True,True,0
5698,3,0,0,3,3,0,0,0,True,False,0
5699,3,0,0,3,3,0,0,0,True,False,0
5700,2,0,0,2,2,0,0,0,True,True,0
5701,2,0,0,2,2,0,0,0,True,True,0
5702,3,0,0,3,3,0,0,0,True,False,0
5703,5,0,0,5,5,0,0,0,True,False,0
5704,5,0,0,5,5,0,0,0,True,False,0
5705,6,0,0,6,6,0,0,0,True,False,0
5706,5,0,0,5,5,0,0,0,True,False,0
5707,5,0,0,5,5,0,0,0,True,False,0
5708,4,0,0,4,4,0,0,0,True,False,0
5709,5,0,0,5,5,0,0,0,True,False,0
5710,4,0,0,4,4,0,0,0,True,False,0
5711,5,0,0,5,5,0,0,0,True,False,0
5712,3,0,0,3,3,0,0,0,True,False,0
5713,2,0,0,2,2,0,0,0,True,True,0
5714,1,0,0,1,1,0,0,0,True,True,0
5715,3,0,0,3,3,0,0,0,True,False,0
5716,2,0,0,2,2,0,0,0,True,True,0
5717,2,0,0,2,2,0,0,0,True,True,0
5718,1,0,0,1,1,0,0,0,True,True,0
5719,2,0,0,2,2,0,0,0,True,True,0
5720,6,0,0,6,6,0,0,0,True,False,0
5721,5,0,0,5,5,0,0,0,True,False,0
5722,1,0,0,1,1,0,0,0,True,True,0
5723,11,0,0,11,11,0,0,0,True,False,0
5724,2,0,0,2,2,0,0,0,True,True,0
5725,4,0,0,4,4,0,0,0,True,False,0
5726,4,0,0,4,4,0,0,0,True,False,0
5727,7,0,0,7,7,0,0,0,True,False,0
5728,1,0,0,1,1,0,0,0,True,True,0
5729,1,0,0,1,1,0,0,0,True,True,0
5730,6,0,0,6,6,0,0,0,False,False,0
5731,8,0,0,8,8,0,0,0,False,False,0
5732,6,0,0,6,6,0,0,0,False,False,0
5733,6,0,0,6,6,0,0,0,False,False,0
5734,9,0,0,9,9,0,0,0,False,False,0
5735,6,0,0,6,6,0,0,0,False,False,0
5736,7,0,0,7,7,0,0,0,False,False,0
5737,8,0,0,8,8,0,0,0,False,False,0
5738,7,0,0,7,7,0,0,0,False,False,0
5739,5,4,4,5,5,0,0,0,False,False,0
5740,4,0,0,4,4,0,0,0,False,False,0
5741,7,0,0,7,7,0,0,0,False,False,0
5742,6,0,0,6,6,0,0,0,False,False,0
5743,11,67,10,11,11,0,0,0,False,False,0
5744,200,0,0,200,200,0,0,0,False,False,0
5745,48,0,0,48,48,0,0,0,False,False,0
5746,26,0,0,26,26,0,0,0,False,False,0
5747,38,0,0,38,38,0,0,0,False,False,0
5748,7,0,0,7,7,0,0,0,False,False,0
5749,9,0,0,9,9,0,0,0,False,False,0
5750,7,0,0,7,7,0,0,0,False,False,0
5751,7,0,0,7,7,0,0,0,False,False,0
5752,6,0,0,6,6,0,0,0,False,False,0
5753,6,3,3,6,6,0,0,0,False,False,0
5754,5,3,3,5,5,0,0,0,False,False,0
5755,5,3,3,5,5,0,0,0,False,False,0
5756,5,3,3,5,5,0,0,0,False,False,0
5757,5,3,3,5,5,0,0,0,False,False,0
5758,4,3,3,4,4,0,0,0,False,False,0
5759,7,4,4,7,7,0,0,0,False,False,0
5760,8,4,4,8,8,0,0,0,False,False,0
5761,6,0,0,6,6,0,0,0,False,False,0
5762,6,0,0,6,6,0,0,0,False,False,0
5763,4,0,0,4,4,0,0,0,False,False,0
5764,5,0,0,5,5,0,0,0,False,False,0
5765,5,0,0,5,5,0,0,0,False,False,0
5766,5,0,0,5,5,0,0,0,False,False,0
5767,5,0,0,5,5,0,0,0,False,False,0
5768,5,0,0,5,5,0,0,0,False,False,0
5769,8,0,0,8,8,0,0,0,False,False,0
5770,7,0,0,7,7,0,0,0,False,False,0
5771,9,0,0,9,9,0,0,0,False,False,0
5772,7,0,0,7,7,0,0,0,False,False,0
5773,11,0,0,11,11,0,0,0,False,False,0
5774,8,0,0,8,8,0,0,0,False,False,0
5775,9,0,0,9,9,0,0,0,False,False,0
5776,10,0,0,10,10,0,0,0,False,False,0
5777,4,0,0,4,4,0,0,0,False,False,0
5778,8,0,0,8,8,0,0,0,False,False,0
5779,8,0,0,8,8,0,0,0,False,False,0
5780,8,0,0,8,8,0,0,0,False,False,0
5781,4,0,0,4,4,0,0,0,False,False,0
5782,4,0,0,4,4,0,0,0,False,False,0
5783,8,0,0,8,8,0,0,0,False,False,0
5784,8,0,0,8,8,0,0,0,False,False,0
5785,7,0,0,7,7,0,0,0,False,False,0
5786,8,0,0,8,8,0,0,0,False,False,0
5787,4,0,0,4,4,0,0,0,False,False,0
5788,6,0,0,6,6,0,0,0,False,False,0
5789,8,0,0,8,8,0,0,0,False,False,0
5790,6,0,0,6,6,0,0,0,False,False,0
5791,8,0,0,8,8,0,0,0,False,False,0
5792,8,0,0,8,8,0,0,0,False,False,0
5793,2,0,0,2,2,0,0,0,False,True,0
5794,2,0,0,2,2,0,0,0,False,True,0
5795,2,0,0,2,2,0,0,0,False,True,0
5796,2,0,0,2,2,0,0,0,False,True,0
5797,2,0,0,2,2,0,0,0,False,True,0
5798,2,0,0,2,2,0,0,0,False,True,0
5799,2,0,0,2,2,0,0,0,False,True,0
5800,2,0,0,2,2,0,0,0,False,True,0
5801,2,0,0,2,2,0,0,0,False,True,0
5802,2,0,0,2,2,0,0,0,False,True,0
5803,2,0,0,2,2,0,0,0,False,True,0
5804,2,0,0,2,2,0,0,0,False,True,0
5805,2,0,0,2,2,0,0,0,False,True,0
5806,2,0,0,2,2,0,0,0,False,True,0
5807,2,0,0,2,2,0,0,0,False,True,0
5808,2,0,0,2,2,0,0,0,False,True,0
5809,11,0,0,11,11,0,0,0,True,False,0
5810,11,0,0,11,11,0,0,0,True,False,0
5811,12,0,0,12,12,0,0,0,True,False,0
5812,11,0,0,11,11,0,0,0,True,False,0
5813,9,0,0,9,9,0,0,0,True,False,0
5814,12,0,0,12,12,0,0,0,True,False,0
5815,11,0,0,11,11,0,0,0,True,False,0
5816,11,0,0,11,11,0,0,0,True,False,0
5817,9,0,0,9,9,0,0,0,True,False,0
5818,8,8,8,8,8,0,0,0,True,False,0
5819,5,0,0,5,5,0,0,0,True,False,0
5820,10,0,0,10,10,0,0,0,True,False,0
5821,10,0,0,10,10,0,0,0,True,False,0
5822,0,122,0,0,0,0,0,0,True,False,0
5823,0,0,0,0,0,0,0,0,True,False,0
5824,94,0,0,94,94,0,0,0,True,False,0
5825,46,0,0,46,46,0,0,0,True,False,0
5826,74,0,0,74,74,0,0,0,True,False,0
5827,12,0,0,12,12,0,0,0,True,False,0
5828,11,0,0,11,11,0,0,0,True,False,0
5829,12,0,0,12,12,0,0,0,True,False,0
5830,11,0,0,11,11,0,0,0,True,False,0
5831,11,0,0,11,11,0,0,0,True,False,0
5832,8,0,0,8,8,0,0,0,True,False,0
5833,7,0,0,7,7,0,0,0,True,False,0
5834,7,0,0,7,7,0,0,0,True,False,0
5835,8,0,0,8,8,0,0,0,True,False,0
5836,6,0,0,6,6,0,0,0,True,False,0
5837,7,1,1,7,7,0,0,0,True,False,0
5838,8,0,0,8,8,0,0,0,True,False,0
5839,7,0,0,7,7,0,0,0,True,False,0
5840,8,0,0,8,8,0,0,0,True,False,0
5841,7,0,0,7,7,0,0,0,True,False,0
5842,6,0,0,6,6,0,0,0,True,False,0
5843,7,0,0,7,7,0,0,0,True,False,0
5844,8,0,0,8,8,0,0,0,True,False,0
5845,6,0,0,6,6,0,0,0,True,False,0
5846,7,0,0,7,7,0,0,0,True,False,0
5847,7,0,0,7,7,0,0,0,True,False,0
5848,13,0,0,13,13,0,0,0,True,False,0
5849,16,0,0,16,16,0,0,0,True,False,0
5850,15,0,0,15,15,0,0,0,True,False,0
5851,14,0,0,14,14,0,0,0,True,False,0
5852,13,0,0,13,13,0,0,0,True,False,0
5853,13,0,0,13,13,0,0,0,True,False,0
5854,11,0,0,11,11,0,0,0,True,False,0
5855,13,0,0,13,13,0,0,0,True,False,0
5856,4,0,0,4,4,0,0,0,True,False,0
5857,12,0,0,12,12,0,0,0,True,False,0
5858,12,0,0,12,12,0,0,0,True,False,0
5859,12,0,0,12,12,0,0,0,True,False,0
5860,4,0,0,4,4,0,0,0,True,False,0
5861,4,0,0,4,4,0,0,0,True,False,0
5862,12,0,0,12,12,0,0,0,True,False,0
5863,12,0,0,12,12,0,0,0,True,False,0
5864,7,0,0,7,7,0,0,0,True,False,0
5865,9,0,0,9,9,0,0,0,True,False,0
5866,12,0,0,12,12,0,0,0,True,False,0
5867,6,0,0,6,6,0,0,0,True,False,0
5868,14,0,0,14,14,0,0,0,True,False,0
5869,9,0,0,9,9,0,0,0,True,False,0
5870,9,0,0,9,9,0,0,0,True,False,0
5871,12,0,0,12,12,0,0,0,True,False,0
5872,12,0,0,12,12,0,0,0,True,False,0
5873,11,0,0,11,11,0,0,0,True,False,0
5874,11,0,0,11,11,0,0,0,True,False,0
5875,11,0,0,11,11,0,0,0,True,False,0
5876,11,0,0,11,11,0,0,0,True,False,0
5877,11,0,0,11,11,0,0,0,True,False,0
5878,11,0,0,11,11,0,0,0,True,False,0
5879,11,0,0,11,11,0,0,0,True,False,0
5880,11,0,0,11,11,0,0,0,True,False,0
5881,7,7,7,7,7,0,0,0,True,False,0
5882,5,0,0,5,5,0,0,0,True,False,0
5883,10,0,0,10,10,0,0,0,True,False,0
5884,11,0,0,11,11,0,0,0,True,False,0
5885,0,122,0,0,0,0,0,0,True,False,0
5886,0,0,0,0,0,0,0,0,True,False,0
5887,94,0,0,94,94,0,0,0,True,False,0
5888,50,0,0,50,50,0,0,0,True,False,0
5889,71,0,0,71,71,0,0,0,True,False,0
5890,11,0,0,11,11,0,0,0,True,False,0
5891,12,0,0,12,12,0,0,0,True,False,0
5892,8,0,0,8,8,0,0,0,True,False,0
5893,11,0,0,11,11,0,0,0,True,False,0
5894,10,0,0,10,10,0,0,0,True,False,0
5895,7,0,0,7,7,0,0,0,True,False,0
5896,6,0,0,6,6,0,0,0,True,False,0
5897,7,0,0,7,7,0,0,0,True,False,0
5898,8,0,0,8,8,0,0,0,True,False,0
5899,7,0,0,7,7,0,0,0,True,False,0
5900,7,0,0,7,7,0,0,0,True,False,0
5901,8,0,0,8,8,0,0,0,True,False,0
5902,7,0,0,7,7,0,0,0,True,False,0
5903,8,0,0,8,8,0,0,0,True,False,0
5904,8,0,0,8,8,0,0,0,True,False,0
5905,7,0,0,7,7,0,0,0,True,False,0
5906,8,0,0,8,8,0,0,0,True,False,0
5907,7,0,0,7,7,0,0,0,True,False,0
5908,8,0,0,8,8,0,0,0,True,False,0
5909,6,0,0,6,6,0,0,0,True,False,0
5910,7,0,0,7,7,0,0,0,True,False,0
5911,13,0,0,13,13,0,0,0,True,False,0
5912,13,0,0,13,13,0,0,0,True,False,0
5913,10,0,0,10,10,0,0,0,True,False,0
5914,13,0,0,13,13,0,0,0,True,False,0
5915,12,0,0,12,12,0,0,0,True,False,0
5916,13,0,0,13,13,0,0,0,True,False,0
5917,12,0,0,12,12,0,0,0,True,False,0
5918,13,0,0,13,13,0,0,0,True,False,0
5919,4,0,0,4,4,0,0,0,True,False,0
5920,12,0,0,12,12,0,0,0,True,False,0
5921,12,0,0,12,12,0,0,0,True,False,0
5922,12,0,0,12,12,0,0,0,True,False,0
5923,4,0,0,4,4,0,0,0,True,False,0
5924,4,0,0,4,4,0,0,0,True,False,0
5925,12,0,0,12,12,0,0,0,True,False,0
5926,12,0,0,12,12,0,0,0,True,False,0
5927,9,0,0,9,9,0,0,0,True,False,0
5928,7,0,0,7,7,0,0,0,True,False,0
5929,9,0,0,9,9,0,0,0,True,False,0
5930,12,0,0,12,12,0,0,0,True,False,0
5931,11,0,0,11,11,0,0,0,True,False,0
5932,10,0,0,10,10,0,0,0,True,False,0
5933,7,0,0,7,7,0,0,0,True,False,0
5934,7,0,0,7,7,0,0,0,True,False,0
5935,9,0,0,9,9,0,0,0,True,False,0
5936,12,0,0,12,12,0,0,0,True,False,0
5937,11,0,0,11,11,0,0,0,True,False,0
5938,11,0,0,11,11,0,0,0,True,False,0
5939,10,0,0,10,10,0,0,0,True,False,0
5940,11,0,0,11,11,0,0,0,True,False,0
5941,10,0,0,10,10,0,0,0,True,False,0
5942,9,0,0,9,9,0,0,0,True,False,0
5943,10,0,0,10,10,0,0,0,True,False,0
5944,8,8,8,8,8,0,0,0,True,False,0
5945,5,0,0,5,5,0,0,0,True,False,0
5946,10,0,0,10,10,0,0,0,True,False,0
5947,11,0,0,11,11,0,0,0,True,False,0
5948,0,126,0,0,0,0,0,0,True,False,0
5949,0,0,0,0,0,0,0,0,True,False,0
5950,92,0,0,92,92,0,0,0,True,False,0
5951,48,0,0,48,48,0,0,0,True,False,0
5952,76,0,0,76,76,0,0,0,True,False,0
5953,10,0,0,10,10,0,0,0,True,False,0
5954,10,0,0,10,10,0,0,0,True,False,0
5955,11,0,0,11,11,0,0,0,True,False,0
5956,13,0,0,13,13,0,0,0,True,False,0
5957,11,0,0,11,11,0,0,0,True,False,0
5958,6,0,0,6,6,0,0,0,True,False,0
5959,7,0,0,7,7,0,0,0,True,False,0
5960,7,0,0,7,7,0,0,0,True,False,0
5961,8,0,0,8,8,0,0,0,True,False,0
5962,8,0,0,8,8,0,0,0,True,False,0
5963,7,0,0,7,7,0,0,0,True,False,0
5964,6,0,0,6,6,0,0,0,True,False,0
5965,8,0,0,8,8,0,0,0,True,False,0
5966,6,0,0,6,6,0,0,0,True,False,0
5967,8,0,0,8,8,0,0,0,True,False,0
5968,8,0,0,8,8,0,0,0,True,False,0
5969,7,0,0,7,7,0,0,0,True,False,0
5970,6,0,0,6,6,0,0,0,True,False,0
5971,6,0,0,6,6,0,0,0,True,False,0
5972,7,0,0,7,7,0,0,0,True,False,0
5973,7,0,0,7,7,0,0,0,True,False,0
5974,12,0,0,12,12,0,0,0,True,False,0
5975,12,0,0,12,12,0,0,0,True,False,0
5976,15,0,0,15,15,0,0,0,True,False,0
5977,14,0,0,14,14,0,0,0,True,False,0
5978,14,0,0,14,14,0,0,0,True,False,0
5979,14,0,0,14,14,0,0,0,True,False,0
5980,14,0,0,14,14,0,0,0,True,False,0
5981,13,0,0,13,13,0,0,0,True,False,0
5982,4,0,0,4,4,0,0,0,True,False,0
5983,12,0,0,12,12,0,0,0,True,False,0
5984,12,0,0,12,12,0,0,0,True,False,0
5985,12,0,0,12,12,0,0,0,True,False,0
5986,4,0,0,4,4,0,0,0,True,False,0
5987,4,0,0,4,4,0,0,0,True,False,0
5988,12,0,0,12,12,0,0,0,True,False,0
5989,12,0,0,12,12,0,0,0,True,False,0
5990,17,0,0,17,17,0,0,0,True,False,0
5991,8,0,0,8,8,0,0,0,True,False,0
5992,8,0,0,8,8,0,0,0,True,False,0
5993,13,0,0,13,13,0,0,0,True,False,0
5994,11,0,0,11,11,0,0,0,True,False,0
5995,9,0,0,9,9,0,0,0,True,False,0
5996,7,0,0,7,7,0,0,0,True,False,0
5997,5,0,0,5,5,0,0,0,True,False,0
5998,9,0,0,9,9,0,0,0,True,False,0
5999,12,0,0,12,12,0,0,0,True,False,0
6000,9,0,0,9,9,0,0,0,True,False,0
6001,11,0,0,11,11,0,0,0,True,False,0
6002,12,0,0,12,12,0,0,0,True,False,0
6003,11,0,0,11,11,0,0,0,True,False,0
6004,13,0,0,13,13,0,0,0,True,False,0
6005,9,0,0,9,9,0,0,0,True,False,0
6006,11,1,1,11,11,0,0,0,True,False,0
6007,7,7,7,7,7,0,0,0,True,False,0
6008,5,0,0,5,5,0,0,0,True,False,0
6009,11,1,1,11,11,0,0,0,True,False,0
6010,12,1,1,12,12,0,0,0,True,False,0
6011,0,119,0,0,0,0,0,0,True,False,0
6012,0,0,0,0,0,0,0,0,True,False,0
6013,92,0,0,92,92,0,0,0,True,False,0
6014,50,0,0,50,50,0,0,0,True,False,0
6015,77,0,0,77,77,0,0,0,True,False,0
6016,12,1,1,12,12,0,0,0,True,False,0
6017,11,1,1,11,11,0,0,0,True,False,0
6018,11,1,1,11,11,0,0,0,True,False,0
6019,10,1,1,10,10,0,0,0,True,False,0
6020,13,1,1,13,13,0,0,0,True,False,0
6021,8,0,0,8,8,0,0,0,True,False,0
6022,7,0,0,7,7,0,0,0,True,False,0
6023,7,0,0,7,7,0,0,0,True,False,0
6024,7,0,0,7,7,0,0,0,True,False,0
6025,9,0,0,9,9,0,0,0,True,False,0
6026,9,0,0,9,9,0,0,0,True,False,0
6027,8,0,0,8,8,0,0,0,True,False,0
6028,9,0,0,9,9,0,0,0,True,False,0
6029,7,0,0,7,7,0,0,0,True,False,0
6030,7,0,0,7,7,0,0,0,True,False,0
6031,6,0,0,6,6,0,0,0,True,False,0
6032,7,0,0,7,7,0,0,0,True,False,0
6033,7,0,0,7,7,0,0,0,True,False,0
6034,7,0,0,7,7,0,0,0,True,False,0
6035,6,0,0,6,6,0,0,0,True,False,0
6036,7,0,0,7,7,0,0,0,True,False,0
6037,16,0,0,16,16,0,0,0,True,False,0
6038,12,0,0,12,12,0,0,0,True,False,0
6039,15,0,0,15,15,0,0,0,True,False,0
6040,12,0,0,12,12,0,0,0,True,False,0
6041,11,0,0,11,11,0,0,0,True,False,0
6042,15,0,0,15,15,0,0,0,True,False,0
6043,14,0,0,14,14,0,0,0,True,False,0
6044,15,0,0,15,15,0,0,0,True,False,0
6045,4,0,0,4,4,0,0,0,True,False,0
6046,11,0,0,11,11,0,0,0,True,False,0
6047,12,0,0,12,12,0,0,0,True,False,0
6048,12,0,0,12,12,0,0,0,True,False,0
6049,4,0,0,4,4,0,0,0,True,False,0
6050,4,0,0,4,4,0,0,0,True,False,0
6051,12,0,0,12,12,0,0,0,True,False,0
6052,12,0,0,12,12,0,0,0,True,False,0
6053,17,0,0,17,17,0,0,0,True,False,0
6054,9,0,0,9,9,0,0,0,True,False,0
6055,12,0,0,12,12,0,0,0,True,False,0
6056,17,0,0,17,17,0,0,0,True,False,0
6057,14,0,0,14,14,0,0,0,True,False,0
6058,10,0,0,10,10,0,0,0,True,False,0
6059,13,0,0,13,13,0,0,0,True,False,0
6060,11,0,0,11,11,0,0,0,True,False,0
6061,11,0,0,11,11,0,0,0,True,False,0
6062,10,0,0,10,10,0,0,0,True,False,0
6063,12,0,0,12,12,0,0,0,True,False,0
6064,10,0,0,10,10,0,0,0,True,False,0
6065,9,0,0,9,9,0,0,0,True,False,0
6066,12,0,0,12,12,0,0,0,True,False,0
6067,11,0,0,11,11,0,0,0,True,False,0
6068,10,0,0,10,10,0,0,0,True,False,0
6069,10,0,0,10,10,0,0,0,True,False,0
6070,8,8,8,8,8,0,0,0,True,False,0
6071,5,0,0,5,5,0,0,0,True,False,0
6072,7,0,0,7,7,0,0,0,True,False,0
6073,8,0,0,8,8,0,0,0,True,False,0
6074,10,120,10,10,10,0,0,0,True,False,0
6075,200,0,0,200,200,0,0,0,True,False,0
6076,92,0,0,92,92,0,0,0,True,False,0
6077,46,0,0,46,46,0,0,0,True,False,0
6078,76,0,0,76,76,0,0,0,True,False,0
6079,10,0,0,10,10,0,0,0,True,False,0
6080,9,0,0,9,9,0,0,0,True,False,0
6081,7,0,0,7,7,0,0,0,True,False,0
6082,8,0,0,8,8,0,0,0,True,False,0
6083,9,0,0,9,9,0,0,0,True,False,0
6084,6,0,0,6,6,0,0,0,True,False,0
6085,9,0,0,9,9,0,0,0,True,False,0
6086,8,0,0,8,8,0,0,0,True,False,0
6087,8,0,0,8,8,0,0,0,True,False,0
6088,7,0,0,7,7,0,0,0,True,False,0
6089,7,0,0,7,7,0,0,0,True,False,0
6090,8,0,0,8,8,0,0,0,True,False,0
6091,6,0,0,6,6,0,0,0,True,False,0
6092,7,0,0,7,7,0,0,0,True,False,0
6093,9,0,0,9,9,0,0,0,True,False,0
6094,7,0,0,7,7,0,0,0,True,False,0
6095,6,0,0,6,6,0,0,0,True,False,0
6096,7,0,0,7,7,0,0,0,True,False,0
6097,8,0,0,8,8,0,0,0,True,False,0
6098,5,0,0,5,5,0,0,0,True,False,0
6099,5,0,0,5,5,0,0,0,True,False,0
6100,12,0,0,12,12,0,0,0,True,False,0
6101,13,0,0,13,13,0,0,0,True,False,0
6102,11,0,0,11,11,0,0,0,True,False,0
6103,14,0,0,14,14,0,0,0,True,False,0
6104,12,0,0,12,12,0,0,0,True,False,0
6105,17,0,0,17,17,0,0,0,True,False,0
6106,13,0,0,13,13,0,0,0,True,False,0
6107,14,0,0,14,14,0,0,0,True,False,0
6108,4,0,0,4,4,0,0,0,True,False,0
6109,12,0,0,12,12,0,0,0,True,False,0
6110,12,0,0,12,12,0,0,0,True,False,0
6111,12,0,0,12,12,0,0,0,True,False,0
6112,4,0,0,4,4,0,0,0,True,False,0
6113,4,0,0,4,4,0,0,0,True,False,0
6114,12,0,0,12,12,0,0,0,True,False,0
6115,12,0,0,12,12,0,0,0,True,False,0
6116,12,0,0,12,12,0,0,0,True,False,0
6117,7,0,0,7,7,0,0,0,True,False,0
6118,10,0,0,10,10,0,0,0,True,False,0
6119,10,0,0,10,10,0,0,0,True,False,0
6120,12,0,0,12,12,0,0,0,True,False,0
6121,5,0,0,5,5,0,0,0,True,False,0
6122,10,0,0,10,10,0,0,0,True,False,0
6123,9,0,0,9,9,0,0,0,True,False,0
6124,10,0,0,10,10,0,0,0,True,False,0
6125,9,0,0,9,9,0,0,0,True,False,0
6126,13,0,0,13,13,0,0,0,True,False,0
6127,10,0,0,10,10,0,0,0,True,False,0
6128,8,0,0,8,8,0,0,0,True,False,0
6129,10,0,0,10,10,0,0,0,True,False,0
6130,10,0,0,10,10,0,0,0,True,False,0
6131,10,0,0,10,10,0,0,0,True,False,0
6132,8,0,0,8,8,0,0,0,True,False,0
6133,7,7,7,7,7,0,0,0,True,False,0
6134,5,0,0,5,5,0,0,0,True,False,0
6135,8,0,0,8,8,0,0,0,True,False,0
6136,8,0,0,8,8,0,0,0,True,False,0
6137,0,122,0,0,0,0,0,0,True,False,0
6138,0,0,0,0,0,0,0,0,True,False,0
6139,91,0,0,91,91,0,0,0,True,False,0
6140,49,0,0,49,49,0,0,0,True,False,0
6141,73,0,0,73,73,0,0,0,True,False,0
6142,9,0,0,9,9,0,0,0,True,False,0
6143,8,0,0,8,8,0,0,0,True,False,0
6144,8,0,0,8,8,0,0,0,True,False,0
6145,8,0,0,8,8,0,0,0,True,False,0
6146,9,0,0,9,9,0,0,0,True,False,0
6147,7,0,0,7,7,0,0,0,True,False,0
6148,9,0,0,9,9,0,0,0,True,False,0
6149,8,0,0,8,8,0,0,0,True,False,0
6150,7,0,0,7,7,0,0,0,True,False,0
6151,9,0,0,9,9,0,0,0,True,False,0
6152,6,0,0,6,6,0,0,0,True,False,0
6153,7,0,0,7,7,0,0,0,True,False,0
6154,9,0,0,9,9,0,0,0,True,False,0
6155,6,0,0,6,6,0,0,0,True,False,0
6156,7,0,0,7,7,0,0,0,True,False,0
6157,6,0,0,6,6,0,0,0,True,False,0
6158,5,0,0,5,5,0,0,0,True,False,0
6159,9,0,0,9,9,0,0,0,True,False,0
6160,6,0,0,6,6,0,0,0,True,False,0
6161,7,0,0,7,7,0,0,0,True,False,0
6162,7,0,0,7,7,0,0,0,True,False,0
6163,13,0,0,13,13,0,0,0,True,False,0
6164,12,0,0,12,12,0,0,0,True,False,0
6165,11,0,0,11,11,0,0,0,True,False,0
6166,13,0,0,13,13,0,0,0,True,False,0
6167,14,0,0,14,14,0,0,0,True,False,0
6168,13,0,0,13,13,0,0,0,True,False,0
6169,13,0,0,13,13,0,0,0,True,False,0
6170,13,0,0,13,13,0,0,0,True,False,0
6171,4,0,0,4,4,0,0,0,True,False,0
6172,13,0,0,13,13,0,0,0,True,False,0
6173,12,0,0,12,12,0,0,0,True,False,0
6174,12,0,0,12,12,0,0,0,True,False,0
6175,4,0,0,4,4,0,0,0,True,False,0
6176,4,0,0,4,4,0,0,0,True,False,0
6177,12,0,0,12,12,0,0,0,True,False,0
6178,12,0,0,12,12,0,0,0,True,False,0
6179,10,0,0,10,10,0,0,0,True,False,0
6180,6,0,0,6,6,0,0,0,True,False,0
6181,7,0,0,7,7,0,0,0,True,False,0
6182,10,0,0,10,10,0,0,0,True,False,0
6183,9,0,0,9,9,0,0,0,True,False,0
6184,13,0,0,13,13,0,0,0,True,False,0
6185,12,0,0,12,12,0,0,0,True,False,0
6186,9,0,0,9,9,0,0,0,True,False,0
6187,10,0,0,10,10,0,0,0,True,False,0
6188,11,0,0,11,11,0,0,0,True,False,0
6189,11,0,0,11,11,0,0,0,True,False,0
6190,10,0,0,10,10,0,0,0,True,False,0
6191,11,0,0,11,11,0,0,0,True,False,0
6192,9,0,0,9,9,0,0,0,True,False,0
6193,11,0,0,11,11,0,0,0,True,False,0
6194,10,0,0,10,10,0,0,0,True,False,0
6195,9,0,0,9,9,0,0,0,True,False,0
6196,8,8,8,8,8,0,0,0,True,False,0
6197,5,0,0,5,5,0,0,0,True,False,0
6198,6,0,0,6,6,0,0,0,True,False,0
6199,8,0,0,8,8,0,0,0,True,False,0
6200,0,119,0,0,0,0,0,0,True,False,0
6201,0,0,0,0,0,0,0,0,True,False,0
6202,94,0,0,94,94,0,0,0,True,False,0
6203,45,0,0,45,45,0,0,0,True,False,0
6204,76,0,0,76,76,0,0,0,True,False,0
6205,9,0,0,9,9,0,0,0,True,False,0
6206,10,0,0,10,10,0,0,0,True,False,0
6207,8,0,0,8,8,0,0,0,True,False,0
6208,8,0,0,8,8,0,0,0,True,False,0
6209,7,0,0,7,7,0,0,0,True,False,0
6210,7,0,0,7,7,0,0,0,True,False,0
6211,6,0,0,6,6,0,0,0,True,False,0
6212,8,0,0,8,8,0,0,0,True,False,0
6213,7,0,0,7,7,0,0,0,True,False,0
6214,8,0,0,8,8,0,0,0,True,False,0
6215,9,0,0,9,9,0,0,0,True,False,0
6216,8,0,0,8,8,0,0,0,True,False,0
6217,7,0,0,7,7,0,0,0,True,False,0
6218,7,0,0,7,7,0,0,0,True,False,0
6219,7,0,0,7,7,0,0,0,True,False,0
6220,8,0,0,8,8,0,0,0,True,False,0
6221,6,0,0,6,6,0,0,0,True,False,0
6222,9,0,0,9,9,0,0,0,True,False,0
6223,5,0,0,5,5,0,0,0,True,False,0
6224,7,0,0,7,7,0,0,0,True,False,0
6225,6,0,0,6,6,0,0,0,True,False,0
6226,15,0,0,15,15,0,0,0,True,False,0
6227,14,0,0,14,14,0,0,0,True,False,0
6228,12,0,0,12,12,0,0,0,True,False,0
6229,13,0,0,13,13,0,0,0,True,False,0
6230,13,0,0,13,13,0,0,0,True,False,0
6231,12,0,0,12,12,0,0,0,True,False,0
6232,13,0,0,13,13,0,0,0,True,False,0
6233,13,0,0,13,13,0,0,0,True,False,0
6234,4,0,0,4,4,0,0,0,True,False,0
6235,11,0,0,11,11,0,0,0,True,False,0
6236,12,0,0,12,12,0,0,0,True,False,0
6237,12,0,0,12,12,0,0,0,True,False,0
6238,4,0,0,4,4,0,0,0,True,False,0
6239,4,0,0,4,4,0,0,0,True,False,0
6240,12,0,0,12,12,0,0,0,True,False,0
6241,12,0,0,12,12,0,0,0,True,False,0
6242,10,0,0,10,10,0,0,0,True,False,0
6243,10,0,0,10,10,0,0,0,True,False,0
6244,11,0,0,11,11,0,0,0,True,False,0
6245,8,0,0,8,8,0,0,0,True,False,0
6246,13,0,0,13,13,0,0,0,True,False,0
6247,6,0,0,6,6,0,0,0,True,False,0
6248,7,0,0,7,7,0,0,0,True,False,0
6249,12,0,0,12,12,0,0,0,True,False,0
6250,12,0,0,12,12,0,0,0,True,False,0
6251,11,0,0,11,11,0,0,0,True,False,0
6252,12,0,0,12,12,0,0,0,True,False,0
6253,11,0,0,11,11,0,0,0,True,False,0
6254,12,0,0,12,12,0,0,0,True,False,0
6255,8,0,0,8,8,0,0,0,True,False,0
6256,10,0,0,10,10,0,0,0,True,False,0
6257,13,0,0,13,13,0,0,0,True,False,0
6258,8,0,0,8,8,0,0,0,True,False,0
6259,8,8,8,8,8,0,0,0,True,False,0
6260,5,0,0,5,5,0,0,0,True,False,0
6261,10,0,0,10,10,0,0,0,True,False,0
6262,9,0,0,9,9,0,0,0,True,False,0
6263,0,125,0,0,0,0,0,0,True,False,0
6264,0,0,0,0,0,0,0,0,True,False,0
6265,93,0,0,93,93,0,0,0,True,False,0
6266,47,0,0,47,47,0,0,0,True,False,0
6267,75,0,0,75,75,0,0,0,True,False,0
6268,9,0,0,9,9,0,0,0,True,False,0
6269,9,0,0,9,9,0,0,0,True,False,0
6270,9,0,0,9,9,0,0,0,True,False,0
6271,7,0,0,7,7,0,0,0,True,False,0
6272,10,0,0,10,10,0,0,0,True,False,0
6273,7,0,0,7,7,0,0,0,True,False,0
6274,8,0,0,8,8,0,0,0,True,False,0
6275,7,0,0,7,7,0,0,0,True,False,0
6276,8,0,0,8,8,0,0,0,True,False,0
6277,7,0,0,7,7,0,0,0,True,False,0
6278,7,0,0,7,7,0,0,0,True,False,0
6279,6,0,0,6,6,0,0,0,True,False,0
6280,7,0,0,7,7,0,0,0,True,False,0
6281,10,0,0,10,10,0,0,0,True,False,0
6282,8,0,0,8,8,0,0,0,True,False,0
6283,7,0,0,7,7,0,0,0,True,False,0
6284,9,0,0,9,9,0,0,0,True,False,0
6285,8,0,0,8,8,0,0,0,True,False,0
6286,6,0,0,6,6,0,0,0,True,False,0
6287,7,0,0,7,7,0,0,0,True,False,0
6288,6,0,0,6,6,0,0,0,True,False,0
6289,16,0,0,16,16,0,0,0,True,False,0
6290,13,0,0,13,13,0,0,0,True,False,0
6291,14,0,0,14,14,0,0,0,True,False,0
6292,15,0,0,15,15,0,0,0,True,False,0
6293,15,0,0,15,15,0,0,0,True,False,0
6294,14,0,0,14,14,0,0,0,True,False,0
6295,13,0,0,13,13,0,0,0,True,False,0
6296,15,0,0,15,15,0,0,0,True,False,0
6297,4,0,0,4,4,0,0,0,True,False,0
6298,13,0,0,13,13,0,0,0,True,False,0
6299,12,0,0,12,12,0,0,0,True,False,0
6300,12,0,0,12,12,0,0,0,True,False,0
6301,4,0,0,4,4,0,0,0,True,False,0
6302,4,0,0,4,4,0,0,0,True,False,0
6303,12,0,0,12,12,0,0,0,True,False,0
6304,12,0,0,12,12,0,0,0,True,False,0
6305,7,0,0,7,7,0,0,0,True,False,0
6306,9,0,0,9,9,0,0,0,True,False,0
6307,8,0,0,8,8,0,0,0,True,False,0
6308,10,0,0,10,10,0,0,0,True,False,0
6309,8,0,0,8,8,0,0,0,True,False,0
6310,9,0,0,9,9,0,0,0,True,False,0
6311,8,0,0,8,8,0,0,0,True,False,0
6312,11,0,0,11,11,0,0,0,True,False,0
6313,1,0,0,1,1,0,0,0,True,True,0
6314,10,0,0,10,10,0,0,0,True,False,0
6315,11,0,0,11,11,0,0,0,True,False,0
6316,11,0,0,11,11,0,0,0,True,False,0
6317,9,0,0,9,9,0,0,0,True,False,0
6318,12,0,0,12,12,0,0,0,True,False,0
6319,10,0,0,10,10,0,0,0,True,False,0
6320,12,0,0,12,12,0,0,0,True,False,0
6321,11,0,0,11,11,0,0,0,True,False,0
6322,8,0,0,8,8,0,0,0,True,False,0
6323,7,7,7,7,7,0,0,0,True,False,0
6324,5,0,0,5,5,0,0,0,True,False,0
6325,8,0,0,8,8,0,0,0,True,False,0
6326,8,0,0,8,8,0,0,0,True,False,0
6327,0,114,0,0,0,0,0,0,True,False,0
6328,0,0,0,0,0,0,0,0,True,False,0
6329,89,0,0,89,89,0,0,0,True,False,0
6330,46,0,0,46,46,0,0,0,True,False,0
6331,74,0,0,74,74,0,0,0,True,False,0
6332,9,0,0,9,9,0,0,0,True,False,0
6333,9,0,0,9,9,0,0,0,True,False,0
6334,9,0,0,9,9,0,0,0,True,False,0
6335,8,0,0,8,8,0,0,0,True,False,0
6336,8,0,0,8,8,0,0,0,True,False,0
6337,7,0,0,7,7,0,0,0,True,False,0
6338,6,0,0,6,6,0,0,0,True,False,0
6339,8,0,0,8,8,0,0,0,True,False,0
6340,8,0,0,8,8,0,0,0,True,False,0
6341,8,0,0,8,8,0,0,0,True,False,0
6342,7,0,0,7,7,0,0,0,True,False,0
6343,7,0,0,7,7,0,0,0,True,False,0
6344,7,0,0,7,7,0,0,0,True,False,0
6345,6,0,0,6,6,0,0,0,True,False,0
6346,9,0,0,9,9,0,0,0,True,False,0
6347,6,0,0,6,6,0,0,0,True,False,0
6348,6,0,0,6,6,0,0,0,True,False,0
6349,6,0,0,6,6,0,0,0,True,False,0
6350,6,0,0,6,6,0,0,0,True,False,0
6351,8,0,0,8,8,0,0,0,True,False,0
6352,6,0,0,6,6,0,0,0,True,False,0
6353,14,0,0,14,14,0,0,0,True,False,0
6354,12,0,0,12,12,0,0,0,True,False,0
6355,15,0,0,15,15,0,0,0,True,False,0
6356,13,0,0,13,13,0,0,0,True,False,0
6357,14,0,0,14,14,0,0,0,True,False,0
6358,13,0,0,13,13,0,0,0,True,False,0
6359,13,0,0,13,13,0,0,0,True,False,0
6360,16,0,0,16,16,0,0,0,True,False,0
6361,4,0,0,4,4,0,0,0,True,False,0
6362,12,0,0,12,12,0,0,0,True,False,0
6363,12,0,0,12,12,0,0,0,True,False,0
6364,12,0,0,12,12,0,0,0,True,False,0
6365,4,0,0,4,4,0,0,0,True,False,0
6366,4,0,0,4,4,0,0,0,True,False,0
6367,12,0,0,12,12,0,0,0,True,False,0
6368,12,0,0,12,12,0,0,0,True,False,0
6369,7,0,0,7,7,0,0,0,True,False,0
6370,8,0,0,8,8,0,0,0,True,False,0
6371,6,0,0,6,6,0,0,0,True,False,0
6372,8,0,0,8,8,0,0,0,True,False,0
6373,11,0,0,11,11,0,0,0,True,False,0
6374,9,0,0,9,9,0,0,0,True,False,0
6375,9,0,0,9,9,0,0,0,True,False,0
6376,12,0,0,12,12,0,0,0,True,False,0
6377,1,0,0,1,1,0,0,0,True,True,0
6378,1,0,0,1,1,0,0,0,True,True,0
6379,1,0,0,1,1,0,0,0,True,True,0
6380,1,0,0,1,1,0,0,0,True,True,0
6381,5,0,0,5,5,0,0,0,True,False,0
6382,5,0,0,5,5,0,0,0,True,False,0
6383,6,0,0,6,6,0,0,0,True,False,0
6384,6,0,0,6,6,0,0,0,True,False,0
6385,5,0,0,5,5,0,0,0,True,False,0
6386,5,0,0,5,5,0,0,0,True,False,0
6387,6,0,0,6,6,0,0,0,True,False,0
6388,4,0,0,4,4,0,0,0,True,False,0
6389,5,0,0,5,5,0,0,0,True,False,0
6390,4,4,4,4,4,0,0,0,True,False,0
6391,3,0,0,3,3,0,0,0,True,False,0
6392,4,0,0,4,4,0,0,0,True,False,0
6393,5,0,0,5,5,0,0,0,True,False,0
6394,0,52,0,0,0,0,0,0,True,False,0
6395,0,0,0,0,0,0,0,0,True,False,0
6396,46,0,0,46,46,0,0,0,True,False,0
6397,24,0,0,24,24,0,0,0,True,False,0
6398,38,0,0,38,38,0,0,0,True,False,0
6399,5,0,0,5,5,0,0,0,True,False,0
6400,4,0,0,4,4,0,0,0,True,False,0
6401,4,0,0,4,4,0,0,0,True,False,0
6402,5,0,0,5,5,0,0,0,True,False,0
6403,4,0,0,4,4,0,0,0,True,False,0
6404,4,0,0,4,4,0,0,0,True,False,0
6405,5,0,0,5,5,0,0,0,True,False,0
6406,4,0,0,4,4,0,0,0,True,False,0
6407,4,0,0,4,4,0,0,0,True,False,0
6408,3,0,0,3,3,0,0,0,True,False,0
6409,3,0,0,3,3,0,0,0,True,False,0
6410,5,0,0,5,5,0,0,0,True,False,0
6411,3,0,0,3,3,0,0,0,True,False,0
6412,4,0,0,4,4,0,0,0,True,False,0
6413,2,0,0,2,2,0,0,0,True,True,0
6414,3,0,0,3,3,0,0,0,True,False,0
6415,3,0,0,3,3,0,0,0,True,False,0
6416,3,0,0,3,3,0,0,0,True,False,0
6417,3,0,0,3,3,0,0,0,True,False,0
6418,3,0,0,3,3,0,0,0,True,False,0
6419,3,0,0,3,3,0,0,0,True,False,0
6420,8,0,0,8,8,0,0,0,True,False,0
6421,7,0,0,7,7,0,0,0,True,False,0
6422,6,0,0,6,6,0,0,0,True,False,0
6423,6,0,0,6,6,0,0,0,True,False,0
6424,8,0,0,8,8,0,0,0,True,False,0
6425,6,0,0,6,6,0,0,0,True,False,0
6426,5,0,0,5,5,0,0,0,True,False,0
6427,6,0,0,6,6,0,0,0,True,False,0
6428,1,0,0,1,1,0,0,0,True,True,0
6429,6,0,0,6,6,0,0,0,True,False,0
6430,6,0,0,6,6,0,0,0,True,False,0
6431,5,0,0,5,5,0,0,0,True,False,0
6432,2,0,0,2,2,0,0,0,True,True,0
6433,1,0,0,1,1,0,0,0,True,True,0
6434,5,0,0,5,5,0,0,0,True,False,0
6435,6,0,0,6,6,0,0,0,True,False,0
6436,5,0,0,5,5,0,0,0,True,False,0
6437,7,0,0,7,7,0,0,0,True,False,0
6438,7,0,0,7,7,0,0,0,True,False,0
6439,5,0,0,5,5,0,0,0,True,False,0
6440,5,0,0,5,5,0,0,0,True,False,0
6441,7,0,0,7,7,0,0,0,True,False,0
6442,9,0,0,9,9,0,0,0,True,False,0
6443,7,0,0,7,7,0,0,0,True,False,0
6444,1,0,0,1,1,0,0,0,True,True,0
6445,1,0,0,1,1,0,0,0,True,True,0
6446,1,0,0,1,1,0,0,0,True,True,0
6447,6,0,0,6,6,0,0,0,False,False,0
6448,6,0,0,6,6,0,0,0,False,False,0
6449,7,0,0,7,7,0,0,0,False,False,0
6450,6,0,0,6,6,0,0,0,False,False,0
6451,6,0,0,6,6,0,0,0,False,False,0
6452,5,0,0,5,5,0,0,0,False,False,0
6453,6,0,0,6,6,0,0,0,False,False,0
6454,5,0,0,5,5,0,0,0,False,False,0
6455,6,0,0,6,6,0,0,0,False,False,0
6456,5,4,4,5,5,0,0,0,False,False,0
6457,4,0,0,4,4,0,0,0,False,False,0
6458,7,0,0,7,7,0,0,0,False,False,0
6459,6,0,0,6,6,0,0,0,False,False,0
6460,11,51,10,11,11,0,0,0,False,False,0
6461,200,0,0,200,200,0,0,0,False,False,0
6462,42,0,0,42,42,0,0,0,False,False,0
6463,24,0,0,24,24,0,0,0,False,False,0
6464,37,0,0,37,37,0,0,0,False,False,0
6465,7,0,0,7,7,0,0,0,False,False,0
6466,6,0,0,6,6,0,0,0,False,False,0
6467,6,0,0,6,6,0,0,0,False,False,0
6468,6,0,0,6,6,0,0,0,False,False,0
6469,6,0,0,6,6,0,0,0,False,False,0
6470,4,3,3,4,4,0,0,0,False,False,0
6471,6,3,3,6,6,0,0,0,False,False,0
6472,5,4,4,5,5,0,0,0,False,False,0
6473,5,3,3,5,5,0,0,0,False,False,0
6474,3,2,2,3,3,0,0,0,False,False,0
6475,4,3,3,4,4,0,0,0,False,False,0
6476,5,3,3,5,5,0,0,0,False,False,0
6477,4,3,3,4,4,0,0,0,False,False,0
6478,5,0,0,5,5,0,0,0,False,False,0
6479,4,0,0,4,4,0,0,0,False,False,0
6480,4,0,0,4,4,0,0,0,False,False,0
6481,5,0,0,5,5,0,0,0,False,False,0
6482,4,0,0,4,4,0,0,0,False,False,0
6483,4,0,0,4,4,0,0,0,False,False,0
6484,4,0,0,4,4,0,0,0,False,False,0
6485,4,0,0,4,4,0,0,0,False,False,0
6486,7,0,0,7,7,0,0,0,False,False,0
6487,7,0,0,7,7,0,0,0,False,False,0
6488,7,0,0,7,7,0,0,0,False,False,0
6489,7,0,0,7,7,0,0,0,False,False,0
6490,7,0,0,7,7,0,0,0,False,False,0
6491,8,0,0,8,8,0,0,0,False,False,0
6492,7,0,0,7,7,0,0,0,False,False,0
6493,8,0,0,8,8,0,0,0,False,False,0
6494,3,0,0,3,3,0,0,0,False,False,0
6495,7,0,0,7,7,0,0,0,False,False,0
6496,3,0,0,3,3,0,0,0,False,False,0
6497,3,0,0,3,3,0,0,0,False,False,0
6498,3,0,0,3,3,0,0,0,False,False,0
6499,3,0,0,3,3,0,0,0,False,False,0
6500,4,0,0,4,4,0,0,0,False,False,0
6501,3,0,0,3,3,0,0,0,False,False,0
6502,9,0,0,9,9,0,0,0,False,False,0
6503,3,0,0,3,3,0,0,0,False,False,0
6504,5,0,0,5,5,0,0,0,False,False,0
6505,6,0,0,6,6,0,0,0,False,False,0
6506,3,0,0,3,3,0,0,0,False,False,0
6507,9,0,0,9,9,0,0,0,False,False,0
6508,6,0,0,6,6,0,0,0,False,False,0
6509,3,0,0,3,3,0,0,0,False,False,0
6510,2,0,0,2,2,0,0,0,False,True,0
6511,2,0,0,2,2,0,0,0,False,True,0
6512,2,0,0,2,2,0,0,0,False,True,0
6513,2,0,0,2,2,0,0,0,False,True,0
6514,2,0,0,2,2,0,0,0,False,True,0
6515,2,0,0,2,2,0,0,0,False,True,0
6516,2,0,0,2,2,0,0,0,False,True,0
6517,2,0,0,2,2,0,0,0,False,True,0
6518,2,0,0,2,2,0,0,0,False,True,0
6519,2,0,0,2,2,0,0,0,False,True,0
6520,2,0,0,2,2,0,0,0,False,True,0
6521,2,0,0,2,2,0,0,0,False,True,0
6522,2,0,0,2,2,0,0,0,False,True,0
6523,2,0,0,2,2,0,0,0,False,True,0
6524,2,0,0,2,2,0,0,0,False,True,0
6525,2,0,0,2,2,0,0,0,False,True,0
6526,9,0,0,9,9,0,0,0,True,False,0
6527,11,0,0,11,11,0,0,0,True,False,0
6528,11,0,0,11,11,0,0,0,True,False,0
6529,11,0,0,11,11,0,0,0,True,False,0
6530,9,0,0,9,9,0,0,0,True,False,0
6531,12,0,0,12,12,0,0,0,True,False,0
6532,11,0,0,11,11,0,0,0,True,False,0
6533,10,0,0,10,10,0,0,0,True,False,0
6534,11,0,0,11,11,0,0,0,True,False,0
6535,7,7,7,7,7,0,0,0,True,False,0
6536,5,0,0,5,5,0,0,0,True,False,0
6537,9,0,0,9,9,0,0,0,True,False,0
6538,11,0,0,11,11,0,0,0,True,False,0
6539,0,119,0,0,0,0,0,0,True,False,0
6540,0,0,0,0,0,0,0,0,True,False,0
6541,90,0,0,90,90,0,0,0,True,False,0
6542,48,0,0,48,48,0,0,0,True,False,0
6543,73,0,0,73,73,0,0,0,True,False,0
6544,10,0,0,10,10,0,0,0,True,False,0
6545,11,0,0,11,11,0,0,0,True,False,0
6546,12,0,0,12,12,0,0,0,True,False,0
6547,14,0,0,14,14,0,0,0,True,False,0
6548,13,0,0,13,13,0,0,0,True,False,0
6549,9,1,1,9,9,0,0,0,True,False,0
6550,8,0,0,8,8,0,0,0,True,False,0
6551,7,0,0,7,7,0,0,0,True,False,0
6552,8,0,0,8,8,0,0,0,True,False,0
6553,9,1,1,9,9,0,0,0,True,False,0
6554,8,1,1,8,8,0,0,0,True,False,0
6555,7,0,0,7,7,0,0,0,True,False,0
6556,8,0,0,8,8,0,0,0,True,False,0
6557,9,0,0,9,9,0,0,0,True,False,0
6558,7,0,0,7,7,0,0,0,True,False,0
6559,8,0,0,8,8,0,0,0,True,False,0
6560,7,0,0,7,7,0,0,0,True,False,0
6561,7,0,0,7,7,0,0,0,True,False,0
6562,6,0,0,6,6,0,0,0,True,False,0
6563,7,0,0,7,7,0,0,0,True,False,0
6564,9,0,0,9,9,0,0,0,True,False,0
6565,14,0,0,14,14,0,0,0,True,False,0
6566,13,0,0,13,13,0,0,0,True,False,0
6567,14,0,0,14,14,0,0,0,True,False,0
6568,13,0,0,13,13,0,0,0,True,False,0
6569,12,0,0,12,12,0,0,0,True,False,0
6570,13,0,0,13,13,0,0,0,True,False,0
6571,15,0,0,15,15,0,0,0,True,False,0
6572,13,0,0,13,13,0,0,0,True,False,0
6573,4,0,0,4,4,0,0,0,True,False,0
6574,12,0,0,12,12,0,0,0,True,False,0
6575,4,0,0,4,4,0,0,0,True,False,0
6576,4,0,0,4,4,0,0,0,True,False,0
6577,4,0,0,4,4,0,0,0,True,False,0
6578,4,0,0,4,4,0,0,0,True,False,0
6579,6,0,0,6,6,0,0,0,True,False,0
6580,4,0,0,4,4,0,0,0,True,False,0
6581,13,0,0,13,13,0,0,0,True,False,0
6582,11,0,0,11,11,0,0,0,True,False,0
6583,12,0,0,12,12,0,0,0,True,False,0
6584,10,0,0,10,10,0,0,0,True,False,0
6585,12,0,0,12,12,0,0,0,True,False,0
6586,13,0,0,13,13,0,0,0,True,False,0
6587,12,0,0,12,12,0,0,0,True,False,0
6588,13,0,0,13,13,0,0,0,True,False,0
6589,11,0,0,11,11,0,0,0,True,False,0
6590,8,0,0,8,8,0,0,0,True,False,0
6591,11,0,0,11,11,0,0,0,True,False,0
6592,8,0,0,8,8,0,0,0,True,False,0
6593,9,0,0,9,9,0,0,0,True,False,0
6594,11,0,0,11,11,0,0,0,True,False,0
6595,11,0,0,11,11,0,0,0,True,False,0
6596,13,0,0,13,13,0,0,0,True,False,0
6597,11,0,0,11,11,0,0,0,True,False,0
6598,8,8,8,8,8,0,0,0,True,False,0
6599,5,0,0,5,5,0,0,0,True,False,0
6600,11,0,0,11,11,0,0,0,True,False,0
6601,10,0,0,10,10,0,0,0,True,False,0
6602,0,122,0,0,0,0,0,0,True,False,0
6603,0,0,0,0,0,0,0,0,True,False,0
6604,91,0,0,91,91,0,0,0,True,False,0
6605,45,0,0,45,45,0,0,0,True,False,0
6606,73,0,0,73,73,0,0,0,True,False,0
6607,11,0,0,11,11,0,0,0,True,False,0
6608,11,0,0,11,11,0,0,0,True,False,0
6609,11,0,0,11,11,0,0,0,True,False,0
6610,10,0,0,10,10,0,0,0,True,False,0
6611,11,0,0,11,11,0,0,0,True,False,0
6612,7,0,0,7,7,0,0,0,True,False,0
6613,8,0,0,8,8,0,0,0,True,False,0
6614,9,0,0,9,9,0,0,0,True,False,0
6615,8,0,0,8,8,0,0,0,True,False,0
6616,6,0,0,6,6,0,0,0,True,False,0
6617,5,0,0,5,5,0,0,0,True,False,0
6618,7,0,0,7,7,0,0,0,True,False,0
6619,8,0,0,8,8,0,0,0,True,False,0
6620,7,0,0,7,7,0,0,0,True,False,0
6621,5,0,0,5,5,0,0,0,True,False,0
6622,6,0,0,6,6,0,0,0,True,False,0
6623,8,0,0,8,8,0,0,0,True,False,0
6624,8,0,0,8,8,0,0,0,True,False,0
6625,6,0,0,6,6,0,0,0,True,False,0
6626,8,0,0,8,8,0,0,0,True,False,0
6627,6,0,0,6,6,0,0,0,True,False,0
6628,13,0,0,13,13,0,0,0,True,False,0
6629,15,0,0,15,15,0,0,0,True,False,0
6630,11,0,0,11,11,0,0,0,True,False,0
6631,14,0,0,14,14,0,0,0,True,False,0
6632,13,0,0,13,13,0,0,0,True,False,0
6633,12,0,0,12,12,0,0,0,True,False,0
6634,14,0,0,14,14,0,0,0,True,False,0
6635,16,0,0,16,16,0,0,0,True,False,0
6636,4,0,0,4,4,0,0,0,True,False,0
6637,12,0,0,12,12,0,0,0,True,False,0
6638,4,0,0,4,4,0,0,0,True,False,0
6639,4,0,0,4,4,0,0,0,True,False,0
6640,4,0,0,4,4,0,0,0,True,False,0
6641,4,0,0,4,4,0,0,0,True,False,0
6642,6,0,0,6,6,0,0,0,True,False,0
6643,4,0,0,4,4,0,0,0,True,False,0
6644,8,0,0,8,8,0,0,0,True,False,0
6645,8,0,0,8,8,0,0,0,True,False,0
6646,9,0,0,9,9,0,0,0,True,False,0
6647,12,0,0,12,12,0,0,0,True,False,0
6648,7,0,0,7,7,0,0,0,True,False,0
6649,13,0,0,13,13,0,0,0,True,False,0
6650,12,0,0,12,12,0,0,0,True,False,0
6651,15,0,0,15,15,0,0,0,True,False,0
6652,11,0,0,11,11,0,0,0,True,False,0
6653,11,0,0,11,11,0,0,0,True,False,0
6654,9,0,0,9,9,0,0,0,True,False,0
6655,13,0,0,13,13,0,0,0,True,False,0
6656,12,0,0,12,12,0,0,0,True,False,0
6657,11,0,0,11,11,0,0,0,True,False,0
6658,11,0,0,11,11,0,0,0,True,False,0
6659,10,0,0,10,10,0,0,0,True,False,0
6660,12,0,0,12,12,0,0,0,True,False,0
6661,7,7,7,7,7,0,0,0,True,False,0
6662,5,0,0,5,5,0,0,0,True,False,0
6663,10,0,0,10,10,0,0,0,True,False,0
6664,11,0,0,11,11,0,0,0,True,False,0
6665,0,121,0,0,0,0,0,0,True,False,0
6666,0,0,0,0,0,0,0,0,True,False,0
6667,88,0,0,88,88,0,0,0,True,False,0
6668,49,0,0,49,49,0,0,0,True,False,0
6669,68,0,0,68,68,0,0,0,True,False,0
6670,11,0,0,11,11,0,0,0,True,False,0
6671,10,0,0,10,10,0,0,0,True,False,0
6672,9,0,0,9,9,0,0,0,True,False,0
6673,9,0,0,9,9,0,0,0,True,False,0
6674,12,0,0,12,12,0,0,0,True,False,0
6675,7,0,0,7,7,0,0,0,True,False,0
6676,8,0,0,8,8,0,0,0,True,False,0
6677,6,0,0,6,6,0,0,0,True,False,0
6678,7,0,0,7,7,0,0,0,True,False,0
6679,7,0,0,7,7,0,0,0,True,False,0
6680,9,0,0,9,9,0,0,0,True,False,0
6681,7,0,0,7,7,0,0,0,True,False,0
6682,8,0,0,8,8,0,0,0,True,False,0
6683,6,0,0,6,6,0,0,0,True,False,0
6684,8,0,0,8,8,0,0,0,True,False,0
6685,5,0,0,5,5,0,0,0,True,False,0
6686,6,0,0,6,6,0,0,0,True,False,0
6687,6,0,0,6,6,0,0,0,True,False,0
6688,6,0,0,6,6,0,0,0,True,False,0
6689,10,0,0,10,10,0,0,0,True,False,0
6690,8,0,0,8,8,0,0,0,True,False,0
6691,14,0,0,14,14,0,0,0,True,False,0
6692,15,0,0,15,15,0,0,0,True,False,0
6693,11,0,0,11,11,0,0,0,True,False,0
6694,13,0,0,13,13,0,0,0,True,False,0
6695,15,0,0,15,15,0,0,0,True,False,0
6696,15,0,0,15,15,0,0,0,True,False,0
6697,12,0,0,12,12,0,0,0,True,False,0
6698,13,0,0,13,13,0,0,0,True,False,0
6699,4,0,0,4,4,0,0,0,True,False,0
6700,12,0,0,12,12,0,0,0,True,False,0
6701,4,0,0,4,4,0,0,0,True,False,0
6702,4,0,0,4,4,0,0,0,True,False,0
6703,4,0,0,4,4,0,0,0,True,False,0
6704,4,0,0,4,4,0,0,0,True,False,0
6705,6,0,0,6,6,0,0,0,True,False,0
6706,4,0,0,4,4,0,0,0,True,False,0
6707,6,0,0,6,6,0,0,0,True,False,0
6708,10,0,0,10,10,0,0,0,True,False,0
6709,7,0,0,7,7,0,0,0,True,False,0
6710,9,0,0,9,9,0,0,0,True,False,0
6711,20,0,0,20,20,0,0,0,True,False,0
6712,10,0,0,10,10,0,0,0,True,False,0
6713,13,0,0,13,13,0,0,0,True,False,0
6714,15,0,0,15,15,0,0,0,True,False,0
6715,11,0,0,11,11,0,0,0,True,False,0
6716,12,0,0,12,12,0,0,0,True,False,0
6717,10,0,0,10,10,0,0,0,True,False,0
6718,11,0,0,11,11,0,0,0,True,False,0
6719,9,0,0,9,9,0,0,0,True,False,0
6720,11,0,0,11,11,0,0,0,True,False,0
6721,9,0,0,9,9,0,0,0,True,False,0
6722,11,0,0,11,11,0,0,0,True,False,0
6723,12,1,1,12,12,0,0,0,True,False,0
6724,8,8,8,8,8,0,0,0,True,False,0
6725,5,0,0,5,5,0,0,0,True,False,0
6726,10,1,1,10,10,0,0,0,True,False,0
6727,12,1,1,12,12,0,0,0,True,False,0
6728,0,127,0,0,0,0,0,0,True,False,0
6729,0,0,0,0,0,0,0,0,True,False,0
6730,85,0,0,85,85,0,0,0,True,False,0
6731,49,0,0,49,49,0,0,0,True,False,0
6732,72,0,0,72,72,0,0,0,True,False,0
6733,10,1,1,10,10,0,0,0,True,False,0
6734,10,1,1,10,10,0,0,0,True,False,0
6735,12,1,1,12,12,0,0,0,True,False,0
6736,11,1,1,11,11,0,0,0,True,False,0
6737,11,1,1,11,11,0,0,0,True,False,0
6738,6,0,0,6,6,0,0,0,True,False,0
6739,8,0,0,8,8,0,0,0,True,False,0
6740,8,0,0,8,8,0,0,0,True,False,0
6741,8,0,0,8,8,0,0,0,True,False,0
6742,9,0,0,9,9,0,0,0,True,False,0
6743,8,0,0,8,8,0,0,0,True,False,0
6744,6,0,0,6,6,0,0,0,True,False,0
6745,7,0,0,7,7,0,0,0,True,False,0
6746,6,0,0,6,6,0,0,0,True,False,0
6747,6,0,0,6,6,0,0,0,True,False,0
6748,8,0,0,8,8,0,0,0,True,False,0
6749,7,0,0,7,7,0,0,0,True,False,0
6750,6,0,0,6,6,0,0,0,True,False,0
6751,6,0,0,6,6,0,0,0,True,False,0
6752,8,0,0,8,8,0,0,0,True,False,0
6753,8,0,0,8,8,0,0,0,True,False,0
6754,15,0,0,15,15,0,0,0,True,False,0
6755,14,0,0,14,14,0,0,0,True,False,0
6756,14,0,0,14,14,0,0,0,True,False,0
6757,12,0,0,12,12,0,0,0,True,False,0
6758,13,0,0,13,13,0,0,0,True,False,0
6759,13,0,0,13,13,0,0,0,True,False,0
6760,12,0,0,12,12,0,0,0,True,False,0
6761,13,0,0,13,13,0,0,0,True,False,0
6762,4,0,0,4,4,0,0,0,True,False,0
6763,12,0,0,12,12,0,0,0,True,False,0
6764,4,0,0,4,4,0,0,0,True,False,0
6765,4,0,0,4,4,0,0,0,True,False,0
6766,4,0,0,4,4,0,0,0,True,False,0
6767,4,0,0,4,4,0,0,0,True,False,0
6768,6,0,0,6,6,0,0,0,True,False,0
6769,4,0,0,4,4,0,0,0,True,False,0
6770,8,0,0,8,8,0,0,0,True,False,0
6771,11,0,0,11,11,0,0,0,True,False,0
6772,13,0,0,13,13,0,0,0,True,False,0
6773,4,0,0,4,4,0,0,0,True,False,0
6774,4,0,0,4,4,0,0,0,True,False,0
6775,10,0,0,10,10,0,0,0,True,False,0
6776,13,0,0,13,13,0,0,0,True,False,0
6777,7,0,0,7,7,0,0,0,True,False,0
6778,11,0,0,11,11,0,0,0,True,False,0
6779,11,0,0,11,11,0,0,0,True,False,0
6780,10,0,0,10,10,0,0,0,True,False,0
6781,12,0,0,12,12,0,0,0,True,False,0
6782,10,0,0,10,10,0,0,0,True,False,0
6783,11,0,0,11,11,0,0,0,True,False,0
6784,12,0,0,12,12,0,0,0,True,False,0
6785,10,0,0,10,10,0,0,0,True,False,0
6786,8,0,0,8,8,0,0,0,True,False,0
6787,8,8,8,8,8,0,0,0,True,False,0
6788,5,0,0,5,5,0,0,0,True,False,0
6789,9,0,0,9,9,0,0,0,True,False,0
6790,10,0,0,10,10,0,0,0,True,False,0
6791,10,125,10,10,10,0,0,0,True,False,0
6792,200,0,0,200,200,0,0,0,True,False,0
6793,100,0,0,100,100,0,0,0,True,False,0
6794,49,0,0,49,49,0,0,0,True,False,0
6795,74,0,0,74,74,0,0,0,True,False,0
6796,8,0,0,8,8,0,0,0,True,False,0
6797,8,0,0,8,8,0,0,0,True,False,0
6798,9,0,0,9,9,0,0,0,True,False,0
6799,9,0,0,9,9,0,0,0,True,False,0
6800,8,0,0,8,8,0,0,0,True,False,0
6801,8,0,0,8,8,0,0,0,True,False,0
6802,9,0,0,9,9,0,0,0,True,False,0
6803,8,0,0,8,8,0,0,0,True,False,0
6804,7,0,0,7,7,0,0,0,True,False,0
6805,8,0,0,8,8,0,0,0,True,False,0
6806,9,0,0,9,9,0,0,0,True,False,0
6807,8,0,0,8,8,0,0,0,True,False,0
6808,8,0,0,8,8,0,0,0,True,False,0
6809,6,0,0,6,6,0,0,0,True,False,0
6810,7,0,0,7,7,0,0,0,True,False,0
6811,6,0,0,6,6,0,0,0,True,False,0
6812,8,0,0,8,8,0,0,0,True,False,0
6813,7,0,0,7,7,0,0,0,True,False,0
6814,9,0,0,9,9,0,0,0,True,False,0
6815,6,0,0,6,6,0,0,0,True,False,0
6816,7,0,0,7,7,0,0,0,True,False,0
6817,13,0,0,13,13,0,0,0,True,False,0
6818,12,0,0,12,12,0,0,0,True,False,0
6819,13,0,0,13,13,0,0,0,True,False,0
6820,14,0,0,14,14,0,0,0,True,False,0
6821,12,0,0,12,12,0,0,0,True,False,0
6822,12,0,0,12,12,0,0,0,True,False,0
6823,13,0,0,13,13,0,0,0,True,False,0
6824,14,0,0,14,14,0,0,0,True,False,0
6825,4,0,0,4,4,0,0,0,True,False,0
6826,12,0,0,12,12,0,0,0,True,False,0
6827,4,0,0,4,4,0,0,0,True,False,0
6828,4,0,0,4,4,0,0,0,True,False,0
6829,4,0,0,4,4,0,0,0,True,False,0
6830,4,0,0,4,4,0,0,0,True,False,0
6831,6,0,0,6,6,0,0,0,True,False,0
6832,4,0,0,4,4,0,0,0,True,False,0
6833,12,0,0,12,12,0,0,0,True,False,0
6834,13,0,0,13,13,0,0,0,True,False,0
6835,13,0,0,13,13,0,0,0,True,False,0
6836,6,0,0,6,6,0,0,0,True,False,0
6837,9,0,0,9,9,0,0,0,True,False,0
6838,10,0,0,10,10,0,0,0,True,False,0
6839,14,0,0,14,14,0,0,0,True,False,0
6840,13,0,0,13,13,0,0,0,True,False,0
6841,7,0,0,7,7,0,0,0,True,False,0
6842,11,0,0,11,11,0,0,0,True,False,0
6843,12,0,0,12,12,0,0,0,True,False,0
6844,11,0,0,11,11,0,0,0,True,False,0
6845,9,0,0,9,9,0,0,0,True,False,0
6846,9,0,0,9,9,0,0,0,True,False,0
6847,11,0,0,11,11,0,0,0,True,False,0
6848,9,0,0,9,9,0,0,0,True,False,0
6849,9,0,0,9,9,0,0,0,True,False,0
6850,7,7,7,7,7,0,0,0,True,False,0
6851,5,0,0,5,5,0,0,0,True,False,0
6852,8,0,0,8,8,0,0,0,True,False,0
6853,7,0,0,7,7,0,0,0,True,False,0
6854,0,122,0,0,0,0,0,0,True,False,0
6855,0,0,0,0,0,0,0,0,True,False,0
6856,89,0,0,89,89,0,0,0,True,False,0
6857,50,0,0,50,50,0,0,0,True,False,0
6858,75,0,0,75,75,0,0,0,True,False,0
6859,9,0,0,9,9,0,0,0,True,False,0
6860,9,0,0,9,9,0,0,0,True,False,0
6861,8,0,0,8,8,0,0,0,True,False,0
6862,9,0,0,9,9,0,0,0,True,False,0
6863,10,0,0,10,10,0,0,0,True,False,0
6864,7,0,0,7,7,0,0,0,True,False,0
6865,8,0,0,8,8,0,0,0,True,False,0
6866,8,0,0,8,8,0,0,0,True,False,0
6867,6,0,0,6,6,0,0,0,True,False,0
6868,7,0,0,7,7,0,0,0,True,False,0
6869,8,0,0,8,8,0,0,0,True,False,0
6870,7,0,0,7,7,0,0,0,True,False,0
6871,7,0,0,7,7,0,0,0,True,False,0
6872,6,0,0,6,6,0,0,0,True,False,0
6873,9,0,0,9,9,0,0,0,True,False,0
6874,8,0,0,8,8,0,0,0,True,False,0
6875,6,0,0,6,6,0,0,0,True,False,0
6876,7,0,0,7,7,0,0,0,True,False,0
6877,9,0,0,9,9,0,0,0,True,False,0
6878,8,0,0,8,8,0,0,0,True,False,0
6879,6,0,0,6,6,0,0,0,True,False,0
6880,16,0,0,16,16,0,0,0,True,False,0
6881,13,0,0,13,13,0,0,0,True,False,0
6882,12,0,0,12,12,0,0,0,True,False,0
6883,14,0,0,14,14,0,0,0,True,False,0
6884,13,0,0,13,13,0,0,0,True,False,0
6885,15,0,0,15,15,0,0,0,True,False,0
6886,11,0,0,11,11,0,0,0,True,False,0
6887,13,0,0,13,13,0,0,0,True,False,0
6888,4,0,0,4,4,0,0,0,True,False,0
6889,12,0,0,12,12,0,0,0,True,False,0
6890,4,0,0,4,4,0,0,0,True,False,0
6891,4,0,0,4,4,0,0,0,True,False,0
6892,4,0,0,4,4,0,0,0,True,False,0
6893,4,0,0,4,4,0,0,0,True,False,0
6894,6,0,0,6,6,0,0,0,True,False,0
6895,4,0,0,4,4,0,0,0,True,False,0
6896,12,0,0,12,12,0,0,0,True,False,0
6897,9,0,0,9,9,0,0,0,True,False,0
6898,9,0,0,9,9,0,0,0,True,False,0
6899,11,0,0,11,11,0,0,0,True,False,0
6900,16,0,0,16,16,0,0,0,True,False,0
6901,3,0,0,3,3,0,0,0,True,False,0
6902,5,0,0,5,5,0,0,0,True,False,0
6903,7,0,0,7,7,0,0,0,True,False,0
6904,11,0,0,11,11,0,0,0,True,False,0
6905,10,0,0,10,10,0,0,0,True,False,0
6906,10,0,0,10,10,0,0,0,True,False,0
6907,14,0,0,14,14,0,0,0,True,False,0
6908,11,0,0,11,11,0,0,0,True,False,0
6909,11,0,0,11,11,0,0,0,True,False,0
6910,11,0,0,11,11,0,0,0,True,False,0
6911,13,0,0,13,13,0,0,0,True,False,0
6912,9,0,0,9,9,0,0,0,True,False,0
6913,8,8,8,8,8,0,0,0,True,False,0
6914,5,0,0,5,5,0,0,0,True,False,0
6915,8,0,0,8,8,0,0,0,True,False,0
6916,10,0,0,10,10,0,0,0,True,False,0
6917,0,116,0,0,0,0,0,0,True,False,0
6918,0,0,0,0,0,0,0,0,True,False,0
6919,93,0,0,93,93,0,0,0,True,False,0
6920,46,0,0,46,46,0,0,0,True,False,0
6921,75,0,0,75,75,0,0,0,True,False,0
6922,8,0,0,8,8,0,0,0,True,False,0
6923,10,0,0,10,10,0,0,0,True,False,0
6924,7,0,0,7,7,0,0,0,True,False,0
6925,10,0,0,10,10,0,0,0,True,False,0
6926,8,0,0,8,8,0,0,0,True,False,0
6927,8,0,0,8,8,0,0,0,True,False,0
6928,7,0,0,7,7,0,0,0,True,False,0
6929,8,0,0,8,8,0,0,0,True,False,0
6930,8,0,0,8,8,0,0,0,True,False,0
6931,8,0,0,8,8,0,0,0,True,False,0
6932,7,0,0,7,7,0,0,0,True,False,0
6933,7,0,0,7,7,0,0,0,True,False,0
6934,7,0,0,7,7,0,0,0,True,False,0
6935,5,0,0,5,5,0,0,0,True,False,0
6936,6,0,0,6,6,0,0,0,True,False,0
6937,8,0,0,8,8,0,0,0,True,False,0
6938,5,0,0,5,5,0,0,0,True,False,0
6939,10,0,0,10,10,0,0,0,True,False,0
6940,9,0,0,9,9,0,0,0,True,False,0
6941,8,0,0,8,8,0,0,0,True,False,0
6942,7,0,0,7,7,0,0,0,True,False,0
6943,11,0,0,11,11,0,0,0,True,False,0
6944,12,0,0,12,12,0,0,0,True,False,0
6945,12,0,0,12,12,0,0,0,True,False,0
6946,13,0,0,13,13,0,0,0,True,False,0
6947,12,0,0,12,12,0,0,0,True,False,0
6948,16,0,0,16,16,0,0,0,True,False,0
6949,12,0,0,12,12,0,0,0,True,False,0
6950,12,0,0,12,12,0,0,0,True,False,0
6951,4,0,0,4,4,0,0,0,True,False,0
6952,12,0,0,12,12,0,0,0,True,False,0
6953,4,0,0,4,4,0,0,0,True,False,0
6954,4,0,0,4,4,0,0,0,True,False,0
6955,4,0,0,4,4,0,0,0,True,False,0
6956,4,0,0,4,4,0,0,0,True,False,0
6957,6,0,0,6,6,0,0,0,True,False,0
6958,4,0,0,4,4,0,0,0,True,False,0
6959,6,0,0,6,6,0,0,0,True,False,0
6960,12,0,0,12,12,0,0,0,True,False,0
6961,14,0,0,14,14,0,0,0,True,False,0
6962,9,0,0,9,9,0,0,0,True,False,0
6963,9,0,0,9,9,0,0,0,True,False,0
6964,15,0,0,15,15,0,0,0,True,False,0
6965,6,0,0,6,6,0,0,0,True,False,0
6966,6,0,0,6,6,0,0,0,True,False,0
6967,11,0,0,11,11,0,0,0,True,False,0
6968,9,0,0,9,9,0,0,0,True,False,0
6969,12,0,0,12,12,0,0,0,True,False,0
6970,10,0,0,10,10,0,0,0,True,False,0
6971,9,0,0,9,9,0,0,0,True,False,0
6972,10,0,0,10,10,0,0,0,True,False,0
6973,10,0,0,10,10,0,0,0,True,False,0
6974,12,0,0,12,12,0,0,0,True,False,0
6975,7,0,0,7,7,0,0,0,True,False,0
6976,7,7,7,7,7,0,0,0,True,False,0
6977,5,0,0,5,5,0,0,0,True,False,0
6978,11,0,0,11,11,0,0,0,True,False,0
6979,9,0,0,9,9,0,0,0,True,False,0
6980,0,118,0,0,0,0,0,0,True,False,0
6981,0,0,0,0,0,0,0,0,True,False,0
6982,91,0,0,91,91,0,0,0,True,False,0
6983,49,0,0,49,49,0,0,0,True,False,0
6984,74,0,0,74,74,0,0,0,True,False,0
6985,9,0,0,9,9,0,0,0,True,False,0
6986,7,0,0,7,7,0,0,0,True,False,0
6987,7,0,0,7,7,0,0,0,True,False,0
6988,8,0,0,8,8,0,0,0,True,False,0
6989,9,0,0,9,9,0,0,0,True,False,0
6990,7,0,0,7,7,0,0,0,True,False,0
6991,8,0,0,8,8,0,0,0,True,False,0
6992,8,0,0,8,8,0,0,0,True,False,0
6993,8,0,0,8,8,0,0,0,True,False,0
6994,10,0,0,10,10,0,0,0,True,False,0
6995,7,0,0,7,7,0,0,0,True,False,0
6996,7,0,0,7,7,0,0,0,True,False,0
6997,6,0,0,6,6,0,0,0,True,False,0
6998,7,0,0,7,7,0,0,0,True,False,0
6999,7,0,0,7,7,0,0,0,True,False,0
7000,8,0,0,8,8,0,0,0,True,False,0
7001,7,0,0,7,7,0,0,0,True,False,0
7002,6,0,0,6,6,0,0,0,True,False,0
7003,7,0,0,7,7,0,0,0,True,False,0
7004,8,0,0,8,8,0,0,0,True,False,0
7005,8,0,0,8,8,0,0,0,True,False,0
7006,13,0,0,13,13,0,0,0,True,False,0
7007,14,0,0,14,14,0,0,0,True,False,0
7008,13,0,0,13,13,0,0,0,True,False,0
7009,15,0,0,15,15,0,0,0,True,False,0
7010,14,0,0,14,14,0,0,0,True,False,0
7011,13,0,0,13,13,0,0,0,True,False,0
7012,14,0,0,14,14,0,0,0,True,False,0
7013,13,0,0,13,13,0,0,0,True,False,0
7014,4,0,0,4,4,0,0,0,True,False,0
7015,12,0,0,12,12,0,0,0,True,False,0
7016,4,0,0,4,4,0,0,0,True,False,0
7017,4,0,0,4,4,0,0,0,True,False,0
7018,4,0,0,4,4,0,0,0,True,False,0
7019,4,0,0,4,4,0,0,0,True,False,0
7020,6,0,0,6,6,0,0,0,True,False,0
7021,4,0,0,4,4,0,0,0,True,False,0
7022,8,0,0,8,8,0,0,0,True,False,0
7023,9,0,0,9,9,0,0,0,True,False,0
7024,12,0,0,12,12,0,0,0,True,False,0
7025,4,0,0,4,4,0,0,0,True,False,0
7026,4,0,0,4,4,0,0,0,True,False,0
7027,5,0,0,5,5,0,0,0,True,False,0
7028,6,0,0,6,6,0,0,0,True,False,0
7029,10,0,0,10,10,0,0,0,True,False,0
7030,1,0,0,1,1,0,0,0,True,True,0
7031,10,0,0,10,10,0,0,0,True,False,0
7032,10,0,0,10,10,0,0,0,True,False,0
7033,10,0,0,10,10,0,0,0,True,False,0
7034,11,0,0,11,11,0,0,0,True,False,0
7035,11,0,0,11,11,0,0,0,True,False,0
7036,10,0,0,10,10,0,0,0,True,False,0
7037,11,0,0,11,11,0,0,0,True,False,0
7038,12,0,0,12,12,0,0,0,True,False,0
7039,9,0,0,9,9,0,0,0,True,False,0
7040,8,8,8,8,8,0,0,0,True,False,0
7041,5,0,0,5,5,0,0,0,True,False,0
7042,7,0,0,7,7,0,0,0,True,False,0
7043,6,0,0,6,6,0,0,0,True,False,0
7044,0,120,0,0,0,0,0,0,True,False,0
7045,0,0,0,0,0,0,0,0,True,False,0
7046,92,0,0,92,92,0,0,0,True,False,0
7047,49,0,0,49,49,0,0,0,True,False,0
7048,72,0,0,72,72,0,0,0,True,False,0
7049,8,0,0,8,8,0,0,0,True,False,0
7050,8,0,0,8,8,0,0,0,True,False,0
7051,10,0,0,10,10,0,0,0,True,False,0
7052,8,0,0,8,8,0,0,0,True,False,0
7053,9,0,0,9,9,0,0,0,True,False,0
7054,8,0,0,8,8,0,0,0,True,False,0
7055,7,0,0,7,7,0,0,0,True,False,0
7056,6,0,0,6,6,0,0,0,True,False,0
7057,8,0,0,8,8,0,0,0,True,False,0
7058,7,0,0,7,7,0,0,0,True,False,0
7059,8,0,0,8,8,0,0,0,True,False,0
7060,7,0,0,7,7,0,0,0,True,False,0
7061,8,0,0,8,8,0,0,0,True,False,0
7062,7,0,0,7,7,0,0,0,True,False,0
7063,7,0,0,7,7,0,0,0,True,False,0
7064,9,0,0,9,9,0,0,0,True,False,0
7065,7,0,0,7,7,0,0,0,True,False,0
7066,6,0,0,6,6,0,0,0,True,False,0
7067,6,0,0,6,6,0,0,0,True,False,0
7068,7,0,0,7,7,0,0,0,True,False,0
7069,7,0,0,7,7,0,0,0,True,False,0
7070,13,0,0,13,13,0,0,0,True,False,0
7071,11,0,0,11,11,0,0,0,True,False,0
7072,16,0,0,16,16,0,0,0,True,False,0
7073,12,0,0,12,12,0,0,0,True,False,0
7074,15,0,0,15,15,0,0,0,True,False,0
7075,13,0,0,13,13,0,0,0,True,False,0
7076,12,0,0,12,12,0,0,0,True,False,0
7077,13,0,0,13,13,0,0,0,True,False,0
7078,4,0,0,4,4,0,0,0,True,False,0
7079,12,0,0,12,12,0,0,0,True,False,0
7080,4,0,0,4,4,0,0,0,True,False,0
7081,4,0,0,4,4,0,0,0,True,False,0
7082,4,0,0,4,4,0,0,0,True,False,0
7083,4,0,0,4,4,0,0,0,True,False,0
7084,6,0,0,6,6,0,0,0,True,False,0
7085,4,0,0,4,4,0,0,0,True,False,0
7086,14,0,0,14,14,0,0,0,True,False,0
7087,13,0,0,13,13,0,0,0,True,False,0
7088,7,0,0,7,7,0,0,0,True,False,0
7089,12,0,0,12,12,0,0,0,True,False,0
7090,9,0,0,9,9,0,0,0,True,False,0
7091,8,0,0,8,8,0,0,0,True,False,0
7092,15,0,0,15,15,0,0,0,True,False,0
7093,13,0,0,13,13,0,0,0,True,False,0
7094,1,0,0,1,1,0,0,0,True,True,0
7095,1,0,0,1,1,0,0,0,True,True,0
7096,1,0,0,1,1,0,0,0,True,True,0
7097,1,0,0,1,1,0,0,0,True,True,0
7098,1,0,0,1,1,0,0,0,True,True,0
7099,1,0,0,1,1,0,0,0,True,True,0
7100,5,0,0,5,5,0,0,0,True,False,0
7101,7,0,0,7,7,0,0,0,True,False,0
7102,4,0,0,4,4,0,0,0,True,False,0
7103,7,0,0,7,7,0,0,0,True,False,0
7104,6,0,0,6,6,0,0,0,True,False,0
7105,6,0,0,6,6,0,0,0,True,False,0
7106,7,0,0,7,7,0,0,0,True,False,0
7107,6,0,0,6,6,0,0,0,True,False,0
7108,5,0,0,5,5,0,0,0,True,False,0
7109,4,4,4,4,4,0,0,0,True,False,0
7110,3,0,0,3,3,0,0,0,True,False,0
7111,4,0,0,4,4,0,0,0,True,False,0
7112,5,0,0,5,5,0,0,0,True,False,0
7113,0,63,0,0,0,0,0,0,True,False,0
7114,0,0,0,0,0,0,0,0,True,False,0
7115,50,0,0,50,50,0,0,0,True,False,0
7116,28,0,0,28,28,0,0,0,True,False,0
7117,39,0,0,39,39,0,0,0,True,False,0
7118,6,0,0,6,6,0,0,0,True,False,0
7119,5,0,0,5,5,0,0,0,True,False,0
7120,4,0,0,4,4,0,0,0,True,False,0
7121,4,0,0,4,4,0,0,0,True,False,0
7122,4,0,0,4,4,0,0,0,True,False,0
7123,4,0,0,4,4,0,0,0,True,False,0
7124,4,0,0,4,4,0,0,0,True,False,0
7125,4,0,0,4,4,0,0,0,True,False,0
7126,5,0,0,5,5,0,0,0,True,False,0
7127,5,0,0,5,5,0,0,0,True,False,0
7128,5,0,0,5,5,0,0,0,True,False,0
7129,3,0,0,3,3,0,0,0,True,False,0
7130,4,0,0,4,4,0,0,0,True,False,0
7131,4,0,0,4,4,0,0,0,True,False,0
7132,6,0,0,6,6,0,0,0,True,False,0
7133,4,0,0,4,4,0,0,0,True,False,0
7134,5,0,0,5,5,0,0,0,True,False,0
7135,4,0,0,4,4,0,0,0,True,False,0
7136,4,0,0,4,4,0,0,0,True,False,0
7137,3,0,0,3,3,0,0,0,True,False,0
7138,4,0,0,4,4,0,0,0,True,False,0
7139,8,0,0,8,8,0,0,0,True,False,0
7140,7,0,0,7,7,0,0,0,True,False,0
7141,6,0,0,6,6,0,0,0,True,False,0
7142,8,0,0,8,8,0,0,0,True,False,0
7143,7,0,0,7,7,0,0,0,True,False,0
7144,7,0,0,7,7,0,0,0,True,False,0
7145,7,0,0,7,7,0,0,0,True,False,0
7146,7,0,0,7,7,0,0,0,True,False,0
7147,3,0,0,3,3,0,0,0,True,False,0
7148,7,0,0,7,7,0,0,0,True,False,0
7149,2,0,0,2,2,0,0,0,True,True,0
7150,2,0,0,2,2,0,0,0,True,True,0
7151,2,0,0,2,2,0,0,0,True,True,0
7152,2,0,0,2,2,0,0,0,True,True,0
7153,4,0,0,4,4,0,0,0,True,False,0
7154,3,0,0,3,3,0,0,0,True,False,0
7155,8,0,0,8,8,0,0,0,True,False,0
7156,7,0,0,7,7,0,0,0,True,False,0
7157,9,0,0,9,9,0,0,0,True,False,0
7158,12,0,0,12,12,0,0,0,True,False,0
7159,3,0,0,3,3,0,0,0,True,False,0
7160,6,0,0,6,6,0,0,0,True,False,0
7161,4,0,0,4,4,0,0,0,True,False,0
7162,9,0,0,9,9,0,0,0,True,False,0
7163,1,0,0,1,1,0,0,0,True,True,0
7164,5,0,0,5,5,0,0,0,False,False,0
7165,4,0,0,4,4,0,0,0,False,False,0
7166,5,0,0,5,5,0,0,0,False,False,0
7167,5,0,0,5,5,0,0,0,False,False,0
7168,6,0,0,6,6,0,0,0,False,False,0
7169,6,0,0,6,6,0,0,0,False,False,0
7170,4,0,0,4,4,0,0,0,False,False,0
7171,6,0,0,6,6,0,0,0,False,False,0
7172,5,0,0,5,5,0,0,0,False,False,0
7173,4,3,3,4,4,0,0,0,False,False,0
7174,3,0,0,3,3,0,0,0,False,False,0
7175,5,0,0,5,5,0,0,0,False,False,0
7176,4,0,0,4,4,0,0,0,False,False,0
7177,11,45,10,11,11,0,0,0,False,False,0
7178,200,0,0,200,200,0,0,0,False,False,0
7179,34,0,0,34,34,0,0,0,False,False,0
7180,16,0,0,16,16,0,0,0,False,False,0
7181,28,0,0,28,28,0,0,0,False,False,0
7182,5,0,0,5,5,0,0,0,False,False,0
7183,5,0,0,5,5,0,0,0,False,False,0
7184,5,0,0,5,5,0,0,0,False,False,0
7185,5,0,0,5,5,0,0,0,False,False,0
7186,7,0,0,7,7,0,0,0,False,False,0
7187,3,2,2,3,3,0,0,0,False,False,0
7188,4,3,3,4,4,0,0,0,False,False,0
7189,4,3,3,4,4,0,0,0,False,False,0
7190,3,2,2,3,3,0,0,0,False,False,0
7191,5,3,3,5,5,0,0,0,False,False,0
7192,4,3,3,4,4,0,0,0,False,False,0
7193,3,2,2,3,3,0,0,0,False,False,0
7194,4,3,3,4,4,0,0,0,False,False,0
7195,5,0,0,5,5,0,0,0,False,False,0
7196,4,0,0,4,4,0,0,0,False,False,0
7197,5,0,0,5,5,0,0,0,False,False,0
7198,4,0,0,4,4,0,0,0,False,False,0
7199,4,0,0,4,4,0,0,0,False,False,0
7200,4,0,0,4,4,0,0,0,False,False,0
7201,4,0,0,4,4,0,0,0,False,False,0
7202,4,0,0,4,4,0,0,0,False,False,0
7203,5,0,0,5,5,0,0,0,False,False,0
7204,6,0,0,6,6,0,0,0,False,False,0
7205,7,0,0,7,7,0,0,0,False,False,0
7206,7,0,0,7,7,0,0,0,False,False,0
7207,5,0,0,5,5,0,0,0,False,False,0
7208,7,0,0,7,7,0,0,0,False,False,0
7209,6,0,0,6,6,0,0,0,False,False,0
7210,6,0,0,6,6,0,0,0,False,False,0
7211,6,0,0,6,6,0,0,0,False,False,0
7212,4,0,0,4,4,0,0,0,False,False,0
7213,3,0,0,3,3,0,0,0,False,False,0
7214,4,0,0,4,4,0,0,0,False,False,0
7215,3,0,0,3,3,0,0,0,False,False,0
7216,3,0,0,3,3,0,0,0,False,False,0
7217,3,0,0,3,3,0,0,0,False,False,0
7218,6,0,0,6,6,0,0,0,False,False,0
7219,3,0,0,3,3,0,0,0,False,False,0
7220,6,0,0,6,6,0,0,0,False,False,0
7221,5,0,0,5,5,0,0,0,False,False,0
7222,9,0,0,9,9,0,0,0,False,False,0
7223,7,0,0,7,7,0,0,0,False,False,0
7224,7,0,0,7,7,0,0,0,False,False,0
7225,3,0,0,3,3,0,0,0,False,False,0
7226,3,0,0,3,3,0,0,0,False,False,0
7227,2,0,0,2,2,0,0,0,False,True,0
7228,2,0,0,2,2,0,0,0,False,True,0
7229,2,0,0,2,2,0,0,0,False,True,0
7230,2,0,0,2,2,0,0,0,False,True,0
7231,2,0,0,2,2,0,0,0,False,True,0
7232,2,0,0,2,2,0,0,0,False,True,0
7233,2,0,0,2,2,0,0,0,False,True,0
7234,2,0,0,2,2,0,0,0,False,True,0
7235,2,0,0,2,2,0,0,0,False,True,0
7236,2,0,0,2,2,0,0,0,False,True,0
7237,2,0,0,2,2,0,0,0,False,True,0
7238,2,0,0,2,2,0,0,0,False,True,0
7239,2,0,0,2,2,0,0,0,False,True,0
7240,2,0,0,2,2,0,0,0,False,True,0
7241,2,0,0,2,2,0,0,0,False,True,0
7242,2,0,0,2,2,0,0,0,False,True,0
7243,10,0,0,10,10,0,0,0,True,False,0
7244,12,0,0,12,12,0,0,0,True,False,0
7245,10,0,0,10,10,0,0,0,True,False,0
7246,10,0,0,10,10,0,0,0,True,False,0
7247,9,0,0,9,9,0,0,0,True,False,0
7248,10,0,0,10,10,0,0,0,True,False,0
7249,11,0,0,11,11,0,0,0,True,False,0
7250,10,0,0,10,10,0,0,0,True,False,0
7251,13,0,0,13,13,0,0,0,True,False,0
7252,8,8,8,8,8,0,0,0,True,False,0
7253,5,0,0,5,5,0,0,0,True,False,0
7254,10,0,0,10,10,0,0,0,True,False,0
7255,13,0,0,13,13,0,0,0,True,False,0
7256,0,119,0,0,0,0,0,0,True,False,0
7257,0,0,0,0,0,0,0,0,True,False,0
7258,94,0,0,94,94,0,0,0,True,False,0
7259,47,0,0,47,47,0,0,0,True,False,0
7260,74,0,0,74,74,0,0,0,True,False,0
7261,12,0,0,12,12,0,0,0,True,False,0
7262,13,0,0,13,13,0,0,0,True,False,0
7263,12,0,0,12,12,0,0,0,True,False,0
7264,12,0,0,12,12,0,0,0,True,False,0
7265,10,0,0,10,10,0,0,0,True,False,0
7266,8,1,1,8,8,0,0,0,True,False,0
7267,8,1,1,8,8,0,0,0,True,False,0
7268,7,1,1,7,7,0,0,0,True,False,0
7269,9,1,1,9,9,0,0,0,True,False,0
7270,8,0,0,8,8,0,0,0,True,False,0
7271,7,1,1,7,7,0,0,0,True,False,0
7272,6,1,1,6,6,0,0,0,True,False,0
7273,8,0,0,8,8,0,0,0,True,False,0
7274,8,0,0,8,8,0,0,0,True,False,0
7275,6,0,0,6,6,0,0,0,True,False,0
7276,8,0,0,8,8,0,0,0,True,False,0
7277,7,0,0,7,7,0,0,0,True,False,0
7278,6,0,0,6,6,0,0,0,True,False,0
7279,8,0,0,8,8,0,0,0,True,False,0
7280,6,0,0,6,6,0,0,0,True,False,0
7281,7,0,0,7,7,0,0,0,True,False,0
7282,13,0,0,13,13,0,0,0,True,False,0
7283,14,0,0,14,14,0,0,0,True,False,0
7284,12,0,0,12,12,0,0,0,True,False,0
7285,12,0,0,12,12,0,0,0,True,False,0
7286,14,0,0,14,14,0,0,0,True,False,0
7287,13,0,0,13,13,0,0,0,True,False,0
7288,15,0,0,15,15,0,0,0,True,False,0
7289,14,0,0,14,14,0,0,0,True,False,0
7290,12,0,0,12,12,0,0,0,True,False,0
7291,6,0,0,6,6,0,0,0,True,False,0
7292,4,0,0,4,4,0,0,0,True,False,0
7293,6,0,0,6,6,0,0,0,True,False,0
7294,4,0,0,4,4,0,0,0,True,False,0
7295,4,0,0,4,4,0,0,0,True,False,0
7296,4,0,0,4,4,0,0,0,True,False,0
7297,12,0,0,12,12,0,0,0,True,False,0
7298,15,0,0,15,15,0,0,0,True,False,0
7299,9,0,0,9,9,0,0,0,True,False,0
7300,13,0,0,13,13,0,0,0,True,False,0
7301,12,0,0,12,12,0,0,0,True,False,0
7302,9,0,0,9,9,0,0,0,True,False,0
7303,8,0,0,8,8,0,0,0,True,False,0
7304,18,0,0,18,18,0,0,0,True,False,0
7305,14,0,0,14,14,0,0,0,True,False,0
7306,11,0,0,11,11,0,0,0,True,False,0
7307,12,0,0,12,12,0,0,0,True,False,0
7308,9,0,0,9,9,0,0,0,True,False,0
7309,13,0,0,13,13,0,0,0,True,False,0
7310,9,0,0,9,9,0,0,0,True,False,0
7311,10,0,0,10,10,0,0,0,True,False,0
7312,13,0,0,13,13,0,0,0,True,False,0
7313,11,0,0,11,11,0,0,0,True,False,0
7314,11,0,0,11,11,0,0,0,True,False,0
7315,7,7,7,7,7,0,0,0,True,False,0
7316,5,0,0,5,5,0,0,0,True,False,0
7317,12,0,0,12,12,0,0,0,True,False,0
7318,11,0,0,11,11,0,0,0,True,False,0
7319,0,123,0,0,0,0,0,0,True,False,0
7320,0,0,0,0,0,0,0,0,True,False,0
7321,92,0,0,92,92,0,0,0,True,False,0
7322,50,0,0,50,50,0,0,0,True,False,0
7323,76,0,0,76,76,0,0,0,True,False,0
7324,10,0,0,10,10,0,0,0,True,False,0
7325,10,0,0,10,10,0,0,0,True,False,0
7326,11,0,0,11,11,0,0,0,True,False,0
7327,10,0,0,10,10,0,0,0,True,False,0
7328,12,0,0,12,12,0,0,0,True,False,0
7329,8,0,0,8,8,0,0,0,True,False,0
7330,8,0,0,8,8,0,0,0,True,False,0
7331,7,0,0,7,7,0,0,0,True,False,0
7332,8,0,0,8,8,0,0,0,True,False,0
7333,7,0,0,7,7,0,0,0,True,False,0
7334,8,0,0,8,8,0,0,0,True,False,0
7335,7,0,0,7,7,0,0,0,True,False,0
7336,9,0,0,9,9,0,0,0,True,False,0
7337,8,0,0,8,8,0,0,0,True,False,0
7338,8,0,0,8,8,0,0,0,True,False,0
7339,7,0,0,7,7,0,0,0,True,False,0
7340,7,0,0,7,7,0,0,0,True,False,0
7341,7,0,0,7,7,0,0,0,True,False,0
7342,8,0,0,8,8,0,0,0,True,False,0
7343,7,0,0,7,7,0,0,0,True,False,0
7344,6,0,0,6,6,0,0,0,True,False,0
7345,13,0,0,13,13,0,0,0,True,False,0
7346,12,0,0,12,12,0,0,0,True,False,0
7347,13,0,0,13,13,0,0,0,True,False,0
7348,14,0,0,14,14,0,0,0,True,False,0
7349,14,0,0,14,14,0,0,0,True,False,0
7350,13,0,0,13,13,0,0,0,True,False,0
7351,14,0,0,14,14,0,0,0,True,False,0
7352,14,0,0,14,14,0,0,0,True,False,0
7353,12,0,0,12,12,0,0,0,True,False,0
7354,6,0,0,6,6,0,0,0,True,False,0
7355,4,0,0,4,4,0,0,0,True,False,0
7356,6,0,0,6,6,0,0,0,True,False,0
7357,4,0,0,4,4,0,0,0,True,False,0
7358,4,0,0,4,4,0,0,0,True,False,0
7359,4,0,0,4,4,0,0,0,True,False,0
7360,12,0,0,12,12,0,0,0,True,False,0
7361,8,0,0,8,8,0,0,0,True,False,0
7362,13,0,0,13,13,0,0,0,True,False,0
7363,10,0,0,10,10,0,0,0,True,False,0
7364,8,0,0,8,8,0,0,0,True,False,0
7365,9,0,0,9,9,0,0,0,True,False,0
7366,9,0,0,9,9,0,0,0,True,False,0
7367,7,0,0,7,7,0,0,0,True,False,0
7368,10,0,0,10,10,0,0,0,True,False,0
7369,11,0,0,11,11,0,0,0,True,False,0
7370,12,0,0,12,12,0,0,0,True,False,0
7371,10,0,0,10,10,0,0,0,True,False,0
7372,10,0,0,10,10,0,0,0,True,False,0
7373,10,0,0,10,10,0,0,0,True,False,0
7374,12,0,0,12,12,0,0,0,True,False,0
7375,9,0,0,9,9,0,0,0,True,False,0
7376,12,0,0,12,12,0,0,0,True,False,0
7377,10,0,0,10,10,0,0,0,True,False,0
7378,7,7,7,7,7,0,0,0,True,False,0
7379,5,0,0,5,5,0,0,0,True,False,0
7380,12,0,0,12,12,0,0,0,True,False,0
7381,11,0,0,11,11,0,0,0,True,False,0
7382,0,112,0,0,0,0,0,0,True,False,0
7383,0,0,0,0,0,0,0,0,True,False,0
7384,92,0,0,92,92,0,0,0,True,False,0
7385,46,0,0,46,46,0,0,0,True,False,0
7386,77,0,0,77,77,0,0,0,True,False,0
7387,10,0,0,10,10,0,0,0,True,False,0
7388,11,0,0,11,11,0,0,0,True,False,0
7389,12,0,0,12,12,0,0,0,True,False,0
7390,13,0,0,13,13,0,0,0,True,False,0
7391,11,0,0,11,11,0,0,0,True,False,0
7392,7,0,0,7,7,0,0,0,True,False,0
7393,9,0,0,9,9,0,0,0,True,False,0
7394,7,0,0,7,7,0,0,0,True,False,0
7395,7,0,0,7,7,0,0,0,True,False,0
7396,8,0,0,8,8,0,0,0,True,False,0
7397,9,0,0,9,9,0,0,0,True,False,0
7398,8,0,0,8,8,0,0,0,True,False,0
7399,8,0,0,8,8,0,0,0,True,False,0
7400,8,0,0,8,8,0,0,0,True,False,0
7401,9,0,0,9,9,0,0,0,True,False,0
7402,6,0,0,6,6,0,0,0,True,False,0
7403,7,0,0,7,7,0,0,0,True,False,0
7404,6,0,0,6,6,0,0,0,True,False,0
7405,8,0,0,8,8,0,0,0,True,False,0
7406,6,0,0,6,6,0,0,0,True,False,0
7407,7,0,0,7,7,0,0,0,True,False,0
7408,11,0,0,11,11,0,0,0,True,False,0
7409,12,0,0,12,12,0,0,0,True,False,0
7410,15,0,0,15,15,0,0,0,True,False,0
7411,13,0,0,13,13,0,0,0,True,False,0
7412,14,0,0,14,14,0,0,0,True,False,0
7413,13,0,0,13,13,0,0,0,True,False,0
7414,13,0,0,13,13,0,0,0,True,False,0
7415,14,0,0,14,14,0,0,0,True,False,0
7416,12,0,0,12,12,0,0,0,True,False,0
7417,6,0,0,6,6,0,0,0,True,False,0
7418,4,0,0,4,4,0,0,0,True,False,0
7419,6,0,0,6,6,0,0,0,True,False,0
7420,4,0,0,4,4,0,0,0,True,False,0
7421,4,0,0,4,4,0,0,0,True,False,0
7422,4,0,0,4,4,0,0,0,True,False,0
7423,12,0,0,12,12,0,0,0,True,False,0
7424,8,0,0,8,8,0,0,0,True,False,0
7425,10,0,0,10,10,0,0,0,True,False,0
7426,9,0,0,9,9,0,0,0,True,False,0
7427,10,0,0,10,10,0,0,0,True,False,0
7428,6,0,0,6,6,0,0,0,True,False,0
7429,6,0,0,6,6,0,0,0,True,False,0
7430,11,0,0,11,11,0,0,0,True,False,0
7431,16,0,0,16,16,0,0,0,True,False,0
7432,12,0,0,12,12,0,0,0,True,False,0
7433,13,0,0,13,13,0,0,0,True,False,0
7434,11,0,0,11,11,0,0,0,True,False,0
7435,11,0,0,11,11,0,0,0,True,False,0
7436,12,0,0,12,12,0,0,0,True,False,0
7437,11,0,0,11,11,0,0,0,True,False,0
7438,11,0,0,11,11,0,0,0,True,False,0
7439,10,0,0,10,10,0,0,0,True,False,0
7440,10,1,1,10,10,0,0,0,True,False,0
7441,8,8,8,8,8,0,0,0,True,False,0
7442,5,0,0,5,5,0,0,0,True,False,0
7443,11,1,1,11,11,0,0,0,True,False,0
7444,10,1,1,10,10,0,0,0,True,False,0
7445,0,118,0,0,0,0,0,0,True,False,0
7446,0,0,0,0,0,0,0,0,True,False,0
7447,94,0,0,94,94,0,0,0,True,False,0
7448,47,0,0,47,47,0,0,0,True,False,0
7449,75,0,0,75,75,0,0,0,True,False,0
7450,10,1,1,10,10,0,0,0,True,False,0
7451,10,1,1,10,10,0,0,0,True,False,0
7452,13,1,1,13,13,0,0,0,True,False,0
7453,12,1,1,12,12,0,0,0,True,False,0
7454,9,1,1,9,9,0,0,0,True,False,0
7455,8,0,0,8,8,0,0,0,True,False,0
7456,7,0,0,7,7,0,0,0,True,False,0
7457,8,0,0,8,8,0,0,0,True,False,0
7458,7,0,0,7,7,0,0,0,True,False,0
7459,8,0,0,8,8,0,0,0,True,False,0
7460,7,0,0,7,7,0,0,0,True,False,0
7461,8,0,0,8,8,0,0,0,True,False,0
7462,8,0,0,8,8,0,0,0,True,False,0
7463,7,0,0,7,7,0,0,0,True,False,0
7464,6,0,0,6,6,0,0,0,True,False,0
7465,8,0,0,8,8,0,0,0,True,False,0
7466,6,0,0,6,6,0,0,0,True,False,0
7467,7,0,0,7,7,0,0,0,True,False,0
7468,7,0,0,7,7,0,0,0,True,False,0
7469,8,0,0,8,8,0,0,0,True,False,0
7470,8,0,0,8,8,0,0,0,True,False,0
7471,14,0,0,14,14,0,0,0,True,False,0
7472,12,0,0,12,12,0,0,0,True,False,0
7473,11,0,0,11,11,0,0,0,True,False,0
7474,14,0,0,14,14,0,0,0,True,False,0
7475,13,0,0,13,13,0,0,0,True,False,0
7476,12,0,0,12,12,0,0,0,True,False,0
7477,14,0,0,14,14,0,0,0,True,False,0
7478,14,0,0,14,14,0,0,0,True,False,0
7479,12,0,0,12,12,0,0,0,True,False,0
7480,6,0,0,6,6,0,0,0,True,False,0
7481,4,0,0,4,4,0,0,0,True,False,0
7482,6,0,0,6,6,0,0,0,True,False,0
7483,4,0,0,4,4,0,0,0,True,False,0
7484,4,0,0,4,4,0,0,0,True,False,0
7485,4,0,0,4,4,0,0,0,True,False,0
7486,12,0,0,12,12,0,0,0,True,False,0
7487,13,0,0,13,13,0,0,0,True,False,0
7488,8,0,0,8,8,0,0,0,True,False,0
7489,10,0,0,10,10,0,0,0,True,False,0
7490,11,0,0,11,11,0,0,0,True,False,0
7491,9,0,0,9,9,0,0,0,True,False,0
7492,12,0,0,12,12,0,0,0,True,False,0
7493,16,0,0,16,16,0,0,0,True,False,0
7494,9,0,0,9,9,0,0,0,True,False,0
7495,11,0,0,11,11,0,0,0,True,False,0
7496,11,0,0,11,11,0,0,0,True,False,0
7497,9,0,0,9,9,0,0,0,True,False,0
7498,11,0,0,11,11,0,0,0,True,False,0
7499,8,0,0,8,8,0,0,0,True,False,0
7500,12,0,0,12,12,0,0,0,True,False,0
7501,11,0,0,11,11,0,0,0,True,False,0
7502,12,0,0,12,12,0,0,0,True,False,0
7503,8,0,0,8,8,0,0,0,True,False,0
7504,7,7,7,7,7,0,0,0,True,False,0
7505,5,0,0,5,5,0,0,0,True,False,0
7506,9,0,0,9,9,0,0,0,True,False,0
7507,8,0,0,8,8,0,0,0,True,False,0
7508,10,118,10,10,10,0,0,0,True,False,0
7509,200,0,0,200,200,0,0,0,True,False,0
7510,92,0,0,92,92,0,0,0,True,False,0
7511,46,0,0,46,46,0,0,0,True,False,0
7512,77,0,0,77,77,0,0,0,True,False,0
7513,8,0,0,8,8,0,0,0,True,False,0
7514,9,0,0,9,9,0,0,0,True,False,0
7515,8,0,0,8,8,0,0,0,True,False,0
7516,7,0,0,7,7,0,0,0,True,False,0
7517,9,0,0,9,9,0,0,0,True,False,0
7518,8,0,0,8,8,0,0,0,True,False,0
7519,7,0,0,7,7,0,0,0,True,False,0
7520,7,0,0,7,7,0,0,0,True,False,0
7521,7,0,0,7,7,0,0,0,True,False,0
7522,7,0,0,7,7,0,0,0,True,False,0
7523,7,0,0,7,7,0,0,0,True,False,0
7524,7,0,0,7,7,0,0,0,True,False,0
7525,9,0,0,9,9,0,0,0,True,False,0
7526,9,0,0,9,9,0,0,0,True,False,0
7527,7,0,0,7,7,0,0,0,True,False,0
7528,7,0,0,7,7,0,0,0,True,False,0
7529,9,0,0,9,9,0,0,0,True,False,0
7530,7,0,0,7,7,0,0,0,True,False,0
7531,6,0,0,6,6,0,0,0,True,False,0
7532,8,0,0,8,8,0,0,0,True,False,0
7533,6,0,0,6,6,0,0,0,True,False,0
7534,13,0,0,13,13,0,0,0,True,False,0
7535,11,0,0,11,11,0,0,0,True,False,0
7536,14,0,0,14,14,0,0,0,True,False,0
7537,16,0,0,16,16,0,0,0,True,False,0
7538,12,0,0,12,12,0,0,0,True,False,0
7539,15,0,0,15,15,0,0,0,True,False,0
7540,14,0,0,14,14,0,0,0,True,False,0
7541,13,0,0,13,13,0,0,0,True,False,0
7542,12,0,0,12,12,0,0,0,True,False,0
7543,6,0,0,6,6,0,0,0,True,False,0
7544,4,0,0,4,4,0,0,0,True,False,0
7545,6,0,0,6,6,0,0,0,True,False,0
7546,4,0,0,4,4,0,0,0,True,False,0
7547,4,0,0,4,4,0,0,0,True,False,0
7548,4,0,0,4,4,0,0,0,True,False,0
7549,12,0,0,12,12,0,0,0,True,False,0
7550,9,0,0,9,9,0,0,0,True,False,0
7551,11,0,0,11,11,0,0,0,True,False,0
7552,9,0,0,9,9,0,0,0,True,False,0
7553,7,0,0,7,7,0,0,0,True,False,0
7554,7,0,0,7,7,0,0,0,True,False,0
7555,15,0,0,15,15,0,0,0,True,False,0
7556,4,0,0,4,4,0,0,0,True,False,0
7557,11,0,0,11,11,0,0,0,True,False,0
7558,10,0,0,10,10,0,0,0,True,False,0
7559,9,0,0,9,9,0,0,0,True,False,0
7560,10,0,0,10,10,0,0,0,True,False,0
7561,10,0,0,10,10,0,0,0,True,False,0
7562,10,0,0,10,10,0,0,0,True,False,0
7563,11,0,0,11,11,0,0,0,True,False,0
7564,10,0,0,10,10,0,0,0,True,False,0
7565,11,0,0,11,11,0,0,0,True,False,0
7566,8,0,0,8,8,0,0,0,True,False,0
7567,8,8,8,8,8,0,0,0,True,False,0
7568,5,0,0,5,5,0,0,0,True,False,0
7569,8,0,0,8,8,0,0,0,True,False,0
7570,7,0,0,7,7,0,0,0,True,False,0
7571,0,116,0,0,0,0,0,0,True,False,0
7572,0,0,0,0,0,0,0,0,True,False,0
7573,94,0,0,94,94,0,0,0,True,False,0
7574,49,0,0,49,49,0,0,0,True,False,0
7575,73,0,0,73,73,0,0,0,True,False,0
7576,9,0,0,9,9,0,0,0,True,False,0
7577,9,0,0,9,9,0,0,0,True,False,0
7578,9,0,0,9,9,0,0,0,True,False,0
7579,7,0,0,7,7,0,0,0,True,False,0
7580,8,0,0,8,8,0,0,0,True,False,0
7581,9,0,0,9,9,0,0,0,True,False,0
7582,7,0,0,7,7,0,0,0,True,False,0
7583,7,0,0,7,7,0,0,0,True,False,0
7584,7,0,0,7,7,0,0,0,True,False,0
7585,7,0,0,7,7,0,0,0,True,False,0
7586,7,0,0,7,7,0,0,0,True,False,0
7587,8,0,0,8,8,0,0,0,True,False,0
7588,6,0,0,6,6,0,0,0,True,False,0
7589,8,0,0,8,8,0,0,0,True,False,0
7590,7,0,0,7,7,0,0,0,True,False,0
7591,6,0,0,6,6,0,0,0,True,False,0
7592,7,0,0,7,7,0,0,0,True,False,0
7593,8,0,0,8,8,0,0,0,True,False,0
7594,7,0,0,7,7,0,0,0,True,False,0
7595,6,0,0,6,6,0,0,0,True,False,0
7596,8,0,0,8,8,0,0,0,True,False,0
7597,14,0,0,14,14,0,0,0,True,False,0
7598,12,0,0,12,12,0,0,0,True,False,0
7599,12,0,0,12,12,0,0,0,True,False,0
7600,13,0,0,13,13,0,0,0,True,False,0
7601,12,0,0,12,12,0,0,0,True,False,0
7602,13,0,0,13,13,0,0,0,True,False,0
7603,13,0,0,13,13,0,0,0,True,False,0
7604,14,0,0,14,14,0,0,0,True,False,0
7605,12,0,0,12,12,0,0,0,True,False,0
7606,6,0,0,6,6,0,0,0,True,False,0
7607,4,0,0,4,4,0,0,0,True,False,0
7608,6,0,0,6,6,0,0,0,True,False,0
7609,4,0,0,4,4,0,0,0,True,False,0
7610,4,0,0,4,4,0,0,0,True,False,0
7611,4,0,0,4,4,0,0,0,True,False,0
7612,12,0,0,12,12,0,0,0,True,False,0
7613,17,0,0,17,17,0,0,0,True,False,0
7614,4,0,0,4,4,0,0,0,True,False,0
7615,11,0,0,11,11,0,0,0,True,False,0
7616,7,0,0,7,7,0,0,0,True,False,0
7617,10,0,0,10,10,0,0,0,True,False,0
7618,17,0,0,17,17,0,0,0,True,False,0
7619,13,0,0,13,13,0,0,0,True,False,0
7620,8,0,0,8,8,0,0,0,True,False,0
7621,10,0,0,10,10,0,0,0,True,False,0
7622,10,0,0,10,10,0,0,0,True,False,0
7623,9,0,0,9,9,0,0,0,True,False,0
7624,12,0,0,12,12,0,0,0,True,False,0
7625,11,0,0,11,11,0,0,0,True,False,0
7626,10,0,0,10,10,0,0,0,True,False,0
7627,10,0,0,10,10,0,0,0,True,False,0
7628,10,0,0,10,10,0,0,0,True,False,0
7629,10,0,0,10,10,0,0,0,True,False,0
7630,7,7,7,7,7,0,0,0,True,False,0
7631,5,0,0,5,5,0,0,0,True,False,0
7632,7,0,0,7,7,0,0,0,True,False,0
7633,9,0,0,9,9,0,0,0,True,False,0
7634,0,124,0,0,0,0,0,0,True,False,0
7635,0,0,0,0,0,0,0,0,True,False,0
7636,90,0,0,90,90,0,0,0,True,False,0
7637,50,0,0,50,50,0,0,0,True,False,0
7638,74,0,0,74,74,0,0,0,True,False,0
7639,9,0,0,9,9,0,0,0,True,False,0
7640,9,0,0,9,9,0,0,0,True,False,0
7641,8,0,0,8,8,0,0,0,True,False,0
7642,9,0,0,9,9,0,0,0,True,False,0
7643,9,0,0,9,9,0,0,0,True,False,0
7644,7,0,0,7,7,0,0,0,True,False,0
7645,6,0,0,6,6,0,0,0,True,False,0
7646,7,0,0,7,7,0,0,0,True,False,0
7647,7,0,0,7,7,0,0,0,True,False,0
7648,8,0,0,8,8,0,0,0,True,False,0
7649,7,0,0,7,7,0,0,0,True,False,0
7650,9,0,0,9,9,0,0,0,True,False,0
7651,7,0,0,7,7,0,0,0,True,False,0
7652,9,0,0,9,9,0,0,0,True,False,0
7653,8,0,0,8,8,0,0,0,True,False,0
7654,9,0,0,9,9,0,0,0,True,False,0
7655,6,0,0,6,6,0,0,0,True,False,0
7656,6,0,0,6,6,0,0,0,True,False,0
7657,8,0,0,8,8,0,0,0,True,False,0
7658,7,0,0,7,7,0,0,0,True,False,0
7659,7,0,0,7,7,0,0,0,True,False,0
7660,13,0,0,13,13,0,0,0,True,False,0
7661,15,0,0,15,15,0,0,0,True,False,0
7662,14,0,0,14,14,0,0,0,True,False,0
7663,13,0,0,13,13,0,0,0,True,False,0
7664,15,0,0,15,15,0,0,0,True,False,0
7665,13,0,0,13,13,0,0,0,True,False,0
7666,12,0,0,12,12,0,0,0,True,False,0
7667,15,0,0,15,15,0,0,0,True,False,0
7668,12,0,0,12,12,0,0,0,True,False,0
7669,5,0,0,5,5,0,0,0,True,False,0
7670,4,0,0,4,4,0,0,0,True,False,0
7671,6,0,0,6,6,0,0,0,True,False,0
7672,4,0,0,4,4,0,0,0,True,False,0
7673,4,0,0,4,4,0,0,0,True,False,0
7674,4,0,0,4,4,0,0,0,True,False,0
7675,12,0,0,12,12,0,0,0,True,False,0
7676,4,0,0,4,4,0,0,0,True,False,0
7677,10,0,0,10,10,0,0,0,True,False,0
7678,14,0,0,14,14,0,0,0,True,False,0
7679,9,0,0,9,9,0,0,0,True,False,0
7680,9,0,0,9,9,0,0,0,True,False,0
7681,13,0,0,13,13,0,0,0,True,False,0
7682,10,0,0,10,10,0,0,0,True,False,0
7683,11,0,0,11,11,0,0,0,True,False,0
7684,13,0,0,13,13,0,0,0,True,False,0
7685,9,0,0,9,9,0,0,0,True,False,0
7686,10,0,0,10,10,0,0,0,True,False,0
7687,9,0,0,9,9,0,0,0,True,False,0
7688,9,0,0,9,9,0,0,0,True,False,0
7689,11,0,0,11,11,0,0,0,True,False,0
7690,10,0,0,10,10,0,0,0,True,False,0
7691,12,0,0,12,12,0,0,0,True,False,0
7692,9,0,0,9,9,0,0,0,True,False,0
7693,8,8,8,8,8,0,0,0,True,False,0
7694,5,0,0,5,5,0,0,0,True,False,0
7695,7,0,0,7,7,0,0,0,True,False,0
7696,8,0,0,8,8,0,0,0,True,False,0
7697,0,116,0,0,0,0,0,0,True,False,0
7698,0,0,0,0,0,0,0,0,True,False,0
7699,92,0,0,92,92,0,0,0,True,False,0
7700,48,0,0,48,48,0,0,0,True,False,0
7701,75,0,0,75,75,0,0,0,True,False,0
7702,10,0,0,10,10,0,0,0,True,False,0
7703,7,0,0,7,7,0,0,0,True,False,0
7704,6,0,0,6,6,0,0,0,True,False,0
7705,9,0,0,9,9,0,0,0,True,False,0
7706,11,0,0,11,11,0,0,0,True,False,0
7707,8,0,0,8,8,0,0,0,True,False,0
7708,6,0,0,6,6,0,0,0,True,False,0
7709,9,0,0,9,9,0,0,0,True,False,0
7710,7,0,0,7,7,0,0,0,True,False,0
7711,7,0,0,7,7,0,0,0,True,False,0
7712,7,0,0,7,7,0,0,0,True,False,0
7713,8,0,0,8,8,0,0,0,True,False,0
7714,7,0,0,7,7,0,0,0,True,False,0
7715,8,0,0,8,8,0,0,0,True,False,0
7716,7,0,0,7,7,0,0,0,True,False,0
7717,7,0,0,7,7,0,0,0,True,False,0
7718,8,0,0,8,8,0,0,0,True,False,0
7719,9,0,0,9,9,0,0,0,True,False,0
7720,8,0,0,8,8,0,0,0,True,False,0
7721,7,0,0,7,7,0,0,0,True,False,0
7722,7,0,0,7,7,0,0,0,True,False,0
7723,13,0,0,13,13,0,0,0,True,False,0
7724,14,0,0,14,14,0,0,0,True,False,0
7725,15,0,0,15,15,0,0,0,True,False,0
7726,13,0,0,13,13,0,0,0,True,False,0
7727,13,0,0,13,13,0,0,0,True,False,0
7728,12,0,0,12,12,0,0,0,True,False,0
7729,14,0,0,14,14,0,0,0,True,False,0
7730,15,0,0,15,15,0,0,0,True,False,0
7731,12,0,0,12,12,0,0,0,True,False,0
7732,6,0,0,6,6,0,0,0,True,False,0
7733,4,0,0,4,4,0,0,0,True,False,0
7734,6,0,0,6,6,0,0,0,True,False,0
7735,4,0,0,4,4,0,0,0,True,False,0
7736,4,0,0,4,4,0,0,0,True,False,0
7737,4,0,0,4,4,0,0,0,True,False,0
7738,12,0,0,12,12,0,0,0,True,False,0
7739,16,0,0,16,16,0,0,0,True,False,0
7740,6,0,0,6,6,0,0,0,True,False,0
7741,7,0,0,7,7,0,0,0,True,False,0
7742,4,0,0,4,4,0,0,0,True,False,0
7743,10,0,0,10,10,0,0,0,True,False,0
7744,8,0,0,8,8,0,0,0,True,False,0
7745,12,0,0,12,12,0,0,0,True,False,0
7746,12,0,0,12,12,0,0,0,True,False,0
7747,1,0,0,1,1,0,0,0,True,True,0
7748,1,0,0,1,1,0,0,0,True,True,0
7749,1,0,0,1,1,0,0,0,True,True,0
7750,1,0,0,1,1,0,0,0,True,True,0
7751,9,0,0,9,9,0,0,0,True,False,0
7752,12,0,0,12,12,0,0,0,True,False,0
7753,10,0,0,10,10,0,0,0,True,False,0
7754,10,0,0,10,10,0,0,0,True,False,0
7755,12,0,0,12,12,0,0,0,True,False,0
7756,10,0,0,10,10,0,0,0,True,False,0
7757,11,0,0,11,11,0,0,0,True,False,0
7758,11,0,0,11,11,0,0,0,True,False,0
7759,7,0,0,7,7,0,0,0,True,False,0
7760,7,7,7,7,7,0,0,0,True,False,0
7761,5,0,0,5,5,0,0,0,True,False,0
7762,10,0,0,10,10,0,0,0,True,False,0
7763,10,0,0,10,10,0,0,0,True,False,0
7764,0,120,0,0,0,0,0,0,True,False,0
7765,0,0,0,0,0,0,0,0,True,False,0
7766,91,0,0,91,91,0,0,0,True,False,0
7767,50,0,0,50,50,0,0,0,True,False,0
7768,79,0,0,79,79,0,0,0,True,False,0
7769,10,0,0,10,10,0,0,0,True,False,0
7770,8,0,0,8,8,0,0,0,True,False,0
7771,9,0,0,9,9,0,0,0,True,False,0
7772,7,0,0,7,7,0,0,0,True,False,0
7773,9,0,0,9,9,0,0,0,True,False,0
7774,8,0,0,8,8,0,0,0,True,False,0
7775,7,0,0,7,7,0,0,0,True,False,0
7776,6,0,0,6,6,0,0,0,True,False,0
7777,6,0,0,6,6,0,0,0,True,False,0
7778,7,0,0,7,7,0,0,0,True,False,0
7779,10,0,0,10,10,0,0,0,True,False,0
7780,8,0,0,8,8,0,0,0,True,False,0
7781,9,0,0,9,9,0,0,0,True,False,0
7782,7,0,0,7,7,0,0,0,True,False,0
7783,6,0,0,6,6,0,0,0,True,False,0
7784,8,0,0,8,8,0,0,0,True,False,0
7785,7,0,0,7,7,0,0,0,True,False,0
7786,6,0,0,6,6,0,0,0,True,False,0
7787,7,0,0,7,7,0,0,0,True,False,0
7788,8,0,0,8,8,0,0,0,True,False,0
7789,7,0,0,7,7,0,0,0,True,False,0
7790,12,0,0,12,12,0,0,0,True,False,0
7791,13,0,0,13,13,0,0,0,True,False,0
7792,13,0,0,13,13,0,0,0,True,False,0
7793,13,0,0,13,13,0,0,0,True,False,0
7794,15,0,0,15,15,0,0,0,True,False,0
7795,14,0,0,14,14,0,0,0,True,False,0
7796,12,0,0,12,12,0,0,0,True,False,0
7797,15,0,0,15,15,0,0,0,True,False,0
7798,11,0,0,11,11,0,0,0,True,False,0
7799,7,0,0,7,7,0,0,0,True,False,0
7800,4,0,0,4,4,0,0,0,True,False,0
7801,6,0,0,6,6,0,0,0,True,False,0
7802,4,0,0,4,4,0,0,0,True,False,0
7803,4,0,0,4,4,0,0,0,True,False,0
7804,4,0,0,4,4,0,0,0,True,False,0
7805,12,0,0,12,12,0,0,0,True,False,0
7806,11,0,0,11,11,0,0,0,True,False,0
7807,10,0,0,10,10,0,0,0,True,False,0
7808,12,0,0,12,12,0,0,0,True,False,0
7809,10,0,0,10,10,0,0,0,True,False,0
7810,10,0,0,10,10,0,0,0,True,False,0
7811,9,0,0,9,9,0,0,0,True,False,0
7812,13,0,0,13,13,0,0,0,True,False,0
7813,9,0,0,9,9,0,0,0,True,False,0
7814,1,0,0,1,1,0,0,0,True,True,0
7815,9,0,0,9,9,0,0,0,True,False,0
7816,8,0,0,8,8,0,0,0,True,False,0
7817,9,0,0,9,9,0,0,0,True,False,0
7818,6,0,0,6,6,0,0,0,True,False,0
7819,8,0,0,8,8,0,0,0,True,False,0
7820,7,0,0,7,7,0,0,0,True,False,0
7821,5,0,0,5,5,0,0,0,True,False,0
7822,7,0,0,7,7,0,0,0,True,False,0
7823,5,0,0,5,5,0,0,0,True,False,0
7824,5,5,5,5,5,0,0,0,True,False,0
7825,3,0,0,3,3,0,0,0,True,False,0
7826,5,0,0,5,5,0,0,0,True,False,0
7827,5,0,0,5,5,0,0,0,True,False,0
7828,0,79,0,0,0,0,0,0,True,False,0
7829,0,0,0,0,0,0,0,0,True,False,0
7830,57,0,0,57,57,0,0,0,True,False,0
7831,31,0,0,31,31,0,0,0,True,False,0
7832,45,0,0,45,45,0,0,0,True,False,0
7833,5,0,0,5,5,0,0,0,True,False,0
7834,5,0,0,5,5,0,0,0,True,False,0
7835,8,0,0,8,8,0,0,0,True,False,0
7836,5,0,0,5,5,0,0,0,True,False,0
7837,4,0,0,4,4,0,0,0,True,False,0
7838,6,0,0,6,6,0,0,0,True,False,0
7839,5,0,0,5,5,0,0,0,True,False,0
7840,5,0,0,5,5,0,0,0,True,False,0
7841,4,0,0,4,4,0,0,0,True,False,0
7842,5,0,0,5,5,0,0,0,True,False,0
7843,4,0,0,4,4,0,0,0,True,False,0
7844,5,0,0,5,5,0,0,0,True,False,0
7845,4,0,0,4,4,0,0,0,True,False,0
7846,5,0,0,5,5,0,0,0,True,False,0
7847,5,0,0,5,5,0,0,0,True,False,0
7848,5,0,0,5,5,0,0,0,True,False,0
7849,5,0,0,5,5,0,0,0,True,False,0
7850,4,0,0,4,4,0,0,0,True,False,0
7851,5,0,0,5,5,0,0,0,True,False,0
7852,4,0,0,4,4,0,0,0,True,False,0
7853,5,0,0,5,5,0,0,0,True,False,0
7854,10,0,0,10,10,0,0,0,True,False,0
7855,7,0,0,7,7,0,0,0,True,False,0
7856,7,0,0,7,7,0,0,0,True,False,0
7857,9,0,0,9,9,0,0,0,True,False,0
7858,8,0,0,8,8,0,0,0,True,False,0
7859,10,0,0,10,10,0,0,0,True,False,0
7860,8,0,0,8,8,0,0,0,True,False,0
7861,8,0,0,8,8,0,0,0,True,False,0
7862,8,0,0,8,8,0,0,0,True,False,0
7863,3,0,0,3,3,0,0,0,True,False,0
7864,2,0,0,2,2,0,0,0,True,True,0
7865,4,0,0,4,4,0,0,0,True,False,0
7866,3,0,0,3,3,0,0,0,True,False,0
7867,2,0,0,2,2,0,0,0,True,True,0
7868,2,0,0,2,2,0,0,0,True,True,0
7869,7,0,0,7,7,0,0,0,True,False,0
7870,2,0,0,2,2,0,0,0,True,True,0
7871,6,0,0,6,6,0,0,0,True,False,0
7872,5,0,0,5,5,0,0,0,True,False,0
7873,7,0,0,7,7,0,0,0,True,False,0
7874,6,0,0,6,6,0,0,0,True,False,0
7875,9,0,0,9,9,0,0,0,True,False,0
7876,5,0,0,5,5,0,0,0,True,False,0
7877,11,0,0,11,11,0,0,0,True,False,0
7878,1,0,0,1,1,0,0,0,True,True,0
7879,1,0,0,1,1,0,0,0,True,True,0
7880,1,0,0,1,1,0,0,0,True,True,0
7881,4,0,0,4,4,0,0,0,False,False,0
7882,5,0,0,5,5,0,0,0,False,False,0
7883,4,0,0,4,4,0,0,0,False,False,0
7884,4,0,0,4,4,0,0,0,False,False,0
7885,6,0,0,6,6,0,0,0,False,False,0
7886,4,0,0,4,4,0,0,0,False,False,0
7887,4,0,0,4,4,0,0,0,False,False,0
7888,4,0,0,4,4,0,0,0,False,False,0
7889,5,0,0,5,5,0,0,0,False,False,0
7890,4,3,3,4,4,0,0,0,False,False,0
7891,3,0,0,3,3,0,0,0,False,False,0
7892,5,0,0,5,5,0,0,0,False,False,0
7893,4,0,0,4,4,0,0,0,False,False,0
7894,11,38,10,11,11,0,0,0,False,False,0
7895,200,0,0,200,200,0,0,0,False,False,0
7896,30,0,0,30,30,1,0,0,False,False,0
7897,17,0,0,17,17,0,0,0,False,False,0
7898,25,0,0,25,25,0,0,0,False,False,0
7899,4,0,0,4,4,0,0,0,False,False,0
7900,5,0,0,5,5,0,0,0,False,False,0
7901,5,0,0,5,5,0,0,0,False,False,0
7902,5,0,0,5,5,0,0,0,False,False,0
7903,6,0,0,6,6,0,0,0,False,False,0
7904,3,2,2,3,3,0,0,0,False,False,0
7905,3,2,2,3,3,0,0,0,False,False,0
7906,3,2,2,3,3,0,0,0,False,False,0
7907,4,3,3,4,4,0,0,0,False,False,0
7908,3,2,2,3,3,0,0,0,False,False,0
7909,3,2,2,3,3,0,0,0,False,False,0
7910,3,2,2,3,3,0,0,0,False,False,0
7911,4,3,3,4,4,0,0,0,False,False,0
7912,5,0,0,5,5,0,0,0,False,False,0
7913,3,0,0,3,3,0,0,0,False,False,0
7914,4,0,0,4,4,0,0,0,False,False,0
7915,3,0,0,3,3,0,0,0,False,False,0
7916,4,0,0,4,4,0,0,0,False,False,0
7917,5,0,0,5,5,0,0,0,False,False,0
7918,3,0,0,3,3,0,0,0,False,False,0
7919,4,0,0,4,4,0,0,0,False,False,0
7920,5,0,0,5,5,0,0,0,False,False,0
7921,6,0,0,6,6,0,0,0,False,False,0
7922,5,0,0,5,5,0,0,0,False,False,0
7923,4,0,0,4,4,0,0,0,False,False,0
7924,6,0,0,6,6,0,0,0,False,False,0
7925,5,0,0,5,5,0,0,0,False,False,0
7926,7,0,0,7,7,0,0,0,False,False,0
7927,6,0,0,6,6,0,0,0,False,False,0
7928,3,0,0,3,3,0,0,0,False,False,0
7929,3,0,0,3,3,0,0,0,False,False,0
7930,3,0,0,3,3,0,0,0,False,False,0
7931,3,0,0,3,3,0,0,0,False,False,0
7932,5,0,0,5,5,0,0,0,False,False,0
7933,3,0,0,3,3,0,0,0,False,False,0
7934,5,0,0,5,5,0,0,0,False,False,0
7935,3,0,0,3,3,0,0,0,False,False,0
7936,8,0,0,8,8,0,0,0,False,False,0
7937,3,0,0,3,3,0,0,0,False,False,0
7938,2,0,0,2,2,0,0,0,False,True,0
7939,8,0,0,8,8,0,0,0,False,False,0
7940,3,0,0,3,3,0,0,0,False,False,0
7941,3,0,0,3,3,0,0,0,False,False,0
7942,3,0,0,3,3,0,0,0,False,False,0
7943,8,0,0,8,8,0,0,0,False,False,0
7944,2,0,0,2,2,0,0,0,False,True,0
7945,2,0,0,2,2,0,0,0,False,True,0
7946,2,0,0,2,2,0,0,0,False,True,0
7947,2,0,0,2,2,0,0,0,False,True,0
7948,2,0,0,2,2,0,0,0,False,True,0
7949,2,0,0,2,2,0,0,0,False,True,0
7950,2,0,0,2,2,0,0,0,False,True,0
7951,2,0,0,2,2,0,0,0,False,True,0
7952,2,0,0,2,2,0,0,0,False,True,0
7953,2,0,0,2,2,0,0,0,False,True,0
7954,2,0,0,2,2,0,0,0,False,True,0
7955,2,0,0,2,2,0,0,0,False,True,0
7956,2,0,0,2,2,0,0,0,False,True,0
7957,2,0,0,2,2,0,0,0,False,True,0
7958,2,0,0,2,2,0,0,0,False,True,0
7959,2,0,0,2,2,0,0,0,False,True,0
7960,10,0,0,10,10,0,0,0,True,False,0
7961,10,0,0,10,10,0,0,0,True,False,0
7962,10,0,0,10,10,0,0,0,True,False,0
7963,10,0,0,10,10,0,0,0,True,False,0
7964,9,0,0,9,9,0,0,0,True,False,0
7965,12,0,0,12,12,0,0,0,True,False,0
7966,9,0,0,9,9,0,0,0,True,False,0
7967,8,0,0,8,8,0,0,0,True,False,0
7968,10,0,0,10,10,0,0,0,True,False,0
7969,7,7,7,7,7,0,0,0,True,False,0
7970,5,0,0,5,5,0,0,0,True,False,0
7971,11,0,0,11,11,0,0,0,True,False,0
7972,13,0,0,13,13,0,0,0,True,False,0
7973,0,126,0,0,0,0,0,0,True,False,0
7974,0,0,0,0,0,0,0,0,True,False,0
7975,91,0,0,91,91,0,0,0,True,False,0
7976,46,0,0,46,46,0,0,0,True,False,0
7977,73,0,0,73,73,0,0,0,True,False,0
7978,10,0,0,10,10,0,0,0,True,False,0
7979,11,0,0,11,11,0,0,0,True,False,0
7980,12,0,0,12,12,0,0,0,True,False,0
7981,10,0,0,10,10,0,0,0,True,False,0
7982,11,0,0,11,11,0,0,0,True,False,0
7983,7,1,1,7,7,0,0,0,True,False,0
7984,8,2,2,8,8,0,0,0,True,False,0
7985,8,1,1,8,8,0,0,0,True,False,0
7986,9,0,0,9,9,0,0,0,True,False,0
7987,9,2,2,9,9,0,0,0,True,False,0
7988,6,1,1,6,6,0,0,0,True,False,0
7989,6,2,2,6,6,0,0,0,True,False,0
7990,7,1,1,7,7,0,0,0,True,False,0
7991,6,0,0,6,6,0,0,0,True,False,0
7992,8,0,0,8,8,0,0,0,True,False,0
7993,7,0,0,7,7,0,0,0,True,False,0
7994,8,0,0,8,8,0,0,0,True,False,0
7995,7,0,0,7,7,0,0,0,True,False,0
7996,7,0,0,7,7,0,0,0,True,False,0
7997,6,0,0,6,6,0,0,0,True,False,0
7998,5,0,0,5,5,0,0,0,True,False,0
7999,13,0,0,13,13,0,0,0,True,False,0
8000,15,0,0,15,15,0,0,0,True,False,0
8001,13,0,0,13,13,0,0,0,True,False,0
8002,12,0,0,12,12,0,0,0,True,False,0
8003,12,0,0,12,12,0,0,0,True,False,0
8004,16,0,0,16,16,0,0,0,True,False,0
8005,13,0,0,13,13,0,0,0,True,False,0
8006,13,0,0,13,13,0,0,0,True,False,0
8007,6,0,0,6,6,0,0,0,True,False,0
8008,4,0,0,4,4,0,0,0,True,False,0
8009,4,0,0,4,4,0,0,0,True,False,0
8010,6,0,0,6,6,0,0,0,True,False,0
8011,12,0,0,12,12,0,0,0,True,False,0
8012,6,0,0,6,6,0,0,0,True,False,0
8013,12,0,0,12,12,0,0,0,True,False,0
8014,4,0,0,4,4,0,0,0,True,False,0
8015,12,0,0,12,12,0,0,0,True,False,0
8016,6,0,0,6,6,0,0,0,True,False,0
8017,13,0,0,13,13,0,0,0,True,False,0
8018,7,0,0,7,7,0,0,0,True,False,0
8019,10,0,0,10,10,0,0,0,True,False,0
8020,6,0,0,6,6,0,0,0,True,False,0
8021,9,0,0,9,9,0,0,0,True,False,0
8022,9,0,0,9,9,0,0,0,True,False,0
8023,12,0,0,12,12,0,0,0,True,False,0
8024,11,0,0,11,11,0,0,0,True,False,0
8025,10,0,0,10,10,0,0,0,True,False,0
8026,11,0,0,11,11,0,0,0,True,False,0
8027,11,0,0,11,11,0,0,0,True,False,0
8028,10,0,0,10,10,0,0,0,True,False,0
8029,10,0,0,10,10,0,0,0,True,False,0
8030,10,0,0,10,10,0,0,0,True,False,0
8031,11,0,0,11,11,0,0,0,True,False,0
8032,8,8,8,8,8,0,0,0,True,False,0
8033,5,0,0,5,5,0,0,0,True,False,0
8034,12,0,0,12,12,0,0,0,True,False,0
8035,10,0,0,10,10,0,0,0,True,False,0
8036,0,120,0,0,0,0,0,0,True,False,0
8037,0,0,0,0,0,0,0,0,True,False,0
8038,94,0,0,94,94,0,0,0,True,False,0
8039,48,0,0,48,48,0,0,0,True,False,0
8040,72,0,0,72,72,1,0,0,True,False,0
8041,11,0,0,11,11,0,0,0,True,False,0
8042,12,0,0,12,12,0,0,0,True,False,0
8043,10,0,0,10,10,0,0,0,True,False,0
8044,11,0,0,11,11,0,0,0,True,False,0
8045,10,0,0,10,10,0,0,0,True,False,0
8046,8,0,0,8,8,0,0,0,True,False,0
8047,8,0,0,8,8,0,0,0,True,False,0
8048,9,0,0,9,9,0,0,0,True,False,0
8049,7,0,0,7,7,0,0,0,True,False,0
8050,8,0,0,8,8,0,0,0,True,False,0
8051,8,0,0,8,8,0,0,0,True,False,0
8052,9,0,0,9,9,0,0,0,True,False,0
8053,7,0,0,7,7,0,0,0,True,False,0
8054,6,0,0,6,6,0,0,0,True,False,0
8055,9,0,0,9,9,0,0,0,True,False,0
8056,10,0,0,10,10,0,0,0,True,False,0
8057,8,0,0,8,8,0,0,0,True,False,0
8058,5,0,0,5,5,0,0,0,True,False,0
8059,7,0,0,7,7,0,0,0,True,False,0
8060,8,0,0,8,8,0,0,0,True,False,0
8061,6,0,0,6,6,0,0,0,True,False,0
8062,12,0,0,12,12,0,0,0,True,False,0
8063,13,0,0,13,13,0,0,0,True,False,0
8064,17,0,0,17,17,0,0,0,True,False,0
8065,13,0,0,13,13,0,0,0,True,False,0
8066,12,0,0,12,12,0,0,0,True,False,0
8067,13,0,0,13,13,0,0,0,True,False,0
8068,13,0,0,13,13,0,0,0,True,False,0
8069,13,0,0,13,13,0,0,0,True,False,0
8070,6,0,0,6,6,0,0,0,True,False,0
8071,4,0,0,4,4,0,0,0,True,False,0
8072,4,0,0,4,4,0,0,0,True,False,0
8073,6,0,0,6,6,0,0,0,True,False,0
8074,12,0,0,12,12,0,0,0,True,False,0
8075,6,0,0,6,6,0,0,0,True,False,0
8076,12,0,0,12,12,0,0,0,True,False,0
8077,4,0,0,4,4,0,0,0,True,False,0
8078,13,0,0,13,13,0,0,0,True,False,0
8079,10,0,0,10,10,0,0,0,True,False,0
8080,4,0,0,4,4,0,0,0,True,False,0
8081,10,0,0,10,10,0,0,0,True,False,0
8082,12,0,0,12,12,0,0,0,True,False,0
8083,12,0,0,12,12,0,0,0,True,False,0
8084,11,0,0,11,11,0,0,0,True,False,0
8085,4,0,0,4,4,0,0,0,True,False,0
8086,11,0,0,11,11,0,0,0,True,False,0
8087,10,0,0,10,10,0,0,0,True,False,0
8088,9,0,0,9,9,0,0,0,True,False,0
8089,12,0,0,12,12,0,0,0,True,False,0
8090,11,0,0,11,11,0,0,0,True,False,0
8091,9,0,0,9,9,0,0,0,True,False,0
8092,10,0,0,10,10,0,0,0,True,False,0
8093,12,0,0,12,12,0,0,0,True,False,0
8094,10,0,0,10,10,0,0,0,True,False,0
8095,8,8,8,8,8,0,0,0,True,False,0
8096,5,0,0,5,5,0,0,0,True,False,0
8097,13,0,0,13,13,0,0,0,True,False,0
8098,10,0,0,10,10,0,0,0,True,False,0
8099,0,122,0,0,0,0,0,0,True,False,0
8100,0,0,0,0,0,0,0,0,True,False,0
8101,96,0,0,96,96,0,0,0,True,False,0
8102,49,0,0,49,49,0,0,0,True,False,0
8103,78,0,0,78,78,0,0,0,True,False,0
8104,13,0,0,13,13,0,0,0,True,False,0
8105,10,0,0,10,10,0,0,0,True,False,0
8106,10,0,0,10,10,0,0,0,True,False,0
8107,13,0,0,13,13,0,0,0,True,False,0
8108,11,0,0,11,11,0,0,0,True,False,0
8109,9,0,0,9,9,0,0,0,True,False,0
8110,8,0,0,8,8,0,0,0,True,False,0
8111,8,0,0,8,8,0,0,0,True,False,0
8112,7,0,0,7,7,0,0,0,True,False,0
8113,7,0,0,7,7,0,0,0,True,False,0
8114,7,0,0,7,7,0,0,0,True,False,0
8115,7,0,0,7,7,0,0,0,True,False,0
8116,9,0,0,9,9,0,0,0,True,False,0
8117,9,0,0,9,9,0,0,0,True,False,0
8118,7,0,0,7,7,0,0,0,True,False,0
8119,6,0,0,6,6,0,0,0,True,False,0
8120,7,0,0,7,7,0,0,0,True,False,0
8121,7,0,0,7,7,0,0,0,True,False,0
8122,8,0,0,8,8,0,0,0,True,False,0
8123,8,0,0,8,8,0,0,0,True,False,0
8124,8,0,0,8,8,0,0,0,True,False,0
8125,14,0,0,14,14,0,0,0,True,False,0
8126,14,0,0,14,14,0,0,0,True,False,0
8127,12,0,0,12,12,0,0,0,True,False,0
8128,17,0,0,17,17,0,0,0,True,False,0
8129,14,0,0,14,14,0,0,0,True,False,0
8130,12,0,0,12,12,0,0,0,True,False,0
8131,12,0,0,12,12,0,0,0,True,False,0
8132,13,0,0,13,13,0,0,0,True,False,0
8133,6,0,0,6,6,0,0,0,True,False,0
8134,4,0,0,4,4,0,0,0,True,False,0
8135,4,0,0,4,4,0,0,0,True,False,0
8136,6,0,0,6,6,0,0,0,True,False,0
8137,12,0,0,12,12,0,0,0,True,False,0
8138,6,0,0,6,6,0,0,0,True,False,0
8139,12,0,0,12,12,0,0,0,True,False,0
8140,4,0,0,4,4,0,0,0,True,False,0
8141,13,0,0,13,13,0,0,0,True,False,0
8142,11,0,0,11,11,0,0,0,True,False,0
8143,15,0,0,15,15,0,0,0,True,False,0
8144,11,0,0,11,11,0,0,0,True,False,0
8145,12,0,0,12,12,0,0,0,True,False,0
8146,10,0,0,10,10,0,0,0,True,False,0
8147,10,0,0,10,10,0,0,0,True,False,0
8148,16,0,0,16,16,0,0,0,True,False,0
8149,11,0,0,11,11,0,0,0,True,False,0
8150,11,0,0,11,11,0,0,0,True,False,0
8151,12,0,0,12,12,0,0,0,True,False,0
8152,12,0,0,12,12,0,0,0,True,False,0
8153,8,0,0,8,8,0,0,0,True,False,0
8154,11,0,0,11,11,0,0,0,True,False,0
8155,11,0,0,11,11,0,0,0,True,False,0
8156,8,0,0,8,8,0,0,0,True,False,0
8157,10,1,1,10,10,0,0,0,True,False,0
8158,7,7,7,7,7,0,0,0,True,False,0
8159,5,0,0,5,5,0,0,0,True,False,0
8160,11,1,1,11,11,0,0,0,True,False,0
8161,12,1,1,12,12,0,0,0,True,False,0
8162,0,116,0,0,0,0,0,0,True,False,0
8163,0,0,0,0,0,0,0,0,True,False,0
8164,92,0,0,92,92,0,0,0,True,False,0
8165,47,0,0,47,47,0,0,0,True,False,0
8166,79,0,0,79,79,0,0,0,True,False,0
8167,11,1,1,11,11,0,0,0,True,False,0
8168,10,1,1,10,10,0,0,0,True,False,0
8169,10,1,1,10,10,0,0,0,True,False,0
8170,10,1,1,10,10,0,0,0,True,False,0
8171,10,1,1,10,10,0,0,0,True,False,0
8172,6,0,0,6,6,0,0,0,True,False,0
8173,8,0,0,8,8,0,0,0,True,False,0
8174,8,0,0,8,8,0,0,0,True,False,0
8175,9,0,0,9,9,0,0,0,True,False,0
8176,8,0,0,8,8,0,0,0,True,False,0
8177,7,0,0,7,7,0,0,0,True,False,0
8178,8,0,0,8,8,0,0,0,True,False,0
8179,8,0,0,8,8,0,0,0,True,False,0
8180,6,0,0,6,6,0,0,0,True,False,0
8181,8,0,0,8,8,0,0,0,True,False,0
8182,7,0,0,7,7,0,0,0,True,False,0
8183,7,0,0,7,7,0,0,0,True,False,0
8184,7,0,0,7,7,0,0,0,True,False,0
8185,8,0,0,8,8,0,0,0,True,False,0
8186,8,0,0,8,8,0,0,0,True,False,0
8187,7,0,0,7,7,0,0,0,True,False,0
8188,11,0,0,11,11,0,0,0,True,False,0
8189,13,0,0,13,13,0,0,0,True,False,0
8190,13,0,0,13,13,0,0,0,True,False,0
8191,12,0,0,12,12,0,0,0,True,False,0
8192,11,0,0,11,11,0,0,0,True,False,0
8193,16,0,0,16,16,0,0,0,True,False,0
8194,14,0,0,14,14,0,0,0,True,False,0
8195,13,0,0,13,13,0,0,0,True,False,0
8196,6,0,0,6,6,0,0,0,True,False,0
8197,4,0,0,4,4,0,0,0,True,False,0
8198,4,0,0,4,4,0,0,0,True,False,0
8199,6,0,0,6,6,0,0,0,True,False,0
8200,12,0,0,12,12,0,0,0,True,False,0
8201,6,0,0,6,6,0,0,0,True,False,0
8202,12,0,0,12,12,0,0,0,True,False,0
8203,4,0,0,4,4,0,0,0,True,False,0
8204,7,0,0,7,7,0,0,0,True,False,0
8205,10,0,0,10,10,0,0,0,True,False,0
8206,6,0,0,6,6,0,0,0,True,False,0
8207,10,0,0,10,10,0,0,0,True,False,0
8208,10,0,0,10,10,0,0,0,True,False,0
8209,10,0,0,10,10,0,0,0,True,False,0
8210,10,0,0,10,10,0,0,0,True,False,0
8211,10,0,0,10,10,0,0,0,True,False,0
8212,11,0,0,11,11,0,0,0,True,False,0
8213,10,0,0,10,10,0,0,0,True,False,0
8214,9,0,0,9,9,0,0,0,True,False,0
8215,10,0,0,10,10,0,0,0,True,False,0
8216,11,0,0,11,11,0,0,0,True,False,0
8217,10,0,0,10,10,0,0,0,True,False,0
8218,10,0,0,10,10,0,0,0,True,False,0
8219,13,0,0,13,13,0,0,0,True,False,0
8220,9,0,0,9,9,0,0,0,True,False,0
8221,8,8,8,8,8,0,0,0,True,False,0
8222,5,0,0,5,5,0,0,0,True,False,0
8223,9,0,0,9,9,0,0,0,True,False,0
8224,8,0,0,8,8,0,0,0,True,False,0
8225,10,119,10,10,10,0,0,0,True,False,0
8226,140,0,0,140,140,0,0,0,True,False,0
8227,90,0,0,90,90,0,0,0,True,False,0
8228,51,0,0,51,51,0,0,0,True,False,0
8229,72,0,0,72,72,0,0,0,True,False,0
8230,9,0,0,9,9,0,0,0,True,False,0
8231,8,0,0,8,8,0,0,0,True,False,0
8232,8,0,0,8,8,0,0,0,True,False,0
8233,9,0,0,9,9,0,0,0,True,False,0
8234,9,0,0,9,9,0,0,0,True,False,0
8235,8,0,0,8,8,0,0,0,True,False,0
8236,8,0,0,8,8,0,0,0,True,False,0
8237,9,0,0,9,9,0,0,0,True,False,0
8238,7,0,0,7,7,0,0,0,True,False,0
8239,6,0,0,6,6,0,0,0,True,False,0
8240,8,0,0,8,8,0,0,0,True,False,0
8241,8,0,0,8,8,0,0,0,True,False,0
8242,9,0,0,9,9,0,0,0,True,False,0
8243,10,0,0,10,10,0,0,0,True,False,0
8244,7,0,0,7,7,0,0,0,True,False,0
8245,6,0,0,6,6,0,0,0,True,False,0
8246,7,0,0,7,7,0,0,0,True,False,0
8247,6,0,0,6,6,0,0,0,True,False,0
8248,6,0,0,6,6,0,0,0,True,False,0
8249,6,0,0,6,6,0,0,0,True,False,0
8250,7,0,0,7,7,0,0,0,True,False,0
8251,14,0,0,14,14,0,0,0,True,False,0
8252,13,0,0,13,13,0,0,0,True,False,0
8253,14,0,0,14,14,0,0,0,True,False,0
8254,15,0,0,15,15,0,0,0,True,False,0
8255,14,0,0,14,14,0,0,0,True,False,0
8256,13,0,0,13,13,0,0,0,True,False,0
8257,13,0,0,13,13,0,0,0,True,False,0
8258,14,0,0,14,14,0,0,0,True,False,0
8259,6,0,0,6,6,0,0,0,True,False,0
8260,4,0,0,4,4,0,0,0,True,False,0
8261,4,0,0,4,4,0,0,0,True,False,0
8262,6,0,0,6,6,0,0,0,True,False,0
8263,12,0,0,12,12,0,0,0,True,False,0
8264,6,0,0,6,6,0,0,0,True,False,0
8265,12,0,0,12,12,0,0,0,True,False,0
8266,4,0,0,4,4,0,0,0,True,False,0
8267,10,0,0,10,10,0,0,0,True,False,0
8268,10,0,0,10,10,0,0,0,True,False,0
8269,10,0,0,10,10,0,0,0,True,False,0
8270,14,0,0,14,14,0,0,0,True,False,0
8271,11,0,0,11,11,0,0,0,True,False,0
8272,4,0,0,4,4,0,0,0,True,False,0
8273,12,0,0,12,12,0,0,0,True,False,0
8274,10,0,0,10,10,0,0,0,True,False,0
8275,11,0,0,11,11,0,0,0,True,False,0
8276,10,0,0,10,10,0,0,0,True,False,0
8277,11,0,0,11,11,0,0,0,True,False,0
8278,11,0,0,11,11,0,0,0,True,False,0
8279,11,0,0,11,11,0,0,0,True,False,0
8280,14,0,0,14,14,0,0,0,True,False,0
8281,11,0,0,11,11,0,0,0,True,False,0
8282,12,0,0,12,12,0,0,0,True,False,0
8283,9,0,0,9,9,0,0,0,True,False,0
8284,7,7,7,7,7,0,0,0,True,False,0
8285,5,0,0,5,5,0,0,0,True,False,0
8286,9,0,0,9,9,0,0,0,True,False,0
8287,9,0,0,9,9,0,0,0,True,False,0
8288,0,118,0,0,0,0,0,0,True,False,0
8289,60,0,0,60,60,0,0,0,True,False,0
8290,86,0,0,86,86,0,0,0,True,False,0
8291,52,0,0,52,52,0,0,0,True,False,0
8292,74,0,0,74,74,0,0,0,True,False,0
8293,8,0,0,8,8,0,0,0,True,False,0
8294,8,0,0,8,8,0,0,0,True,False,0
8295,10,0,0,10,10,0,0,0,True,False,0
8296,7,0,0,7,7,0,0,0,True,False,0
8297,7,0,0,7,7,0,0,0,True,False,0
8298,8,0,0,8,8,0,0,0,True,False,0
8299,8,0,0,8,8,0,0,0,True,False,0
8300,7,0,0,7,7,0,0,0,True,False,0
8301,7,0,0,7,7,0,0,0,True,False,0
8302,8,0,0,8,8,0,0,0,True,False,0
8303,7,0,0,7,7,0,0,0,True,False,0
8304,7,0,0,7,7,0,0,0,True,False,0
8305,8,0,0,8,8,0,0,0,True,False,0
8306,7,0,0,7,7,0,0,0,True,False,0
8307,6,0,0,6,6,0,0,0,True,False,0
8308,6,0,0,6,6,0,0,0,True,False,0
8309,7,0,0,7,7,0,0,0,True,False,0
8310,7,0,0,7,7,0,0,0,True,False,0
8311,6,0,0,6,6,0,0,0,True,False,0
8312,7,0,0,7,7,0,0,0,True,False,0
8313,8,0,0,8,8,0,0,0,True,False,0
8314,12,0,0,12,12,0,0,0,True,False,0
8315,14,0,0,14,14,0,0,0,True,False,0
8316,13,0,0,13,13,0,0,0,True,False,0
8317,16,0,0,16,16,0,0,0,True,False,0
8318,15,0,0,15,15,0,0,0,True,False,0
8319,15,0,0,15,15,0,0,0,True,False,0
8320,12,0,0,12,12,0,0,0,True,False,0
8321,11,0,0,11,11,0,0,0,True,False,0
8322,6,0,0,6,6,0,0,0,True,False,0
8323,4,0,0,4,4,0,0,0,True,False,0
8324,4,0,0,4,4,0,0,0,True,False,0
8325,6,0,0,6,6,0,0,0,True,False,0
8326,12,0,0,12,12,0,0,0,True,False,0
8327,6,0,0,6,6,0,0,0,True,False,0
8328,12,0,0,12,12,0,0,0,True,False,0
8329,4,0,0,4,4,0,0,0,True,False,0
8330,13,0,0,13,13,0,0,0,True,False,0
8331,9,0,0,9,9,0,0,0,True,False,0
8332,10,0,0,10,10,0,0,0,True,False,0
8333,7,0,0,7,7,0,0,0,True,False,0
8334,9,0,0,9,9,0,0,0,True,False,0
8335,8,0,0,8,8,0,0,0,True,False,0
8336,8,0,0,8,8,0,0,0,True,False,0
8337,16,0,0,16,16,0,0,0,True,False,0
8338,10,0,0,10,10,0,0,0,True,False,0
8339,11,0,0,11,11,0,0,0,True,False,0
8340,12,0,0,12,12,0,0,0,True,False,0
8341,11,0,0,11,11,0,0,0,True,False,0
8342,10,0,0,10,10,0,0,0,True,False,0
8343,10,0,0,10,10,0,0,0,True,False,0
8344,11,0,0,11,11,0,0,0,True,False,0
8345,10,0,0,10,10,0,0,0,True,False,0
8346,11,0,0,11,11,0,0,0,True,False,0
8347,8,8,8,8,8,0,0,0,True,False,0
8348,5,0,0,5,5,0,0,0,True,False,0
8349,10,0,0,10,10,0,0,0,True,False,0
8350,9,0,0,9,9,0,0,0,True,False,0
8351,0,124,0,0,0,0,0,0,True,False,0
8352,0,0,0,0,0,0,0,0,True,False,0
8353,93,0,0,93,93,0,0,0,True,False,0
8354,50,0,0,50,50,0,0,0,True,False,0
8355,75,0,0,75,75,0,0,0,True,False,0
8356,8,0,0,8,8,0,0,0,True,False,0
8357,8,0,0,8,8,0,0,0,True,False,0
8358,7,0,0,7,7,0,0,0,True,False,0
8359,9,0,0,9,9,0,0,0,True,False,0
8360,9,0,0,9,9,0,0,0,True,False,0
8361,7,0,0,7,7,0,0,0,True,False,0
8362,7,0,0,7,7,0,0,0,True,False,0
8363,8,0,0,8,8,0,0,0,True,False,0
8364,7,0,0,7,7,0,0,0,True,False,0
8365,9,0,0,9,9,0,0,0,True,False,0
8366,8,0,0,8,8,0,0,0,True,False,0
8367,8,0,0,8,8,0,0,0,True,False,0
8368,7,0,0,7,7,0,0,0,True,False,0
8369,7,0,0,7,7,0,0,0,True,False,0
8370,5,0,0,5,5,0,0,0,True,False,0
8371,7,0,0,7,7,0,0,0,True,False,0
8372,6,0,0,6,6,0,0,0,True,False,0
8373,7,0,0,7,7,0,0,0,True,False,0
8374,6,0,0,6,6,0,0,0,True,False,0
8375,6,0,0,6,6,0,0,0,True,False,0
8376,8,0,0,8,8,0,0,0,True,False,0
8377,12,0,0,12,12,0,0,0,True,False,0
8378,13,0,0,13,13,0,0,0,True,False,0
8379,14,0,0,14,14,0,0,0,True,False,0
8380,13,0,0,13,13,0,0,0,True,False,0
8381,13,0,0,13,13,0,0,0,True,False,0
8382,16,0,0,16,16,0,0,0,True,False,0
8383,14,0,0,14,14,0,0,0,True,False,0
8384,13,0,0,13,13,0,0,0,True,False,0
8385,6,0,0,6,6,0,0,0,True,False,0
8386,4,0,0,4,4,0,0,0,True,False,0
8387,4,0,0,4,4,0,0,0,True,False,0
8388,6,0,0,6,6,0,0,0,True,False,0
8389,12,0,0,12,12,0,0,0,True,False,0
8390,6,0,0,6,6,0,0,0,True,False,0
8391,12,0,0,12,12,0,0,0,True,False,0
8392,4,0,0,4,4,0,0,0,True,False,0
8393,10,0,0,10,10,0,0,0,True,False,0
8394,9,0,0,9,9,0,0,0,True,False,0
8395,4,0,0,4,4,0,0,0,True,False,0
8396,12,0,0,12,12,0,0,0,True,False,0
8397,8,0,0,8,8,0,0,0,True,False,0
8398,10,0,0,10,10,0,0,0,True,False,0
8399,7,0,0,7,7,0,0,0,True,False,0
8400,7,0,0,7,7,0,0,0,True,False,0
8401,8,0,0,8,8,0,0,0,True,False,0
8402,10,0,0,10,10,0,0,0,True,False,0
8403,11,0,0,11,11,0,0,0,True,False,0
8404,10,0,0,10,10,0,0,0,True,False,0
8405,10,0,0,10,10,0,0,0,True,False,0
8406,13,0,0,13,13,0,0,0,True,False,0
8407,11,0,0,11,11,0,0,0,True,False,0
8408,10,0,0,10,10,0,0,0,True,False,0
8409,8,0,0,8,8,0,0,0,True,False,0
8410,7,7,7,7,7,0,0,0,True,False,0
8411,5,0,0,5,5,0,0,0,True,False,0
8412,9,0,0,9,9,0,0,0,True,False,0
8413,7,0,0,7,7,0,0,0,True,False,0
8414,0,118,0,0,0,0,0,0,True,False,0
8415,0,0,0,0,0,0,0,0,True,False,0
8416,92,0,0,92,92,0,0,0,True,False,0
8417,49,0,0,49,49,0,0,0,True,False,0
8418,76,0,0,76,76,0,0,0,True,False,0
8419,8,0,0,8,8,0,0,0,True,False,0
8420,7,0,0,7,7,0,0,0,True,False,0
8421,7,0,0,7,7,0,0,0,True,False,0
8422,10,0,0,10,10,0,0,0,True,False,0
8423,9,0,0,9,9,0,0,0,True,False,0
8424,10,0,0,10,10,0,0,0,True,False,0
8425,9,0,0,9,9,0,0,0,True,False,0
8426,9,0,0,9,9,0,0,0,True,False,0
8427,8,0,0,8,8,0,0,0,True,False,0
8428,7,0,0,7,7,0,0,0,True,False,0
8429,7,0,0,7,7,0,0,0,True,False,0
8430,8,0,0,8,8,0,0,0,True,False,0
8431,6,0,0,6,6,0,0,0,True,False,0
8432,6,0,0,6,6,0,0,0,True,False,0
8433,7,0,0,7,7,0,0,0,True,False,0
8434,7,0,0,7,7,0,0,0,True,False,0
8435,8,0,0,8,8,0,0,0,True,False,0
8436,7,0,0,7,7,0,0,0,True,False,0
8437,8,0,0,8,8,0,0,0,True,False,0
8438,7,0,0,7,7,0,0,0,True,False,0
8439,6,0,0,6,6,0,0,0,True,False,0
8440,15,0,0,15,15,0,0,0,True,False,0
8441,14,0,0,14,14,0,0,0,True,False,0
8442,13,0,0,13,13,0,0,0,True,False,0
8443,13,0,0,13,13,0,0,0,True,False,0
8444,12,0,0,12,12,0,0,0,True,False,0
8445,12,0,0,12,12,0,0,0,True,False,0
8446,14,0,0,14,14,0,0,0,True,False,0
8447,16,0,0,16,16,0,0,0,True,False,0
8448,6,0,0,6,6,0,0,0,True,False,0
8449,4,0,0,4,4,0,0,0,True,False,0
8450,4,0,0,4,4,0,0,0,True,False,0
8451,6,0,0,6,6,0,0,0,True,False,0
8452,12,0,0,12,12,0,0,0,True,False,0
8453,6,0,0,6,6,0,0,0,True,False,0
8454,12,0,0,12,12,0,0,0,True,False,0
8455,4,0,0,4,4,0,0,0,True,False,0
8456,15,0,0,15,15,0,0,0,True,False,0
8457,15,0,0,15,15,0,0,0,True,False,0
8458,15,0,0,15,15,0,0,0,True,False,0
8459,13,0,0,13,13,0,0,0,True,False,0
8460,10,0,0,10,10,0,0,0,True,False,0
8461,3,0,0,3,3,0,0,0,True,False,0
8462,6,0,0,6,6,0,0,0,True,False,0
8463,14,0,0,14,14,0,0,0,True,False,0
8464,1,0,0,1,1,0,0,0,True,True,0
8465,1,0,0,1,1,0,0,0,True,True,0
8466,1,0,0,1,1,0,0,0,True,True,0
8467,1,0,0,1,1,0,0,0,True,True,0
8468,10,0,0,10,10,0,0,0,True,False,0
8469,9,0,0,9,9,0,0,0,True,False,0
8470,11,0,0,11,11,0,0,0,True,False,0
8471,12,0,0,12,12,0,0,0,True,False,0
8472,11,0,0,11,11,0,0,0,True,False,0
8473,9,0,0,9,9,0,0,0,True,False,0
8474,10,0,0,10,10,0,0,0,True,False,0
8475,11,0,0,11,11,0,0,0,True,False,0
8476,8,0,0,8,8,0,0,0,True,False,0
8477,8,8,8,8,8,0,0,0,True,False,0
8478,5,0,0,5,5,0,0,0,True,False,0
8479,10,0,0,10,10,0,0,0,True,False,0
8480,7,0,0,7,7,0,0,0,True,False,0
8481,0,119,0,0,0,0,0,0,True,False,0
8482,0,0,0,0,0,0,0,0,True,False,0
8483,93,0,0,93,93,0,0,0,True,False,0
8484,46,0,0,46,46,0,0,0,True,False,0
8485,77,0,0,77,77,0,0,0,True,False,0
8486,6,0,0,6,6,0,0,0,True,False,0
8487,8,0,0,8,8,0,0,0,True,False,0
8488,9,0,0,9,9,0,0,0,True,False,0
8489,8,0,0,8,8,0,0,0,True,False,0
8490,9,0,0,9,9,0,0,0,True,False,0
8491,7,0,0,7,7,0,0,0,True,False,0
8492,7,0,0,7,7,0,0,0,True,False,0
8493,8,0,0,8,8,0,0,0,True,False,0
8494,8,0,0,8,8,0,0,0,True,False,0
8495,7,0,0,7,7,0,0,0,True,False,0
8496,7,0,0,7,7,0,0,0,True,False,0
8497,6,0,0,6,6,0,0,0,True,False,0
8498,10,0,0,10,10,0,0,0,True,False,0
8499,5,0,0,5,5,0,0,0,True,False,0
8500,5,0,0,5,5,0,0,0,True,False,0
8501,6,0,0,6,6,0,0,0,True,False,0
8502,10,0,0,10,10,0,0,0,True,False,0
8503,5,0,0,5,5,0,0,0,True,False,0
8504,7,0,0,7,7,0,0,0,True,False,0
8505,8,0,0,8,8,0,0,0,True,False,0
8506,6,0,0,6,6,0,0,0,True,False,0
8507,14,0,0,14,14,0,0,0,True,False,0
8508,13,0,0,13,13,0,0,0,True,False,0
8509,13,0,0,13,13,0,0,0,True,False,0
8510,15,0,0,15,15,0,0,0,True,False,0
8511,14,0,0,14,14,0,0,0,True,False,0
8512,12,0,0,12,12,0,0,0,True,False,0
8513,11,0,0,11,11,0,0,0,True,False,0
8514,14,0,0,14,14,0,0,0,True,False,0
8515,6,0,0,6,6,0,0,0,True,False,0
8516,4,0,0,4,4,0,0,0,True,False,0
8517,4,0,0,4,4,0,0,0,True,False,0
8518,6,0,0,6,6,0,0,0,True,False,0
8519,13,0,0,13,13,0,0,0,True,False,0
8520,6,0,0,6,6,0,0,0,True,False,0
8521,12,0,0,12,12,0,0,0,True,False,0
8522,4,0,0,4,4,0,0,0,True,False,0
8523,14,0,0,14,14,0,0,0,True,False,0
8524,14,0,0,14,14,0,0,0,True,False,0
8525,8,0,0,8,8,0,0,0,True,False,0
8526,9,0,0,9,9,0,0,0,True,False,0
8527,12,0,0,12,12,0,0,0,True,False,0
8528,8,0,0,8,8,0,0,0,True,False,0
8529,10,0,0,10,10,0,0,0,True,False,0
8530,14,0,0,14,14,0,0,0,True,False,0
8531,8,0,0,8,8,0,0,0,True,False,0
8532,8,0,0,8,8,0,0,0,True,False,0
8533,8,0,0,8,8,0,0,0,True,False,0
8534,6,0,0,6,6,0,0,0,True,False,0
8535,8,0,0,8,8,0,0,0,True,False,0
8536,6,0,0,6,6,0,0,0,True,False,0
8537,7,0,0,7,7,0,0,0,True,False,0
8538,8,0,0,8,8,0,0,0,True,False,0
8539,6,0,0,6,6,0,0,0,True,False,0
8540,5,5,5,5,5,0,0,0,True,False,0
8541,3,0,0,3,3,0,0,0,True,False,0
8542,7,0,0,7,7,0,0,0,True,False,0
8543,6,0,0,6,6,0,0,0,True,False,0
8544,0,83,0,0,0,0,0,0,True,False,0
8545,0,0,0,0,0,0,0,0,True,False,0
8546,66,0,0,66,66,0,0,0,True,False,0
8547,33,0,0,33,33,0,0,0,True,False,0
8548,56,0,0,56,56,0,0,0,True,False,0
8549,7,0,0,7,7,0,0,0,True,False,0
8550,5,0,0,5,5,0,0,0,True,False,0
8551,6,0,0,6,6,0,0,0,True,False,0
8552,6,0,0,6,6,0,0,0,True,False,0
8553,5,0,0,5,5,0,0,0,True,False,0
8554,5,0,0,5,5,0,0,0,True,False,0
8555,6,0,0,6,6,0,0,0,True,False,0
8556,4,0,0,4,4,0,0,0,True,False,0
8557,4,0,0,4,4,0,0,0,True,False,0
8558,6,0,0,6,6,0,0,0,True,False,0
8559,6,0,0,6,6,0,0,0,True,False,0
8560,4,0,0,4,4,0,0,0,True,False,0
8561,4,0,0,4,4,0,0,0,True,False,0
8562,7,0,0,7,7,0,0,0,True,False,0
8563,4,0,0,4,4,0,0,0,True,False,0
8564,4,0,0,4,4,0,0,0,True,False,0
8565,4,0,0,4,4,0,0,0,True,False,0
8566,5,0,0,5,5,0,0,0,True,False,0
8567,6,0,0,6,6,0,0,0,True,False,0
8568,6,0,0,6,6,0,0,0,True,False,0
8569,6,0,0,6,6,0,0,0,True,False,0
8570,10,0,0,10,10,0,0,0,True,False,0
8571,9,0,0,9,9,0,0,0,True,False,0
8572,9,0,0,9,9,0,0,0,True,False,0
8573,10,0,0,10,10,0,0,0,True,False,0
8574,9,0,0,9,9,0,0,0,True,False,0
8575,10,0,0,10,10,0,0,0,True,False,0
8576,9,0,0,9,9,0,0,0,True,False,0
8577,10,0,0,10,10,0,0,0,True,False,0
8578,5,0,0,5,5,0,0,0,True,False,0
8579,3,0,0,3,3,0,0,0,True,False,0
8580,2,0,0,2,2,0,0,0,True,True,0
8581,4,0,0,4,4,0,0,0,True,False,0
8582,8,0,0,8,8,0,0,0,True,False,0
8583,5,0,0,5,5,0,0,0,True,False,0
8584,9,0,0,9,9,0,0,0,True,False,0
8585,3,0,0,3,3,0,0,0,True,False,0
8586,6,0,0,6,6,0,0,0,True,False,0
8587,13,0,0,13,13,0,0,0,True,False,0
8588,8,0,0,8,8,0,0,0,True,False,0
8589,6,0,0,6,6,0,0,0,True,False,0
8590,11,0,0,11,11,0,0,0,True,False,0
8591,12,0,0,12,12,0,0,0,True,False,0
8592,3,0,0,3,3,0,0,0,True,False,0
8593,11,0,0,11,11,0,0,0,True,False,0
8594,1,0,0,1,1,0,0,0,True,True,0
8595,1,0,0,1,1,0,0,0,True,True,0
8596,1,0,0,1,1,0,0,0,True,True,0
8597,1,0,0,1,1,0,0,0,True,True,0
8598,3,0,0,3,3,0,0,0,False,False,0
8599,3,0,0,3,3,0,0,0,False,False,0
8600,3,0,0,3,3,0,0,0,False,False,0
8601,3,0,0,3,3,0,0,0,False,False,0
8602,4,0,0,4,4,0,0,0,False,False,0
8603,4,0,0,4,4,0,0,0,False,False,0
8604,4,0,0,4,4,0,0,0,False,False,0
8605,3,0,0,3,3,0,0,0,False,False,0
8606,4,0,0,4,4,0,0,0,False,False,0
8607,3,2,2,3,3,0,0,0,False,False,0
8608,2,0,0,2,2,0,0,0,False,True,0
8609,3,0,0,3,3,0,0,0,False,False,0
8610,4,0,0,4,4,0,0,0,False,False,0
8611,11,25,10,11,11,0,0,0,False,False,0
8612,200,0,0,200,200,0,0,0,False,False,0
8613,21,0,0,21,21,0,0,0,False,False,0
8614,11,0,0,11,11,0,0,0,False,False,0
8615,15,0,0,15,15,0,0,0,False,False,0
8616,4,0,0,4,4,0,0,0,False,False,0
8617,4,0,0,4,4,0,0,0,False,False,0
8618,3,0,0,3,3,0,0,0,False,False,0
8619,4,0,0,4,4,0,0,0,False,False,0
8620,4,0,0,4,4,0,0,0,False,False,0
8621,2,1,1,2,2,0,0,0,False,True,0
8622,3,2,2,3,3,0,0,0,False,False,0
8623,3,2,2,3,3,0,0,0,False,False,0
8624,2,1,1,2,2,0,0,0,False,True,0
8625,2,1,1,2,2,0,0,0,False,True,0
8626,3,2,2,3,3,0,0,0,False,False,0
8627,3,2,2,3,3,0,0,0,False,False,0
8628,3,2,2,3,3,0,0,0,False,False,0
8629,4,0,0,4,4,0,0,0,False,False,0
8630,3,0,0,3,3,0,0,0,False,False,0
8631,3,0,0,3,3,0,0,0,False,False,0
8632,3,0,0,3,3,0,0,0,False,False,0
8633,3,0,0,3,3,0,0,0,False,False,0
8634,2,0,0,2,2,0,0,0,False,True,0
8635,4,0,0,4,4,0,0,0,False,False,0
8636,3,0,0,3,3,0,0,0,False,False,0
8637,3,0,0,3,3,0,0,0,False,False,0
8638,4,0,0,4,4,0,0,0,False,False,0
8639,5,0,0,5,5,0,0,0,False,False,0
8640,4,0,0,4,4,0,0,0,False,False,0
8641,5,0,0,5,5,0,0,0,False,False,0
8642,4,0,0,4,4,0,0,0,False,False,0
8643,5,0,0,5,5,0,0,0,False,False,0
8644,4,0,0,4,4,0,0,0,False,False,0
8645,3,0,0,3,3,0,0,0,False,False,0
8646,4,0,0,4,4,0,0,0,False,False,0
8647,2,0,0,2,2,0,0,0,False,True,0
8648,3,0,0,3,3,0,0,0,False,False,0
8649,4,0,0,4,4,0,0,0,False,False,0
8650,3,0,0,3,3,0,0,0,False,False,0
8651,3,0,0,3,3,0,0,0,False,False,0
8652,2,0,0,2,2,0,0,0,False,True,0
8653,6,0,0,6,6,0,0,0,False,False,0
8654,3,0,0,3,3,0,0,0,False,False,0
8655,3,0,0,3,3,0,0,0,False,False,0
8656,3,0,0,3,3,0,0,0,False,False,0
8657,2,0,0,2,2,0,0,0,False,True,0
8658,2,0,0,2,2,0,0,0,False,True,0
8659,2,0,0,2,2,0,0,0,False,True,0
8660,2,0,0,2,2,0,0,0,False,True,0
8661,2,0,0,2,2,0,0,0,False,True,0
8662,2,0,0,2,2,0,0,0,False,True,0
8663,2,0,0,2,2,0,0,0,False,True,0
8664,2,0,0,2,2,0,0,0,False,True,0
8665,2,0,0,2,2,0,0,0,False,True,0
8666,2,0,0,2,2,0,0,0,False,True,0
8667,2,0,0,2,2,0,0,0,False,True,0
8668,2,0,0,2,2,0,0,0,False,True,0
8669,2,0,0,2,2,0,0,0,False,True,0
8670,2,0,0,2,2,0,0,0,False,True,0
8671,2,0,0,2,2,0,0,0,False,True,0
8672,2,0,0,2,2,0,0,0,False,True,0
8673,2,0,0,2,2,0,0,0,False,True,0
8674,2,0,0,2,2,0,0,0,False,True,0
8675,2,0,0,2,2,0,0,0,False,True,0
8676,2,0,0,2,2,0,0,0,False,True,0
8677,10,0,0,10,10,0,0,0,True,False,0
8678,10,0,0,10,10,0,0,0,True,False,0
8679,12,0,0,12,12,0,0,0,True,False,0
8680,9,0,0,9,9,0,0,0,True,False,0
8681,13,0,0,13,13,0,0,0,True,False,0
8682,10,0,0,10,10,0,0,0,True,False,0
8683,11,0,0,11,11,0,0,0,True,False,0
8684,9,0,0,9,9,0,0,0,True,False,0
8685,13,0,0,13,13,0,0,0,True,False,0
8686,7,7,7,7,7,0,0,0,True,False,0
8687,6,0,0,6,6,0,0,0,True,False,0
8688,11,0,0,11,11,0,0,0,True,False,0
8689,12,0,0,12,12,0,0,0,True,False,0
8690,0,117,0,0,0,0,0,0,True,False,0
8691,0,0,0,0,0,0,0,0,True,False,0
8692,93,0,0,93,93,0,0,0,True,False,0
8693,51,0,0,51,51,0,0,0,True,False,0
8694,74,0,0,74,74,0,0,0,True,False,0
8695,10,0,0,10,10,0,0,0,True,False,0
8696,11,0,0,11,11,0,0,0,True,False,0
8697,11,0,0,11,11,0,0,0,True,False,0
8698,14,0,0,14,14,0,0,0,True,False,0
8699,11,0,0,11,11,0,0,0,True,False,0
8700,7,3,3,7,7,0,0,0,True,False,0
8701,8,1,1,8,8,0,0,0,True,False,0
8702,7,2,2,7,7,0,0,0,True,False,0
8703,8,3,3,8,8,0,0,0,True,False,0
8704,8,2,2,8,8,0,0,0,True,False,0
8705,7,2,2,7,7,0,0,0,True,False,0
8706,8,1,1,8,8,0,0,0,True,False,0
8707,8,1,1,8,8,0,0,0,True,False,0
8708,6,0,0,6,6,0,0,0,True,False,0
8709,6,0,0,6,6,0,0,0,True,False,0
8710,6,0,0,6,6,0,0,0,True,False,0
8711,8,0,0,8,8,0,0,0,True,False,0
8712,8,0,0,8,8,0,0,0,True,False,0
8713,8,0,0,8,8,0,0,0,True,False,0
8714,7,0,0,7,7,0,0,0,True,False,0
8715,7,0,0,7,7,0,0,0,True,False,0
8716,15,0,0,15,15,0,0,0,True,False,0
8717,15,0,0,15,15,0,0,0,True,False,0
8718,12,0,0,12,12,0,0,0,True,False,0
8719,13,0,0,13,13,0,0,0,True,False,0
8720,11,0,0,11,11,0,0,0,True,False,0
8721,16,0,0,16,16,0,0,0,True,False,0
8722,12,0,0,12,12,0,0,0,True,False,0
8723,16,0,0,16,16,0,0,0,True,False,0
8724,6,0,0,6,6,0,0,0,True,False,0
8725,12,0,0,12,12,0,0,0,True,False,0
8726,4,0,0,4,4,0,0,0,True,False,0
8727,6,0,0,6,6,0,0,0,True,False,0
8728,12,0,0,12,12,0,0,0,True,False,0
8729,6,0,0,6,6,0,0,0,True,False,0
8730,6,0,0,6,6,0,0,0,True,False,0
8731,4,0,0,4,4,0,0,0,True,False,0
8732,7,0,0,7,7,0,0,0,True,False,0
8733,14,0,0,14,14,0,0,0,True,False,0
8734,14,0,0,14,14,0,0,0,True,False,0
8735,11,0,0,11,11,0,0,0,True,False,0
8736,7,0,0,7,7,0,0,0,True,False,0
8737,9,0,0,9,9,0,0,0,True,False,0
8738,12,0,0,12,12,0,0,0,True,False,0
8739,9,0,0,9,9,0,0,0,True,False,0
8740,10,0,0,10,10,0,0,0,True,False,0
8741,9,0,0,9,9,0,0,0,True,False,0
8742,13,0,0,13,13,0,0,0,True,False,0
8743,10,0,0,10,10,0,0,0,True,False,0
8744,11,0,0,11,11,0,0,0,True,False,0
8745,10,0,0,10,10,0,0,0,True,False,0
8746,11,0,0,11,11,0,0,0,True,False,0
8747,11,0,0,11,11,0,0,0,True,False,0
8748,12,0,0,12,12,0,0,0,True,False,0
8749,8,8,8,8,8,0,0,0,True,False,0
8750,5,0,0,5,5,0,0,0,True,False,0
8751,11,0,0,11,11,0,0,0,True,False,0
8752,11,0,0,11,11,0,0,0,True,False,0
8753,0,113,0,0,0,0,0,0,True,False,0
8754,0,0,0,0,0,0,0,0,True,False,0
8755,92,0,0,92,92,0,0,0,True,False,0
8756,49,0,0,49,49,0,0,0,True,False,0
8757,78,0,0,78,78,0,0,0,True,False,0
8758,10,0,0,10,10,0,0,0,True,False,0
8759,13,0,0,13,13,0,0,0,True,False,0
8760,10,0,0,10,10,0,0,0,True,False,0
8761,11,0,0,11,11,0,0,0,True,False,0
8762,10,0,0,10,10,0,0,0,True,False,0
8763,6,0,0,6,6,0,0,0,True,False,0
8764,8,0,0,8,8,0,0,0,True,False,0
8765,6,0,0,6,6,0,0,0,True,False,0
8766,10,0,0,10,10,0,0,0,True,False,0
8767,7,0,0,7,7,0,0,0,True,False,0
8768,8,0,0,8,8,0,0,0,True,False,0
8769,7,0,0,7,7,0,0,0,True,False,0
8770,7,0,0,7,7,0,0,0,True,False,0
8771,8,0,0,8,8,0,0,0,True,False,0
8772,6,0,0,6,6,0,0,0,True,False,0
8773,7,0,0,7,7,0,0,0,True,False,0
8774,8,0,0,8,8,0,0,0,True,False,0
8775,9,0,0,9,9,0,0,0,True,False,0
8776,6,0,0,6,6,0,0,0,True,False,0
8777,9,0,0,9,9,0,0,0,True,False,0
8778,7,0,0,7,7,0,0,0,True,False,0
8779,13,0,0,13,13,0,0,0,True,False,0
8780,14,0,0,14,14,0,0,0,True,False,0
8781,12,0,0,12,12,0,0,0,True,False,0
8782,12,0,0,12,12,0,0,0,True,False,0
8783,15,0,0,15,15,0,0,0,True,False,0
8784,13,0,0,13,13,0,0,0,True,False,0
8785,14,0,0,14,14,0,0,0,True,False,0
8786,14,0,0,14,14,0,0,0,True,False,0
8787,6,0,0,6,6,0,0,0,True,False,0
8788,12,0,0,12,12,0,0,0,True,False,0
8789,4,0,0,4,4,0,0,0,True,False,0
8790,6,0,0,6,6,0,0,0,True,False,0
8791,12,0,0,12,12,0,0,0,True,False,0
8792,6,0,0,6,6,0,0,0,True,False,0
8793,6,0,0,6,6,0,0,0,True,False,0
8794,4,0,0,4,4,0,0,0,True,False,0
8795,6,0,0,6,6,0,0,0,True,False,0
8796,15,0,0,15,15,0,0,0,True,False,0
8797,6,0,0,6,6,0,0,0,True,False,0
8798,6,0,0,6,6,0,0,0,True,False,0
8799,12,0,0,12,12,0,0,0,True,False,0
8800,12,0,0,12,12,0,0,0,True,False,0
8801,16,0,0,16,16,0,0,0,True,False,0
8802,17,0,0,17,17,0,0,0,True,False,0
8803,13,0,0,13,13,0,0,0,True,False,0
8804,9,0,0,9,9,0,0,0,True,False,0
8805,10,0,0,10,10,0,0,0,True,False,0
8806,10,0,0,10,10,0,0,0,True,False,0
8807,10,0,0,10,10,0,0,0,True,False,0
8808,10,0,0,10,10,0,0,0,True,False,0
8809,12,0,0,12,12,0,0,0,True,False,0
8810,9,0,0,9,9,0,0,0,True,False,0
8811,13,0,0,13,13,0,0,0,True,False,0
8812,8,8,8,8,8,0,0,0,True,False,0
8813,5,0,0,5,5,0,0,0,True,False,0
8814,11,0,0,11,11,0,0,0,True,False,0
8815,8,0,0,8,8,0,0,0,True,False,0
8816,0,117,0,0,0,0,0,0,True,False,0
8817,0,0,0,0,0,0,0,0,True,False,0
8818,89,0,0,89,89,0,0,0,True,False,0
8819,47,0,0,47,47,0,0,0,True,False,0
8820,79,0,0,79,79,0,0,0,True,False,0
8821,9,0,0,9,9,0,0,0,True,False,0
8822,10,0,0,10,10,0,0,0,True,False,0
8823,13,0,0,13,13,0,0,0,True,False,0
8824,12,0,0,12,12,0,0,0,True,False,0
8825,8,0,0,8,8,0,0,0,True,False,0
8826,7,0,0,7,7,0,0,0,True,False,0
8827,8,0,0,8,8,0,0,0,True,False,0
8828,7,0,0,7,7,0,0,0,True,False,0
8829,8,0,0,8,8,0,0,0,True,False,0
8830,8,0,0,8,8,0,0,0,True,False,0
8831,8,0,0,8,8,0,0,0,True,False,0
8832,7,0,0,7,7,0,0,0,True,False,0
8833,9,0,0,9,9,0,0,0,True,False,0
8834,7,0,0,7,7,0,0,0,True,False,0
8835,6,0,0,6,6,0,0,0,True,False,0
8836,9,0,0,9,9,0,0,0,True,False,0
8837,7,0,0,7,7,0,0,0,True,False,0
8838,6,0,0,6,6,0,0,0,True,False,0
8839,8,0,0,8,8,0,0,0,True,False,0
8840,6,0,0,6,6,0,0,0,True,False,0
8841,7,0,0,7,7,0,0,0,True,False,0
8842,13,0,0,13,13,0,0,0,True,False,0
8843,13,0,0,13,13,0,0,0,True,False,0
8844,15,0,0,15,15,0,0,0,True,False,0
8845,13,0,0,13,13,0,0,0,True,False,0
8846,13,0,0,13,13,0,0,0,True,False,0
8847,14,0,0,14,14,0,0,0,True,False,0
8848,14,0,0,14,14,0,0,0,True,False,0
8849,15,0,0,15,15,0,0,0,True,False,0
8850,6,0,0,6,6,0,0,0,True,False,0
8851,12,0,0,12,12,0,0,0,True,False,0
8852,4,0,0,4,4,0,0,0,True,False,0
8853,6,0,0,6,6,0,0,0,True,False,0
8854,12,0,0,12,12,0,0,0,True,False,0
8855,6,0,0,6,6,0,0,0,True,False,0
8856,6,0,0,6,6,0,0,0,True,False,0
8857,4,0,0,4,4,0,0,0,True,False,0
8858,13,0,0,13,13,0,0,0,True,False,0
8859,12,0,0,12,12,0,0,0,True,False,0
8860,7,0,0,7,7,0,0,0,True,False,0
8861,14,0,0,14,14,0,0,0,True,False,0
8862,9,0,0,9,9,0,0,0,True,False,0
8863,7,0,0,7,7,0,0,0,True,False,0
8864,8,0,0,8,8,0,0,0,True,False,0
8865,5,0,0,5,5,0,0,0,True,False,0
8866,15,0,0,15,15,0,0,0,True,False,0
8867,10,0,0,10,10,0,0,0,True,False,0
8868,10,0,0,10,10,0,0,0,True,False,0
8869,10,0,0,10,10,0,0,0,True,False,0
8870,12,0,0,12,12,0,0,0,True,False,0
8871,10,0,0,10,10,0,0,0,True,False,0
8872,11,0,0,11,11,0,0,0,True,False,0
8873,10,0,0,10,10,0,0,0,True,False,0
8874,13,1,1,13,13,0,0,0,True,False,0
8875,7,7,7,7,7,0,0,0,True,False,0
8876,5,0,0,5,5,0,0,0,True,False,0
8877,11,1,1,11,11,0,0,0,True,False,0
8878,11,1,1,11,11,0,0,0,True,False,0
8879,0,118,0,0,0,0,0,0,True,False,0
8880,0,0,0,0,0,0,0,0,True,False,0
8881,88,0,0,88,88,0,0,0,True,False,0
8882,46,0,0,46,46,0,0,0,True,False,0
8883,75,0,0,75,75,0,0,0,True,False,0
8884,11,1,1,11,11,0,0,0,True,False,0
8885,13,1,1,13,13,0,0,0,True,False,0
8886,11,1,1,11,11,0,0,0,True,False,0
8887,10,1,1,10,10,0,0,0,True,False,0
8888,13,1,1,13,13,0,0,0,True,False,0
8889,7,0,0,7,7,0,0,0,True,False,0
8890,8,0,0,8,8,0,0,0,True,False,0
8891,8,0,0,8,8,0,0,0,True,False,0
8892,9,0,0,9,9,0,0,0,True,False,0
8893,7,0,0,7,7,0,0,0,True,False,0
8894,7,0,0,7,7,0,0,0,True,False,0
8895,7,0,0,7,7,0,0,0,True,False,0
8896,9,0,0,9,9,0,0,0,True,False,0
8897,8,0,0,8,8,0,0,0,True,False,0
8898,8,0,0,8,8,0,0,0,True,False,0
8899,6,0,0,6,6,0,0,0,True,False,0
8900,7,0,0,7,7,0,0,0,True,False,0
8901,7,0,0,7,7,0,0,0,True,False,0
8902,6,0,0,6,6,0,0,0,True,False,0
8903,8,0,0,8,8,0,0,0,True,False,0
8904,8,0,0,8,8,0,0,0,True,False,0
8905,16,0,0,16,16,0,0,0,True,False,0
8906,12,0,0,12,12,0,0,0,True,False,0
8907,15,0,0,15,15,0,0,0,True,False,0
8908,13,0,0,13,13,0,0,0,True,False,0
8909,12,0,0,12,12,0,0,0,True,False,0
8910,13,0,0,13,13,0,0,0,True,False,0
8911,14,0,0,14,14,0,0,0,True,False,0
8912,10,0,0,10,10,0,0,0,True,False,0
8913,6,0,0,6,6,0,0,0,True,False,0
8914,12,0,0,12,12,0,0,0,True,False,0
8915,4,0,0,4,4,0,0,0,True,False,0
8916,6,0,0,6,6,0,0,0,True,False,0
8917,12,0,0,12,12,0,0,0,True,False,0
8918,6,0,0,6,6,0,0,0,True,False,0
8919,6,0,0,6,6,0,0,0,True,False,0
8920,4,0,0,4,4,0,0,0,True,False,0
8921,8,0,0,8,8,0,0,0,True,False,0
8922,10,0,0,10,10,0,0,0,True,False,0
8923,10,0,0,10,10,0,0,0,True,False,0
8924,9,0,0,9,9,0,0,0,True,False,0
8925,19,0,0,19,19,0,0,0,True,False,0
8926,12,0,0,12,12,0,0,0,True,False,0
8927,7,0,0,7,7,0,0,0,True,False,0
8928,11,0,0,11,11,0,0,0,True,False,0
8929,14,0,0,14,14,0,0,0,True,False,0
8930,11,0,0,11,11,0,0,0,True,False,0
8931,9,0,0,9,9,0,0,0,True,False,0
8932,10,0,0,10,10,0,0,0,True,False,0
8933,10,0,0,10,10,0,0,0,True,False,0
8934,12,0,0,12,12,0,0,0,True,False,0
8935,9,0,0,9,9,0,0,0,True,False,0
8936,11,0,0,11,11,0,0,0,True,False,0
8937,8,0,0,8,8,0,0,0,True,False,0
8938,8,8,8,8,8,0,0,0,True,False,0
8939,5,0,0,5,5,0,0,0,True,False,0
8940,10,0,0,10,10,0,0,0,True,False,0
8941,7,0,0,7,7,0,0,0,True,False,0
8942,10,125,10,10,10,0,0,0,True,False,0
8943,35,0,0,35,35,0,0,0,True,False,0
8944,89,0,0,89,89,0,0,0,True,False,0
8945,46,0,0,46,46,0,0,0,True,False,0
8946,78,0,0,78,78,0,0,0,True,False,0
8947,9,0,0,9,9,0,0,0,True,False,0
8948,9,0,0,9,9,0,0,0,True,False,0
8949,9,0,0,9,9,0,0,0,True,False,0
8950,9,0,0,9,9,0,0,0,True,False,0
8951,9,0,0,9,9,0,0,0,True,False,0
8952,7,0,0,7,7,0,0,0,True,False,0
8953,8,0,0,8,8,0,0,0,True,False,0
8954,7,0,0,7,7,0,0,0,True,False,0
8955,7,0,0,7,7,0,0,0,True,False,0
8956,7,0,0,7,7,0,0,0,True,False,0
8957,8,0,0,8,8,0,0,0,True,False,0
8958,7,0,0,7,7,0,0,0,True,False,0
8959,8,0,0,8,8,0,0,0,True,False,0
8960,7,0,0,7,7,0,0,0,True,False,0
8961,7,0,0,7,7,0,0,0,True,False,0
8962,7,0,0,7,7,0,0,0,True,False,0
8963,8,0,0,8,8,0,0,0,True,False,0
8964,8,0,0,8,8,0,0,0,True,False,0
8965,8,0,0,8,8,0,0,0,True,False,0
8966,7,0,0,7,7,0,0,0,True,False,0
8967,9,0,0,9,9,0,0,0,True,False,0
8968,13,0,0,13,13,0,0,0,True,False,0
8969,12,0,0,12,12,0,0,0,True,False,0
8970,13,0,0,13,13,0,0,0,True,False,0
8971,12,0,0,12,12,0,0,0,True,False,0
8972,14,0,0,14,14,0,0,0,True,False,0
8973,15,0,0,15,15,0,0,0,True,False,0
8974,15,0,0,15,15,0,0,0,True,False,0
8975,14,0,0,14,14,0,0,0,True,False,0
8976,6,0,0,6,6,0,0,0,True,False,0
8977,12,0,0,12,12,0,0,0,True,False,0
8978,4,0,0,4,4,0,0,0,True,False,0
8979,6,0,0,6,6,0,0,0,True,False,0
8980,12,0,0,12,12,0,0,0,True,False,0
8981,6,0,0,6,6,0,0,0,True,False,0
8982,6,0,0,6,6,0,0,0,True,False,0
8983,4,0,0,4,4,0,0,0,True,False,0
8984,10,0,0,10,10,0,0,0,True,False,0
8985,3,0,0,3,3,0,0,0,True,False,0
8986,13,0,0,13,13,0,0,0,True,False,0
8987,10,0,0,10,10,0,0,0,True,False,0
8988,3,0,0,3,3,0,0,0,True,False,0
8989,7,0,0,7,7,0,0,0,True,False,0
8990,12,0,0,12,12,0,0,0,True,False,0
8991,11,0,0,11,11,0,0,0,True,False,0
8992,10,0,0,10,10,0,0,0,True,False,0
8993,12,0,0,12,12,0,0,0,True,False,0
8994,13,0,0,13,13,0,0,0,True,False,0
8995,11,0,0,11,11,0,0,0,True,False,0
8996,14,0,0,14,14,0,0,0,True,False,0
8997,9,0,0,9,9,0,0,0,True,False,0
8998,10,0,0,10,10,0,0,0,True,False,0
8999,10,0,0,10,10,0,0,0,True,False,0
9000,7,0,0,7,7,0,0,0,True,False,0
9001,7,7,7,7,7,0,0,0,True,False,0
9002,5,0,0,5,5,0,0,0,True,False,0
9003,10,0,0,10,10,0,0,0,True,False,0
9004,8,0,0,8,8,0,0,0,True,False,0
9005,0,115,0,0,0,0,0,0,True,False,0
9006,165,0,0,165,165,0,0,0,True,False,0
9007,92,0,0,92,92,0,0,0,True,False,0
9008,48,0,0,48,48,0,0,0,True,False,0
9009,72,0,0,72,72,0,0,0,True,False,0
9010,9,0,0,9,9,0,0,0,True,False,0
9011,8,0,0,8,8,0,0,0,True,False,0
9012,11,0,0,11,11,0,0,0,True,False,0
9013,10,0,0,10,10,0,0,0,True,False,0
9014,7,0,0,7,7,0,0,0,True,False,0
9015,7,0,0,7,7,0,0,0,True,False,0
9016,6,0,0,6,6,0,0,0,True,False,0
9017,7,0,0,7,7,0,0,0,True,False,0
9018,7,0,0,7,7,0,0,0,True,False,0
9019,8,0,0,8,8,0,0,0,True,False,0
9020,7,0,0,7,7,0,0,0,True,False,0
9021,7,0,0,7,7,0,0,0,True,False,0
9022,8,0,0,8,8,0,0,0,True,False,0
9023,9,0,0,9,9,0,0,0,True,False,0
9024,9,0,0,9,9,0,0,0,True,False,0
9025,7,0,0,7,7,0,0,0,True,False,0
9026,5,0,0,5,5,0,0,0,True,False,0
9027,6,0,0,6,6,0,0,0,True,False,0
9028,7,0,0,7,7,0,0,0,True,False,0
9029,7,0,0,7,7,0,0,0,True,False,0
9030,9,0,0,9,9,0,0,0,True,False,0
9031,13,0,0,13,13,0,0,0,True,False,0
9032,12,0,0,12,12,0,0,0,True,False,0
9033,14,0,0,14,14,0,0,0,True,False,0
9034,14,0,0,14,14,0,0,0,True,False,0
9035,12,0,0,12,12,0,0,0,True,False,0
9036,13,0,0,13,13,0,0,0,True,False,0
9037,13,0,0,13,13,0,0,0,True,False,0
9038,17,0,0,17,17,0,0,0,True,False,0
9039,6,0,0,6,6,0,0,0,True,False,0
9040,12,0,0,12,12,0,0,0,True,False,0
9041,4,0,0,4,4,0,0,0,True,False,0
9042,6,0,0,6,6,0,0,0,True,False,0
9043,11,0,0,11,11,0,0,0,True,False,0
9044,6,0,0,6,6,0,0,0,True,False,0
9045,6,0,0,6,6,0,0,0,True,False,0
9046,4,0,0,4,4,0,0,0,True,False,0
9047,6,0,0,6,6,0,0,0,True,False,0
9048,12,0,0,12,12,0,0,0,True,False,0
9049,13,0,0,13,13,0,0,0,True,False,0
9050,4,0,0,4,4,0,0,0,True,False,0
9051,14,0,0,14,14,0,0,0,True,False,0
9052,7,0,0,7,7,0,0,0,True,False,0
9053,12,0,0,12,12,0,0,0,True,False,0
9054,8,0,0,8,8,0,0,0,True,False,0
9055,13,0,0,13,13,0,0,0,True,False,0
9056,12,0,0,12,12,0,0,0,True,False,0
9057,11,0,0,11,11,0,0,0,True,False,0
9058,10,0,0,10,10,0,0,0,True,False,0
9059,12,0,0,12,12,0,0,0,True,False,0
9060,9,0,0,9,9,0,0,0,True,False,0
9061,9,0,0,9,9,0,0,0,True,False,0
9062,10,0,0,10,10,0,0,0,True,False,0
9063,11,0,0,11,11,0,0,0,True,False,0
9064,8,8,8,8,8,0,0,0,True,False,0
9065,5,0,0,5,5,0,0,0,True,False,0
9066,7,0,0,7,7,0,0,0,True,False,0
9067,10,0,0,10,10,0,0,0,True,False,0
9068,0,119,0,0,0,0,0,0,True,False,0
9069,0,0,0,0,0,0,0,0,True,False,0
9070,95,0,0,95,95,0,0,0,True,False,0
9071,52,0,0,52,52,0,0,0,True,False,0
9072,75,0,0,75,75,0,0,0,True,False,0
9073,8,0,0,8,8,0,0,0,True,False,0
9074,8,0,0,8,8,0,0,0,True,False,0
9075,10,0,0,10,10,0,0,0,True,False,0
9076,9,0,0,9,9,0,0,0,True,False,0
9077,8,0,0,8,8,0,0,0,True,False,0
9078,7,0,0,7,7,0,0,0,True,False,0
9079,8,0,0,8,8,0,0,0,True,False,0
9080,8,0,0,8,8,0,0,0,True,False,0
9081,8,0,0,8,8,0,0,0,True,False,0
9082,7,0,0,7,7,0,0,0,True,False,0
9083,7,0,0,7,7,0,0,0,True,False,0
9084,7,0,0,7,7,0,0,0,True,False,0
9085,8,0,0,8,8,0,0,0,True,False,0
9086,9,0,0,9,9,0,0,0,True,False,0
9087,6,0,0,6,6,0,0,0,True,False,0
9088,8,0,0,8,8,0,0,0,True,False,0
9089,5,0,0,5,5,0,0,0,True,False,0
9090,8,0,0,8,8,0,0,0,True,False,0
9091,7,0,0,7,7,0,0,0,True,False,0
9092,8,0,0,8,8,0,0,0,True,False,0
9093,7,0,0,7,7,0,0,0,True,False,0
9094,13,0,0,13,13,0,0,0,True,False,0
9095,13,0,0,13,13,0,0,0,True,False,0
9096,11,0,0,11,11,0,0,0,True,False,0
9097,13,0,0,13,13,0,0,0,True,False,0
9098,12,0,0,12,12,0,0,0,True,False,0
9099,15,0,0,15,15,0,0,0,True,False,0
9100,12,0,0,12,12,0,0,0,True,False,0
9101,13,0,0,13,13,0,0,0,True,False,0
9102,6,0,0,6,6,0,0,0,True,False,0
9103,12,0,0,12,12,0,0,0,True,False,0
9104,4,0,0,4,4,0,0,0,True,False,0
9105,6,0,0,6,6,0,0,0,True,False,0
9106,12,0,0,12,12,0,0,0,True,False,0
9107,6,0,0,6,6,0,0,0,True,False,0
9108,6,0,0,6,6,0,0,0,True,False,0
9109,4,0,0,4,4,0,0,0,True,False,0
9110,10,0,0,10,10,0,0,0,True,False,0
9111,13,0,0,13,13,0,0,0,True,False,0
9112,14,0,0,14,14,0,0,0,True,False,0
9113,8,0,0,8,8,0,0,0,True,False,0
9114,14,0,0,14,14,0,0,0,True,False,0
9115,7,0,0,7,7,0,0,0,True,False,0
9116,15,0,0,15,15,0,0,0,True,False,0
9117,12,0,0,12,12,0,0,0,True,False,0
9118,12,0,0,12,12,0,0,0,True,False,0
9119,12,0,0,12,12,0,0,0,True,False,0
9120,10,0,0,10,10,0,0,0,True,False,0
9121,11,0,0,11,11,0,0,0,True,False,0
9122,10,0,0,10,10,0,0,0,True,False,0
9123,12,0,0,12,12,0,0,0,True,False,0
9124,13,0,0,13,13,0,0,0,True,False,0
9125,10,0,0,10,10,0,0,0,True,False,0
9126,7,0,0,7,7,0,0,0,True,False,0
9127,7,7,7,7,7,0,0,0,True,False,0
9128,5,0,0,5,5,0,0,0,True,False,0
9129,9,0,0,9,9,0,0,0,True,False,0
9130,8,0,0,8,8,0,0,0,True,False,0
9131,0,120,0,0,0,0,0,0,True,False,0
9132,0,0,0,0,0,0,0,0,True,False,0
9133,98,0,0,98,98,0,0,0,True,False,0
9134,52,0,0,52,52,0,0,0,True,False,0
9135,78,0,0,78,78,0,0,0,True,False,0
9136,9,0,0,9,9,0,0,0,True,False,0
9137,7,0,0,7,7,0,0,0,True,False,0
9138,8,0,0,8,8,0,0,0,True,False,0
9139,8,0,0,8,8,0,0,0,True,False,0
9140,12,0,0,12,12,0,0,0,True,False,0
9141,7,0,0,7,7,0,0,0,True,False,0
9142,7,0,0,7,7,0,0,0,True,False,0
9143,8,0,0,8,8,0,0,0,True,False,0
9144,7,0,0,7,7,0,0,0,True,False,0
9145,6,0,0,6,6,0,0,0,True,False,0
9146,7,0,0,7,7,0,0,0,True,False,0
9147,7,0,0,7,7,0,0,0,True,False,0
9148,8,0,0,8,8,0,0,0,True,False,0
9149,7,0,0,7,7,0,0,0,True,False,0
9150,8,0,0,8,8,0,0,0,True,False,0
9151,7,0,0,7,7,0,0,0,True,False,0
9152,7,0,0,7,7,0,0,0,True,False,0
9153,8,0,0,8,8,0,0,0,True,False,0
9154,8,0,0,8,8,0,0,0,True,False,0
9155,7,0,0,7,7,0,0,0,True,False,0
9156,6,0,0,6,6,0,0,0,True,False,0
9157,14,0,0,14,14,0,0,0,True,False,0
9158,14,0,0,14,14,0,0,0,True,False,0
9159,13,0,0,13,13,0,0,0,True,False,0
9160,12,0,0,12,12,0,0,0,True,False,0
9161,12,0,0,12,12,0,0,0,True,False,0
9162,15,0,0,15,15,0,0,0,True,False,0
9163,12,0,0,12,12,0,0,0,True,False,0
9164,11,0,0,11,11,0,0,0,True,False,0
9165,6,0,0,6,6,0,0,0,True,False,0
9166,12,0,0,12,12,0,0,0,True,False,0
9167,4,0,0,4,4,0,0,0,True,False,0
9168,6,0,0,6,6,0,0,0,True,False,0
9169,13,0,0,13,13,0,0,0,True,False,0
9170,6,0,0,6,6,0,0,0,True,False,0
9171,5,0,0,5,5,0,0,0,True,False,0
9172,4,0,0,4,4,0,0,0,True,False,0
9173,8,0,0,8,8,0,0,0,True,False,0
9174,13,0,0,13,13,0,0,0,True,False,0
9175,7,0,0,7,7,0,0,0,True,False,0
9176,11,0,0,11,11,0,0,0,True,False,0
9177,6,0,0,6,6,0,0,0,True,False,0
9178,7,0,0,7,7,0,0,0,True,False,0
9179,9,0,0,9,9,0,0,0,True,False,0
9180,3,0,0,3,3,0,0,0,True,False,0
9181,1,0,0,1,1,0,0,0,True,True,0
9182,10,0,0,10,10,0,0,0,True,False,0
9183,11,0,0,11,11,0,0,0,True,False,0
9184,11,0,0,11,11,0,0,0,True,False,0
9185,11,0,0,11,11,0,0,0,True,False,0
9186,12,0,0,12,12,0,0,0,True,False,0
9187,9,0,0,9,9,0,0,0,True,False,0
9188,8,0,0,8,8,0,0,0,True,False,0
9189,11,0,0,11,11,0,0,0,True,False,0
9190,7,0,0,7,7,0,0,0,True,False,0
9191,8,8,8,8,8,0,0,0,True,False,0
9192,5,0,0,5,5,0,0,0,True,False,0
9193,8,0,0,8,8,0,0,0,True,False,0
9194,10,0,0,10,10,0,0,0,True,False,0
9195,0,119,0,0,0,0,0,0,True,False,0
9196,0,0,0,0,0,0,0,0,True,False,0
9197,97,0,0,97,97,0,0,0,True,False,0
9198,45,0,0,45,45,0,0,0,True,False,0
9199,73,0,0,73,73,0,0,0,True,False,0
9200,8,0,0,8,8,0,0,0,True,False,0
9201,9,0,0,9,9,0,0,0,True,False,0
9202,7,0,0,7,7,0,0,0,True,False,0
9203,11,0,0,11,11,0,0,0,True,False,0
9204,8,0,0,8,8,0,0,0,True,False,0
9205,7,0,0,7,7,0,0,0,True,False,0
9206,7,0,0,7,7,0,0,0,True,False,0
9207,5,0,0,5,5,0,0,0,True,False,0
9208,8,0,0,8,8,0,0,0,True,False,0
9209,9,0,0,9,9,0,0,0,True,False,0
9210,8,0,0,8,8,0,0,0,True,False,0
9211,6,0,0,6,6,0,0,0,True,False,0
9212,7,0,0,7,7,0,0,0,True,False,0
9213,7,0,0,7,7,0,0,0,True,False,0
9214,6,0,0,6,6,0,0,0,True,False,0
9215,5,0,0,5,5,0,0,0,True,False,0
9216,8,0,0,8,8,0,0,0,True,False,0
9217,7,0,0,7,7,0,0,0,True,False,0
9218,6,0,0,6,6,0,0,0,True,False,0
9219,8,0,0,8,8,0,0,0,True,False,0
9220,8,0,0,8,8,0,0,0,True,False,0
9221,12,0,0,12,12,0,0,0,True,False,0
9222,16,0,0,16,16,0,0,0,True,False,0
9223,14,0,0,14,14,0,0,0,True,False,0
9224,14,0,0,14,14,0,0,0,True,False,0
9225,14,0,0,14,14,0,0,0,True,False,0
9226,14,0,0,14,14,0,0,0,True,False,0
9227,14,0,0,14,14,0,0,0,True,False,0
9228,13,0,0,13,13,0,0,0,True,False,0
9229,6,0,0,6,6,0,0,0,True,False,0
9230,12,0,0,12,12,0,0,0,True,False,0
9231,4,0,0,4,4,0,0,0,True,False,0
9232,6,0,0,6,6,0,0,0,True,False,0
9233,12,0,0,12,12,0,0,0,True,False,0
9234,6,0,0,6,6,0,0,0,True,False,0
9235,6,0,0,6,6,0,0,0,True,False,0
9236,4,0,0,4,4,0,0,0,True,False,0
9237,7,0,0,7,7,0,0,0,True,False,0
9238,10,0,0,10,10,0,0,0,True,False,0
9239,7,0,0,7,7,0,0,0,True,False,0
9240,5,0,0,5,5,0,0,0,True,False,0
9241,10,0,0,10,10,0,0,0,True,False,0
9242,13,0,0,13,13,0,0,0,True,False,0
9243,7,0,0,7,7,0,0,0,True,False,0
9244,7,0,0,7,7,0,0,0,True,False,0
9245,1,0,0,1,1,0,0,0,True,True,0
9246,1,0,0,1,1,0,0,0,True,True,0
9247,1,0,0,1,1,0,0,0,True,True,0
9248,1,0,0,1,1,0,0,0,True,True,0
9249,1,0,0,1,1,0,0,0,True,True,0
9250,10,0,0,10,10,0,0,0,True,False,0
9251,9,0,0,9,9,0,0,0,True,False,0
9252,7,0,0,7,7,0,0,0,True,False,0
9253,8,0,0,8,8,0,0,0,True,False,0
9254,9,0,0,9,9,0,0,0,True,False,0
9255,9,0,0,9,9,0,0,0,True,False,0
9256,7,0,0,7,7,0,0,0,True,False,0
9257,9,0,0,9,9,0,0,0,True,False,0
9258,7,0,0,7,7,0,0,0,True,False,0
9259,6,6,6,6,6,0,0,0,True,False,0
9260,4,0,0,4,4,0,0,0,True,False,0
9261,8,0,0,8,8,0,0,0,True,False,0
9262,7,0,0,7,7,0,0,0,True,False,0
9263,0,93,0,0,0,0,0,0,True,False,0
9264,0,0,0,0,0,0,0,0,True,False,0
9265,79,0,0,79,79,0,0,0,True,False,0
9266,38,0,0,38,38,0,0,0,True,False,0
9267,60,0,0,60,60,0,0,0,True,False,0
9268,8,0,0,8,8,0,0,0,True,False,0
9269,8,0,0,8,8,0,0,0,True,False,0
9270,6,0,0,6,6,0,0,0,True,False,0
9271,6,0,0,6,6,0,0,0,True,False,0
9272,8,0,0,8,8,0,0,0,True,False,0
9273,6,0,0,6,6,0,0,0,True,False,0
9274,7,0,0,7,7,0,0,0,True,False,0
9275,8,0,0,8,8,0,0,0,True,False,0
9276,6,0,0,6,6,0,0,0,True,False,0
9277,6,0,0,6,6,0,0,0,True,False,0
9278,6,0,0,6,6,0,0,0,True,False,0
9279,6,0,0,6,6,0,0,0,True,False,0
9280,4,0,0,4,4,0,0,0,True,False,0
9281,5,0,0,5,5,0,0,0,True,False,0
9282,8,0,0,8,8,0,0,0,True,False,0
9283,6,0,0,6,6,0,0,0,True,False,0
9284,7,0,0,7,7,0,0,0,True,False,0
9285,6,0,0,6,6,0,0,0,True,False,0
9286,5,0,0,5,5,0,0,0,True,False,0
9287,5,0,0,5,5,0,0,0,True,False,0
9288,6,0,0,6,6,0,0,0,True,False,0
9289,11,0,0,11,11,0,0,0,True,False,0
9290,10,0,0,10,10,0,0,0,True,False,0
9291,10,0,0,10,10,0,0,0,True,False,0
9292,10,0,0,10,10,0,0,0,True,False,0
9293,11,0,0,11,11,0,0,0,True,False,0
9294,11,0,0,11,11,0,0,0,True,False,0
9295,10,0,0,10,10,0,0,0,True,False,0
9296,10,0,0,10,10,0,0,0,True,False,0
9297,5,0,0,5,5,0,0,0,True,False,0
9298,10,0,0,10,10,0,0,0,True,False,0
9299,3,0,0,3,3,0,0,0,True,False,0
9300,5,0,0,5,5,0,0,0,True,False,0
9301,9,0,0,9,9,0,0,0,True,False,0
9302,4,0,0,4,4,0,0,0,True,False,0
9303,5,0,0,5,5,0,0,0,True,False,0
9304,4,0,0,4,4,0,0,0,True,False,0
9305,9,0,0,9,9,0,0,0,True,False,0
9306,8,0,0,8,8,0,0,0,True,False,0
9307,13,0,0,13,13,0,0,0,True,False,0
9308,7,0,0,7,7,0,0,0,True,False,0
9309,7,0,0,7,7,0,0,0,True,False,0
9310,10,0,0,10,10,0,0,0,True,False,0
9311,11,0,0,11,11,0,0,0,True,False,0
9312,17,0,0,17,17,0,0,0,True,False,0
9313,1,0,0,1,1,0,0,0,True,True,0
9314,1,0,0,1,1,0,0,0,True,True,0
9315,4,0,0,4,4,0,0,0,True,False,0
9316,6,0,0,6,6,0,0,0,True,False,0
9317,2,0,0,2,2,0,0,0,False,True,0
9318,3,0,0,3,3,0,0,0,False,False,0
9319,3,0,0,3,3,0,0,0,False,False,0
9320,2,0,0,2,2,0,0,0,False,True,0
9321,3,0,0,3,3,0,0,0,False,False,0
9322,2,0,0,2,2,0,0,0,False,True,0
9323,2,0,0,2,2,0,0,0,False,True,0
9324,3,0,0,3,3,0,0,0,False,False,0
9325,3,0,0,3,3,0,0,0,False,False,0
9326,2,1,1,2,2,0,0,0,False,True,0
9327,2,0,0,2,2,0,0,0,False,True,0
9328,3,0,0,3,3,0,0,0,False,False,0
9329,3,0,0,3,3,0,0,0,False,False,0
9330,11,13,10,11,11,0,0,0,False,False,0
9331,142,0,0,142,142,0,0,0,False,False,0
9332,15,0,0,15,15,0,0,0,False,False,0
9333,7,0,0,7,7,0,0,0,False,False,0
9334,11,0,0,11,11,0,0,0,False,False,0
9335,3,0,0,3,3,0,0,0,False,False,0
9336,3,0,0,3,3,0,0,0,False,False,0
9337,2,0,0,2,2,0,0,0,False,True,0
9338,3,0,0,3,3,0,0,0,False,False,0
9339,3,0,0,3,3,0,0,0,False,False,0
9340,2,1,1,2,2,0,0,0,False,True,0
9341,2,1,1,2,2,0,0,0,False,True,0
9342,3,2,2,3,3,0,0,0,False,False,0
9343,2,1,1,2,2,0,0,0,False,True,0
9344,2,1,1,2,2,0,0,0,False,True,0
9345,2,1,1,2,2,0,0,0,False,True,0
9346,2,1,1,2,2,0,0,0,False,True,0
9347,2,1,1,2,2,0,0,0,False,True,0
9348,3,0,0,3,3,0,0,0,False,False,0
9349,2,0,0,2,2,0,0,0,False,True,0
9350,2,0,0,2,2,0,0,0,False,True,0
9351,2,0,0,2,2,0,0,0,False,True,0
9352,2,0,0,2,2,0,0,0,False,True,0
9353,3,0,0,3,3,0,0,0,False,False,0
9354,3,0,0,3,3,0,0,0,False,False,0
9355,2,0,0,2,2,0,0,0,False,True,0
9356,3,0,0,3,3,0,0,0,False,False,0
9357,3,0,0,3,3,0,0,0,False,False,0
9358,3,0,0,3,3,0,0,0,False,False,0
9359,3,0,0,3,3,0,0,0,False,False,0
9360,3,0,0,3,3,0,0,0,False,False,0
9361,3,0,0,3,3,0,0,0,False,False,0
9362,3,0,0,3,3,0,0,0,False,False,0
9363,3,0,0,3,3,0,0,0,False,False,0
9364,2,0,0,2,2,0,0,0,False,True,0
9365,3,0,0,3,3,0,0,0,False,False,0
9366,2,0,0,2,2,0,0,0,False,True,0
9367,2,0,0,2,2,0,0,0,False,True,0
9368,2,0,0,2,2,0,0,0,False,True,0
9369,2,0,0,2,2,0,0,0,False,True,0
9370,2,0,0,2,2,0,0,0,False,True,0
9371,2,0,0,2,2,0,0,0,False,True,0
9372,2,0,0,2,2,0,0,0,False,True,0
9373,2,0,0,2,2,0,0,0,False,True,0
9374,2,0,0,2,2,0,0,0,False,True,0
9375,2,0,0,2,2,0,0,0,False,True,0
9376,2,0,0,2,2,0,0,0,False,True,0
9377,2,0,0,2,2,0,0,0,False,True,0
9378,2,0,0,2,2,0,0,0,False,True,0
9379,2,0,0,2,2,0,0,0,False,True,0
9380,1,0,0,1,1,0,0,0,False,True,0
9381,1,0,0,1,1,0,0,0,False,True,0
9382,2,0,0,2,2,0,0,0,False,True,0
9383,2,0,0,2,2,0,0,0,False,True,0
9384,2,0,0,2,2,0,0,0,False,True,0
9385,2,0,0,2,2,0,0,0,False,True,0
9386,2,0,0,2,2,0,0,0,False,True,0
9387,2,0,0,2,2,0,0,0,False,True,0
9388,2,0,0,2,2,0,0,0,False,True,0
9389,2,0,0,2,2,0,0,0,False,True,0
9390,2,0,0,2,2,0,0,0,False,True,0
9391,2,0,0,2,2,0,0,0,False,True,0
9392,2,0,0,2,2,0,0,0,False,True,0
9393,2,0,0,2,2,0,0,0,False,True,0
9394,2,0,0,2,2,0,0,0,False,True,0
9395,2,0,0,2,2,0,0,0,False,True,0
9396,10,0,0,10,10,0,0,0,True,False,0
9397,11,0,0,11,11,0,0,0,True,False,0
9398,9,0,0,9,9,0,0,0,True,False,0
9399,12,0,0,12,12,0,0,0,True,False,0
9400,10,0,0,10,10,0,0,0,True,False,0
9401,9,0,0,9,9,0,0,0,True,False,0
9402,11,0,0,11,11,0,0,0,True,False,0
9403,11,0,0,11,11,0,0,0,True,False,0
9404,10,0,0,10,10,0,0,0,True,False,0
9405,8,8,8,8,8,0,0,0,True,False,0
9406,5,0,0,5,5,0,0,0,True,False,0
9407,13,0,0,13,13,0,0,0,True,False,0
9408,13,0,0,13,13,0,0,0,True,False,0
9409,0,120,0,0,0,0,0,0,True,False,0
9410,58,0,0,58,58,0,0,0,True,False,0
9411,99,0,0,99,99,0,0,0,True,False,0
9412,48,0,0,48,48,0,0,0,True,False,0
9413,70,0,0,70,70,0,0,0,True,False,0
9414,12,0,0,12,12,0,0,0,True,False,0
9415,12,0,0,12,12,0,0,0,True,False,0
9416,12,0,0,12,12,0,0,0,True,False,0
9417,9,0,0,9,9,0,0,0,True,False,0
9418,11,0,0,11,11,0,0,0,True,False,0
9419,6,2,2,6,6,0,0,0,True,False,0
9420,8,2,2,8,8,0,0,0,True,False,0
9421,8,2,2,8,8,0,0,0,True,False,0
9422,8,3,3,8,8,0,0,0,True,False,0
9423,8,2,2,8,8,0,0,0,True,False,0
9424,7,2,2,7,7,0,0,0,True,False,0
9425,8,3,3,8,8,0,0,0,True,False,0
9426,9,2,2,9,9,0,0,0,True,False,0
9427,7,0,0,7,7,0,0,0,True,False,0
9428,10,0,0,10,10,0,0,0,True,False,0
9429,8,0,0,8,8,0,0,0,True,False,0
9430,8,0,0,8,8,0,0,0,True,False,0
9431,8,0,0,8,8,0,0,0,True,False,0
9432,8,0,0,8,8,0,0,0,True,False,0
9433,5,0,0,5,5,0,0,0,True,False,0
9434,8,0,0,8,8,0,0,0,True,False,0
9435,14,0,0,14,14,0,0,0,True,False,0
9436,14,0,0,14,14,0,0,0,True,False,0
9437,14,0,0,14,14,0,0,0,True,False,0
9438,11,0,0,11,11,0,0,0,True,False,0
9439,14,0,0,14,14,0,0,0,True,False,0
9440,15,0,0,15,15,0,0,0,True,False,0
9441,15,0,0,15,15,0,0,0,True,False,0
9442,12,0,0,12,12,0,0,0,True,False,0
9443,6,0,0,6,6,0,0,0,True,False,0
9444,12,0,0,12,12,0,0,0,True,False,0
9445,6,0,0,6,6,0,0,0,True,False,0
9446,6,0,0,6,6,0,0,0,True,False,0
9447,6,0,0,6,6,0,0,0,True,False,0
9448,4,0,0,4,4,0,0,0,True,False,0
9449,6,0,0,6,6,0,0,0,True,False,0
9450,4,0,0,4,4,0,0,0,True,False,0
9451,13,0,0,13,13,0,0,0,True,False,0
9452,16,0,0,16,16,0,0,0,True,False,0
9453,11,0,0,11,11,0,0,0,True,False,0
9454,13,0,0,13,13,0,0,0,True,False,0
9455,13,0,0,13,13,0,0,0,True,False,0
9456,12,0,0,12,12,0,0,0,True,False,0
9457,10,0,0,10,10,0,0,0,True,False,0
9458,7,0,0,7,7,0,0,0,True,False,0
9459,1,0,0,1,1,0,0,0,True,True,0
9460,1,0,0,1,1,0,0,0,True,True,0
9461,11,0,0,11,11,0,0,0,True,False,0
9462,10,0,0,10,10,0,0,0,True,False,0
9463,10,0,0,10,10,0,0,0,True,False,0
9464,11,0,0,11,11,0,0,0,True,False,0
9465,10,0,0,10,10,0,0,0,True,False,0
9466,12,0,0,12,12,0,0,0,True,False,0
9467,9,0,0,9,9,0,0,0,True,False,0
9468,10,0,0,10,10,0,0,0,True,False,0
9469,11,0,0,11,11,0,0,0,True,False,0
9470,7,7,7,7,7,0,0,0,True,False,0
9471,5,0,0,5,5,0,0,0,True,False,0
9472,12,0,0,12,12,0,0,0,True,False,0
9473,12,0,0,12,12,0,0,0,True,False,0
9474,0,121,0,0,0,0,0,0,True,False,0
9475,0,0,0,0,0,0,0,0,True,False,0
9476,89,0,0,89,89,0,0,0,True,False,0
9477,47,0,0,47,47,0,0,0,True,False,0
9478,73,0,0,73,73,0,0,0,True,False,0
9479,10,0,0,10,10,0,0,0,True,False,0
9480,11,0,0,11,11,0,0,0,True,False,0
9481,12,0,0,12,12,0,0,0,True,False,0
9482,12,0,0,12,12,0,0,0,True,False,0
9483,11,0,0,11,11,0,0,0,True,False,0
9484,8,0,0,8,8,0,0,0,True,False,0
9485,8,0,0,8,8,0,0,0,True,False,0
9486,8,0,0,8,8,0,0,0,True,False,0
9487,7,0,0,7,7,0,0,0,True,False,0
9488,7,0,0,7,7,0,0,0,True,False,0
9489,8,0,0,8,8,0,0,0,True,False,0
9490,7,0,0,7,7,0,0,0,True,False,0
9491,6,0,0,6,6,0,0,0,True,False,0
9492,6,0,0,6,6,0,0,0,True,False,0
9493,7,0,0,7,7,0,0,0,True,False,0
9494,6,0,0,6,6,0,0,0,True,False,0
9495,5,0,0,5,5,0,0,0,True,False,0
9496,6,0,0,6,6,0,0,0,True,False,0
9497,6,0,0,6,6,0,0,0,True,False,0
9498,6,0,0,6,6,0,0,0,True,False,0
9499,6,0,0,6,6,0,0,0,True,False,0
9500,14,0,0,14,14,0,0,0,True,False,0
9501,13,0,0,13,13,0,0,0,True,False,0
9502,14,0,0,14,14,0,0,0,True,False,0
9503,14,0,0,14,14,0,0,0,True,False,0
9504,12,0,0,12,12,0,0,0,True,False,0
9505,15,0,0,15,15,0,0,0,True,False,0
9506,14,0,0,14,14,0,0,0,True,False,0
9507,13,0,0,13,13,0,0,0,True,False,0
9508,6,0,0,6,6,0,0,0,True,False,0
9509,12,0,0,12,12,0,0,0,True,False,0
9510,6,0,0,6,6,0,0,0,True,False,0
9511,6,0,0,6,6,0,0,0,True,False,0
9512,6,0,0,6,6,0,0,0,True,False,0
9513,4,0,0,4,4,0,0,0,True,False,0
9514,6,0,0,6,6,0,0,0,True,False,0
9515,4,0,0,4,4,0,0,0,True,False,0
9516,4,0,0,4,4,0,0,0,True,False,0
9517,7,0,0,7,7,0,0,0,True,False,0
9518,7,0,0,7,7,0,0,0,True,False,0
9519,4,0,0,4,4,0,0,0,True,False,0
9520,9,0,0,9,9,0,0,0,True,False,0
9521,7,0,0,7,7,0,0,0,True,False,0
9522,15,0,0,15,15,0,0,0,True,False,0
9523,11,0,0,11,11,0,0,0,True,False,0
9524,10,0,0,10,10,0,0,0,True,False,0
9525,10,0,0,10,10,0,0,0,True,False,0
9526,9,0,0,9,9,0,0,0,True,False,0
9527,11,0,0,11,11,0,0,0,True,False,0
9528,9,0,0,9,9,0,0,0,True,False,0
9529,13,0,0,13,13,0,0,0,True,False,0
9530,10,0,0,10,10,0,0,0,True,False,0
9531,9,0,0,9,9,0,0,0,True,False,0
9532,12,0,0,12,12,0,0,0,True,False,0
9533,8,8,8,8,8,0,0,0,True,False,0
9534,5,0,0,5,5,0,0,0,True,False,0
9535,11,0,0,11,11,0,0,0,True,False,0
9536,11,0,0,11,11,0,0,0,True,False,0
9537,0,121,0,0,0,0,0,0,True,False,0
9538,0,0,0,0,0,0,0,0,True,False,0
9539,87,0,0,87,87,0,0,0,True,False,0
9540,47,0,0,47,47,0,0,0,True,False,0
9541,75,0,0,75,75,0,0,0,True,False,0
9542,10,0,0,10,10,0,0,0,True,False,0
9543,9,0,0,9,9,0,0,0,True,False,0
9544,11,0,0,11,11,0,0,0,True,False,0
9545,12,0,0,12,12,0,0,0,True,False,0
9546,13,0,0,13,13,0,0,0,True,False,0
9547,8,0,0,8,8,0,0,0,True,False,0
9548,7,0,0,7,7,0,0,0,True,False,0
9549,7,0,0,7,7,0,0,0,True,False,0
9550,8,0,0,8,8,0,0,0,True,False,0
9551,7,0,0,7,7,0,0,0,True,False,0
9552,6,0,0,6,6,0,0,0,True,False,0
9553,10,0,0,10,10,0,0,0,True,False,0
9554,8,0,0,8,8,0,0,0,True,False,0
9555,7,0,0,7,7,0,0,0,True,False,0
9556,8,0,0,8,8,0,0,0,True,False,0
9557,6,0,0,6,6,0,0,0,True,False,0
9558,7,0,0,7,7,0,0,0,True,False,0
9559,7,0,0,7,7,0,0,0,True,False,0
9560,7,0,0,7,7,0,0,0,True,False,0
9561,6,0,0,6,6,0,0,0,True,False,0
9562,8,0,0,8,8,0,0,0,True,False,0
9563,15,0,0,15,15,0,0,0,True,False,0
9564,14,0,0,14,14,0,0,0,True,False,0
9565,11,0,0,11,11,0,0,0,True,False,0
9566,12,0,0,12,12,0,0,0,True,False,0
9567,12,0,0,12,12,0,0,0,True,False,0
9568,14,0,0,14,14,0,0,0,True,False,0
9569,15,0,0,15,15,0,0,0,True,False,0
9570,15,0,0,15,15,0,0,0,True,False,0
9571,6,0,0,6,6,0,0,0,True,False,0
9572,12,0,0,12,12,0,0,0,True,False,0
9573,6,0,0,6,6,0,0,0,True,False,0
9574,6,0,0,6,6,0,0,0,True,False,0
9575,6,0,0,6,6,0,0,0,True,False,0
9576,4,0,0,4,4,0,0,0,True,False,0
9577,6,0,0,6,6,0,0,0,True,False,0
9578,4,0,0,4,4,0,0,0,True,False,0
9579,9,0,0,9,9,0,0,0,True,False,0
9580,11,0,0,11,11,0,0,0,True,False,0
9581,8,0,0,8,8,0,0,0,True,False,0
9582,13,0,0,13,13,0,0,0,True,False,0
9583,9,0,0,9,9,0,0,0,True,False,0
9584,7,0,0,7,7,0,0,0,True,False,0
9585,8,0,0,8,8,0,0,0,True,False,0
9586,12,0,0,12,12,0,0,0,True,False,0
9587,13,0,0,13,13,0,0,0,True,False,0
9588,11,0,0,11,11,0,0,0,True,False,0
9589,12,0,0,12,12,0,0,0,True,False,0
9590,9,0,0,9,9,0,0,0,True,False,0
9591,13,0,0,13,13,0,0,0,True,False,0
9592,8,0,0,8,8,0,0,0,True,False,0
9593,10,0,0,10,10,0,0,0,True,False,0
9594,9,0,0,9,9,0,0,0,True,False,0
9595,11,1,1,11,11,0,0,0,True,False,0
9596,7,7,7,7,7,0,0,0,True,False,0
9597,5,0,0,5,5,0,0,0,True,False,0
9598,11,1,1,11,11,0,0,0,True,False,0
9599,13,1,1,13,13,0,0,0,True,False,0
9600,0,115,0,0,0,0,0,0,True,False,0
9601,0,0,0,0,0,0,0,0,True,False,0
9602,94,0,0,94,94,0,0,0,True,False,0
9603,48,0,0,48,48,0,0,0,True,False,0
9604,74,0,0,74,74,0,0,0,True,False,0
9605,10,1,1,10,10,0,0,0,True,False,0
9606,13,1,1,13,13,0,0,0,True,False,0
9607,14,1,1,14,14,0,0,0,True,False,0
9608,11,1,1,11,11,0,0,0,True,False,0
9609,10,1,1,10,10,0,0,0,True,False,0
9610,6,0,0,6,6,0,0,0,True,False,0
9611,9,0,0,9,9,0,0,0,True,False,0
9612,6,0,0,6,6,0,0,0,True,False,0
9613,7,0,0,7,7,0,0,0,True,False,0
9614,8,0,0,8,8,0,0,0,True,False,0
9615,8,0,0,8,8,0,0,0,True,False,0
9616,8,0,0,8,8,0,0,0,True,False,0
9617,9,0,0,9,9,0,0,0,True,False,0
9618,6,0,0,6,6,0,0,0,True,False,0
9619,6,0,0,6,6,0,0,0,True,False,0
9620,8,0,0,8,8,0,0,0,True,False,0
9621,8,0,0,8,8,0,0,0,True,False,0
9622,8,0,0,8,8,0,0,0,True,False,0
9623,5,0,0,5,5,0,0,0,True,False,0
9624,7,0,0,7,7,0,0,0,True,False,0
9625,7,0,0,7,7,0,0,0,True,False,0
9626,12,0,0,12,12,0,0,0,True,False,0
9627,14,0,0,14,14,0,0,0,True,False,0
9628,13,0,0,13,13,0,0,0,True,False,0
9629,14,0,0,14,14,0,0,0,True,False,0
9630,13,0,0,13,13,0,0,0,True,False,0
9631,13,0,0,13,13,0,0,0,True,False,0
9632,12,0,0,12,12,0,0,0,True,False,0
9633,15,0,0,15,15,0,0,0,True,False,0
9634,6,0,0,6,6,0,0,0,True,False,0
9635,12,0,0,12,12,0,0,0,True,False,0
9636,6,0,0,6,6,0,0,0,True,False,0
9637,6,0,0,6,6,0,0,0,True,False,0
9638,6,0,0,6,6,0,0,0,True,False,0
9639,4,0,0,4,4,0,0,0,True,False,0
9640,6,0,0,6,6,0,0,0,True,False,0
9641,4,0,0,4,4,0,0,0,True,False,0
9642,12,0,0,12,12,0,0,0,True,False,0
9643,13,0,0,13,13,0,0,0,True,False,0
9644,15,0,0,15,15,0,0,0,True,False,0
9645,14,0,0,14,14,0,0,0,True,False,0
9646,14,0,0,14,14,0,0,0,True,False,0
9647,13,0,0,13,13,0,0,0,True,False,0
9648,15,0,0,15,15,0,0,0,True,False,0
9649,4,0,0,4,4,0,0,0,True,False,0
9650,10,0,0,10,10,0,0,0,True,False,0
9651,10,0,0,10,10,0,0,0,True,False,0
9652,11,0,0,11,11,0,0,0,True,False,0
9653,11,0,0,11,11,0,0,0,True,False,0
9654,12,0,0,12,12,0,0,0,True,False,0
9655,11,0,0,11,11,0,0,0,True,False,0
9656,11,0,0,11,11,0,0,0,True,False,0
9657,11,0,0,11,11,0,0,0,True,False,0
9658,8,0,0,8,8,0,0,0,True,False,0
9659,8,8,8,8,8,0,0,0,True,False,0
9660,5,0,0,5,5,0,0,0,True,False,0
9661,8,0,0,8,8,0,0,0,True,False,0
9662,8,0,0,8,8,0,0,0,True,False,0
9663,5,122,5,5,5,0,0,0,True,False,0
9664,0,0,0,0,0,0,0,0,True,False,0
9665,95,0,0,95,95,0,0,0,True,False,0
9666,48,0,0,48,48,0,0,0,True,False,0
9667,77,0,0,77,77,0,0,0,True,False,0
9668,8,0,0,8,8,0,0,0,True,False,0
9669,8,0,0,8,8,0,0,0,True,False,0
9670,9,0,0,9,9,0,0,0,True,False,0
9671,6,0,0,6,6,0,0,0,True,False,0
9672,8,0,0,8,8,0,0,0,True,False,0
9673,7,0,0,7,7,0,0,0,True,False,0
9674,7,0,0,7,7,0,0,0,True,False,0
9675,7,0,0,7,7,0,0,0,True,False,0
9676,7,0,0,7,7,0,0,0,True,False,0
9677,7,0,0,7,7,0,0,0,True,False,0
9678,9,0,0,9,9,0,0,0,True,False,0
9679,8,0,0,8,8,0,0,0,True,False,0
9680,7,0,0,7,7,0,0,0,True,False,0
9681,7,0,0,7,7,0,0,0,True,False,0
9682,7,0,0,7,7,0,0,0,True,False,0
9683,6,0,0,6,6,0,0,0,True,False,0
9684,6,0,0,6,6,0,0,0,True,False,0
9685,8,0,0,8,8,0,0,0,True,False,0
9686,7,0,0,7,7,0,0,0,True,False,0
9687,7,0,0,7,7,0,0,0,True,False,0
9688,7,0,0,7,7,0,0,0,True,False,0
9689,14,0,0,14,14,0,0,0,True,False,0
9690,13,0,0,13,13,0,0,0,True,False,0
9691,16,0,0,16,16,0,0,0,True,False,0
9692,12,0,0,12,12,0,0,0,True,False,0
9693,13,0,0,13,13,0,0,0,True,False,0
9694,11,0,0,11,11,0,0,0,True,False,0
9695,14,0,0,14,14,0,0,0,True,False,0
9696,14,0,0,14,14,0,0,0,True,False,0
9697,6,0,0,6,6,0,0,0,True,False,0
9698,12,0,0,12,12,0,0,0,True,False,0
9699,6,0,0,6,6,0,0,0,True,False,0
9700,6,0,0,6,6,0,0,0,True,False,0
9701,6,0,0,6,6,0,0,0,True,False,0
9702,4,0,0,4,4,0,0,0,True,False,0
9703,6,0,0,6,6,0,0,0,True,False,0
9704,4,0,0,4,4,0,0,0,True,False,0
9705,8,0,0,8,8,0,0,0,True,False,0
9706,10,0,0,10,10,0,0,0,True,False,0
9707,9,0,0,9,9,0,0,0,True,False,0
9708,10,0,0,10,10,0,0,0,True,False,0
9709,13,0,0,13,13,0,0,0,True,False,0
9710,12,0,0,12,12,0,0,0,True,False,0
9711,11,0,0,11,11,0,0,0,True,False,0
9712,9,0,0,9,9,0,0,0,True,False,0
9713,12,0,0,12,12,0,0,0,True,False,0
9714,9,0,0,9,9,0,0,0,True,False,0
9715,10,0,0,10,10,0,0,0,True,False,0
9716,10,0,0,10,10,0,0,0,True,False,0
9717,10,0,0,10,10,0,0,0,True,False,0
9718,8,0,0,8,8,0,0,0,True,False,0
9719,11,0,0,11,11,0,0,0,True,False,0
9720,12,0,0,12,12,0,0,0,True,False,0
9721,9,0,0,9,9,0,0,0,True,False,0
9722,7,7,7,7,7,0,0,0,True,False,0
9723,5,0,0,5,5,0,0,0,True,False,0
9724,10,0,0,10,10,0,0,0,True,False,0
9725,8,0,0,8,8,0,0,0,True,False,0
9726,5,121,5,5,5,0,0,0,True,False,0
9727,200,0,0,200,200,0,0,0,True,False,0
9728,95,0,0,95,95,0,0,0,True,False,0
9729,46,0,0,46,46,0,0,0,True,False,0
9730,76,0,0,76,76,0,0,0,True,False,0
9731,8,0,0,8,8,0,0,0,True,False,0
9732,11,0,0,11,11,0,0,0,True,False,0
9733,9,0,0,9,9,0,0,0,True,False,0
9734,9,0,0,9,9,0,0,0,True,False,0
9735,9,0,0,9,9,0,0,0,True,False,0
9736,7,0,0,7,7,0,0,0,True,False,0
9737,8,0,0,8,8,0,0,0,True,False,0
9738,7,0,0,7,7,0,0,0,True,False,0
9739,9,0,0,9,9,0,0,0,True,False,0
9740,8,0,0,8,8,0,0,0,True,False,0
9741,8,0,0,8,8,0,0,0,True,False,0
9742,7,0,0,7,7,0,0,0,True,False,0
9743,7,0,0,7,7,0,0,0,True,False,0
9744,6,0,0,6,6,0,0,0,True,False,0
9745,6,0,0,6,6,0,0,0,True,False,0
9746,8,0,0,8,8,0,0,0,True,False,0
9747,7,0,0,7,7,0,0,0,True,False,0
9748,7,0,0,7,7,0,0,0,True,False,0
9749,6,0,0,6,6,0,0,0,True,False,0
9750,8,0,0,8,8,0,0,0,True,False,0
9751,8,0,0,8,8,0,0,0,True,False,0
9752,13,0,0,13,13,0,0,0,True,False,0
9753,15,0,0,15,15,0,0,0,True,False,0
9754,14,0,0,14,14,0,0,0,True,False,0
9755,14,0,0,14,14,0,0,0,True,False,0
9756,15,0,0,15,15,0,0,0,True,False,0
9757,13,0,0,13,13,0,0,0,True,False,0
9758,14,0,0,14,14,0,0,0,True,False,0
9759,13,0,0,13,13,0,0,0,True,False,0
9760,6,0,0,6,6,0,0,0,True,False,0
9761,12,0,0,12,12,0,0,0,True,False,0
9762,6,0,0,6,6,0,0,0,True,False,0
9763,6,0,0,6,6,0,0,0,True,False,0
9764,6,0,0,6,6,0,0,0,True,False,0
9765,4,0,0,4,4,0,0,0,True,False,0
9766,6,0,0,6,6,0,0,0,True,False,0
9767,4,0,0,4,4,0,0,0,True,False,0
9768,8,0,0,8,8,0,0,0,True,False,0
9769,14,0,0,14,14,0,0,0,True,False,0
9770,8,0,0,8,8,0,0,0,True,False,0
9771,11,0,0,11,11,0,0,0,True,False,0
9772,14,0,0,14,14,0,0,0,True,False,0
9773,11,0,0,11,11,0,0,0,True,False,0
9774,14,0,0,14,14,0,0,0,True,False,0
9775,12,0,0,12,12,0,0,0,True,False,0
9776,9,0,0,9,9,0,0,0,True,False,0
9777,13,0,0,13,13,0,0,0,True,False,0
9778,10,0,0,10,10,0,0,0,True,False,0
9779,9,0,0,9,9,0,0,0,True,False,0
9780,10,0,0,10,10,0,0,0,True,False,0
9781,11,0,0,11,11,0,0,0,True,False,0
9782,11,0,0,11,11,0,0,0,True,False,0
9783,12,0,0,12,12,0,0,0,True,False,0
9784,9,0,0,9,9,0,0,0,True,False,0
9785,8,8,8,8,8,0,0,0,True,False,0
9786,5,0,0,5,5,0,0,0,True,False,0
9787,8,0,0,8,8,0,0,0,True,False,0
9788,9,0,0,9,9,0,0,0,True,False,0
9789,0,118,0,0,0,0,0,0,True,False,0
9790,0,0,0,0,0,0,0,0,True,False,0
9791,98,0,0,98,98,0,0,0,True,False,0
9792,52,0,0,52,52,0,0,0,True,False,0
9793,77,0,0,77,77,0,0,0,True,False,0
9794,9,0,0,9,9,0,0,0,True,False,0
9795,8,0,0,8,8,0,0,0,True,False,0
9796,7,0,0,7,7,0,0,0,True,False,0
9797,9,0,0,9,9,0,0,0,True,False,0
9798,8,0,0,8,8,0,0,0,True,False,0
9799,7,0,0,7,7,0,0,0,True,False,0
9800,8,0,0,8,8,0,0,0,True,False,0
9801,7,0,0,7,7,0,0,0,True,False,0
9802,7,0,0,7,7,0,0,0,True,False,0
9803,7,0,0,7,7,0,0,0,True,False,0
9804,7,0,0,7,7,0,0,0,True,False,0
9805,7,0,0,7,7,0,0,0,True,False,0
9806,7,0,0,7,7,0,0,0,True,False,0
9807,8,0,0,8,8,0,0,0,True,False,0
9808,6,0,0,6,6,0,0,0,True,False,0
9809,8,0,0,8,8,0,0,0,True,False,0
9810,5,0,0,5,5,0,0,0,True,False,0
9811,7,0,0,7,7,0,0,0,True,False,0
9812,6,0,0,6,6,0,0,0,True,False,0
9813,7,0,0,7,7,0,0,0,True,False,0
9814,5,0,0,5,5,0,0,0,True,False,0
9815,14,0,0,14,14,0,0,0,True,False,0
9816,13,0,0,13,13,0,0,0,True,False,0
9817,14,0,0,14,14,0,0,0,True,False,0
9818,13,0,0,13,13,0,0,0,True,False,0
9819,14,0,0,14,14,0,0,0,True,False,0
9820,15,0,0,15,15,0,0,0,True,False,0
9821,14,0,0,14,14,0,0,0,True,False,0
9822,14,0,0,14,14,0,0,0,True,False,0
9823,6,0,0,6,6,0,0,0,True,False,0
9824,12,0,0,12,12,0,0,0,True,False,0
9825,6,0,0,6,6,0,0,0,True,False,0
9826,6,0,0,6,6,0,0,0,True,False,0
9827,6,0,0,6,6,0,0,0,True,False,0
9828,4,0,0,4,4,0,0,0,True,False,0
9829,6,0,0,6,6,0,0,0,True,False,0
9830,4,0,0,4,4,0,0,0,True,False,0
9831,11,0,0,11,11,0,0,0,True,False,0
9832,9,0,0,9,9,0,0,0,True,False,0
9833,5,0,0,5,5,0,0,0,True,False,0
9834,10,0,0,10,10,0,0,0,True,False,0
9835,9,0,0,9,9,0,0,0,True,False,0
9836,15,0,0,15,15,0,0,0,True,False,0
9837,8,0,0,8,8,0,0,0,True,False,0
9838,19,0,0,19,19,0,0,0,True,False,0
9839,12,0,0,12,12,0,0,0,True,False,0
9840,9,0,0,9,9,0,0,0,True,False,0
9841,11,0,0,11,11,0,0,0,True,False,0
9842,13,0,0,13,13,0,0,0,True,False,0
9843,12,0,0,12,12,0,0,0,True,False,0
9844,10,0,0,10,10,0,0,0,True,False,0
9845,11,0,0,11,11,0,0,0,True,False,0
9846,10,0,0,10,10,0,0,0,True,False,0
9847,7,0,0,7,7,0,0,0,True,False,0
9848,7,7,7,7,7,0,0,0,True,False,0
9849,5,0,0,5,5,0,0,0,True,False,0
9850,8,0,0,8,8,0,0,0,True,False,0
9851,9,0,0,9,9,0,0,0,True,False,0
9852,0,119,0,0,0,0,0,0,True,False,0
9853,0,0,0,0,0,0,0,0,True,False,0
9854,95,0,0,95,95,0,0,0,True,False,0
9855,46,0,0,46,46,0,0,0,True,False,0
9856,74,0,0,74,74,0,0,0,True,False,0
9857,7,0,0,7,7,0,0,0,True,False,0
9858,10,0,0,10,10,0,0,0,True,False,0
9859,8,0,0,8,8,0,0,0,True,False,0
9860,10,0,0,10,10,0,0,0,True,False,0
9861,9,0,0,9,9,0,0,0,True,False,0
9862,6,0,0,6,6,0,0,0,True,False,0
9863,7,0,0,7,7,0,0,0,True,False,0
9864,6,0,0,6,6,0,0,0,True,False,0
9865,9,0,0,9,9,0,0,0,True,False,0
9866,7,0,0,7,7,0,0,0,True,False,0
9867,8,0,0,8,8,0,0,0,True,False,0
9868,8,0,0,8,8,0,0,0,True,False,0
9869,9,0,0,9,9,0,0,0,True,False,0
9870,8,0,0,8,8,0,0,0,True,False,0
9871,7,0,0,7,7,0,0,0,True,False,0
9872,7,0,0,7,7,0,0,0,True,False,0
9873,7,0,0,7,7,0,0,0,True,False,0
9874,7,0,0,7,7,0,0,0,True,False,0
9875,6,0,0,6,6,0,0,0,True,False,0
9876,6,0,0,6,6,0,0,0,True,False,0
9877,7,0,0,7,7,0,0,0,True,False,0
9878,11,0,0,11,11,0,0,0,True,False,0
9879,15,0,0,15,15,0,0,0,True,False,0
9880,12,0,0,12,12,0,0,0,True,False,0
9881,12,0,0,12,12,0,0,0,True,False,0
9882,14,0,0,14,14,0,0,0,True,False,0
9883,13,0,0,13,13,0,0,0,True,False,0
9884,12,0,0,12,12,0,0,0,True,False,0
9885,11,0,0,11,11,0,0,0,True,False,0
9886,6,0,0,6,6,0,0,0,True,False,0
9887,12,0,0,12,12,0,0,0,True,False,0
9888,6,0,0,6,6,0,0,0,True,False,0
9889,6,0,0,6,6,0,0,0,True,False,0
9890,6,0,0,6,6,0,0,0,True,False,0
9891,4,0,0,4,4,0,0,0,True,False,0
9892,6,0,0,6,6,0,0,0,True,False,0
9893,4,0,0,4,4,0,0,0,True,False,0
9894,4,0,0,4,4,0,0,0,True,False,0
9895,10,0,0,10,10,0,0,0,True,False,0
9896,7,0,0,7,7,0,0,0,True,False,0
9897,8,0,0,8,8,0,0,0,True,False,0
9898,9,0,0,9,9,0,0,0,True,False,0
9899,9,0,0,9,9,0,0,0,True,False,0
9900,7,0,0,7,7,0,0,0,True,False,0
9901,8,0,0,8,8,0,0,0,True,False,0
9902,1,0,0,1,1,0,0,0,True,True,0
9903,1,0,0,1,1,0,0,0,True,True,0
9904,12,0,0,12,12,0,0,0,True,False,0
9905,11,0,0,11,11,0,0,0,True,False,0
9906,10,0,0,10,10,0,0,0,True,False,0
9907,12,0,0,12,12,0,0,0,True,False,0
9908,11,0,0,11,11,0,0,0,True,False,0
9909,9,0,0,9,9,0,0,0,True,False,0
9910,10,0,0,10,10,0,0,0,True,False,0
9911,10,0,0,10,10,0,0,0,True,False,0
9912,10,0,0,10,10,0,0,0,True,False,0
9913,8,8,8,8,8,0,0,0,True,False,0
9914,5,0,0,5,5,0,0,0,True,False,0
9915,9,0,0,9,9,0,0,0,True,False,0
9916,9,0,0,9,9,0,0,0,True,False,0
9917,0,122,0,0,0,0,0,0,True,False,0
9918,0,0,0,0,0,0,0,0,True,False,0
9919,96,0,0,96,96,0,0,0,True,False,0
9920,46,0,0,46,46,0,0,0,True,False,0
9921,73,0,0,73,73,0,0,0,True,False,0
9922,8,0,0,8,8,0,0,0,True,False,0
9923,9,0,0,9,9,0,0,0,True,False,0
9924,8,0,0,8,8,0,0,0,True,False,0
9925,10,0,0,10,10,0,0,0,True,False,0
9926,9,0,0,9,9,0,0,0,True,False,0
9927,9,0,0,9,9,0,0,0,True,False,0
9928,7,0,0,7,7,0,0,0,True,False,0
9929,7,0,0,7,7,0,0,0,True,False,0
9930,7,0,0,7,7,0,0,0,True,False,0
9931,8,0,0,8,8,0,0,0,True,False,0
9932,7,0,0,7,7,0,0,0,True,False,0
9933,7,0,0,7,7,0,0,0,True,False,0
9934,8,0,0,8,8,0,0,0,True,False,0
9935,6,0,0,6,6,0,0,0,True,False,0
9936,7,0,0,7,7,0,0,0,True,False,0
9937,6,0,0,6,6,0,0,0,True,False,0
9938,8,0,0,8,8,0,0,0,True,False,0
9939,6,0,0,6,6,0,0,0,True,False,0
9940,8,0,0,8,8,0,0,0,True,False,0
9941,9,0,0,9,9,0,0,0,True,False,0
9942,6,0,0,6,6,0,0,0,True,False,0
9943,13,0,0,13,13,0,0,0,True,False,0
9944,13,0,0,13,13,0,0,0,True,False,0
9945,13,0,0,13,13,0,0,0,True,False,0
9946,12,0,0,12,12,0,0,0,True,False,0
9947,13,0,0,13,13,0,0,0,True,False,0
9948,11,0,0,11,11,0,0,0,True,False,0
9949,13,0,0,13,13,0,0,0,True,False,0
9950,13,0,0,13,13,0,0,0,True,False,0
9951,6,0,0,6,6,0,0,0,True,False,0
9952,12,0,0,12,12,0,0,0,True,False,0
9953,6,0,0,6,6,0,0,0,True,False,0
9954,6,0,0,6,6,0,0,0,True,False,0
9955,6,0,0,6,6,0,0,0,True,False,0
9956,4,0,0,4,4,0,0,0,True,False,0
9957,6,0,0,6,6,0,0,0,True,False,0
9958,4,0,0,4,4,0,0,0,True,False,0
9959,15,0,0,15,15,0,0,0,True,False,0
9960,8,0,0,8,8,0,0,0,True,False,0
9961,10,0,0,10,10,0,0,0,True,False,0
9962,10,0,0,10,10,0,0,0,True,False,0
9963,8,0,0,8,8,0,0,0,True,False,0
9964,8,0,0,8,8,0,0,0,True,False,0
9965,5,0,0,5,5,0,0,0,True,False,0
9966,4,0,0,4,4,0,0,0,True,False,0
9967,1,0,0,1,1,0,0,0,True,True,0
9968,1,0,0,1,1,0,0,0,True,True,0
9969,10,0,0,10,10,0,0,0,True,False,0
9970,8,0,0,8,8,0,0,0,True,False,0
9971,8,0,0,8,8,0,0,0,True,False,0
9972,11,0,0,11,11,0,0,0,True,False,0
9973,9,0,0,9,9,0,0,0,True,False,0
9974,10,0,0,10,10,0,0,0,True,False,0
9975,8,0,0,8,8,0,0,0,True,False,0
9976,9,0,0,9,9,0,0,0,True,False,0
9977,7,0,0,7,7,0,0,0,True,False,0
9978,6,6,6,6,6,0,0,0,True,False,0
9979,4,0,0,4,4,0,0,0,True,False,0
9980,6,0,0,6,6,0,0,0,True,False,0
9981,9,0,0,9,9,0,0,0,True,False,0
9982,0,105,0,0,0,0,0,0,True,False,0
9983,0,0,0,0,0,0,0,0,True,False,0
9984,78,0,0,78,78,0,0,0,True,False,0
9985,43,0,0,43,43,0,0,0,True,False,0
9986,67,0,0,67,67,0,0,0,True,False,0
9987,8,0,0,8,8,0,0,0,True,False,0
9988,7,0,0,7,7,0,0,0,True,False,0
9989,7,0,0,7,7,0,0,0,True,False,0
9990,8,0,0,8,8,0,0,0,True,False,0
9991,9,0,0,9,9,0,0,0,True,False,0
9992,6,0,0,6,6,0,0,0,True,False,0
9993,7,0,0,7,7,0,0,0,True,False,0
9994,8,0,0,8,8,0,0,0,True,False,0
9995,7,0,0,7,7,0,0,0,True,False,0
9996,5,0,0,5,5,0,0,0,True,False,0
9997,6,0,0,6,6,0,0,0,True,False,0
9998,8,0,0,8,8,0,0,0,True,False,0
9999,7,0,0,7,7,0,0,0,True,False,0
10000,5,0,0,5,5,0,0,0,True,False,0
10001,5,0,0,5,5,0,0,0,True,False,0
10002,5,0,0,5,5,0,0,0,True,False,0
10003,7,0,0,7,7,0,0,0,True,False,0
10004,5,0,0,5,5,0,0,0,True,False,0
10005,6,0,0,6,6,0,0,0,True,False,0
10006,5,0,0,5,5,0,0,0,True,False,0
10007,6,0,0,6,6,0,0,0,True,False,0
10008,11,0,0,11,11,0,0,0,True,False,0
10009,12,0,0,12,12,0,0,0,True,False,0
10010,12,0,0,12,12,0,0,0,True,False,0
10011,12,0,0,12,12,0,0,0,True,False,0
10012,14,0,0,14,14,0,0,0,True,False,0
10013,12,0,0,12,12,0,0,0,True,False,0
10014,13,0,0,13,13,0,0,0,True,False,0
10015,11,0,0,11,11,0,0,0,True,False,0
10016,6,0,0,6,6,0,0,0,True,False,0
10017,11,0,0,11,11,0,0,0,True,False,0
10018,6,0,0,6,6,0,0,0,True,False,0
10019,5,0,0,5,5,0,0,0,True,False,0
10020,5,0,0,5,5,0,0,0,True,False,0
10021,3,0,0,3,3,0,0,0,True,False,0
10022,5,0,0,5,5,0,0,0,True,False,0
10023,4,0,0,4,4,0,0,0,True,False,0
10024,6,0,0,6,6,0,0,0,True,False,0
10025,12,0,0,12,12,0,0,0,True,False,0
10026,9,0,0,9,9,0,0,0,True,False,0
10027,6,0,0,6,6,0,0,0,True,False,0
10028,14,0,0,14,14,0,0,0,True,False,0
10029,11,0,0,11,11,0,0,0,True,False,0
10030,9,0,0,9,9,0,0,0,True,False,0
10031,9,0,0,9,9,0,0,0,True,False,0
10032,1,0,0,1,1,0,0,0,True,True,0
10033,1,0,0,1,1,0,0,0,True,True,0
10034,1,0,0,1,1,0,0,0,True,True,0
10035,1,0,0,1,1,0,0,0,True,True,0
10036,5,0,0,5,5,0,0,0,True,False,0
10037,2,0,0,2,2,0,0,0,False,True,0
10038,2,0,0,2,2,0,0,0,False,True,0
10039,2,0,0,2,2,0,0,0,False,True,0
10040,2,0,0,2,2,0,0,0,False,True,0
10041,2,0,0,2,2,0,0,0,False,True,0
10042,2,0,0,2,2,0,0,0,False,True,0
10043,2,0,0,2,2,0,0,0,False,True,0
10044,2,0,0,2,2,0,0,0,False,True,0
10045,2,0,0,2,2,0,0,0,False,True,0
10046,2,1,1,2,2,0,0,0,False,True,0
10047,2,0,0,2,2,0,0,0,False,True,0
10048,2,0,0,2,2,0,0,0,False,True,0
10049,2,0,0,2,2,0,0,0,False,True,0
10050,6,5,5,6,6,0,0,0,False,False,0
10051,56,0,0,56,56,0,0,0,False,False,0
10052,5,0,0,5,5,0,0,0,False,False,0
10053,3,0,0,3,3,0,0,0,False,False,0
10054,4,0,0,4,4,0,0,0,False,False,0
10055,2,0,0,2,2,0,0,0,False,True,0
10056,2,0,0,2,2,0,0,0,False,True,0
10057,2,0,0,2,2,0,0,0,False,True,0
10058,2,0,0,2,2,0,0,0,False,True,0
10059,2,0,0,2,2,0,0,0,False,True,0
10060,2,1,1,2,2,0,0,0,False,True,0
10061,1,0,0,1,1,0,0,0,False,True,0
10062,2,1,1,2,2,0,0,0,False,True,0
10063,1,0,0,1,1,0,0,0,False,True,0
10064,1,0,0,1,1,0,0,0,False,True,0
10065,1,0,0,1,1,0,0,0,False,True,0
10066,2,1,1,2,2,0,0,0,False,True,0
10067,1,0,0,1,1,0,0,0,False,True,0
10068,2,0,0,2,2,0,0,0,False,True,0
10069,2,0,0,2,2,0,0,0,False,True,0
10070,2,0,0,2,2,0,0,0,False,True,0
10071,2,0,0,2,2,0,0,0,False,True,0
10072,2,0,0,2,2,0,0,0,False,True,0
10073,2,0,0,2,2,0,0,0,False,True,0
10074,2,0,0,2,2,0,0,0,False,True,0
10075,2,0,0,2,2,0,0,0,False,True,0
10076,2,0,0,2,2,0,0,0,False,True,0
10077,2,0,0,2,2,0,0,0,False,True,0
10078,2,0,0,2,2,0,0,0,False,True,0
10079,2,0,0,2,2,0,0,0,False,True,0
10080,2,0,0,2,2,0,0,0,False,True,0
10081,2,0,0,2,2,0,0,0,False,True,0
10082,2,0,0,2,2,0,0,0,False,True,0
10083,2,0,0,2,2,0,0,0,False,True,0
10084,2,0,0,2,2,0,0,0,False,True,0
10085,2,0,0,2,2,0,0,0,False,True,0
10086,2,0,0,2,2,0,0,0,False,True,0
10087,2,0,0,2,2,0,0,0,False,True,0
10088,2,0,0,2,2,0,0,0,False,True,0
10089,2,0,0,2,2,0,0,0,False,True,0
10090,2,0,0,2,2,0,0,0,False,True,0
10091,2,0,0,2,2,0,0,0,False,True,0
10092,2,0,0,2,2,0,0,0,False,True,0
10093,2,0,0,2,2,0,0,0,False,True,0
10094,2,0,0,2,2,0,0,0,False,True,0
10095,2,0,0,2,2,0,0,0,False,True,0
10096,2,0,0,2,2,0,0,0,False,True,0
10097,2,0,0,2,2,0,0,0,False,True,0
10098,2,0,0,2,2,0,0,0,False,True,0
10099,2,0,0,2,2,0,0,0,False,True,0
10100,2,0,0,2,2,0,0,0,False,True,0
10101,1,0,0,1,1,0,0,0,False,True,0
10102,1,0,0,1,1,0,0,0,False,True,0
10103,1,0,0,1,1,0,0,0,False,True,0
10104,1,0,0,1,1,0,0,0,False,True,0
10105,1,0,0,1,1,0,0,0,False,True,0
10106,2,0,0,2,2,0,0,0,False,True,0
10107,1,0,0,1,1,0,0,0,False,True,0
10108,1,0,0,1,1,0,0,0,False,True,0
10109,1,0,0,1,1,0,0,0,False,True,0
10110,2,0,0,2,2,0,0,0,False,True,0
10111,2,0,0,2,2,0,0,0,False,True,0
10112,2,0,0,2,2,0,0,0,False,True,0
10113,2,0,0,2,2,0,0,0,False,True,0
10114,2,0,0,2,2,0,0,0,False,True,0
10115,1,0,0,1,1,0,0,0,False,True,0
10116,8,0,0,8,8,0,0,0,True,False,0
10117,10,0,0,10,10,0,0,0,True,False,0
10118,8,0,0,8,8,0,0,0,True,False,0
10119,10,0,0,10,10,0,0,0,True,False,0
10120,11,0,0,11,11,0,0,0,True,False,0
10121,10,0,0,10,10,0,0,0,True,False,0
10122,10,0,0,10,10,0,0,0,True,False,0
10123,10,0,0,10,10,0,0,0,True,False,0
10124,11,0,0,11,11,0,0,0,True,False,0
10125,7,7,7,7,7,0,0,0,True,False,0
10126,5,0,0,5,5,0,0,0,True,False,0
10127,10,0,0,10,10,0,0,0,True,False,0
10128,10,0,0,10,10,0,0,0,True,False,0
10129,5,126,5,5,5,0,0,0,True,False,0
10130,144,0,0,144,144,0,0,0,True,False,0
10131,89,0,0,89,89,0,0,0,True,False,0
10132,49,0,0,49,49,0,0,0,True,False,0
10133,74,0,0,74,74,0,0,0,True,False,0
10134,14,0,0,14,14,0,0,0,True,False,0
10135,11,0,0,11,11,0,0,0,True,False,0
10136,11,0,0,11,11,0,0,0,True,False,0
10137,10,0,0,10,10,0,0,0,True,False,0
10138,11,0,0,11,11,0,0,0,True,False,0
10139,6,3,3,6,6,0,0,0,True,False,0
10140,10,4,4,10,10,0,0,0,True,False,0
10141,8,3,3,8,8,0,0,0,True,False,0
10142,8,4,4,8,8,0,0,0,True,False,0
10143,8,3,3,8,8,0,0,0,True,False,0
10144,8,3,3,8,8,0,0,0,True,False,0
10145,8,2,2,8,8,0,0,0,True,False,0
10146,9,3,3,9,9,0,0,0,True,False,0
10147,6,0,0,6,6,0,0,0,True,False,0
10148,6,0,0,6,6,0,0,0,True,False,0
10149,7,0,0,7,7,0,0,0,True,False,0
10150,8,0,0,8,8,0,0,0,True,False,0
10151,8,0,0,8,8,0,0,0,True,False,0
10152,6,0,0,6,6,0,0,0,True,False,0
10153,8,0,0,8,8,0,0,0,True,False,0
10154,8,0,0,8,8,0,0,0,True,False,0
10155,13,0,0,13,13,0,0,0,True,False,0
10156,12,0,0,12,12,0,0,0,True,False,0
10157,14,0,0,14,14,0,0,0,True,False,0
10158,12,0,0,12,12,0,0,0,True,False,0
10159,12,0,0,12,12,0,0,0,True,False,0
10160,14,0,0,14,14,0,0,0,True,False,0
10161,13,0,0,13,13,0,0,0,True,False,0
10162,14,0,0,14,14,0,0,0,True,False,0
10163,4,0,0,4,4,0,0,0,True,False,0
10164,12,0,0,12,12,0,0,0,True,False,0
10165,12,0,0,12,12,0,0,0,True,False,0
10166,4,0,0,4,4,0,0,0,True,False,0
10167,4,0,0,4,4,0,0,0,True,False,0
10168,6,0,0,6,6,0,0,0,True,False,0
10169,4,0,0,4,4,0,0,0,True,False,0
10170,12,0,0,12,12,0,0,0,True,False,0
10171,12,0,0,12,12,0,0,0,True,False,0
10172,12,0,0,12,12,0,0,0,True,False,0
10173,12,0,0,12,12,0,0,0,True,False,0
10174,13,0,0,13,13,0,0,0,True,False,0
10175,8,0,0,8,8,0,0,0,True,False,0
10176,9,0,0,9,9,0,0,0,True,False,0
10177,5,0,0,5,5,0,0,0,True,False,0
10178,13,0,0,13,13,0,0,0,True,False,0
10179,1,0,0,1,1,0,0,0,True,True,0
10180,1,0,0,1,1,0,0,0,True,True,0
10181,1,0,0,1,1,0,0,0,True,True,0
10182,1,0,0,1,1,0,0,0,True,True,0
10183,1,0,0,1,1,0,0,0,True,True,0
10184,1,0,0,1,1,0,0,0,True,True,0
10185,1,0,0,1,1,0,0,0,True,True,0
10186,1,0,0,1,1,0,0,0,True,True,0
10187,1,0,0,1,1,0,0,0,True,True,0
10188,10,0,0,10,10,0,0,0,True,False,0
10189,9,0,0,9,9,0,0,0,True,False,0
10190,10,0,0,10,10,0,0,0,True,False,0
10191,10,0,0,10,10,0,0,0,True,False,0
10192,12,0,0,12,12,0,0,0,True,False,0
10193,10,0,0,10,10,0,0,0,True,False,0
10194,8,0,0,8,8,0,0,0,True,False,0
10195,10,0,0,10,10,0,0,0,True,False,0
10196,10,0,0,10,10,0,0,0,True,False,0
10197,8,8,8,8,8,0,0,0,True,False,0
10198,5,0,0,5,5,0,0,0,True,False,0
10199,12,0,0,12,12,0,0,0,True,False,0
10200,11,0,0,11,11,0,0,0,True,False,0
10201,0,117,0,0,0,0,0,0,True,False,0
10202,0,0,0,0,0,0,0,0,True,False,0
10203,93,0,0,93,93,1,0,0,True,False,0
10204,49,0,0,49,49,0,0,0,True,False,0
10205,79,0,0,79,79,0,0,0,True,False,0
10206,9,0,0,9,9,0,0,0,True,False,0
10207,9,0,0,9,9,0,0,0,True,False,0
10208,12,0,0,12,12,0,0,0,True,False,0
10209,10,0,0,10,10,0,0,0,True,False,0
10210,9,0,0,9,9,0,0,0,True,False,0
10211,8,0,0,8,8,0,0,0,True,False,0
10212,9,0,0,9,9,0,0,0,True,False,0
10213,8,0,0,8,8,0,0,0,True,False,0
10214,7,0,0,7,7,0,0,0,True,False,0
10215,8,0,0,8,8,0,0,0,True,False,0
10216,8,0,0,8,8,0,0,0,True,False,0
10217,7,0,0,7,7,0,0,0,True,False,0
10218,7,0,0,7,7,0,0,0,True,False,0
10219,7,0,0,7,7,0,0,0,True,False,0
10220,7,0,0,7,7,0,0,0,True,False,0
10221,7,0,0,7,7,0,0,0,True,False,0
10222,8,0,0,8,8,0,0,0,True,False,0
10223,7,0,0,7,7,0,0,0,True,False,0
10224,8,0,0,8,8,0,0,0,True,False,0
10225,7,0,0,7,7,0,0,0,True,False,0
10226,10,0,0,10,10,0,0,0,True,False,0
10227,16,0,0,16,16,0,0,0,True,False,0
10228,15,0,0,15,15,0,0,0,True,False,0
10229,14,0,0,14,14,0,0,0,True,False,0
10230,16,0,0,16,16,0,0,0,True,False,0
10231,14,0,0,14,14,0,0,0,True,False,0
10232,14,0,0,14,14,0,0,0,True,False,0
10233,13,0,0,13,13,0,0,0,True,False,0
10234,13,0,0,13,13,0,0,0,True,False,0
10235,4,0,0,4,4,0,0,0,True,False,0
10236,12,0,0,12,12,0,0,0,True,False,0
10237,12,0,0,12,12,0,0,0,True,False,0
10238,4,0,0,4,4,0,0,0,True,False,0
10239,4,0,0,4,4,0,0,0,True,False,0
10240,6,0,0,6,6,0,0,0,True,False,0
10241,4,0,0,4,4,0,0,0,True,False,0
10242,12,0,0,12,12,0,0,0,True,False,0
10243,6,0,0,6,6,0,0,0,True,False,0
10244,12,0,0,12,12,0,0,0,True,False,0
10245,5,0,0,5,5,0,0,0,True,False,0
10246,6,0,0,6,6,0,0,0,True,False,0
10247,10,0,0,10,10,0,0,0,True,False,0
10248,10,0,0,10,10,0,0,0,True,False,0
10249,10,0,0,10,10,0,0,0,True,False,0
10250,7,0,0,7,7,0,0,0,True,False,0
10251,12,0,0,12,12,0,0,0,True,False,0
10252,11,0,0,11,11,0,0,0,True,False,0
10253,10,0,0,10,10,0,0,0,True,False,0
10254,10,0,0,10,10,0,0,0,True,False,0
10255,11,0,0,11,11,0,0,0,True,False,0
10256,11,0,0,11,11,0,0,0,True,False,0
10257,12,0,0,12,12,0,0,0,True,False,0
10258,11,0,0,11,11,0,0,0,True,False,0
10259,11,0,0,11,11,0,0,0,True,False,0
10260,7,7,7,7,7,0,0,0,True,False,0
10261,5,0,0,5,5,0,0,0,True,False,0
10262,13,0,0,13,13,0,0,0,True,False,0
10263,12,0,0,12,12,0,0,0,True,False,0
10264,0,123,0,0,0,0,0,0,True,False,0
10265,0,0,0,0,0,0,0,0,True,False,0
10266,88,0,0,88,88,0,0,0,True,False,0
10267,50,0,0,50,50,0,0,0,True,False,0
10268,78,0,0,78,78,0,0,0,True,False,0
10269,12,0,0,12,12,0,0,0,True,False,0
10270,11,0,0,11,11,0,0,0,True,False,0
10271,11,0,0,11,11,0,0,0,True,False,0
10272,12,0,0,12,12,0,0,0,True,False,0
10273,10,0,0,10,10,0,0,0,True,False,0
10274,8,0,0,8,8,0,0,0,True,False,0
10275,6,0,0,6,6,0,0,0,True,False,0
10276,7,0,0,7,7,0,0,0,True,False,0
10277,7,0,0,7,7,0,0,0,True,False,0
10278,8,0,0,8,8,0,0,0,True,False,0
10279,8,0,0,8,8,0,0,0,True,False,0
10280,9,0,0,9,9,0,0,0,True,False,0
10281,6,0,0,6,6,0,0,0,True,False,0
10282,6,0,0,6,6,0,0,0,True,False,0
10283,7,0,0,7,7,0,0,0,True,False,0
10284,6,0,0,6,6,0,0,0,True,False,0
10285,9,0,0,9,9,0,0,0,True,False,0
10286,7,0,0,7,7,0,0,0,True,False,0
10287,6,0,0,6,6,0,0,0,True,False,0
10288,6,0,0,6,6,0,0,0,True,False,0
10289,8,0,0,8,8,0,0,0,True,False,0
10290,12,0,0,12,12,0,0,0,True,False,0
10291,13,0,0,13,13,0,0,0,True,False,0
10292,11,0,0,11,11,0,0,0,True,False,0
10293,14,0,0,14,14,0,0,0,True,False,0
10294,14,0,0,14,14,0,0,0,True,False,0
10295,14,0,0,14,14,0,0,0,True,False,0
10296,15,0,0,15,15,0,0,0,True,False,0
10297,13,0,0,13,13,0,0,0,True,False,0
10298,4,0,0,4,4,0,0,0,True,False,0
10299,12,0,0,12,12,0,0,0,True,False,0
10300,12,0,0,12,12,0,0,0,True,False,0
10301,4,0,0,4,4,0,0,0,True,False,0
10302,4,0,0,4,4,0,0,0,True,False,0
10303,6,0,0,6,6,0,0,0,True,False,0
10304,4,0,0,4,4,0,0,0,True,False,0
10305,12,0,0,12,12,0,0,0,True,False,0
10306,9,0,0,9,9,0,0,0,True,False,0
10307,5,0,0,5,5,0,0,0,True,False,0
10308,7,0,0,7,7,0,0,0,True,False,0
10309,8,0,0,8,8,0,0,0,True,False,0
10310,14,0,0,14,14,0,0,0,True,False,0
10311,15,0,0,15,15,0,0,0,True,False,0
10312,11,0,0,11,11,0,0,0,True,False,0
10313,7,0,0,7,7,0,0,0,True,False,0
10314,9,0,0,9,9,0,0,0,True,False,0
10315,12,0,0,12,12,0,0,0,True,False,0
10316,11,0,0,11,11,0,0,0,True,False,0
10317,10,0,0,10,10,0,0,0,True,False,0
10318,9,0,0,9,9,0,0,0,True,False,0
10319,10,0,0,10,10,0,0,0,True,False,0
10320,10,0,0,10,10,0,0,0,True,False,0
10321,10,0,0,10,10,0,0,0,True,False,0
10322,10,1,1,10,10,0,0,0,True,False,0
10323,8,8,8,8,8,0,0,0,True,False,0
10324,5,0,0,5,5,0,0,0,True,False,0
10325,8,0,0,8,8,0,0,0,True,False,0
10326,11,0,0,11,11,0,0,0,True,False,0
10327,0,117,0,0,0,0,0,0,True,False,0
10328,0,0,0,0,0,0,0,0,True,False,0
10329,91,0,0,91,91,0,0,0,True,False,0
10330,47,0,0,47,47,0,0,0,True,False,0
10331,78,0,0,78,78,0,0,0,True,False,0
10332,10,1,1,10,10,0,0,0,True,False,0
10333,11,1,1,11,11,0,0,0,True,False,0
10334,10,0,0,10,10,0,0,0,True,False,0
10335,13,1,1,13,13,0,0,0,True,False,0
10336,13,1,1,13,13,0,0,0,True,False,0
10337,8,0,0,8,8,0,0,0,True,False,0
10338,8,0,0,8,8,0,0,0,True,False,0
10339,7,0,0,7,7,0,0,0,True,False,0
10340,8,0,0,8,8,0,0,0,True,False,0
10341,6,0,0,6,6,0,0,0,True,False,0
10342,7,0,0,7,7,0,0,0,True,False,0
10343,7,0,0,7,7,0,0,0,True,False,0
10344,9,0,0,9,9,0,0,0,True,False,0
10345,6,0,0,6,6,0,0,0,True,False,0
10346,6,0,0,6,6,0,0,0,True,False,0
10347,8,0,0,8,8,0,0,0,True,False,0
10348,11,0,0,11,11,0,0,0,True,False,0
10349,7,0,0,7,7,0,0,0,True,False,0
10350,8,0,0,8,8,0,0,0,True,False,0
10351,6,0,0,6,6,0,0,0,True,False,0
10352,7,0,0,7,7,0,0,0,True,False,0
10353,13,0,0,13,13,0,0,0,True,False,0
10354,17,0,0,17,17,0,0,0,True,False,0
10355,14,0,0,14,14,0,0,0,True,False,0
10356,14,0,0,14,14,0,0,0,True,False,0
10357,14,0,0,14,14,0,0,0,True,False,0
10358,14,0,0,14,14,0,0,0,True,False,0
10359,15,0,0,15,15,0,0,0,True,False,0
10360,15,0,0,15,15,0,0,0,True,False,0
10361,4,0,0,4,4,0,0,0,True,False,0
10362,12,0,0,12,12,0,0,0,True,False,0
10363,12,0,0,12,12,0,0,0,True,False,0
10364,4,0,0,4,4,0,0,0,True,False,0
10365,4,0,0,4,4,0,0,0,True,False,0
10366,6,0,0,6,6,0,0,0,True,False,0
10367,4,0,0,4,4,0,0,0,True,False,0
10368,12,0,0,12,12,0,0,0,True,False,0
10369,10,0,0,10,10,0,0,0,True,False,0
10370,7,0,0,7,7,0,0,0,True,False,0
10371,8,0,0,8,8,0,0,0,True,False,0
10372,8,0,0,8,8,0,0,0,True,False,0
10373,11,0,0,11,11,0,0,0,True,False,0
10374,10,0,0,10,10,0,0,0,True,False,0
10375,13,0,0,13,13,0,0,0,True,False,0
10376,16,0,0,16,16,0,0,0,True,False,0
10377,12,0,0,12,12,0,0,0,True,False,0
10378,10,0,0,10,10,0,0,0,True,False,0
10379,11,0,0,11,11,0,0,0,True,False,0
10380,10,0,0,10,10,0,0,0,True,False,0
10381,11,0,0,11,11,0,0,0,True,False,0
10382,10,0,0,10,10,0,0,0,True,False,0
10383,13,0,0,13,13,0,0,0,True,False,0
10384,11,0,0,11,11,0,0,0,True,False,0
10385,7,0,0,7,7,0,0,0,True,False,0
10386,7,7,7,7,7,0,0,0,True,False,0
10387,5,0,0,5,5,0,0,0,True,False,0
10388,10,1,1,10,10,0,0,0,True,False,0
10389,10,1,1,10,10,0,0,0,True,False,0
10390,0,119,0,0,0,0,0,0,True,False,0
10391,0,0,0,0,0,0,0,0,True,False,0
10392,98,0,0,98,98,0,0,0,True,False,0
10393,50,0,0,50,50,0,0,0,True,False,0
10394,77,0,0,77,77,0,0,0,True,False,0
10395,9,0,0,9,9,0,0,0,True,False,0
10396,8,0,0,8,8,0,0,0,True,False,0
10397,8,1,1,8,8,0,0,0,True,False,0
10398,7,0,0,7,7,0,0,0,True,False,0
10399,9,0,0,9,9,0,0,0,True,False,0
10400,7,0,0,7,7,0,0,0,True,False,0
10401,7,0,0,7,7,0,0,0,True,False,0
10402,8,0,0,8,8,0,0,0,True,False,0
10403,6,0,0,6,6,0,0,0,True,False,0
10404,8,0,0,8,8,0,0,0,True,False,0
10405,8,0,0,8,8,0,0,0,True,False,0
10406,8,0,0,8,8,0,0,0,True,False,0
10407,9,0,0,9,9,0,0,0,True,False,0
10408,6,0,0,6,6,0,0,0,True,False,0
10409,8,0,0,8,8,0,0,0,True,False,0
10410,8,0,0,8,8,0,0,0,True,False,0
10411,7,0,0,7,7,0,0,0,True,False,0
10412,6,0,0,6,6,0,0,0,True,False,0
10413,5,0,0,5,5,0,0,0,True,False,0
10414,7,0,0,7,7,0,0,0,True,False,0
10415,7,0,0,7,7,0,0,0,True,False,0
10416,14,0,0,14,14,0,0,0,True,False,0
10417,12,0,0,12,12,0,0,0,True,False,0
10418,13,0,0,13,13,0,0,0,True,False,0
10419,13,0,0,13,13,0,0,0,True,False,0
10420,12,0,0,12,12,0,0,0,True,False,0
10421,14,0,0,14,14,0,0,0,True,False,0
10422,11,0,0,11,11,0,0,0,True,False,0
10423,15,0,0,15,15,0,0,0,True,False,0
10424,4,0,0,4,4,0,0,0,True,False,0
10425,12,0,0,12,12,0,0,0,True,False,0
10426,12,0,0,12,12,0,0,0,True,False,0
10427,4,0,0,4,4,0,0,0,True,False,0
10428,4,0,0,4,4,0,0,0,True,False,0
10429,6,0,0,6,6,0,0,0,True,False,0
10430,4,0,0,4,4,0,0,0,True,False,0
10431,12,0,0,12,12,0,0,0,True,False,0
10432,10,0,0,10,10,0,0,0,True,False,0
10433,9,0,0,9,9,0,0,0,True,False,0
10434,10,0,0,10,10,0,0,0,True,False,0
10435,7,0,0,7,7,0,0,0,True,False,0
10436,10,0,0,10,10,0,0,0,True,False,0
10437,10,0,0,10,10,0,0,0,True,False,0
10438,9,0,0,9,9,0,0,0,True,False,0
10439,8,0,0,8,8,0,0,0,True,False,0
10440,11,0,0,11,11,0,0,0,True,False,0
10441,8,0,0,8,8,0,0,0,True,False,0
10442,11,0,0,11,11,0,0,0,True,False,0
10443,11,0,0,11,11,0,0,0,True,False,0
10444,11,0,0,11,11,0,0,0,True,False,0
10445,9,0,0,9,9,0,0,0,True,False,0
10446,9,0,0,9,9,0,0,0,True,False,0
10447,11,0,0,11,11,0,0,0,True,False,0
10448,9,0,0,9,9,0,0,0,True,False,0
10449,7,7,7,7,7,0,0,0,True,False,0
10450,5,0,0,5,5,0,0,0,True,False,0
10451,6,0,0,6,6,0,0,0,True,False,0
10452,10,0,0,10,10,0,0,0,True,False,0
10453,10,121,10,10,10,0,0,0,True,False,0
10454,200,0,0,200,200,0,0,0,True,False,0
10455,91,0,0,91,91,0,0,0,True,False,0
10456,47,0,0,47,47,0,0,0,True,False,0
10457,81,0,0,81,81,0,0,0,True,False,0
10458,7,0,0,7,7,0,0,0,True,False,0
10459,9,0,0,9,9,0,0,0,True,False,0
10460,8,0,0,8,8,0,0,0,True,False,0
10461,7,0,0,7,7,0,0,0,True,False,0
10462,11,0,0,11,11,0,0,0,True,False,0
10463,10,0,0,10,10,0,0,0,True,False,0
10464,6,0,0,6,6,0,0,0,True,False,0
10465,6,0,0,6,6,0,0,0,True,False,0
10466,7,0,0,7,7,0,0,0,True,False,0
10467,7,0,0,7,7,0,0,0,True,False,0
10468,8,0,0,8,8,0,0,0,True,False,0
10469,7,0,0,7,7,0,0,0,True,False,0
10470,7,0,0,7,7,0,0,0,True,False,0
10471,6,0,0,6,6,0,0,0,True,False,0
10472,8,0,0,8,8,0,0,0,True,False,0
10473,7,0,0,7,7,0,0,0,True,False,0
10474,7,0,0,7,7,0,0,0,True,False,0
10475,6,0,0,6,6,0,0,0,True,False,0
10476,9,0,0,9,9,0,0,0,True,False,0
10477,6,0,0,6,6,0,0,0,True,False,0
10478,6,0,0,6,6,0,0,0,True,False,0
10479,15,0,0,15,15,0,0,0,True,False,0
10480,12,0,0,12,12,0,0,0,True,False,0
10481,13,0,0,13,13,0,0,0,True,False,0
10482,14,0,0,14,14,0,0,0,True,False,0
10483,15,0,0,15,15,0,0,0,True,False,0
10484,15,0,0,15,15,0,0,0,True,False,0
10485,12,0,0,12,12,0,0,0,True,False,0
10486,12,0,0,12,12,0,0,0,True,False,0
10487,4,0,0,4,4,0,0,0,True,False,0
10488,12,0,0,12,12,0,0,0,True,False,0
10489,12,0,0,12,12,0,0,0,True,False,0
10490,4,0,0,4,4,0,0,0,True,False,0
10491,4,0,0,4,4,0,0,0,True,False,0
10492,6,0,0,6,6,0,0,0,True,False,0
10493,4,0,0,4,4,0,0,0,True,False,0
10494,12,0,0,12,12,0,0,0,True,False,0
10495,10,0,0,10,10,0,0,0,True,False,0
10496,8,0,0,8,8,0,0,0,True,False,0
10497,18,0,0,18,18,0,0,0,True,False,0
10498,8,0,0,8,8,0,0,0,True,False,0
10499,7,0,0,7,7,0,0,0,True,False,0
10500,10,0,0,10,10,0,0,0,True,False,0
10501,15,0,0,15,15,0,0,0,True,False,0
10502,12,0,0,12,12,0,0,0,True,False,0
10503,10,0,0,10,10,0,0,0,True,False,0
10504,11,0,0,11,11,0,0,0,True,False,0
10505,14,0,0,14,14,0,0,0,True,False,0
10506,11,0,0,11,11,0,0,0,True,False,0
10507,12,0,0,12,12,0,0,0,True,False,0
10508,9,0,0,9,9,0,0,0,True,False,0
10509,10,0,0,10,10,0,0,0,True,False,0
10510,10,0,0,10,10,0,0,0,True,False,0
10511,9,0,0,9,9,0,0,0,True,False,0
10512,8,8,8,8,8,0,0,0,True,False,0
10513,5,0,0,5,5,0,0,0,True,False,0
10514,9,0,0,9,9,0,0,0,True,False,0
10515,8,0,0,8,8,0,0,0,True,False,0
10516,0,116,0,0,0,0,0,0,True,False,0
10517,0,0,0,0,0,0,0,0,True,False,0
10518,94,0,0,94,94,0,0,0,True,False,0
10519,49,0,0,49,49,0,0,0,True,False,0
10520,74,0,0,74,74,0,0,0,True,False,0
10521,9,0,0,9,9,0,0,0,True,False,0
10522,8,0,0,8,8,0,0,0,True,False,0
10523,8,0,0,8,8,0,0,0,True,False,0
10524,9,0,0,9,9,0,0,0,True,False,0
10525,8,0,0,8,8,0,0,0,True,False,0
10526,7,0,0,7,7,0,0,0,True,False,0
10527,6,0,0,6,6,0,0,0,True,False,0
10528,7,0,0,7,7,0,0,0,True,False,0
10529,7,0,0,7,7,0,0,0,True,False,0
10530,7,0,0,7,7,0,0,0,True,False,0
10531,9,0,0,9,9,0,0,0,True,False,0
10532,7,0,0,7,7,0,0,0,True,False,0
10533,6,0,0,6,6,0,0,0,True,False,0
10534,7,0,0,7,7,0,0,0,True,False,0
10535,9,0,0,9,9,0,0,0,True,False,0
10536,6,0,0,6,6,0,0,0,True,False,0
10537,6,0,0,6,6,0,0,0,True,False,0
10538,7,0,0,7,7,0,0,0,True,False,0
10539,9,0,0,9,9,0,0,0,True,False,0
10540,8,0,0,8,8,0,0,0,True,False,0
10541,7,0,0,7,7,0,0,0,True,False,0
10542,11,0,0,11,11,0,0,0,True,False,0
10543,13,0,0,13,13,0,0,0,True,False,0
10544,13,0,0,13,13,0,0,0,True,False,0
10545,13,0,0,13,13,0,0,0,True,False,0
10546,13,0,0,13,13,0,0,0,True,False,0
10547,14,0,0,14,14,0,0,0,True,False,0
10548,16,0,0,16,16,0,0,0,True,False,0
10549,13,0,0,13,13,0,0,0,True,False,0
10550,4,0,0,4,4,0,0,0,True,False,0
10551,12,0,0,12,12,0,0,0,True,False,0
10552,12,0,0,12,12,0,0,0,True,False,0
10553,4,0,0,4,4,0,0,0,True,False,0
10554,4,0,0,4,4,0,0,0,True,False,0
10555,6,0,0,6,6,0,0,0,True,False,0
10556,4,0,0,4,4,0,0,0,True,False,0
10557,12,0,0,12,12,0,0,0,True,False,0
10558,6,0,0,6,6,0,0,0,True,False,0
10559,12,0,0,12,12,0,0,0,True,False,0
10560,7,0,0,7,7,0,0,0,True,False,0
10561,9,0,0,9,9,0,0,0,True,False,0
10562,7,0,0,7,7,0,0,0,True,False,0
10563,12,0,0,12,12,0,0,0,True,False,0
10564,4,0,0,4,4,0,0,0,True,False,0
10565,5,0,0,5,5,0,0,0,True,False,0
10566,10,0,0,10,10,0,0,0,True,False,0
10567,12,0,0,12,12,0,0,0,True,False,0
10568,14,0,0,14,14,0,0,0,True,False,0
10569,8,0,0,8,8,0,0,0,True,False,0
10570,13,0,0,13,13,0,0,0,True,False,0
10571,11,0,0,11,11,0,0,0,True,False,0
10572,10,0,0,10,10,0,0,0,True,False,0
10573,11,0,0,11,11,0,0,0,True,False,0
10574,8,0,0,8,8,0,0,0,True,False,0
10575,8,8,8,8,8,0,0,0,True,False,0
10576,5,0,0,5,5,0,0,0,True,False,0
10577,10,0,0,10,10,0,0,0,True,False,0
10578,8,0,0,8,8,0,0,0,True,False,0
10579,0,122,0,0,0,0,0,0,True,False,0
10580,0,0,0,0,0,0,0,0,True,False,0
10581,91,0,0,91,91,0,0,0,True,False,0
10582,46,0,0,46,46,0,0,0,True,False,0
10583,76,0,0,76,76,0,0,0,True,False,0
10584,9,0,0,9,9,0,0,0,True,False,0
10585,10,0,0,10,10,0,0,0,True,False,0
10586,8,0,0,8,8,0,0,0,True,False,0
10587,8,0,0,8,8,0,0,0,True,False,0
10588,9,0,0,9,9,0,0,0,True,False,0
10589,8,0,0,8,8,0,0,0,True,False,0
10590,8,0,0,8,8,0,0,0,True,False,0
10591,9,0,0,9,9,0,0,0,True,False,0
10592,8,0,0,8,8,0,0,0,True,False,0
10593,7,0,0,7,7,0,0,0,True,False,0
10594,7,0,0,7,7,0,0,0,True,False,0
10595,9,0,0,9,9,0,0,0,True,False,0
10596,6,0,0,6,6,0,0,0,True,False,0
10597,8,0,0,8,8,0,0,0,True,False,0
10598,6,0,0,6,6,0,0,0,True,False,0
10599,6,0,0,6,6,0,0,0,True,False,0
10600,6,0,0,6,6,0,0,0,True,False,0
10601,7,0,0,7,7,0,0,0,True,False,0
10602,8,0,0,8,8,0,0,0,True,False,0
10603,9,0,0,9,9,0,0,0,True,False,0
10604,6,0,0,6,6,0,0,0,True,False,0
10605,13,0,0,13,13,0,0,0,True,False,0
10606,14,0,0,14,14,0,0,0,True,False,0
10607,14,0,0,14,14,0,0,0,True,False,0
10608,14,0,0,14,14,0,0,0,True,False,0
10609,15,0,0,15,15,0,0,0,True,False,0
10610,13,0,0,13,13,0,0,0,True,False,0
10611,15,0,0,15,15,0,0,0,True,False,0
10612,13,0,0,13,13,0,0,0,True,False,0
10613,4,0,0,4,4,0,0,0,True,False,0
10614,12,0,0,12,12,0,0,0,True,False,0
10615,12,0,0,12,12,0,0,0,True,False,0
10616,4,0,0,4,4,0,0,0,True,False,0
10617,4,0,0,4,4,0,0,0,True,False,0
10618,6,0,0,6,6,0,0,0,True,False,0
10619,4,0,0,4,4,0,0,0,True,False,0
10620,12,0,0,12,12,0,0,0,True,False,0
10621,10,0,0,10,10,0,0,0,True,False,0
10622,11,0,0,11,11,0,0,0,True,False,0
10623,6,0,0,6,6,0,0,0,True,False,0
10624,4,0,0,4,4,0,0,0,True,False,0
10625,10,0,0,10,10,0,0,0,True,False,0
10626,11,0,0,11,11,0,0,0,True,False,0
10627,12,0,0,12,12,0,0,0,True,False,0
10628,13,0,0,13,13,0,0,0,True,False,0
10629,11,0,0,11,11,0,0,0,True,False,0
10630,11,0,0,11,11,0,0,0,True,False,0
10631,12,0,0,12,12,0,0,0,True,False,0
10632,11,0,0,11,11,0,0,0,True,False,0
10633,10,0,0,10,10,0,0,0,True,False,0
10634,11,0,0,11,11,0,0,0,True,False,0
10635,12,0,0,12,12,0,0,0,True,False,0
10636,11,0,0,11,11,0,0,0,True,False,0
10637,9,0,0,9,9,0,0,0,True,False,0
10638,7,7,7,7,7,0,0,0,True,False,0
10639,5,0,0,5,5,0,0,0,True,False,0
10640,9,0,0,9,9,0,0,0,True,False,0
10641,8,0,0,8,8,0,0,0,True,False,0
10642,0,114,0,0,0,0,0,0,True,False,0
10643,0,0,0,0,0,0,0,0,True,False,0
10644,91,0,0,91,91,0,0,0,True,False,0
10645,50,0,0,50,50,0,0,0,True,False,0
10646,81,0,0,81,81,0,0,0,True,False,0
10647,10,0,0,10,10,0,0,0,True,False,0
10648,8,0,0,8,8,0,0,0,True,False,0
10649,9,0,0,9,9,0,0,0,True,False,0
10650,9,0,0,9,9,0,0,0,True,False,0
10651,9,0,0,9,9,0,0,0,True,False,0
10652,6,0,0,6,6,0,0,0,True,False,0
10653,6,0,0,6,6,0,0,0,True,False,0
10654,7,0,0,7,7,0,0,0,True,False,0
10655,5,0,0,5,5,0,0,0,True,False,0
10656,7,0,0,7,7,0,0,0,True,False,0
10657,7,0,0,7,7,0,0,0,True,False,0
10658,7,0,0,7,7,0,0,0,True,False,0
10659,7,0,0,7,7,0,0,0,True,False,0
10660,8,0,0,8,8,0,0,0,True,False,0
10661,8,0,0,8,8,0,0,0,True,False,0
10662,7,0,0,7,7,0,0,0,True,False,0
10663,7,0,0,7,7,0,0,0,True,False,0
10664,8,0,0,8,8,0,0,0,True,False,0
10665,8,0,0,8,8,0,0,0,True,False,0
10666,7,0,0,7,7,0,0,0,True,False,0
10667,7,0,0,7,7,0,0,0,True,False,0
10668,13,0,0,13,13,0,0,0,True,False,0
10669,14,0,0,14,14,0,0,0,True,False,0
10670,14,0,0,14,14,0,0,0,True,False,0
10671,12,0,0,12,12,0,0,0,True,False,0
10672,14,0,0,14,14,0,0,0,True,False,0
10673,13,0,0,13,13,0,0,0,True,False,0
10674,13,0,0,13,13,0,0,0,True,False,0
10675,12,0,0,12,12,0,0,0,True,False,0
10676,4,0,0,4,4,0,0,0,True,False,0
10677,12,0,0,12,12,0,0,0,True,False,0
10678,12,0,0,12,12,0,0,0,True,False,0
10679,4,0,0,4,4,0,0,0,True,False,0
10680,4,0,0,4,4,0,0,0,True,False,0
10681,6,0,0,6,6,0,0,0,True,False,0
10682,4,0,0,4,4,0,0,0,True,False,0
10683,12,0,0,12,12,0,0,0,True,False,0
10684,9,0,0,9,9,0,0,0,True,False,0
10685,14,0,0,14,14,0,0,0,True,False,0
10686,7,0,0,7,7,0,0,0,True,False,0
10687,9,0,0,9,9,0,0,0,True,False,0
10688,4,0,0,4,4,0,0,0,True,False,0
10689,9,0,0,9,9,0,0,0,True,False,0
10690,12,0,0,12,12,0,0,0,True,False,0
10691,8,0,0,8,8,0,0,0,True,False,0
10692,1,0,0,1,1,0,0,0,True,True,0
10693,1,0,0,1,1,0,0,0,True,True,0
10694,1,0,0,1,1,0,0,0,True,True,0
10695,1,0,0,1,1,0,0,0,True,True,0
10696,12,0,0,12,12,0,0,0,True,False,0
10697,10,0,0,10,10,0,0,0,True,False,0
10698,10,0,0,10,10,0,0,0,True,False,0
10699,10,0,0,10,10,0,0,0,True,False,0
10700,10,0,0,10,10,0,0,0,True,False,0
10701,12,0,0,12,12,0,0,0,True,False,0
10702,10,0,0,10,10,0,0,0,True,False,0
10703,9,0,0,9,9,0,0,0,True,False,0
10704,9,0,0,9,9,0,0,0,True,False,0
10705,7,7,7,7,7,0,0,0,True,False,0
10706,5,0,0,5,5,0,0,0,True,False,0
10707,8,0,0,8,8,0,0,0,True,False,0
10708,10,0,0,10,10,0,0,0,True,False,0
10709,0,112,0,0,0,0,0,0,True,False,0
10710,0,0,0,0,0,0,0,0,True,False,0
10711,86,0,0,86,86,0,0,0,True,False,0
10712,54,0,0,54,54,0,0,0,True,False,0
10713,67,0,0,67,67,0,0,0,True,False,0
10714,7,0,0,7,7,0,0,0,True,False,0
10715,8,0,0,8,8,0,0,0,True,False,0
10716,8,0,0,8,8,0,0,0,True,False,0
10717,7,0,0,7,7,0,0,0,True,False,0
10718,9,0,0,9,9,0,0,0,True,False,0
10719,7,0,0,7,7,0,0,0,True,False,0
10720,8,0,0,8,8,0,0,0,True,False,0
10721,8,0,0,8,8,0,0,0,True,False,0
10722,7,0,0,7,7,0,0,0,True,False,0
10723,7,0,0,7,7,0,0,0,True,False,0
10724,7,0,0,7,7,0,0,0,True,False,0
10725,8,0,0,8,8,0,0,0,True,False,0
10726,7,0,0,7,7,0,0,0,True,False,0
10727,6,0,0,6,6,0,0,0,True,False,0
10728,5,0,0,5,5,0,0,0,True,False,0
10729,8,0,0,8,8,0,0,0,True,False,0
10730,8,0,0,8,8,0,0,0,True,False,0
10731,6,0,0,6,6,0,0,0,True,False,0
10732,7,0,0,7,7,0,0,0,True,False,0
10733,7,0,0,7,7,0,0,0,True,False,0
10734,5,0,0,5,5,0,0,0,True,False,0
10735,11,0,0,11,11,0,0,0,True,False,0
10736,14,0,0,14,14,0,0,0,True,False,0
10737,12,0,0,12,12,0,0,0,True,False,0
10738,12,0,0,12,12,0,0,0,True,False,0
10739,12,0,0,12,12,0,0,0,True,False,0
10740,17,0,0,17,17,0,0,0,True,False,0
10741,13,0,0,13,13,0,0,0,True,False,0
10742,12,0,0,12,12,0,0,0,True,False,0
10743,3,0,0,3,3,0,0,0,True,False,0
10744,12,0,0,12,12,0,0,0,True,False,0
10745,11,0,0,11,11,0,0,0,True,False,0
10746,3,0,0,3,3,0,0,0,True,False,0
10747,3,0,0,3,3,0,0,0,True,False,0
10748,5,0,0,5,5,0,0,0,True,False,0
10749,3,0,0,3,3,0,0,0,True,False,0
10750,12,0,0,12,12,0,0,0,True,False,0
10751,9,0,0,9,9,0,0,0,True,False,0
10752,6,0,0,6,6,0,0,0,True,False,0
10753,12,0,0,12,12,0,0,0,True,False,0
10754,6,0,0,6,6,0,0,0,True,False,0
10755,14,0,0,14,14,0,0,0,True,False,0
10756,13,0,0,13,13,0,0,0,True,False,0
10757,10,0,0,10,10,0,0,0,True,False,0
10758,4,0,0,4,4,0,0,0,True,False,0
10759,1,0,0,1,1,0,0,0,True,True,0
10760,1,0,0,1,1,0,0,0,True,True,0
10761,1,0,0,1,1,0,0,0,True,True,0
10762,1,0,0,1,1,0,0,0,True,True,0
10763,1,0,0,1,1,0,0,0,True,True,0
10764,5,0,0,5,5,0,0,0,True,False,0
10765,11,0,0,11,11,0,0,0,True,False,0
10766,12,0,0,12,12,0,0,0,True,False,0
10767,11,0,0,11,11,0,0,0,True,False,0
10768,12,0,0,12,12,0,0,0,True,False,0
10769,10,0,0,10,10,0,0,0,True,False,0
10770,10,0,0,10,10,0,0,0,True,False,0
10771,11,0,0,11,11,0,0,0,True,False,0
10772,14,0,0,14,14,0,0,0,True,False,0
10773,12,0,0,12,12,0,0,0,True,False,0
10774,9,8,8,9,9,0,0,0,True,False,0
10775,6,0,0,6,6,0,0,0,True,False,0
10776,12,0,0,12,12,0,0,0,True,False,0
10777,11,0,0,11,11,0,0,0,True,False,0
10778,11,121,10,11,11,0,0,0,True,False,0
10779,200,0,0,200,200,0,0,0,True,False,0
10780,93,0,0,93,93,0,0,0,True,False,0
10781,51,0,0,51,51,0,0,0,True,False,0
10782,73,0,0,73,73,0,0,0,True,False,0
10783,11,0,0,11,11,0,0,0,True,False,0
10784,11,0,0,11,11,0,0,0,True,False,0
10785,11,0,0,11,11,0,0,0,True,False,0
10786,13,0,0,13,13,0,0,0,True,False,0
10787,14,0,0,14,14,0,0,0,True,False,0
10788,8,3,3,8,8,0,0,0,True,False,0
10789,9,3,3,9,9,0,0,0,True,False,0
10790,8,3,3,8,8,0,0,0,True,False,0
10791,8,4,4,8,8,0,0,0,True,False,0
10792,10,4,4,10,10,0,0,0,True,False,0
10793,10,4,4,10,10,0,0,0,True,False,0
10794,8,3,3,8,8,0,0,0,True,False,0
10795,9,3,3,9,9,0,0,0,True,False,0
10796,9,0,0,9,9,0,0,0,True,False,0
10797,9,0,0,9,9,0,0,0,True,False,0
10798,9,0,0,9,9,0,0,0,True,False,0
10799,7,0,0,7,7,0,0,0,True,False,0
10800,8,0,0,8,8,0,0,0,True,False,0
10801,8,0,0,8,8,0,0,0,True,False,0
10802,10,0,0,10,10,0,0,0,True,False,0
10803,10,0,0,10,10,0,0,0,True,False,0
10804,15,0,0,15,15,0,0,0,True,False,0
10805,14,0,0,14,14,0,0,0,True,False,0
10806,15,0,0,15,15,0,0,0,True,False,0
10807,16,0,0,16,16,0,0,0,True,False,0
10808,15,0,0,15,15,0,0,0,True,False,0
10809,15,0,0,15,15,0,0,0,True,False,0
10810,15,0,0,15,15,0,0,0,True,False,0
10811,15,0,0,15,15,0,0,0,True,False,0
10812,13,0,0,13,13,0,0,0,True,False,0
10813,5,0,0,5,5,0,0,0,True,False,0
10814,5,0,0,5,5,0,0,0,True,False,0
10815,5,0,0,5,5,0,0,0,True,False,0
10816,13,0,0,13,13,0,0,0,True,False,0
10817,7,0,0,7,7,0,0,0,True,False,0
10818,7,0,0,7,7,0,0,0,True,False,0
10819,7,0,0,7,7,0,0,0,True,False,0
10820,14,0,0,14,14,0,0,0,True,False,0
10821,9,0,0,9,9,0,0,0,True,False,0
10822,13,0,0,13,13,0,0,0,True,False,0
10823,8,0,0,8,8,0,0,0,True,False,0
10824,15,0,0,15,15,0,0,0,True,False,0
10825,11,0,0,11,11,0,0,0,True,False,0
10826,5,0,0,5,5,0,0,0,True,False,0
10827,12,0,0,12,12,0,0,0,True,False,0
10828,2,0,0,2,2,0,0,0,True,True,0
10829,2,0,0,2,2,0,0,0,True,True,0
10830,2,0,0,2,2,0,0,0,True,True,0
10831,2,0,0,2,2,0,0,0,True,True,0
10832,2,0,0,2,2,0,0,0,True,True,0
10833,2,0,0,2,2,0,0,0,True,True,0
10834,2,0,0,2,2,0,0,0,True,True,0
10835,2,0,0,2,2,0,0,0,True,True,0
10836,2,0,0,2,2,0,0,0,True,True,0
10837,2,0,0,2,2,0,0,0,True,True,0
10838,2,0,0,2,2,0,0,0,True,True,0
10839,2,0,0,2,2,0,0,0,True,True,0
10840,2,0,0,2,2,0,0,0,True,True,0
10841,2,0,0,2,2,0,0,0,True,True,0
10842,2,0,0,2,2,0,0,0,True,True,0
10843,2,0,0,2,2,0,0,0,True,True,0
10844,10,0,0,10,10,0,0,0,True,False,0
10845,11,0,0,11,11,0,0,0,True,False,0
10846,11,0,0,11,11,0,0,0,True,False,0
10847,10,0,0,10,10,0,0,0,True,False,0
10848,11,0,0,11,11,0,0,0,True,False,0
10849,11,0,0,11,11,0,0,0,True,False,0
10850,11,0,0,11,11,0,0,0,True,False,0
10851,13,0,0,13,13,0,0,0,True,False,0
10852,11,0,0,11,11,0,0,0,True,False,0
10853,7,7,7,7,7,0,0,0,True,False,0
10854,5,0,0,5,5,0,0,0,True,False,0
10855,12,0,0,12,12,0,0,0,True,False,0
10856,12,0,0,12,12,0,0,0,True,False,0
10857,0,111,0,0,0,0,0,0,True,False,0
10858,0,0,0,0,0,0,0,0,True,False,0
10859,93,0,0,93,93,0,0,0,True,False,0
10860,45,0,0,45,45,0,0,0,True,False,0
10861,76,0,0,76,76,0,0,0,True,False,0
10862,11,0,0,11,11,0,0,0,True,False,0
10863,12,0,0,12,12,0,0,0,True,False,0
10864,13,0,0,13,13,0,0,0,True,False,0
10865,11,0,0,11,11,0,0,0,True,False,0
10866,10,0,0,10,10,0,0,0,True,False,0
10867,9,0,0,9,9,0,0,0,True,False,0
10868,6,0,0,6,6,0,0,0,True,False,0
10869,8,0,0,8,8,0,0,0,True,False,0
10870,7,0,0,7,7,0,0,0,True,False,0
10871,6,0,0,6,6,0,0,0,True,False,0
10872,8,0,0,8,8,0,0,0,True,False,0
10873,6,0,0,6,6,0,0,0,True,False,0
10874,7,0,0,7,7,0,0,0,True,False,0
10875,5,0,0,5,5,0,0,0,True,False,0
10876,6,0,0,6,6,0,0,0,True,False,0
10877,7,0,0,7,7,0,0,0,True,False,0
10878,5,0,0,5,5,0,0,0,True,False,0
10879,9,0,0,9,9,0,0,0,True,False,0
10880,6,0,0,6,6,0,0,0,True,False,0
10881,7,0,0,7,7,0,0,0,True,False,0
10882,7,0,0,7,7,0,0,0,True,False,0
10883,14,0,0,14,14,0,0,0,True,False,0
10884,14,0,0,14,14,0,0,0,True,False,0
10885,12,0,0,12,12,0,0,0,True,False,0
10886,11,0,0,11,11,0,0,0,True,False,0
10887,14,0,0,14,14,0,0,0,True,False,0
10888,12,0,0,12,12,0,0,0,True,False,0
10889,13,0,0,13,13,0,0,0,True,False,0
10890,13,0,0,13,13,0,0,0,True,False,0
10891,12,0,0,12,12,0,0,0,True,False,0
10892,4,0,0,4,4,0,0,0,True,False,0
10893,4,0,0,4,4,0,0,0,True,False,0
10894,4,0,0,4,4,0,0,0,True,False,0
10895,12,0,0,12,12,0,0,0,True,False,0
10896,6,0,0,6,6,0,0,0,True,False,0
10897,6,0,0,6,6,0,0,0,True,False,0
10898,6,0,0,6,6,0,0,0,True,False,0
10899,11,0,0,11,11,0,0,0,True,False,0
10900,8,0,0,8,8,0,0,0,True,False,0
10901,9,0,0,9,9,0,0,0,True,False,0
10902,8,0,0,8,8,0,0,0,True,False,0
10903,4,0,0,4,4,0,0,0,True,False,0
10904,10,0,0,10,10,0,0,0,True,False,0
10905,13,0,0,13,13,0,0,0,True,False,0
10906,6,0,0,6,6,0,0,0,True,False,0
10907,10,0,0,10,10,0,0,0,True,False,0
10908,11,0,0,11,11,0,0,0,True,False,0
10909,10,0,0,10,10,0,0,0,True,False,0
10910,9,0,0,9,9,0,0,0,True,False,0
10911,10,0,0,10,10,0,0,0,True,False,0
10912,11,0,0,11,11,0,0,0,True,False,0
10913,8,0,0,8,8,0,0,0,True,False,0
10914,11,0,0,11,11,0,0,0,True,False,0
10915,14,0,0,14,14,0,0,0,True,False,0
10916,8,8,8,8,8,0,0,0,True,False,0
10917,5,0,0,5,5,0,0,0,True,False,0
10918,12,0,0,12,12,0,0,0,True,False,0
10919,12,0,0,12,12,0,0,0,True,False,0
10920,0,123,0,0,0,0,0,0,True,False,0
10921,0,0,0,0,0,0,0,0,True,False,0
10922,90,0,0,90,90,0,0,0,True,False,0
10923,52,0,0,52,52,0,0,0,True,False,0
10924,75,0,0,75,75,0,0,0,True,False,0
10925,9,0,0,9,9,0,0,0,True,False,0
10926,12,0,0,12,12,0,0,0,True,False,0
10927,10,0,0,10,10,0,0,0,True,False,0
10928,12,0,0,12,12,0,0,0,True,False,0
10929,10,0,0,10,10,0,0,0,True,False,0
10930,7,0,0,7,7,0,0,0,True,False,0
10931,8,0,0,8,8,0,0,0,True,False,0
10932,6,0,0,6,6,0,0,0,True,False,0
10933,6,0,0,6,6,0,0,0,True,False,0
10934,8,0,0,8,8,0,0,0,True,False,0
10935,8,0,0,8,8,0,0,0,True,False,0
10936,8,0,0,8,8,0,0,0,True,False,0
10937,8,0,0,8,8,0,0,0,True,False,0
10938,8,0,0,8,8,0,0,0,True,False,0
10939,7,0,0,7,7,0,0,0,True,False,0
10940,7,0,0,7,7,0,0,0,True,False,0
10941,6,0,0,6,6,0,0,0,True,False,0
10942,8,0,0,8,8,0,0,0,True,False,0
10943,9,0,0,9,9,0,0,0,True,False,0
10944,6,0,0,6,6,0,0,0,True,False,0
10945,6,0,0,6,6,0,0,0,True,False,0
10946,13,0,0,13,13,0,0,0,True,False,0
10947,13,0,0,13,13,0,0,0,True,False,0
10948,14,0,0,14,14,0,0,0,True,False,0
10949,13,0,0,13,13,0,0,0,True,False,0
10950,14,0,0,14,14,0,0,0,True,False,0
10951,15,0,0,15,15,0,0,0,True,False,0
10952,11,0,0,11,11,0,0,0,True,False,0
10953,13,0,0,13,13,0,0,0,True,False,0
10954,12,0,0,12,12,0,0,0,True,False,0
10955,4,0,0,4,4,0,0,0,True,False,0
10956,4,0,0,4,4,0,0,0,True,False,0
10957,4,0,0,4,4,0,0,0,True,False,0
10958,12,0,0,12,12,0,0,0,True,False,0
10959,6,0,0,6,6,0,0,0,True,False,0
10960,6,0,0,6,6,0,0,0,True,False,0
10961,6,0,0,6,6,0,0,0,True,False,0
10962,12,0,0,12,12,0,0,0,True,False,0
10963,13,0,0,13,13,0,0,0,True,False,0
10964,9,0,0,9,9,0,0,0,True,False,0
10965,14,0,0,14,14,0,0,0,True,False,0
10966,11,0,0,11,11,0,0,0,True,False,0
10967,16,0,0,16,16,0,0,0,True,False,0
10968,11,0,0,11,11,0,0,0,True,False,0
10969,9,0,0,9,9,0,0,0,True,False,0
10970,10,0,0,10,10,0,0,0,True,False,0
10971,11,0,0,11,11,0,0,0,True,False,0
10972,9,0,0,9,9,0,0,0,True,False,0
10973,8,0,0,8,8,0,0,0,True,False,0
10974,11,0,0,11,11,0,0,0,True,False,0
10975,11,0,0,11,11,0,0,0,True,False,0
10976,8,0,0,8,8,0,0,0,True,False,0
10977,9,0,0,9,9,0,0,0,True,False,0
10978,9,0,0,9,9,0,0,0,True,False,0
10979,7,7,7,7,7,0,0,0,True,False,0
10980,5,0,0,5,5,0,0,0,True,False,0
10981,10,0,0,10,10,0,0,0,True,False,0
10982,12,0,0,12,12,0,0,0,True,False,0
10983,0,116,0,0,0,0,0,0,True,False,0
10984,0,0,0,0,0,0,0,0,True,False,0
10985,90,0,0,90,90,0,0,0,True,False,0
10986,48,0,0,48,48,0,0,0,True,False,0
10987,71,0,0,71,71,0,0,0,True,False,0
10988,13,0,0,13,13,0,0,0,True,False,0
10989,10,0,0,10,10,0,0,0,True,False,0
10990,14,0,0,14,14,0,0,0,True,False,0
10991,12,0,0,12,12,0,0,0,True,False,0
10992,11,0,0,11,11,0,0,0,True,False,0
10993,9,0,0,9,9,0,0,0,True,False,0
10994,7,0,0,7,7,0,0,0,True,False,0
10995,6,0,0,6,6,0,0,0,True,False,0
10996,7,0,0,7,7,0,0,0,True,False,0
10997,8,0,0,8,8,0,0,0,True,False,0
10998,7,0,0,7,7,0,0,0,True,False,0
10999,8,0,0,8,8,0,0,0,True,False,0
11000,8,0,0,8,8,0,0,0,True,False,0
11001,8,0,0,8,8,0,0,0,True,False,0
11002,7,0,0,7,7,0,0,0,True,False,0
11003,8,0,0,8,8,0,0,0,True,False,0
11004,8,0,0,8,8,0,0,0,True,False,0
11005,4,0,0,4,4,0,0,0,True,False,0
11006,7,0,0,7,7,0,0,0,True,False,0
11007,6,0,0,6,6,0,0,0,True,False,0
11008,7,0,0,7,7,0,0,0,True,False,0
11009,14,0,0,14,14,0,0,0,True,False,0
11010,14,0,0,14,14,0,0,0,True,False,0
11011,13,0,0,13,13,0,0,0,True,False,0
11012,13,0,0,13,13,0,0,0,True,False,0
11013,14,0,0,14,14,0,0,0,True,False,0
11014,13,0,0,13,13,0,0,0,True,False,0
11015,13,0,0,13,13,0,0,0,True,False,0
11016,14,0,0,14,14,0,0,0,True,False,0
11017,12,0,0,12,12,0,0,0,True,False,0
11018,4,0,0,4,4,0,0,0,True,False,0
11019,4,0,0,4,4,0,0,0,True,False,0
11020,4,0,0,4,4,0,0,0,True,False,0
11021,12,0,0,12,12,0,0,0,True,False,0
11022,6,0,0,6,6,0,0,0,True,False,0
11023,6,0,0,6,6,0,0,0,True,False,0
11024,6,0,0,6,6,0,0,0,True,False,0
11025,15,0,0,15,15,0,0,0,True,False,0
11026,11,0,0,11,11,0,0,0,True,False,0
11027,7,0,0,7,7,0,0,0,True,False,0
11028,13,0,0,13,13,0,0,0,True,False,0
11029,5,0,0,5,5,0,0,0,True,False,0
11030,12,0,0,12,12,0,0,0,True,False,0
11031,8,0,0,8,8,0,0,0,True,False,0
11032,7,0,0,7,7,0,0,0,True,False,0
11033,12,0,0,12,12,0,0,0,True,False,0
11034,11,0,0,11,11,0,0,0,True,False,0
11035,10,0,0,10,10,0,0,0,True,False,0
11036,13,0,0,13,13,0,0,0,True,False,0
11037,10,0,0,10,10,0,0,0,True,False,0
11038,10,0,0,10,10,0,0,0,True,False,0
11039,12,0,0,12,12,0,0,0,True,False,0
11040,12,0,0,12,12,0,0,0,True,False,0
11041,10,1,1,10,10,0,0,0,True,False,0
11042,8,8,8,8,8,0,0,0,True,False,0
11043,5,0,0,5,5,0,0,0,True,False,0
11044,10,1,1,10,10,0,0,0,True,False,0
11045,9,1,1,9,9,0,0,0,True,False,0
11046,0,120,0,0,0,0,0,0,True,False,0
11047,0,0,0,0,0,0,0,0,True,False,0
11048,91,0,0,91,91,0,0,0,True,False,0
11049,50,0,0,50,50,0,0,0,True,False,0
11050,76,0,0,76,76,0,0,0,True,False,0
11051,10,1,1,10,10,0,0,0,True,False,0
11052,9,1,1,9,9,0,0,0,True,False,0
11053,9,1,1,9,9,0,0,0,True,False,0
11054,12,1,1,12,12,0,0,0,True,False,0
11055,10,1,1,10,10,0,0,0,True,False,0
11056,7,0,0,7,7,0,0,0,True,False,0
11057,8,0,0,8,8,0,0,0,True,False,0
11058,8,0,0,8,8,0,0,0,True,False,0
11059,7,0,0,7,7,0,0,0,True,False,0
11060,7,0,0,7,7,0,0,0,True,False,0
11061,8,0,0,8,8,0,0,0,True,False,0
11062,7,0,0,7,7,0,0,0,True,False,0
11063,8,0,0,8,8,0,0,0,True,False,0
11064,7,0,0,7,7,0,0,0,True,False,0
11065,6,0,0,6,6,0,0,0,True,False,0
11066,7,0,0,7,7,0,0,0,True,False,0
11067,5,0,0,5,5,0,0,0,True,False,0
11068,8,0,0,8,8,0,0,0,True,False,0
11069,8,0,0,8,8,0,0,0,True,False,0
11070,9,0,0,9,9,0,0,0,True,False,0
11071,6,0,0,6,6,0,0,0,True,False,0
11072,14,0,0,14,14,0,0,0,True,False,0
11073,13,0,0,13,13,0,0,0,True,False,0
11074,15,0,0,15,15,0,0,0,True,False,0
11075,14,0,0,14,14,0,0,0,True,False,0
11076,13,0,0,13,13,0,0,0,True,False,0
11077,15,0,0,15,15,0,0,0,True,False,0
11078,13,0,0,13,13,0,0,0,True,False,0
11079,13,0,0,13,13,0,0,0,True,False,0
11080,12,0,0,12,12,0,0,0,True,False,0
11081,4,0,0,4,4,0,0,0,True,False,0
11082,4,0,0,4,4,0,0,0,True,False,0
11083,4,0,0,4,4,0,0,0,True,False,0
11084,12,0,0,12,12,0,0,0,True,False,0
11085,6,0,0,6,6,0,0,0,True,False,0
11086,6,0,0,6,6,0,0,0,True,False,0
11087,6,0,0,6,6,0,0,0,True,False,0
11088,4,0,0,4,4,0,0,0,True,False,0
11089,11,0,0,11,11,0,0,0,True,False,0
11090,7,0,0,7,7,0,0,0,True,False,0
11091,13,0,0,13,13,0,0,0,True,False,0
11092,10,0,0,10,10,0,0,0,True,False,0
11093,4,0,0,4,4,0,0,0,True,False,0
11094,13,0,0,13,13,0,0,0,True,False,0
11095,11,0,0,11,11,0,0,0,True,False,0
11096,9,0,0,9,9,0,0,0,True,False,0
11097,10,0,0,10,10,0,0,0,True,False,0
11098,9,0,0,9,9,0,0,0,True,False,0
11099,12,0,0,12,12,0,0,0,True,False,0
11100,12,0,0,12,12,0,0,0,True,False,0
11101,11,0,0,11,11,0,0,0,True,False,0
11102,9,0,0,9,9,0,0,0,True,False,0
11103,11,0,0,11,11,0,0,0,True,False,0
11104,9,0,0,9,9,0,0,0,True,False,0
11105,7,7,7,7,7,0,0,0,True,False,0
11106,5,0,0,5,5,0,0,0,True,False,0
11107,9,0,0,9,9,0,0,0,True,False,0
11108,7,0,0,7,7,0,0,0,True,False,0
11109,10,120,10,10,10,0,0,0,True,False,0
11110,200,0,0,200,200,0,0,0,True,False,0
11111,97,0,0,97,97,0,0,0,True,False,0
11112,46,0,0,46,46,0,0,0,True,False,0
11113,74,0,0,74,74,0,0,0,True,False,0
11114,9,0,0,9,9,0,0,0,True,False,0
11115,9,0,0,9,9,0,0,0,True,False,0
11116,9,0,0,9,9,0,0,0,True,False,0
11117,11,0,0,11,11,0,0,0,True,False,0
11118,7,0,0,7,7,0,0,0,True,False,0
11119,9,0,0,9,9,0,0,0,True,False,0
11120,8,0,0,8,8,0,0,0,True,False,0
11121,7,0,0,7,7,0,0,0,True,False,0
11122,8,0,0,8,8,0,0,0,True,False,0
11123,8,0,0,8,8,0,0,0,True,False,0
11124,7,0,0,7,7,0,0,0,True,False,0
11125,7,0,0,7,7,0,0,0,True,False,0
11126,7,0,0,7,7,0,0,0,True,False,0
11127,7,0,0,7,7,0,0,0,True,False,0
11128,8,0,0,8,8,0,0,0,True,False,0
11129,7,0,0,7,7,0,0,0,True,False,0
11130,6,0,0,6,6,0,0,0,True,False,0
11131,8,0,0,8,8,0,0,0,True,False,0
11132,7,0,0,7,7,0,0,0,True,False,0
11133,7,0,0,7,7,0,0,0,True,False,0
11134,8,0,0,8,8,0,0,0,True,False,0
11135,13,0,0,13,13,0,0,0,True,False,0
11136,13,0,0,13,13,0,0,0,True,False,0
11137,12,0,0,12,12,0,0,0,True,False,0
11138,13,0,0,13,13,0,0,0,True,False,0
11139,14,0,0,14,14,0,0,0,True,False,0
11140,13,0,0,13,13,0,0,0,True,False,0
11141,13,0,0,13,13,0,0,0,True,False,0
11142,13,0,0,13,13,0,0,0,True,False,0
11143,12,0,0,12,12,0,0,0,True,False,0
11144,4,0,0,4,4,0,0,0,True,False,0
11145,4,0,0,4,4,0,0,0,True,False,0
11146,4,0,0,4,4,0,0,0,True,False,0
11147,12,0,0,12,12,0,0,0,True,False,0
11148,6,0,0,6,6,0,0,0,True,False,0
11149,6,0,0,6,6,0,0,0,True,False,0
11150,6,0,0,6,6,0,0,0,True,False,0
11151,10,0,0,10,10,0,0,0,True,False,0
11152,9,0,0,9,9,0,0,0,True,False,0
11153,4,0,0,4,4,0,0,0,True,False,0
11154,9,0,0,9,9,0,0,0,True,False,0
11155,14,0,0,14,14,0,0,0,True,False,0
11156,6,0,0,6,6,0,0,0,True,False,0
11157,9,0,0,9,9,0,0,0,True,False,0
11158,9,0,0,9,9,0,0,0,True,False,0
11159,11,0,0,11,11,0,0,0,True,False,0
11160,10,0,0,10,10,0,0,0,True,False,0
11161,10,0,0,10,10,0,0,0,True,False,0
11162,9,0,0,9,9,0,0,0,True,False,0
11163,9,0,0,9,9,0,0,0,True,False,0
11164,10,0,0,10,10,0,0,0,True,False,0
11165,11,0,0,11,11,0,0,0,True,False,0
11166,11,0,0,11,11,0,0,0,True,False,0
11167,9,0,0,9,9,0,0,0,True,False,0
11168,8,8,8,8,8,0,0,0,True,False,0
11169,5,0,0,5,5,0,0,0,True,False,0
11170,9,0,0,9,9,0,0,0,True,False,0
11171,9,0,0,9,9,0,0,0,True,False,0
11172,0,125,0,0,0,0,0,0,True,False,0
11173,0,0,0,0,0,0,0,0,True,False,0
11174,87,0,0,87,87,0,0,0,True,False,0
11175,46,0,0,46,46,0,0,0,True,False,0
11176,73,0,0,73,73,0,0,0,True,False,0
11177,10,0,0,10,10,0,0,0,True,False,0
11178,7,0,0,7,7,0,0,0,True,False,0
11179,8,0,0,8,8,0,0,0,True,False,0
11180,10,0,0,10,10,0,0,0,True,False,0
11181,9,0,0,9,9,0,0,0,True,False,0
11182,7,0,0,7,7,0,0,0,True,False,0
11183,8,0,0,8,8,0,0,0,True,False,0
11184,8,0,0,8,8,0,0,0,True,False,0
11185,7,0,0,7,7,0,0,0,True,False,0
11186,8,0,0,8,8,0,0,0,True,False,0
11187,7,0,0,7,7,0,0,0,True,False,0
11188,8,0,0,8,8,0,0,0,True,False,0
11189,6,0,0,6,6,0,0,0,True,False,0
11190,6,0,0,6,6,0,0,0,True,False,0
11191,7,0,0,7,7,0,0,0,True,False,0
11192,7,0,0,7,7,0,0,0,True,False,0
11193,10,0,0,10,10,0,0,0,True,False,0
11194,8,0,0,8,8,0,0,0,True,False,0
11195,8,0,0,8,8,0,0,0,True,False,0
11196,6,0,0,6,6,0,0,0,True,False,0
11197,6,0,0,6,6,0,0,0,True,False,0
11198,13,0,0,13,13,0,0,0,True,False,0
11199,15,0,0,15,15,0,0,0,True,False,0
11200,15,0,0,15,15,0,0,0,True,False,0
11201,15,0,0,15,15,0,0,0,True,False,0
11202,14,0,0,14,14,0,0,0,True,False,0
11203,13,0,0,13,13,0,0,0,True,False,0
11204,15,0,0,15,15,0,0,0,True,False,0
11205,12,0,0,12,12,0,0,0,True,False,0
11206,12,0,0,12,12,0,0,0,True,False,0
11207,4,0,0,4,4,0,0,0,True,False,0
11208,4,0,0,4,4,0,0,0,True,False,0
11209,4,0,0,4,4,0,0,0,True,False,0
11210,12,0,0,12,12,0,0,0,True,False,0
11211,6,0,0,6,6,0,0,0,True,False,0
11212,6,0,0,6,6,0,0,0,True,False,0
11213,6,0,0,6,6,0,0,0,True,False,0
11214,11,0,0,11,11,0,0,0,True,False,0
11215,11,0,0,11,11,0,0,0,True,False,0
11216,10,0,0,10,10,0,0,0,True,False,0
11217,7,0,0,7,7,0,0,0,True,False,0
11218,4,0,0,4,4,0,0,0,True,False,0
11219,12,0,0,12,12,0,0,0,True,False,0
11220,12,0,0,12,12,0,0,0,True,False,0
11221,8,0,0,8,8,0,0,0,True,False,0
11222,10,0,0,10,10,0,0,0,True,False,0
11223,10,0,0,10,10,0,0,0,True,False,0
11224,11,0,0,11,11,0,0,0,True,False,0
11225,11,0,0,11,11,0,0,0,True,False,0
11226,12,0,0,12,12,0,0,0,True,False,0
11227,11,0,0,11,11,0,0,0,True,False,0
11228,11,0,0,11,11,0,0,0,True,False,0
11229,11,0,0,11,11,0,0,0,True,False,0
11230,9,0,0,9,9,0,0,0,True,False,0
11231,7,7,7,7,7,0,0,0,True,False,0
11232,5,0,0,5,5,0,0,0,True,False,0
11233,8,0,0,8,8,0,0,0,True,False,0
11234,9,0,0,9,9,0,0,0,True,False,0
11235,0,119,0,0,0,0,0,0,True,False,0
11236,0,0,0,0,0,0,0,0,True,False,0
11237,95,0,0,95,95,0,0,0,True,False,0
11238,48,0,0,48,48,0,0,0,True,False,0
11239,77,0,0,77,77,0,0,0,True,False,0
11240,9,0,0,9,9,0,0,0,True,False,0
11241,9,0,0,9,9,0,0,0,True,False,0
11242,9,0,0,9,9,0,0,0,True,False,0
11243,8,0,0,8,8,0,0,0,True,False,0
11244,8,0,0,8,8,0,0,0,True,False,0
11245,8,0,0,8,8,0,0,0,True,False,0
11246,7,0,0,7,7,0,0,0,True,False,0
11247,8,0,0,8,8,0,0,0,True,False,0
11248,8,0,0,8,8,0,0,0,True,False,0
11249,7,0,0,7,7,0,0,0,True,False,0
11250,8,0,0,8,8,0,0,0,True,False,0
11251,7,0,0,7,7,0,0,0,True,False,0
11252,9,0,0,9,9,0,0,0,True,False,0
11253,6,0,0,6,6,0,0,0,True,False,0
11254,7,0,0,7,7,0,0,0,True,False,0
11255,8,0,0,8,8,0,0,0,True,False,0
11256,5,0,0,5,5,0,0,0,True,False,0
11257,7,0,0,7,7,0,0,0,True,False,0
11258,6,0,0,6,6,0,0,0,True,False,0
11259,7,0,0,7,7,0,0,0,True,False,0
11260,7,0,0,7,7,0,0,0,True,False,0
11261,14,0,0,14,14,0,0,0,True,False,0
11262,12,0,0,12,12,0,0,0,True,False,0
11263,12,0,0,12,12,0,0,0,True,False,0
11264,14,0,0,14,14,0,0,0,True,False,0
11265,13,0,0,13,13,0,0,0,True,False,0
11266,15,0,0,15,15,0,0,0,True,False,0
11267,12,0,0,12,12,0,0,0,True,False,0
11268,15,0,0,15,15,0,0,0,True,False,0
11269,12,0,0,12,12,0,0,0,True,False,0
11270,4,0,0,4,4,0,0,0,True,False,0
11271,4,0,0,4,4,0,0,0,True,False,0
11272,4,0,0,4,4,0,0,0,True,False,0
11273,12,0,0,12,12,0,0,0,True,False,0
11274,6,0,0,6,6,0,0,0,True,False,0
11275,6,0,0,6,6,0,0,0,True,False,0
11276,6,0,0,6,6,0,0,0,True,False,0
11277,14,0,0,14,14,0,0,0,True,False,0
11278,10,0,0,10,10,0,0,0,True,False,0
11279,12,0,0,12,12,0,0,0,True,False,0
11280,9,0,0,9,9,0,0,0,True,False,0
11281,8,0,0,8,8,0,0,0,True,False,0
11282,18,0,0,18,18,0,0,0,True,False,0
11283,12,0,0,12,12,0,0,0,True,False,0
11284,10,0,0,10,10,0,0,0,True,False,0
11285,1,0,0,1,1,0,0,0,True,True,0
11286,12,0,0,12,12,0,0,0,True,False,0
11287,11,0,0,11,11,0,0,0,True,False,0
11288,9,0,0,9,9,0,0,0,True,False,0
11289,11,0,0,11,11,0,0,0,True,False,0
11290,10,0,0,10,10,0,0,0,True,False,0
11291,8,0,0,8,8,0,0,0,True,False,0
11292,10,0,0,10,10,0,0,0,True,False,0
11293,9,0,0,9,9,0,0,0,True,False,0
11294,11,0,0,11,11,0,0,0,True,False,0
11295,8,8,8,8,8,0,0,0,True,False,0
11296,5,0,0,5,5,0,0,0,True,False,0
11297,8,0,0,8,8,0,0,0,True,False,0
11298,7,0,0,7,7,0,0,0,True,False,0
11299,0,122,0,0,0,0,0,0,True,False,0
11300,0,0,0,0,0,0,0,0,True,False,0
11301,98,0,0,98,98,0,0,0,True,False,0
11302,53,0,0,53,53,0,0,0,True,False,0
11303,76,0,0,76,76,0,0,0,True,False,0
11304,9,0,0,9,9,0,0,0,True,False,0
11305,8,0,0,8,8,0,0,0,True,False,0
11306,7,0,0,7,7,0,0,0,True,False,0
11307,7,0,0,7,7,0,0,0,True,False,0
11308,9,0,0,9,9,0,0,0,True,False,0
11309,8,0,0,8,8,0,0,0,True,False,0
11310,8,0,0,8,8,0,0,0,True,False,0
11311,7,0,0,7,7,0,0,0,True,False,0
11312,9,0,0,9,9,0,0,0,True,False,0
11313,8,0,0,8,8,0,0,0,True,False,0
11314,8,0,0,8,8,0,0,0,True,False,0
11315,7,0,0,7,7,0,0,0,True,False,0
11316,8,0,0,8,8,0,0,0,True,False,0
11317,6,0,0,6,6,0,0,0,True,False,0
11318,6,0,0,6,6,0,0,0,True,False,0
11319,8,0,0,8,8,0,0,0,True,False,0
11320,8,0,0,8,8,0,0,0,True,False,0
11321,6,0,0,6,6,0,0,0,True,False,0
11322,8,0,0,8,8,0,0,0,True,False,0
11323,9,0,0,9,9,0,0,0,True,False,0
11324,8,0,0,8,8,0,0,0,True,False,0
11325,14,0,0,14,14,0,0,0,True,False,0
11326,14,0,0,14,14,0,0,0,True,False,0
11327,13,0,0,13,13,0,0,0,True,False,0
11328,13,0,0,13,13,0,0,0,True,False,0
11329,14,0,0,14,14,0,0,0,True,False,0
11330,14,0,0,14,14,0,0,0,True,False,0
11331,13,0,0,13,13,0,0,0,True,False,0
11332,14,0,0,14,14,0,0,0,True,False,0
11333,12,0,0,12,12,0,0,0,True,False,0
11334,4,0,0,4,4,0,0,0,True,False,0
11335,4,0,0,4,4,0,0,0,True,False,0
11336,4,0,0,4,4,0,0,0,True,False,0
11337,12,0,0,12,12,0,0,0,True,False,0
11338,6,0,0,6,6,0,0,0,True,False,0
11339,6,0,0,6,6,0,0,0,True,False,0
11340,6,0,0,6,6,0,0,0,True,False,0
11341,10,0,0,10,10,0,0,0,True,False,0
11342,11,0,0,11,11,0,0,0,True,False,0
11343,9,0,0,9,9,0,0,0,True,False,0
11344,11,0,0,11,11,0,0,0,True,False,0
11345,14,0,0,14,14,0,0,0,True,False,0
11346,14,0,0,14,14,0,0,0,True,False,0
11347,8,0,0,8,8,0,0,0,True,False,0
11348,9,0,0,9,9,0,0,0,True,False,0
11349,1,0,0,1,1,0,0,0,True,True,0
11350,1,0,0,1,1,0,0,0,True,True,0
11351,1,0,0,1,1,0,0,0,True,True,0
11352,1,0,0,1,1,0,0,0,True,True,0
11353,1,0,0,1,1,0,0,0,True,True,0
11354,9,0,0,9,9,0,0,0,True,False,0
11355,11,0,0,11,11,0,0,0,True,False,0
11356,12,0,0,12,12,0,0,0,True,False,0
11357,12,0,0,12,12,0,0,0,True,False,0
11358,11,0,0,11,11,0,0,0,True,False,0
11359,12,0,0,12,12,0,0,0,True,False,0
11360,11,0,0,11,11,0,0,0,True,False,0
11361,7,0,0,7,7,0,0,0,True,False,0
11362,8,0,0,8,8,0,0,0,True,False,0
11363,7,7,7,7,7,0,0,0,True,False,0
11364,5,0,0,5,5,0,0,0,True,False,0
11365,10,0,0,10,10,0,0,0,True,False,0
11366,10,0,0,10,10,0,0,0,True,False,0
11367,0,121,0,0,0,0,0,0,True,False,0
11368,0,0,0,0,0,0,0,0,True,False,0
11369,94,0,0,94,94,0,0,0,True,False,0
11370,47,0,0,47,47,1,0,0,True,False,0
11371,76,0,0,76,76,0,0,0,True,False,0
11372,9,0,0,9,9,0,0,0,True,False,0
11373,8,0,0,8,8,0,0,0,True,False,0
11374,9,0,0,9,9,0,0,0,True,False,0
11375,9,0,0,9,9,0,0,0,True,False,0
11376,9,0,0,9,9,0,0,0,True,False,0
11377,9,0,0,9,9,0,0,0,True,False,0
11378,5,0,0,5,5,0,0,0,True,False,0
11379,7,0,0,7,7,0,0,0,True,False,0
11380,7,0,0,7,7,0,0,0,True,False,0
11381,8,0,0,8,8,0,0,0,True,False,0
11382,9,0,0,9,9,0,0,0,True,False,0
11383,8,0,0,8,8,0,0,0,True,False,0
11384,7,0,0,7,7,0,0,0,True,False,0
11385,8,0,0,8,8,0,0,0,True,False,0
11386,8,0,0,8,8,0,0,0,True,False,0
11387,5,0,0,5,5,0,0,0,True,False,0
11388,7,0,0,7,7,0,0,0,True,False,0
11389,6,0,0,6,6,0,0,0,True,False,0
11390,7,0,0,7,7,0,0,0,True,False,0
11391,7,0,0,7,7,0,0,0,True,False,0
11392,7,0,0,7,7,0,0,0,True,False,0
11393,13,0,0,13,13,0,0,0,True,False,0
11394,12,0,0,12,12,0,0,0,True,False,0
11395,11,0,0,11,11,0,0,0,True,False,0
11396,12,0,0,12,12,0,0,0,True,False,0
11397,13,0,0,13,13,0,0,0,True,False,0
11398,12,0,0,12,12,0,0,0,True,False,0
11399,15,0,0,15,15,0,0,0,True,False,0
11400,11,0,0,11,11,0,0,0,True,False,0
11401,12,0,0,12,12,0,0,0,True,False,0
11402,4,0,0,4,4,0,0,0,True,False,0
11403,4,0,0,4,4,0,0,0,True,False,0
11404,4,0,0,4,4,0,0,0,True,False,0
11405,12,0,0,12,12,0,0,0,True,False,0
11406,6,0,0,6,6,0,0,0,True,False,0
11407,6,0,0,6,6,0,0,0,True,False,0
11408,6,0,0,6,6,0,0,0,True,False,0
11409,8,0,0,8,8,0,0,0,True,False,0
11410,7,0,0,7,7,0,0,0,True,False,0
11411,14,0,0,14,14,0,0,0,True,False,0
11412,10,0,0,10,10,0,0,0,True,False,0
11413,7,0,0,7,7,0,0,0,True,False,0
11414,4,0,0,4,4,0,0,0,True,False,0
11415,11,0,0,11,11,0,0,0,True,False,0
11416,9,0,0,9,9,0,0,0,True,False,0
11417,1,0,0,1,1,0,0,0,True,True,0
11418,1,0,0,1,1,0,0,0,True,True,0
11419,1,0,0,1,1,0,0,0,True,True,0
11420,1,0,0,1,1,0,0,0,True,True,0
11421,1,0,0,1,1,0,0,0,True,True,0
11422,1,1,1,1,1,0,0,0,True,True,0
11423,0,2,0,0,0,0,0,0,True,True,0
11424,0,0,0,0,0,0,0,0,True,False,0
11425,2,0,0,2,2,0,0,0,True,True,0
11426,1,0,0,1,1,0,0,0,True,True,0
11427,2,0,0,2,2,0,0,0,True,True,0
11428,1,0,0,1,1,0,0,0,True,True,0
11429,1,0,0,1,1,0,0,0,True,True,0
11430,1,0,0,1,1,0,0,0,True,True,0
11431,1,0,0,1,1,0,0,0,True,True,0
11432,1,0,0,1,1,0,0,0,True,True,0
11433,1,0,0,1,1,0,0,0,True,True,0
11434,1,0,0,1,1,0,0,0,True,True,0
11435,1,0,0,1,1,0,0,0,True,True,0
11436,1,0,0,1,1,0,0,0,True,True,0
11437,1,0,0,1,1,0,0,0,True,True,0
11438,1,0,0,1,1,0,0,0,True,True,0
11439,1,0,0,1,1,0,0,0,True,True,0
11440,1,0,0,1,1,0,0,0,True,True,0
11441,1,0,0,1,1,0,0,0,True,True,0
11442,3,0,0,3,3,0,0,0,True,False,0
11443,5,0,0,5,5,0,0,0,True,False,0
11444,3,0,0,3,3,0,0,0,True,False,0
11445,11,0,0,11,11,0,0,0,True,False,0
11446,10,0,0,10,10,0,0,0,True,False,0
11447,11,0,0,11,11,0,0,0,True,False,0
11448,10,0,0,10,10,0,0,0,True,False,0
11449,10,0,0,10,10,0,0,0,True,False,0
11450,9,0,0,9,9,0,0,0,True,False,0
11451,11,0,0,11,11,0,0,0,True,False,0
11452,10,0,0,10,10,0,0,0,True,False,0
11453,12,0,0,12,12,0,0,0,True,False,0
11454,8,7,7,8,8,0,0,0,True,False,0
11455,6,0,0,6,6,0,0,0,True,False,0
11456,10,0,0,10,10,0,0,0,True,False,0
11457,11,0,0,11,11,0,0,0,True,False,0
11458,11,99,10,11,11,0,0,0,True,False,0
11459,200,0,0,200,200,0,0,0,True,False,0
11460,82,0,0,82,82,0,0,0,True,False,0
11461,45,0,0,45,45,0,0,0,True,False,0
11462,68,0,0,68,68,0,0,0,True,False,0
11463,11,0,0,11,11,0,0,0,True,False,0
11464,10,0,0,10,10,0,0,0,True,False,0
11465,10,0,0,10,10,0,0,0,True,False,0
11466,11,0,0,11,11,0,0,0,True,False,0
11467,10,0,0,10,10,0,0,0,True,False,0
11468,7,4,4,7,7,0,0,0,True,False,0
11469,7,4,4,7,7,0,0,0,True,False,0
11470,8,4,4,8,8,0,0,0,True,False,0
11471,8,3,3,8,8,0,0,0,True,False,0
11472,7,4,4,7,7,0,0,0,True,False,0
11473,8,4,4,8,8,0,0,0,True,False,0
11474,9,3,3,9,9,0,0,0,True,False,0
11475,8,3,3,8,8,0,0,0,True,False,0
11476,9,0,0,9,9,0,0,0,True,False,0
11477,9,0,0,9,9,0,0,0,True,False,0
11478,7,0,0,7,7,0,0,0,True,False,0
11479,9,0,0,9,9,0,0,0,True,False,0
11480,9,0,0,9,9,0,0,0,True,False,0
11481,8,0,0,8,8,0,0,0,True,False,0
11482,7,0,0,7,7,0,0,0,True,False,0
11483,8,0,0,8,8,0,0,0,True,False,0
11484,13,0,0,13,13,0,0,0,True,False,0
11485,13,0,0,13,13,0,0,0,True,False,0
11486,15,0,0,15,15,0,0,0,True,False,0
11487,14,0,0,14,14,0,0,0,True,False,0
11488,14,0,0,14,14,0,0,0,True,False,0
11489,12,0,0,12,12,0,0,0,True,False,0
11490,14,0,0,14,14,0,0,0,True,False,0
11491,14,0,0,14,14,0,0,0,True,False,0
11492,7,0,0,7,7,0,0,0,True,False,0
11493,5,0,0,5,5,0,0,0,True,False,0
11494,12,0,0,12,12,0,0,0,True,False,0
11495,7,0,0,7,7,0,0,0,True,False,0
11496,5,0,0,5,5,0,0,0,True,False,0
11497,5,0,0,5,5,0,0,0,True,False,0
11498,12,0,0,12,12,0,0,0,True,False,0
11499,12,0,0,12,12,0,0,0,True,False,0
11500,15,0,0,15,15,0,0,0,True,False,0
11501,8,0,0,8,8,0,0,0,True,False,0
11502,11,0,0,11,11,0,0,0,True,False,0
11503,9,0,0,9,9,0,0,0,True,False,0
11504,7,0,0,7,7,0,0,0,True,False,0
11505,8,0,0,8,8,0,0,0,True,False,0
11506,7,0,0,7,7,0,0,0,True,False,0
11507,8,0,0,8,8,0,0,0,True,False,0
11508,2,0,0,2,2,0,0,0,True,True,0
11509,2,0,0,2,2,0,0,0,True,True,0
11510,2,0,0,2,2,0,0,0,True,True,0
11511,2,0,0,2,2,0,0,0,True,True,0
11512,2,0,0,2,2,0,0,0,True,True,0
11513,2,0,0,2,2,0,0,0,True,True,0
11514,2,0,0,2,2,0,0,0,True,True,0
11515,2,0,0,2,2,0,0,0,True,True,0
11516,2,0,0,2,2,0,0,0,True,True,0
11517,2,0,0,2,2,0,0,0,True,True,0
11518,2,0,0,2,2,0,0,0,True,True,0
11519,2,0,0,2,2,0,0,0,True,True,0
11520,2,0,0,2,2,0,0,0,True,True,0
11521,2,0,0,2,2,0,0,0,True,True,0
11522,2,0,0,2,2,0,0,0,True,True,0
11523,2,0,0,2,2,0,0,0,True,True,0
11524,10,0,0,10,10,0,0,0,True,False,0
11525,9,0,0,9,9,0,0,0,True,False,0
11526,12,0,0,12,12,0,0,0,True,False,0
11527,9,0,0,9,9,0,0,0,True,False,0
11528,10,0,0,10,10,0,0,0,True,False,0
11529,10,0,0,10,10,0,0,0,True,False,0
11530,12,0,0,12,12,0,0,0,True,False,0
11531,12,0,0,12,12,0,0,0,True,False,0
11532,12,0,0,12,12,0,0,0,True,False,0
11533,8,8,8,8,8,0,0,0,True,False,0
11534,5,0,0,5,5,0,0,0,True,False,0
11535,11,0,0,11,11,0,0,0,True,False,0
11536,13,0,0,13,13,0,0,0,True,False,0
11537,0,115,0,0,0,0,0,0,True,False,0
11538,0,0,0,0,0,0,0,0,True,False,0
11539,100,0,0,100,100,0,0,0,True,False,0
11540,47,0,0,47,47,0,0,0,True,False,0
11541,76,0,0,76,76,0,0,0,True,False,0
11542,10,0,0,10,10,0,0,0,True,False,0
11543,10,0,0,10,10,0,0,0,True,False,0
11544,13,0,0,13,13,0,0,0,True,False,0
11545,10,0,0,10,10,0,0,0,True,False,0
11546,10,0,0,10,10,0,0,0,True,False,0
11547,7,0,0,7,7,0,0,0,True,False,0
11548,8,0,0,8,8,0,0,0,True,False,0
11549,8,0,0,8,8,0,0,0,True,False,0
11550,7,0,0,7,7,0,0,0,True,False,0
11551,6,0,0,6,6,0,0,0,True,False,0
11552,7,0,0,7,7,0,0,0,True,False,0
11553,8,0,0,8,8,0,0,0,True,False,0
11554,8,0,0,8,8,0,0,0,True,False,0
11555,6,0,0,6,6,0,0,0,True,False,0
11556,6,0,0,6,6,0,0,0,True,False,0
11557,8,0,0,8,8,0,0,0,True,False,0
11558,7,0,0,7,7,0,0,0,True,False,0
11559,8,0,0,8,8,0,0,0,True,False,0
11560,7,0,0,7,7,0,0,0,True,False,0
11561,7,0,0,7,7,0,0,0,True,False,0
11562,6,0,0,6,6,0,0,0,True,False,0
11563,15,0,0,15,15,0,0,0,True,False,0
11564,13,0,0,13,13,0,0,0,True,False,0
11565,12,0,0,12,12,0,0,0,True,False,0
11566,13,0,0,13,13,0,0,0,True,False,0
11567,13,0,0,13,13,0,0,0,True,False,0
11568,12,0,0,12,12,0,0,0,True,False,0
11569,13,0,0,13,13,0,0,0,True,False,0
11570,13,0,0,13,13,0,0,0,True,False,0
11571,6,0,0,6,6,0,0,0,True,False,0
11572,4,0,0,4,4,0,0,0,True,False,0
11573,12,0,0,12,12,0,0,0,True,False,0
11574,6,0,0,6,6,0,0,0,True,False,0
11575,4,0,0,4,4,0,0,0,True,False,0
11576,4,0,0,4,4,0,0,0,True,False,0
11577,12,0,0,12,12,0,0,0,True,False,0
11578,12,0,0,12,12,0,0,0,True,False,0
11579,9,0,0,9,9,0,0,0,True,False,0
11580,8,0,0,8,8,0,0,0,True,False,0
11581,9,0,0,9,9,0,0,0,True,False,0
11582,7,0,0,7,7,0,0,0,True,False,0
11583,13,0,0,13,13,0,0,0,True,False,0
11584,11,0,0,11,11,0,0,0,True,False,0
11585,13,0,0,13,13,0,0,0,True,False,0
11586,10,0,0,10,10,0,0,0,True,False,0
11587,11,0,0,11,11,0,0,0,True,False,0
11588,11,0,0,11,11,0,0,0,True,False,0
11589,11,0,0,11,11,0,0,0,True,False,0
11590,12,0,0,12,12,0,0,0,True,False,0
11591,11,0,0,11,11,0,0,0,True,False,0
11592,11,0,0,11,11,0,0,0,True,False,0
11593,12,0,0,12,12,0,0,0,True,False,0
11594,12,0,0,12,12,0,0,0,True,False,0
11595,9,0,0,9,9,0,0,0,True,False,0
11596,7,7,7,7,7,0,0,0,True,False,0
11597,5,0,0,5,5,0,0,0,True,False,0
11598,13,0,0,13,13,0,0,0,True,False,0
11599,11,0,0,11,11,0,0,0,True,False,0
11600,0,114,0,0,0,0,0,0,True,False,0
11601,0,0,0,0,0,0,0,0,True,False,0
11602,91,0,0,91,91,0,0,0,True,False,0
11603,50,0,0,50,50,0,0,0,True,False,0
11604,79,0,0,79,79,0,0,0,True,False,0
11605,12,0,0,12,12,0,0,0,True,False,0
11606,10,0,0,10,10,0,0,0,True,False,0
11607,11,0,0,11,11,0,0,0,True,False,0
11608,12,0,0,12,12,0,0,0,True,False,0
11609,11,0,0,11,11,0,0,0,True,False,0
11610,8,0,0,8,8,0,0,0,True,False,0
11611,7,0,0,7,7,0,0,0,True,False,0
11612,8,0,0,8,8,0,0,0,True,False,0
11613,8,0,0,8,8,0,0,0,True,False,0
11614,8,0,0,8,8,0,0,0,True,False,0
11615,7,0,0,7,7,0,0,0,True,False,0
11616,7,0,0,7,7,0,0,0,True,False,0
11617,8,0,0,8,8,0,0,0,True,False,0
11618,6,0,0,6,6,0,0,0,True,False,0
11619,7,0,0,7,7,0,0,0,True,False,0
11620,7,0,0,7,7,0,0,0,True,False,0
11621,8,0,0,8,8,0,0,0,True,False,0
11622,6,0,0,6,6,0,0,0,True,False,0
11623,7,0,0,7,7,0,0,0,True,False,0
11624,7,0,0,7,7,0,0,0,True,False,0
11625,6,0,0,6,6,0,0,0,True,False,0
11626,14,0,0,14,14,0,0,0,True,False,0
11627,12,0,0,12,12,0,0,0,True,False,0
11628,13,0,0,13,13,0,0,0,True,False,0
11629,16,0,0,16,16,0,0,0,True,False,0
11630,13,0,0,13,13,0,0,0,True,False,0
11631,14,0,0,14,14,0,0,0,True,False,0
11632,14,0,0,14,14,0,0,0,True,False,0
11633,12,0,0,12,12,0,0,0,True,False,0
11634,6,0,0,6,6,0,0,0,True,False,0
11635,4,0,0,4,4,0,0,0,True,False,0
11636,12,0,0,12,12,0,0,0,True,False,0
11637,6,0,0,6,6,0,0,0,True,False,0
11638,4,0,0,4,4,0,0,0,True,False,0
11639,4,0,0,4,4,0,0,0,True,False,0
11640,12,0,0,12,12,0,0,0,True,False,0
11641,12,0,0,12,12,0,0,0,True,False,0
11642,11,0,0,11,11,0,0,0,True,False,0
11643,9,0,0,9,9,0,0,0,True,False,0
11644,10,0,0,10,10,0,0,0,True,False,0
11645,8,0,0,8,8,0,0,0,True,False,0
11646,10,0,0,10,10,0,0,0,True,False,0
11647,7,0,0,7,7,0,0,0,True,False,0
11648,9,0,0,9,9,0,0,0,True,False,0
11649,7,0,0,7,7,0,0,0,True,False,0
11650,10,0,0,10,10,0,0,0,True,False,0
11651,10,0,0,10,10,0,0,0,True,False,0
11652,9,0,0,9,9,0,0,0,True,False,0
11653,13,0,0,13,13,0,0,0,True,False,0
11654,11,0,0,11,11,0,0,0,True,False,0
11655,10,0,0,10,10,0,0,0,True,False,0
11656,10,0,0,10,10,0,0,0,True,False,0
11657,9,0,0,9,9,0,0,0,True,False,0
11658,12,0,0,12,12,0,0,0,True,False,0
11659,8,8,8,8,8,0,0,0,True,False,0
11660,5,0,0,5,5,0,0,0,True,False,0
11661,9,0,0,9,9,0,0,0,True,False,0
11662,10,0,0,10,10,0,0,0,True,False,0
11663,0,117,0,0,0,0,0,0,True,False,0
11664,0,0,0,0,0,0,0,0,True,False,0
11665,97,0,0,97,97,0,0,0,True,False,0
11666,46,0,0,46,46,0,0,0,True,False,0
11667,76,0,0,76,76,0,0,0,True,False,0
11668,11,0,0,11,11,0,0,0,True,False,0
11669,10,0,0,10,10,0,0,0,True,False,0
11670,9,0,0,9,9,0,0,0,True,False,0
11671,11,0,0,11,11,0,0,0,True,False,0
11672,10,0,0,10,10,0,0,0,True,False,0
11673,9,0,0,9,9,0,0,0,True,False,0
11674,7,0,0,7,7,0,0,0,True,False,0
11675,7,0,0,7,7,0,0,0,True,False,0
11676,7,0,0,7,7,0,0,0,True,False,0
11677,9,0,0,9,9,0,0,0,True,False,0
11678,6,0,0,6,6,0,0,0,True,False,0
11679,8,0,0,8,8,0,0,0,True,False,0
11680,7,0,0,7,7,0,0,0,True,False,0
11681,7,0,0,7,7,0,0,0,True,False,0
11682,8,0,0,8,8,0,0,0,True,False,0
11683,6,0,0,6,6,0,0,0,True,False,0
11684,6,0,0,6,6,0,0,0,True,False,0
11685,6,0,0,6,6,0,0,0,True,False,0
11686,7,0,0,7,7,0,0,0,True,False,0
11687,8,0,0,8,8,0,0,0,True,False,0
11688,9,0,0,9,9,0,0,0,True,False,0
11689,14,0,0,14,14,0,0,0,True,False,0
11690,11,0,0,11,11,0,0,0,True,False,0
11691,13,0,0,13,13,0,0,0,True,False,0
11692,12,0,0,12,12,0,0,0,True,False,0
11693,13,0,0,13,13,0,0,0,True,False,0
11694,14,0,0,14,14,0,0,0,True,False,0
11695,12,0,0,12,12,0,0,0,True,False,0
11696,12,0,0,12,12,0,0,0,True,False,0
11697,6,0,0,6,6,0,0,0,True,False,0
11698,4,0,0,4,4,0,0,0,True,False,0
11699,12,0,0,12,12,0,0,0,True,False,0
11700,6,0,0,6,6,0,0,0,True,False,0
11701,4,0,0,4,4,0,0,0,True,False,0
11702,4,0,0,4,4,0,0,0,True,False,0
11703,12,0,0,12,12,0,0,0,True,False,0
11704,12,0,0,12,12,0,0,0,True,False,0
11705,12,0,0,12,12,0,0,0,True,False,0
11706,6,0,0,6,6,0,0,0,True,False,0
11707,8,0,0,8,8,0,0,0,True,False,0
11708,7,0,0,7,7,0,0,0,True,False,0
11709,8,0,0,8,8,0,0,0,True,False,0
11710,8,0,0,8,8,0,0,0,True,False,0
11711,12,0,0,12,12,0,0,0,True,False,0
11712,12,0,0,12,12,0,0,0,True,False,0
11713,10,0,0,10,10,0,0,0,True,False,0
11714,9,0,0,9,9,0,0,0,True,False,0
11715,10,0,0,10,10,0,0,0,True,False,0
11716,10,0,0,10,10,0,0,0,True,False,0
11717,10,0,0,10,10,0,0,0,True,False,0
11718,11,0,0,11,11,0,0,0,True,False,0
11719,9,0,0,9,9,0,0,0,True,False,0
11720,10,0,0,10,10,0,0,0,True,False,0
11721,8,1,1,8,8,0,0,0,True,False,0
11722,7,7,7,7,7,0,0,0,True,False,0
11723,5,0,0,5,5,0,0,0,True,False,0
11724,9,1,1,9,9,0,0,0,True,False,0
11725,8,1,1,8,8,0,0,0,True,False,0
11726,0,121,0,0,0,0,0,0,True,False,0
11727,0,0,0,0,0,0,0,0,True,False,0
11728,92,0,0,92,92,0,0,0,True,False,0
11729,47,0,0,47,47,0,0,0,True,False,0
11730,71,0,0,71,71,0,0,0,True,False,0
11731,11,1,1,11,11,0,0,0,True,False,0
11732,8,1,1,8,8,0,0,0,True,False,0
11733,10,1,1,10,10,0,0,0,True,False,0
11734,9,1,1,9,9,0,0,0,True,False,0
11735,9,1,1,9,9,0,0,0,True,False,0
11736,7,0,0,7,7,0,0,0,True,False,0
11737,5,0,0,5,5,0,0,0,True,False,0
11738,6,0,0,6,6,0,0,0,True,False,0
11739,7,0,0,7,7,0,0,0,True,False,0
11740,6,0,0,6,6,0,0,0,True,False,0
11741,6,0,0,6,6,0,0,0,True,False,0
11742,7,0,0,7,7,0,0,0,True,False,0
11743,8,0,0,8,8,0,0,0,True,False,0
11744,7,0,0,7,7,0,0,0,True,False,0
11745,6,0,0,6,6,0,0,0,True,False,0
11746,8,0,0,8,8,0,0,0,True,False,0
11747,9,0,0,9,9,0,0,0,True,False,0
11748,7,0,0,7,7,0,0,0,True,False,0
11749,8,0,0,8,8,0,0,0,True,False,0
11750,8,0,0,8,8,0,0,0,True,False,0
11751,5,0,0,5,5,0,0,0,True,False,0
11752,15,0,0,15,15,0,0,0,True,False,0
11753,12,0,0,12,12,0,0,0,True,False,0
11754,12,0,0,12,12,0,0,0,True,False,0
11755,15,0,0,15,15,0,0,0,True,False,0
11756,14,0,0,14,14,0,0,0,True,False,0
11757,12,0,0,12,12,0,0,0,True,False,0
11758,15,0,0,15,15,0,0,0,True,False,0
11759,13,0,0,13,13,0,0,0,True,False,0
11760,6,0,0,6,6,0,0,0,True,False,0
11761,4,0,0,4,4,0,0,0,True,False,0
11762,12,0,0,12,12,0,0,0,True,False,0
11763,6,0,0,6,6,0,0,0,True,False,0
11764,4,0,0,4,4,0,0,0,True,False,0
11765,4,0,0,4,4,0,0,0,True,False,0
11766,13,0,0,13,13,0,0,0,True,False,0
11767,12,0,0,12,12,0,0,0,True,False,0
11768,9,0,0,9,9,0,0,0,True,False,0
11769,7,0,0,7,7,0,0,0,True,False,0
11770,16,0,0,16,16,0,0,0,True,False,0
11771,9,0,0,9,9,0,0,0,True,False,0
11772,4,0,0,4,4,0,0,0,True,False,0
11773,7,0,0,7,7,0,0,0,True,False,0
11774,14,0,0,14,14,0,0,0,True,False,0
11775,3,0,0,3,3,0,0,0,True,False,0
11776,10,0,0,10,10,0,0,0,True,False,0
11777,12,0,0,12,12,0,0,0,True,False,0
11778,12,0,0,12,12,0,0,0,True,False,0
11779,13,0,0,13,13,0,0,0,True,False,0
11780,11,0,0,11,11,0,0,0,True,False,0
11781,13,0,0,13,13,0,0,0,True,False,0
11782,11,0,0,11,11,0,0,0,True,False,0
11783,12,0,0,12,12,0,0,0,True,False,0
11784,8,0,0,8,8,0,0,0,True,False,0
11785,7,7,7,7,7,0,0,0,True,False,0
11786,5,0,0,5,5,0,0,0,True,False,0
11787,7,0,0,7,7,0,0,0,True,False,0
11788,10,0,0,10,10,0,0,0,True,False,0
11789,10,118,10,10,10,0,0,0,True,False,0
11790,200,0,0,200,200,0,0,0,True,False,0
11791,90,0,0,90,90,0,0,0,True,False,0
11792,43,0,0,43,43,0,0,0,True,False,0
11793,75,0,0,75,75,0,0,0,True,False,0
11794,8,0,0,8,8,0,0,0,True,False,0
11795,8,0,0,8,8,0,0,0,True,False,0
11796,7,0,0,7,7,0,0,0,True,False,0
11797,9,0,0,9,9,0,0,0,True,False,0
11798,10,0,0,10,10,0,0,0,True,False,0
11799,8,0,0,8,8,0,0,0,True,False,0
11800,8,0,0,8,8,0,0,0,True,False,0
11801,8,0,0,8,8,0,0,0,True,False,0
11802,8,0,0,8,8,0,0,0,True,False,0
11803,8,0,0,8,8,0,0,0,True,False,0
11804,8,0,0,8,8,0,0,0,True,False,0
11805,7,0,0,7,7,0,0,0,True,False,0
11806,7,0,0,7,7,0,0,0,True,False,0
11807,7,0,0,7,7,0,0,0,True,False,0
11808,8,0,0,8,8,0,0,0,True,False,0
11809,8,0,0,8,8,0,0,0,True,False,0
11810,6,0,0,6,6,0,0,0,True,False,0
11811,9,0,0,9,9,0,0,0,True,False,0
11812,6,0,0,6,6,0,0,0,True,False,0
11813,6,0,0,6,6,0,0,0,True,False,0
11814,6,0,0,6,6,0,0,0,True,False,0
11815,17,0,0,17,17,0,0,0,True,False,0
11816,17,0,0,17,17,0,0,0,True,False,0
11817,13,0,0,13,13,0,0,0,True,False,0
11818,15,0,0,15,15,0,0,0,True,False,0
11819,13,0,0,13,13,0,0,0,True,False,0
11820,13,0,0,13,13,0,0,0,True,False,0
11821,15,0,0,15,15,0,0,0,True,False,0
11822,14,0,0,14,14,0,0,0,True,False,0
11823,6,0,0,6,6,0,0,0,True,False,0
11824,4,0,0,4,4,0,0,0,True,False,0
11825,12,0,0,12,12,0,0,0,True,False,0
11826,6,0,0,6,6,0,0,0,True,False,0
11827,4,0,0,4,4,0,0,0,True,False,0
11828,4,0,0,4,4,0,0,0,True,False,0
11829,11,0,0,11,11,0,0,0,True,False,0
11830,12,0,0,12,12,0,0,0,True,False,0
11831,10,0,0,10,10,0,0,0,True,False,0
11832,10,0,0,10,10,0,0,0,True,False,0
11833,7,0,0,7,7,0,0,0,True,False,0
11834,9,0,0,9,9,0,0,0,True,False,0
11835,6,0,0,6,6,0,0,0,True,False,0
11836,10,0,0,10,10,0,0,0,True,False,0
11837,16,0,0,16,16,0,0,0,True,False,0
11838,16,0,0,16,16,0,0,0,True,False,0
11839,9,0,0,9,9,0,0,0,True,False,0
11840,11,0,0,11,11,0,0,0,True,False,0
11841,11,0,0,11,11,0,0,0,True,False,0
11842,10,0,0,10,10,0,0,0,True,False,0
11843,12,0,0,12,12,0,0,0,True,False,0
11844,9,0,0,9,9,0,0,0,True,False,0
11845,10,0,0,10,10,0,0,0,True,False,0
11846,11,0,0,11,11,0,0,0,True,False,0
11847,7,0,0,7,7,0,0,0,True,False,0
11848,8,8,8,8,8,0,0,0,True,False,0
11849,5,0,0,5,5,0,0,0,True,False,0
11850,8,0,0,8,8,0,0,0,True,False,0
11851,7,0,0,7,7,0,0,0,True,False,0
11852,0,124,0,0,0,0,0,0,True,False,0
11853,0,0,0,0,0,0,0,0,True,False,0
11854,95,0,0,95,95,0,0,0,True,False,0
11855,45,0,0,45,45,0,0,0,True,False,0
11856,76,0,0,76,76,0,0,0,True,False,0
11857,8,0,0,8,8,0,0,0,True,False,0
11858,6,0,0,6,6,0,0,0,True,False,0
11859,7,0,0,7,7,0,0,0,True,False,0
11860,7,0,0,7,7,0,0,0,True,False,0
11861,8,0,0,8,8,0,0,0,True,False,0
11862,7,0,0,7,7,0,0,0,True,False,0
11863,7,0,0,7,7,0,0,0,True,False,0
11864,8,0,0,8,8,0,0,0,True,False,0
11865,6,0,0,6,6,0,0,0,True,False,0
11866,9,0,0,9,9,0,0,0,True,False,0
11867,7,0,0,7,7,0,0,0,True,False,0
11868,8,0,0,8,8,0,0,0,True,False,0
11869,8,0,0,8,8,0,0,0,True,False,0
11870,7,0,0,7,7,0,0,0,True,False,0
11871,7,0,0,7,7,0,0,0,True,False,0
11872,6,0,0,6,6,0,0,0,True,False,0
11873,7,0,0,7,7,0,0,0,True,False,0
11874,9,0,0,9,9,0,0,0,True,False,0
11875,6,0,0,6,6,0,0,0,True,False,0
11876,9,0,0,9,9,0,0,0,True,False,0
11877,5,0,0,5,5,0,0,0,True,False,0
11878,12,0,0,12,12,0,0,0,True,False,0
11879,14,0,0,14,14,0,0,0,True,False,0
11880,13,0,0,13,13,0,0,0,True,False,0
11881,13,0,0,13,13,0,0,0,True,False,0
11882,12,0,0,12,12,0,0,0,True,False,0
11883,15,0,0,15,15,0,0,0,True,False,0
11884,14,0,0,14,14,0,0,0,True,False,0
11885,14,0,0,14,14,0,0,0,True,False,0
11886,6,0,0,6,6,0,0,0,True,False,0
11887,4,0,0,4,4,0,0,0,True,False,0
11888,13,0,0,13,13,0,0,0,True,False,0
11889,6,0,0,6,6,0,0,0,True,False,0
11890,4,0,0,4,4,0,0,0,True,False,0
11891,4,0,0,4,4,0,0,0,True,False,0
11892,12,0,0,12,12,0,0,0,True,False,0
11893,12,0,0,12,12,0,0,0,True,False,0
11894,12,0,0,12,12,0,0,0,True,False,0
11895,11,0,0,11,11,0,0,0,True,False,0
11896,15,0,0,15,15,0,0,0,True,False,0
11897,7,0,0,7,7,0,0,0,True,False,0
11898,9,0,0,9,9,0,0,0,True,False,0
11899,13,0,0,13,13,0,0,0,True,False,0
11900,6,0,0,6,6,0,0,0,True,False,0
11901,10,0,0,10,10,0,0,0,True,False,0
11902,10,0,0,10,10,0,0,0,True,False,0
11903,9,0,0,9,9,0,0,0,True,False,0
11904,10,0,0,10,10,0,0,0,True,False,0
11905,10,0,0,10,10,0,0,0,True,False,0
11906,11,0,0,11,11,0,0,0,True,False,0
11907,10,0,0,10,10,0,0,0,True,False,0
11908,10,0,0,10,10,0,0,0,True,False,0
11909,10,0,0,10,10,0,0,0,True,False,0
11910,10,0,0,10,10,0,0,0,True,False,0
11911,7,7,7,7,7,0,0,0,True,False,0
11912,5,0,0,5,5,0,0,0,True,False,0
11913,9,0,0,9,9,0,0,0,True,False,0
11914,8,0,0,8,8,0,0,0,True,False,0
11915,0,121,0,0,0,0,0,0,True,False,0
11916,0,0,0,0,0,0,0,0,True,False,0
11917,92,0,0,92,92,0,0,0,True,False,0
11918,48,0,0,48,48,0,0,0,True,False,0
11919,73,0,0,73,73,0,0,0,True,False,0
11920,10,0,0,10,10,0,0,0,True,False,0
11921,8,0,0,8,8,0,0,0,True,False,0
11922,8,0,0,8,8,0,0,0,True,False,0
11923,8,0,0,8,8,0,0,0,True,False,0
11924,7,0,0,7,7,0,0,0,True,False,0
11925,7,0,0,7,7,0,0,0,True,False,0
11926,8,0,0,8,8,0,0,0,True,False,0
11927,7,0,0,7,7,0,0,0,True,False,0
11928,6,0,0,6,6,0,0,0,True,False,0
11929,8,0,0,8,8,0,0,0,True,False,0
11930,8,0,0,8,8,0,0,0,True,False,0
11931,9,0,0,9,9,0,0,0,True,False,0
11932,8,0,0,8,8,0,0,0,True,False,0
11933,8,0,0,8,8,0,0,0,True,False,0
11934,6,0,0,6,6,0,0,0,True,False,0
11935,9,0,0,9,9,0,0,0,True,False,0
11936,6,0,0,6,6,0,0,0,True,False,0
11937,6,0,0,6,6,0,0,0,True,False,0
11938,9,0,0,9,9,0,0,0,True,False,0
11939,7,0,0,7,7,0,0,0,True,False,0
11940,8,0,0,8,8,0,0,0,True,False,0
11941,14,0,0,14,14,0,0,0,True,False,0
11942,13,0,0,13,13,0,0,0,True,False,0
11943,11,0,0,11,11,0,0,0,True,False,0
11944,12,0,0,12,12,0,0,0,True,False,0
11945,13,0,0,13,13,0,0,0,True,False,0
11946,12,0,0,12,12,0,0,0,True,False,0
11947,11,0,0,11,11,0,0,0,True,False,0
11948,15,0,0,15,15,0,0,0,True,False,0
11949,6,0,0,6,6,0,0,0,True,False,0
11950,4,0,0,4,4,0,0,0,True,False,0
11951,12,0,0,12,12,0,0,0,True,False,0
11952,6,0,0,6,6,0,0,0,True,False,0
11953,4,0,0,4,4,0,0,0,True,False,0
11954,4,0,0,4,4,0,0,0,True,False,0
11955,12,0,0,12,12,0,0,0,True,False,0
11956,12,0,0,12,12,0,0,0,True,False,0
11957,9,0,0,9,9,0,0,0,True,False,0
11958,15,0,0,15,15,0,0,0,True,False,0
11959,11,0,0,11,11,0,0,0,True,False,0
11960,7,0,0,7,7,0,0,0,True,False,0
11961,13,0,0,13,13,0,0,0,True,False,0
11962,13,0,0,13,13,0,0,0,True,False,0
11963,10,0,0,10,10,0,0,0,True,False,0
11964,10,0,0,10,10,0,0,0,True,False,0
11965,1,0,0,1,1,0,0,0,True,True,0
11966,11,0,0,11,11,0,0,0,True,False,0
11967,10,0,0,10,10,0,0,0,True,False,0
11968,12,0,0,12,12,0,0,0,True,False,0
11969,10,0,0,10,10,0,0,0,True,False,0
11970,13,0,0,13,13,0,0,0,True,False,0
11971,11,0,0,11,11,0,0,0,True,False,0
11972,11,0,0,11,11,0,0,0,True,False,0
11973,11,0,0,11,11,0,0,0,True,False,0
11974,8,0,0,8,8,0,0,0,True,False,0
11975,8,8,8,8,8,0,0,0,True,False,0
11976,5,0,0,5,5,0,0,0,True,False,0
11977,9,0,0,9,9,0,0,0,True,False,0
11978,8,0,0,8,8,0,0,0,True,False,0
11979,0,112,0,0,0,0,0,0,True,False,0
11980,0,0,0,0,0,0,0,0,True,False,0
11981,95,0,0,95,95,0,0,0,True,False,0
11982,47,0,0,47,47,0,0,0,True,False,0
11983,71,0,0,71,71,0,0,0,True,False,0
11984,9,0,0,9,9,0,0,0,True,False,0
11985,9,0,0,9,9,0,0,0,True,False,0
11986,9,0,0,9,9,0,0,0,True,False,0
11987,8,0,0,8,8,0,0,0,True,False,0
11988,9,0,0,9,9,0,0,0,True,False,0
11989,8,0,0,8,8,0,0,0,True,False,0
11990,6,0,0,6,6,0,0,0,True,False,0
11991,8,0,0,8,8,0,0,0,True,False,0
11992,8,0,0,8,8,0,0,0,True,False,0
11993,7,0,0,7,7,0,0,0,True,False,0
11994,9,0,0,9,9,0,0,0,True,False,0
11995,7,0,0,7,7,0,0,0,True,False,0
11996,7,0,0,7,7,0,0,0,True,False,0
11997,6,0,0,6,6,0,0,0,True,False,0
11998,6,0,0,6,6,0,0,0,True,False,0
11999,5,0,0,5,5,0,0,0,True,False,0
12000,8,0,0,8,8,0,0,0,True,False,0
12001,7,0,0,7,7,0,0,0,True,False,0
12002,5,0,0,5,5,0,0,0,True,False,0
12003,6,0,0,6,6,0,0,0,True,False,0
12004,5,0,0,5,5,0,0,0,True,False,0
12005,14,0,0,14,14,0,0,0,True,False,0
12006,13,0,0,13,13,0,0,0,True,False,0
12007,11,0,0,11,11,0,0,0,True,False,0
12008,16,0,0,16,16,0,0,0,True,False,0
12009,15,0,0,15,15,0,0,0,True,False,0
12010,15,0,0,15,15,0,0,0,True,False,0
12011,12,0,0,12,12,0,0,0,True,False,0
12012,12,0,0,12,12,0,0,0,True,False,0
12013,6,0,0,6,6,0,0,0,True,False,0
12014,4,0,0,4,4,0,0,0,True,False,0
12015,12,0,0,12,12,0,0,0,True,False,0
12016,6,0,0,6,6,0,0,0,True,False,0
12017,4,0,0,4,4,0,0,0,True,False,0
12018,4,0,0,4,4,0,0,0,True,False,0
12019,12,0,0,12,12,0,0,0,True,False,0
12020,12,0,0,12,12,0,0,0,True,False,0
12021,11,0,0,11,11,0,0,0,True,False,0
12022,13,0,0,13,13,0,0,0,True,False,0
12023,13,0,0,13,13,0,0,0,True,False,0
12024,11,0,0,11,11,0,0,0,True,False,0
12025,6,0,0,6,6,0,0,0,True,False,0
12026,3,0,0,3,3,0,0,0,True,False,0
12027,10,0,0,10,10,0,0,0,True,False,0
12028,11,0,0,11,11,0,0,0,True,False,0
12029,1,0,0,1,1,0,0,0,True,True,0
12030,1,0,0,1,1,0,0,0,True,True,0
12031,1,0,0,1,1,0,0,0,True,True,0
12032,1,0,0,1,1,0,0,0,True,True,0
12033,10,0,0,10,10,0,0,0,True,False,0
12034,11,0,0,11,11,0,0,0,True,False,0
12035,14,0,0,14,14,0,0,0,True,False,0
12036,9,0,0,9,9,0,0,0,True,False,0
12037,8,0,0,8,8,0,0,0,True,False,0
12038,10,0,0,10,10,0,0,0,True,False,0
12039,11,0,0,11,11,0,0,0,True,False,0
12040,10,0,0,10,10,0,0,0,True,False,0
12041,10,0,0,10,10,0,0,0,True,False,0
12042,8,8,8,8,8,0,0,0,True,False,0
12043,5,0,0,5,5,0,0,0,True,False,0
12044,9,0,0,9,9,0,0,0,True,False,0
12045,8,0,0,8,8,0,0,0,True,False,0
12046,0,113,0,0,0,0,0,0,True,False,0
12047,0,0,0,0,0,0,0,0,True,False,0
12048,91,0,0,91,91,0,0,0,True,False,0
12049,44,0,0,44,44,0,0,0,True,False,0
12050,76,0,0,76,76,0,0,0,True,False,0
12051,8,0,0,8,8,0,0,0,True,False,0
12052,7,0,0,7,7,0,0,0,True,False,0
12053,8,0,0,8,8,0,0,0,True,False,0
12054,11,0,0,11,11,0,0,0,True,False,0
12055,10,0,0,10,10,0,0,0,True,False,0
12056,7,0,0,7,7,0,0,0,True,False,0
12057,6,0,0,6,6,0,0,0,True,False,0
12058,8,0,0,8,8,0,0,0,True,False,0
12059,8,0,0,8,8,0,0,0,True,False,0
12060,6,0,0,6,6,0,0,0,True,False,0
12061,7,0,0,7,7,0,0,0,True,False,0
12062,8,0,0,8,8,0,0,0,True,False,0
12063,7,0,0,7,7,0,0,0,True,False,0
12064,7,0,0,7,7,0,0,0,True,False,0
12065,8,0,0,8,8,0,0,0,True,False,0
12066,6,0,0,6,6,0,0,0,True,False,0
12067,5,0,0,5,5,0,0,0,True,False,0
12068,7,0,0,7,7,0,0,0,True,False,0
12069,7,0,0,7,7,0,0,0,True,False,0
12070,6,0,0,6,6,0,0,0,True,False,0
12071,7,0,0,7,7,0,0,0,True,False,0
12072,11,0,0,11,11,0,0,0,True,False,0
12073,14,0,0,14,14,0,0,0,True,False,0
12074,15,0,0,15,15,0,0,0,True,False,0
12075,15,0,0,15,15,0,0,0,True,False,0
12076,12,0,0,12,12,0,0,0,True,False,0
12077,16,0,0,16,16,0,0,0,True,False,0
12078,14,0,0,14,14,0,0,0,True,False,0
12079,12,0,0,12,12,0,0,0,True,False,0
12080,6,0,0,6,6,0,0,0,True,False,0
12081,4,0,0,4,4,0,0,0,True,False,0
12082,12,0,0,12,12,0,0,0,True,False,0
12083,6,0,0,6,6,0,0,0,True,False,0
12084,4,0,0,4,4,0,0,0,True,False,0
12085,4,0,0,4,4,0,0,0,True,False,0
12086,12,0,0,12,12,0,0,0,True,False,0
12087,12,0,0,12,12,0,0,0,True,False,0
12088,18,0,0,18,18,0,0,0,True,False,0
12089,11,0,0,11,11,0,0,0,True,False,0
12090,10,0,0,10,10,0,0,0,True,False,0
12091,11,0,0,11,11,0,0,0,True,False,0
12092,10,0,0,10,10,0,0,0,True,False,0
12093,12,0,0,12,12,0,0,0,True,False,0
12094,9,0,0,9,9,0,0,0,True,False,0
12095,12,0,0,12,12,0,0,0,True,False,0
12096,1,0,0,1,1,0,0,0,True,True,0
12097,1,0,0,1,1,0,0,0,True,True,0
12098,1,0,0,1,1,0,0,0,True,True,0
12099,1,0,0,1,1,0,0,0,True,True,0
12100,1,0,0,1,1,0,0,0,True,True,0
12101,2,0,0,2,2,0,0,0,True,True,0
12102,1,0,0,1,1,0,0,0,True,True,0
12103,1,0,0,1,1,0,0,0,True,True,0
12104,1,0,0,1,1,0,0,0,True,True,0
12105,1,0,0,1,1,0,0,0,True,True,0
12106,2,0,0,2,2,0,0,0,True,True,0
12107,1,0,0,1,1,0,0,0,True,True,0
12108,1,0,0,1,1,0,0,0,True,True,0
12109,1,0,0,1,1,0,0,0,True,True,0
12110,1,0,0,1,1,0,0,0,True,True,0
12111,0,13,0,0,0,0,0,0,True,False,0
12112,0,0,0,0,0,0,0,0,True,False,0
12113,11,0,0,11,11,0,0,0,True,False,0
12114,4,0,0,4,4,0,0,0,True,False,0
12115,7,0,0,7,7,0,0,0,True,False,0
12116,1,0,0,1,1,0,0,0,True,True,0
12117,1,0,0,1,1,0,0,0,True,True,0
12118,1,0,0,1,1,0,0,0,True,True,0
12119,1,0,0,1,1,0,0,0,True,True,0
12120,1,0,0,1,1,0,0,0,True,True,0
12121,1,0,0,1,1,0,0,0,True,True,0
12122,1,0,0,1,1,0,0,0,True,True,0
12123,1,0,0,1,1,0,0,0,True,True,0
12124,1,0,0,1,1,0,0,0,True,True,0
12125,1,0,0,1,1,0,0,0,True,True,0
12126,1,0,0,1,1,0,0,0,True,True,0
12127,1,0,0,1,1,0,0,0,True,True,0
12128,1,0,0,1,1,0,0,0,True,True,0
12129,1,0,0,1,1,0,0,0,True,True,0
12130,2,0,0,2,2,0,0,0,True,True,0
12131,1,0,0,1,1,0,0,0,True,True,0
12132,1,0,0,1,1,0,0,0,True,True,0
12133,1,0,0,1,1,0,0,0,True,True,0
12134,2,0,0,2,2,0,0,0,True,True,0
12135,1,0,0,1,1,0,0,0,True,True,0
12136,2,0,0,2,2,0,0,0,True,True,0
12137,1,0,0,1,1,0,0,0,True,True,0
12138,1,0,0,1,1,0,0,0,True,True,0
12139,1,0,0,1,1,0,0,0,True,True,0
12140,1,0,0,1,1,0,0,0,True,True,0
12141,1,0,0,1,1,0,0,0,True,True,0
12142,1,0,0,1,1,0,0,0,True,True,0
12143,5,0,0,5,5,0,0,0,True,False,0
12144,1,0,0,1,1,0,0,0,True,True,0
12145,6,0,0,6,6,0,0,0,True,False,0
12146,3,0,0,3,3,0,0,0,True,False,0
12147,1,0,0,1,1,0,0,0,True,True,0
12148,10,0,0,10,10,0,0,0,False,False,0
12149,10,0,0,10,10,0,0,0,False,False,0
12150,10,0,0,10,10,0,0,0,False,False,0
12151,10,0,0,10,10,0,0,0,False,False,0
12152,11,0,0,11,11,0,0,0,False,False,0
12153,10,0,0,10,10,0,0,0,False,False,0
12154,10,0,0,10,10,0,0,0,False,False,0
12155,9,0,0,9,9,0,0,0,False,False,0
12156,11,0,0,11,11,0,0,0,False,False,0
12157,8,7,7,8,8,0,0,0,False,False,0
12158,6,0,0,6,6,0,0,0,False,False,0
12159,12,0,0,12,12,0,0,0,False,False,0
12160,9,0,0,9,9,0,0,0,False,False,0
12161,11,97,10,11,11,0,0,0,False,False,0
12162,200,0,0,200,200,0,0,0,False,False,0
12163,74,0,0,74,74,0,0,0,False,False,0
12164,45,0,0,45,45,0,0,0,False,False,0
12165,68,0,0,68,68,0,0,0,False,False,0
12166,12,0,0,12,12,0,0,0,False,False,0
12167,11,0,0,11,11,0,0,0,False,False,0
12168,12,0,0,12,12,0,0,0,False,False,0
12169,12,0,0,12,12,0,0,0,False,False,0
12170,11,0,0,11,11,0,0,0,False,False,0
12171,8,4,4,8,8,0,0,0,False,False,0
12172,7,4,4,7,7,0,0,0,False,False,0
12173,6,3,3,6,6,0,0,0,False,False,0
12174,9,3,3,9,9,0,0,0,False,False,0
12175,7,3,3,7,7,0,0,0,False,False,0
12176,7,4,4,7,7,0,0,0,False,False,0
12177,7,3,3,7,7,0,0,0,False,False,0
12178,8,4,4,8,8,0,0,0,False,False,0
12179,8,0,0,8,8,0,0,0,False,False,0
12180,7,0,0,7,7,0,0,0,False,False,0
12181,7,0,0,7,7,0,0,0,False,False,0
12182,6,0,0,6,6,0,0,0,False,False,0
12183,6,0,0,6,6,0,0,0,False,False,0
12184,9,0,0,9,9,0,0,0,False,False,0
12185,8,0,0,8,8,0,0,0,False,False,0
12186,10,0,0,10,10,0,0,0,False,False,0
12187,14,0,0,14,14,0,0,0,False,False,0
12188,14,0,0,14,14,0,0,0,False,False,0
12189,12,0,0,12,12,0,0,0,False,False,0
12190,13,0,0,13,13,0,0,0,False,False,0
12191,14,0,0,14,14,0,0,0,False,False,0
12192,13,0,0,13,13,0,0,0,False,False,0
12193,12,0,0,12,12,0,0,0,False,False,0
12194,13,0,0,13,13,0,0,0,False,False,0
12195,11,0,0,11,11,0,0,0,False,False,0
12196,5,0,0,5,5,0,0,0,False,False,0
12197,5,0,0,5,5,0,0,0,False,False,0
12198,11,0,0,11,11,0,0,0,False,False,0
12199,5,0,0,5,5,0,0,0,False,False,0
12200,6,0,0,6,6,0,0,0,False,False,0
12201,5,0,0,5,5,0,0,0,False,False,0
12202,6,0,0,6,6,0,0,0,False,False,0
12203,7,0,0,7,7,0,0,0,False,False,0
12204,9,0,0,9,9,0,0,0,False,False,0
12205,8,0,0,8,8,0,0,0,False,False,0
12206,10,0,0,10,10,0,0,0,False,False,0
12207,5,0,0,5,5,0,0,0,False,False,0
12208,9,0,0,9,9,0,0,0,False,False,0
12209,5,0,0,5,5,0,0,0,False,False,0
12210,12,0,0,12,12,0,0,0,False,False,0
12211,2,0,0,2,2,0,0,0,False,True,0
12212,2,0,0,2,2,0,0,0,False,True,0
12213,2,0,0,2,2,0,0,0,False,True,0
12214,2,0,0,2,2,0,0,0,False,True,0
12215,2,0,0,2,2,0,0,0,False,True,0
12216,2,0,0,2,2,0,0,0,False,True,0
12217,2,0,0,2,2,0,0,0,False,True,0
12218,2,0,0,2,2,0,0,0,False,True,0
12219,2,0,0,2,2,0,0,0,False,True,0
12220,2,0,0,2,2,0,0,0,False,True,0
12221,2,0,0,2,2,0,0,0,False,True,0
12222,2,0,0,2,2,0,0,0,False,True,0
12223,2,0,0,2,2,0,0,0,False,True,0
12224,2,0,0,2,2,0,0,0,False,True,0
12225,2,0,0,2,2,0,0,0,False,True,0
12226,2,0,0,2,2,0,0,0,False,True,0
12227,8,0,0,8,8,0,0,0,True,False,0
12228,10,0,0,10,10,0,0,0,True,False,0
12229,11,0,0,11,11,0,0,0,True,False,0
12230,12,0,0,12,12,0,0,0,True,False,0
12231,10,0,0,10,10,0,0,0,True,False,0
12232,11,0,0,11,11,0,0,0,True,False,0
12233,11,0,0,11,11,0,0,0,True,False,0
12234,11,0,0,11,11,0,0,0,True,False,0
12235,12,0,0,12,12,0,0,0,True,False,0
12236,7,7,7,7,7,0,0,0,True,False,0
12237,5,0,0,5,5,0,0,0,True,False,0
12238,10,0,0,10,10,0,0,0,True,False,0
12239,10,0,0,10,10,0,0,0,True,False,0
12240,0,123,0,0,0,0,0,0,True,False,0
12241,0,0,0,0,0,0,0,0,True,False,0
12242,96,0,0,96,96,0,0,0,True,False,0
12243,49,0,0,49,49,0,0,0,True,False,0
12244,77,0,0,77,77,0,0,0,True,False,0
12245,10,0,0,10,10,0,0,0,True,False,0
12246,11,0,0,11,11,0,0,0,True,False,0
12247,9,0,0,9,9,0,0,0,True,False,0
12248,10,0,0,10,10,0,0,0,True,False,0
12249,9,0,0,9,9,0,0,0,True,False,0
12250,7,0,0,7,7,0,0,0,True,False,0
12251,8,0,0,8,8,0,0,0,True,False,0
12252,7,0,0,7,7,0,0,0,True,False,0
12253,8,0,0,8,8,0,0,0,True,False,0
12254,7,0,0,7,7,0,0,0,True,False,0
12255,7,0,0,7,7,0,0,0,True,False,0
12256,7,0,0,7,7,0,0,0,True,False,0
12257,7,0,0,7,7,0,0,0,True,False,0
12258,6,0,0,6,6,0,0,0,True,False,0
12259,6,0,0,6,6,0,0,0,True,False,0
12260,5,0,0,5,5,0,0,0,True,False,0
12261,8,0,0,8,8,0,0,0,True,False,0
12262,6,0,0,6,6,0,0,0,True,False,0
12263,7,0,0,7,7,0,0,0,True,False,0
12264,7,0,0,7,7,0,0,0,True,False,0
12265,6,0,0,6,6,0,0,0,True,False,0
12266,13,0,0,13,13,0,0,0,True,False,0
12267,13,0,0,13,13,0,0,0,True,False,0
12268,14,0,0,14,14,0,0,0,True,False,0
12269,14,0,0,14,14,0,0,0,True,False,0
12270,14,0,0,14,14,0,0,0,True,False,0
12271,16,0,0,16,16,0,0,0,True,False,0
12272,13,0,0,13,13,0,0,0,True,False,0
12273,13,0,0,13,13,0,0,0,True,False,0
12274,12,0,0,12,12,0,0,0,True,False,0
12275,4,0,0,4,4,0,0,0,True,False,0
12276,4,0,0,4,4,0,0,0,True,False,0
12277,12,0,0,12,12,0,0,0,True,False,0
12278,4,0,0,4,4,0,0,0,True,False,0
12279,7,0,0,7,7,0,0,0,True,False,0
12280,4,0,0,4,4,0,0,0,True,False,0
12281,6,0,0,6,6,0,0,0,True,False,0
12282,9,0,0,9,9,0,0,0,True,False,0
12283,16,0,0,16,16,0,0,0,True,False,0
12284,6,0,0,6,6,0,0,0,True,False,0
12285,14,0,0,14,14,0,0,0,True,False,0
12286,10,0,0,10,10,0,0,0,True,False,0
12287,16,0,0,16,16,0,0,0,True,False,0
12288,11,0,0,11,11,0,0,0,True,False,0
12289,10,0,0,10,10,0,0,0,True,False,0
12290,10,0,0,10,10,0,0,0,True,False,0
12291,10,0,0,10,10,0,0,0,True,False,0
12292,12,0,0,12,12,0,0,0,True,False,0
12293,9,0,0,9,9,0,0,0,True,False,0
12294,11,0,0,11,11,0,0,0,True,False,0
12295,8,0,0,8,8,0,0,0,True,False,0
12296,10,0,0,10,10,0,0,0,True,False,0
12297,13,0,0,13,13,0,0,0,True,False,0
12298,11,0,0,11,11,0,0,0,True,False,0
12299,8,8,8,8,8,0,0,0,True,False,0
12300,4,0,0,4,4,0,0,0,True,False,0
12301,11,0,0,11,11,0,0,0,True,False,0
12302,10,0,0,10,10,0,0,0,True,False,0
12303,0,118,0,0,0,0,0,0,True,False,0
12304,0,0,0,0,0,0,0,0,True,False,0
12305,95,0,0,95,95,0,0,0,True,False,0
12306,49,0,0,49,49,0,0,0,True,False,0
12307,76,0,0,76,76,0,0,0,True,False,0
12308,13,0,0,13,13,0,0,0,True,False,0
12309,10,0,0,10,10,0,0,0,True,False,0
12310,11,0,0,11,11,0,0,0,True,False,0
12311,9,0,0,9,9,0,0,0,True,False,0
12312,10,0,0,10,10,0,0,0,True,False,0
12313,8,0,0,8,8,0,0,0,True,False,0
12314,7,0,0,7,7,0,0,0,True,False,0
12315,9,0,0,9,9,0,0,0,True,False,0
12316,7,0,0,7,7,0,0,0,True,False,0
12317,9,0,0,9,9,0,0,0,True,False,0
12318,7,0,0,7,7,0,0,0,True,False,0
12319,7,0,0,7,7,0,0,0,True,False,0
12320,6,0,0,6,6,0,0,0,True,False,0
12321,6,0,0,6,6,0,0,0,True,False,0
12322,5,0,0,5,5,0,0,0,True,False,0
12323,7,0,0,7,7,0,0,0,True,False,0
12324,8,0,0,8,8,0,0,0,True,False,0
12325,6,0,0,6,6,0,0,0,True,False,0
12326,7,0,0,7,7,0,0,0,True,False,0
12327,7,0,0,7,7,0,0,0,True,False,0
12328,7,0,0,7,7,0,0,0,True,False,0
12329,14,0,0,14,14,0,0,0,True,False,0
12330,15,0,0,15,15,0,0,0,True,False,0
12331,12,0,0,12,12,0,0,0,True,False,0
12332,15,0,0,15,15,0,0,0,True,False,0
12333,15,0,0,15,15,0,0,0,True,False,0
12334,12,0,0,12,12,0,0,0,True,False,0
12335,12,0,0,12,12,0,0,0,True,False,0
12336,14,0,0,14,14,0,0,0,True,False,0
12337,12,0,0,12,12,0,0,0,True,False,0
12338,4,0,0,4,4,0,0,0,True,False,0
12339,4,0,0,4,4,0,0,0,True,False,0
12340,12,0,0,12,12,0,0,0,True,False,0
12341,4,0,0,4,4,0,0,0,True,False,0
12342,6,0,0,6,6,0,0,0,True,False,0
12343,4,0,0,4,4,0,0,0,True,False,0
12344,7,0,0,7,7,0,0,0,True,False,0
12345,12,0,0,12,12,0,0,0,True,False,0
12346,10,0,0,10,10,0,0,0,True,False,0
12347,6,0,0,6,6,0,0,0,True,False,0
12348,13,0,0,13,13,0,0,0,True,False,0
12349,7,0,0,7,7,0,0,0,True,False,0
12350,4,0,0,4,4,0,0,0,True,False,0
12351,13,0,0,13,13,0,0,0,True,False,0
12352,9,0,0,9,9,0,0,0,True,False,0
12353,12,0,0,12,12,0,0,0,True,False,0
12354,10,0,0,10,10,0,0,0,True,False,0
12355,9,0,0,9,9,0,0,0,True,False,0
12356,11,0,0,11,11,0,0,0,True,False,0
12357,10,0,0,10,10,0,0,0,True,False,0
12358,13,0,0,13,13,0,0,0,True,False,0
12359,9,0,0,9,9,0,0,0,True,False,0
12360,9,0,0,9,9,0,0,0,True,False,0
12361,11,0,0,11,11,0,0,0,True,False,0
12362,7,7,7,7,7,0,0,0,True,False,0
12363,5,0,0,5,5,0,0,0,True,False,0
12364,13,0,0,13,13,0,0,0,True,False,0
12365,10,0,0,10,10,0,0,0,True,False,0
12366,0,111,0,0,0,0,0,0,True,False,0
12367,0,0,0,0,0,0,0,0,True,False,0
12368,94,0,0,94,94,0,0,0,True,False,0
12369,46,0,0,46,46,0,0,0,True,False,0
12370,77,0,0,77,77,0,0,0,True,False,0
12371,9,0,0,9,9,0,0,0,True,False,0
12372,12,0,0,12,12,0,0,0,True,False,0
12373,10,0,0,10,10,0,0,0,True,False,0
12374,12,0,0,12,12,0,0,0,True,False,0
12375,10,0,0,10,10,0,0,0,True,False,0
12376,7,0,0,7,7,0,0,0,True,False,0
12377,7,0,0,7,7,0,0,0,True,False,0
12378,7,0,0,7,7,0,0,0,True,False,0
12379,9,0,0,9,9,0,0,0,True,False,0
12380,6,0,0,6,6,0,0,0,True,False,0
12381,6,0,0,6,6,0,0,0,True,False,0
12382,7,0,0,7,7,0,0,0,True,False,0
12383,8,0,0,8,8,0,0,0,True,False,0
12384,7,0,0,7,7,0,0,0,True,False,0
12385,9,0,0,9,9,0,0,0,True,False,0
12386,8,0,0,8,8,0,0,0,True,False,0
12387,8,0,0,8,8,0,0,0,True,False,0
12388,7,0,0,7,7,0,0,0,True,False,0
12389,6,0,0,6,6,0,0,0,True,False,0
12390,9,0,0,9,9,0,0,0,True,False,0
12391,7,0,0,7,7,0,0,0,True,False,0
12392,13,0,0,13,13,0,0,0,True,False,0
12393,13,0,0,13,13,0,0,0,True,False,0
12394,13,0,0,13,13,0,0,0,True,False,0
12395,13,0,0,13,13,0,0,0,True,False,0
12396,11,0,0,11,11,0,0,0,True,False,0
12397,11,0,0,11,11,0,0,0,True,False,0
12398,12,0,0,12,12,0,0,0,True,False,0
12399,13,0,0,13,13,0,0,0,True,False,0
12400,12,0,0,12,12,0,0,0,True,False,0
12401,4,0,0,4,4,0,0,0,True,False,0
12402,4,0,0,4,4,0,0,0,True,False,0
12403,12,0,0,12,12,0,0,0,True,False,0
12404,4,0,0,4,4,0,0,0,True,False,0
12405,6,0,0,6,6,0,0,0,True,False,0
12406,4,0,0,4,4,0,0,0,True,False,0
12407,6,0,0,6,6,0,0,0,True,False,0
12408,6,0,0,6,6,0,0,0,True,False,0
12409,15,0,0,15,15,0,0,0,True,False,0
12410,6,0,0,6,6,0,0,0,True,False,0
12411,4,0,0,4,4,0,0,0,True,False,0
12412,9,0,0,9,9,0,0,0,True,False,0
12413,10,0,0,10,10,0,0,0,True,False,0
12414,9,0,0,9,9,0,0,0,True,False,0
12415,9,0,0,9,9,0,0,0,True,False,0
12416,11,0,0,11,11,0,0,0,True,False,0
12417,11,0,0,11,11,0,0,0,True,False,0
12418,11,0,0,11,11,0,0,0,True,False,0
12419,11,0,0,11,11,0,0,0,True,False,0
12420,9,0,0,9,9,0,0,0,True,False,0
12421,11,0,0,11,11,0,0,0,True,False,0
12422,11,0,0,11,11,0,0,0,True,False,0
12423,8,0,0,8,8,0,0,0,True,False,0
12424,9,1,1,9,9,0,0,0,True,False,0
12425,8,8,8,8,8,0,0,0,True,False,0
12426,5,0,0,5,5,0,0,0,True,False,0
12427,8,1,1,8,8,0,0,0,True,False,0
12428,11,1,1,11,11,0,0,0,True,False,0
12429,0,122,0,0,0,0,0,0,True,False,0
12430,0,0,0,0,0,0,0,0,True,False,0
12431,94,0,0,94,94,0,0,0,True,False,0
12432,49,0,0,49,49,0,0,0,True,False,0
12433,75,0,0,75,75,0,0,0,True,False,0
12434,8,1,1,8,8,0,0,0,True,False,0
12435,11,1,1,11,11,0,0,0,True,False,0
12436,10,1,1,10,10,0,0,0,True,False,0
12437,9,1,1,9,9,0,0,0,True,False,0
12438,10,1,1,10,10,0,0,0,True,False,0
12439,8,0,0,8,8,0,0,0,True,False,0
12440,8,0,0,8,8,0,0,0,True,False,0
12441,7,0,0,7,7,0,0,0,True,False,0
12442,7,0,0,7,7,0,0,0,True,False,0
12443,8,0,0,8,8,0,0,0,True,False,0
12444,8,0,0,8,8,0,0,0,True,False,0
12445,7,0,0,7,7,0,0,0,True,False,0
12446,8,0,0,8,8,0,0,0,True,False,0
12447,5,0,0,5,5,0,0,0,True,False,0
12448,7,0,0,7,7,0,0,0,True,False,0
12449,6,0,0,6,6,0,0,0,True,False,0
12450,6,0,0,6,6,0,0,0,True,False,0
12451,8,0,0,8,8,0,0,0,True,False,0
12452,7,0,0,7,7,0,0,0,True,False,0
12453,6,0,0,6,6,0,0,0,True,False,0
12454,5,0,0,5,5,0,0,0,True,False,0
12455,13,0,0,13,13,0,0,0,True,False,0
12456,13,0,0,13,13,0,0,0,True,False,0
12457,13,0,0,13,13,0,0,0,True,False,0
12458,15,0,0,15,15,0,0,0,True,False,0
12459,12,0,0,12,12,0,0,0,True,False,0
12460,12,0,0,12,12,0,0,0,True,False,0
12461,12,0,0,12,12,0,0,0,True,False,0
12462,16,0,0,16,16,0,0,0,True,False,0
12463,12,0,0,12,12,0,0,0,True,False,0
12464,4,0,0,4,4,0,0,0,True,False,0
12465,4,0,0,4,4,0,0,0,True,False,0
12466,13,0,0,13,13,0,0,0,True,False,0
12467,4,0,0,4,4,0,0,0,True,False,0
12468,6,0,0,6,6,0,0,0,True,False,0
12469,4,0,0,4,4,0,0,0,True,False,0
12470,5,0,0,5,5,0,0,0,True,False,0
12471,15,0,0,15,15,0,0,0,True,False,0
12472,8,0,0,8,8,0,0,0,True,False,0
12473,6,0,0,6,6,0,0,0,True,False,0
12474,12,0,0,12,12,0,0,0,True,False,0
12475,13,0,0,13,13,0,0,0,True,False,0
12476,8,0,0,8,8,0,0,0,True,False,0
12477,9,0,0,9,9,0,0,0,True,False,0
12478,19,0,0,19,19,0,0,0,True,False,0
12479,10,0,0,10,10,0,0,0,True,False,0
12480,10,0,0,10,10,0,0,0,True,False,0
12481,10,0,0,10,10,0,0,0,True,False,0
12482,11,0,0,11,11,0,0,0,True,False,0
12483,10,0,0,10,10,0,0,0,True,False,0
12484,10,0,0,10,10,0,0,0,True,False,0
12485,9,0,0,9,9,0,0,0,True,False,0
12486,9,0,0,9,9,0,0,0,True,False,0
12487,10,0,0,10,10,0,0,0,True,False,0
12488,7,7,7,7,7,0,0,0,True,False,0
12489,5,0,0,5,5,0,0,0,True,False,0
12490,8,0,0,8,8,0,0,0,True,False,0
12491,10,0,0,10,10,0,0,0,True,False,0
12492,10,117,10,10,10,0,0,0,True,False,0
12493,200,0,0,200,200,0,0,0,True,False,0
12494,94,0,0,94,94,0,0,0,True,False,0
12495,48,0,0,48,48,0,0,0,True,False,0
12496,75,0,0,75,75,0,0,0,True,False,0
12497,8,0,0,8,8,0,0,0,True,False,0
12498,9,0,0,9,9,0,0,0,True,False,0
12499,10,0,0,10,10,0,0,0,True,False,0
12500,9,0,0,9,9,0,0,0,True,False,0
12501,7,0,0,7,7,0,0,0,True,False,0
12502,8,0,0,8,8,0,0,0,True,False,0
12503,8,0,0,8,8,0,0,0,True,False,0
12504,7,0,0,7,7,0,0,0,True,False,0
12505,7,0,0,7,7,0,0,0,True,False,0
12506,7,0,0,7,7,0,0,0,True,False,0
12507,7,0,0,7,7,0,0,0,True,False,0
12508,7,0,0,7,7,0,0,0,True,False,0
12509,7,0,0,7,7,0,0,0,True,False,0
12510,7,0,0,7,7,0,0,0,True,False,0
12511,7,0,0,7,7,0,0,0,True,False,0
12512,8,0,0,8,8,0,0,0,True,False,0
12513,7,0,0,7,7,0,0,0,True,False,0
12514,7,0,0,7,7,0,0,0,True,False,0
12515,10,0,0,10,10,0,0,0,True,False,0
12516,6,0,0,6,6,0,0,0,True,False,0
12517,7,0,0,7,7,0,0,0,True,False,0
12518,15,0,0,15,15,0,0,0,True,False,0
12519,15,0,0,15,15,0,0,0,True,False,0
12520,15,0,0,15,15,0,0,0,True,False,0
12521,12,0,0,12,12,0,0,0,True,False,0
12522,13,0,0,13,13,0,0,0,True,False,0
12523,12,0,0,12,12,0,0,0,True,False,0
12524,12,0,0,12,12,0,0,0,True,False,0
12525,13,0,0,13,13,0,0,0,True,False,0
12526,12,0,0,12,12,0,0,0,True,False,0
12527,4,0,0,4,4,0,0,0,True,False,0
12528,4,0,0,4,4,0,0,0,True,False,0
12529,12,0,0,12,12,0,0,0,True,False,0
12530,4,0,0,4,4,0,0,0,True,False,0
12531,6,0,0,6,6,0,0,0,True,False,0
12532,4,0,0,4,4,0,0,0,True,False,0
12533,6,0,0,6,6,0,0,0,True,False,0
12534,4,0,0,4,4,0,0,0,True,False,0
12535,11,0,0,11,11,0,0,0,True,False,0
12536,6,0,0,6,6,0,0,0,True,False,0
12537,8,0,0,8,8,0,0,0,True,False,0
12538,11,0,0,11,11,0,0,0,True,False,0
12539,10,0,0,10,10,0,0,0,True,False,0
12540,14,0,0,14,14,0,0,0,True,False,0
12541,8,0,0,8,8,0,0,0,True,False,0
12542,9,0,0,9,9,0,0,0,True,False,0
12543,11,0,0,11,11,0,0,0,True,False,0
12544,12,0,0,12,12,0,0,0,True,False,0
12545,12,0,0,12,12,0,0,0,True,False,0
12546,9,0,0,9,9,0,0,0,True,False,0
12547,12,0,0,12,12,0,0,0,True,False,0
12548,10,0,0,10,10,0,0,0,True,False,0
12549,13,0,0,13,13,0,0,0,True,False,0
12550,9,0,0,9,9,0,0,0,True,False,0
12551,8,8,8,8,8,0,0,0,True,False,0
12552,5,0,0,5,5,0,0,0,True,False,0
12553,9,0,0,9,9,0,0,0,True,False,0
12554,9,0,0,9,9,0,0,0,True,False,0
12555,0,118,0,0,0,0,0,0,True,False,0
12556,0,0,0,0,0,0,0,0,True,False,0
12557,85,0,0,85,85,0,0,0,True,False,0
12558,48,0,0,48,48,0,0,0,True,False,0
12559,77,0,0,77,77,0,0,0,True,False,0
12560,9,0,0,9,9,0,0,0,True,False,0
12561,8,0,0,8,8,0,0,0,True,False,0
12562,8,0,0,8,8,0,0,0,True,False,0
12563,7,0,0,7,7,0,0,0,True,False,0
12564,10,0,0,10,10,0,0,0,True,False,0
12565,6,0,0,6,6,0,0,0,True,False,0
12566,6,0,0,6,6,0,0,0,True,False,0
12567,7,0,0,7,7,0,0,0,True,False,0
12568,8,0,0,8,8,0,0,0,True,False,0
12569,8,0,0,8,8,0,0,0,True,False,0
12570,9,0,0,9,9,0,0,0,True,False,0
12571,9,0,0,9,9,0,0,0,True,False,0
12572,8,0,0,8,8,0,0,0,True,False,0
12573,11,0,0,11,11,0,0,0,True,False,0
12574,6,0,0,6,6,0,0,0,True,False,0
12575,6,0,0,6,6,0,0,0,True,False,0
12576,6,0,0,6,6,0,0,0,True,False,0
12577,7,0,0,7,7,0,0,0,True,False,0
12578,7,0,0,7,7,0,0,0,True,False,0
12579,5,0,0,5,5,0,0,0,True,False,0
12580,6,0,0,6,6,0,0,0,True,False,0
12581,13,0,0,13,13,0,0,0,True,False,0
12582,13,0,0,13,13,0,0,0,True,False,0
12583,12,0,0,12,12,0,0,0,True,False,0
12584,14,0,0,14,14,0,0,0,True,False,0
12585,13,0,0,13,13,0,0,0,True,False,0
12586,13,0,0,13,13,0,0,0,True,False,0
12587,16,0,0,16,16,0,0,0,True,False,0
12588,12,0,0,12,12,0,0,0,True,False,0
12589,12,0,0,12,12,0,0,0,True,False,0
12590,4,0,0,4,4,0,0,0,True,False,0
12591,4,0,0,4,4,0,0,0,True,False,0
12592,12,0,0,12,12,0,0,0,True,False,0
12593,4,0,0,4,4,0,0,0,True,False,0
12594,6,0,0,6,6,0,0,0,True,False,0
12595,4,0,0,4,4,0,0,0,True,False,0
12596,6,0,0,6,6,0,0,0,True,False,0
12597,12,0,0,12,12,0,0,0,True,False,0
12598,9,0,0,9,9,0,0,0,True,False,0
12599,13,0,0,13,13,0,0,0,True,False,0
12600,8,0,0,8,8,0,0,0,True,False,0
12601,14,0,0,14,14,0,0,0,True,False,0
12602,7,0,0,7,7,0,0,0,True,False,0
12603,14,0,0,14,14,0,0,0,True,False,0
12604,4,0,0,4,4,0,0,0,True,False,0
12605,9,0,0,9,9,0,0,0,True,False,0
12606,12,0,0,12,12,0,0,0,True,False,0
12607,9,0,0,9,9,0,0,0,True,False,0
12608,9,0,0,9,9,0,0,0,True,False,0
12609,11,0,0,11,11,0,0,0,True,False,0
12610,11,0,0,11,11,0,0,0,True,False,0
12611,11,0,0,11,11,0,0,0,True,False,0
12612,12,0,0,12,12,0,0,0,True,False,0
12613,10,0,0,10,10,0,0,0,True,False,0
12614,7,7,7,7,7,0,0,0,True,False,0
12615,5,0,0,5,5,0,0,0,True,False,0
12616,9,0,0,9,9,0,0,0,True,False,0
12617,9,0,0,9,9,0,0,0,True,False,0
12618,0,121,0,0,0,0,0,0,True,False,0
12619,0,0,0,0,0,0,0,0,True,False,0
12620,95,0,0,95,95,0,0,0,True,False,0
12621,46,0,0,46,46,0,0,0,True,False,0
12622,73,0,0,73,73,0,0,0,True,False,0
12623,8,0,0,8,8,0,0,0,True,False,0
12624,10,0,0,10,10,0,0,0,True,False,0
12625,9,0,0,9,9,0,0,0,True,False,0
12626,9,0,0,9,9,0,0,0,True,False,0
12627,9,0,0,9,9,0,0,0,True,False,0
12628,7,0,0,7,7,0,0,0,True,False,0
12629,9,0,0,9,9,0,0,0,True,False,0
12630,8,0,0,8,8,0,0,0,True,False,0
12631,6,0,0,6,6,0,0,0,True,False,0
12632,7,0,0,7,7,0,0,0,True,False,0
12633,8,0,0,8,8,0,0,0,True,False,0
12634,8,0,0,8,8,0,0,0,True,False,0
12635,7,0,0,7,7,0,0,0,True,False,0
12636,7,0,0,7,7,0,0,0,True,False,0
12637,7,0,0,7,7,0,0,0,True,False,0
12638,6,0,0,6,6,0,0,0,True,False,0
12639,7,0,0,7,7,0,0,0,True,False,0
12640,6,0,0,6,6,0,0,0,True,False,0
12641,7,0,0,7,7,0,0,0,True,False,0
12642,9,0,0,9,9,0,0,0,True,False,0
12643,5,0,0,5,5,0,0,0,True,False,0
12644,12,0,0,12,12,0,0,0,True,False,0
12645,12,0,0,12,12,0,0,0,True,False,0
12646,14,0,0,14,14,0,0,0,True,False,0
12647,11,0,0,11,11,0,0,0,True,False,0
12648,14,0,0,14,14,0,0,0,True,False,0
12649,15,0,0,15,15,0,0,0,True,False,0
12650,12,0,0,12,12,0,0,0,True,False,0
12651,13,0,0,13,13,0,0,0,True,False,0
12652,12,0,0,12,12,0,0,0,True,False,0
12653,4,0,0,4,4,0,0,0,True,False,0
12654,4,0,0,4,4,0,0,0,True,False,0
12655,12,0,0,12,12,0,0,0,True,False,0
12656,4,0,0,4,4,0,0,0,True,False,0
12657,6,0,0,6,6,0,0,0,True,False,0
12658,4,0,0,4,4,0,0,0,True,False,0
12659,6,0,0,6,6,0,0,0,True,False,0
12660,8,0,0,8,8,0,0,0,True,False,0
12661,14,0,0,14,14,0,0,0,True,False,0
12662,14,0,0,14,14,0,0,0,True,False,0
12663,6,0,0,6,6,0,0,0,True,False,0
12664,11,0,0,11,11,0,0,0,True,False,0
12665,9,0,0,9,9,0,0,0,True,False,0
12666,8,0,0,8,8,0,0,0,True,False,0
12667,15,0,0,15,15,0,0,0,True,False,0
12668,1,0,0,1,1,0,0,0,True,True,0
12669,11,0,0,11,11,0,0,0,True,False,0
12670,11,0,0,11,11,0,0,0,True,False,0
12671,12,0,0,12,12,0,0,0,True,False,0
12672,11,0,0,11,11,0,0,0,True,False,0
12673,9,0,0,9,9,0,0,0,True,False,0
12674,10,0,0,10,10,0,0,0,True,False,0
12675,10,0,0,10,10,0,0,0,True,False,0
12676,11,0,0,11,11,0,0,0,True,False,0
12677,8,0,0,8,8,0,0,0,True,False,0
12678,8,8,8,8,8,0,0,0,True,False,0
12679,5,0,0,5,5,0,0,0,True,False,0
12680,11,0,0,11,11,0,0,0,True,False,0
12681,9,0,0,9,9,0,0,0,True,False,0
12682,0,119,0,0,0,0,0,0,True,False,0
12683,0,0,0,0,0,0,0,0,True,False,0
12684,85,0,0,85,85,0,0,0,True,False,0
12685,49,0,0,49,49,0,0,0,True,False,0
12686,77,0,0,77,77,0,0,0,True,False,0
12687,10,0,0,10,10,0,0,0,True,False,0
12688,6,0,0,6,6,0,0,0,True,False,0
12689,9,0,0,9,9,0,0,0,True,False,0
12690,9,0,0,9,9,0,0,0,True,False,0
12691,9,0,0,9,9,0,0,0,True,False,0
12692,8,0,0,8,8,0,0,0,True,False,0
12693,6,0,0,6,6,0,0,0,True,False,0
12694,6,0,0,6,6,0,0,0,True,False,0
12695,7,0,0,7,7,0,0,0,True,False,0
12696,7,0,0,7,7,0,0,0,True,False,0
12697,7,0,0,7,7,0,0,0,True,False,0
12698,10,0,0,10,10,0,0,0,True,False,0
12699,7,0,0,7,7,0,0,0,True,False,0
12700,6,0,0,6,6,0,0,0,True,False,0
12701,7,0,0,7,7,0,0,0,True,False,0
12702,7,0,0,7,7,0,0,0,True,False,0
12703,5,0,0,5,5,0,0,0,True,False,0
12704,8,0,0,8,8,0,0,0,True,False,0
12705,6,0,0,6,6,0,0,0,True,False,0
12706,6,0,0,6,6,0,0,0,True,False,0
12707,7,0,0,7,7,0,0,0,True,False,0
12708,14,0,0,14,14,0,0,0,True,False,0
12709,12,0,0,12,12,0,0,0,True,False,0
12710,13,0,0,13,13,0,0,0,True,False,0
12711,12,0,0,12,12,0,0,0,True,False,0
12712,13,0,0,13,13,0,0,0,True,False,0
12713,12,0,0,12,12,0,0,0,True,False,0
12714,14,0,0,14,14,0,0,0,True,False,0
12715,15,0,0,15,15,0,0,0,True,False,0
12716,12,0,0,12,12,0,0,0,True,False,0
12717,4,0,0,4,4,0,0,0,True,False,0
12718,4,0,0,4,4,0,0,0,True,False,0
12719,12,0,0,12,12,0,0,0,True,False,0
12720,4,0,0,4,4,0,0,0,True,False,0
12721,6,0,0,6,6,0,0,0,True,False,0
12722,4,0,0,4,4,0,0,0,True,False,0
12723,6,0,0,6,6,0,0,0,True,False,0
12724,7,0,0,7,7,0,0,0,True,False,0
12725,7,0,0,7,7,0,0,0,True,False,0
12726,6,0,0,6,6,0,0,0,True,False,0
12727,8,0,0,8,8,0,0,0,True,False,0
12728,6,0,0,6,6,0,0,0,True,False,0
12729,11,0,0,11,11,0,0,0,True,False,0
12730,8,0,0,8,8,0,0,0,True,False,0
12731,7,0,0,7,7,0,0,0,True,False,0
12732,1,0,0,1,1,0,0,0,True,True,0
12733,1,0,0,1,1,0,0,0,True,True,0
12734,1,0,0,1,1,0,0,0,True,True,0
12735,1,0,0,1,1,0,0,0,True,True,0
12736,1,0,0,1,1,0,0,0,True,True,0
12737,12,0,0,12,12,0,0,0,True,False,0
12738,8,0,0,8,8,0,0,0,True,False,0
12739,10,0,0,10,10,0,0,0,True,False,0
12740,10,0,0,10,10,0,0,0,True,False,0
12741,12,0,0,12,12,0,0,0,True,False,0
12742,12,0,0,12,12,0,0,0,True,False,0
12743,10,0,0,10,10,0,0,0,True,False,0
12744,10,0,0,10,10,0,0,0,True,False,0
12745,8,0,0,8,8,0,0,0,True,False,0
12746,7,7,7,7,7,0,0,0,True,False,0
12747,5,0,0,5,5,0,0,0,True,False,0
12748,8,0,0,8,8,0,0,0,True,False,0
12749,7,0,0,7,7,0,0,0,True,False,0
12750,0,123,0,0,0,0,0,0,True,False,0
12751,0,0,0,0,0,0,0,0,True,False,0
12752,91,0,0,91,91,0,0,0,True,False,0
12753,49,0,0,49,49,0,0,0,True,False,0
12754,78,0,0,78,78,0,0,0,True,False,0
12755,7,0,0,7,7,0,0,0,True,False,0
12756,9,0,0,9,9,0,0,0,True,False,0
12757,10,0,0,10,10,0,0,0,True,False,0
12758,9,0,0,9,9,0,0,0,True,False,0
12759,7,0,0,7,7,0,0,0,True,False,0
12760,7,0,0,7,7,0,0,0,True,False,0
12761,9,0,0,9,9,0,0,0,True,False,0
12762,7,0,0,7,7,0,0,0,True,False,0
12763,7,0,0,7,7,0,0,0,True,False,0
12764,9,0,0,9,9,0,0,0,True,False,0
12765,8,0,0,8,8,0,0,0,True,False,0
12766,8,0,0,8,8,0,0,0,True,False,0
12767,8,0,0,8,8,0,0,0,True,False,0
12768,9,0,0,9,9,0,0,0,True,False,0
12769,6,0,0,6,6,0,0,0,True,False,0
12770,8,0,0,8,8,0,0,0,True,False,0
12771,8,0,0,8,8,0,0,0,True,False,0
12772,7,0,0,7,7,0,0,0,True,False,0
12773,6,0,0,6,6,0,0,0,True,False,0
12774,7,0,0,7,7,0,0,0,True,False,0
12775,7,0,0,7,7,0,0,0,True,False,0
12776,13,0,0,13,13,0,0,0,True,False,0
12777,13,0,0,13,13,0,0,0,True,False,0
12778,15,0,0,15,15,0,0,0,True,False,0
12779,12,0,0,12,12,0,0,0,True,False,0
12780,13,0,0,13,13,0,0,0,True,False,0
12781,14,0,0,14,14,0,0,0,True,False,0
12782,14,0,0,14,14,0,0,0,True,False,0
12783,14,0,0,14,14,0,0,0,True,False,0
12784,12,0,0,12,12,0,0,0,True,False,0
12785,4,0,0,4,4,0,0,0,True,False,0
12786,4,0,0,4,4,0,0,0,True,False,0
12787,12,0,0,12,12,0,0,0,True,False,0
12788,4,0,0,4,4,0,0,0,True,False,0
12789,6,0,0,6,6,0,0,0,True,False,0
12790,4,0,0,4,4,0,0,0,True,False,0
12791,6,0,0,6,6,0,0,0,True,False,0
12792,8,0,0,8,8,0,0,0,True,False,0
12793,5,0,0,5,5,0,0,0,True,False,0
12794,9,0,0,9,9,0,0,0,True,False,0
12795,6,0,0,6,6,0,0,0,True,False,0
12796,10,0,0,10,10,0,0,0,True,False,0
12797,8,0,0,8,8,0,0,0,True,False,0
12798,14,0,0,14,14,0,0,0,True,False,0
12799,13,0,0,13,13,0,0,0,True,False,0
12800,1,0,0,1,1,0,0,0,True,True,0
12801,1,0,0,1,1,0,0,0,True,True,0
12802,2,0,0,2,2,0,0,0,True,True,0
12803,2,0,0,2,2,0,0,0,True,True,0
12804,1,0,0,1,1,0,0,0,True,True,0
12805,2,0,0,2,2,0,0,0,True,True,0
12806,1,0,0,1,1,0,0,0,True,True,0
12807,2,0,0,2,2,0,0,0,True,True,0
12808,2,0,0,2,2,0,0,0,True,True,0
12809,2,0,0,2,2,0,0,0,True,True,0
12810,2,2,2,2,2,0,0,0,True,True,0
12811,1,0,0,1,1,0,0,0,True,True,0
12812,1,0,0,1,1,0,0,0,True,True,0
12813,1,0,0,1,1,0,0,0,True,True,0
12814,0,20,0,0,0,0,0,0,True,False,0
12815,0,0,0,0,0,0,0,0,True,False,0
12816,16,0,0,16,16,0,0,0,True,False,0
12817,10,0,0,10,10,0,0,0,True,False,0
12818,13,0,0,13,13,0,0,0,True,False,0
12819,2,0,0,2,2,0,0,0,True,True,0
12820,1,0,0,1,1,0,0,0,True,True,0
12821,2,0,0,2,2,0,0,0,True,True,0
12822,2,0,0,2,2,0,0,0,True,True,0
12823,2,0,0,2,2,0,0,0,True,True,0
12824,2,0,0,2,2,0,0,0,True,True,0
12825,1,0,0,1,1,0,0,0,True,True,0
12826,1,0,0,1,1,0,0,0,True,True,0
12827,1,0,0,1,1,0,0,0,True,True,0
12828,1,0,0,1,1,0,0,0,True,True,0
12829,1,0,0,1,1,0,0,0,True,True,0
12830,2,0,0,2,2,0,0,0,True,True,0
12831,1,0,0,1,1,0,0,0,True,True,0
12832,1,0,0,1,1,0,0,0,True,True,0
12833,1,0,0,1,1,0,0,0,True,True,0
12834,1,0,0,1,1,0,0,0,True,True,0
12835,1,0,0,1,1,0,0,0,True,True,0
12836,2,0,0,2,2,0,0,0,True,True,0
12837,1,0,0,1,1,0,0,0,True,True,0
12838,1,0,0,1,1,0,0,0,True,True,0
12839,3,0,0,3,3,0,0,0,True,False,0
12840,3,0,0,3,3,0,0,0,True,False,0
12841,2,0,0,2,2,0,0,0,True,True,0
12842,2,0,0,2,2,0,0,0,True,True,0
12843,3,0,0,3,3,0,0,0,True,False,0
12844,2,0,0,2,2,0,0,0,True,True,0
12845,3,0,0,3,3,0,0,0,True,False,0
12846,2,0,0,2,2,0,0,0,True,True,0
12847,2,0,0,2,2,0,0,0,True,True,0
12848,1,0,0,1,1,0,0,0,True,True,0
12849,2,0,0,2,2,0,0,0,True,True,0
12850,1,0,0,1,1,0,0,0,True,True,0
12851,1,0,0,1,1,0,0,0,True,True,0
12852,1,0,0,1,1,0,0,0,True,True,0
12853,6,0,0,6,6,0,0,0,True,False,0
12854,4,0,0,4,4,0,0,0,True,False,0
12855,7,0,0,7,7,0,0,0,True,False,0
12856,1,0,0,1,1,0,0,0,True,True,0
12857,6,0,0,6,6,0,0,0,True,False,0
12858,1,0,0,1,1,0,0,0,True,True,0
12859,4,0,0,4,4,0,0,0,True,False,0
12860,1,0,0,1,1,0,0,0,True,True,0
12861,1,0,0,1,1,0,0,0,True,True,0
12862,10,0,0,10,10,0,0,0,False,False,0
12863,8,0,0,8,8,0,0,0,False,False,0
12864,7,0,0,7,7,0,0,0,False,False,0
12865,8,0,0,8,8,0,0,0,False,False,0
12866,9,0,0,9,9,0,0,0,False,False,0
12867,9,0,0,9,9,0,0,0,False,False,0
12868,9,0,0,9,9,0,0,0,False,False,0
12869,9,0,0,9,9,0,0,0,False,False,0
12870,11,0,0,11,11,0,0,0,False,False,0
12871,7,6,6,7,7,0,0,0,False,False,0
12872,5,0,0,5,5,0,0,0,False,False,0
12873,8,0,0,8,8,0,0,0,False,False,0
12874,9,0,0,9,9,0,0,0,False,False,0
12875,11,95,10,11,11,0,0,0,False,False,0
12876,200,0,0,200,200,0,0,0,False,False,0
12877,72,0,0,72,72,0,0,0,False,False,0
12878,33,0,0,33,33,0,0,0,False,False,0
12879,59,0,0,59,59,0,0,0,False,False,0
12880,11,0,0,11,11,0,0,0,False,False,0
12881,10,0,0,10,10,0,0,0,False,False,0
12882,10,0,0,10,10,0,0,0,False,False,0
12883,11,0,0,11,11,0,0,0,False,False,0
12884,11,0,0,11,11,0,0,0,False,False,0
12885,7,3,3,7,7,0,0,0,False,False,0
12886,6,3,3,6,6,0,0,0,False,False,0
12887,7,4,4,7,7,0,0,0,False,False,0
12888,7,3,3,7,7,0,0,0,False,False,0
12889,8,4,4,8,8,0,0,0,False,False,0
12890,9,4,4,9,9,0,0,0,False,False,0
12891,6,4,4,6,6,0,0,0,False,False,0
12892,7,4,4,7,7,0,0,0,False,False,0
12893,7,0,0,7,7,0,0,0,False,False,0
12894,7,0,0,7,7,0,0,0,False,False,0
12895,7,0,0,7,7,0,0,0,False,False,0
12896,6,0,0,6,6,0,0,0,False,False,0
12897,7,0,0,7,7,0,0,0,False,False,0
12898,7,0,0,7,7,0,0,0,False,False,0
12899,6,0,0,6,6,0,0,0,False,False,0
12900,7,0,0,7,7,0,0,0,False,False,0
12901,10,0,0,10,10,0,0,0,False,False,0
12902,13,0,0,13,13,0,0,0,False,False,0
12903,10,0,0,10,10,0,0,0,False,False,0
12904,12,0,0,12,12,0,0,0,False,False,0
12905,12,0,0,12,12,0,0,0,False,False,0
12906,12,0,0,12,12,0,0,0,False,False,0
12907,12,0,0,12,12,0,0,0,False,False,0
12908,11,0,0,11,11,0,0,0,False,False,0
12909,5,0,0,5,5,0,0,0,False,False,0
12910,5,0,0,5,5,0,0,0,False,False,0
12911,5,0,0,5,5,0,0,0,False,False,0
12912,6,0,0,6,6,0,0,0,False,False,0
12913,5,0,0,5,5,0,0,0,False,False,0
12914,6,0,0,6,6,0,0,0,False,False,0
12915,5,0,0,5,5,0,0,0,False,False,0
12916,11,0,0,11,11,0,0,0,False,False,0
12917,9,0,0,9,9,0,0,0,False,False,0
12918,8,0,0,8,8,0,0,0,False,False,0
12919,10,0,0,10,10,0,0,0,False,False,0
12920,9,0,0,9,9,0,0,0,False,False,0
12921,8,0,0,8,8,0,0,0,False,False,0
12922,7,0,0,7,7,0,0,0,False,False,0
12923,6,0,0,6,6,0,0,0,False,False,0
12924,9,0,0,9,9,0,0,0,False,False,0
12925,2,0,0,2,2,0,0,0,False,True,0
12926,2,0,0,2,2,0,0,0,False,True,0
12927,2,0,0,2,2,0,0,0,False,True,0
12928,2,0,0,2,2,0,0,0,False,True,0
12929,2,0,0,2,2,0,0,0,False,True,0
12930,2,0,0,2,2,0,0,0,False,True,0
12931,2,0,0,2,2,0,0,0,False,True,0
12932,2,0,0,2,2,0,0,0,False,True,0
12933,2,0,0,2,2,0,0,0,False,True,0
12934,2,0,0,2,2,0,0,0,False,True,0
12935,2,0,0,2,2,0,0,0,False,True,0
12936,2,0,0,2,2,0,0,0,False,True,0
12937,2,0,0,2,2,0,0,0,False,True,0
12938,2,0,0,2,2,0,0,0,False,True,0
12939,2,0,0,2,2,0,0,0,False,True,0
12940,2,0,0,2,2,0,0,0,False,True,0
12941,13,0,0,13,13,0,0,0,True,False,0
12942,12,0,0,12,12,0,0,0,True,False,0
12943,11,0,0,11,11,0,0,0,True,False,0
12944,9,0,0,9,9,0,0,0,True,False,0
12945,13,0,0,13,13,0,0,0,True,False,0
12946,11,0,0,11,11,0,0,0,True,False,0
12947,10,0,0,10,10,0,0,0,True,False,0
12948,8,0,0,8,8,0,0,0,True,False,0
12949,11,0,0,11,11,0,0,0,True,False,0
12950,7,7,7,7,7,0,0,0,True,False,0
12951,5,0,0,5,5,0,0,0,True,False,0
12952,10,0,0,10,10,0,0,0,True,False,0
12953,12,0,0,12,12,0,0,0,True,False,0
12954,0,120,0,0,0,0,0,0,True,False,0
12955,0,0,0,0,0,0,0,0,True,False,0
12956,96,0,0,96,96,0,0,0,True,False,0
12957,53,0,0,53,53,0,0,0,True,False,0
12958,73,0,0,73,73,0,0,0,True,False,0
12959,13,0,0,13,13,0,0,0,True,False,0
12960,11,0,0,11,11,0,0,0,True,False,0
12961,10,0,0,10,10,0,0,0,True,False,0
12962,12,0,0,12,12,0,0,0,True,False,0
12963,13,0,0,13,13,0,0,0,True,False,0
12964,8,0,0,8,8,0,0,0,True,False,0
12965,7,0,0,7,7,0,0,0,True,False,0
12966,9,0,0,9,9,0,0,0,True,False,0
12967,8,0,0,8,8,0,0,0,True,False,0
12968,9,0,0,9,9,0,0,0,True,False,0
12969,7,0,0,7,7,0,0,0,True,False,0
12970,7,0,0,7,7,0,0,0,True,False,0
12971,9,0,0,9,9,0,0,0,True,False,0
12972,7,0,0,7,7,0,0,0,True,False,0
12973,7,0,0,7,7,0,0,0,True,False,0
12974,7,0,0,7,7,0,0,0,True,False,0
12975,6,0,0,6,6,0,0,0,True,False,0
12976,8,0,0,8,8,0,0,0,True,False,0
12977,6,0,0,6,6,0,0,0,True,False,0
12978,7,0,0,7,7,0,0,0,True,False,0
12979,7,0,0,7,7,0,0,0,True,False,0
12980,14,0,0,14,14,0,0,0,True,False,0
12981,13,0,0,13,13,0,0,0,True,False,0
12982,12,0,0,12,12,0,0,0,True,False,0
12983,14,0,0,14,14,0,0,0,True,False,0
12984,14,0,0,14,14,0,0,0,True,False,0
12985,13,0,0,13,13,0,0,0,True,False,0
12986,15,0,0,15,15,0,0,0,True,False,0
12987,12,0,0,12,12,0,0,0,True,False,0
12988,4,0,0,4,4,0,0,0,True,False,0
12989,4,0,0,4,4,0,0,0,True,False,0
12990,4,0,0,4,4,0,0,0,True,False,0
12991,6,0,0,6,6,0,0,0,True,False,0
12992,4,0,0,4,4,0,0,0,True,False,0
12993,6,0,0,6,6,0,0,0,True,False,0
12994,4,0,0,4,4,0,0,0,True,False,0
12995,12,0,0,12,12,0,0,0,True,False,0
12996,14,0,0,14,14,0,0,0,True,False,0
12997,11,0,0,11,11,0,0,0,True,False,0
12998,9,0,0,9,9,0,0,0,True,False,0
12999,9,0,0,9,9,0,0,0,True,False,0
13000,7,0,0,7,7,0,0,0,True,False,0
13001,14,0,0,14,14,0,0,0,True,False,0
13002,5,0,0,5,5,0,0,0,True,False,0
13003,4,0,0,4,4,0,0,0,True,False,0
13004,9,0,0,9,9,0,0,0,True,False,0
13005,12,0,0,12,12,0,0,0,True,False,0
13006,11,0,0,11,11,0,0,0,True,False,0
13007,12,0,0,12,12,0,0,0,True,False,0
13008,10,0,0,10,10,0,0,0,True,False,0
13009,11,0,0,11,11,0,0,0,True,False,0
13010,10,0,0,10,10,0,0,0,True,False,0
13011,10,0,0,10,10,0,0,0,True,False,0
13012,11,0,0,11,11,0,0,0,True,False,0
13013,8,8,8,8,8,0,0,0,True,False,0
13014,5,0,0,5,5,0,0,0,True,False,0
13015,10,0,0,10,10,0,0,0,True,False,0
13016,12,0,0,12,12,0,0,0,True,False,0
13017,0,122,0,0,0,0,0,0,True,False,0
13018,0,0,0,0,0,0,0,0,True,False,0
13019,95,0,0,95,95,0,0,0,True,False,0
13020,50,0,0,50,50,0,0,0,True,False,0
13021,74,0,0,74,74,0,0,0,True,False,0
13022,9,0,0,9,9,0,0,0,True,False,0
13023,11,0,0,11,11,0,0,0,True,False,0
13024,12,0,0,12,12,0,0,0,True,False,0
13025,11,0,0,11,11,0,0,0,True,False,0
13026,12,0,0,12,12,0,0,0,True,False,0
13027,7,0,0,7,7,0,0,0,True,False,0
13028,6,0,0,6,6,0,0,0,True,False,0
13029,6,0,0,6,6,0,0,0,True,False,0
13030,8,0,0,8,8,0,0,0,True,False,0
13031,7,0,0,7,7,0,0,0,True,False,0
13032,8,0,0,8,8,0,0,0,True,False,0
13033,8,0,0,8,8,0,0,0,True,False,0
13034,7,0,0,7,7,0,0,0,True,False,0
13035,8,0,0,8,8,0,0,0,True,False,0
13036,7,0,0,7,7,0,0,0,True,False,0
13037,6,0,0,6,6,0,0,0,True,False,0
13038,7,0,0,7,7,0,0,0,True,False,0
13039,6,0,0,6,6,0,0,0,True,False,0
13040,8,0,0,8,8,0,0,0,True,False,0
13041,7,0,0,7,7,0,0,0,True,False,0
13042,7,0,0,7,7,0,0,0,True,False,0
13043,15,0,0,15,15,0,0,0,True,False,0
13044,14,0,0,14,14,0,0,0,True,False,0
13045,13,0,0,13,13,0,0,0,True,False,0
13046,12,0,0,12,12,0,0,0,True,False,0
13047,13,0,0,13,13,0,0,0,True,False,0
13048,13,0,0,13,13,0,0,0,True,False,0
13049,13,0,0,13,13,0,0,0,True,False,0
13050,14,0,0,14,14,0,0,0,True,False,0
13051,3,0,0,3,3,0,0,0,True,False,0
13052,4,0,0,4,4,0,0,0,True,False,0
13053,4,0,0,4,4,0,0,0,True,False,0
13054,6,0,0,6,6,0,0,0,True,False,0
13055,4,0,0,4,4,0,0,0,True,False,0
13056,6,0,0,6,6,0,0,0,True,False,0
13057,4,0,0,4,4,0,0,0,True,False,0
13058,12,0,0,12,12,0,0,0,True,False,0
13059,7,0,0,7,7,0,0,0,True,False,0
13060,9,0,0,9,9,0,0,0,True,False,0
13061,7,0,0,7,7,0,0,0,True,False,0
13062,13,0,0,13,13,0,0,0,True,False,0
13063,7,0,0,7,7,0,0,0,True,False,0
13064,4,0,0,4,4,0,0,0,True,False,0
13065,9,0,0,9,9,0,0,0,True,False,0
13066,9,0,0,9,9,0,0,0,True,False,0
13067,9,0,0,9,9,0,0,0,True,False,0
13068,10,0,0,10,10,0,0,0,True,False,0
13069,11,0,0,11,11,0,0,0,True,False,0
13070,9,0,0,9,9,0,0,0,True,False,0
13071,9,0,0,9,9,0,0,0,True,False,0
13072,10,0,0,10,10,0,0,0,True,False,0
13073,12,0,0,12,12,0,0,0,True,False,0
13074,9,0,0,9,9,0,0,0,True,False,0
13075,13,0,0,13,13,0,0,0,True,False,0
13076,7,7,7,7,7,0,0,0,True,False,0
13077,5,0,0,5,5,0,0,0,True,False,0
13078,12,0,0,12,12,0,0,0,True,False,0
13079,10,0,0,10,10,0,0,0,True,False,0
13080,0,120,0,0,0,0,0,0,True,False,0
13081,0,0,0,0,0,0,0,0,True,False,0
13082,94,0,0,94,94,0,0,0,True,False,0
13083,51,0,0,51,51,0,0,0,True,False,0
13084,73,0,0,73,73,0,0,0,True,False,0
13085,13,0,0,13,13,0,0,0,True,False,0
13086,10,0,0,10,10,0,0,0,True,False,0
13087,11,0,0,11,11,0,0,0,True,False,0
13088,10,0,0,10,10,0,0,0,True,False,0
13089,9,0,0,9,9,0,0,0,True,False,0
13090,8,0,0,8,8,0,0,0,True,False,0
13091,8,0,0,8,8,0,0,0,True,False,0
13092,8,0,0,8,8,0,0,0,True,False,0
13093,6,0,0,6,6,0,0,0,True,False,0
13094,8,0,0,8,8,0,0,0,True,False,0
13095,7,0,0,7,7,0,0,0,True,False,0
13096,7,0,0,7,7,0,0,0,True,False,0
13097,7,0,0,7,7,0,0,0,True,False,0
13098,5,0,0,5,5,0,0,0,True,False,0
13099,8,0,0,8,8,0,0,0,True,False,0
13100,6,0,0,6,6,0,0,0,True,False,0
13101,7,0,0,7,7,0,0,0,True,False,0
13102,7,0,0,7,7,0,0,0,True,False,0
13103,7,0,0,7,7,0,0,0,True,False,0
13104,7,0,0,7,7,0,0,0,True,False,0
13105,7,0,0,7,7,0,0,0,True,False,0
13106,15,0,0,15,15,0,0,0,True,False,0
13107,14,0,0,14,14,0,0,0,True,False,0
13108,15,0,0,15,15,0,0,0,True,False,0
13109,14,0,0,14,14,0,0,0,True,False,0
13110,15,0,0,15,15,0,0,0,True,False,0
13111,13,0,0,13,13,0,0,0,True,False,0
13112,12,0,0,12,12,0,0,0,True,False,0
13113,14,0,0,14,14,0,0,0,True,False,0
13114,5,0,0,5,5,0,0,0,True,False,0
13115,4,0,0,4,4,0,0,0,True,False,0
13116,4,0,0,4,4,0,0,0,True,False,0
13117,6,0,0,6,6,0,0,0,True,False,0
13118,4,0,0,4,4,0,0,0,True,False,0
13119,6,0,0,6,6,0,0,0,True,False,0
13120,4,0,0,4,4,0,0,0,True,False,0
13121,12,0,0,12,12,0,0,0,True,False,0
13122,14,0,0,14,14,0,0,0,True,False,0
13123,11,0,0,11,11,0,0,0,True,False,0
13124,8,0,0,8,8,0,0,0,True,False,0
13125,9,0,0,9,9,0,0,0,True,False,0
13126,11,0,0,11,11,0,0,0,True,False,0
13127,9,0,0,9,9,0,0,0,True,False,0
13128,11,0,0,11,11,0,0,0,True,False,0
13129,13,0,0,13,13,0,0,0,True,False,0
13130,9,0,0,9,9,0,0,0,True,False,0
13131,9,0,0,9,9,0,0,0,True,False,0
13132,8,0,0,8,8,0,0,0,True,False,0
13133,10,0,0,10,10,0,0,0,True,False,0
13134,11,0,0,11,11,0,0,0,True,False,0
13135,10,0,0,10,10,0,0,0,True,False,0
13136,12,0,0,12,12,0,0,0,True,False,0
13137,10,0,0,10,10,0,0,0,True,False,0
13138,11,1,1,11,11,0,0,0,True,False,0
13139,8,8,8,8,8,0,0,0,True,False,0
13140,5,0,0,5,5,0,0,0,True,False,0
13141,9,1,1,9,9,0,0,0,True,False,0
13142,9,1,1,9,9,0,0,0,True,False,0
13143,0,124,0,0,0,0,0,0,True,False,0
13144,0,0,0,0,0,0,0,0,True,False,0
13145,94,0,0,94,94,0,0,0,True,False,0
13146,45,0,0,45,45,0,0,0,True,False,0
13147,72,0,0,72,72,0,0,0,True,False,0
13148,10,1,1,10,10,0,0,0,True,False,0
13149,10,1,1,10,10,0,0,0,True,False,0
13150,10,1,1,10,10,0,0,0,True,False,0
13151,11,1,1,11,11,0,0,0,True,False,0
13152,11,1,1,11,11,0,0,0,True,False,0
13153,9,0,0,9,9,0,0,0,True,False,0
13154,7,0,0,7,7,0,0,0,True,False,0
13155,7,0,0,7,7,0,0,0,True,False,0
13156,8,0,0,8,8,0,0,0,True,False,0
13157,7,0,0,7,7,0,0,0,True,False,0
13158,8,0,0,8,8,0,0,0,True,False,0
13159,7,0,0,7,7,0,0,0,True,False,0
13160,8,0,0,8,8,0,0,0,True,False,0
13161,7,0,0,7,7,0,0,0,True,False,0
13162,8,0,0,8,8,0,0,0,True,False,0
13163,7,0,0,7,7,0,0,0,True,False,0
13164,9,0,0,9,9,0,0,0,True,False,0
13165,8,0,0,8,8,0,0,0,True,False,0
13166,6,0,0,6,6,0,0,0,True,False,0
13167,6,0,0,6,6,0,0,0,True,False,0
13168,7,0,0,7,7,0,0,0,True,False,0
13169,14,0,0,14,14,0,0,0,True,False,0
13170,13,0,0,13,13,0,0,0,True,False,0
13171,12,0,0,12,12,0,0,0,True,False,0
13172,13,0,0,13,13,0,0,0,True,False,0
13173,14,0,0,14,14,0,0,0,True,False,0
13174,14,0,0,14,14,0,0,0,True,False,0
13175,15,0,0,15,15,0,0,0,True,False,0
13176,13,0,0,13,13,0,0,0,True,False,0
13177,4,0,0,4,4,0,0,0,True,False,0
13178,4,0,0,4,4,0,0,0,True,False,0
13179,4,0,0,4,4,0,0,0,True,False,0
13180,6,0,0,6,6,0,0,0,True,False,0
13181,4,0,0,4,4,0,0,0,True,False,0
13182,6,0,0,6,6,0,0,0,True,False,0
13183,4,0,0,4,4,0,0,0,True,False,0
13184,12,0,0,12,12,0,0,0,True,False,0
13185,9,0,0,9,9,0,0,0,True,False,0
13186,10,0,0,10,10,0,0,0,True,False,0
13187,3,0,0,3,3,0,0,0,True,False,0
13188,9,0,0,9,9,0,0,0,True,False,0
13189,10,0,0,10,10,0,0,0,True,False,0
13190,10,0,0,10,10,0,0,0,True,False,0
13191,9,0,0,9,9,0,0,0,True,False,0
13192,6,0,0,6,6,0,0,0,True,False,0
13193,13,0,0,13,13,0,0,0,True,False,0
13194,10,0,0,10,10,0,0,0,True,False,0
13195,12,0,0,12,12,0,0,0,True,False,0
13196,9,0,0,9,9,0,0,0,True,False,0
13197,11,0,0,11,11,0,0,0,True,False,0
13198,9,0,0,9,9,0,0,0,True,False,0
13199,11,0,0,11,11,0,0,0,True,False,0
13200,11,0,0,11,11,0,0,0,True,False,0
13201,9,0,0,9,9,0,0,0,True,False,0
13202,7,7,7,7,7,0,0,0,True,False,0
13203,5,0,0,5,5,0,0,0,True,False,0
13204,7,0,0,7,7,0,0,0,True,False,0
13205,9,0,0,9,9,0,0,0,True,False,0
13206,10,118,10,10,10,0,0,0,True,False,0
13207,200,0,0,200,200,0,0,0,True,False,0
13208,91,0,0,91,91,0,0,0,True,False,0
13209,48,0,0,48,48,0,0,0,True,False,0
13210,74,0,0,74,74,0,0,0,True,False,0
13211,9,0,0,9,9,0,0,0,True,False,0
13212,9,0,0,9,9,0,0,0,True,False,0
13213,7,0,0,7,7,0,0,0,True,False,0
13214,10,0,0,10,10,0,0,0,True,False,0
13215,9,0,0,9,9,0,0,0,True,False,0
13216,8,0,0,8,8,0,0,0,True,False,0
13217,7,0,0,7,7,0,0,0,True,False,0
13218,7,0,0,7,7,0,0,0,True,False,0
13219,7,0,0,7,7,0,0,0,True,False,0
13220,8,0,0,8,8,0,0,0,True,False,0
13221,8,0,0,8,8,0,0,0,True,False,0
13222,8,0,0,8,8,0,0,0,True,False,0
13223,8,0,0,8,8,0,0,0,True,False,0
13224,7,0,0,7,7,0,0,0,True,False,0
13225,7,0,0,7,7,0,0,0,True,False,0
13226,8,0,0,8,8,0,0,0,True,False,0
13227,5,0,0,5,5,0,0,0,True,False,0
13228,9,0,0,9,9,0,0,0,True,False,0
13229,7,0,0,7,7,0,0,0,True,False,0
13230,9,0,0,9,9,0,0,0,True,False,0
13231,7,0,0,7,7,0,0,0,True,False,0
13232,15,0,0,15,15,0,0,0,True,False,0
13233,12,0,0,12,12,0,0,0,True,False,0
13234,13,0,0,13,13,0,0,0,True,False,0
13235,14,0,0,14,14,0,0,0,True,False,0
13236,12,0,0,12,12,0,0,0,True,False,0
13237,18,0,0,18,18,0,0,0,True,False,0
13238,12,0,0,12,12,0,0,0,True,False,0
13239,13,0,0,13,13,0,0,0,True,False,0
13240,4,0,0,4,4,0,0,0,True,False,0
13241,4,0,0,4,4,0,0,0,True,False,0
13242,4,0,0,4,4,0,0,0,True,False,0
13243,6,0,0,6,6,0,0,0,True,False,0
13244,4,0,0,4,4,0,0,0,True,False,0
13245,6,0,0,6,6,0,0,0,True,False,0
13246,4,0,0,4,4,0,0,0,True,False,0
13247,12,0,0,12,12,0,0,0,True,False,0
13248,7,0,0,7,7,0,0,0,True,False,0
13249,10,0,0,10,10,0,0,0,True,False,0
13250,4,0,0,4,4,0,0,0,True,False,0
13251,9,0,0,9,9,0,0,0,True,False,0
13252,6,0,0,6,6,0,0,0,True,False,0
13253,9,0,0,9,9,0,0,0,True,False,0
13254,12,0,0,12,12,0,0,0,True,False,0
13255,4,0,0,4,4,0,0,0,True,False,0
13256,10,0,0,10,10,0,0,0,True,False,0
13257,8,0,0,8,8,0,0,0,True,False,0
13258,10,0,0,10,10,0,0,0,True,False,0
13259,10,0,0,10,10,0,0,0,True,False,0
13260,12,0,0,12,12,0,0,0,True,False,0
13261,13,0,0,13,13,0,0,0,True,False,0
13262,10,0,0,10,10,0,0,0,True,False,0
13263,11,0,0,11,11,0,0,0,True,False,0
13264,9,0,0,9,9,0,0,0,True,False,0
13265,8,8,8,8,8,0,0,0,True,False,0
13266,5,0,0,5,5,0,0,0,True,False,0
13267,9,0,0,9,9,0,0,0,True,False,0
13268,8,0,0,8,8,0,0,0,True,False,0
13269,0,120,0,0,0,0,0,0,True,False,0
13270,0,0,0,0,0,0,0,0,True,False,0
13271,94,0,0,94,94,0,0,0,True,False,0
13272,49,0,0,49,49,0,0,0,True,False,0
13273,74,0,0,74,74,0,0,0,True,False,0
13274,9,0,0,9,9,0,0,0,True,False,0
13275,6,0,0,6,6,0,0,0,True,False,0
13276,10,0,0,10,10,0,0,0,True,False,0
13277,11,0,0,11,11,0,0,0,True,False,0
13278,8,0,0,8,8,0,0,0,True,False,0
13279,8,0,0,8,8,0,0,0,True,False,0
13280,7,0,0,7,7,0,0,0,True,False,0
13281,7,0,0,7,7,0,0,0,True,False,0
13282,8,0,0,8,8,0,0,0,True,False,0
13283,7,0,0,7,7,0,0,0,True,False,0
13284,7,0,0,7,7,0,0,0,True,False,0
13285,7,0,0,7,7,0,0,0,True,False,0
13286,7,0,0,7,7,0,0,0,True,False,0
13287,7,0,0,7,7,0,0,0,True,False,0
13288,5,0,0,5,5,0,0,0,True,False,0
13289,8,0,0,8,8,0,0,0,True,False,0
13290,6,0,0,6,6,0,0,0,True,False,0
13291,7,0,0,7,7,0,0,0,True,False,0
13292,8,0,0,8,8,0,0,0,True,False,0
13293,7,0,0,7,7,0,0,0,True,False,0
13294,7,0,0,7,7,0,0,0,True,False,0
13295,15,0,0,15,15,0,0,0,True,False,0
13296,15,0,0,15,15,0,0,0,True,False,0
13297,12,0,0,12,12,0,0,0,True,False,0
13298,13,0,0,13,13,0,0,0,True,False,0
13299,15,0,0,15,15,0,0,0,True,False,0
13300,14,0,0,14,14,0,0,0,True,False,0
13301,12,0,0,12,12,0,0,0,True,False,0
13302,12,0,0,12,12,0,0,0,True,False,0
13303,4,0,0,4,4,0,0,0,True,False,0
13304,4,0,0,4,4,0,0,0,True,False,0
13305,4,0,0,4,4,0,0,0,True,False,0
13306,6,0,0,6,6,0,0,0,True,False,0
13307,4,0,0,4,4,0,0,0,True,False,0
13308,6,0,0,6,6,0,0,0,True,False,0
13309,4,0,0,4,4,0,0,0,True,False,0
13310,12,0,0,12,12,0,0,0,True,False,0
13311,8,0,0,8,8,0,0,0,True,False,0
13312,14,0,0,14,14,0,0,0,True,False,0
13313,13,0,0,13,13,0,0,0,True,False,0
13314,19,0,0,19,19,0,0,0,True,False,0
13315,8,0,0,8,8,0,0,0,True,False,0
13316,3,0,0,3,3,0,0,0,True,False,0
13317,10,0,0,10,10,0,0,0,True,False,0
13318,7,0,0,7,7,0,0,0,True,False,0
13319,11,0,0,11,11,0,0,0,True,False,0
13320,10,0,0,10,10,0,0,0,True,False,0
13321,10,0,0,10,10,0,0,0,True,False,0
13322,9,0,0,9,9,0,0,0,True,False,0
13323,10,0,0,10,10,0,0,0,True,False,0
13324,11,0,0,11,11,0,0,0,True,False,0
13325,13,0,0,13,13,0,0,0,True,False,0
13326,10,0,0,10,10,0,0,0,True,False,0
13327,9,0,0,9,9,0,0,0,True,False,0
13328,7,7,7,7,7,0,0,0,True,False,0
13329,5,0,0,5,5,0,0,0,True,False,0
13330,9,0,0,9,9,0,0,0,True,False,0
13331,9,0,0,9,9,0,0,0,True,False,0
13332,0,119,0,0,0,0,0,0,True,False,0
13333,0,0,0,0,0,0,0,0,True,False,0
13334,91,0,0,91,91,0,0,0,True,False,0
13335,43,0,0,43,43,0,0,0,True,False,0
13336,74,0,0,74,74,0,0,0,True,False,0
13337,8,0,0,8,8,0,0,0,True,False,0
13338,9,0,0,9,9,0,0,0,True,False,0
13339,8,0,0,8,8,0,0,0,True,False,0
13340,7,0,0,7,7,0,0,0,True,False,0
13341,9,0,0,9,9,0,0,0,True,False,0
13342,7,0,0,7,7,0,0,0,True,False,0
13343,8,0,0,8,8,0,0,0,True,False,0
13344,8,0,0,8,8,0,0,0,True,False,0
13345,9,0,0,9,9,0,0,0,True,False,0
13346,7,0,0,7,7,0,0,0,True,False,0
13347,7,0,0,7,7,0,0,0,True,False,0
13348,7,0,0,7,7,0,0,0,True,False,0
13349,7,0,0,7,7,0,0,0,True,False,0
13350,6,0,0,6,6,0,0,0,True,False,0
13351,6,0,0,6,6,0,0,0,True,False,0
13352,7,0,0,7,7,0,0,0,True,False,0
13353,6,0,0,6,6,0,0,0,True,False,0
13354,6,0,0,6,6,0,0,0,True,False,0
13355,8,0,0,8,8,0,0,0,True,False,0
13356,8,0,0,8,8,0,0,0,True,False,0
13357,6,0,0,6,6,0,0,0,True,False,0
13358,12,0,0,12,12,0,0,0,True,False,0
13359,13,0,0,13,13,0,0,0,True,False,0
13360,16,0,0,16,16,0,0,0,True,False,0
13361,13,0,0,13,13,0,0,0,True,False,0
13362,13,0,0,13,13,0,0,0,True,False,0
13363,13,0,0,13,13,0,0,0,True,False,0
13364,11,0,0,11,11,0,0,0,True,False,0
13365,15,0,0,15,15,0,0,0,True,False,0
13366,4,0,0,4,4,0,0,0,True,False,0
13367,4,0,0,4,4,0,0,0,True,False,0
13368,4,0,0,4,4,0,0,0,True,False,0
13369,6,0,0,6,6,0,0,0,True,False,0
13370,4,0,0,4,4,0,0,0,True,False,0
13371,6,0,0,6,6,0,0,0,True,False,0
13372,4,0,0,4,4,0,0,0,True,False,0
13373,11,0,0,11,11,0,0,0,True,False,0
13374,9,0,0,9,9,0,0,0,True,False,0
13375,10,0,0,10,10,0,0,0,True,False,0
13376,6,0,0,6,6,0,0,0,True,False,0
13377,12,0,0,12,12,0,0,0,True,False,0
13378,14,0,0,14,14,0,0,0,True,False,0
13379,10,0,0,10,10,0,0,0,True,False,0
13380,8,0,0,8,8,0,0,0,True,False,0
13381,10,0,0,10,10,0,0,0,True,False,0
13382,11,0,0,11,11,0,0,0,True,False,0
13383,10,0,0,10,10,0,0,0,True,False,0
13384,8,0,0,8,8,0,0,0,True,False,0
13385,12,0,0,12,12,0,0,0,True,False,0
13386,11,0,0,11,11,0,0,0,True,False,0
13387,8,0,0,8,8,0,0,0,True,False,0
13388,9,0,0,9,9,0,0,0,True,False,0
13389,8,0,0,8,8,0,0,0,True,False,0
13390,9,0,0,9,9,0,0,0,True,False,0
13391,8,8,8,8,8,0,0,0,True,False,0
13392,5,0,0,5,5,0,0,0,True,False,0
13393,10,0,0,10,10,0,0,0,True,False,0
13394,8,0,0,8,8,0,0,0,True,False,0
13395,0,116,0,0,0,0,0,0,True,False,0
13396,0,0,0,0,0,0,0,0,True,False,0
13397,87,0,0,87,87,0,0,0,True,False,0
13398,52,0,0,52,52,0,0,0,True,False,0
13399,76,0,0,76,76,0,0,0,True,False,0
13400,9,0,0,9,9,0,0,0,True,False,0
13401,10,0,0,10,10,0,0,0,True,False,0
13402,7,0,0,7,7,0,0,0,True,False,0
13403,9,0,0,9,9,0,0,0,True,False,0
13404,9,0,0,9,9,0,0,0,True,False,0
13405,8,0,0,8,8,0,0,0,True,False,0
13406,7,0,0,7,7,0,0,0,True,False,0
13407,7,0,0,7,7,0,0,0,True,False,0
13408,7,0,0,7,7,0,0,0,True,False,0
13409,9,0,0,9,9,0,0,0,True,False,0
13410,7,0,0,7,7,0,0,0,True,False,0
13411,7,0,0,7,7,0,0,0,True,False,0
13412,7,0,0,7,7,0,0,0,True,False,0
13413,6,0,0,6,6,0,0,0,True,False,0
13414,9,0,0,9,9,0,0,0,True,False,0
13415,7,0,0,7,7,0,0,0,True,False,0
13416,6,0,0,6,6,0,0,0,True,False,0
13417,7,0,0,7,7,0,0,0,True,False,0
13418,7,0,0,7,7,0,0,0,True,False,0
13419,7,0,0,7,7,0,0,0,True,False,0
13420,6,0,0,6,6,0,0,0,True,False,0
13421,15,0,0,15,15,0,0,0,True,False,0
13422,16,0,0,16,16,0,0,0,True,False,0
13423,14,0,0,14,14,0,0,0,True,False,0
13424,12,0,0,12,12,0,0,0,True,False,0
13425,16,0,0,16,16,0,0,0,True,False,0
13426,13,0,0,13,13,0,0,0,True,False,0
13427,11,0,0,11,11,0,0,0,True,False,0
13428,15,0,0,15,15,0,0,0,True,False,0
13429,4,0,0,4,4,0,0,0,True,False,0
13430,4,0,0,4,4,0,0,0,True,False,0
13431,4,0,0,4,4,0,0,0,True,False,0
13432,6,0,0,6,6,0,0,0,True,False,0
13433,4,0,0,4,4,0,0,0,True,False,0
13434,6,0,0,6,6,0,0,0,True,False,0
13435,4,0,0,4,4,0,0,0,True,False,0
13436,13,0,0,13,13,0,0,0,True,False,0
13437,14,0,0,14,14,0,0,0,True,False,0
13438,9,0,0,9,9,0,0,0,True,False,0
13439,6,0,0,6,6,0,0,0,True,False,0
13440,15,0,0,15,15,0,0,0,True,False,0
13441,8,0,0,8,8,0,0,0,True,False,0
13442,6,0,0,6,6,0,0,0,True,False,0
13443,6,0,0,6,6,0,0,0,True,False,0
13444,15,0,0,15,15,0,0,0,True,False,0
13445,1,0,0,1,1,0,0,0,True,True,0
13446,10,0,0,10,10,0,0,0,True,False,0
13447,13,0,0,13,13,0,0,0,True,False,0
13448,10,0,0,10,10,0,0,0,True,False,0
13449,12,0,0,12,12,0,0,0,True,False,0
13450,11,0,0,11,11,0,0,0,True,False,0
13451,10,0,0,10,10,0,0,0,True,False,0
13452,12,0,0,12,12,0,0,0,True,False,0
13453,8,0,0,8,8,0,0,0,True,False,0
13454,9,0,0,9,9,0,0,0,True,False,0
13455,7,7,7,7,7,0,0,0,True,False,0
13456,5,0,0,5,5,0,0,0,True,False,0
13457,11,0,0,11,11,0,0,0,True,False,0
13458,8,0,0,8,8,0,0,0,True,False,0
13459,0,120,0,0,0,0,0,0,True,False,0
13460,0,0,0,0,0,0,0,0,True,False,0
13461,96,0,0,96,96,0,0,0,True,False,0
13462,47,0,0,47,47,0,0,0,True,False,0
13463,73,0,0,73,73,0,0,0,True,False,0
13464,11,0,0,11,11,0,0,0,True,False,0
13465,9,0,0,9,9,0,0,0,True,False,0
13466,9,0,0,9,9,0,0,0,True,False,0
13467,7,0,0,7,7,0,0,0,True,False,0
13468,10,0,0,10,10,0,0,0,True,False,0
13469,8,0,0,8,8,0,0,0,True,False,0
13470,9,0,0,9,9,0,0,0,True,False,0
13471,6,0,0,6,6,0,0,0,True,False,0
13472,7,0,0,7,7,0,0,0,True,False,0
13473,7,0,0,7,7,0,0,0,True,False,0
13474,6,0,0,6,6,0,0,0,True,False,0
13475,8,0,0,8,8,0,0,0,True,False,0
13476,6,0,0,6,6,0,0,0,True,False,0
13477,7,0,0,7,7,0,0,0,True,False,0
13478,6,0,0,6,6,0,0,0,True,False,0
13479,9,0,0,9,9,0,0,0,True,False,0
13480,7,0,0,7,7,0,0,0,True,False,0
13481,9,0,0,9,9,0,0,0,True,False,0
13482,7,0,0,7,7,0,0,0,True,False,0
13483,8,0,0,8,8,0,0,0,True,False,0
13484,8,0,0,8,8,0,0,0,True,False,0
13485,13,0,0,13,13,0,0,0,True,False,0
13486,13,0,0,13,13,0,0,0,True,False,0
13487,15,0,0,15,15,0,0,0,True,False,0
13488,13,0,0,13,13,0,0,0,True,False,0
13489,14,0,0,14,14,0,0,0,True,False,0
13490,14,0,0,14,14,0,0,0,True,False,0
13491,15,0,0,15,15,0,0,0,True,False,0
13492,13,0,0,13,13,0,0,0,True,False,0
13493,3,0,0,3,3,0,0,0,True,False,0
13494,4,0,0,4,4,0,0,0,True,False,0
13495,4,0,0,4,4,0,0,0,True,False,0
13496,6,0,0,6,6,0,0,0,True,False,0
13497,4,0,0,4,4,0,0,0,True,False,0
13498,6,0,0,6,6,0,0,0,True,False,0
13499,4,0,0,4,4,0,0,0,True,False,0
13500,12,0,0,12,12,0,0,0,True,False,0
13501,12,0,0,12,12,0,0,0,True,False,0
13502,16,0,0,16,16,0,0,0,True,False,0
13503,9,0,0,9,9,0,0,0,True,False,0
13504,15,0,0,15,15,0,0,0,True,False,0
13505,14,0,0,14,14,0,0,0,True,False,0
13506,8,0,0,8,8,0,0,0,True,False,0
13507,8,0,0,8,8,0,0,0,True,False,0
13508,7,0,0,7,7,0,0,0,True,False,0
13509,1,0,0,1,1,0,0,0,True,True,0
13510,1,0,0,1,1,0,0,0,True,True,0
13511,1,0,0,1,1,0,0,0,True,True,0
13512,1,0,0,1,1,0,0,0,True,True,0
13513,1,0,0,1,1,0,0,0,True,True,0
13514,2,0,0,2,2,0,0,0,True,True,0
13515,2,0,0,2,2,0,0,0,True,True,0
13516,2,0,0,2,2,0,0,0,True,True,0
13517,3,0,0,3,3,0,0,0,True,False,0
13518,1,0,0,1,1,0,0,0,True,True,0
13519,3,0,0,3,3,0,0,0,True,False,0
13520,3,0,0,3,3,0,0,0,True,False,0
13521,3,0,0,3,3,0,0,0,True,False,0
13522,2,0,0,2,2,0,0,0,True,True,0
13523,2,2,2,2,2,0,0,0,True,True,0
13524,1,0,0,1,1,0,0,0,True,True,0
13525,1,0,0,1,1,0,0,0,True,True,0
13526,2,0,0,2,2,0,0,0,True,True,0
13527,0,30,0,0,0,0,0,0,True,False,0
13528,0,0,0,0,0,0,0,0,True,False,0
13529,21,0,0,21,21,0,0,0,True,False,0
13530,13,0,0,13,13,0,0,0,True,False,0
13531,16,0,0,16,16,0,0,0,True,False,0
13532,1,0,0,1,1,0,0,0,True,True,0
13533,2,0,0,2,2,0,0,0,True,True,0
13534,2,0,0,2,2,0,0,0,True,True,0
13535,3,0,0,3,3,0,0,0,True,False,0
13536,2,0,0,2,2,0,0,0,True,True,0
13537,2,0,0,2,2,0,0,0,True,True,0
13538,2,0,0,2,2,0,0,0,True,True,0
13539,2,0,0,2,2,0,0,0,True,True,0
13540,3,0,0,3,3,0,0,0,True,False,0
13541,2,0,0,2,2,0,0,0,True,True,0
13542,3,0,0,3,3,0,0,0,True,False,0
13543,1,0,0,1,1,0,0,0,True,True,0
13544,3,0,0,3,3,0,0,0,True,False,0
13545,2,0,0,2,2,0,0,0,True,True,0
13546,3,0,0,3,3,0,0,0,True,False,0
13547,1,0,0,1,1,0,0,0,True,True,0
13548,2,0,0,2,2,0,0,0,True,True,0
13549,1,0,0,1,1,0,0,0,True,True,0
13550,2,0,0,2,2,0,0,0,True,True,0
13551,2,0,0,2,2,0,0,0,True,True,0
13552,1,0,0,1,1,0,0,0,True,True,0
13553,3,0,0,3,3,0,0,0,True,False,0
13554,3,0,0,3,3,0,0,0,True,False,0
13555,3,0,0,3,3,0,0,0,True,False,0
13556,4,0,0,4,4,0,0,0,True,False,0
13557,3,0,0,3,3,0,0,0,True,False,0
13558,3,0,0,3,3,0,0,0,True,False,0
13559,3,0,0,3,3,0,0,0,True,False,0
13560,4,0,0,4,4,0,0,0,True,False,0
13561,1,0,0,1,1,0,0,0,True,True,0
13562,2,0,0,2,2,0,0,0,True,True,0
13563,1,0,0,1,1,0,0,0,True,True,0
13564,1,0,0,1,1,0,0,0,True,True,0
13565,2,0,0,2,2,0,0,0,True,True,0
13566,5,0,0,5,5,0,0,0,True,False,0
13567,1,0,0,1,1,0,0,0,True,True,0
13568,4,0,0,4,4,0,0,0,True,False,0
13569,1,0,0,1,1,0,0,0,True,True,0
13570,2,0,0,2,2,0,0,0,True,True,0
13571,6,0,0,6,6,0,0,0,True,False,0
13572,6,0,0,6,6,0,0,0,True,False,0
13573,4,0,0,4,4,0,0,0,True,False,0
13574,1,0,0,1,1,0,0,0,True,True,0
13575,1,0,0,1,1,0,0,0,True,True,0
13576,7,0,0,7,7,0,0,0,False,False,0
13577,9,0,0,9,9,0,0,0,False,False,0
13578,10,0,0,10,10,0,0,0,False,False,0
13579,8,0,0,8,8,0,0,0,False,False,0
13580,8,0,0,8,8,0,0,0,False,False,0
13581,10,0,0,10,10,1,0,0,False,False,0
13582,8,0,0,8,8,0,0,0,False,False,0
13583,6,0,0,6,6,0,0,0,False,False,0
13584,8,0,0,8,8,0,0,0,False,False,0
13585,7,6,6,7,7,0,0,0,False,False,0
13586,5,0,0,5,5,0,0,0,False,False,0
13587,8,0,0,8,8,0,0,0,False,False,0
13588,7,0,0,7,7,0,0,0,False,False,0
13589,11,81,10,11,11,0,0,0,False,False,0
13590,200,0,0,200,200,0,0,0,False,False,0
13591,64,0,0,64,64,0,0,0,False,False,0
13592,33,0,0,33,33,0,0,0,False,False,0
13593,53,0,0,53,53,0,0,0,False,False,0
13594,8,0,0,8,8,0,0,0,False,False,0
13595,8,0,0,8,8,0,0,0,False,False,0
13596,8,0,0,8,8,0,0,0,False,False,0
13597,8,0,0,8,8,0,0,0,False,False,0
13598,8,0,0,8,8,0,0,0,False,False,0
13599,7,3,3,7,7,0,0,0,False,False,0
13600,6,4,4,6,6,0,0,0,False,False,0
13601,7,4,4,7,7,0,0,0,False,False,0
13602,6,3,3,6,6,0,0,0,False,False,0
13603,5,4,4,5,5,0,0,0,False,False,0
13604,6,4,4,6,6,0,0,0,False,False,0
13605,6,3,3,6,6,0,0,0,False,False,0
13606,7,4,4,7,7,0,0,0,False,False,0
13607,7,0,0,7,7,0,0,0,False,False,0
13608,6,0,0,6,6,0,0,0,False,False,0
13609,5,0,0,5,5,0,0,0,False,False,0
13610,5,0,0,5,5,0,0,0,False,False,0
13611,8,0,0,8,8,0,0,0,False,False,0
13612,6,0,0,6,6,0,0,0,False,False,0
13613,6,0,0,6,6,0,0,0,False,False,0
13614,7,0,0,7,7,0,0,0,False,False,0
13615,10,0,0,10,10,0,0,0,False,False,0
13616,11,0,0,11,11,0,0,0,False,False,0
13617,11,0,0,11,11,0,0,0,False,False,0
13618,10,0,0,10,10,0,0,0,False,False,0
13619,10,0,0,10,10,0,0,0,False,False,0
13620,10,0,0,10,10,0,0,0,False,False,0
13621,10,0,0,10,10,0,0,0,False,False,0
13622,10,0,0,10,10,0,0,0,False,False,0
13623,4,0,0,4,4,0,0,0,False,False,0
13624,4,0,0,4,4,0,0,0,False,False,0
13625,6,0,0,6,6,0,0,0,False,False,0
13626,4,0,0,4,4,0,0,0,False,False,0
13627,10,0,0,10,10,0,0,0,False,False,0
13628,6,0,0,6,6,0,0,0,False,False,0
13629,6,0,0,6,6,0,0,0,False,False,0
13630,6,0,0,6,6,0,0,0,False,False,0
13631,7,0,0,7,7,0,0,0,False,False,0
13632,4,0,0,4,4,0,0,0,False,False,0
13633,5,0,0,5,5,0,0,0,False,False,0
13634,10,0,0,10,10,0,0,0,False,False,0
13635,5,0,0,5,5,0,0,0,False,False,0
13636,13,0,0,13,13,0,0,0,False,False,0
13637,4,0,0,4,4,0,0,0,False,False,0
13638,7,0,0,7,7,0,0,0,False,False,0
13639,2,0,0,2,2,0,0,0,False,True,0
13640,2,0,0,2,2,0,0,0,False,True,0
13641,2,0,0,2,2,0,0,0,False,True,0
13642,2,0,0,2,2,0,0,0,False,True,0
13643,2,0,0,2,2,0,0,0,False,True,0
13644,2,0,0,2,2,0,0,0,False,True,0
13645,2,0,0,2,2,0,0,0,False,True,0
13646,2,0,0,2,2,0,0,0,False,True,0
13647,2,0,0,2,2,0,0,0,False,True,0
13648,2,0,0,2,2,0,0,0,False,True,0
13649,2,0,0,2,2,0,0,0,False,True,0
13650,2,0,0,2,2,0,0,0,False,True,0
13651,2,0,0,2,2,0,0,0,False,True,0
13652,2,0,0,2,2,0,0,0,False,True,0
13653,2,0,0,2,2,0,0,0,False,True,0
13654,2,0,0,2,2,0,0,0,False,True,0
13655,10,0,0,10,10,0,0,0,True,False,0
13656,10,0,0,10,10,0,0,0,True,False,0
13657,11,0,0,11,11,0,0,0,True,False,0
13658,11,0,0,11,11,0,0,0,True,False,0
13659,9,0,0,9,9,0,0,0,True,False,0
13660,11,0,0,11,11,0,0,0,True,False,0
13661,11,0,0,11,11,0,0,0,True,False,0
13662,10,0,0,10,10,0,0,0,True,False,0
13663,10,0,0,10,10,0,0,0,True,False,0
13664,7,7,7,7,7,0,0,0,True,False,0
13665,5,0,0,5,5,0,0,0,True,False,0
13666,10,0,0,10,10,0,0,0,True,False,0
13667,12,0,0,12,12,0,0,0,True,False,0
13668,0,121,0,0,0,0,0,0,True,False,0
13669,0,0,0,0,0,0,0,0,True,False,0
13670,92,0,0,92,92,0,0,0,True,False,0
13671,45,0,0,45,45,0,0,0,True,False,0
13672,76,0,0,76,76,0,0,0,True,False,0
13673,10,0,0,10,10,0,0,0,True,False,0
13674,10,0,0,10,10,0,0,0,True,False,0
13675,9,0,0,9,9,0,0,0,True,False,0
13676,12,0,0,12,12,0,0,0,True,False,0
13677,13,0,0,13,13,0,0,0,True,False,0
13678,7,0,0,7,7,0,0,0,True,False,0
13679,7,0,0,7,7,0,0,0,True,False,0
13680,10,0,0,10,10,0,0,0,True,False,0
13681,7,0,0,7,7,0,0,0,True,False,0
13682,8,0,0,8,8,0,0,0,True,False,0
13683,6,0,0,6,6,0,0,0,True,False,0
13684,8,0,0,8,8,0,0,0,True,False,0
13685,7,0,0,7,7,0,0,0,True,False,0
13686,6,0,0,6,6,0,0,0,True,False,0
13687,7,0,0,7,7,0,0,0,True,False,0
13688,9,0,0,9,9,0,0,0,True,False,0
13689,5,0,0,5,5,0,0,0,True,False,0
13690,6,0,0,6,6,0,0,0,True,False,0
13691,6,0,0,6,6,0,0,0,True,False,0
13692,8,0,0,8,8,0,0,0,True,False,0
13693,7,0,0,7,7,0,0,0,True,False,0
13694,12,0,0,12,12,0,0,0,True,False,0
13695,14,0,0,14,14,0,0,0,True,False,0
13696,12,0,0,12,12,0,0,0,True,False,0
13697,12,0,0,12,12,0,0,0,True,False,0
13698,14,0,0,14,14,0,0,0,True,False,0
13699,14,0,0,14,14,0,0,0,True,False,0
13700,13,0,0,13,13,0,0,0,True,False,0
13701,15,0,0,15,15,0,0,0,True,False,0
13702,4,0,0,4,4,0,0,0,True,False,0
13703,4,0,0,4,4,0,0,0,True,False,0
13704,6,0,0,6,6,0,0,0,True,False,0
13705,4,0,0,4,4,0,0,0,True,False,0
13706,12,0,0,12,12,0,0,0,True,False,0
13707,6,0,0,6,6,0,0,0,True,False,0
13708,6,0,0,6,6,0,0,0,True,False,0
13709,5,0,0,5,5,0,0,0,True,False,0
13710,10,0,0,10,10,0,0,0,True,False,0
13711,13,0,0,13,13,0,0,0,True,False,0
13712,11,0,0,11,11,0,0,0,True,False,0
13713,8,0,0,8,8,0,0,0,True,False,0
13714,9,0,0,9,9,0,0,0,True,False,0
13715,10,0,0,10,10,0,0,0,True,False,0
13716,12,0,0,12,12,0,0,0,True,False,0
13717,9,0,0,9,9,0,0,0,True,False,0
13718,10,0,0,10,10,0,0,0,True,False,0
13719,9,0,0,9,9,0,0,0,True,False,0
13720,11,0,0,11,11,0,0,0,True,False,0
13721,12,0,0,12,12,0,0,0,True,False,0
13722,10,0,0,10,10,0,0,0,True,False,0
13723,11,0,0,11,11,0,0,0,True,False,0
13724,11,0,0,11,11,0,0,0,True,False,0
13725,10,0,0,10,10,0,0,0,True,False,0
13726,9,0,0,9,9,0,0,0,True,False,0
13727,8,8,8,8,8,0,0,0,True,False,0
13728,5,0,0,5,5,0,0,0,True,False,0
13729,10,0,0,10,10,0,0,0,True,False,0
13730,11,0,0,11,11,0,0,0,True,False,0
13731,0,115,0,0,0,0,0,0,True,False,0
13732,0,0,0,0,0,0,0,0,True,False,0
13733,96,0,0,96,96,0,0,0,True,False,0
13734,45,0,0,45,45,0,0,0,True,False,0
13735,75,0,0,75,75,0,0,0,True,False,0
13736,10,0,0,10,10,0,0,0,True,False,0
13737,10,0,0,10,10,0,0,0,True,False,0
13738,12,0,0,12,12,0,0,0,True,False,0
13739,11,0,0,11,11,0,0,0,True,False,0
13740,10,0,0,10,10,0,0,0,True,False,0
13741,8,0,0,8,8,0,0,0,True,False,0
13742,7,0,0,7,7,0,0,0,True,False,0
13743,8,0,0,8,8,0,0,0,True,False,0
13744,8,0,0,8,8,0,0,0,True,False,0
13745,8,0,0,8,8,0,0,0,True,False,0
13746,7,0,0,7,7,0,0,0,True,False,0
13747,8,0,0,8,8,0,0,0,True,False,0
13748,8,0,0,8,8,0,0,0,True,False,0
13749,7,0,0,7,7,0,0,0,True,False,0
13750,6,0,0,6,6,0,0,0,True,False,0
13751,7,0,0,7,7,0,0,0,True,False,0
13752,6,0,0,6,6,0,0,0,True,False,0
13753,6,0,0,6,6,0,0,0,True,False,0
13754,7,0,0,7,7,0,0,0,True,False,0
13755,9,0,0,9,9,0,0,0,True,False,0
13756,8,0,0,8,8,0,0,0,True,False,0
13757,13,0,0,13,13,0,0,0,True,False,0
13758,13,0,0,13,13,0,0,0,True,False,0
13759,13,0,0,13,13,0,0,0,True,False,0
13760,11,0,0,11,11,0,0,0,True,False,0
13761,13,0,0,13,13,0,0,0,True,False,0
13762,13,0,0,13,13,0,0,0,True,False,0
13763,14,0,0,14,14,0,0,0,True,False,0
13764,14,0,0,14,14,0,0,0,True,False,0
13765,4,0,0,4,4,0,0,0,True,False,0
13766,4,0,0,4,4,0,0,0,True,False,0
13767,6,0,0,6,6,0,0,0,True,False,0
13768,4,0,0,4,4,0,0,0,True,False,0
13769,12,0,0,12,12,0,0,0,True,False,0
13770,6,0,0,6,6,0,0,0,True,False,0
13771,6,0,0,6,6,0,0,0,True,False,0
13772,6,0,0,6,6,0,0,0,True,False,0
13773,9,0,0,9,9,0,0,0,True,False,0
13774,7,0,0,7,7,0,0,0,True,False,0
13775,7,0,0,7,7,0,0,0,True,False,0
13776,11,0,0,11,11,0,0,0,True,False,0
13777,15,0,0,15,15,0,0,0,True,False,0
13778,10,0,0,10,10,0,0,0,True,False,0
13779,11,0,0,11,11,0,0,0,True,False,0
13780,9,0,0,9,9,0,0,0,True,False,0
13781,11,0,0,11,11,0,0,0,True,False,0
13782,10,0,0,10,10,0,0,0,True,False,0
13783,11,0,0,11,11,0,0,0,True,False,0
13784,9,0,0,9,9,0,0,0,True,False,0
13785,13,0,0,13,13,0,0,0,True,False,0
13786,10,0,0,10,10,0,0,0,True,False,0
13787,9,0,0,9,9,0,0,0,True,False,0
13788,10,0,0,10,10,0,0,0,True,False,0
13789,10,0,0,10,10,0,0,0,True,False,0
13790,7,7,7,7,7,0,0,0,True,False,0
13791,5,0,0,5,5,0,0,0,True,False,0
13792,10,0,0,10,10,0,0,0,True,False,0
13793,12,0,0,12,12,0,0,0,True,False,0
13794,0,122,0,0,0,0,0,0,True,False,0
13795,0,0,0,0,0,0,0,0,True,False,0
13796,95,0,0,95,95,0,0,0,True,False,0
13797,49,0,0,49,49,0,0,0,True,False,0
13798,75,0,0,75,75,0,0,0,True,False,0
13799,12,0,0,12,12,0,0,0,True,False,0
13800,11,0,0,11,11,0,0,0,True,False,0
13801,11,0,0,11,11,0,0,0,True,False,0
13802,12,0,0,12,12,0,0,0,True,False,0
13803,12,0,0,12,12,0,0,0,True,False,0
13804,7,0,0,7,7,0,0,0,True,False,0
13805,7,0,0,7,7,0,0,0,True,False,0
13806,8,0,0,8,8,0,0,0,True,False,0
13807,8,0,0,8,8,0,0,0,True,False,0
13808,6,0,0,6,6,0,0,0,True,False,0
13809,9,0,0,9,9,0,0,0,True,False,0
13810,8,0,0,8,8,0,0,0,True,False,0
13811,8,0,0,8,8,0,0,0,True,False,0
13812,9,0,0,9,9,0,0,0,True,False,0
13813,7,0,0,7,7,0,0,0,True,False,0
13814,6,0,0,6,6,0,0,0,True,False,0
13815,6,0,0,6,6,0,0,0,True,False,0
13816,6,0,0,6,6,0,0,0,True,False,0
13817,7,0,0,7,7,0,0,0,True,False,0
13818,8,0,0,8,8,0,0,0,True,False,0
13819,7,0,0,7,7,0,0,0,True,False,0
13820,15,0,0,15,15,0,0,0,True,False,0
13821,13,0,0,13,13,0,0,0,True,False,0
13822,12,0,0,12,12,0,0,0,True,False,0
13823,15,0,0,15,15,0,0,0,True,False,0
13824,13,0,0,13,13,0,0,0,True,False,0
13825,13,0,0,13,13,0,0,0,True,False,0
13826,14,0,0,14,14,0,0,0,True,False,0
13827,16,0,0,16,16,0,0,0,True,False,0
13828,4,0,0,4,4,0,0,0,True,False,0
13829,4,0,0,4,4,0,0,0,True,False,0
13830,6,0,0,6,6,0,0,0,True,False,0
13831,4,0,0,4,4,0,0,0,True,False,0
13832,12,0,0,12,12,0,0,0,True,False,0
13833,6,0,0,6,6,0,0,0,True,False,0
13834,6,0,0,6,6,0,0,0,True,False,0
13835,7,0,0,7,7,0,0,0,True,False,0
13836,9,0,0,9,9,0,0,0,True,False,0
13837,7,0,0,7,7,0,0,0,True,False,0
13838,13,0,0,13,13,0,0,0,True,False,0
13839,10,0,0,10,10,0,0,0,True,False,0
13840,12,0,0,12,12,0,0,0,True,False,0
13841,10,0,0,10,10,0,0,0,True,False,0
13842,13,0,0,13,13,0,0,0,True,False,0
13843,7,0,0,7,7,0,0,0,True,False,0
13844,9,0,0,9,9,0,0,0,True,False,0
13845,10,0,0,10,10,0,0,0,True,False,0
13846,11,0,0,11,11,0,0,0,True,False,0
13847,10,0,0,10,10,0,0,0,True,False,0
13848,9,0,0,9,9,0,0,0,True,False,0
13849,10,0,0,10,10,0,0,0,True,False,0
13850,11,0,0,11,11,0,0,0,True,False,0
13851,10,0,0,10,10,0,0,0,True,False,0
13852,9,1,1,9,9,0,0,0,True,False,0
13853,8,8,8,8,8,0,0,0,True,False,0
13854,5,0,0,5,5,0,0,0,True,False,0
13855,9,1,1,9,9,0,0,0,True,False,0
13856,11,1,1,11,11,0,0,0,True,False,0
13857,0,125,0,0,0,0,0,0,True,False,0
13858,0,0,0,0,0,0,0,0,True,False,0
13859,90,0,0,90,90,0,0,0,True,False,0
13860,50,0,0,50,50,0,0,0,True,False,0
13861,77,0,0,77,77,0,0,0,True,False,0
13862,8,1,1,8,8,0,0,0,True,False,0
13863,11,1,1,11,11,0,0,0,True,False,0
13864,12,1,1,12,12,0,0,0,True,False,0
13865,11,1,1,11,11,0,0,0,True,False,0
13866,10,1,1,10,10,0,0,0,True,False,0
13867,8,0,0,8,8,0,0,0,True,False,0
13868,8,0,0,8,8,0,0,0,True,False,0
13869,8,0,0,8,8,0,0,0,True,False,0
13870,9,0,0,9,9,0,0,0,True,False,0
13871,8,0,0,8,8,0,0,0,True,False,0
13872,7,0,0,7,7,0,0,0,True,False,0
13873,7,0,0,7,7,0,0,0,True,False,0
13874,9,0,0,9,9,0,0,0,True,False,0
13875,7,0,0,7,7,0,0,0,True,False,0
13876,8,0,0,8,8,0,0,0,True,False,0
13877,6,0,0,6,6,0,0,0,True,False,0
13878,5,0,0,5,5,0,0,0,True,False,0
13879,8,0,0,8,8,0,0,0,True,False,0
13880,6,0,0,6,6,0,0,0,True,False,0
13881,9,0,0,9,9,0,0,0,True,False,0
13882,6,0,0,6,6,0,0,0,True,False,0
13883,15,0,0,15,15,0,0,0,True,False,0
13884,15,0,0,15,15,0,0,0,True,False,0
13885,11,0,0,11,11,0,0,0,True,False,0
13886,14,0,0,14,14,0,0,0,True,False,0
13887,15,0,0,15,15,0,0,0,True,False,0
13888,15,0,0,15,15,0,0,0,True,False,0
13889,12,0,0,12,12,0,0,0,True,False,0
13890,14,0,0,14,14,0,0,0,True,False,0
13891,4,0,0,4,4,0,0,0,True,False,0
13892,4,0,0,4,4,0,0,0,True,False,0
13893,6,0,0,6,6,0,0,0,True,False,0
13894,4,0,0,4,4,0,0,0,True,False,0
13895,12,0,0,12,12,0,0,0,True,False,0
13896,6,0,0,6,6,0,0,0,True,False,0
13897,6,0,0,6,6,0,0,0,True,False,0
13898,5,0,0,5,5,0,0,0,True,False,0
13899,9,0,0,9,9,0,0,0,True,False,0
13900,5,0,0,5,5,0,0,0,True,False,0
13901,14,0,0,14,14,0,0,0,True,False,0
13902,14,0,0,14,14,0,0,0,True,False,0
13903,12,0,0,12,12,0,0,0,True,False,0
13904,8,0,0,8,8,0,0,0,True,False,0
13905,19,0,0,19,19,0,0,0,True,False,0
13906,4,0,0,4,4,0,0,0,True,False,0
13907,9,0,0,9,9,0,0,0,True,False,0
13908,11,0,0,11,11,0,0,0,True,False,0
13909,12,0,0,12,12,0,0,0,True,False,0
13910,11,0,0,11,11,0,0,0,True,False,0
13911,11,0,0,11,11,0,0,0,True,False,0
13912,10,0,0,10,10,0,0,0,True,False,0
13913,10,0,0,10,10,0,0,0,True,False,0
13914,12,0,0,12,12,0,0,0,True,False,0
13915,9,0,0,9,9,0,0,0,True,False,0
13916,7,7,7,7,7,0,0,0,True,False,0
13917,5,0,0,5,5,0,0,0,True,False,0
13918,9,0,0,9,9,0,0,0,True,False,0
13919,8,0,0,8,8,0,0,0,True,False,0
13920,10,128,10,10,10,0,0,0,True,False,0
13921,200,0,0,200,200,0,0,0,True,False,0
13922,91,0,0,91,91,0,0,0,True,False,0
13923,49,0,0,49,49,0,0,0,True,False,0
13924,78,0,0,78,78,0,0,0,True,False,0
13925,7,0,0,7,7,0,0,0,True,False,0
13926,8,0,0,8,8,0,0,0,True,False,0
13927,11,0,0,11,11,0,0,0,True,False,0
13928,8,0,0,8,8,0,0,0,True,False,0
13929,8,0,0,8,8,0,0,0,True,False,0
13930,8,0,0,8,8,0,0,0,True,False,0
13931,8,0,0,8,8,0,0,0,True,False,0
13932,8,0,0,8,8,0,0,0,True,False,0
13933,7,0,0,7,7,0,0,0,True,False,0
13934,7,0,0,7,7,0,0,0,True,False,0
13935,7,0,0,7,7,0,0,0,True,False,0
13936,6,0,0,6,6,0,0,0,True,False,0
13937,7,0,0,7,7,0,0,0,True,False,0
13938,7,0,0,7,7,0,0,0,True,False,0
13939,7,0,0,7,7,0,0,0,True,False,0
13940,9,0,0,9,9,0,0,0,True,False,0
13941,8,0,0,8,8,0,0,0,True,False,0
13942,8,0,0,8,8,0,0,0,True,False,0
13943,8,0,0,8,8,0,0,0,True,False,0
13944,7,0,0,7,7,0,0,0,True,False,0
13945,6,0,0,6,6,0,0,0,True,False,0
13946,12,0,0,12,12,0,0,0,True,False,0
13947,13,0,0,13,13,0,0,0,True,False,0
13948,12,0,0,12,12,0,0,0,True,False,0
13949,10,0,0,10,10,0,0,0,True,False,0
13950,12,0,0,12,12,0,0,0,True,False,0
13951,13,0,0,13,13,0,0,0,True,False,0
13952,15,0,0,15,15,0,0,0,True,False,0
13953,13,0,0,13,13,0,0,0,True,False,0
13954,4,0,0,4,4,0,0,0,True,False,0
13955,4,0,0,4,4,0,0,0,True,False,0
13956,6,0,0,6,6,0,0,0,True,False,0
13957,4,0,0,4,4,0,0,0,True,False,0
13958,12,0,0,12,12,0,0,0,True,False,0
13959,6,0,0,6,6,0,0,0,True,False,0
13960,6,0,0,6,6,0,0,0,True,False,0
13961,6,0,0,6,6,0,0,0,True,False,0
13962,10,0,0,10,10,0,0,0,True,False,0
13963,4,0,0,4,4,0,0,0,True,False,0
13964,11,0,0,11,11,0,0,0,True,False,0
13965,10,0,0,10,10,0,0,0,True,False,0
13966,4,0,0,4,4,0,0,0,True,False,0
13967,7,0,0,7,7,0,0,0,True,False,0
13968,12,0,0,12,12,0,0,0,True,False,0
13969,12,0,0,12,12,0,0,0,True,False,0
13970,9,0,0,9,9,0,0,0,True,False,0
13971,10,0,0,10,10,0,0,0,True,False,0
13972,10,0,0,10,10,0,0,0,True,False,0
13973,10,0,0,10,10,0,0,0,True,False,0
13974,9,0,0,9,9,0,0,0,True,False,0
13975,13,0,0,13,13,0,0,0,True,False,0
13976,11,0,0,11,11,0,0,0,True,False,0
13977,10,0,0,10,10,0,0,0,True,False,0
13978,9,0,0,9,9,0,0,0,True,False,0
13979,8,8,8,8,8,0,0,0,True,False,0
13980,5,0,0,5,5,0,0,0,True,False,0
13981,10,0,0,10,10,0,0,0,True,False,0
13982,9,0,0,9,9,0,0,0,True,False,0
13983,0,121,0,0,0,0,0,0,True,False,0
13984,0,0,0,0,0,0,0,0,True,False,0
13985,91,0,0,91,91,0,0,0,True,False,0
13986,52,0,0,52,52,0,0,0,True,False,0
13987,78,0,0,78,78,0,0,0,True,False,0
13988,9,0,0,9,9,0,0,0,True,False,0
13989,8,0,0,8,8,0,0,0,True,False,0
13990,11,0,0,11,11,0,0,0,True,False,0
13991,9,0,0,9,9,0,0,0,True,False,0
13992,10,0,0,10,10,0,0,0,True,False,0
13993,10,0,0,10,10,0,0,0,True,False,0
13994,7,0,0,7,7,0,0,0,True,False,0
13995,7,0,0,7,7,0,0,0,True,False,0
13996,8,0,0,8,8,0,0,0,True,False,0
13997,6,0,0,6,6,0,0,0,True,False,0
13998,8,0,0,8,8,0,0,0,True,False,0
13999,8,0,0,8,8,0,0,0,True,False,0
14000,7,0,0,7,7,0,0,0,True,False,0
14001,9,0,0,9,9,0,0,0,True,False,0
14002,5,0,0,5,5,0,0,0,True,False,0
14003,6,0,0,6,6,0,0,0,True,False,0
14004,7,0,0,7,7,0,0,0,True,False,0
14005,8,0,0,8,8,0,0,0,True,False,0
14006,7,0,0,7,7,0,0,0,True,False,0
14007,5,0,0,5,5,0,0,0,True,False,0
14008,6,0,0,6,6,0,0,0,True,False,0
14009,15,0,0,15,15,0,0,0,True,False,0
14010,15,0,0,15,15,0,0,0,True,False,0
14011,15,0,0,15,15,0,0,0,True,False,0
14012,14,0,0,14,14,0,0,0,True,False,0
14013,14,0,0,14,14,0,0,0,True,False,0
14014,12,0,0,12,12,0,0,0,True,False,0
14015,13,0,0,13,13,0,0,0,True,False,0
14016,16,0,0,16,16,0,0,0,True,False,0
14017,4,0,0,4,4,0,0,0,True,False,0
14018,4,0,0,4,4,0,0,0,True,False,0
14019,5,0,0,5,5,0,0,0,True,False,0
14020,4,0,0,4,4,0,0,0,True,False,0
14021,12,0,0,12,12,0,0,0,True,False,0
14022,6,0,0,6,6,0,0,0,True,False,0
14023,6,0,0,6,6,0,0,0,True,False,0
14024,6,0,0,6,6,0,0,0,True,False,0
14025,13,0,0,13,13,0,0,0,True,False,0
14026,12,0,0,12,12,0,0,0,True,False,0
14027,6,0,0,6,6,0,0,0,True,False,0
14028,5,0,0,5,5,0,0,0,True,False,0
14029,12,0,0,12,12,0,0,0,True,False,0
14030,9,0,0,9,9,0,0,0,True,False,0
14031,12,0,0,12,12,0,0,0,True,False,0
14032,7,0,0,7,7,0,0,0,True,False,0
14033,9,0,0,9,9,0,0,0,True,False,0
14034,11,0,0,11,11,0,0,0,True,False,0
14035,10,0,0,10,10,0,0,0,True,False,0
14036,11,0,0,11,11,0,0,0,True,False,0
14037,9,0,0,9,9,0,0,0,True,False,0
14038,11,0,0,11,11,0,0,0,True,False,0
14039,9,0,0,9,9,0,0,0,True,False,0
14040,10,0,0,10,10,0,0,0,True,False,0
14041,8,0,0,8,8,0,0,0,True,False,0
14042,7,7,7,7,7,0,0,0,True,False,0
14043,5,0,0,5,5,0,0,0,True,False,0
14044,9,0,0,9,9,0,0,0,True,False,0
14045,11,0,0,11,11,0,0,0,True,False,0
14046,0,116,0,0,0,0,0,0,True,False,0
14047,0,0,0,0,0,0,0,0,True,False,0
14048,93,0,0,93,93,0,0,0,True,False,0
14049,52,0,0,52,52,0,0,0,True,False,0
14050,72,0,0,72,72,0,0,0,True,False,0
14051,7,0,0,7,7,0,0,0,True,False,0
14052,8,0,0,8,8,0,0,0,True,False,0
14053,9,0,0,9,9,0,0,0,True,False,0
14054,8,0,0,8,8,0,0,0,True,False,0
14055,12,0,0,12,12,0,0,0,True,False,0
14056,7,0,0,7,7,0,0,0,True,False,0
14057,7,0,0,7,7,0,0,0,True,False,0
14058,7,0,0,7,7,0,0,0,True,False,0
14059,8,0,0,8,8,0,0,0,True,False,0
14060,8,0,0,8,8,0,0,0,True,False,0
14061,8,0,0,8,8,0,0,0,True,False,0
14062,8,0,0,8,8,0,0,0,True,False,0
14063,9,0,0,9,9,0,0,0,True,False,0
14064,6,0,0,6,6,0,0,0,True,False,0
14065,9,0,0,9,9,0,0,0,True,False,0
14066,8,0,0,8,8,0,0,0,True,False,0
14067,7,0,0,7,7,0,0,0,True,False,0
14068,9,0,0,9,9,0,0,0,True,False,0
14069,7,0,0,7,7,0,0,0,True,False,0
14070,7,0,0,7,7,0,0,0,True,False,0
14071,8,0,0,8,8,0,0,0,True,False,0
14072,13,0,0,13,13,0,0,0,True,False,0
14073,14,0,0,14,14,0,0,0,True,False,0
14074,15,0,0,15,15,0,0,0,True,False,0
14075,14,0,0,14,14,0,0,0,True,False,0
14076,15,0,0,15,15,0,0,0,True,False,0
14077,16,0,0,16,16,0,0,0,True,False,0
14078,14,0,0,14,14,0,0,0,True,False,0
14079,13,0,0,13,13,0,0,0,True,False,0
14080,4,0,0,4,4,0,0,0,True,False,0
14081,4,0,0,4,4,0,0,0,True,False,0
14082,6,0,0,6,6,0,0,0,True,False,0
14083,4,0,0,4,4,0,0,0,True,False,0
14084,11,0,0,11,11,0,0,0,True,False,0
14085,6,0,0,6,6,0,0,0,True,False,0
14086,6,0,0,6,6,0,0,0,True,False,0
14087,7,0,0,7,7,0,0,0,True,False,0
14088,9,0,0,9,9,0,0,0,True,False,0
14089,8,0,0,8,8,0,0,0,True,False,0
14090,15,0,0,15,15,0,0,0,True,False,0
14091,3,0,0,3,3,0,0,0,True,False,0
14092,12,0,0,12,12,0,0,0,True,False,0
14093,12,0,0,12,12,0,0,0,True,False,0
14094,10,0,0,10,10,0,0,0,True,False,0
14095,5,0,0,5,5,0,0,0,True,False,0
14096,1,0,0,1,1,0,0,0,True,True,0
14097,11,0,0,11,11,0,0,0,True,False,0
14098,12,0,0,12,12,0,0,0,True,False,0
14099,11,0,0,11,11,0,0,0,True,False,0
14100,12,0,0,12,12,0,0,0,True,False,0
14101,10,0,0,10,10,0,0,0,True,False,0
14102,11,0,0,11,11,0,0,0,True,False,0
14103,12,0,0,12,12,0,0,0,True,False,0
14104,11,0,0,11,11,0,0,0,True,False,0
14105,10,0,0,10,10,0,0,0,True,False,0
14106,8,8,8,8,8,0,0,0,True,False,0
14107,5,0,0,5,5,0,0,0,True,False,0
14108,7,0,0,7,7,0,0,0,True,False,0
14109,9,0,0,9,9,0,0,0,True,False,0
14110,0,121,0,0,0,0,0,0,True,False,0
14111,0,0,0,0,0,0,0,0,True,False,0
14112,90,0,0,90,90,0,0,0,True,False,0
14113,47,0,0,47,47,0,0,0,True,False,0
14114,72,0,0,72,72,0,0,0,True,False,0
14115,8,0,0,8,8,0,0,0,True,False,0
14116,11,0,0,11,11,0,0,0,True,False,0
14117,8,0,0,8,8,0,0,0,True,False,0
14118,10,0,0,10,10,0,0,0,True,False,0
14119,8,0,0,8,8,0,0,0,True,False,0
14120,7,0,0,7,7,0,0,0,True,False,0
14121,7,0,0,7,7,0,0,0,True,False,0
14122,7,0,0,7,7,0,0,0,True,False,0
14123,10,0,0,10,10,0,0,0,True,False,0
14124,7,0,0,7,7,0,0,0,True,False,0
14125,6,0,0,6,6,0,0,0,True,False,0
14126,7,0,0,7,7,0,0,0,True,False,0
14127,6,0,0,6,6,0,0,0,True,False,0
14128,7,0,0,7,7,0,0,0,True,False,0
14129,7,0,0,7,7,0,0,0,True,False,0
14130,7,0,0,7,7,0,0,0,True,False,0
14131,8,0,0,8,8,0,0,0,True,False,0
14132,8,0,0,8,8,0,0,0,True,False,0
14133,7,0,0,7,7,0,0,0,True,False,0
14134,6,0,0,6,6,0,0,0,True,False,0
14135,7,0,0,7,7,0,0,0,True,False,0
14136,14,0,0,14,14,0,0,0,True,False,0
14137,13,0,0,13,13,0,0,0,True,False,0
14138,15,0,0,15,15,0,0,0,True,False,0
14139,12,0,0,12,12,0,0,0,True,False,0
14140,13,0,0,13,13,0,0,0,True,False,0
14141,13,0,0,13,13,0,0,0,True,False,0
14142,12,0,0,12,12,0,0,0,True,False,0
14143,13,0,0,13,13,0,0,0,True,False,0
14144,4,0,0,4,4,0,0,0,True,False,0
14145,4,0,0,4,4,0,0,0,True,False,0
14146,6,0,0,6,6,0,0,0,True,False,0
14147,4,0,0,4,4,0,0,0,True,False,0
14148,12,0,0,12,12,0,0,0,True,False,0
14149,6,0,0,6,6,0,0,0,True,False,0
14150,6,0,0,6,6,0,0,0,True,False,0
14151,6,0,0,6,6,0,0,0,True,False,0
14152,11,0,0,11,11,0,0,0,True,False,0
14153,5,0,0,5,5,0,0,0,True,False,0
14154,9,0,0,9,9,0,0,0,True,False,0
14155,11,0,0,11,11,0,0,0,True,False,0
14156,14,0,0,14,14,0,0,0,True,False,0
14157,12,0,0,12,12,0,0,0,True,False,0
14158,7,0,0,7,7,0,0,0,True,False,0
14159,11,0,0,11,11,0,0,0,True,False,0
14160,1,0,0,1,1,0,0,0,True,True,0
14161,1,0,0,1,1,0,0,0,True,True,0
14162,1,0,0,1,1,0,0,0,True,True,0
14163,9,0,0,9,9,0,0,0,True,False,0
14164,11,0,0,11,11,0,0,0,True,False,0
14165,9,0,0,9,9,0,0,0,True,False,0
14166,11,0,0,11,11,0,0,0,True,False,0
14167,9,0,0,9,9,0,0,0,True,False,0
14168,10,0,0,10,10,0,0,0,True,False,0
14169,10,0,0,10,10,0,0,0,True,False,0
14170,10,0,0,10,10,0,0,0,True,False,0
14171,8,0,0,8,8,0,0,0,True,False,0
14172,7,7,7,7,7,0,0,0,True,False,0
14173,5,0,0,5,5,0,0,0,True,False,0
14174,9,0,0,9,9,0,0,0,True,False,0
14175,8,0,0,8,8,0,0,0,True,False,0
14176,0,115,0,0,0,0,0,0,True,False,0
14177,0,0,0,0,0,0,0,0,True,False,0
14178,93,0,0,93,93,0,0,0,True,False,0
14179,52,0,0,52,52,0,0,0,True,False,0
14180,77,0,0,77,77,0,0,0,True,False,0
14181,8,0,0,8,8,0,0,0,True,False,0
14182,9,0,0,9,9,0,0,0,True,False,0
14183,9,0,0,9,9,0,0,0,True,False,0
14184,10,0,0,10,10,0,0,0,True,False,0
14185,7,0,0,7,7,0,0,0,True,False,0
14186,8,0,0,8,8,0,0,0,True,False,0
14187,8,0,0,8,8,0,0,0,True,False,0
14188,8,0,0,8,8,0,0,0,True,False,0
14189,8,0,0,8,8,0,0,0,True,False,0
14190,8,0,0,8,8,0,0,0,True,False,0
14191,8,0,0,8,8,0,0,0,True,False,0
14192,7,0,0,7,7,0,0,0,True,False,0
14193,7,0,0,7,7,0,0,0,True,False,0
14194,8,0,0,8,8,0,0,0,True,False,0
14195,6,0,0,6,6,0,0,0,True,False,0
14196,8,0,0,8,8,0,0,0,True,False,0
14197,8,0,0,8,8,0,0,0,True,False,0
14198,8,0,0,8,8,0,0,0,True,False,0
14199,5,0,0,5,5,0,0,0,True,False,0
14200,8,0,0,8,8,0,0,0,True,False,0
14201,7,0,0,7,7,0,0,0,True,False,0
14202,14,0,0,14,14,0,0,0,True,False,0
14203,12,0,0,12,12,0,0,0,True,False,0
14204,14,0,0,14,14,0,0,0,True,False,0
14205,11,0,0,11,11,0,0,0,True,False,0
14206,15,0,0,15,15,0,0,0,True,False,0
14207,13,0,0,13,13,0,0,0,True,False,0
14208,13,0,0,13,13,0,0,0,True,False,0
14209,12,0,0,12,12,0,0,0,True,False,0
14210,4,0,0,4,4,0,0,0,True,False,0
14211,4,0,0,4,4,0,0,0,True,False,0
14212,6,0,0,6,6,0,0,0,True,False,0
14213,4,0,0,4,4,0,0,0,True,False,0
14214,12,0,0,12,12,0,0,0,True,False,0
14215,6,0,0,6,6,0,0,0,True,False,0
14216,6,0,0,6,6,0,0,0,True,False,0
14217,5,0,0,5,5,0,0,0,True,False,0
14218,11,0,0,11,11,0,0,0,True,False,0
14219,19,0,0,19,19,0,0,0,True,False,0
14220,9,0,0,9,9,0,0,0,True,False,0
14221,17,0,0,17,17,0,0,0,True,False,0
14222,6,0,0,6,6,0,0,0,True,False,0
14223,11,0,0,11,11,0,0,0,True,False,0
14224,14,0,0,14,14,0,0,0,True,False,0
14225,14,0,0,14,14,0,0,0,True,False,0
14226,1,0,0,1,1,0,0,0,True,True,0
14227,1,0,0,1,1,0,0,0,True,True,0
14228,1,0,0,1,1,0,0,0,True,True,0
14229,1,0,0,1,1,0,0,0,True,True,0
14230,5,0,0,5,5,0,0,0,True,False,0
14231,3,0,0,3,3,0,0,0,True,False,0
14232,3,0,0,3,3,0,0,0,True,False,0
14233,4,0,0,4,4,0,0,0,True,False,0
14234,5,0,0,5,5,0,0,0,True,False,0
14235,3,0,0,3,3,0,0,0,True,False,0
14236,2,0,0,2,2,0,0,0,True,True,0
14237,4,0,0,4,4,0,0,0,True,False,0
14238,2,0,0,2,2,0,0,0,True,True,0
14239,2,2,2,2,2,0,0,0,True,True,0
14240,2,0,0,2,2,0,0,0,True,True,0
14241,2,0,0,2,2,0,0,0,True,True,0
14242,3,0,0,3,3,0,0,0,True,False,0
14243,0,37,0,0,0,0,0,0,True,False,0
14244,0,0,0,0,0,0,0,0,True,False,0
14245,29,0,0,29,29,0,0,0,True,False,0
14246,15,0,0,15,15,0,0,0,True,False,0
14247,25,0,0,25,25,0,0,0,True,False,0
14248,3,0,0,3,3,0,0,0,True,False,0
14249,4,0,0,4,4,0,0,0,True,False,0
14250,2,0,0,2,2,0,0,0,True,True,0
14251,3,0,0,3,3,0,0,0,True,False,0
14252,3,0,0,3,3,0,0,0,True,False,0
14253,2,0,0,2,2,0,0,0,True,True,0
14254,2,0,0,2,2,0,0,0,True,True,0
14255,3,0,0,3,3,0,0,0,True,False,0
14256,3,0,0,3,3,0,0,0,True,False,0
14257,2,0,0,2,2,0,0,0,True,True,0
14258,2,0,0,2,2,0,0,0,True,True,0
14259,2,0,0,2,2,0,0,0,True,True,0
14260,2,0,0,2,2,0,0,0,True,True,0
14261,3,0,0,3,3,0,0,0,True,False,0
14262,2,0,0,2,2,0,0,0,True,True,0
14263,3,0,0,3,3,0,0,0,True,False,0
14264,2,0,0,2,2,0,0,0,True,True,0
14265,2,0,0,2,2,0,0,0,True,True,0
14266,2,0,0,2,2,0,0,0,True,True,0
14267,1,0,0,1,1,0,0,0,True,True,0
14268,3,0,0,3,3,0,0,0,True,False,0
14269,5,0,0,5,5,0,0,0,True,False,0
14270,4,0,0,4,4,0,0,0,True,False,0
14271,4,0,0,4,4,0,0,0,True,False,0
14272,5,0,0,5,5,0,0,0,True,False,0
14273,3,0,0,3,3,0,0,0,True,False,0
14274,5,0,0,5,5,0,0,0,True,False,0
14275,4,0,0,4,4,0,0,0,True,False,0
14276,4,0,0,4,4,0,0,0,True,False,0
14277,2,0,0,2,2,0,0,0,True,True,0
14278,1,0,0,1,1,0,0,0,True,True,0
14279,2,0,0,2,2,0,0,0,True,True,0
14280,2,0,0,2,2,0,0,0,True,True,0
14281,4,0,0,4,4,0,0,0,True,False,0
14282,2,0,0,2,2,0,0,0,True,True,0
14283,2,0,0,2,2,0,0,0,True,True,0
14284,2,0,0,2,2,0,0,0,True,True,0
14285,1,0,0,1,1,0,0,0,True,True,0
14286,1,0,0,1,1,0,0,0,True,True,0
14287,5,0,0,5,5,0,0,0,True,False,0
14288,5,0,0,5,5,0,0,0,True,False,0
14289,5,0,0,5,5,0,0,0,True,False,0
14290,1,0,0,1,1,0,0,0,True,True,0
14291,5,0,0,5,5,0,0,0,True,False,0
14292,4,0,0,4,4,0,0,0,True,False,0
14293,8,0,0,8,8,0,0,0,False,False,0
14294,8,0,0,8,8,0,0,0,False,False,0
14295,8,0,0,8,8,0,0,0,False,False,0
14296,8,0,0,8,8,0,0,0,False,False,0
14297,7,0,0,7,7,0,0,0,False,False,0
14298,7,0,0,7,7,0,0,0,False,False,0
14299,8,0,0,8,8,0,0,0,False,False,0
14300,7,0,0,7,7,0,0,0,False,False,0
14301,8,0,0,8,8,0,0,0,False,False,0
14302,6,5,5,6,6,0,0,0,False,False,0
14303,4,0,0,4,4,0,0,0,False,False,0
14304,9,0,0,9,9,0,0,0,False,False,0
14305,8,0,0,8,8,0,0,0,False,False,0
14306,11,77,10,11,11,0,0,0,False,False,0
14307,200,0,0,200,200,0,0,0,False,False,0
14308,56,0,0,56,56,0,0,0,False,False,0
14309,33,0,0,33,33,0,0,0,False,False,0
14310,46,0,0,46,46,0,0,0,False,False,0
14311,8,0,0,8,8,0,0,0,False,False,0
14312,8,0,0,8,8,0,0,0,False,False,0
14313,9,0,0,9,9,0,0,0,False,False,0
14314,8,0,0,8,8,0,0,0,False,False,0
14315,7,0,0,7,7,0,0,0,False,False,0
14316,4,3,3,4,4,0,0,0,False,False,0
14317,6,4,4,6,6,0,0,0,False,False,0
14318,6,4,4,6,6,0,0,0,False,False,0
14319,5,4,4,5,5,0,0,0,False,False,0
14320,4,3,3,4,4,0,0,0,False,False,0
14321,5,3,3,5,5,0,0,0,False,False,0
14322,5,3,3,5,5,0,0,0,False,False,0
14323,5,3,3,5,5,0,0,0,False,False,0
14324,5,0,0,5,5,0,0,0,False,False,0
14325,7,0,0,7,7,0,0,0,False,False,0
14326,6,0,0,6,6,0,0,0,False,False,0
14327,6,0,0,6,6,0,0,0,False,False,0
14328,6,0,0,6,6,0,0,0,False,False,0
14329,6,0,0,6,6,0,0,0,False,False,0
14330,5,0,0,5,5,0,0,0,False,False,0
14331,5,0,0,5,5,0,0,0,False,False,0
14332,9,0,0,9,9,0,0,0,False,False,0
14333,9,0,0,9,9,0,0,0,False,False,0
14334,10,0,0,10,10,0,0,0,False,False,0
14335,10,0,0,10,10,0,0,0,False,False,0
14336,10,0,0,10,10,0,0,0,False,False,0
14337,9,0,0,9,9,0,0,0,False,False,0
14338,10,0,0,10,10,0,0,0,False,False,0
14339,9,0,0,9,9,0,0,0,False,False,0
14340,5,0,0,5,5,0,0,0,False,False,0
14341,5,0,0,5,5,0,0,0,False,False,0
14342,4,0,0,4,4,0,0,0,False,False,0
14343,9,0,0,9,9,0,0,0,False,False,0
14344,9,0,0,9,9,0,0,0,False,False,0
14345,4,0,0,4,4,0,0,0,False,False,0
14346,4,0,0,4,4,0,0,0,False,False,0
14347,4,0,0,4,4,0,0,0,False,False,0
14348,8,0,0,8,8,0,0,0,False,False,0
14349,8,0,0,8,8,0,0,0,False,False,0
14350,4,0,0,4,4,0,0,0,False,False,0
14351,4,0,0,4,4,0,0,0,False,False,0
14352,4,0,0,4,4,0,0,0,False,False,0
14353,4,0,0,4,4,0,0,0,False,False,0
14354,9,0,0,9,9,0,0,0,False,False,0
14355,7,0,0,7,7,0,0,0,False,False,0
14356,2,0,0,2,2,0,0,0,False,True,0
14357,2,0,0,2,2,0,0,0,False,True,0
14358,2,0,0,2,2,0,0,0,False,True,0
14359,2,0,0,2,2,0,0,0,False,True,0
14360,2,0,0,2,2,0,0,0,False,True,0
14361,2,0,0,2,2,0,0,0,False,True,0
14362,2,0,0,2,2,0,0,0,False,True,0
14363,2,0,0,2,2,0,0,0,False,True,0
14364,2,0,0,2,2,0,0,0,False,True,0
14365,2,0,0,2,2,0,0,0,False,True,0
14366,2,0,0,2,2,0,0,0,False,True,0
14367,2,0,0,2,2,0,0,0,False,True,0
14368,2,0,0,2,2,0,0,0,False,True,0
14369,2,0,0,2,2,0,0,0,False,True,0
14370,2,0,0,2,2,0,0,0,False,True,0
14371,2,0,0,2,2,0,0,0,False,True,0
14372,10,0,0,10,10,0,0,0,True,False,0
14373,11,0,0,11,11,0,0,0,True,False,0
14374,12,0,0,12,12,0,0,0,True,False,0
14375,12,0,0,12,12,0,0,0,True,False,0
14376,9,0,0,9,9,0,0,0,True,False,0
14377,11,0,0,11,11,0,0,0,True,False,0
14378,11,0,0,11,11,0,0,0,True,False,0
14379,10,0,0,10,10,0,0,0,True,False,0
14380,11,0,0,11,11,0,0,0,True,False,0
14381,7,7,7,7,7,0,0,0,True,False,0
14382,5,0,0,5,5,0,0,0,True,False,0
14383,12,0,0,12,12,0,0,0,True,False,0
14384,8,0,0,8,8,0,0,0,True,False,0
14385,0,126,0,0,0,0,0,0,True,False,0
14386,0,0,0,0,0,0,0,0,True,False,0
14387,97,0,0,97,97,0,0,0,True,False,0
14388,45,0,0,45,45,0,0,0,True,False,0
14389,75,0,0,75,75,0,0,0,True,False,0
14390,10,0,0,10,10,0,0,0,True,False,0
14391,9,0,0,9,9,0,0,0,True,False,0
14392,11,0,0,11,11,0,0,0,True,False,0
14393,10,0,0,10,10,0,0,0,True,False,0
14394,11,0,0,11,11,0,0,0,True,False,0
14395,9,1,1,9,9,0,0,0,True,False,0
14396,7,0,0,7,7,0,0,0,True,False,0
14397,10,0,0,10,10,0,0,0,True,False,0
14398,8,0,0,8,8,0,0,0,True,False,0
14399,10,1,1,10,10,0,0,0,True,False,0
14400,7,0,0,7,7,0,0,0,True,False,0
14401,9,0,0,9,9,0,0,0,True,False,0
14402,8,0,0,8,8,0,0,0,True,False,0
14403,6,0,0,6,6,0,0,0,True,False,0
14404,5,0,0,5,5,0,0,0,True,False,0
14405,7,0,0,7,7,0,0,0,True,False,0
14406,7,0,0,7,7,0,0,0,True,False,0
14407,6,0,0,6,6,0,0,0,True,False,0
14408,9,0,0,9,9,0,0,0,True,False,0
14409,6,0,0,6,6,0,0,0,True,False,0
14410,8,0,0,8,8,0,0,0,True,False,0
14411,12,0,0,12,12,0,0,0,True,False,0
14412,12,0,0,12,12,0,0,0,True,False,0
14413,13,0,0,13,13,0,0,0,True,False,0
14414,13,0,0,13,13,0,0,0,True,False,0
14415,16,0,0,16,16,0,0,0,True,False,0
14416,13,0,0,13,13,0,0,0,True,False,0
14417,13,0,0,13,13,0,0,0,True,False,0
14418,13,0,0,13,13,0,0,0,True,False,0
14419,6,0,0,6,6,0,0,0,True,False,0
14420,6,0,0,6,6,0,0,0,True,False,0
14421,4,0,0,4,4,0,0,0,True,False,0
14422,12,0,0,12,12,0,0,0,True,False,0
14423,12,0,0,12,12,0,0,0,True,False,0
14424,4,0,0,4,4,0,0,0,True,False,0
14425,4,0,0,4,4,0,0,0,True,False,0
14426,4,0,0,4,4,0,0,0,True,False,0
14427,9,0,0,9,9,0,0,0,True,False,0
14428,12,0,0,12,12,0,0,0,True,False,0
14429,8,0,0,8,8,0,0,0,True,False,0
14430,11,0,0,11,11,0,0,0,True,False,0
14431,13,0,0,13,13,0,0,0,True,False,0
14432,4,0,0,4,4,0,0,0,True,False,0
14433,8,0,0,8,8,0,0,0,True,False,0
14434,10,0,0,10,10,0,0,0,True,False,0
14435,12,0,0,12,12,0,0,0,True,False,0
14436,10,0,0,10,10,0,0,0,True,False,0
14437,10,0,0,10,10,0,0,0,True,False,0
14438,9,0,0,9,9,0,0,0,True,False,0
14439,9,0,0,9,9,0,0,0,True,False,0
14440,11,0,0,11,11,0,0,0,True,False,0
14441,10,0,0,10,10,0,0,0,True,False,0
14442,11,0,0,11,11,0,0,0,True,False,0
14443,11,0,0,11,11,0,0,0,True,False,0
14444,8,8,8,8,8,0,0,0,True,False,0
14445,5,0,0,5,5,0,0,0,True,False,0
14446,11,0,0,11,11,0,0,0,True,False,0
14447,11,0,0,11,11,0,0,0,True,False,0
14448,0,120,0,0,0,0,0,0,True,False,0
14449,0,0,0,0,0,0,0,0,True,False,0
14450,90,0,0,90,90,0,0,0,True,False,0
14451,50,0,0,50,50,0,0,0,True,False,0
14452,77,0,0,77,77,0,0,0,True,False,0
14453,12,0,0,12,12,0,0,0,True,False,0
14454,14,0,0,14,14,0,0,0,True,False,0
14455,10,0,0,10,10,0,0,0,True,False,0
14456,10,0,0,10,10,0,0,0,True,False,0
14457,11,0,0,11,11,0,0,0,True,False,0
14458,7,0,0,7,7,0,0,0,True,False,0
14459,6,0,0,6,6,0,0,0,True,False,0
14460,9,0,0,9,9,0,0,0,True,False,0
14461,7,0,0,7,7,0,0,0,True,False,0
14462,6,0,0,6,6,0,0,0,True,False,0
14463,8,0,0,8,8,0,0,0,True,False,0
14464,7,0,0,7,7,0,0,0,True,False,0
14465,8,0,0,8,8,0,0,0,True,False,0
14466,6,0,0,6,6,0,0,0,True,False,0
14467,8,0,0,8,8,0,0,0,True,False,0
14468,7,0,0,7,7,0,0,0,True,False,0
14469,6,0,0,6,6,0,0,0,True,False,0
14470,8,0,0,8,8,0,0,0,True,False,0
14471,7,0,0,7,7,0,0,0,True,False,0
14472,5,0,0,5,5,0,0,0,True,False,0
14473,6,0,0,6,6,0,0,0,True,False,0
14474,13,0,0,13,13,0,0,0,True,False,0
14475,14,0,0,14,14,0,0,0,True,False,0
14476,12,0,0,12,12,0,0,0,True,False,0
14477,13,0,0,13,13,0,0,0,True,False,0
14478,14,0,0,14,14,0,0,0,True,False,0
14479,15,0,0,15,15,0,0,0,True,False,0
14480,16,0,0,16,16,0,0,0,True,False,0
14481,14,0,0,14,14,0,0,0,True,False,0
14482,6,0,0,6,6,0,0,0,True,False,0
14483,6,0,0,6,6,0,0,0,True,False,0
14484,4,0,0,4,4,0,0,0,True,False,0
14485,12,0,0,12,12,0,0,0,True,False,0
14486,12,0,0,12,12,0,0,0,True,False,0
14487,4,0,0,4,4,0,0,0,True,False,0
14488,4,0,0,4,4,0,0,0,True,False,0
14489,4,0,0,4,4,0,0,0,True,False,0
14490,11,0,0,11,11,0,0,0,True,False,0
14491,11,0,0,11,11,0,0,0,True,False,0
14492,10,0,0,10,10,0,0,0,True,False,0
14493,10,0,0,10,10,0,0,0,True,False,0
14494,4,0,0,4,4,0,0,0,True,False,0
14495,10,0,0,10,10,0,0,0,True,False,0
14496,8,0,0,8,8,0,0,0,True,False,0
14497,16,0,0,16,16,0,0,0,True,False,0
14498,11,0,0,11,11,0,0,0,True,False,0
14499,11,0,0,11,11,0,0,0,True,False,0
14500,9,0,0,9,9,0,0,0,True,False,0
14501,10,0,0,10,10,0,0,0,True,False,0
14502,10,0,0,10,10,0,0,0,True,False,0
14503,12,0,0,12,12,0,0,0,True,False,0
14504,13,0,0,13,13,0,0,0,True,False,0
14505,10,0,0,10,10,0,0,0,True,False,0
14506,10,0,0,10,10,0,0,0,True,False,0
14507,7,7,7,7,7,0,0,0,True,False,0
14508,5,0,0,5,5,0,0,0,True,False,0
14509,9,0,0,9,9,0,0,0,True,False,0
14510,10,0,0,10,10,0,0,0,True,False,0
14511,0,124,0,0,0,0,0,0,True,False,0
14512,0,0,0,0,0,0,0,0,True,False,0
14513,91,0,0,91,91,0,0,0,True,False,0
14514,46,0,0,46,46,0,0,0,True,False,0
14515,70,0,0,70,70,0,0,0,True,False,0
14516,10,0,0,10,10,0,0,0,True,False,0
14517,12,0,0,12,12,0,0,0,True,False,0
14518,10,0,0,10,10,0,0,0,True,False,0
14519,10,0,0,10,10,0,0,0,True,False,0
14520,9,0,0,9,9,0,0,0,True,False,0
14521,7,0,0,7,7,0,0,0,True,False,0
14522,9,0,0,9,9,0,0,0,True,False,0
14523,7,0,0,7,7,0,0,0,True,False,0
14524,6,0,0,6,6,0,0,0,True,False,0
14525,7,0,0,7,7,0,0,0,True,False,0
14526,8,0,0,8,8,0,0,0,True,False,0
14527,7,0,0,7,7,0,0,0,True,False,0
14528,8,0,0,8,8,0,0,0,True,False,0
14529,7,0,0,7,7,0,0,0,True,False,0
14530,6,0,0,6,6,0,0,0,True,False,0
14531,6,0,0,6,6,0,0,0,True,False,0
14532,8,0,0,8,8,0,0,0,True,False,0
14533,7,0,0,7,7,0,0,0,True,False,0
14534,6,0,0,6,6,0,0,0,True,False,0
14535,6,0,0,6,6,0,0,0,True,False,0
14536,7,0,0,7,7,0,0,0,True,False,0
14537,12,0,0,12,12,0,0,0,True,False,0
14538,13,0,0,13,13,0,0,0,True,False,0
14539,13,0,0,13,13,0,0,0,True,False,0
14540,16,0,0,16,16,0,0,0,True,False,0
14541,14,0,0,14,14,0,0,0,True,False,0
14542,13,0,0,13,13,0,0,0,True,False,0
14543,13,0,0,13,13,0,0,0,True,False,0
14544,13,0,0,13,13,0,0,0,True,False,0
14545,6,0,0,6,6,0,0,0,True,False,0
14546,6,0,0,6,6,0,0,0,True,False,0
14547,4,0,0,4,4,0,0,0,True,False,0
14548,12,0,0,12,12,0,0,0,True,False,0
14549,12,0,0,12,12,0,0,0,True,False,0
14550,4,0,0,4,4,0,0,0,True,False,0
14551,4,0,0,4,4,0,0,0,True,False,0
14552,4,0,0,4,4,0,0,0,True,False,0
14553,13,0,0,13,13,0,0,0,True,False,0
14554,8,0,0,8,8,0,0,0,True,False,0
14555,7,0,0,7,7,0,0,0,True,False,0
14556,14,0,0,14,14,0,0,0,True,False,0
14557,7,0,0,7,7,0,0,0,True,False,0
14558,12,0,0,12,12,0,0,0,True,False,0
14559,12,0,0,12,12,0,0,0,True,False,0
14560,9,0,0,9,9,0,0,0,True,False,0
14561,12,0,0,12,12,0,0,0,True,False,0
14562,11,0,0,11,11,0,0,0,True,False,0
14563,10,0,0,10,10,0,0,0,True,False,0
14564,10,0,0,10,10,0,0,0,True,False,0
14565,10,0,0,10,10,0,0,0,True,False,0
14566,11,0,0,11,11,0,0,0,True,False,0
14567,10,0,0,10,10,0,0,0,True,False,0
14568,13,0,0,13,13,0,0,0,True,False,0
14569,11,1,1,11,11,0,0,0,True,False,0
14570,8,8,8,8,8,0,0,0,True,False,0
14571,5,0,0,5,5,0,0,0,True,False,0
14572,11,1,1,11,11,0,0,0,True,False,0
14573,12,1,1,12,12,0,0,0,True,False,0
14574,0,123,0,0,0,0,0,0,True,False,0
14575,0,0,0,0,0,0,0,0,True,False,0
14576,93,0,0,93,93,0,0,0,True,False,0
14577,46,0,0,46,46,0,0,0,True,False,0
14578,68,0,0,68,68,0,0,0,True,False,0
14579,10,1,1,10,10,0,0,0,True,False,0
14580,10,1,1,10,10,0,0,0,True,False,0
14581,10,1,1,10,10,0,0,0,True,False,0
14582,10,1,1,10,10,0,0,0,True,False,0
14583,12,1,1,12,12,0,0,0,True,False,0
14584,6,0,0,6,6,0,0,0,True,False,0
14585,6,0,0,6,6,0,0,0,True,False,0
14586,7,0,0,7,7,0,0,0,True,False,0
14587,8,0,0,8,8,0,0,0,True,False,0
14588,7,0,0,7,7,0,0,0,True,False,0
14589,8,0,0,8,8,0,0,0,True,False,0
14590,9,0,0,9,9,0,0,0,True,False,0
14591,5,0,0,5,5,0,0,0,True,False,0
14592,7,0,0,7,7,0,0,0,True,False,0
14593,6,0,0,6,6,0,0,0,True,False,0
14594,7,0,0,7,7,0,0,0,True,False,0
14595,5,0,0,5,5,0,0,0,True,False,0
14596,9,0,0,9,9,0,0,0,True,False,0
14597,7,0,0,7,7,0,0,0,True,False,0
14598,5,0,0,5,5,0,0,0,True,False,0
14599,6,0,0,6,6,0,0,0,True,False,0
14600,12,0,0,12,12,0,0,0,True,False,0
14601,11,0,0,11,11,0,0,0,True,False,0
14602,13,0,0,13,13,0,0,0,True,False,0
14603,14,0,0,14,14,0,0,0,True,False,0
14604,13,0,0,13,13,0,0,0,True,False,0
14605,15,0,0,15,15,0,0,0,True,False,0
14606,13,0,0,13,13,0,0,0,True,False,0
14607,13,0,0,13,13,0,0,0,True,False,0
14608,6,0,0,6,6,0,0,0,True,False,0
14609,6,0,0,6,6,0,0,0,True,False,0
14610,4,0,0,4,4,0,0,0,True,False,0
14611,11,0,0,11,11,0,0,0,True,False,0
14612,12,0,0,12,12,0,0,0,True,False,0
14613,4,0,0,4,4,0,0,0,True,False,0
14614,4,0,0,4,4,0,0,0,True,False,0
14615,4,0,0,4,4,0,0,0,True,False,0
14616,8,0,0,8,8,0,0,0,True,False,0
14617,12,0,0,12,12,0,0,0,True,False,0
14618,16,0,0,16,16,0,0,0,True,False,0
14619,20,0,0,20,20,0,0,0,True,False,0
14620,10,0,0,10,10,0,0,0,True,False,0
14621,11,0,0,11,11,0,0,0,True,False,0
14622,8,0,0,8,8,0,0,0,True,False,0
14623,8,0,0,8,8,0,0,0,True,False,0
14624,9,0,0,9,9,0,0,0,True,False,0
14625,11,0,0,11,11,0,0,0,True,False,0
14626,8,0,0,8,8,0,0,0,True,False,0
14627,12,0,0,12,12,0,0,0,True,False,0
14628,10,0,0,10,10,0,0,0,True,False,0
14629,9,0,0,9,9,0,0,0,True,False,0
14630,10,0,0,10,10,0,0,0,True,False,0
14631,10,0,0,10,10,0,0,0,True,False,0
14632,7,0,0,7,7,0,0,0,True,False,0
14633,7,7,7,7,7,0,0,0,True,False,0
14634,6,0,0,6,6,0,0,0,True,False,0
14635,9,0,0,9,9,0,0,0,True,False,0
14636,9,0,0,9,9,0,0,0,True,False,0
14637,10,122,10,10,10,0,0,0,True,False,0
14638,200,0,0,200,200,0,0,0,True,False,0
14639,91,0,0,91,91,0,0,0,True,False,0
14640,49,0,0,49,49,0,0,0,True,False,0
14641,74,0,0,74,74,0,0,0,True,False,0
14642,10,0,0,10,10,0,0,0,True,False,0
14643,8,0,0,8,8,0,0,0,True,False,0
14644,8,0,0,8,8,0,0,0,True,False,0
14645,8,0,0,8,8,0,0,0,True,False,0
14646,6,0,0,6,6,0,0,0,True,False,0
14647,6,0,0,6,6,0,0,0,True,False,0
14648,9,0,0,9,9,0,0,0,True,False,0
14649,7,0,0,7,7,0,0,0,True,False,0
14650,9,0,0,9,9,0,0,0,True,False,0
14651,6,0,0,6,6,0,0,0,True,False,0
14652,7,0,0,7,7,0,0,0,True,False,0
14653,7,0,0,7,7,0,0,0,True,False,0
14654,7,0,0,7,7,0,0,0,True,False,0
14655,6,0,0,6,6,0,0,0,True,False,0
14656,8,0,0,8,8,0,0,0,True,False,0
14657,6,0,0,6,6,0,0,0,True,False,0
14658,8,0,0,8,8,0,0,0,True,False,0
14659,7,0,0,7,7,0,0,0,True,False,0
14660,6,0,0,6,6,0,0,0,True,False,0
14661,8,0,0,8,8,0,0,0,True,False,0
14662,6,0,0,6,6,0,0,0,True,False,0
14663,15,0,0,15,15,0,0,0,True,False,0
14664,14,0,0,14,14,0,0,0,True,False,0
14665,12,0,0,12,12,0,0,0,True,False,0
14666,14,0,0,14,14,0,0,0,True,False,0
14667,14,0,0,14,14,0,0,0,True,False,0
14668,10,0,0,10,10,0,0,0,True,False,0
14669,13,0,0,13,13,0,0,0,True,False,0
14670,12,0,0,12,12,0,0,0,True,False,0
14671,6,0,0,6,6,0,0,0,True,False,0
14672,6,0,0,6,6,0,0,0,True,False,0
14673,4,0,0,4,4,0,0,0,True,False,0
14674,12,0,0,12,12,0,0,0,True,False,0
14675,12,0,0,12,12,0,0,0,True,False,0
14676,4,0,0,4,4,0,0,0,True,False,0
14677,4,0,0,4,4,0,0,0,True,False,0
14678,4,0,0,4,4,0,0,0,True,False,0
14679,14,0,0,14,14,0,0,0,True,False,0
14680,13,0,0,13,13,0,0,0,True,False,0
14681,6,0,0,6,6,0,0,0,True,False,0
14682,11,0,0,11,11,0,0,0,True,False,0
14683,12,0,0,12,12,0,0,0,True,False,0
14684,10,0,0,10,10,0,0,0,True,False,0
14685,11,0,0,11,11,0,0,0,True,False,0
14686,8,0,0,8,8,0,0,0,True,False,0
14687,11,0,0,11,11,0,0,0,True,False,0
14688,11,0,0,11,11,0,0,0,True,False,0
14689,11,0,0,11,11,0,0,0,True,False,0
14690,10,0,0,10,10,0,0,0,True,False,0
14691,11,0,0,11,11,0,0,0,True,False,0
14692,12,0,0,12,12,0,0,0,True,False,0
14693,11,0,0,11,11,0,0,0,True,False,0
14694,10,0,0,10,10,0,0,0,True,False,0
14695,7,0,0,7,7,0,0,0,True,False,0
14696,8,8,8,8,8,0,0,0,True,False,0
14697,4,0,0,4,4,0,0,0,True,False,0
14698,10,0,0,10,10,0,0,0,True,False,0
14699,7,0,0,7,7,0,0,0,True,False,0
14700,0,119,0,0,0,0,0,0,True,False,0
14701,0,0,0,0,0,0,0,0,True,False,0
14702,95,0,0,95,95,0,0,0,True,False,0
14703,49,0,0,49,49,0,0,0,True,False,0
14704,75,0,0,75,75,0,0,0,True,False,0
14705,9,0,0,9,9,0,0,0,True,False,0
14706,10,0,0,10,10,0,0,0,True,False,0
14707,8,0,0,8,8,0,0,0,True,False,0
14708,10,0,0,10,10,0,0,0,True,False,0
14709,9,0,0,9,9,0,0,0,True,False,0
14710,7,0,0,7,7,0,0,0,True,False,0
14711,7,0,0,7,7,0,0,0,True,False,0
14712,8,0,0,8,8,0,0,0,True,False,0
14713,8,0,0,8,8,0,0,0,True,False,0
14714,9,0,0,9,9,0,0,0,True,False,0
14715,7,0,0,7,7,0,0,0,True,False,0
14716,8,0,0,8,8,0,0,0,True,False,0
14717,8,0,0,8,8,0,0,0,True,False,0
14718,8,0,0,8,8,0,0,0,True,False,0
14719,7,0,0,7,7,0,0,0,True,False,0
14720,8,0,0,8,8,0,0,0,True,False,0
14721,9,0,0,9,9,0,0,0,True,False,0
14722,7,0,0,7,7,0,0,0,True,False,0
14723,7,0,0,7,7,0,0,0,True,False,0
14724,7,0,0,7,7,0,0,0,True,False,0
14725,8,0,0,8,8,0,0,0,True,False,0
14726,14,0,0,14,14,0,0,0,True,False,0
14727,14,0,0,14,14,0,0,0,True,False,0
14728,12,0,0,12,12,0,0,0,True,False,0
14729,13,0,0,13,13,0,0,0,True,False,0
14730,13,0,0,13,13,0,0,0,True,False,0
14731,15,0,0,15,15,0,0,0,True,False,0
14732,14,0,0,14,14,0,0,0,True,False,0
14733,14,0,0,14,14,0,0,0,True,False,0
14734,6,0,0,6,6,0,0,0,True,False,0
14735,6,0,0,6,6,0,0,0,True,False,0
14736,4,0,0,4,4,0,0,0,True,False,0
14737,12,0,0,12,12,0,0,0,True,False,0
14738,12,0,0,12,12,0,0,0,True,False,0
14739,4,0,0,4,4,0,0,0,True,False,0
14740,4,0,0,4,4,0,0,0,True,False,0
14741,4,0,0,4,4,0,0,0,True,False,0
14742,7,0,0,7,7,0,0,0,True,False,0
14743,12,0,0,12,12,0,0,0,True,False,0
14744,12,0,0,12,12,0,0,0,True,False,0
14745,8,0,0,8,8,0,0,0,True,False,0
14746,11,0,0,11,11,0,0,0,True,False,0
14747,4,0,0,4,4,0,0,0,True,False,0
14748,8,0,0,8,8,0,0,0,True,False,0
14749,6,0,0,6,6,0,0,0,True,False,0
14750,11,0,0,11,11,0,0,0,True,False,0
14751,10,0,0,10,10,0,0,0,True,False,0
14752,9,0,0,9,9,0,0,0,True,False,0
14753,11,0,0,11,11,0,0,0,True,False,0
14754,9,0,0,9,9,0,0,0,True,False,0
14755,10,0,0,10,10,0,0,0,True,False,0
14756,9,0,0,9,9,0,0,0,True,False,0
14757,10,0,0,10,10,0,0,0,True,False,0
14758,7,0,0,7,7,0,0,0,True,False,0
14759,7,7,7,7,7,0,0,0,True,False,0
14760,5,0,0,5,5,0,0,0,True,False,0
14761,8,0,0,8,8,0,0,0,True,False,0
14762,9,0,0,9,9,0,0,0,True,False,0
14763,0,117,0,0,0,0,0,0,True,False,0
14764,0,0,0,0,0,0,0,0,True,False,0
14765,97,0,0,97,97,0,0,0,True,False,0
14766,47,0,0,47,47,0,0,0,True,False,0
14767,78,0,0,78,78,0,0,0,True,False,0
14768,9,0,0,9,9,0,0,0,True,False,0
14769,7,0,0,7,7,0,0,0,True,False,0
14770,9,0,0,9,9,0,0,0,True,False,0
14771,8,0,0,8,8,0,0,0,True,False,0
14772,9,0,0,9,9,0,0,0,True,False,0
14773,7,0,0,7,7,0,0,0,True,False,0
14774,7,0,0,7,7,0,0,0,True,False,0
14775,7,0,0,7,7,0,0,0,True,False,0
14776,7,0,0,7,7,0,0,0,True,False,0
14777,8,0,0,8,8,0,0,0,True,False,0
14778,8,0,0,8,8,0,0,0,True,False,0
14779,8,0,0,8,8,0,0,0,True,False,0
14780,5,0,0,5,5,0,0,0,True,False,0
14781,7,0,0,7,7,0,0,0,True,False,0
14782,6,0,0,6,6,0,0,0,True,False,0
14783,5,0,0,5,5,0,0,0,True,False,0
14784,8,0,0,8,8,0,0,0,True,False,0
14785,6,0,0,6,6,0,0,0,True,False,0
14786,7,0,0,7,7,0,0,0,True,False,0
14787,8,0,0,8,8,0,0,0,True,False,0
14788,7,0,0,7,7,0,0,0,True,False,0
14789,14,0,0,14,14,0,0,0,True,False,0
14790,14,0,0,14,14,0,0,0,True,False,0
14791,14,0,0,14,14,0,0,0,True,False,0
14792,13,0,0,13,13,0,0,0,True,False,0
14793,15,0,0,15,15,0,0,0,True,False,0
14794,16,0,0,16,16,0,0,0,True,False,0
14795,14,0,0,14,14,0,0,0,True,False,0
14796,13,0,0,13,13,0,0,0,True,False,0
14797,6,0,0,6,6,0,0,0,True,False,0
14798,6,0,0,6,6,0,0,0,True,False,0
14799,4,0,0,4,4,0,0,0,True,False,0
14800,12,0,0,12,12,0,0,0,True,False,0
14801,12,0,0,12,12,0,0,0,True,False,0
14802,4,0,0,4,4,0,0,0,True,False,0
14803,4,0,0,4,4,0,0,0,True,False,0
14804,4,0,0,4,4,0,0,0,True,False,0
14805,9,0,0,9,9,0,0,0,True,False,0
14806,5,0,0,5,5,0,0,0,True,False,0
14807,7,0,0,7,7,0,0,0,True,False,0
14808,11,0,0,11,11,0,0,0,True,False,0
14809,11,0,0,11,11,0,0,0,True,False,0
14810,13,0,0,13,13,0,0,0,True,False,0
14811,11,0,0,11,11,0,0,0,True,False,0
14812,13,0,0,13,13,0,0,0,True,False,0
14813,9,0,0,9,9,0,0,0,True,False,0
14814,10,0,0,10,10,0,0,0,True,False,0
14815,9,0,0,9,9,0,0,0,True,False,0
14816,12,0,0,12,12,0,0,0,True,False,0
14817,11,0,0,11,11,0,0,0,True,False,0
14818,10,0,0,10,10,0,0,0,True,False,0
14819,12,0,0,12,12,0,0,0,True,False,0
14820,11,0,0,11,11,0,0,0,True,False,0
14821,8,0,0,8,8,0,0,0,True,False,0
14822,8,8,8,8,8,0,0,0,True,False,0
14823,5,0,0,5,5,0,0,0,True,False,0
14824,7,0,0,7,7,0,0,0,True,False,0
14825,7,0,0,7,7,0,0,0,True,False,0
14826,0,119,0,0,0,0,0,0,True,False,0
14827,0,0,0,0,0,0,0,0,True,False,0
14828,90,0,0,90,90,0,0,0,True,False,0
14829,48,0,0,48,48,0,0,0,True,False,0
14830,75,0,0,75,75,0,0,0,True,False,0
14831,7,0,0,7,7,0,0,0,True,False,0
14832,9,0,0,9,9,0,0,0,True,False,0
14833,8,0,0,8,8,0,0,0,True,False,0
14834,9,0,0,9,9,0,0,0,True,False,0
14835,8,0,0,8,8,0,0,0,True,False,0
14836,8,0,0,8,8,0,0,0,True,False,0
14837,6,0,0,6,6,0,0,0,True,False,0
14838,9,0,0,9,9,0,0,0,True,False,0
14839,6,0,0,6,6,0,0,0,True,False,0
14840,7,0,0,7,7,0,0,0,True,False,0
14841,10,0,0,10,10,0,0,0,True,False,0
14842,7,0,0,7,7,0,0,0,True,False,0
14843,7,0,0,7,7,0,0,0,True,False,0
14844,6,0,0,6,6,0,0,0,True,False,0
14845,7,0,0,7,7,0,0,0,True,False,0
14846,8,0,0,8,8,0,0,0,True,False,0
14847,8,0,0,8,8,0,0,0,True,False,0
14848,6,0,0,6,6,0,0,0,True,False,0
14849,7,0,0,7,7,0,0,0,True,False,0
14850,7,0,0,7,7,0,0,0,True,False,0
14851,7,0,0,7,7,0,0,0,True,False,0
14852,15,0,0,15,15,0,0,0,True,False,0
14853,13,0,0,13,13,0,0,0,True,False,0
14854,13,0,0,13,13,0,0,0,True,False,0
14855,14,0,0,14,14,0,0,0,True,False,0
14856,13,0,0,13,13,0,0,0,True,False,0
14857,13,0,0,13,13,0,0,0,True,False,0
14858,13,0,0,13,13,0,0,0,True,False,0
14859,12,0,0,12,12,0,0,0,True,False,0
14860,6,0,0,6,6,0,0,0,True,False,0
14861,6,0,0,6,6,0,0,0,True,False,0
14862,4,0,0,4,4,0,0,0,True,False,0
14863,12,0,0,12,12,0,0,0,True,False,0
14864,12,0,0,12,12,0,0,0,True,False,0
14865,4,0,0,4,4,0,0,0,True,False,0
14866,4,0,0,4,4,0,0,0,True,False,0
14867,4,0,0,4,4,0,0,0,True,False,0
14868,13,0,0,13,13,0,0,0,True,False,0
14869,17,0,0,17,17,0,0,0,True,False,0
14870,6,0,0,6,6,0,0,0,True,False,0
14871,14,0,0,14,14,0,0,0,True,False,0
14872,10,0,0,10,10,0,0,0,True,False,0
14873,4,0,0,4,4,0,0,0,True,False,0
14874,11,0,0,11,11,0,0,0,True,False,0
14875,14,0,0,14,14,0,0,0,True,False,0
14876,1,0,0,1,1,0,0,0,True,True,0
14877,1,0,0,1,1,0,0,0,True,True,0
14878,1,0,0,1,1,0,0,0,True,True,0
14879,1,0,0,1,1,0,0,0,True,True,0
14880,1,0,0,1,1,0,0,0,True,True,0
14881,1,0,0,1,1,0,0,0,True,True,0
14882,1,0,0,1,1,0,0,0,True,True,0
14883,10,0,0,10,10,0,0,0,True,False,0
14884,10,0,0,10,10,0,0,0,True,False,0
14885,9,0,0,9,9,0,0,0,True,False,0
14886,9,0,0,9,9,0,0,0,True,False,0
14887,11,0,0,11,11,0,0,0,True,False,0
14888,10,0,0,10,10,0,0,0,True,False,0
14889,10,0,0,10,10,0,0,0,True,False,0
14890,11,0,0,11,11,0,0,0,True,False,0
14891,8,0,0,8,8,0,0,0,True,False,0
14892,7,7,7,7,7,0,0,0,True,False,0
14893,5,0,0,5,5,0,0,0,True,False,0
14894,8,0,0,8,8,0,0,0,True,False,0
14895,8,0,0,8,8,0,0,0,True,False,0
14896,0,106,0,0,0,0,0,0,True,False,0
14897,0,0,0,0,0,0,0,0,True,False,0
14898,92,0,0,92,92,0,0,0,True,False,0
14899,47,0,0,47,47,0,0,0,True,False,0
14900,74,0,0,74,74,0,0,0,True,False,0
14901,9,0,0,9,9,0,0,0,True,False,0
14902,9,0,0,9,9,0,0,0,True,False,0
14903,9,0,0,9,9,0,0,0,True,False,0
14904,9,0,0,9,9,0,0,0,True,False,0
14905,8,0,0,8,8,0,0,0,True,False,0
14906,8,0,0,8,8,0,0,0,True,False,0
14907,7,0,0,7,7,0,0,0,True,False,0
14908,7,0,0,7,7,0,0,0,True,False,0
14909,8,0,0,8,8,0,0,0,True,False,0
14910,7,0,0,7,7,0,0,0,True,False,0
14911,6,0,0,6,6,0,0,0,True,False,0
14912,8,0,0,8,8,0,0,0,True,False,0
14913,8,0,0,8,8,0,0,0,True,False,0
14914,7,0,0,7,7,0,0,0,True,False,0
14915,7,0,0,7,7,0,0,0,True,False,0
14916,6,0,0,6,6,0,0,0,True,False,0
14917,8,0,0,8,8,0,0,0,True,False,0
14918,9,0,0,9,9,0,0,0,True,False,0
14919,9,0,0,9,9,0,0,0,True,False,0
14920,5,0,0,5,5,0,0,0,True,False,0
14921,7,0,0,7,7,0,0,0,True,False,0
14922,13,0,0,13,13,0,0,0,True,False,0
14923,13,0,0,13,13,0,0,0,True,False,0
14924,14,0,0,14,14,0,0,0,True,False,0
14925,16,0,0,16,16,0,0,0,True,False,0
14926,14,0,0,14,14,0,0,0,True,False,0
14927,13,0,0,13,13,0,0,0,True,False,0
14928,13,0,0,13,13,0,0,0,True,False,0
14929,12,0,0,12,12,0,0,0,True,False,0
14930,6,0,0,6,6,0,0,0,True,False,0
14931,6,0,0,6,6,0,0,0,True,False,0
14932,4,0,0,4,4,0,0,0,True,False,0
14933,12,0,0,12,12,0,0,0,True,False,0
14934,12,0,0,12,12,0,0,0,True,False,0
14935,4,0,0,4,4,0,0,0,True,False,0
14936,4,0,0,4,4,0,0,0,True,False,0
14937,4,0,0,4,4,0,0,0,True,False,0
14938,9,0,0,9,9,0,0,0,True,False,0
14939,10,0,0,10,10,0,0,0,True,False,0
14940,9,0,0,9,9,0,0,0,True,False,0
14941,12,0,0,12,12,0,0,0,True,False,0
14942,7,0,0,7,7,0,0,0,True,False,0
14943,15,0,0,15,15,0,0,0,True,False,0
14944,13,0,0,13,13,0,0,0,True,False,0
14945,16,0,0,16,16,0,0,0,True,False,0
14946,1,0,0,1,1,0,0,0,True,True,0
14947,4,0,0,4,4,0,0,0,True,False,0
14948,5,0,0,5,5,0,0,0,True,False,0
14949,5,0,0,5,5,0,0,0,True,False,0
14950,5,0,0,5,5,0,0,0,True,False,0
14951,4,0,0,4,4,0,0,0,True,False,0
14952,4,0,0,4,4,0,0,0,True,False,0
14953,3,0,0,3,3,0,0,0,True,False,0
14954,3,0,0,3,3,0,0,0,True,False,0
14955,4,0,0,4,4,0,0,0,True,False,0
14956,4,4,4,4,4,0,0,0,True,False,0
14957,2,0,0,2,2,0,0,0,True,True,0
14958,3,0,0,3,3,0,0,0,True,False,0
14959,2,0,0,2,2,0,0,0,True,True,0
14960,0,52,0,0,0,0,0,0,True,False,0
14961,0,0,0,0,0,0,0,0,True,False,0
14962,37,0,0,37,37,0,0,0,True,False,0
14963,17,0,0,17,17,0,0,0,True,False,0
14964,30,0,0,30,30,0,0,0,True,False,0
14965,3,0,0,3,3,0,0,0,True,False,0
14966,4,0,0,4,4,0,0,0,True,False,0
14967,3,0,0,3,3,0,0,0,True,False,0
14968,3,0,0,3,3,0,0,0,True,False,0
14969,3,0,0,3,3,0,0,0,True,False,0
14970,3,0,0,3,3,0,0,0,True,False,0
14971,3,0,0,3,3,0,0,0,True,False,0
14972,3,0,0,3,3,0,0,0,True,False,0
14973,4,0,0,4,4,0,0,0,True,False,0
14974,4,0,0,4,4,0,0,0,True,False,0
14975,3,0,0,3,3,0,0,0,True,False,0
14976,3,0,0,3,3,0,0,0,True,False,0
14977,4,0,0,4,4,0,0,0,True,False,0
14978,3,0,0,3,3,0,0,0,True,False,0
14979,4,0,0,4,4,0,0,0,True,False,0
14980,5,0,0,5,5,0,0,0,True,False,0
14981,4,0,0,4,4,0,0,0,True,False,0
14982,4,0,0,4,4,0,0,0,True,False,0
14983,3,0,0,3,3,0,0,0,True,False,0
14984,4,0,0,4,4,0,0,0,True,False,0
14985,3,0,0,3,3,0,0,0,True,False,0
14986,5,0,0,5,5,0,0,0,True,False,0
14987,5,0,0,5,5,0,0,0,True,False,0
14988,5,0,0,5,5,0,0,0,True,False,0
14989,6,0,0,6,6,0,0,0,True,False,0
14990,6,0,0,6,6,0,0,0,True,False,0
14991,5,0,0,5,5,0,0,0,True,False,0
14992,5,0,0,5,5,0,0,0,True,False,0
14993,6,0,0,6,6,0,0,0,True,False,0
14994,2,0,0,2,2,0,0,0,True,True,0
14995,2,0,0,2,2,0,0,0,True,True,0
14996,1,0,0,1,1,0,0,0,True,True,0
14997,5,0,0,5,5,0,0,0,True,False,0
14998,5,0,0,5,5,0,0,0,True,False,0
14999,2,0,0,2,2,0,0,0,True,True,0
15000,2,0,0,2,2,0,0,0,True,True,0
15001,1,0,0,1,1,0,0,0,True,True,0
15002,10,0,0,10,10,0,0,0,True,False,0
15003,5,0,0,5,5,0,0,0,True,False,0
15004,5,0,0,5,5,0,0,0,True,False,0
15005,8,0,0,8,8,0,0,0,True,False,0
15006,9,0,0,9,9,0,0,0,True,False,0
15007,11,0,0,11,11,0,0,0,True,False,0
15008,4,0,0,4,4,0,0,0,True,False,0
15009,7,0,0,7,7,0,0,0,True,False,0
15010,6,0,0,6,6,0,0,0,False,False,0
15011,6,0,0,6,6,0,0,0,False,False,0
15012,5,0,0,5,5,0,0,0,False,False,0
15013,8,0,0,8,8,0,0,0,False,False,0
15014,8,0,0,8,8,0,0,0,False,False,0
15015,7,0,0,7,7,0,0,0,False,False,0
15016,6,0,0,6,6,0,0,0,False,False,0
15017,6,0,0,6,6,0,0,0,False,False,0
15018,7,0,0,7,7,0,0,0,False,False,0
15019,5,4,4,5,5,0,0,0,False,False,0
15020,4,0,0,4,4,0,0,0,False,False,0
15021,6,0,0,6,6,0,0,0,False,False,0
15022,8,0,0,8,8,0,0,0,False,False,0
15023,11,59,10,11,11,0,0,0,False,False,0
15024,200,0,0,200,200,0,0,0,False,False,0
15025,53,0,0,53,53,0,0,0,False,False,0
15026,25,0,0,25,25,0,0,0,False,False,0
15027,38,0,0,38,38,0,0,0,False,False,0
15028,7,0,0,7,7,0,0,0,False,False,0
15029,7,0,0,7,7,0,0,0,False,False,0
15030,6,0,0,6,6,0,0,0,False,False,0
15031,7,0,0,7,7,0,0,0,False,False,0
15032,7,0,0,7,7,0,0,0,False,False,0
15033,4,3,3,4,4,0,0,0,False,False,0
15034,4,3,3,4,4,0,0,0,False,False,0
15035,4,3,3,4,4,0,0,0,False,False,0
15036,5,3,3,5,5,0,0,0,False,False,0
15037,5,4,4,5,5,0,0,0,False,False,0
15038,6,4,4,6,6,0,0,0,False,False,0
15039,4,3,3,4,4,0,0,0,False,False,0
15040,5,3,3,5,5,0,0,0,False,False,0
15041,5,0,0,5,5,0,0,0,False,False,0
15042,5,0,0,5,5,0,0,0,False,False,0
15043,6,0,0,6,6,0,0,0,False,False,0
15044,5,0,0,5,5,0,0,0,False,False,0
15045,4,0,0,4,4,0,0,0,False,False,0
15046,6,0,0,6,6,0,0,0,False,False,0
15047,6,0,0,6,6,0,0,0,False,False,0
15048,4,0,0,4,4,0,0,0,False,False,0
15049,9,0,0,9,9,0,0,0,False,False,0
15050,9,0,0,9,9,0,0,0,False,False,0
15051,10,0,0,10,10,0,0,0,False,False,0
15052,10,0,0,10,10,0,0,0,False,False,0
15053,10,0,0,10,10,0,0,0,False,False,0
15054,9,0,0,9,9,0,0,0,False,False,0
15055,8,0,0,8,8,0,0,0,False,False,0
15056,9,0,0,9,9,0,0,0,False,False,0
15057,8,0,0,8,8,0,0,0,False,False,0
15058,8,0,0,8,8,0,0,0,False,False,0
15059,5,0,0,5,5,0,0,0,False,False,0
15060,4,0,0,4,4,0,0,0,False,False,0
15061,5,0,0,5,5,0,0,0,False,False,0
15062,4,0,0,4,4,0,0,0,False,False,0
15063,5,0,0,5,5,0,0,0,False,False,0
15064,5,0,0,5,5,0,0,0,False,False,0
15065,3,0,0,3,3,0,0,0,False,False,0
15066,6,0,0,6,6,0,0,0,False,False,0
15067,8,0,0,8,8,0,0,0,False,False,0
15068,8,0,0,8,8,0,0,0,False,False,0
15069,4,0,0,4,4,0,0,0,False,False,0
15070,10,0,0,10,10,0,0,0,False,False,0
15071,7,0,0,7,7,0,0,0,False,False,0
15072,8,0,0,8,8,0,0,0,False,False,0
15073,2,0,0,2,2,0,0,0,False,True,0
15074,2,0,0,2,2,0,0,0,False,True,0
15075,2,0,0,2,2,0,0,0,False,True,0
15076,2,0,0,2,2,0,0,0,False,True,0
15077,2,0,0,2,2,0,0,0,False,True,0
15078,2,0,0,2,2,0,0,0,False,True,0
15079,2,0,0,2,2,0,0,0,False,True,0
15080,2,0,0,2,2,0,0,0,False,True,0
15081,2,0,0,2,2,0,0,0,False,True,0
15082,2,0,0,2,2,0,0,0,False,True,0
15083,2,0,0,2,2,0,0,0,False,True,0
15084,2,0,0,2,2,0,0,0,False,True,0
15085,2,0,0,2,2,0,0,0,False,True,0
15086,2,0,0,2,2,0,0,0,False,True,0
15087,2,0,0,2,2,0,0,0,False,True,0
15088,2,0,0,2,2,0,0,0,False,True,0
15089,10,0,0,10,10,0,0,0,True,False,0
15090,10,0,0,10,10,0,0,0,True,False,0
15091,10,0,0,10,10,0,0,0,True,False,0
15092,11,0,0,11,11,0,0,0,True,False,0
15093,10,0,0,10,10,0,0,0,True,False,0
15094,10,0,0,10,10,0,0,0,True,False,0
15095,11,0,0,11,11,0,0,0,True,False,0
15096,13,0,0,13,13,0,0,0,True,False,0
15097,10,0,0,10,10,0,0,0,True,False,0
15098,8,8,8,8,8,0,0,0,True,False,0
15099,5,0,0,5,5,0,0,0,True,False,0
15100,12,0,0,12,12,0,0,0,True,False,0
15101,9,0,0,9,9,0,0,0,True,False,0
15102,0,119,0,0,0,0,0,0,True,False,0
15103,0,0,0,0,0,0,0,0,True,False,0
15104,95,0,0,95,95,0,0,0,True,False,0
15105,52,0,0,52,52,0,0,0,True,False,0
15106,76,0,0,76,76,0,0,0,True,False,0
15107,10,0,0,10,10,0,0,0,True,False,0
15108,11,0,0,11,11,0,0,0,True,False,0
15109,12,0,0,12,12,0,0,0,True,False,0
15110,12,0,0,12,12,0,0,0,True,False,0
15111,10,0,0,10,10,0,0,0,True,False,0
15112,7,0,0,7,7,0,0,0,True,False,0
15113,7,1,1,7,7,0,0,0,True,False,0
15114,7,1,1,7,7,0,0,0,True,False,0
15115,8,0,0,8,8,0,0,0,True,False,0
15116,7,0,0,7,7,0,0,0,True,False,0
15117,7,0,0,7,7,0,0,0,True,False,0
15118,8,1,1,8,8,0,0,0,True,False,0
15119,9,0,0,9,9,0,0,0,True,False,0
15120,7,0,0,7,7,0,0,0,True,False,0
15121,6,0,0,6,6,0,0,0,True,False,0
15122,7,0,0,7,7,0,0,0,True,False,0
15123,7,0,0,7,7,0,0,0,True,False,0
15124,7,0,0,7,7,0,0,0,True,False,0
15125,8,0,0,8,8,0,0,0,True,False,0
15126,6,0,0,6,6,0,0,0,True,False,0
15127,6,0,0,6,6,0,0,0,True,False,0
15128,14,0,0,14,14,0,0,0,True,False,0
15129,12,0,0,12,12,0,0,0,True,False,0
15130,11,0,0,11,11,0,0,0,True,False,0
15131,12,0,0,12,12,0,0,0,True,False,0
15132,13,0,0,13,13,0,0,0,True,False,0
15133,14,0,0,14,14,0,0,0,True,False,0
15134,13,0,0,13,13,0,0,0,True,False,0
15135,14,0,0,14,14,0,0,0,True,False,0
15136,12,0,0,12,12,0,0,0,True,False,0
15137,12,0,0,12,12,0,0,0,True,False,0
15138,6,0,0,6,6,0,0,0,True,False,0
15139,4,0,0,4,4,0,0,0,True,False,0
15140,6,0,0,6,6,0,0,0,True,False,0
15141,4,0,0,4,4,0,0,0,True,False,0
15142,6,0,0,6,6,0,0,0,True,False,0
15143,6,0,0,6,6,0,0,0,True,False,0
15144,15,0,0,15,15,0,0,0,True,False,0
15145,13,0,0,13,13,0,0,0,True,False,0
15146,12,0,0,12,12,0,0,0,True,False,0
15147,12,0,0,12,12,0,0,0,True,False,0
15148,8,0,0,8,8,0,0,0,True,False,0
15149,11,0,0,11,11,0,0,0,True,False,0
15150,15,0,0,15,15,0,0,0,True,False,0
15151,14,0,0,14,14,0,0,0,True,False,0
15152,10,0,0,10,10,0,0,0,True,False,0
15153,11,0,0,11,11,0,0,0,True,False,0
15154,9,0,0,9,9,0,0,0,True,False,0
15155,10,0,0,10,10,0,0,0,True,False,0
15156,10,0,0,10,10,0,0,0,True,False,0
15157,11,0,0,11,11,0,0,0,True,False,0
15158,12,0,0,12,12,0,0,0,True,False,0
15159,10,0,0,10,10,0,0,0,True,False,0
15160,10,0,0,10,10,0,0,0,True,False,0
15161,8,8,8,8,8,0,0,0,True,False,0
15162,5,0,0,5,5,0,0,0,True,False,0
15163,9,0,0,9,9,0,0,0,True,False,0
15164,11,0,0,11,11,0,0,0,True,False,0
15165,0,123,0,0,0,0,0,0,True,False,0
15166,0,0,0,0,0,0,0,0,True,False,0
15167,86,0,0,86,86,0,0,0,True,False,0
15168,45,0,0,45,45,0,0,0,True,False,0
15169,74,0,0,74,74,0,0,0,True,False,0
15170,9,0,0,9,9,0,0,0,True,False,0
15171,13,0,0,13,13,0,0,0,True,False,0
15172,12,0,0,12,12,0,0,0,True,False,0
15173,11,0,0,11,11,0,0,0,True,False,0
15174,11,0,0,11,11,0,0,0,True,False,0
15175,6,0,0,6,6,0,0,0,True,False,0
15176,8,0,0,8,8,0,0,0,True,False,0
15177,7,0,0,7,7,0,0,0,True,False,0
15178,7,0,0,7,7,0,0,0,True,False,0
15179,9,0,0,9,9,0,0,0,True,False,0
15180,8,0,0,8,8,0,0,0,True,False,0
15181,7,0,0,7,7,0,0,0,True,False,0
15182,7,0,0,7,7,0,0,0,True,False,0
15183,8,0,0,8,8,0,0,0,True,False,0
15184,8,0,0,8,8,0,0,0,True,False,0
15185,7,0,0,7,7,0,0,0,True,False,0
15186,9,0,0,9,9,0,0,0,True,False,0
15187,7,0,0,7,7,0,0,0,True,False,0
15188,8,0,0,8,8,0,0,0,True,False,0
15189,7,0,0,7,7,0,0,0,True,False,0
15190,6,0,0,6,6,0,0,0,True,False,0
15191,14,0,0,14,14,0,0,0,True,False,0
15192,16,0,0,16,16,0,0,0,True,False,0
15193,15,0,0,15,15,0,0,0,True,False,0
15194,12,0,0,12,12,0,0,0,True,False,0
15195,12,0,0,12,12,0,0,0,True,False,0
15196,11,0,0,11,11,0,0,0,True,False,0
15197,12,0,0,12,12,0,0,0,True,False,0
15198,11,0,0,11,11,0,0,0,True,False,0
15199,12,0,0,12,12,0,0,0,True,False,0
15200,12,0,0,12,12,0,0,0,True,False,0
15201,6,0,0,6,6,0,0,0,True,False,0
15202,4,0,0,4,4,0,0,0,True,False,0
15203,6,0,0,6,6,0,0,0,True,False,0
15204,4,0,0,4,4,0,0,0,True,False,0
15205,6,0,0,6,6,0,0,0,True,False,0
15206,6,0,0,6,6,0,0,0,True,False,0
15207,8,0,0,8,8,0,0,0,True,False,0
15208,10,0,0,10,10,0,0,0,True,False,0
15209,9,0,0,9,9,0,0,0,True,False,0
15210,6,0,0,6,6,0,0,0,True,False,0
15211,8,0,0,8,8,0,0,0,True,False,0
15212,10,0,0,10,10,0,0,0,True,False,0
15213,9,0,0,9,9,0,0,0,True,False,0
15214,8,0,0,8,8,0,0,0,True,False,0
15215,11,0,0,11,11,0,0,0,True,False,0
15216,10,0,0,10,10,0,0,0,True,False,0
15217,12,0,0,12,12,0,0,0,True,False,0
15218,10,0,0,10,10,0,0,0,True,False,0
15219,11,0,0,11,11,0,0,0,True,False,0
15220,10,0,0,10,10,0,0,0,True,False,0
15221,12,0,0,12,12,0,0,0,True,False,0
15222,12,0,0,12,12,0,0,0,True,False,0
15223,14,0,0,14,14,0,0,0,True,False,0
15224,7,7,7,7,7,0,0,0,True,False,0
15225,5,0,0,5,5,0,0,0,True,False,0
15226,12,0,0,12,12,0,0,0,True,False,0
15227,11,0,0,11,11,0,0,0,True,False,0
15228,0,123,0,0,0,0,0,0,True,False,0
15229,0,0,0,0,0,0,0,0,True,False,0
15230,90,0,0,90,90,0,0,0,True,False,0
15231,47,0,0,47,47,0,0,0,True,False,0
15232,71,0,0,71,71,0,0,0,True,False,0
15233,11,0,0,11,11,0,0,0,True,False,0
15234,10,0,0,10,10,0,0,0,True,False,0
15235,12,0,0,12,12,0,0,0,True,False,0
15236,11,0,0,11,11,0,0,0,True,False,0
15237,10,0,0,10,10,0,0,0,True,False,0
15238,7,0,0,7,7,0,0,0,True,False,0
15239,8,0,0,8,8,0,0,0,True,False,0
15240,9,0,0,9,9,0,0,0,True,False,0
15241,8,0,0,8,8,0,0,0,True,False,0
15242,8,0,0,8,8,0,0,0,True,False,0
15243,7,0,0,7,7,0,0,0,True,False,0
15244,9,0,0,9,9,0,0,0,True,False,0
15245,8,0,0,8,8,0,0,0,True,False,0
15246,8,0,0,8,8,0,0,0,True,False,0
15247,7,0,0,7,7,0,0,0,True,False,0
15248,6,0,0,6,6,0,0,0,True,False,0
15249,6,0,0,6,6,0,0,0,True,False,0
15250,6,0,0,6,6,0,0,0,True,False,0
15251,5,0,0,5,5,0,0,0,True,False,0
15252,7,0,0,7,7,0,0,0,True,False,0
15253,6,0,0,6,6,0,0,0,True,False,0
15254,14,0,0,14,14,0,0,0,True,False,0
15255,13,0,0,13,13,0,0,0,True,False,0
15256,14,0,0,14,14,0,0,0,True,False,0
15257,12,0,0,12,12,0,0,0,True,False,0
15258,14,0,0,14,14,0,0,0,True,False,0
15259,12,0,0,12,12,0,0,0,True,False,0
15260,14,0,0,14,14,0,0,0,True,False,0
15261,14,0,0,14,14,0,0,0,True,False,0
15262,12,0,0,12,12,0,0,0,True,False,0
15263,12,0,0,12,12,0,0,0,True,False,0
15264,6,0,0,6,6,0,0,0,True,False,0
15265,4,0,0,4,4,0,0,0,True,False,0
15266,6,0,0,6,6,0,0,0,True,False,0
15267,4,0,0,4,4,0,0,0,True,False,0
15268,6,0,0,6,6,0,0,0,True,False,0
15269,5,0,0,5,5,0,0,0,True,False,0
15270,8,0,0,8,8,0,0,0,True,False,0
15271,15,0,0,15,15,0,0,0,True,False,0
15272,13,0,0,13,13,0,0,0,True,False,0
15273,11,0,0,11,11,0,0,0,True,False,0
15274,8,0,0,8,8,0,0,0,True,False,0
15275,8,0,0,8,8,0,0,0,True,False,0
15276,9,0,0,9,9,0,0,0,True,False,0
15277,8,0,0,8,8,0,0,0,True,False,0
15278,12,0,0,12,12,0,0,0,True,False,0
15279,8,0,0,8,8,0,0,0,True,False,0
15280,9,0,0,9,9,0,0,0,True,False,0
15281,10,0,0,10,10,0,0,0,True,False,0
15282,9,0,0,9,9,0,0,0,True,False,0
15283,9,0,0,9,9,0,0,0,True,False,0
15284,10,0,0,10,10,0,0,0,True,False,0
15285,13,0,0,13,13,0,0,0,True,False,0
15286,12,1,1,12,12,0,0,0,True,False,0
15287,8,8,8,8,8,0,0,0,True,False,0
15288,5,0,0,5,5,0,0,0,True,False,0
15289,8,1,1,8,8,0,0,0,True,False,0
15290,10,1,1,10,10,0,0,0,True,False,0
15291,0,121,0,0,0,0,0,0,True,False,0
15292,0,0,0,0,0,0,0,0,True,False,0
15293,91,0,0,91,91,0,0,0,True,False,0
15294,51,0,0,51,51,0,0,0,True,False,0
15295,72,0,0,72,72,0,0,0,True,False,0
15296,11,1,1,11,11,0,0,0,True,False,0
15297,11,1,1,11,11,0,0,0,True,False,0
15298,9,1,1,9,9,0,0,0,True,False,0
15299,11,1,1,11,11,0,0,0,True,False,0
15300,10,1,1,10,10,0,0,0,True,False,0
15301,8,0,0,8,8,0,0,0,True,False,0
15302,7,0,0,7,7,0,0,0,True,False,0
15303,8,0,0,8,8,0,0,0,True,False,0
15304,7,0,0,7,7,0,0,0,True,False,0
15305,7,0,0,7,7,0,0,0,True,False,0
15306,9,0,0,9,9,0,0,0,True,False,0
15307,6,0,0,6,6,0,0,0,True,False,0
15308,8,0,0,8,8,0,0,0,True,False,0
15309,7,0,0,7,7,0,0,0,True,False,0
15310,6,0,0,6,6,0,0,0,True,False,0
15311,8,0,0,8,8,0,0,0,True,False,0
15312,7,0,0,7,7,0,0,0,True,False,0
15313,8,0,0,8,8,0,0,0,True,False,0
15314,9,0,0,9,9,0,0,0,True,False,0
15315,6,0,0,6,6,0,0,0,True,False,0
15316,6,0,0,6,6,0,0,0,True,False,0
15317,12,0,0,12,12,0,0,0,True,False,0
15318,12,0,0,12,12,0,0,0,True,False,0
15319,11,0,0,11,11,0,0,0,True,False,0
15320,10,0,0,10,10,0,0,0,True,False,0
15321,14,0,0,14,14,0,0,0,True,False,0
15322,13,0,0,13,13,0,0,0,True,False,0
15323,15,0,0,15,15,0,0,0,True,False,0
15324,16,0,0,16,16,0,0,0,True,False,0
15325,12,0,0,12,12,0,0,0,True,False,0
15326,11,0,0,11,11,0,0,0,True,False,0
15327,6,0,0,6,6,0,0,0,True,False,0
15328,4,0,0,4,4,0,0,0,True,False,0
15329,6,0,0,6,6,0,0,0,True,False,0
15330,4,0,0,4,4,0,0,0,True,False,0
15331,6,0,0,6,6,0,0,0,True,False,0
15332,6,0,0,6,6,0,0,0,True,False,0
15333,6,0,0,6,6,0,0,0,True,False,0
15334,15,0,0,15,15,0,0,0,True,False,0
15335,7,0,0,7,7,0,0,0,True,False,0
15336,9,0,0,9,9,0,0,0,True,False,0
15337,13,0,0,13,13,0,0,0,True,False,0
15338,14,0,0,14,14,0,0,0,True,False,0
15339,7,0,0,7,7,0,0,0,True,False,0
15340,15,0,0,15,15,0,0,0,True,False,0
15341,11,0,0,11,11,0,0,0,True,False,0
15342,10,0,0,10,10,0,0,0,True,False,0
15343,10,0,0,10,10,0,0,0,True,False,0
15344,10,0,0,10,10,0,0,0,True,False,0
15345,11,0,0,11,11,0,0,0,True,False,0
15346,11,0,0,11,11,0,0,0,True,False,0
15347,11,0,0,11,11,0,0,0,True,False,0
15348,12,0,0,12,12,0,0,0,True,False,0
15349,10,0,0,10,10,0,0,0,True,False,0
15350,7,7,7,7,7,0,0,0,True,False,0
15351,5,0,0,5,5,0,0,0,True,False,0
15352,9,0,0,9,9,0,0,0,True,False,0
15353,9,0,0,9,9,0,0,0,True,False,0
15354,10,126,10,10,10,0,0,0,True,False,0
15355,200,0,0,200,200,0,0,0,True,False,0
15356,96,0,0,96,96,0,0,0,True,False,0
15357,46,0,0,46,46,0,0,0,True,False,0
15358,77,0,0,77,77,0,0,0,True,False,0
15359,7,0,0,7,7,0,0,0,True,False,0
15360,8,0,0,8,8,0,0,0,True,False,0
15361,8,0,0,8,8,0,0,0,True,False,0
15362,11,0,0,11,11,0,0,0,True,False,0
15363,8,0,0,8,8,0,0,0,True,False,0
15364,8,0,0,8,8,0,0,0,True,False,0
15365,8,0,0,8,8,0,0,0,True,False,0
15366,7,0,0,7,7,0,0,0,True,False,0
15367,7,0,0,7,7,0,0,0,True,False,0
15368,7,0,0,7,7,0,0,0,True,False,0
15369,6,0,0,6,6,0,0,0,True,False,0
15370,8,0,0,8,8,0,0,0,True,False,0
15371,7,0,0,7,7,0,0,0,True,False,0
15372,8,0,0,8,8,0,0,0,True,False,0
15373,8,0,0,8,8,0,0,0,True,False,0
15374,7,0,0,7,7,0,0,0,True,False,0
15375,7,0,0,7,7,0,0,0,True,False,0
15376,7,0,0,7,7,0,0,0,True,False,0
15377,6,0,0,6,6,0,0,0,True,False,0
15378,7,0,0,7,7,0,0,0,True,False,0
15379,7,0,0,7,7,0,0,0,True,False,0
15380,12,0,0,12,12,0,0,0,True,False,0
15381,13,0,0,13,13,0,0,0,True,False,0
15382,14,0,0,14,14,0,0,0,True,False,0
15383,13,0,0,13,13,0,0,0,True,False,0
15384,11,0,0,11,11,0,0,0,True,False,0
15385,12,0,0,12,12,0,0,0,True,False,0
15386,15,0,0,15,15,0,0,0,True,False,0
15387,13,0,0,13,13,0,0,0,True,False,0
15388,12,0,0,12,12,0,0,0,True,False,0
15389,12,0,0,12,12,0,0,0,True,False,0
15390,6,0,0,6,6,0,0,0,True,False,0
15391,4,0,0,4,4,0,0,0,True,False,0
15392,6,0,0,6,6,0,0,0,True,False,0
15393,4,0,0,4,4,0,0,0,True,False,0
15394,6,0,0,6,6,0,0,0,True,False,0
15395,6,0,0,6,6,0,0,0,True,False,0
15396,16,0,0,16,16,0,0,0,True,False,0
15397,9,0,0,9,9,0,0,0,True,False,0
15398,9,0,0,9,9,0,0,0,True,False,0
15399,7,0,0,7,7,0,0,0,True,False,0
15400,11,0,0,11,11,0,0,0,True,False,0
15401,11,0,0,11,11,0,0,0,True,False,0
15402,12,0,0,12,12,0,0,0,True,False,0
15403,15,0,0,15,15,0,0,0,True,False,0
15404,10,0,0,10,10,0,0,0,True,False,0
15405,13,0,0,13,13,0,0,0,True,False,0
15406,9,0,0,9,9,0,0,0,True,False,0
15407,11,0,0,11,11,0,0,0,True,False,0
15408,11,0,0,11,11,0,0,0,True,False,0
15409,10,0,0,10,10,0,0,0,True,False,0
15410,12,0,0,12,12,0,0,0,True,False,0
15411,11,0,0,11,11,0,0,0,True,False,0
15412,8,0,0,8,8,0,0,0,True,False,0
15413,8,8,8,8,8,0,0,0,True,False,0
15414,5,0,0,5,5,0,0,0,True,False,0
15415,9,0,0,9,9,0,0,0,True,False,0
15416,10,0,0,10,10,0,0,0,True,False,0
15417,0,118,0,0,0,0,0,0,True,False,0
15418,0,0,0,0,0,0,0,0,True,False,0
15419,98,0,0,98,98,0,0,0,True,False,0
15420,45,0,0,45,45,0,0,0,True,False,0
15421,81,0,0,81,81,0,0,0,True,False,0
15422,7,0,0,7,7,0,0,0,True,False,0
15423,9,0,0,9,9,0,0,0,True,False,0
15424,8,0,0,8,8,0,0,0,True,False,0
15425,9,0,0,9,9,0,0,0,True,False,0
15426,9,0,0,9,9,0,0,0,True,False,0
15427,9,0,0,9,9,0,0,0,True,False,0
15428,7,0,0,7,7,0,0,0,True,False,0
15429,8,0,0,8,8,0,0,0,True,False,0
15430,8,0,0,8,8,0,0,0,True,False,0
15431,7,0,0,7,7,0,0,0,True,False,0
15432,7,0,0,7,7,0,0,0,True,False,0
15433,7,0,0,7,7,0,0,0,True,False,0
15434,7,0,0,7,7,0,0,0,True,False,0
15435,7,0,0,7,7,0,0,0,True,False,0
15436,7,0,0,7,7,0,0,0,True,False,0
15437,5,0,0,5,5,0,0,0,True,False,0
15438,8,0,0,8,8,0,0,0,True,False,0
15439,5,0,0,5,5,0,0,0,True,False,0
15440,7,0,0,7,7,0,0,0,True,False,0
15441,8,0,0,8,8,0,0,0,True,False,0
15442,7,0,0,7,7,0,0,0,True,False,0
15443,13,0,0,13,13,0,0,0,True,False,0
15444,14,0,0,14,14,0,0,0,True,False,0
15445,11,0,0,11,11,0,0,0,True,False,0
15446,15,0,0,15,15,0,0,0,True,False,0
15447,14,0,0,14,14,0,0,0,True,False,0
15448,14,0,0,14,14,0,0,0,True,False,0
15449,12,0,0,12,12,0,0,0,True,False,0
15450,14,0,0,14,14,0,0,0,True,False,0
15451,12,0,0,12,12,0,0,0,True,False,0
15452,12,0,0,12,12,0,0,0,True,False,0
15453,6,0,0,6,6,0,0,0,True,False,0
15454,4,0,0,4,4,0,0,0,True,False,0
15455,6,0,0,6,6,0,0,0,True,False,0
15456,4,0,0,4,4,0,0,0,True,False,0
15457,6,0,0,6,6,0,0,0,True,False,0
15458,6,0,0,6,6,0,0,0,True,False,0
15459,7,0,0,7,7,0,0,0,True,False,0
15460,12,0,0,12,12,0,0,0,True,False,0
15461,8,0,0,8,8,0,0,0,True,False,0
15462,10,0,0,10,10,0,0,0,True,False,0
15463,15,0,0,15,15,0,0,0,True,False,0
15464,15,0,0,15,15,0,0,0,True,False,0
15465,10,0,0,10,10,0,0,0,True,False,0
15466,9,0,0,9,9,0,0,0,True,False,0
15467,12,0,0,12,12,0,0,0,True,False,0
15468,11,0,0,11,11,0,0,0,True,False,0
15469,10,0,0,10,10,0,0,0,True,False,0
15470,11,0,0,11,11,0,0,0,True,False,0
15471,10,0,0,10,10,0,0,0,True,False,0
15472,11,0,0,11,11,0,0,0,True,False,0
15473,10,0,0,10,10,0,0,0,True,False,0
15474,11,0,0,11,11,0,0,0,True,False,0
15475,8,0,0,8,8,0,0,0,True,False,0
15476,7,7,7,7,7,0,0,0,True,False,0
15477,5,0,0,5,5,0,0,0,True,False,0
15478,8,0,0,8,8,0,0,0,True,False,0
15479,9,0,0,9,9,0,0,0,True,False,0
15480,0,113,0,0,0,0,0,0,True,False,0
15481,0,0,0,0,0,0,0,0,True,False,0
15482,95,0,0,95,95,0,0,0,True,False,0
15483,47,0,0,47,47,0,0,0,True,False,0
15484,76,0,0,76,76,0,0,0,True,False,0
15485,9,0,0,9,9,0,0,0,True,False,0
15486,9,0,0,9,9,0,0,0,True,False,0
15487,10,0,0,10,10,0,0,0,True,False,0
15488,8,0,0,8,8,0,0,0,True,False,0
15489,8,0,0,8,8,0,0,0,True,False,0
15490,7,0,0,7,7,0,0,0,True,False,0
15491,7,0,0,7,7,0,0,0,True,False,0
15492,6,0,0,6,6,0,0,0,True,False,0
15493,7,0,0,7,7,0,0,0,True,False,0
15494,6,0,0,6,6,0,0,0,True,False,0
15495,8,0,0,8,8,0,0,0,True,False,0
15496,7,0,0,7,7,0,0,0,True,False,0
15497,8,0,0,8,8,0,0,0,True,False,0
15498,9,0,0,9,9,0,0,0,True,False,0
15499,5,0,0,5,5,0,0,0,True,False,0
15500,8,0,0,8,8,0,0,0,True,False,0
15501,8,0,0,8,8,0,0,0,True,False,0
15502,7,0,0,7,7,0,0,0,True,False,0
15503,7,0,0,7,7,0,0,0,True,False,0
15504,7,0,0,7,7,0,0,0,True,False,0
15505,9,0,0,9,9,0,0,0,True,False,0
15506,13,0,0,13,13,0,0,0,True,False,0
15507,15,0,0,15,15,0,0,0,True,False,0
15508,14,0,0,14,14,0,0,0,True,False,0
15509,13,0,0,13,13,0,0,0,True,False,0
15510,12,0,0,12,12,0,0,0,True,False,0
15511,14,0,0,14,14,0,0,0,True,False,0
15512,14,0,0,14,14,0,0,0,True,False,0
15513,17,0,0,17,17,0,0,0,True,False,0
15514,12,0,0,12,12,0,0,0,True,False,0
15515,12,0,0,12,12,0,0,0,True,False,0
15516,6,0,0,6,6,0,0,0,True,False,0
15517,4,0,0,4,4,0,0,0,True,False,0
15518,6,0,0,6,6,0,0,0,True,False,0
15519,4,0,0,4,4,0,0,0,True,False,0
15520,6,0,0,6,6,0,0,0,True,False,0
15521,6,0,0,6,6,0,0,0,True,False,0
15522,8,0,0,8,8,0,0,0,True,False,0
15523,7,0,0,7,7,0,0,0,True,False,0
15524,8,0,0,8,8,0,0,0,True,False,0
15525,12,0,0,12,12,0,0,0,True,False,0
15526,12,0,0,12,12,0,0,0,True,False,0
15527,13,0,0,13,13,0,0,0,True,False,0
15528,7,0,0,7,7,0,0,0,True,False,0
15529,11,0,0,11,11,0,0,0,True,False,0
15530,9,0,0,9,9,0,0,0,True,False,0
15531,10,0,0,10,10,0,0,0,True,False,0
15532,11,0,0,11,11,0,0,0,True,False,0
15533,9,0,0,9,9,0,0,0,True,False,0
15534,11,0,0,11,11,0,0,0,True,False,0
15535,9,0,0,9,9,0,0,0,True,False,0
15536,9,0,0,9,9,0,0,0,True,False,0
15537,13,0,0,13,13,0,0,0,True,False,0
15538,8,0,0,8,8,0,0,0,True,False,0
15539,8,8,8,8,8,0,0,0,True,False,0
15540,5,0,0,5,5,0,0,0,True,False,0
15541,8,0,0,8,8,0,0,0,True,False,0
15542,10,0,0,10,10,0,0,0,True,False,0
15543,0,117,0,0,0,0,0,0,True,False,0
15544,0,0,0,0,0,0,0,0,True,False,0
15545,92,0,0,92,92,0,0,0,True,False,0
15546,47,0,0,47,47,0,0,0,True,False,0
15547,80,0,0,80,80,0,0,0,True,False,0
15548,7,0,0,7,7,0,0,0,True,False,0
15549,9,0,0,9,9,0,0,0,True,False,0
15550,7,0,0,7,7,0,0,0,True,False,0
15551,7,0,0,7,7,0,0,0,True,False,0
15552,8,0,0,8,8,0,0,0,True,False,0
15553,9,0,0,9,9,0,0,0,True,False,0
15554,9,0,0,9,9,0,0,0,True,False,0
15555,9,0,0,9,9,0,0,0,True,False,0
15556,8,0,0,8,8,0,0,0,True,False,0
15557,8,0,0,8,8,0,0,0,True,False,0
15558,8,0,0,8,8,0,0,0,True,False,0
15559,8,0,0,8,8,0,0,0,True,False,0
15560,8,0,0,8,8,0,0,0,True,False,0
15561,7,0,0,7,7,0,0,0,True,False,0
15562,9,0,0,9,9,0,0,0,True,False,0
15563,10,0,0,10,10,0,0,0,True,False,0
15564,6,0,0,6,6,0,0,0,True,False,0
15565,7,0,0,7,7,0,0,0,True,False,0
15566,7,0,0,7,7,0,0,0,True,False,0
15567,6,0,0,6,6,0,0,0,True,False,0
15568,8,0,0,8,8,0,0,0,True,False,0
15569,12,0,0,12,12,0,0,0,True,False,0
15570,14,0,0,14,14,0,0,0,True,False,0
15571,17,0,0,17,17,0,0,0,True,False,0
15572,12,0,0,12,12,0,0,0,True,False,0
15573,12,0,0,12,12,0,0,0,True,False,0
15574,12,0,0,12,12,0,0,0,True,False,0
15575,13,0,0,13,13,0,0,0,True,False,0
15576,14,0,0,14,14,0,0,0,True,False,0
15577,12,0,0,12,12,0,0,0,True,False,0
15578,12,0,0,12,12,0,0,0,True,False,0
15579,6,0,0,6,6,0,0,0,True,False,0
15580,4,0,0,4,4,0,0,0,True,False,0
15581,6,0,0,6,6,0,0,0,True,False,0
15582,4,0,0,4,4,0,0,0,True,False,0
15583,6,0,0,6,6,0,0,0,True,False,0
15584,6,0,0,6,6,0,0,0,True,False,0
15585,13,0,0,13,13,0,0,0,True,False,0
15586,5,0,0,5,5,0,0,0,True,False,0
15587,17,0,0,17,17,0,0,0,True,False,0
15588,4,0,0,4,4,0,0,0,True,False,0
15589,7,0,0,7,7,0,0,0,True,False,0
15590,14,0,0,14,14,0,0,0,True,False,0
15591,7,0,0,7,7,0,0,0,True,False,0
15592,13,0,0,13,13,0,0,0,True,False,0
15593,1,0,0,1,1,0,0,0,True,True,0
15594,1,0,0,1,1,0,0,0,True,True,0
15595,1,0,0,1,1,0,0,0,True,True,0
15596,1,0,0,1,1,0,0,0,True,True,0
15597,13,0,0,13,13,0,0,0,True,False,0
15598,9,0,0,9,9,0,0,0,True,False,0
15599,11,0,0,11,11,0,0,0,True,False,0
15600,11,0,0,11,11,0,0,0,True,False,0
15601,13,0,0,13,13,0,0,0,True,False,0
15602,12,0,0,12,12,0,0,0,True,False,0
15603,11,0,0,11,11,0,0,0,True,False,0
15604,10,0,0,10,10,0,0,0,True,False,0
15605,8,0,0,8,8,0,0,0,True,False,0
15606,7,7,7,7,7,0,0,0,True,False,0
15607,5,0,0,5,5,0,0,0,True,False,0
15608,7,0,0,7,7,0,0,0,True,False,0
15609,10,0,0,10,10,0,0,0,True,False,0
15610,0,123,0,0,0,0,0,0,True,False,0
15611,0,0,0,0,0,0,0,0,True,False,0
15612,93,0,0,93,93,1,0,0,True,False,0
15613,48,0,0,48,48,0,0,0,True,False,0
15614,77,0,0,77,77,0,0,0,True,False,0
15615,9,0,0,9,9,0,0,0,True,False,0
15616,10,0,0,10,10,0,0,0,True,False,0
15617,7,0,0,7,7,0,0,0,True,False,0
15618,8,0,0,8,8,0,0,0,True,False,0
15619,9,0,0,9,9,0,0,0,True,False,0
15620,9,0,0,9,9,0,0,0,True,False,0
15621,7,0,0,7,7,0,0,0,True,False,0
15622,7,0,0,7,7,0,0,0,True,False,0
15623,7,0,0,7,7,0,0,0,True,False,0
15624,7,0,0,7,7,0,0,0,True,False,0
15625,7,0,0,7,7,0,0,0,True,False,0
15626,8,0,0,8,8,0,0,0,True,False,0
15627,8,0,0,8,8,0,0,0,True,False,0
15628,6,0,0,6,6,0,0,0,True,False,0
15629,9,0,0,9,9,0,0,0,True,False,0
15630,6,0,0,6,6,0,0,0,True,False,0
15631,6,0,0,6,6,0,0,0,True,False,0
15632,5,0,0,5,5,0,0,0,True,False,0
15633,7,0,0,7,7,0,0,0,True,False,0
15634,11,0,0,11,11,0,0,0,True,False,0
15635,7,0,0,7,7,0,0,0,True,False,0
15636,15,0,0,15,15,0,0,0,True,False,0
15637,12,0,0,12,12,0,0,0,True,False,0
15638,13,0,0,13,13,0,0,0,True,False,0
15639,15,0,0,15,15,0,0,0,True,False,0
15640,14,0,0,14,14,0,0,0,True,False,0
15641,15,0,0,15,15,0,0,0,True,False,0
15642,13,0,0,13,13,0,0,0,True,False,0
15643,13,0,0,13,13,0,0,0,True,False,0
15644,12,0,0,12,12,0,0,0,True,False,0
15645,12,0,0,12,12,0,0,0,True,False,0
15646,6,0,0,6,6,0,0,0,True,False,0
15647,4,0,0,4,4,0,0,0,True,False,0
15648,6,0,0,6,6,0,0,0,True,False,0
15649,4,0,0,4,4,0,0,0,True,False,0
15650,6,0,0,6,6,0,0,0,True,False,0
15651,6,0,0,6,6,0,0,0,True,False,0
15652,11,0,0,11,11,0,0,0,True,False,0
15653,13,0,0,13,13,0,0,0,True,False,0
15654,14,0,0,14,14,0,0,0,True,False,0
15655,10,0,0,10,10,0,0,0,True,False,0
15656,8,0,0,8,8,0,0,0,True,False,0
15657,13,0,0,13,13,0,0,0,True,False,0
15658,12,0,0,12,12,0,0,0,True,False,0
15659,7,0,0,7,7,0,0,0,True,False,0
15660,1,0,0,1,1,0,0,0,True,True,0
15661,1,0,0,1,1,0,0,0,True,True,0
15662,1,0,0,1,1,0,0,0,True,True,0
15663,1,0,0,1,1,0,0,0,True,True,0
15664,5,0,0,5,5,0,0,0,True,False,0
15665,5,0,0,5,5,0,0,0,True,False,0
15666,6,0,0,6,6,0,0,0,True,False,0
15667,6,0,0,6,6,0,0,0,True,False,0
15668,4,0,0,4,4,0,0,0,True,False,0
15669,5,0,0,5,5,0,0,0,True,False,0
15670,5,0,0,5,5,0,0,0,True,False,0
15671,6,0,0,6,6,0,0,0,True,False,0
15672,4,0,0,4,4,0,0,0,True,False,0
15673,4,4,4,4,4,0,0,0,True,False,0
15674,2,0,0,2,2,0,0,0,True,True,0
15675,4,0,0,4,4,0,0,0,True,False,0
15676,5,0,0,5,5,0,0,0,True,False,0
15677,0,57,0,0,0,0,0,0,True,False,0
15678,0,0,0,0,0,0,0,0,True,False,0
15679,46,0,0,46,46,0,0,0,True,False,0
15680,23,0,0,23,23,0,0,0,True,False,0
15681,35,0,0,35,35,0,0,0,True,False,0
15682,6,0,0,6,6,0,0,0,True,False,0
15683,4,0,0,4,4,0,0,0,True,False,0
15684,4,0,0,4,4,0,0,0,True,False,0
15685,4,0,0,4,4,0,0,0,True,False,0
15686,5,0,0,5,5,0,0,0,True,False,0
15687,3,0,0,3,3,0,0,0,True,False,0
15688,3,0,0,3,3,0,0,0,True,False,0
15689,3,0,0,3,3,0,0,0,True,False,0
15690,4,0,0,4,4,0,0,0,True,False,0
15691,4,0,0,4,4,0,0,0,True,False,0
15692,4,0,0,4,4,0,0,0,True,False,0
15693,3,0,0,3,3,0,0,0,True,False,0
15694,2,0,0,2,2,0,0,0,True,True,0
15695,3,0,0,3,3,0,0,0,True,False,0
15696,2,0,0,2,2,0,0,0,True,True,0
15697,3,0,0,3,3,0,0,0,True,False,0
15698,3,0,0,3,3,0,0,0,True,False,0
15699,4,0,0,4,4,0,0,0,True,False,0
15700,4,0,0,4,4,0,0,0,True,False,0
15701,2,0,0,2,2,0,0,0,True,True,0
15702,2,0,0,2,2,0,0,0,True,True,0
15703,5,0,0,5,5,0,0,0,True,False,0
15704,5,0,0,5,5,0,0,0,True,False,0
15705,6,0,0,6,6,0,0,0,True,False,0
15706,6,0,0,6,6,0,0,0,True,False,0
15707,7,0,0,7,7,0,0,0,True,False,0
15708,6,0,0,6,6,0,0,0,True,False,0
15709,8,0,0,8,8,0,0,0,True,False,0
15710,5,0,0,5,5,0,0,0,True,False,0
15711,6,0,0,6,6,0,0,0,True,False,0
15712,6,0,0,6,6,0,0,0,True,False,0
15713,2,0,0,2,2,0,0,0,True,True,0
15714,1,0,0,1,1,0,0,0,True,True,0
15715,3,0,0,3,3,0,0,0,True,False,0
15716,1,0,0,1,1,0,0,0,True,True,0
15717,3,0,0,3,3,0,0,0,True,False,0
15718,3,0,0,3,3,0,0,0,True,False,0
15719,9,0,0,9,9,0,0,0,True,False,0
15720,4,0,0,4,4,0,0,0,True,False,0
15721,1,0,0,1,1,0,0,0,True,True,0
15722,6,0,0,6,6,0,0,0,True,False,0
15723,7,0,0,7,7,0,0,0,True,False,0
15724,7,0,0,7,7,0,0,0,True,False,0
15725,2,0,0,2,2,0,0,0,True,True,0
15726,7,0,0,7,7,0,0,0,True,False,0
15727,6,0,0,6,6,0,0,0,False,False,0
15728,6,0,0,6,6,0,0,0,False,False,0
15729,8,0,0,8,8,0,0,0,False,False,0
15730,6,0,0,6,6,0,0,0,False,False,0
15731,6,0,0,6,6,0,0,0,False,False,0
15732,5,0,0,5,5,0,0,0,False,False,0
15733,7,0,0,7,7,0,0,0,False,False,0
15734,6,0,0,6,6,0,0,0,False,False,0
15735,7,0,0,7,7,0,0,0,False,False,0
15736,5,4,4,5,5,0,0,0,False,False,0
15737,4,0,0,4,4,0,0,0,False,False,0
15738,6,0,0,6,6,0,0,0,False,False,0
15739,6,0,0,6,6,0,0,0,False,False,0
15740,11,53,10,11,11,0,0,0,False,False,0
15741,200,0,0,200,200,0,0,0,False,False,0
15742,46,0,0,46,46,0,0,0,False,False,0
15743,23,0,0,23,23,0,0,0,False,False,0
15744,37,0,0,37,37,0,0,0,False,False,0
15745,6,0,0,6,6,0,0,0,False,False,0
15746,6,0,0,6,6,0,0,0,False,False,0
15747,7,0,0,7,7,0,0,0,False,False,0
15748,6,0,0,6,6,0,0,0,False,False,0
15749,5,0,0,5,5,0,0,0,False,False,0
15750,5,4,4,5,5,0,0,0,False,False,0
15751,4,3,3,4,4,0,0,0,False,False,0
15752,5,3,3,5,5,0,0,0,False,False,0
15753,5,3,3,5,5,0,0,0,False,False,0
15754,3,2,2,3,3,0,0,0,False,False,0
15755,3,2,2,3,3,0,0,0,False,False,0
15756,5,3,3,5,5,0,0,0,False,False,0
15757,6,4,4,6,6,0,0,0,False,False,0
15758,5,0,0,5,5,0,0,0,False,False,0
15759,5,0,0,5,5,0,0,0,False,False,0
15760,5,0,0,5,5,0,0,0,False,False,0
15761,6,0,0,6,6,0,0,0,False,False,0
15762,6,0,0,6,6,0,0,0,False,False,0
15763,5,0,0,5,5,0,0,0,False,False,0
15764,5,0,0,5,5,0,0,0,False,False,0
15765,5,0,0,5,5,0,0,0,False,False,0
15766,8,0,0,8,8,0,0,0,False,False,0
15767,8,0,0,8,8,0,0,0,False,False,0
15768,7,0,0,7,7,0,0,0,False,False,0
15769,8,0,0,8,8,0,0,0,False,False,0
15770,8,0,0,8,8,0,0,0,False,False,0
15771,7,0,0,7,7,0,0,0,False,False,0
15772,7,0,0,7,7,0,0,0,False,False,0
15773,7,0,0,7,7,0,0,0,False,False,0
15774,7,0,0,7,7,0,0,0,False,False,0
15775,4,0,0,4,4,0,0,0,False,False,0
15776,4,0,0,4,4,0,0,0,False,False,0
15777,3,0,0,3,3,0,0,0,False,False,0
15778,7,0,0,7,7,0,0,0,False,False,0
15779,7,0,0,7,7,0,0,0,False,False,0
15780,7,0,0,7,7,0,0,0,False,False,0
15781,7,0,0,7,7,0,0,0,False,False,0
15782,5,0,0,5,5,0,0,0,False,False,0
15783,6,0,0,6,6,0,0,0,False,False,0
15784,4,0,0,4,4,0,0,0,False,False,0
15785,3,0,0,3,3,0,0,0,False,False,0
15786,7,0,0,7,7,0,0,0,False,False,0
15787,3,0,0,3,3,0,0,0,False,False,0
15788,4,0,0,4,4,0,0,0,False,False,0
15789,8,0,0,8,8,0,0,0,False,False,0
15790,2,0,0,2,2,0,0,0,False,True,0
15791,2,0,0,2,2,0,0,0,False,True,0
15792,2,0,0,2,2,0,0,0,False,True,0
15793,2,0,0,2,2,0,0,0,False,True,0
15794,2,0,0,2,2,0,0,0,False,True,0
15795,2,0,0,2,2,0,0,0,False,True,0
15796,2,0,0,2,2,0,0,0,False,True,0
15797,2,0,0,2,2,0,0,0,False,True,0
15798,2,0,0,2,2,0,0,0,False,True,0
15799,2,0,0,2,2,0,0,0,False,True,0
15800,2,0,0,2,2,0,0,0,False,True,0
15801,2,0,0,2,2,0,0,0,False,True,0
15802,2,0,0,2,2,0,0,0,False,True,0
15803,2,0,0,2,2,0,0,0,False,True,0
15804,2,0,0,2,2,0,0,0,False,True,0
15805,2,0,0,2,2,0,0,0,False,True,0
15806,10,0,0,10,10,0,0,0,True,False,0
15807,9,0,0,9,9,0,0,0,True,False,0
15808,13,0,0,13,13,0,0,0,True,False,0
15809,10,0,0,10,10,0,0,0,True,False,0
15810,11,0,0,11,11,0,0,0,True,False,0
15811,14,0,0,14,14,0,0,0,True,False,0
15812,11,0,0,11,11,0,0,0,True,False,0
15813,13,0,0,13,13,0,0,0,True,False,0
15814,10,0,0,10,10,0,0,0,True,False,0
15815,7,7,7,7,7,0,0,0,True,False,0
15816,5,0,0,5,5,0,0,0,True,False,0
15817,12,0,0,12,12,0,0,0,True,False,0
15818,14,0,0,14,14,0,0,0,True,False,0
15819,0,116,0,0,0,0,0,0,True,False,0
15820,0,0,0,0,0,0,0,0,True,False,0
15821,92,0,0,92,92,0,0,0,True,False,0
15822,45,0,0,45,45,0,0,0,True,False,0
15823,73,0,0,73,73,0,0,0,True,False,0
15824,13,0,0,13,13,0,0,0,True,False,0
15825,11,0,0,11,11,0,0,0,True,False,0
15826,9,0,0,9,9,0,0,0,True,False,0
15827,10,0,0,10,10,0,0,0,True,False,0
15828,10,0,0,10,10,0,0,0,True,False,0
15829,6,0,0,6,6,0,0,0,True,False,0
15830,7,1,1,7,7,0,0,0,True,False,0
15831,7,0,0,7,7,0,0,0,True,False,0
15832,8,0,0,8,8,0,0,0,True,False,0
15833,8,1,1,8,8,0,0,0,True,False,0
15834,9,1,1,9,9,0,0,0,True,False,0
15835,8,0,0,8,8,0,0,0,True,False,0
15836,9,0,0,9,9,0,0,0,True,False,0
15837,8,0,0,8,8,0,0,0,True,False,0
15838,7,0,0,7,7,0,0,0,True,False,0
15839,8,0,0,8,8,0,0,0,True,False,0
15840,7,0,0,7,7,0,0,0,True,False,0
15841,6,0,0,6,6,0,0,0,True,False,0
15842,6,0,0,6,6,0,0,0,True,False,0
15843,6,0,0,6,6,0,0,0,True,False,0
15844,7,0,0,7,7,0,0,0,True,False,0
15845,13,0,0,13,13,0,0,0,True,False,0
15846,12,0,0,12,12,0,0,0,True,False,0
15847,13,0,0,13,13,0,0,0,True,False,0
15848,13,0,0,13,13,0,0,0,True,False,0
15849,13,0,0,13,13,0,0,0,True,False,0
15850,13,0,0,13,13,0,0,0,True,False,0
15851,15,0,0,15,15,0,0,0,True,False,0
15852,13,0,0,13,13,0,0,0,True,False,0
15853,12,0,0,12,12,0,0,0,True,False,0
15854,6,0,0,6,6,0,0,0,True,False,0
15855,6,0,0,6,6,0,0,0,True,False,0
15856,4,0,0,4,4,0,0,0,True,False,0
15857,12,0,0,12,12,0,0,0,True,False,0
15858,12,0,0,12,12,0,0,0,True,False,0
15859,12,0,0,12,12,0,0,0,True,False,0
15860,12,0,0,12,12,0,0,0,True,False,0
15861,9,0,0,9,9,0,0,0,True,False,0
15862,11,0,0,11,11,0,0,0,True,False,0
15863,14,0,0,14,14,0,0,0,True,False,0
15864,15,0,0,15,15,0,0,0,True,False,0
15865,15,0,0,15,15,0,0,0,True,False,0
15866,13,0,0,13,13,0,0,0,True,False,0
15867,9,0,0,9,9,0,0,0,True,False,0
15868,9,0,0,9,9,0,0,0,True,False,0
15869,10,0,0,10,10,0,0,0,True,False,0
15870,9,0,0,9,9,0,0,0,True,False,0
15871,9,0,0,9,9,0,0,0,True,False,0
15872,9,0,0,9,9,0,0,0,True,False,0
15873,9,0,0,9,9,0,0,0,True,False,0
15874,9,0,0,9,9,0,0,0,True,False,0
15875,12,0,0,12,12,0,0,0,True,False,0
15876,10,0,0,10,10,0,0,0,True,False,0
15877,10,0,0,10,10,0,0,0,True,False,0
15878,8,8,8,8,8,0,0,0,True,False,0
15879,5,0,0,5,5,0,0,0,True,False,0
15880,9,0,0,9,9,0,0,0,True,False,0
15881,13,0,0,13,13,0,0,0,True,False,0
15882,0,117,0,0,0,0,0,0,True,False,0
15883,0,0,0,0,0,0,0,0,True,False,0
15884,92,0,0,92,92,0,0,0,True,False,0
15885,49,0,0,49,49,0,0,0,True,False,0
15886,72,0,0,72,72,0,0,0,True,False,0
15887,11,0,0,11,11,0,0,0,True,False,0
15888,12,0,0,12,12,0,0,0,True,False,0
15889,11,0,0,11,11,0,0,0,True,False,0
15890,11,0,0,11,11,0,0,0,True,False,0
15891,10,0,0,10,10,0,0,0,True,False,0
15892,7,0,0,7,7,0,0,0,True,False,0
15893,8,0,0,8,8,0,0,0,True,False,0
15894,8,0,0,8,8,0,0,0,True,False,0
15895,7,0,0,7,7,0,0,0,True,False,0
15896,8,0,0,8,8,0,0,0,True,False,0
15897,6,0,0,6,6,0,0,0,True,False,0
15898,6,0,0,6,6,0,0,0,True,False,0
15899,8,0,0,8,8,0,0,0,True,False,0
15900,9,0,0,9,9,0,0,0,True,False,0
15901,7,0,0,7,7,0,0,0,True,False,0
15902,7,0,0,7,7,0,0,0,True,False,0
15903,7,0,0,7,7,0,0,0,True,False,0
15904,9,0,0,9,9,0,0,0,True,False,0
15905,6,0,0,6,6,0,0,0,True,False,0
15906,7,0,0,7,7,0,0,0,True,False,0
15907,7,0,0,7,7,0,0,0,True,False,0
15908,15,0,0,15,15,0,0,0,True,False,0
15909,13,0,0,13,13,0,0,0,True,False,0
15910,14,0,0,14,14,0,0,0,True,False,0
15911,13,0,0,13,13,0,0,0,True,False,0
15912,12,0,0,12,12,0,0,0,True,False,0
15913,15,0,0,15,15,0,0,0,True,False,0
15914,13,0,0,13,13,0,0,0,True,False,0
15915,12,0,0,12,12,0,0,0,True,False,0
15916,12,0,0,12,12,0,0,0,True,False,0
15917,6,0,0,6,6,0,0,0,True,False,0
15918,6,0,0,6,6,0,0,0,True,False,0
15919,4,0,0,4,4,0,0,0,True,False,0
15920,12,0,0,12,12,0,0,0,True,False,0
15921,12,0,0,12,12,0,0,0,True,False,0
15922,12,0,0,12,12,0,0,0,True,False,0
15923,12,0,0,12,12,0,0,0,True,False,0
15924,10,0,0,10,10,0,0,0,True,False,0
15925,10,0,0,10,10,0,0,0,True,False,0
15926,16,0,0,16,16,0,0,0,True,False,0
15927,9,0,0,9,9,0,0,0,True,False,0
15928,7,0,0,7,7,0,0,0,True,False,0
15929,10,0,0,10,10,0,0,0,True,False,0
15930,8,0,0,8,8,0,0,0,True,False,0
15931,11,0,0,11,11,0,0,0,True,False,0
15932,10,0,0,10,10,0,0,0,True,False,0
15933,12,0,0,12,12,0,0,0,True,False,0
15934,11,0,0,11,11,0,0,0,True,False,0
15935,13,0,0,13,13,0,0,0,True,False,0
15936,10,0,0,10,10,0,0,0,True,False,0
15937,10,0,0,10,10,0,0,0,True,False,0
15938,11,0,0,11,11,0,0,0,True,False,0
15939,10,0,0,10,10,0,0,0,True,False,0
15940,12,0,0,12,12,0,0,0,True,False,0
15941,7,7,7,7,7,0,0,0,True,False,0
15942,5,0,0,5,5,0,0,0,True,False,0
15943,12,0,0,12,12,0,0,0,True,False,0
15944,10,0,0,10,10,0,0,0,True,False,0
15945,0,123,0,0,0,0,0,0,True,False,0
15946,0,0,0,0,0,0,0,0,True,False,0
15947,96,0,0,96,96,0,0,0,True,False,0
15948,46,0,0,46,46,0,0,0,True,False,0
15949,71,0,0,71,71,0,0,0,True,False,0
15950,10,0,0,10,10,0,0,0,True,False,0
15951,10,0,0,10,10,0,0,0,True,False,0
15952,10,0,0,10,10,0,0,0,True,False,0
15953,12,0,0,12,12,0,0,0,True,False,0
15954,10,0,0,10,10,0,0,0,True,False,0
15955,7,0,0,7,7,0,0,0,True,False,0
15956,7,0,0,7,7,0,0,0,True,False,0
15957,8,0,0,8,8,0,0,0,True,False,0
15958,6,0,0,6,6,0,0,0,True,False,0
15959,7,0,0,7,7,0,0,0,True,False,0
15960,7,0,0,7,7,0,0,0,True,False,0
15961,8,0,0,8,8,0,0,0,True,False,0
15962,9,0,0,9,9,0,0,0,True,False,0
15963,7,0,0,7,7,0,0,0,True,False,0
15964,7,0,0,7,7,0,0,0,True,False,0
15965,7,0,0,7,7,0,0,0,True,False,0
15966,6,0,0,6,6,0,0,0,True,False,0
15967,7,0,0,7,7,0,0,0,True,False,0
15968,9,0,0,9,9,0,0,0,True,False,0
15969,6,0,0,6,6,0,0,0,True,False,0
15970,7,0,0,7,7,0,0,0,True,False,0
15971,13,0,0,13,13,0,0,0,True,False,0
15972,13,0,0,13,13,0,0,0,True,False,0
15973,13,0,0,13,13,0,0,0,True,False,0
15974,15,0,0,15,15,0,0,0,True,False,0
15975,15,0,0,15,15,0,0,0,True,False,0
15976,15,0,0,15,15,0,0,0,True,False,0
15977,15,0,0,15,15,0,0,0,True,False,0
15978,13,0,0,13,13,0,0,0,True,False,0
15979,12,0,0,12,12,0,0,0,True,False,0
15980,6,0,0,6,6,0,0,0,True,False,0
15981,6,0,0,6,6,0,0,0,True,False,0
15982,4,0,0,4,4,0,0,0,True,False,0
15983,12,0,0,12,12,0,0,0,True,False,0
15984,12,0,0,12,12,0,0,0,True,False,0
15985,12,0,0,12,12,0,0,0,True,False,0
15986,12,0,0,12,12,0,0,0,True,False,0
15987,13,0,0,13,13,0,0,0,True,False,0
15988,11,0,0,11,11,0,0,0,True,False,0
15989,6,0,0,6,6,0,0,0,True,False,0
15990,9,0,0,9,9,0,0,0,True,False,0
15991,7,0,0,7,7,0,0,0,True,False,0
15992,10,0,0,10,10,0,0,0,True,False,0
15993,16,0,0,16,16,0,0,0,True,False,0
15994,7,0,0,7,7,0,0,0,True,False,0
15995,10,0,0,10,10,0,0,0,True,False,0
15996,11,0,0,11,11,0,0,0,True,False,0
15997,9,0,0,9,9,0,0,0,True,False,0
15998,13,0,0,13,13,0,0,0,True,False,0
15999,10,0,0,10,10,0,0,0,True,False,0
16000,10,0,0,10,10,0,0,0,True,False,0
16001,11,0,0,11,11,0,0,0,True,False,0
16002,12,0,0,12,12,0,0,0,True,False,0
16003,10,1,1,10,10,0,0,0,True,False,0
16004,8,8,8,8,8,0,0,0,True,False,0
16005,5,0,0,5,5,0,0,0,True,False,0
16006,11,1,1,11,11,0,0,0,True,False,0
16007,11,1,1,11,11,0,0,0,True,False,0
16008,0,119,0,0,0,0,0,0,True,False,0
16009,0,0,0,0,0,0,0,0,True,False,0
16010,94,0,0,94,94,0,0,0,True,False,0
16011,45,0,0,45,45,0,0,0,True,False,0
16012,76,0,0,76,76,0,0,0,True,False,0
16013,10,1,1,10,10,0,0,0,True,False,0
16014,9,1,1,9,9,0,0,0,True,False,0
16015,14,1,1,14,14,0,0,0,True,False,0
16016,11,1,1,11,11,0,0,0,True,False,0
16017,10,1,1,10,10,0,0,0,True,False,0
16018,9,0,0,9,9,0,0,0,True,False,0
16019,8,0,0,8,8,0,0,0,True,False,0
16020,6,0,0,6,6,0,0,0,True,False,0
16021,9,0,0,9,9,0,0,0,True,False,0
16022,9,0,0,9,9,0,0,0,True,False,0
16023,7,0,0,7,7,0,0,0,True,False,0
16024,8,0,0,8,8,0,0,0,True,False,0
16025,7,0,0,7,7,0,0,0,True,False,0
16026,6,0,0,6,6,0,0,0,True,False,0
16027,8,0,0,8,8,0,0,0,True,False,0
16028,7,0,0,7,7,0,0,0,True,False,0
16029,7,0,0,7,7,0,0,0,True,False,0
16030,7,0,0,7,7,0,0,0,True,False,0
16031,6,0,0,6,6,0,0,0,True,False,0
16032,9,0,0,9,9,0,0,0,True,False,0
16033,7,0,0,7,7,0,0,0,True,False,0
16034,11,0,0,11,11,0,0,0,True,False,0
16035,13,0,0,13,13,0,0,0,True,False,0
16036,12,0,0,12,12,0,0,0,True,False,0
16037,13,0,0,13,13,0,0,0,True,False,0
16038,15,0,0,15,15,0,0,0,True,False,0
16039,13,0,0,13,13,0,0,0,True,False,0
16040,12,0,0,12,12,0,0,0,True,False,0
16041,14,0,0,14,14,0,0,0,True,False,0
16042,12,0,0,12,12,0,0,0,True,False,0
16043,6,0,0,6,6,0,0,0,True,False,0
16044,6,0,0,6,6,0,0,0,True,False,0
16045,4,0,0,4,4,0,0,0,True,False,0
16046,12,0,0,12,12,0,0,0,True,False,0
16047,12,0,0,12,12,0,0,0,True,False,0
16048,12,0,0,12,12,0,0,0,True,False,0
16049,12,0,0,12,12,0,0,0,True,False,0
16050,9,0,0,9,9,0,0,0,True,False,0
16051,7,0,0,7,7,0,0,0,True,False,0
16052,6,0,0,6,6,0,0,0,True,False,0
16053,14,0,0,14,14,0,0,0,True,False,0
16054,10,0,0,10,10,0,0,0,True,False,0
16055,6,0,0,6,6,0,0,0,True,False,0
16056,10,0,0,10,10,0,0,0,True,False,0
16057,16,0,0,16,16,0,0,0,True,False,0
16058,12,0,0,12,12,0,0,0,True,False,0
16059,11,0,0,11,11,0,0,0,True,False,0
16060,10,0,0,10,10,0,0,0,True,False,0
16061,8,0,0,8,8,0,0,0,True,False,0
16062,10,0,0,10,10,0,0,0,True,False,0
16063,9,0,0,9,9,0,0,0,True,False,0
16064,9,0,0,9,9,0,0,0,True,False,0
16065,13,0,0,13,13,0,0,0,True,False,0
16066,9,0,0,9,9,0,0,0,True,False,0
16067,7,7,7,7,7,0,0,0,True,False,0
16068,5,0,0,5,5,0,0,0,True,False,0
16069,9,0,0,9,9,0,0,0,True,False,0
16070,8,0,0,8,8,0,0,0,True,False,0
16071,10,118,10,10,10,0,0,0,True,False,0
16072,200,0,0,200,200,0,0,0,True,False,0
16073,96,0,0,96,96,0,0,0,True,False,0
16074,47,0,0,47,47,0,0,0,True,False,0
16075,78,0,0,78,78,0,0,0,True,False,0
16076,7,0,0,7,7,0,0,0,True,False,0
16077,8,0,0,8,8,0,0,0,True,False,0
16078,9,0,0,9,9,0,0,0,True,False,0
16079,8,0,0,8,8,0,0,0,True,False,0
16080,8,0,0,8,8,0,0,0,True,False,0
16081,7,0,0,7,7,0,0,0,True,False,0
16082,7,0,0,7,7,0,0,0,True,False,0
16083,8,0,0,8,8,0,0,0,True,False,0
16084,6,0,0,6,6,0,0,0,True,False,0
16085,8,0,0,8,8,0,0,0,True,False,0
16086,7,0,0,7,7,0,0,0,True,False,0
16087,8,0,0,8,8,0,0,0,True,False,0
16088,7,0,0,7,7,0,0,0,True,False,0
16089,7,0,0,7,7,0,0,0,True,False,0
16090,7,0,0,7,7,0,0,0,True,False,0
16091,8,0,0,8,8,0,0,0,True,False,0
16092,5,0,0,5,5,0,0,0,True,False,0
16093,7,0,0,7,7,0,0,0,True,False,0
16094,8,0,0,8,8,0,0,0,True,False,0
16095,8,0,0,8,8,0,0,0,True,False,0
16096,9,0,0,9,9,0,0,0,True,False,0
16097,14,0,0,14,14,0,0,0,True,False,0
16098,14,0,0,14,14,0,0,0,True,False,0
16099,13,0,0,13,13,0,0,0,True,False,0
16100,13,0,0,13,13,0,0,0,True,False,0
16101,14,0,0,14,14,0,0,0,True,False,0
16102,14,0,0,14,14,0,0,0,True,False,0
16103,15,0,0,15,15,0,0,0,True,False,0
16104,12,0,0,12,12,0,0,0,True,False,0
16105,12,0,0,12,12,0,0,0,True,False,0
16106,6,0,0,6,6,0,0,0,True,False,0
16107,6,0,0,6,6,0,0,0,True,False,0
16108,4,0,0,4,4,0,0,0,True,False,0
16109,12,0,0,12,12,0,0,0,True,False,0
16110,12,0,0,12,12,0,0,0,True,False,0
16111,12,0,0,12,12,0,0,0,True,False,0
16112,12,0,0,12,12,0,0,0,True,False,0
16113,4,0,0,4,4,0,0,0,True,False,0
16114,7,0,0,7,7,0,0,0,True,False,0
16115,8,0,0,8,8,0,0,0,True,False,0
16116,7,0,0,7,7,0,0,0,True,False,0
16117,9,0,0,9,9,0,0,0,True,False,0
16118,12,0,0,12,12,0,0,0,True,False,0
16119,13,0,0,13,13,0,0,0,True,False,0
16120,7,0,0,7,7,0,0,0,True,False,0
16121,10,0,0,10,10,0,0,0,True,False,0
16122,9,0,0,9,9,0,0,0,True,False,0
16123,12,0,0,12,12,0,0,0,True,False,0
16124,12,0,0,12,12,0,0,0,True,False,0
16125,11,0,0,11,11,0,0,0,True,False,0
16126,8,0,0,8,8,0,0,0,True,False,0
16127,11,0,0,11,11,0,0,0,True,False,0
16128,11,0,0,11,11,0,0,0,True,False,0
16129,9,0,0,9,9,0,0,0,True,False,0
16130,8,8,8,8,8,0,0,0,True,False,0
16131,5,0,0,5,5,0,0,0,True,False,0
16132,9,0,0,9,9,0,0,0,True,False,0
16133,9,0,0,9,9,0,0,0,True,False,0
16134,0,117,0,0,0,0,0,0,True,False,0
16135,0,0,0,0,0,0,0,0,True,False,0
16136,95,0,0,95,95,0,0,0,True,False,0
16137,45,0,0,45,45,0,0,0,True,False,0
16138,76,0,0,76,76,0,0,0,True,False,0
16139,8,0,0,8,8,0,0,0,True,False,0
16140,8,0,0,8,8,0,0,0,True,False,0
16141,8,0,0,8,8,0,0,0,True,False,0
16142,10,0,0,10,10,0,0,0,True,False,0
16143,9,0,0,9,9,0,0,0,True,False,0
16144,7,0,0,7,7,0,0,0,True,False,0
16145,8,0,0,8,8,0,0,0,True,False,0
16146,8,0,0,8,8,0,0,0,True,False,0
16147,6,0,0,6,6,0,0,0,True,False,0
16148,7,0,0,7,7,0,0,0,True,False,0
16149,7,0,0,7,7,0,0,0,True,False,0
16150,8,0,0,8,8,0,0,0,True,False,0
16151,7,0,0,7,7,0,0,0,True,False,0
16152,6,0,0,6,6,0,0,0,True,False,0
16153,7,0,0,7,7,0,0,0,True,False,0
16154,7,0,0,7,7,0,0,0,True,False,0
16155,7,0,0,7,7,0,0,0,True,False,0
16156,8,0,0,8,8,0,0,0,True,False,0
16157,5,0,0,5,5,0,0,0,True,False,0
16158,7,0,0,7,7,0,0,0,True,False,0
16159,6,0,0,6,6,0,0,0,True,False,0
16160,14,0,0,14,14,0,0,0,True,False,0
16161,13,0,0,13,13,0,0,0,True,False,0
16162,13,0,0,13,13,0,0,0,True,False,0
16163,14,0,0,14,14,0,0,0,True,False,0
16164,14,0,0,14,14,0,0,0,True,False,0
16165,15,0,0,15,15,0,0,0,True,False,0
16166,17,0,0,17,17,0,0,0,True,False,0
16167,15,0,0,15,15,0,0,0,True,False,0
16168,12,0,0,12,12,0,0,0,True,False,0
16169,6,0,0,6,6,0,0,0,True,False,0
16170,6,0,0,6,6,0,0,0,True,False,0
16171,4,0,0,4,4,0,0,0,True,False,0
16172,12,0,0,12,12,0,0,0,True,False,0
16173,12,0,0,12,12,0,0,0,True,False,0
16174,12,0,0,12,12,0,0,0,True,False,0
16175,12,0,0,12,12,0,0,0,True,False,0
16176,8,0,0,8,8,0,0,0,True,False,0
16177,13,0,0,13,13,0,0,0,True,False,0
16178,14,0,0,14,14,0,0,0,True,False,0
16179,16,0,0,16,16,0,0,0,True,False,0
16180,12,0,0,12,12,0,0,0,True,False,0
16181,8,0,0,8,8,0,0,0,True,False,0
16182,11,0,0,11,11,0,0,0,True,False,0
16183,17,0,0,17,17,0,0,0,True,False,0
16184,11,0,0,11,11,0,0,0,True,False,0
16185,12,0,0,12,12,0,0,0,True,False,0
16186,10,0,0,10,10,0,0,0,True,False,0
16187,12,0,0,12,12,0,0,0,True,False,0
16188,8,0,0,8,8,0,0,0,True,False,0
16189,11,0,0,11,11,0,0,0,True,False,0
16190,11,0,0,11,11,0,0,0,True,False,0
16191,8,0,0,8,8,0,0,0,True,False,0
16192,8,0,0,8,8,0,0,0,True,False,0
16193,7,7,7,7,7,0,0,0,True,False,0
16194,5,0,0,5,5,0,0,0,True,False,0
16195,9,0,0,9,9,0,0,0,True,False,0
16196,8,0,0,8,8,0,0,0,True,False,0
16197,0,116,0,0,0,0,0,0,True,False,0
16198,0,0,0,0,0,0,0,0,True,False,0
16199,94,0,0,94,94,0,0,0,True,False,0
16200,50,0,0,50,50,0,0,0,True,False,0
16201,76,0,0,76,76,0,0,0,True,False,0
16202,8,0,0,8,8,0,0,0,True,False,0
16203,8,0,0,8,8,0,0,0,True,False,0
16204,9,0,0,9,9,0,0,0,True,False,0
16205,9,0,0,9,9,0,0,0,True,False,0
16206,8,0,0,8,8,0,0,0,True,False,0
16207,7,0,0,7,7,0,0,0,True,False,0
16208,8,0,0,8,8,0,0,0,True,False,0
16209,7,0,0,7,7,0,0,0,True,False,0
16210,8,0,0,8,8,0,0,0,True,False,0
16211,7,0,0,7,7,0,0,0,True,False,0
16212,8,0,0,8,8,0,0,0,True,False,0
16213,7,0,0,7,7,0,0,0,True,False,0
16214,6,0,0,6,6,0,0,0,True,False,0
16215,10,0,0,10,10,0,0,0,True,False,0
16216,7,0,0,7,7,0,0,0,True,False,0
16217,7,0,0,7,7,0,0,0,True,False,0
16218,8,0,0,8,8,0,0,0,True,False,0
16219,6,0,0,6,6,0,0,0,True,False,0
16220,7,0,0,7,7,0,0,0,True,False,0
16221,9,0,0,9,9,0,0,0,True,False,0
16222,6,0,0,6,6,0,0,0,True,False,0
16223,14,0,0,14,14,0,0,0,True,False,0
16224,13,0,0,13,13,0,0,0,True,False,0
16225,14,0,0,14,14,0,0,0,True,False,0
16226,14,0,0,14,14,0,0,0,True,False,0
16227,13,0,0,13,13,0,0,0,True,False,0
16228,13,0,0,13,13,0,0,0,True,False,0
16229,16,0,0,16,16,0,0,0,True,False,0
16230,14,0,0,14,14,0,0,0,True,False,0
16231,12,0,0,12,12,0,0,0,True,False,0
16232,6,0,0,6,6,0,0,0,True,False,0
16233,6,0,0,6,6,0,0,0,True,False,0
16234,4,0,0,4,4,0,0,0,True,False,0
16235,12,0,0,12,12,0,0,0,True,False,0
16236,12,0,0,12,12,0,0,0,True,False,0
16237,12,0,0,12,12,0,0,0,True,False,0
16238,12,0,0,12,12,0,0,0,True,False,0
16239,6,0,0,6,6,0,0,0,True,False,0
16240,12,0,0,12,12,0,0,0,True,False,0
16241,11,0,0,11,11,0,0,0,True,False,0
16242,6,0,0,6,6,0,0,0,True,False,0
16243,9,0,0,9,9,0,0,0,True,False,0
16244,12,0,0,12,12,0,0,0,True,False,0
16245,8,0,0,8,8,0,0,0,True,False,0
16246,6,0,0,6,6,0,0,0,True,False,0
16247,9,0,0,9,9,0,0,0,True,False,0
16248,11,0,0,11,11,0,0,0,True,False,0
16249,11,0,0,11,11,0,0,0,True,False,0
16250,8,0,0,8,8,0,0,0,True,False,0
16251,11,0,0,11,11,0,0,0,True,False,0
16252,11,0,0,11,11,0,0,0,True,False,0
16253,12,0,0,12,12,0,0,0,True,False,0
16254,12,0,0,12,12,0,0,0,True,False,0
16255,8,0,0,8,8,0,0,0,True,False,0
16256,8,8,8,8,8,0,0,0,True,False,0
16257,5,0,0,5,5,0,0,0,True,False,0
16258,8,0,0,8,8,0,0,0,True,False,0
16259,7,0,0,7,7,0,0,0,True,False,0
16260,0,119,0,0,0,0,0,0,True,False,0
16261,0,0,0,0,0,0,0,0,True,False,0
16262,96,0,0,96,96,0,0,0,True,False,0
16263,55,0,0,55,55,0,0,0,True,False,0
16264,77,0,0,77,77,0,0,0,True,False,0
16265,10,0,0,10,10,0,0,0,True,False,0
16266,10,0,0,10,10,0,0,0,True,False,0
16267,6,0,0,6,6,0,0,0,True,False,0
16268,7,0,0,7,7,0,0,0,True,False,0
16269,10,0,0,10,10,0,0,0,True,False,0
16270,7,0,0,7,7,0,0,0,True,False,0
16271,8,0,0,8,8,0,0,0,True,False,0
16272,7,0,0,7,7,0,0,0,True,False,0
16273,8,0,0,8,8,0,0,0,True,False,0
16274,7,0,0,7,7,0,0,0,True,False,0
16275,7,0,0,7,7,0,0,0,True,False,0
16276,7,0,0,7,7,0,0,0,True,False,0
16277,8,0,0,8,8,0,0,0,True,False,0
16278,7,0,0,7,7,0,0,0,True,False,0
16279,8,0,0,8,8,0,0,0,True,False,0
16280,7,0,0,7,7,0,0,0,True,False,0
16281,6,0,0,6,6,0,0,0,True,False,0
16282,8,0,0,8,8,0,0,0,True,False,0
16283,7,0,0,7,7,0,0,0,True,False,0
16284,7,0,0,7,7,0,0,0,True,False,0
16285,8,0,0,8,8,0,0,0,True,False,0
16286,13,0,0,13,13,0,0,0,True,False,0
16287,13,0,0,13,13,0,0,0,True,False,0
16288,12,0,0,12,12,0,0,0,True,False,0
16289,14,0,0,14,14,0,0,0,True,False,0
16290,13,0,0,13,13,0,0,0,True,False,0
16291,12,0,0,12,12,0,0,0,True,False,0
16292,12,0,0,12,12,0,0,0,True,False,0
16293,14,0,0,14,14,0,0,0,True,False,0
16294,12,0,0,12,12,0,0,0,True,False,0
16295,6,0,0,6,6,0,0,0,True,False,0
16296,6,0,0,6,6,0,0,0,True,False,0
16297,4,0,0,4,4,0,0,0,True,False,0
16298,12,0,0,12,12,0,0,0,True,False,0
16299,12,0,0,12,12,0,0,0,True,False,0
16300,12,0,0,12,12,0,0,0,True,False,0
16301,12,0,0,12,12,0,0,0,True,False,0
16302,12,0,0,12,12,0,0,0,True,False,0
16303,4,0,0,4,4,0,0,0,True,False,0
16304,16,0,0,16,16,0,0,0,True,False,0
16305,13,0,0,13,13,0,0,0,True,False,0
16306,8,0,0,8,8,0,0,0,True,False,0
16307,14,0,0,14,14,0,0,0,True,False,0
16308,10,0,0,10,10,0,0,0,True,False,0
16309,11,0,0,11,11,0,0,0,True,False,0
16310,1,0,0,1,1,0,0,0,True,True,0
16311,1,0,0,1,1,0,0,0,True,True,0
16312,1,0,0,1,1,0,0,0,True,True,0
16313,8,0,0,8,8,0,0,0,True,False,0
16314,8,0,0,8,8,0,0,0,True,False,0
16315,10,0,0,10,10,0,0,0,True,False,0
16316,11,0,0,11,11,0,0,0,True,False,0
16317,11,0,0,11,11,0,0,0,True,False,0
16318,11,0,0,11,11,0,0,0,True,False,0
16319,9,0,0,9,9,0,0,0,True,False,0
16320,11,0,0,11,11,0,0,0,True,False,0
16321,8,0,0,8,8,0,0,0,True,False,0
16322,7,7,7,7,7,0,0,0,True,False,0
16323,5,0,0,5,5,0,0,0,True,False,0
16324,9,0,0,9,9,0,0,0,True,False,0
16325,9,0,0,9,9,0,0,0,True,False,0
16326,0,121,0,0,0,0,0,0,True,False,0
16327,0,0,0,0,0,0,0,0,True,False,0
16328,93,0,0,93,93,0,0,0,True,False,0
16329,45,0,0,45,45,0,0,0,True,False,0
16330,72,0,0,72,72,0,0,0,True,False,0
16331,9,0,0,9,9,0,0,0,True,False,0
16332,7,0,0,7,7,0,0,0,True,False,0
16333,9,0,0,9,9,0,0,0,True,False,0
16334,10,0,0,10,10,0,0,0,True,False,0
16335,7,0,0,7,7,0,0,0,True,False,0
16336,8,0,0,8,8,0,0,0,True,False,0
16337,8,0,0,8,8,0,0,0,True,False,0
16338,6,0,0,6,6,0,0,0,True,False,0
16339,7,0,0,7,7,0,0,0,True,False,0
16340,7,0,0,7,7,0,0,0,True,False,0
16341,7,0,0,7,7,0,0,0,True,False,0
16342,8,0,0,8,8,0,0,0,True,False,0
16343,7,0,0,7,7,0,0,0,True,False,0
16344,7,0,0,7,7,0,0,0,True,False,0
16345,6,0,0,6,6,0,0,0,True,False,0
16346,7,0,0,7,7,0,0,0,True,False,0
16347,6,0,0,6,6,0,0,0,True,False,0
16348,8,0,0,8,8,0,0,0,True,False,0
16349,7,0,0,7,7,0,0,0,True,False,0
16350,7,0,0,7,7,0,0,0,True,False,0
16351,8,0,0,8,8,0,0,0,True,False,0
16352,13,0,0,13,13,0,0,0,True,False,0
16353,15,0,0,15,15,0,0,0,True,False,0
16354,14,0,0,14,14,0,0,0,True,False,0
16355,13,0,0,13,13,0,0,0,True,False,0
16356,14,0,0,14,14,0,0,0,True,False,0
16357,12,0,0,12,12,0,0,0,True,False,0
16358,14,0,0,14,14,0,0,0,True,False,0
16359,13,0,0,13,13,0,0,0,True,False,0
16360,12,0,0,12,12,0,0,0,True,False,0
16361,6,0,0,6,6,0,0,0,True,False,0
16362,6,0,0,6,6,0,0,0,True,False,0
16363,4,0,0,4,4,0,0,0,True,False,0
16364,12,0,0,12,12,0,0,0,True,False,0
16365,12,0,0,12,12,0,0,0,True,False,0
16366,12,0,0,12,12,0,0,0,True,False,0
16367,12,0,0,12,12,0,0,0,True,False,0
16368,6,0,0,6,6,0,0,0,True,False,0
16369,10,0,0,10,10,0,0,0,True,False,0
16370,15,0,0,15,15,0,0,0,True,False,0
16371,5,0,0,5,5,0,0,0,True,False,0
16372,15,0,0,15,15,0,0,0,True,False,0
16373,11,0,0,11,11,0,0,0,True,False,0
16374,18,0,0,18,18,0,0,0,True,False,0
16375,10,0,0,10,10,0,0,0,True,False,0
16376,1,0,0,1,1,0,0,0,True,True,0
16377,1,0,0,1,1,0,0,0,True,True,0
16378,5,0,0,5,5,0,0,0,True,False,0
16379,7,0,0,7,7,0,0,0,True,False,0
16380,7,0,0,7,7,0,0,0,True,False,0
16381,5,0,0,5,5,0,0,0,True,False,0
16382,5,0,0,5,5,0,0,0,True,False,0
16383,5,0,0,5,5,0,0,0,True,False,0
16384,8,0,0,8,8,0,0,0,True,False,0
16385,6,0,0,6,6,0,0,0,True,False,0
16386,4,0,0,4,4,0,0,0,True,False,0
16387,4,4,4,4,4,0,0,0,True,False,0
16388,2,0,0,2,2,0,0,0,True,True,0
16389,4,0,0,4,4,0,0,0,True,False,0
16390,4,0,0,4,4,0,0,0,True,False,0
16391,0,66,0,0,0,0,0,0,True,False,0
16392,0,0,0,0,0,0,0,0,True,False,0
16393,53,0,0,53,53,0,0,0,True,False,0
16394,27,0,0,27,27,0,0,0,True,False,0
16395,37,0,0,37,37,0,0,0,True,False,0
16396,5,0,0,5,5,0,0,0,True,False,0
16397,3,0,0,3,3,0,0,0,True,False,0
16398,5,0,0,5,5,0,0,0,True,False,0
16399,7,0,0,7,7,0,0,0,True,False,0
16400,5,0,0,5,5,0,0,0,True,False,0
16401,4,0,0,4,4,0,0,0,True,False,0
16402,3,0,0,3,3,0,0,0,True,False,0
16403,5,0,0,5,5,0,0,0,True,False,0
16404,4,0,0,4,4,0,0,0,True,False,0
16405,4,0,0,4,4,0,0,0,True,False,0
16406,5,0,0,5,5,0,0,0,True,False,0
16407,4,0,0,4,4,0,0,0,True,False,0
16408,5,0,0,5,5,0,0,0,True,False,0
16409,4,0,0,4,4,0,0,0,True,False,0
16410,6,0,0,6,6,0,0,0,True,False,0
16411,4,0,0,4,4,0,0,0,True,False,0
16412,4,0,0,4,4,0,0,0,True,False,0
16413,5,0,0,5,5,0,0,0,True,False,0
16414,5,0,0,5,5,0,0,0,True,False,0
16415,4,0,0,4,4,0,0,0,True,False,0
16416,4,0,0,4,4,0,0,0,True,False,0
16417,8,0,0,8,8,0,0,0,True,False,0
16418,7,0,0,7,7,0,0,0,True,False,0
16419,8,0,0,8,8,0,0,0,True,False,0
16420,7,0,0,7,7,0,0,0,True,False,0
16421,8,0,0,8,8,0,0,0,True,False,0
16422,7,0,0,7,7,0,0,0,True,False,0
16423,9,0,0,9,9,0,0,0,True,False,0
16424,8,0,0,8,8,0,0,0,True,False,0
16425,6,0,0,6,6,0,0,0,True,False,0
16426,3,0,0,3,3,0,0,0,True,False,0
16427,3,0,0,3,3,0,0,0,True,False,0
16428,3,0,0,3,3,0,0,0,True,False,0
16429,6,0,0,6,6,0,0,0,True,False,0
16430,7,0,0,7,7,0,0,0,True,False,0
16431,6,0,0,6,6,0,0,0,True,False,0
16432,7,0,0,7,7,0,0,0,True,False,0
16433,11,0,0,11,11,0,0,0,True,False,0
16434,8,0,0,8,8,0,0,0,True,False,0
16435,6,0,0,6,6,0,0,0,True,False,0
16436,11,0,0,11,11,0,0,0,True,False,0
16437,2,0,0,2,2,0,0,0,True,True,0
16438,6,0,0,6,6,0,0,0,True,False,0
16439,2,0,0,2,2,0,0,0,True,True,0
16440,9,0,0,9,9,0,0,0,True,False,0
16441,1,0,0,1,1,0,0,0,True,True,0
16442,1,0,0,1,1,0,0,0,True,True,0
16443,1,0,0,1,1,0,0,0,True,True,0
16444,6,0,0,6,6,0,0,0,False,False,0
16445,5,0,0,5,5,0,0,0,False,False,0
16446,5,0,0,5,5,0,0,0,False,False,0
16447,4,0,0,4,4,0,0,0,False,False,0
16448,5,0,0,5,5,0,0,0,False,False,0
16449,6,0,0,6,6,0,0,0,False,False,0
16450,5,0,0,5,5,0,0,0,False,False,0
16451,5,0,0,5,5,0,0,0,False,False,0
16452,6,0,0,6,6,0,0,0,False,False,0
16453,4,3,3,4,4,0,0,0,False,False,0
16454,3,0,0,3,3,0,0,0,False,False,0
16455,6,0,0,6,6,0,0,0,False,False,0
16456,6,0,0,6,6,0,0,0,False,False,0
16457,11,46,10,11,11,0,0,0,False,False,0
16458,200,0,0,200,200,0,0,0,False,False,0
16459,35,0,0,35,35,0,0,0,False,False,0
16460,19,0,0,19,19,0,0,0,False,False,0
16461,32,0,0,32,32,0,0,0,False,False,0
16462,7,0,0,7,7,0,0,0,False,False,0
16463,6,0,0,6,6,0,0,0,False,False,0
16464,5,0,0,5,5,0,0,0,False,False,0
16465,6,0,0,6,6,0,0,0,False,False,0
16466,6,0,0,6,6,0,0,0,False,False,0
16467,3,2,2,3,3,0,0,0,False,False,0
16468,4,3,3,4,4,0,0,0,False,False,0
16469,3,2,2,3,3,0,0,0,False,False,0
16470,4,3,3,4,4,0,0,0,False,False,0
16471,4,3,3,4,4,0,0,0,False,False,0
16472,3,2,2,3,3,0,0,0,False,False,0
16473,4,3,3,4,4,0,0,0,False,False,0
16474,3,2,2,3,3,0,0,0,False,False,0
16475,5,0,0,5,5,0,0,0,False,False,0
16476,4,0,0,4,4,0,0,0,False,False,0
16477,4,0,0,4,4,0,0,0,False,False,0
16478,4,0,0,4,4,0,0,0,False,False,0
16479,3,0,0,3,3,0,0,0,False,False,0
16480,3,0,0,3,3,0,0,0,False,False,0
16481,4,0,0,4,4,0,0,0,False,False,0
16482,4,0,0,4,4,0,0,0,False,False,0
16483,7,0,0,7,7,0,0,0,False,False,0
16484,6,0,0,6,6,0,0,0,False,False,0
16485,8,0,0,8,8,0,0,0,False,False,0
16486,6,0,0,6,6,0,0,0,False,False,0
16487,6,0,0,6,6,0,0,0,False,False,0
16488,6,0,0,6,6,0,0,0,False,False,0
16489,5,0,0,5,5,0,0,0,False,False,0
16490,6,0,0,6,6,0,0,0,False,False,0
16491,6,0,0,6,6,0,0,0,False,False,0
16492,3,0,0,3,3,0,0,0,False,False,0
16493,6,0,0,6,6,0,0,0,False,False,0
16494,6,0,0,6,6,0,0,0,False,False,0
16495,3,0,0,3,3,0,0,0,False,False,0
16496,3,0,0,3,3,0,0,0,False,False,0
16497,4,0,0,4,4,0,0,0,False,False,0
16498,6,0,0,6,6,0,0,0,False,False,0
16499,3,0,0,3,3,0,0,0,False,False,0
16500,3,0,0,3,3,0,0,0,False,False,0
16501,6,0,0,6,6,0,0,0,False,False,0
16502,3,0,0,3,3,0,0,0,False,False,0
16503,5,0,0,5,5,0,0,0,False,False,0
16504,9,0,0,9,9,0,0,0,False,False,0
16505,9,0,0,9,9,0,0,0,False,False,0
16506,4,0,0,4,4,0,0,0,False,False,0
16507,2,0,0,2,2,0,0,0,False,True,0
16508,2,0,0,2,2,0,0,0,False,True,0
16509,2,0,0,2,2,0,0,0,False,True,0
16510,2,0,0,2,2,0,0,0,False,True,0
16511,2,0,0,2,2,0,0,0,False,True,0
16512,2,0,0,2,2,0,0,0,False,True,0
16513,2,0,0,2,2,0,0,0,False,True,0
16514,2,0,0,2,2,0,0,0,False,True,0
16515,2,0,0,2,2,0,0,0,False,True,0
16516,2,0,0,2,2,0,0,0,False,True,0
16517,2,0,0,2,2,0,0,0,False,True,0
16518,2,0,0,2,2,0,0,0,False,True,0
16519,2,0,0,2,2,0,0,0,False,True,0
16520,2,0,0,2,2,0,0,0,False,True,0
16521,2,0,0,2,2,0,0,0,False,True,0
16522,2,0,0,2,2,0,0,0,False,True,0
16523,12,0,0,12,12,0,0,0,True,False,0
16524,13,0,0,13,13,0,0,0,True,False,0
16525,10,0,0,10,10,0,0,0,True,False,0
16526,11,0,0,11,11,0,0,0,True,False,0
16527,11,0,0,11,11,0,0,0,True,False,0
16528,11,0,0,11,11,0,0,0,True,False,0
16529,10,0,0,10,10,0,0,0,True,False,0
16530,10,0,0,10,10,0,0,0,True,False,0
16531,13,0,0,13,13,0,0,0,True,False,0
16532,8,8,8,8,8,0,0,0,True,False,0
16533,5,0,0,5,5,0,0,0,True,False,0
16534,13,0,0,13,13,0,0,0,True,False,0
16535,12,0,0,12,12,0,0,0,True,False,0
16536,0,117,0,0,0,0,0,0,True,False,0
16537,0,0,0,0,0,0,0,0,True,False,0
16538,95,0,0,95,95,0,0,0,True,False,0
16539,47,0,0,47,47,0,0,0,True,False,0
16540,74,0,0,74,74,0,0,0,True,False,0
16541,12,0,0,12,12,0,0,0,True,False,0
16542,10,0,0,10,10,0,0,0,True,False,0
16543,11,0,0,11,11,0,0,0,True,False,0
16544,9,0,0,9,9,0,0,0,True,False,0
16545,9,0,0,9,9,0,0,0,True,False,0
16546,9,1,1,9,9,0,0,0,True,False,0
16547,8,1,1,8,8,0,0,0,True,False,0
16548,7,1,1,7,7,0,0,0,True,False,0
16549,9,1,1,9,9,0,0,0,True,False,0
16550,9,1,1,9,9,0,0,0,True,False,0
16551,8,2,2,8,8,0,0,0,True,False,0
16552,9,1,1,9,9,0,0,0,True,False,0
16553,9,1,1,9,9,0,0,0,True,False,0
16554,8,0,0,8,8,0,0,0,True,False,0
16555,6,0,0,6,6,0,0,0,True,False,0
16556,7,0,0,7,7,0,0,0,True,False,0
16557,6,0,0,6,6,0,0,0,True,False,0
16558,8,0,0,8,8,0,0,0,True,False,0
16559,7,0,0,7,7,0,0,0,True,False,0
16560,7,0,0,7,7,0,0,0,True,False,0
16561,7,0,0,7,7,0,0,0,True,False,0
16562,15,0,0,15,15,0,0,0,True,False,0
16563,15,0,0,15,15,0,0,0,True,False,0
16564,14,0,0,14,14,0,0,0,True,False,0
16565,14,0,0,14,14,0,0,0,True,False,0
16566,13,0,0,13,13,0,0,0,True,False,0
16567,13,0,0,13,13,0,0,0,True,False,0
16568,15,0,0,15,15,0,0,0,True,False,0
16569,17,0,0,17,17,0,0,0,True,False,0
16570,12,0,0,12,12,0,0,0,True,False,0
16571,4,0,0,4,4,0,0,0,True,False,0
16572,12,0,0,12,12,0,0,0,True,False,0
16573,12,0,0,12,12,0,0,0,True,False,0
16574,4,0,0,4,4,0,0,0,True,False,0
16575,4,0,0,4,4,0,0,0,True,False,0
16576,6,0,0,6,6,0,0,0,True,False,0
16577,12,0,0,12,12,0,0,0,True,False,0
16578,13,0,0,13,13,0,0,0,True,False,0
16579,4,0,0,4,4,0,0,0,True,False,0
16580,6,0,0,6,6,0,0,0,True,False,0
16581,10,0,0,10,10,0,0,0,True,False,0
16582,13,0,0,13,13,0,0,0,True,False,0
16583,10,0,0,10,10,0,0,0,True,False,0
16584,17,0,0,17,17,0,0,0,True,False,0
16585,3,0,0,3,3,0,0,0,True,False,0
16586,9,0,0,9,9,0,0,0,True,False,0
16587,8,0,0,8,8,0,0,0,True,False,0
16588,9,0,0,9,9,0,0,0,True,False,0
16589,10,0,0,10,10,0,0,0,True,False,0
16590,9,0,0,9,9,0,0,0,True,False,0
16591,11,0,0,11,11,0,0,0,True,False,0
16592,12,0,0,12,12,0,0,0,True,False,0
16593,9,0,0,9,9,0,0,0,True,False,0
16594,11,0,0,11,11,0,0,0,True,False,0
16595,7,7,7,7,7,0,0,0,True,False,0
16596,5,0,0,5,5,0,0,0,True,False,0
16597,9,0,0,9,9,0,0,0,True,False,0
16598,13,0,0,13,13,0,0,0,True,False,0
16599,0,129,0,0,0,0,0,0,True,False,0
16600,0,0,0,0,0,0,0,0,True,False,0
16601,97,0,0,97,97,0,0,0,True,False,0
16602,48,0,0,48,48,0,0,0,True,False,0
16603,73,0,0,73,73,0,0,0,True,False,0
16604,10,0,0,10,10,0,0,0,True,False,0
16605,10,0,0,10,10,0,0,0,True,False,0
16606,12,0,0,12,12,0,0,0,True,False,0
16607,11,0,0,11,11,0,0,0,True,False,0
16608,10,0,0,10,10,0,0,0,True,False,0
16609,7,0,0,7,7,0,0,0,True,False,0
16610,7,0,0,7,7,0,0,0,True,False,0
16611,7,0,0,7,7,0,0,0,True,False,0
16612,8,0,0,8,8,0,0,0,True,False,0
16613,6,0,0,6,6,0,0,0,True,False,0
16614,7,0,0,7,7,0,0,0,True,False,0
16615,6,0,0,6,6,0,0,0,True,False,0
16616,9,0,0,9,9,0,0,0,True,False,0
16617,6,0,0,6,6,0,0,0,True,False,0
16618,6,0,0,6,6,0,0,0,True,False,0
16619,7,0,0,7,7,0,0,0,True,False,0
16620,7,0,0,7,7,0,0,0,True,False,0
16621,6,0,0,6,6,0,0,0,True,False,0
16622,9,0,0,9,9,0,0,0,True,False,0
16623,7,0,0,7,7,0,0,0,True,False,0
16624,5,0,0,5,5,0,0,0,True,False,0
16625,16,0,0,16,16,0,0,0,True,False,0
16626,14,0,0,14,14,0,0,0,True,False,0
16627,14,0,0,14,14,0,0,0,True,False,0
16628,14,0,0,14,14,0,0,0,True,False,0
16629,13,0,0,13,13,0,0,0,True,False,0
16630,13,0,0,13,13,0,0,0,True,False,0
16631,14,0,0,14,14,0,0,0,True,False,0
16632,11,0,0,11,11,0,0,0,True,False,0
16633,12,0,0,12,12,0,0,0,True,False,0
16634,4,0,0,4,4,0,0,0,True,False,0
16635,12,0,0,12,12,0,0,0,True,False,0
16636,12,0,0,12,12,0,0,0,True,False,0
16637,4,0,0,4,4,0,0,0,True,False,0
16638,4,0,0,4,4,0,0,0,True,False,0
16639,6,0,0,6,6,0,0,0,True,False,0
16640,12,0,0,12,12,0,0,0,True,False,0
16641,16,0,0,16,16,0,0,0,True,False,0
16642,8,0,0,8,8,0,0,0,True,False,0
16643,10,0,0,10,10,0,0,0,True,False,0
16644,8,0,0,8,8,0,0,0,True,False,0
16645,8,0,0,8,8,0,0,0,True,False,0
16646,10,0,0,10,10,0,0,0,True,False,0
16647,8,0,0,8,8,0,0,0,True,False,0
16648,5,0,0,5,5,0,0,0,True,False,0
16649,12,0,0,12,12,0,0,0,True,False,0
16650,9,0,0,9,9,0,0,0,True,False,0
16651,9,0,0,9,9,0,0,0,True,False,0
16652,9,0,0,9,9,0,0,0,True,False,0
16653,10,0,0,10,10,0,0,0,True,False,0
16654,10,0,0,10,10,0,0,0,True,False,0
16655,10,0,0,10,10,0,0,0,True,False,0
16656,9,0,0,9,9,0,0,0,True,False,0
16657,11,0,0,11,11,0,0,0,True,False,0
16658,8,8,8,8,8,0,0,0,True,False,0
16659,5,0,0,5,5,0,0,0,True,False,0
16660,9,0,0,9,9,0,0,0,True,False,0
16661,10,0,0,10,10,0,0,0,True,False,0
16662,0,128,0,0,0,0,0,0,True,False,0
16663,0,0,0,0,0,0,0,0,True,False,0
16664,85,0,0,85,85,0,0,0,True,False,0
16665,50,0,0,50,50,0,0,0,True,False,0
16666,74,0,0,74,74,0,0,0,True,False,0
16667,11,0,0,11,11,0,0,0,True,False,0
16668,11,0,0,11,11,0,0,0,True,False,0
16669,11,0,0,11,11,0,0,0,True,False,0
16670,9,0,0,9,9,0,0,0,True,False,0
16671,11,0,0,11,11,0,0,0,True,False,0
16672,9,0,0,9,9,0,0,0,True,False,0
16673,7,0,0,7,7,0,0,0,True,False,0
16674,7,0,0,7,7,0,0,0,True,False,0
16675,7,0,0,7,7,0,0,0,True,False,0
16676,7,0,0,7,7,0,0,0,True,False,0
16677,7,0,0,7,7,0,0,0,True,False,0
16678,8,0,0,8,8,0,0,0,True,False,0
16679,7,0,0,7,7,0,0,0,True,False,0
16680,7,0,0,7,7,0,0,0,True,False,0
16681,8,0,0,8,8,0,0,0,True,False,0
16682,7,0,0,7,7,0,0,0,True,False,0
16683,6,0,0,6,6,0,0,0,True,False,0
16684,9,0,0,9,9,0,0,0,True,False,0
16685,8,0,0,8,8,0,0,0,True,False,0
16686,8,0,0,8,8,0,0,0,True,False,0
16687,8,0,0,8,8,0,0,0,True,False,0
16688,12,0,0,12,12,0,0,0,True,False,0
16689,13,0,0,13,13,0,0,0,True,False,0
16690,13,0,0,13,13,0,0,0,True,False,0
16691,15,0,0,15,15,0,0,0,True,False,0
16692,12,0,0,12,12,0,0,0,True,False,0
16693,12,0,0,12,12,0,0,0,True,False,0
16694,13,0,0,13,13,0,0,0,True,False,0
16695,16,0,0,16,16,0,0,0,True,False,0
16696,12,0,0,12,12,0,0,0,True,False,0
16697,4,0,0,4,4,0,0,0,True,False,0
16698,12,0,0,12,12,0,0,0,True,False,0
16699,12,0,0,12,12,0,0,0,True,False,0
16700,4,0,0,4,4,0,0,0,True,False,0
16701,4,0,0,4,4,0,0,0,True,False,0
16702,6,0,0,6,6,0,0,0,True,False,0
16703,12,0,0,12,12,0,0,0,True,False,0
16704,12,0,0,12,12,0,0,0,True,False,0
16705,11,0,0,11,11,0,0,0,True,False,0
16706,6,0,0,6,6,0,0,0,True,False,0
16707,7,0,0,7,7,0,0,0,True,False,0
16708,7,0,0,7,7,0,0,0,True,False,0
16709,9,0,0,9,9,0,0,0,True,False,0
16710,9,0,0,9,9,0,0,0,True,False,0
16711,16,0,0,16,16,0,0,0,True,False,0
16712,10,0,0,10,10,0,0,0,True,False,0
16713,14,0,0,14,14,0,0,0,True,False,0
16714,10,0,0,10,10,0,0,0,True,False,0
16715,9,0,0,9,9,0,0,0,True,False,0
16716,9,0,0,9,9,0,0,0,True,False,0
16717,10,0,0,10,10,0,0,0,True,False,0
16718,9,0,0,9,9,0,0,0,True,False,0
16719,12,0,0,12,12,0,0,0,True,False,0
16720,11,1,1,11,11,0,0,0,True,False,0
16721,7,7,7,7,7,0,0,0,True,False,0
16722,6,0,0,6,6,0,0,0,True,False,0
16723,11,1,1,11,11,0,0,0,True,False,0
16724,10,1,1,10,10,0,0,0,True,False,0
16725,0,122,0,0,0,0,0,0,True,False,0
16726,0,0,0,0,0,0,0,0,True,False,0
16727,90,0,0,90,90,0,0,0,True,False,0
16728,43,0,0,43,43,0,0,0,True,False,0
16729,79,0,0,79,79,0,0,0,True,False,0
16730,10,1,1,10,10,0,0,0,True,False,0
16731,14,1,1,14,14,0,0,0,True,False,0
16732,12,1,1,12,12,0,0,0,True,False,0
16733,11,1,1,11,11,0,0,0,True,False,0
16734,11,1,1,11,11,0,0,0,True,False,0
16735,7,0,0,7,7,0,0,0,True,False,0
16736,6,0,0,6,6,0,0,0,True,False,0
16737,9,0,0,9,9,0,0,0,True,False,0
16738,8,0,0,8,8,0,0,0,True,False,0
16739,7,0,0,7,7,0,0,0,True,False,0
16740,7,0,0,7,7,0,0,0,True,False,0
16741,9,0,0,9,9,0,0,0,True,False,0
16742,6,0,0,6,6,0,0,0,True,False,0
16743,7,0,0,7,7,0,0,0,True,False,0
16744,5,0,0,5,5,0,0,0,True,False,0
16745,7,0,0,7,7,0,0,0,True,False,0
16746,5,0,0,5,5,0,0,0,True,False,0
16747,7,0,0,7,7,0,0,0,True,False,0
16748,6,0,0,6,6,0,0,0,True,False,0
16749,7,0,0,7,7,0,0,0,True,False,0
16750,5,0,0,5,5,0,0,0,True,False,0
16751,15,0,0,15,15,0,0,0,True,False,0
16752,13,0,0,13,13,0,0,0,True,False,0
16753,14,0,0,14,14,0,0,0,True,False,0
16754,12,0,0,12,12,0,0,0,True,False,0
16755,13,0,0,13,13,0,0,0,True,False,0
16756,12,0,0,12,12,0,0,0,True,False,0
16757,14,0,0,14,14,0,0,0,True,False,0
16758,13,0,0,13,13,0,0,0,True,False,0
16759,12,0,0,12,12,0,0,0,True,False,0
16760,4,0,0,4,4,0,0,0,True,False,0
16761,12,0,0,12,12,0,0,0,True,False,0
16762,12,0,0,12,12,0,0,0,True,False,0
16763,4,0,0,4,4,0,0,0,True,False,0
16764,4,0,0,4,4,0,0,0,True,False,0
16765,6,0,0,6,6,0,0,0,True,False,0
16766,12,0,0,12,12,0,0,0,True,False,0
16767,14,0,0,14,14,0,0,0,True,False,0
16768,10,0,0,10,10,0,0,0,True,False,0
16769,12,0,0,12,12,0,0,0,True,False,0
16770,11,0,0,11,11,0,0,0,True,False,0
16771,13,0,0,13,13,0,0,0,True,False,0
16772,8,0,0,8,8,0,0,0,True,False,0
16773,12,0,0,12,12,0,0,0,True,False,0
16774,4,0,0,4,4,0,0,0,True,False,0
16775,10,0,0,10,10,0,0,0,True,False,0
16776,12,0,0,12,12,0,0,0,True,False,0
16777,12,0,0,12,12,0,0,0,True,False,0
16778,11,0,0,11,11,0,0,0,True,False,0
16779,11,0,0,11,11,0,0,0,True,False,0
16780,8,0,0,8,8,0,0,0,True,False,0
16781,10,0,0,10,10,0,0,0,True,False,0
16782,9,0,0,9,9,0,0,0,True,False,0
16783,7,0,0,7,7,0,0,0,True,False,0
16784,8,8,8,8,8,0,0,0,True,False,0
16785,5,0,0,5,5,0,0,0,True,False,0
16786,9,0,0,9,9,0,0,0,True,False,0
16787,8,0,0,8,8,0,0,0,True,False,0
16788,10,116,10,10,10,0,0,0,True,False,0
16789,200,0,0,200,200,0,0,0,True,False,0
16790,87,0,0,87,87,0,0,0,True,False,0
16791,53,0,0,53,53,0,0,0,True,False,0
16792,74,0,0,74,74,0,0,0,True,False,0
16793,8,0,0,8,8,0,0,0,True,False,0
16794,8,0,0,8,8,0,0,0,True,False,0
16795,9,0,0,9,9,0,0,0,True,False,0
16796,10,0,0,10,10,0,0,0,True,False,0
16797,8,0,0,8,8,0,0,0,True,False,0
16798,8,0,0,8,8,0,0,0,True,False,0
16799,7,0,0,7,7,0,0,0,True,False,0
16800,8,0,0,8,8,0,0,0,True,False,0
16801,7,0,0,7,7,0,0,0,True,False,0
16802,8,0,0,8,8,0,0,0,True,False,0
16803,7,0,0,7,7,0,0,0,True,False,0
16804,9,0,0,9,9,0,0,0,True,False,0
16805,7,0,0,7,7,0,0,0,True,False,0
16806,7,0,0,7,7,0,0,0,True,False,0
16807,9,0,0,9,9,0,0,0,True,False,0
16808,7,0,0,7,7,0,0,0,True,False,0
16809,7,0,0,7,7,0,0,0,True,False,0
16810,7,0,0,7,7,0,0,0,True,False,0
16811,6,0,0,6,6,0,0,0,True,False,0
16812,7,0,0,7,7,0,0,0,True,False,0
16813,10,0,0,10,10,0,0,0,True,False,0
16814,16,0,0,16,16,0,0,0,True,False,0
16815,14,0,0,14,14,0,0,0,True,False,0
16816,14,0,0,14,14,0,0,0,True,False,0
16817,14,0,0,14,14,0,0,0,True,False,0
16818,14,0,0,14,14,0,0,0,True,False,0
16819,14,0,0,14,14,0,0,0,True,False,0
16820,12,0,0,12,12,0,0,0,True,False,0
16821,14,0,0,14,14,0,0,0,True,False,0
16822,12,0,0,12,12,0,0,0,True,False,0
16823,4,0,0,4,4,0,0,0,True,False,0
16824,12,0,0,12,12,0,0,0,True,False,0
16825,12,0,0,12,12,0,0,0,True,False,0
16826,4,0,0,4,4,0,0,0,True,False,0
16827,4,0,0,4,4,0,0,0,True,False,0
16828,6,0,0,6,6,0,0,0,True,False,0
16829,12,0,0,12,12,0,0,0,True,False,0
16830,12,0,0,12,12,0,0,0,True,False,0
16831,9,0,0,9,9,0,0,0,True,False,0
16832,8,0,0,8,8,0,0,0,True,False,0
16833,11,0,0,11,11,0,0,0,True,False,0
16834,8,0,0,8,8,0,0,0,True,False,0
16835,12,0,0,12,12,0,0,0,True,False,0
16836,10,0,0,10,10,0,0,0,True,False,0
16837,19,0,0,19,19,0,0,0,True,False,0
16838,12,0,0,12,12,0,0,0,True,False,0
16839,8,0,0,8,8,0,0,0,True,False,0
16840,11,0,0,11,11,0,0,0,True,False,0
16841,8,0,0,8,8,0,0,0,True,False,0
16842,11,0,0,11,11,0,0,0,True,False,0
16843,9,0,0,9,9,0,0,0,True,False,0
16844,11,0,0,11,11,0,0,0,True,False,0
16845,10,0,0,10,10,0,0,0,True,False,0
16846,9,0,0,9,9,0,0,0,True,False,0
16847,8,8,8,8,8,0,0,0,True,False,0
16848,5,0,0,5,5,0,0,0,True,False,0
16849,9,0,0,9,9,0,0,0,True,False,0
16850,7,0,0,7,7,0,0,0,True,False,0
16851,0,123,0,0,0,0,0,0,True,False,0
16852,0,0,0,0,0,0,0,0,True,False,0
16853,97,0,0,97,97,0,0,0,True,False,0
16854,45,0,0,45,45,0,0,0,True,False,0
16855,69,0,0,69,69,0,0,0,True,False,0
16856,11,0,0,11,11,0,0,0,True,False,0
16857,9,0,0,9,9,0,0,0,True,False,0
16858,11,0,0,11,11,0,0,0,True,False,0
16859,10,0,0,10,10,0,0,0,True,False,0
16860,8,0,0,8,8,0,0,0,True,False,0
16861,6,0,0,6,6,0,0,0,True,False,0
16862,8,0,0,8,8,0,0,0,True,False,0
16863,7,0,0,7,7,0,0,0,True,False,0
16864,7,0,0,7,7,0,0,0,True,False,0
16865,7,0,0,7,7,0,0,0,True,False,0
16866,8,0,0,8,8,0,0,0,True,False,0
16867,7,0,0,7,7,0,0,0,True,False,0
16868,8,0,0,8,8,0,0,0,True,False,0
16869,8,0,0,8,8,0,0,0,True,False,0
16870,5,0,0,5,5,0,0,0,True,False,0
16871,6,0,0,6,6,0,0,0,True,False,0
16872,9,0,0,9,9,0,0,0,True,False,0
16873,7,0,0,7,7,0,0,0,True,False,0
16874,6,0,0,6,6,0,0,0,True,False,0
16875,8,0,0,8,8,0,0,0,True,False,0
16876,7,0,0,7,7,0,0,0,True,False,0
16877,13,0,0,13,13,0,0,0,True,False,0
16878,12,0,0,12,12,0,0,0,True,False,0
16879,13,0,0,13,13,0,0,0,True,False,0
16880,14,0,0,14,14,0,0,0,True,False,0
16881,13,0,0,13,13,0,0,0,True,False,0
16882,13,0,0,13,13,0,0,0,True,False,0
16883,10,0,0,10,10,0,0,0,True,False,0
16884,12,0,0,12,12,0,0,0,True,False,0
16885,12,0,0,12,12,0,0,0,True,False,0
16886,4,0,0,4,4,0,0,0,True,False,0
16887,12,0,0,12,12,0,0,0,True,False,0
16888,12,0,0,12,12,0,0,0,True,False,0
16889,4,0,0,4,4,0,0,0,True,False,0
16890,4,0,0,4,4,0,0,0,True,False,0
16891,6,0,0,6,6,0,0,0,True,False,0
16892,12,0,0,12,12,0,0,0,True,False,0
16893,10,0,0,10,10,0,0,0,True,False,0
16894,13,0,0,13,13,0,0,0,True,False,0
16895,8,0,0,8,8,0,0,0,True,False,0
16896,9,0,0,9,9,0,0,0,True,False,0
16897,9,0,0,9,9,0,0,0,True,False,0
16898,13,0,0,13,13,0,0,0,True,False,0
16899,9,0,0,9,9,0,0,0,True,False,0
16900,7,0,0,7,7,0,0,0,True,False,0
16901,10,0,0,10,10,0,0,0,True,False,0
16902,12,0,0,12,12,0,0,0,True,False,0
16903,13,0,0,13,13,0,0,0,True,False,0
16904,10,0,0,10,10,0,0,0,True,False,0
16905,9,0,0,9,9,0,0,0,True,False,0
16906,9,0,0,9,9,0,0,0,True,False,0
16907,10,0,0,10,10,0,0,0,True,False,0
16908,11,0,0,11,11,0,0,0,True,False,0
16909,8,0,0,8,8,0,0,0,True,False,0
16910,7,7,7,7,7,0,0,0,True,False,0
16911,5,0,0,5,5,0,0,0,True,False,0
16912,10,0,0,10,10,0,0,0,True,False,0
16913,8,0,0,8,8,0,0,0,True,False,0
16914,0,121,0,0,0,0,0,0,True,False,0
16915,0,0,0,0,0,0,0,0,True,False,0
16916,93,0,0,93,93,0,0,0,True,False,0
16917,48,0,0,48,48,0,0,0,True,False,0
16918,80,0,0,80,80,0,0,0,True,False,0
16919,8,0,0,8,8,0,0,0,True,False,0
16920,8,0,0,8,8,0,0,0,True,False,0
16921,8,0,0,8,8,0,0,0,True,False,0
16922,10,0,0,10,10,0,0,0,True,False,0
16923,9,0,0,9,9,0,0,0,True,False,0
16924,8,0,0,8,8,0,0,0,True,False,0
16925,6,0,0,6,6,0,0,0,True,False,0
16926,7,0,0,7,7,0,0,0,True,False,0
16927,9,0,0,9,9,0,0,0,True,False,0
16928,8,0,0,8,8,0,0,0,True,False,0
16929,7,0,0,7,7,0,0,0,True,False,0
16930,8,0,0,8,8,0,0,0,True,False,0
16931,9,0,0,9,9,0,0,0,True,False,0
16932,9,0,0,9,9,0,0,0,True,False,0
16933,8,0,0,8,8,0,0,0,True,False,0
16934,7,0,0,7,7,0,0,0,True,False,0
16935,9,0,0,9,9,0,0,0,True,False,0
16936,7,0,0,7,7,0,0,0,True,False,0
16937,7,0,0,7,7,0,0,0,True,False,0
16938,5,0,0,5,5,0,0,0,True,False,0
16939,7,0,0,7,7,0,0,0,True,False,0
16940,14,0,0,14,14,0,0,0,True,False,0
16941,13,0,0,13,13,0,0,0,True,False,0
16942,12,0,0,12,12,0,0,0,True,False,0
16943,13,0,0,13,13,0,0,0,True,False,0
16944,15,0,0,15,15,0,0,0,True,False,0
16945,14,0,0,14,14,0,0,0,True,False,0
16946,13,0,0,13,13,0,0,0,True,False,0
16947,12,0,0,12,12,0,0,0,True,False,0
16948,12,0,0,12,12,0,0,0,True,False,0
16949,4,0,0,4,4,0,0,0,True,False,0
16950,12,0,0,12,12,0,0,0,True,False,0
16951,12,0,0,12,12,0,0,0,True,False,0
16952,4,0,0,4,4,0,0,0,True,False,0
16953,4,0,0,4,4,0,0,0,True,False,0
16954,6,0,0,6,6,0,0,0,True,False,0
16955,12,0,0,12,12,0,0,0,True,False,0
16956,9,0,0,9,9,0,0,0,True,False,0
16957,6,0,0,6,6,0,0,0,True,False,0
16958,11,0,0,11,11,0,0,0,True,False,0
16959,17,0,0,17,17,0,0,0,True,False,0
16960,14,0,0,14,14,0,0,0,True,False,0
16961,9,0,0,9,9,0,0,0,True,False,0
16962,9,0,0,9,9,0,0,0,True,False,0
16963,13,0,0,13,13,0,0,0,True,False,0
16964,9,0,0,9,9,0,0,0,True,False,0
16965,9,0,0,9,9,0,0,0,True,False,0
16966,12,0,0,12,12,0,0,0,True,False,0
16967,8,0,0,8,8,0,0,0,True,False,0
16968,12,0,0,12,12,0,0,0,True,False,0
16969,9,0,0,9,9,0,0,0,True,False,0
16970,10,0,0,10,10,0,0,0,True,False,0
16971,11,0,0,11,11,0,0,0,True,False,0
16972,9,0,0,9,9,0,0,0,True,False,0
16973,8,8,8,8,8,0,0,0,True,False,0
16974,5,0,0,5,5,0,0,0,True,False,0
16975,8,0,0,8,8,0,0,0,True,False,0
16976,8,0,0,8,8,0,0,0,True,False,0
16977,0,121,0,0,0,0,0,0,True,False,0
16978,0,0,0,0,0,0,0,0,True,False,0
16979,90,0,0,90,90,0,0,0,True,False,0
16980,47,0,0,47,47,0,0,0,True,False,0
16981,74,0,0,74,74,0,0,0,True,False,0
16982,10,0,0,10,10,0,0,0,True,False,0
16983,9,0,0,9,9,0,0,0,True,False,0
16984,9,0,0,9,9,0,0,0,True,False,0
16985,9,0,0,9,9,0,0,0,True,False,0
16986,8,0,0,8,8,0,0,0,True,False,0
16987,6,0,0,6,6,0,0,0,True,False,0
16988,8,0,0,8,8,0,0,0,True,False,0
16989,7,0,0,7,7,0,0,0,True,False,0
16990,8,0,0,8,8,0,0,0,True,False,0
16991,7,0,0,7,7,0,0,0,True,False,0
16992,8,0,0,8,8,0,0,0,True,False,0
16993,7,0,0,7,7,0,0,0,True,False,0
16994,9,0,0,9,9,0,0,0,True,False,0
16995,7,0,0,7,7,0,0,0,True,False,0
16996,9,0,0,9,9,0,0,0,True,False,0
16997,7,0,0,7,7,0,0,0,True,False,0
16998,7,0,0,7,7,0,0,0,True,False,0
16999,6,0,0,6,6,0,0,0,True,False,0
17000,11,0,0,11,11,0,0,0,True,False,0
17001,6,0,0,6,6,0,0,0,True,False,0
17002,8,0,0,8,8,0,0,0,True,False,0
17003,14,0,0,14,14,0,0,0,True,False,0
17004,14,0,0,14,14,0,0,0,True,False,0
17005,11,0,0,11,11,0,0,0,True,False,0
17006,14,0,0,14,14,0,0,0,True,False,0
17007,13,0,0,13,13,0,0,0,True,False,0
17008,13,0,0,13,13,0,0,0,True,False,0
17009,14,0,0,14,14,0,0,0,True,False,0
17010,12,0,0,12,12,0,0,0,True,False,0
17011,12,0,0,12,12,0,0,0,True,False,0
17012,4,0,0,4,4,0,0,0,True,False,0
17013,12,0,0,12,12,0,0,0,True,False,0
17014,12,0,0,12,12,0,0,0,True,False,0
17015,4,0,0,4,4,0,0,0,True,False,0
17016,4,0,0,4,4,0,0,0,True,False,0
17017,6,0,0,6,6,0,0,0,True,False,0
17018,12,0,0,12,12,0,0,0,True,False,0
17019,11,0,0,11,11,0,0,0,True,False,0
17020,12,0,0,12,12,0,0,0,True,False,0
17021,9,0,0,9,9,0,0,0,True,False,0
17022,7,0,0,7,7,0,0,0,True,False,0
17023,9,0,0,9,9,0,0,0,True,False,0
17024,17,0,0,17,17,0,0,0,True,False,0
17025,8,0,0,8,8,0,0,0,True,False,0
17026,10,0,0,10,10,0,0,0,True,False,0
17027,1,0,0,1,1,0,0,0,True,True,0
17028,14,0,0,14,14,0,0,0,True,False,0
17029,9,0,0,9,9,0,0,0,True,False,0
17030,10,0,0,10,10,0,0,0,True,False,0
17031,11,0,0,11,11,0,0,0,True,False,0
17032,11,0,0,11,11,0,0,0,True,False,0
17033,10,0,0,10,10,0,0,0,True,False,0
17034,11,0,0,11,11,0,0,0,True,False,0
17035,10,0,0,10,10,0,0,0,True,False,0
17036,8,0,0,8,8,0,0,0,True,False,0
17037,7,7,7,7,7,0,0,0,True,False,0
17038,5,0,0,5,5,0,0,0,True,False,0
17039,8,0,0,8,8,0,0,0,True,False,0
17040,8,0,0,8,8,0,0,0,True,False,0
17041,0,117,0,0,0,0,0,0,True,False,0
17042,0,0,0,0,0,0,0,0,True,False,0
17043,96,0,0,96,96,0,0,0,True,False,0
17044,48,0,0,48,48,0,0,0,True,False,0
17045,75,0,0,75,75,0,0,0,True,False,0
17046,9,0,0,9,9,0,0,0,True,False,0
17047,10,0,0,10,10,0,0,0,True,False,0
17048,9,0,0,9,9,0,0,0,True,False,0
17049,7,0,0,7,7,0,0,0,True,False,0
17050,9,0,0,9,9,0,0,0,True,False,0
17051,8,0,0,8,8,0,0,0,True,False,0
17052,7,0,0,7,7,0,0,0,True,False,0
17053,7,0,0,7,7,0,0,0,True,False,0
17054,7,0,0,7,7,0,0,0,True,False,0
17055,8,0,0,8,8,0,0,0,True,False,0
17056,6,0,0,6,6,0,0,0,True,False,0
17057,8,0,0,8,8,0,0,0,True,False,0
17058,7,0,0,7,7,0,0,0,True,False,0
17059,9,0,0,9,9,0,0,0,True,False,0
17060,6,0,0,6,6,0,0,0,True,False,0
17061,6,0,0,6,6,0,0,0,True,False,0
17062,7,0,0,7,7,0,0,0,True,False,0
17063,7,0,0,7,7,0,0,0,True,False,0
17064,5,0,0,5,5,0,0,0,True,False,0
17065,8,0,0,8,8,0,0,0,True,False,0
17066,5,0,0,5,5,0,0,0,True,False,0
17067,12,0,0,12,12,0,0,0,True,False,0
17068,14,0,0,14,14,0,0,0,True,False,0
17069,14,0,0,14,14,0,0,0,True,False,0
17070,13,0,0,13,13,0,0,0,True,False,0
17071,14,0,0,14,14,0,0,0,True,False,0
17072,12,0,0,12,12,0,0,0,True,False,0
17073,13,0,0,13,13,0,0,0,True,False,0
17074,14,0,0,14,14,0,0,0,True,False,0
17075,12,0,0,12,12,0,0,0,True,False,0
17076,4,0,0,4,4,0,0,0,True,False,0
17077,12,0,0,12,12,0,0,0,True,False,0
17078,12,0,0,12,12,0,0,0,True,False,0
17079,4,0,0,4,4,0,0,0,True,False,0
17080,4,0,0,4,4,0,0,0,True,False,0
17081,6,0,0,6,6,0,0,0,True,False,0
17082,12,0,0,12,12,0,0,0,True,False,0
17083,11,0,0,11,11,0,0,0,True,False,0
17084,13,0,0,13,13,0,0,0,True,False,0
17085,9,0,0,9,9,0,0,0,True,False,0
17086,6,0,0,6,6,0,0,0,True,False,0
17087,6,0,0,6,6,0,0,0,True,False,0
17088,14,0,0,14,14,0,0,0,True,False,0
17089,11,0,0,11,11,0,0,0,True,False,0
17090,6,0,0,6,6,0,0,0,True,False,0
17091,1,0,0,1,1,0,0,0,True,True,0
17092,1,0,0,1,1,0,0,0,True,True,0
17093,1,0,0,1,1,0,0,0,True,True,0
17094,1,0,0,1,1,0,0,0,True,True,0
17095,1,0,0,1,1,0,0,0,True,True,0
17096,7,0,0,7,7,0,0,0,True,False,0
17097,7,0,0,7,7,0,0,0,True,False,0
17098,7,0,0,7,7,0,0,0,True,False,0
17099,6,0,0,6,6,0,0,0,True,False,0
17100,5,0,0,5,5,0,0,0,True,False,0
17101,7,0,0,7,7,0,0,0,True,False,0
17102,7,0,0,7,7,0,0,0,True,False,0
17103,7,0,0,7,7,0,0,0,True,False,0
17104,6,0,0,6,6,0,0,0,True,False,0
17105,4,4,4,4,4,0,0,0,True,False,0
17106,3,0,0,3,3,0,0,0,True,False,0
17107,5,0,0,5,5,0,0,0,True,False,0
17108,4,0,0,4,4,0,0,0,True,False,0
17109,0,76,0,0,0,0,0,0,True,False,0
17110,0,0,0,0,0,0,0,0,True,False,0
17111,53,0,0,53,53,0,0,0,True,False,0
17112,30,0,0,30,30,0,0,0,True,False,0
17113,47,0,0,47,47,0,0,0,True,False,0
17114,6,0,0,6,6,0,0,0,True,False,0
17115,4,0,0,4,4,0,0,0,True,False,0
17116,5,0,0,5,5,0,0,0,True,False,0
17117,6,0,0,6,6,0,0,0,True,False,0
17118,5,0,0,5,5,0,0,0,True,False,0
17119,3,0,0,3,3,0,0,0,True,False,0
17120,4,0,0,4,4,0,0,0,True,False,0
17121,5,0,0,5,5,0,0,0,True,False,0
17122,4,0,0,4,4,0,0,0,True,False,0
17123,4,0,0,4,4,0,0,0,True,False,0
17124,4,0,0,4,4,0,0,0,True,False,0
17125,4,0,0,4,4,0,0,0,True,False,0
17126,4,0,0,4,4,0,0,0,True,False,0
17127,5,0,0,5,5,0,0,0,True,False,0
17128,4,0,0,4,4,0,0,0,True,False,0
17129,4,0,0,4,4,0,0,0,True,False,0
17130,5,0,0,5,5,0,0,0,True,False,0
17131,6,0,0,6,6,0,0,0,True,False,0
17132,5,0,0,5,5,0,0,0,True,False,0
17133,4,0,0,4,4,0,0,0,True,False,0
17134,5,0,0,5,5,0,0,0,True,False,0
17135,8,0,0,8,8,0,0,0,True,False,0
17136,9,0,0,9,9,0,0,0,True,False,0
17137,10,0,0,10,10,0,0,0,True,False,0
17138,8,0,0,8,8,0,0,0,True,False,0
17139,8,0,0,8,8,0,0,0,True,False,0
17140,9,0,0,9,9,0,0,0,True,False,0
17141,8,0,0,8,8,0,0,0,True,False,0
17142,9,0,0,9,9,0,0,0,True,False,0
17143,7,0,0,7,7,0,0,0,True,False,0
17144,3,0,0,3,3,0,0,0,True,False,0
17145,7,0,0,7,7,0,0,0,True,False,0
17146,8,0,0,8,8,0,0,0,True,False,0
17147,3,0,0,3,3,0,0,0,True,False,0
17148,3,0,0,3,3,0,0,0,True,False,0
17149,4,0,0,4,4,0,0,0,True,False,0
17150,7,0,0,7,7,0,0,0,True,False,0
17151,6,0,0,6,6,0,0,0,True,False,0
17152,7,0,0,7,7,0,0,0,True,False,0
17153,6,0,0,6,6,0,0,0,True,False,0
17154,5,0,0,5,5,0,0,0,True,False,0
17155,6,0,0,6,6,0,0,0,True,False,0
17156,7,0,0,7,7,0,0,0,True,False,0
17157,3,0,0,3,3,0,0,0,True,False,0
17158,10,0,0,10,10,0,0,0,True,False,0
17159,1,0,0,1,1,0,0,0,True,True,0
17160,1,0,0,1,1,0,0,0,True,True,0
