row_id,known_status_count,login_attempts,login_attempts_known_outcome,complete_body_measurements,complete_duration_measurements,pending_at_scoring,timeouts,telemetry_dropped_in_window,interval_fully_observed,insufficient_history,telemetry_defects
1,5,0,0,5,5,0,0,0,False,False,0
2,6,0,0,6,6,0,0,0,False,False,0
3,6,0,0,6,6,0,0,0,False,False,0
4,7,0,0,7,7,0,0,0,False,False,0
5,5,0,0,5,5,0,0,0,False,False,0
6,7,0,0,7,7,0,0,0,False,False,0
7,4,0,0,4,4,0,0,0,False,False,0
8,5,0,0,5,5,0,0,0,False,False,0
9,6,0,0,6,6,0,0,0,False,False,0
10,5,4,4,5,5,0,0,0,False,False,0
11,4,0,0,4,4,0,0,0,False,False,0
12,5,0,0,5,5,0,0,0,False,False,0
13,9,0,0,9,9,0,0,0,False,False,0
14,11,61,10,11,11,0,0,0,False,False,0
15,200,0,0,200,200,0,0,0,False,False,0
16,43,0,0,43,43,0,0,0,False,False,0
17,23,0,0,23,23,0,0,0,False,False,0
18,36,0,0,36,36,0,0,0,False,False,0
19,5,0,0,5,5,0,0,0,False,False,0
20,6,0,0,6,6,0,0,0,False,False,0
21,6,0,0,6,6,0,0,0,False,False,0
22,6,0,0,6,6,0,0,0,False,False,0
23,8,0,0,8,8,0,0,0,False,False,0
24,4,3,3,4,4,0,0,0,False,False,0
25,5,3,3,5,5,0,0,0,False,False,0
26,5,3,3,5,5,0,0,0,False,False,0
27,5,4,4,5,5,0,0,0,False,False,0
28,5,4,4,5,5,0,0,0,False,False,0
29,4,3,3,4,4,0,0,0,False,False,0
30,3,2,2,3,3,0,0,0,False,False,0
31,5,3,3,5,5,0,0,0,False,False,0
32,5,0,0,5,5,0,0,0,False,False,0
33,5,0,0,5,5,0,0,0,False,False,0
34,4,0,0,4,4,0,0,0,False,False,0
35,4,0,0,4,4,0,0,0,False,False,0
36,5,0,0,5,5,0,0,0,False,False,0
37,6,0,0,6,6,0,0,0,False,False,0
38,5,0,0,5,5,0,0,0,False,False,0
39,6,0,0,6,6,0,0,0,False,False,0
40,7,0,0,7,7,0,0,0,False,False,0
41,8,0,0,8,8,0,0,0,False,False,0
42,7,0,0,7,7,0,0,0,False,False,0
43,9,0,0,9,9,0,0,0,False,False,0
44,8,0,0,8,8,0,0,0,False,False,0
45,8,0,0,8,8,0,0,0,False,False,0
46,8,0,0,8,8,0,0,0,False,False,0
47,7,0,0,7,7,0,0,0,False,False,0
48,3,0,0,3,3,0,0,0,False,False,0
49,4,0,0,4,4,0,0,0,False,False,0
50,4,0,0,4,4,0,0,0,False,False,0
51,4,0,0,4,4,0,0,0,False,False,0
52,7,0,0,7,7,0,0,0,False,False,0
53,3,0,0,3,3,0,0,0,False,False,0
54,4,0,0,4,4,0,0,0,False,False,0
55,7,0,0,7,7,0,0,0,False,False,0
56,7,0,0,7,7,0,0,0,False,False,0
57,7,0,0,7,7,0,0,0,False,False,0
58,6,0,0,6,6,0,0,0,False,False,0
59,6,0,0,6,6,0,0,0,False,False,0
60,3,0,0,3,3,0,0,0,False,False,0
61,9,0,0,9,9,0,0,0,False,False,0
62,3,0,0,3,3,0,0,0,False,False,0
63,9,0,0,9,9,0,0,0,False,False,0
64,2,0,0,2,2,0,0,0,False,True,0
65,2,0,0,2,2,0,0,0,False,True,0
66,2,0,0,2,2,0,0,0,False,True,0
67,2,0,0,2,2,0,0,0,False,True,0
68,2,0,0,2,2,0,0,0,False,True,0
69,2,0,0,2,2,0,0,0,False,True,0
70,2,0,0,2,2,0,0,0,False,True,0
71,2,0,0,2,2,0,0,0,False,True,0
72,2,0,0,2,2,0,0,0,False,True,0
73,2,0,0,2,2,0,0,0,False,True,0
74,2,0,0,2,2,0,0,0,False,True,0
75,2,0,0,2,2,0,0,0,False,True,0
76,2,0,0,2,2,0,0,0,False,True,0
77,2,0,0,2,2,0,0,0,False,True,0
78,2,0,0,2,2,0,0,0,False,True,0
79,2,0,0,2,2,0,0,0,False,True,0
80,10,0,0,10,10,0,0,0,True,False,0
81,12,0,0,12,12,0,0,0,True,False,0
82,10,0,0,10,10,0,0,0,True,False,0
83,9,0,0,9,9,0,0,0,True,False,0
84,9,0,0,9,9,1,0,0,True,False,0
85,9,0,0,9,9,0,0,0,True,False,0
86,11,0,0,11,11,0,0,0,True,False,0
87,11,0,0,11,11,0,0,0,True,False,0
88,10,0,0,10,10,0,0,0,True,False,0
89,7,7,7,7,7,0,0,0,True,False,0
90,5,0,0,5,5,0,0,0,True,False,0
91,10,0,0,10,10,0,0,0,True,False,0
92,11,0,0,11,11,0,0,0,True,False,0
93,0,121,0,0,0,0,0,0,True,False,0
94,0,0,0,0,0,0,0,0,True,False,0
95,89,0,0,89,89,0,0,0,True,False,0
96,47,0,0,47,47,0,0,0,True,False,0
97,72,0,0,72,72,0,0,0,True,False,0
98,12,0,0,12,12,0,0,0,True,False,0
99,12,0,0,12,12,0,0,0,True,False,0
100,11,0,0,11,11,0,0,0,True,False,0
101,11,0,0,11,11,0,0,0,True,False,0
102,10,0,0,10,10,0,0,0,True,False,0
103,8,1,1,8,8,0,0,0,True,False,0
104,7,0,0,7,7,0,0,0,True,False,0
105,7,0,0,7,7,0,0,0,True,False,0
106,8,0,0,8,8,0,0,0,True,False,0
107,6,0,0,6,6,0,0,0,True,False,0
108,7,0,0,7,7,0,0,0,True,False,0
109,8,1,1,8,8,0,0,0,True,False,0
110,8,0,0,8,8,0,0,0,True,False,0
111,6,0,0,6,6,0,0,0,True,False,0
112,8,0,0,8,8,0,0,0,True,False,0
113,6,0,0,6,6,0,0,0,True,False,0
114,7,0,0,7,7,0,0,0,True,False,0
115,7,0,0,7,7,0,0,0,True,False,0
116,8,0,0,8,8,0,0,0,True,False,0
117,7,0,0,7,7,0,0,0,True,False,0
118,7,0,0,7,7,0,0,0,True,False,0
119,15,0,0,15,15,0,0,0,True,False,0
120,14,0,0,14,14,0,0,0,True,False,0
121,15,0,0,15,15,0,0,0,True,False,0
122,10,0,0,10,10,0,0,0,True,False,0
123,14,0,0,14,14,0,0,0,True,False,0
124,15,0,0,15,15,0,0,0,True,False,0
125,16,0,0,16,16,0,0,0,True,False,0
126,15,0,0,15,15,0,0,0,True,False,0
127,4,0,0,4,4,0,0,0,True,False,0
128,6,0,0,6,6,0,0,0,True,False,0
129,6,0,0,6,6,0,0,0,True,False,0
130,6,0,0,6,6,0,0,0,True,False,0
131,12,0,0,12,12,0,0,0,True,False,0
132,4,0,0,4,4,0,0,0,True,False,0
133,6,0,0,6,6,0,0,0,True,False,0
134,12,0,0,12,12,0,0,0,True,False,0
135,7,0,0,7,7,0,0,0,True,False,0
136,9,0,0,9,9,0,0,0,True,False,0
137,12,0,0,12,12,0,0,0,True,False,0
138,10,0,0,10,10,0,0,0,True,False,0
139,13,0,0,13,13,0,0,0,True,False,0
140,6,0,0,6,6,0,0,0,True,False,0
141,11,0,0,11,11,0,0,0,True,False,0
142,12,0,0,12,12,0,0,0,True,False,0
143,12,0,0,12,12,0,0,0,True,False,0
144,11,0,0,11,11,0,0,0,True,False,0
145,10,0,0,10,10,0,0,0,True,False,0
146,8,0,0,8,8,0,0,0,True,False,0
147,11,0,0,11,11,0,0,0,True,False,0
148,12,0,0,12,12,0,0,0,True,False,0
149,10,0,0,10,10,0,0,0,True,False,0
150,11,0,0,11,11,0,0,0,True,False,0
151,10,0,0,10,10,0,0,0,True,False,0
152,8,8,8,8,8,0,0,0,True,False,0
153,5,0,0,5,5,0,0,0,True,False,0
154,14,0,0,14,14,0,0,0,True,False,0
155,13,0,0,13,13,0,0,0,True,False,0
156,0,115,0,0,0,0,0,0,True,False,0
157,0,0,0,0,0,0,0,0,True,False,0
158,92,0,0,92,92,0,0,0,True,False,0
159,47,0,0,47,47,0,0,0,True,False,0
160,73,0,0,73,73,0,0,0,True,False,0
161,10,0,0,10,10,0,0,0,True,False,0
162,11,0,0,11,11,0,0,0,True,False,0
163,11,0,0,11,11,0,0,0,True,False,0
164,14,0,0,14,14,0,0,0,True,False,0
165,10,0,0,10,10,0,0,0,True,False,0
166,7,0,0,7,7,0,0,0,True,False,0
167,7,0,0,7,7,0,0,0,True,False,0
168,7,0,0,7,7,0,0,0,True,False,0
169,7,0,0,7,7,0,0,0,True,False,0
170,9,0,0,9,9,0,0,0,True,False,0
171,8,0,0,8,8,0,0,0,True,False,0
172,7,0,0,7,7,0,0,0,True,False,0
173,8,0,0,8,8,0,0,0,True,False,0
174,7,0,0,7,7,0,0,0,True,False,0
175,7,0,0,7,7,0,0,0,True,False,0
176,8,0,0,8,8,0,0,0,True,False,0
177,8,0,0,8,8,0,0,0,True,False,0
178,8,0,0,8,8,0,0,0,True,False,0
179,6,0,0,6,6,0,0,0,True,False,0
180,7,0,0,7,7,0,0,0,True,False,0
181,7,0,0,7,7,0,0,0,True,False,0
182,15,0,0,15,15,0,0,0,True,False,0
183,13,0,0,13,13,0,0,0,True,False,0
184,11,0,0,11,11,0,0,0,True,False,0
185,15,0,0,15,15,0,0,0,True,False,0
186,12,0,0,12,12,0,0,0,True,False,0
187,12,0,0,12,12,0,0,0,True,False,0
188,13,0,0,13,13,0,0,0,True,False,0
189,14,0,0,14,14,0,0,0,True,False,0
190,4,0,0,4,4,0,0,0,True,False,0
191,6,0,0,6,6,0,0,0,True,False,0
192,6,0,0,6,6,0,0,0,True,False,0
193,6,0,0,6,6,0,0,0,True,False,0
194,12,0,0,12,12,0,0,0,True,False,0
195,4,0,0,4,4,0,0,0,True,False,0
196,6,0,0,6,6,0,0,0,True,False,0
197,12,0,0,12,12,0,0,0,True,False,0
198,13,0,0,13,13,0,0,0,True,False,0
199,14,0,0,14,14,0,0,0,True,False,0
200,7,0,0,7,7,0,0,0,True,False,0
201,11,0,0,11,11,0,0,0,True,False,0
202,14,0,0,14,14,0,0,0,True,False,0
203,15,0,0,15,15,0,0,0,True,False,0
204,8,0,0,8,8,0,0,0,True,False,0
205,12,0,0,12,12,0,0,0,True,False,0
206,10,0,0,10,10,0,0,0,True,False,0
207,11,0,0,11,11,0,0,0,True,False,0
208,10,0,0,10,10,0,0,0,True,False,0
209,12,0,0,12,12,0,0,0,True,False,0
210,9,0,0,9,9,0,0,0,True,False,0
211,10,0,0,10,10,0,0,0,True,False,0
212,11,0,0,11,11,0,0,0,True,False,0
213,10,0,0,10,10,0,0,0,True,False,0
214,10,0,0,10,10,0,0,0,True,False,0
215,7,7,7,7,7,0,0,0,True,False,0
216,5,0,0,5,5,0,0,0,True,False,0
217,12,0,0,12,12,0,0,0,True,False,0
218,12,0,0,12,12,0,0,0,True,False,0
219,0,121,0,0,0,0,0,0,True,False,0
220,0,0,0,0,0,0,0,0,True,False,0
221,90,0,0,90,90,0,0,0,True,False,0
222,49,0,0,49,49,0,0,0,True,False,0
223,74,0,0,74,74,0,0,0,True,False,0
224,10,0,0,10,10,0,0,0,True,False,0
225,9,0,0,9,9,0,0,0,True,False,0
226,11,0,0,11,11,0,0,0,True,False,0
227,12,0,0,12,12,0,0,0,True,False,0
228,11,0,0,11,11,0,0,0,True,False,0
229,8,0,0,8,8,0,0,0,True,False,0
230,8,0,0,8,8,0,0,0,True,False,0
231,9,0,0,9,9,0,0,0,True,False,0
232,8,0,0,8,8,0,0,0,True,False,0
233,7,0,0,7,7,0,0,0,True,False,0
234,8,0,0,8,8,0,0,0,True,False,0
235,8,0,0,8,8,0,0,0,True,False,0
236,7,0,0,7,7,0,0,0,True,False,0
237,8,0,0,8,8,0,0,0,True,False,0
238,9,0,0,9,9,0,0,0,True,False,0
239,6,0,0,6,6,0,0,0,True,False,0
240,7,0,0,7,7,0,0,0,True,False,0
241,6,0,0,6,6,0,0,0,True,False,0
242,7,0,0,7,7,0,0,0,True,False,0
243,8,0,0,8,8,0,0,0,True,False,0
244,6,0,0,6,6,0,0,0,True,False,0
245,14,0,0,14,14,0,0,0,True,False,0
246,13,0,0,13,13,0,0,0,True,False,0
247,13,0,0,13,13,0,0,0,True,False,0
248,13,0,0,13,13,0,0,0,True,False,0
249,15,0,0,15,15,0,0,0,True,False,0
250,13,0,0,13,13,0,0,0,True,False,0
251,14,0,0,14,14,0,0,0,True,False,0
252,11,0,0,11,11,0,0,0,True,False,0
253,4,0,0,4,4,0,0,0,True,False,0
254,6,0,0,6,6,0,0,0,True,False,0
255,6,0,0,6,6,0,0,0,True,False,0
256,6,0,0,6,6,0,0,0,True,False,0
257,12,0,0,12,12,0,0,0,True,False,0
258,4,0,0,4,4,0,0,0,True,False,0
259,6,0,0,6,6,0,0,0,True,False,0
260,12,0,0,12,12,0,0,0,True,False,0
261,12,0,0,12,12,0,0,0,True,False,0
262,6,0,0,6,6,0,0,0,True,False,0
263,7,0,0,7,7,0,0,0,True,False,0
264,8,0,0,8,8,0,0,0,True,False,0
265,14,0,0,14,14,0,0,0,True,False,0
266,13,0,0,13,13,0,0,0,True,False,0
267,14,0,0,14,14,0,0,0,True,False,0
268,9,0,0,9,9,0,0,0,True,False,0
269,12,0,0,12,12,0,0,0,True,False,0
270,12,0,0,12,12,0,0,0,True,False,0
271,10,0,0,10,10,0,0,0,True,False,0
272,9,0,0,9,9,0,0,0,True,False,0
273,9,0,0,9,9,0,0,0,True,False,0
274,12,0,0,12,12,0,0,0,True,False,0
275,12,0,0,12,12,0,0,0,True,False,0
276,9,0,0,9,9,0,0,0,True,False,0
277,10,1,1,10,10,0,0,0,True,False,0
278,8,8,8,8,8,0,0,0,True,False,0
279,5,0,0,5,5,0,0,0,True,False,0
280,10,1,1,10,10,0,0,0,True,False,0
281,11,1,1,11,11,0,0,0,True,False,0
282,0,121,0,0,0,0,0,0,True,False,0
283,0,0,0,0,0,0,0,0,True,False,0
284,94,0,0,94,94,0,0,0,True,False,0
285,45,0,0,45,45,0,0,0,True,False,0
286,76,0,0,76,76,0,0,0,True,False,0
287,11,1,1,11,11,0,0,0,True,False,0
288,11,1,1,11,11,0,0,0,True,False,0
289,12,1,1,12,12,0,0,0,True,False,0
290,12,1,1,12,12,0,0,0,True,False,0
291,11,1,1,11,11,0,0,0,True,False,0
292,7,0,0,7,7,0,0,0,True,False,0
293,8,0,0,8,8,0,0,0,True,False,0
294,7,0,0,7,7,0,0,0,True,False,0
295,7,0,0,7,7,0,0,0,True,False,0
296,7,0,0,7,7,0,0,0,True,False,0
297,8,0,0,8,8,0,0,0,True,False,0
298,7,0,0,7,7,0,0,0,True,False,0
299,8,0,0,8,8,0,0,0,True,False,0
300,7,0,0,7,7,0,0,0,True,False,0
301,7,0,0,7,7,0,0,0,True,False,0
302,7,0,0,7,7,0,0,0,True,False,0
303,6,0,0,6,6,0,0,0,True,False,0
304,7,0,0,7,7,0,0,0,True,False,0
305,8,0,0,8,8,0,0,0,True,False,0
306,8,0,0,8,8,0,0,0,True,False,0
307,7,0,0,7,7,0,0,0,True,False,0
308,15,0,0,15,15,0,0,0,True,False,0
309,12,0,0,12,12,0,0,0,True,False,0
310,15,0,0,15,15,0,0,0,True,False,0
311,14,0,0,14,14,0,0,0,True,False,0
312,15,0,0,15,15,0,0,0,True,False,0
313,14,0,0,14,14,0,0,0,True,False,0
314,11,0,0,11,11,0,0,0,True,False,0
315,12,0,0,12,12,0,0,0,True,False,0
316,4,0,0,4,4,0,0,0,True,False,0
317,6,0,0,6,6,0,0,0,True,False,0
318,6,0,0,6,6,0,0,0,True,False,0
319,6,0,0,6,6,0,0,0,True,False,0
320,12,0,0,12,12,0,0,0,True,False,0
321,4,0,0,4,4,0,0,0,True,False,0
322,6,0,0,6,6,0,0,0,True,False,0
323,12,0,0,12,12,0,0,0,True,False,0
324,10,0,0,10,10,0,0,0,True,False,0
325,13,0,0,13,13,0,0,0,True,False,0
326,10,0,0,10,10,0,0,0,True,False,0
327,9,0,0,9,9,0,0,0,True,False,0
328,10,0,0,10,10,0,0,0,True,False,0
329,7,0,0,7,7,0,0,0,True,False,0
330,9,0,0,9,9,0,0,0,True,False,0
331,10,0,0,10,10,0,0,0,True,False,0
332,8,0,0,8,8,0,0,0,True,False,0
333,11,0,0,11,11,0,0,0,True,False,0
334,12,0,0,12,12,0,0,0,True,False,0
335,11,0,0,11,11,0,0,0,True,False,0
336,10,0,0,10,10,0,0,0,True,False,0
337,11,0,0,11,11,0,0,0,True,False,0
338,9,0,0,9,9,0,0,0,True,False,0
339,12,0,0,12,12,0,0,0,True,False,0
340,10,0,0,10,10,0,0,0,True,False,0
341,7,7,7,7,7,0,0,0,True,False,0
342,5,0,0,5,5,0,0,0,True,False,0
343,10,0,0,10,10,0,0,0,True,False,0
344,11,0,0,11,11,0,0,0,True,False,0
345,10,118,10,10,10,0,0,0,True,False,0
346,200,0,0,200,200,0,0,0,True,False,0
347,98,0,0,98,98,0,0,0,True,False,0
348,53,0,0,53,53,0,0,0,True,False,0
349,73,0,0,73,73,0,0,0,True,False,0
350,8,0,0,8,8,0,0,0,True,False,0
351,8,0,0,8,8,0,0,0,True,False,0
352,9,0,0,9,9,0,0,0,True,False,0
353,8,0,0,8,8,0,0,0,True,False,0
354,8,0,0,8,8,0,0,0,True,False,0
355,6,0,0,6,6,0,0,0,True,False,0
356,11,0,0,11,11,0,0,0,True,False,0
357,7,0,0,7,7,0,0,0,True,False,0
358,9,0,0,9,9,0,0,0,True,False,0
359,6,0,0,6,6,0,0,0,True,False,0
360,6,0,0,6,6,0,0,0,True,False,0
361,8,0,0,8,8,0,0,0,True,False,0
362,7,0,0,7,7,0,0,0,True,False,0
363,8,0,0,8,8,0,0,0,True,False,0
364,6,0,0,6,6,0,0,0,True,False,0
365,7,0,0,7,7,0,0,0,True,False,0
366,6,0,0,6,6,0,0,0,True,False,0
367,8,0,0,8,8,0,0,0,True,False,0
368,10,0,0,10,10,0,0,0,True,False,0
369,6,0,0,6,6,0,0,0,True,False,0
370,7,0,0,7,7,0,0,0,True,False,0
371,18,0,0,18,18,0,0,0,True,False,0
372,12,0,0,12,12,0,0,0,True,False,0
373,12,0,0,12,12,0,0,0,True,False,0
374,12,0,0,12,12,0,0,0,True,False,0
375,13,0,0,13,13,0,0,0,True,False,0
376,13,0,0,13,13,0,0,0,True,False,0
377,13,0,0,13,13,0,0,0,True,False,0
378,14,0,0,14,14,0,0,0,True,False,0
379,4,0,0,4,4,0,0,0,True,False,0
380,6,0,0,6,6,0,0,0,True,False,0
381,6,0,0,6,6,0,0,0,True,False,0
382,6,0,0,6,6,0,0,0,True,False,0
383,12,0,0,12,12,0,0,0,True,False,0
384,4,0,0,4,4,0,0,0,True,False,0
385,6,0,0,6,6,0,0,0,True,False,0
386,12,0,0,12,12,0,0,0,True,False,0
387,11,0,0,11,11,0,0,0,True,False,0
388,10,0,0,10,10,0,0,0,True,False,0
389,15,0,0,15,15,0,0,0,True,False,0
390,13,0,0,13,13,0,0,0,True,False,0
391,13,0,0,13,13,0,0,0,True,False,0
392,12,0,0,12,12,0,0,0,True,False,0
393,8,0,0,8,8,0,0,0,True,False,0
394,11,0,0,11,11,0,0,0,True,False,0
395,9,0,0,9,9,0,0,0,True,False,0
396,9,0,0,9,9,0,0,0,True,False,0
397,10,0,0,10,10,0,0,0,True,False,0
398,15,0,0,15,15,0,0,0,True,False,0
399,9,0,0,9,9,0,0,0,True,False,0
400,10,0,0,10,10,0,0,0,True,False,0
401,13,0,0,13,13,0,0,0,True,False,0
402,10,0,0,10,10,0,0,0,True,False,0
403,9,0,0,9,9,0,0,0,True,False,0
404,8,8,8,8,8,0,0,0,True,False,0
405,5,0,0,5,5,0,0,0,True,False,0
406,8,0,0,8,8,0,0,0,True,False,0
407,7,0,0,7,7,0,0,0,True,False,0
408,0,112,0,0,0,0,0,0,True,False,0
409,0,0,0,0,0,0,0,0,True,False,0
410,94,0,0,94,94,0,0,0,True,False,0
411,48,0,0,48,48,0,0,0,True,False,0
412,79,0,0,79,79,0,0,0,True,False,0
413,7,0,0,7,7,0,0,0,True,False,0
414,9,0,0,9,9,0,0,0,True,False,0
415,9,0,0,9,9,0,0,0,True,False,0
416,9,0,0,9,9,0,0,0,True,False,0
417,10,0,0,10,10,0,0,0,True,False,0
418,6,0,0,6,6,0,0,0,True,False,0
419,9,0,0,9,9,0,0,0,True,False,0
420,7,0,0,7,7,0,0,0,True,False,0
421,7,0,0,7,7,0,0,0,True,False,0
422,7,0,0,7,7,0,0,0,True,False,0
423,7,0,0,7,7,0,0,0,True,False,0
424,7,0,0,7,7,0,0,0,True,False,0
425,7,0,0,7,7,0,0,0,True,False,0
426,8,0,0,8,8,0,0,0,True,False,0
427,6,0,0,6,6,0,0,0,True,False,0
428,10,0,0,10,10,0,0,0,True,False,0
429,8,0,0,8,8,0,0,0,True,False,0
430,6,0,0,6,6,0,0,0,True,False,0
431,6,0,0,6,6,0,0,0,True,False,0
432,8,0,0,8,8,0,0,0,True,False,0
433,7,0,0,7,7,0,0,0,True,False,0
434,13,0,0,13,13,0,0,0,True,False,0
435,14,0,0,14,14,0,0,0,True,False,0
436,12,0,0,12,12,0,0,0,True,False,0
437,14,0,0,14,14,0,0,0,True,False,0
438,14,0,0,14,14,0,0,0,True,False,0
439,15,0,0,15,15,0,0,0,True,False,0
440,12,0,0,12,12,0,0,0,True,False,0
441,12,0,0,12,12,0,0,0,True,False,0
442,4,0,0,4,4,0,0,0,True,False,0
443,6,0,0,6,6,0,0,0,True,False,0
444,6,0,0,6,6,0,0,0,True,False,0
445,6,0,0,6,6,0,0,0,True,False,0
446,12,0,0,12,12,0,0,0,True,False,0
447,4,0,0,4,4,0,0,0,True,False,0
448,6,0,0,6,6,0,0,0,True,False,0
449,12,0,0,12,12,0,0,0,True,False,0
450,9,0,0,9,9,0,0,0,True,False,0
451,10,0,0,10,10,0,0,0,True,False,0
452,5,0,0,5,5,0,0,0,True,False,0
453,7,0,0,7,7,0,0,0,True,False,0
454,8,0,0,8,8,0,0,0,True,False,0
455,15,0,0,15,15,0,0,0,True,False,0
456,13,0,0,13,13,0,0,0,True,False,0
457,12,0,0,12,12,0,0,0,True,False,0
458,10,0,0,10,10,0,0,0,True,False,0
459,10,0,0,10,10,0,0,0,True,False,0
460,10,0,0,10,10,0,0,0,True,False,0
461,12,0,0,12,12,0,0,0,True,False,0
462,12,0,0,12,12,0,0,0,True,False,0
463,9,0,0,9,9,0,0,0,True,False,0
464,10,0,0,10,10,0,0,0,True,False,0
465,10,0,0,10,10,0,0,0,True,False,0
466,8,0,0,8,8,0,0,0,True,False,0
467,8,8,8,8,8,0,0,0,True,False,0
468,5,0,0,5,5,0,0,0,True,False,0
469,10,0,0,10,10,0,0,0,True,False,0
470,8,0,0,8,8,0,0,0,True,False,0
471,0,117,0,0,0,0,0,0,True,False,0
472,0,0,0,0,0,0,0,0,True,False,0
473,95,0,0,95,95,0,0,0,True,False,0
474,51,0,0,51,51,0,0,0,True,False,0
475,74,0,0,74,74,0,0,0,True,False,0
476,8,0,0,8,8,0,0,0,True,False,0
477,7,0,0,7,7,0,0,0,True,False,0
478,8,0,0,8,8,0,0,0,True,False,0
479,8,0,0,8,8,0,0,0,True,False,0
480,9,0,0,9,9,0,0,0,True,False,0
481,8,0,0,8,8,0,0,0,True,False,0
482,7,0,0,7,7,0,0,0,True,False,0
483,8,0,0,8,8,0,0,0,True,False,0
484,8,0,0,8,8,0,0,0,True,False,0
485,8,0,0,8,8,0,0,0,True,False,0
486,8,0,0,8,8,0,0,0,True,False,0
487,8,0,0,8,8,0,0,0,True,False,0
488,6,0,0,6,6,0,0,0,True,False,0
489,8,0,0,8,8,0,0,0,True,False,0
490,5,0,0,5,5,0,0,0,True,False,0
491,9,0,0,9,9,0,0,0,True,False,0
492,8,0,0,8,8,0,0,0,True,False,0
493,9,0,0,9,9,0,0,0,True,False,0
494,7,0,0,7,7,0,0,0,True,False,0
495,7,0,0,7,7,0,0,0,True,False,0
496,8,0,0,8,8,0,0,0,True,False,0
497,15,0,0,15,15,0,0,0,True,False,0
498,12,0,0,12,12,0,0,0,True,False,0
499,15,0,0,15,15,0,0,0,True,False,0
500,13,0,0,13,13,0,0,0,True,False,0
501,13,0,0,13,13,0,0,0,True,False,0
502,13,0,0,13,13,0,0,0,True,False,0
503,14,0,0,14,14,0,0,0,True,False,0
504,12,0,0,12,12,0,0,0,True,False,0
505,4,0,0,4,4,0,0,0,True,False,0
506,6,0,0,6,6,0,0,0,True,False,0
507,6,0,0,6,6,0,0,0,True,False,0
508,6,0,0,6,6,0,0,0,True,False,0
509,12,0,0,12,12,0,0,0,True,False,0
510,4,0,0,4,4,0,0,0,True,False,0
511,6,0,0,6,6,0,0,0,True,False,0
512,12,0,0,12,12,0,0,0,True,False,0
513,8,0,0,8,8,0,0,0,True,False,0
514,6,0,0,6,6,0,0,0,True,False,0
515,8,0,0,8,8,0,0,0,True,False,0
516,7,0,0,7,7,0,0,0,True,False,0
517,11,0,0,11,11,0,0,0,True,False,0
518,13,0,0,13,13,0,0,0,True,False,0
519,6,0,0,6,6,0,0,0,True,False,0
520,8,0,0,8,8,0,0,0,True,False,0
521,10,0,0,10,10,0,0,0,True,False,0
522,9,0,0,9,9,0,0,0,True,False,0
523,12,0,0,12,12,0,0,0,True,False,0
524,9,0,0,9,9,0,0,0,True,False,0
525,8,0,0,8,8,0,0,0,True,False,0
526,11,0,0,11,11,0,0,0,True,False,0
527,12,0,0,12,12,0,0,0,True,False,0
528,10,0,0,10,10,0,0,0,True,False,0
529,9,0,0,9,9,0,0,0,True,False,0
530,7,7,7,7,7,0,0,0,True,False,0
531,5,0,0,5,5,0,0,0,True,False,0
532,8,0,0,8,8,0,0,0,True,False,0
533,10,0,0,10,10,0,0,0,True,False,0
534,0,127,0,0,0,0,0,0,True,False,0
535,0,0,0,0,0,0,0,0,True,False,0
536,94,0,0,94,94,0,0,0,True,False,0
537,49,0,0,49,49,0,0,0,True,False,0
538,74,0,0,74,74,0,0,0,True,False,0
539,8,0,0,8,8,0,0,0,True,False,0
540,8,0,0,8,8,0,0,0,True,False,0
541,8,0,0,8,8,0,0,0,True,False,0
542,8,0,0,8,8,0,0,0,True,False,0
543,8,0,0,8,8,0,0,0,True,False,0
544,8,0,0,8,8,0,0,0,True,False,0
545,8,0,0,8,8,0,0,0,True,False,0
546,6,0,0,6,6,0,0,0,True,False,0
547,7,0,0,7,7,0,0,0,True,False,0
548,9,0,0,9,9,0,0,0,True,False,0
549,7,0,0,7,7,0,0,0,True,False,0
550,7,0,0,7,7,0,0,0,True,False,0
551,8,0,0,8,8,0,0,0,True,False,0
552,6,0,0,6,6,0,0,0,True,False,0
553,7,0,0,7,7,0,0,0,True,False,0
554,7,0,0,7,7,0,0,0,True,False,0
555,5,0,0,5,5,0,0,0,True,False,0
556,6,0,0,6,6,0,0,0,True,False,0
557,8,0,0,8,8,0,0,0,True,False,0
558,7,0,0,7,7,0,0,0,True,False,0
559,9,0,0,9,9,0,0,0,True,False,0
560,12,0,0,12,12,0,0,0,True,False,0
561,13,0,0,13,13,0,0,0,True,False,0
562,11,0,0,11,11,0,0,0,True,False,0
563,12,0,0,12,12,0,0,0,True,False,0
564,14,0,0,14,14,0,0,0,True,False,0
565,12,0,0,12,12,0,0,0,True,False,0
566,14,0,0,14,14,0,0,0,True,False,0
567,13,0,0,13,13,0,0,0,True,False,0
568,4,0,0,4,4,0,0,0,True,False,0
569,6,0,0,6,6,0,0,0,True,False,0
570,6,0,0,6,6,0,0,0,True,False,0
571,6,0,0,6,6,0,0,0,True,False,0
572,12,0,0,12,12,0,0,0,True,False,0
573,4,0,0,4,4,0,0,0,True,False,0
574,6,0,0,6,6,0,0,0,True,False,0
575,12,0,0,12,12,0,0,0,True,False,0
576,14,0,0,14,14,0,0,0,True,False,0
577,10,0,0,10,10,0,0,0,True,False,0
578,12,0,0,12,12,0,0,0,True,False,0
579,7,0,0,7,7,0,0,0,True,False,0
580,14,0,0,14,14,0,0,0,True,False,0
581,8,0,0,8,8,0,0,0,True,False,0
582,10,0,0,10,10,0,0,0,True,False,0
583,12,0,0,12,12,0,0,0,True,False,0
584,1,0,0,1,1,0,0,0,True,True,0
585,1,0,0,1,1,0,0,0,True,True,0
586,1,0,0,1,1,0,0,0,True,True,0
587,11,0,0,11,11,0,0,0,True,False,0
588,9,0,0,9,9,0,0,0,True,False,0
589,8,0,0,8,8,0,0,0,True,False,0
590,12,0,0,12,12,0,0,0,True,False,0
591,11,0,0,11,11,0,0,0,True,False,0
592,11,0,0,11,11,0,0,0,True,False,0
593,8,0,0,8,8,0,0,0,True,False,0
594,9,0,0,9,9,0,0,0,True,False,0
595,10,0,0,10,10,0,0,0,True,False,0
596,7,7,7,7,7,0,0,0,True,False,0
597,5,0,0,5,5,0,0,0,True,False,0
598,10,0,0,10,10,0,0,0,True,False,0
599,10,0,0,10,10,0,0,0,True,False,0
600,0,126,0,0,0,0,0,0,True,False,0
601,0,0,0,0,0,0,0,0,True,False,0
602,89,0,0,89,89,0,0,0,True,False,0
603,48,0,0,48,48,0,0,0,True,False,0
604,74,0,0,74,74,0,0,0,True,False,0
605,9,0,0,9,9,0,0,0,True,False,0
606,8,0,0,8,8,0,0,0,True,False,0
607,8,0,0,8,8,0,0,0,True,False,0
608,8,0,0,8,8,0,0,0,True,False,0
609,8,0,0,8,8,0,0,0,True,False,0
610,7,0,0,7,7,0,0,0,True,False,0
611,9,0,0,9,9,0,0,0,True,False,0
612,8,0,0,8,8,0,0,0,True,False,0
613,7,0,0,7,7,0,0,0,True,False,0
614,7,0,0,7,7,0,0,0,True,False,0
615,7,0,0,7,7,0,0,0,True,False,0
616,7,0,0,7,7,0,0,0,True,False,0
617,8,0,0,8,8,0,0,0,True,False,0
618,7,0,0,7,7,0,0,0,True,False,0
619,7,0,0,7,7,0,0,0,True,False,0
620,7,0,0,7,7,0,0,0,True,False,0
621,9,0,0,9,9,0,0,0,True,False,0
622,7,0,0,7,7,0,0,0,True,False,0
623,5,0,0,5,5,0,0,0,True,False,0
624,6,0,0,6,6,0,0,0,True,False,0
625,7,0,0,7,7,0,0,0,True,False,0
626,14,0,0,14,14,0,0,0,True,False,0
627,13,0,0,13,13,0,0,0,True,False,0
628,13,0,0,13,13,0,0,0,True,False,0
629,12,0,0,12,12,0,0,0,True,False,0
630,14,0,0,14,14,0,0,0,True,False,0
631,14,0,0,14,14,0,0,0,True,False,0
632,13,0,0,13,13,0,0,0,True,False,0
633,11,0,0,11,11,0,0,0,True,False,0
634,4,0,0,4,4,0,0,0,True,False,0
635,6,0,0,6,6,0,0,0,True,False,0
636,6,0,0,6,6,0,0,0,True,False,0
637,6,0,0,6,6,0,0,0,True,False,0
638,12,0,0,12,12,0,0,0,True,False,0
639,4,0,0,4,4,0,0,0,True,False,0
640,6,0,0,6,6,0,0,0,True,False,0
641,12,0,0,12,12,0,0,0,True,False,0
642,13,0,0,13,13,0,0,0,True,False,0
643,12,0,0,12,12,0,0,0,True,False,0
644,6,0,0,6,6,0,0,0,True,False,0
645,15,0,0,15,15,0,0,0,True,False,0
646,13,0,0,13,13,0,0,0,True,False,0
647,13,0,0,13,13,0,0,0,True,False,0
648,11,0,0,11,11,0,0,0,True,False,0
649,8,0,0,8,8,0,0,0,True,False,0
650,1,0,0,1,1,0,0,0,True,True,0
651,1,0,0,1,1,0,0,0,True,True,0
652,5,0,0,5,5,0,0,0,True,False,0
653,8,0,0,8,8,0,0,0,True,False,0
654,5,0,0,5,5,0,0,0,True,False,0
655,5,0,0,5,5,0,0,0,True,False,0
656,5,0,0,5,5,0,0,0,True,False,0
657,5,0,0,5,5,0,0,0,True,False,0
658,7,0,0,7,7,0,0,0,True,False,0
659,6,0,0,6,6,0,0,0,True,False,0
660,4,0,0,4,4,0,0,0,True,False,0
661,4,4,4,4,4,0,0,0,True,False,0
662,3,0,0,3,3,0,0,0,True,False,0
663,5,0,0,5,5,0,0,0,True,False,0
664,5,0,0,5,5,0,0,0,True,False,0
665,0,64,0,0,0,0,0,0,True,False,0
666,0,0,0,0,0,0,0,0,True,False,0
667,50,0,0,50,50,0,0,0,True,False,0
668,27,0,0,27,27,0,0,0,True,False,0
669,39,0,0,39,39,0,0,0,True,False,0
670,5,0,0,5,5,0,0,0,True,False,0
671,5,0,0,5,5,0,0,0,True,False,0
672,4,0,0,4,4,0,0,0,True,False,0
673,6,0,0,6,6,0,0,0,True,False,0
674,3,0,0,3,3,0,0,0,True,False,0
675,5,0,0,5,5,0,0,0,True,False,0
676,3,0,0,3,3,0,0,0,True,False,0
677,5,0,0,5,5,0,0,0,True,False,0
678,3,0,0,3,3,0,0,0,True,False,0
679,4,0,0,4,4,0,0,0,True,False,0
680,4,0,0,4,4,0,0,0,True,False,0
681,4,0,0,4,4,0,0,0,True,False,0
682,3,0,0,3,3,0,0,0,True,False,0
683,3,0,0,3,3,0,0,0,True,False,0
684,4,0,0,4,4,0,0,0,True,False,0
685,4,0,0,4,4,0,0,0,True,False,0
686,4,0,0,4,4,0,0,0,True,False,0
687,5,0,0,5,5,0,0,0,True,False,0
688,2,0,0,2,2,0,0,0,True,True,0
689,4,0,0,4,4,0,0,0,True,False,0
690,4,0,0,4,4,0,0,0,True,False,0
691,5,0,0,5,5,0,0,0,True,False,0
692,7,0,0,7,7,0,0,0,True,False,0
693,7,0,0,7,7,0,0,0,True,False,0
694,5,0,0,5,5,0,0,0,True,False,0
695,6,0,0,6,6,0,0,0,True,False,0
696,6,0,0,6,6,0,0,0,True,False,0
697,7,0,0,7,7,0,0,0,True,False,0
698,7,0,0,7,7,0,0,0,True,False,0
699,3,0,0,3,3,0,0,0,True,False,0
700,3,0,0,3,3,0,0,0,True,False,0
701,3,0,0,3,3,0,0,0,True,False,0
702,4,0,0,4,4,0,0,0,True,False,0
703,7,0,0,7,7,0,0,0,True,False,0
704,3,0,0,3,3,0,0,0,True,False,0
705,3,0,0,3,3,0,0,0,True,False,0
706,6,0,0,6,6,0,0,0,True,False,0
707,9,0,0,9,9,0,0,0,True,False,0
708,9,0,0,9,9,0,0,0,True,False,0
709,6,0,0,6,6,0,0,0,True,False,0
710,8,0,0,8,8,0,0,0,True,False,0
711,2,0,0,2,2,0,0,0,True,True,0
712,8,0,0,8,8,0,0,0,True,False,0
713,5,0,0,5,5,0,0,0,True,False,0
714,7,0,0,7,7,0,0,0,True,False,0
715,1,0,0,1,1,0,0,0,True,True,0
716,1,0,0,1,1,0,0,0,True,True,0
717,1,0,0,1,1,0,0,0,True,True,0
718,6,0,0,6,6,0,0,0,False,False,0
719,5,0,0,5,5,0,0,0,False,False,0
720,5,0,0,5,5,0,0,0,False,False,0
721,6,0,0,6,6,0,0,0,False,False,0
722,7,0,0,7,7,0,0,0,False,False,0
723,6,0,0,6,6,0,0,0,False,False,0
724,7,0,0,7,7,0,0,0,False,False,0
725,4,0,0,4,4,0,0,0,False,False,0
726,6,0,0,6,6,0,0,0,False,False,0
727,4,3,3,4,4,0,0,0,False,False,0
728,3,0,0,3,3,0,0,0,False,False,0
729,5,0,0,5,5,0,0,0,False,False,0
730,6,0,0,6,6,0,0,0,False,False,0
731,11,45,10,11,11,0,0,0,False,False,0
732,200,0,0,200,200,0,0,0,False,False,0
733,36,0,0,36,36,0,0,0,False,False,0
734,19,0,0,19,19,0,0,0,False,False,0
735,30,0,0,30,30,0,0,0,False,False,0
736,6,0,0,6,6,0,0,0,False,False,0
737,6,0,0,6,6,0,0,0,False,False,0
738,5,0,0,5,5,0,0,0,False,False,0
739,5,0,0,5,5,0,0,0,False,False,0
740,6,0,0,6,6,0,0,0,False,False,0
741,3,2,2,3,3,0,0,0,False,False,0
742,5,3,3,5,5,0,0,0,False,False,0
743,3,2,2,3,3,0,0,0,False,False,0
744,3,2,2,3,3,0,0,0,False,False,0
745,5,3,3,5,5,0,0,0,False,False,0
746,4,3,3,4,4,0,0,0,False,False,0
747,3,2,2,3,3,0,0,0,False,False,0
748,4,3,3,4,4,0,0,0,False,False,0
749,4,0,0,4,4,0,0,0,False,False,0
750,4,0,0,4,4,0,0,0,False,False,0
751,4,0,0,4,4,0,0,0,False,False,0
752,3,0,0,3,3,0,0,0,False,False,0
753,6,0,0,6,6,0,0,0,False,False,0
754,4,0,0,4,4,0,0,0,False,False,0
755,6,0,0,6,6,0,0,0,False,False,0
756,4,0,0,4,4,0,0,0,False,False,0
757,6,0,0,6,6,0,0,0,False,False,0
758,6,0,0,6,6,0,0,0,False,False,0
759,7,0,0,7,7,0,0,0,False,False,0
760,8,0,0,8,8,0,0,0,False,False,0
761,7,0,0,7,7,0,0,0,False,False,0
762,7,0,0,7,7,0,0,0,False,False,0
763,6,0,0,6,6,0,0,0,False,False,0
764,7,0,0,7,7,0,0,0,False,False,0
765,6,0,0,6,6,0,0,0,False,False,0
766,6,0,0,6,6,0,0,0,False,False,0
767,6,0,0,6,6,0,0,0,False,False,0
768,4,0,0,4,4,0,0,0,False,False,0
769,6,0,0,6,6,0,0,0,False,False,0
770,6,0,0,6,6,0,0,0,False,False,0
771,4,0,0,4,4,0,0,0,False,False,0
772,3,0,0,3,3,0,0,0,False,False,0
773,3,0,0,3,3,0,0,0,False,False,0
774,8,0,0,8,8,0,0,0,False,False,0
775,6,0,0,6,6,0,0,0,False,False,0
776,5,0,0,5,5,0,0,0,False,False,0
777,8,0,0,8,8,0,0,0,False,False,0
778,3,0,0,3,3,0,0,0,False,False,0
779,3,0,0,3,3,0,0,0,False,False,0
780,3,0,0,3,3,0,0,0,False,False,0
781,2,0,0,2,2,0,0,0,False,True,0
782,2,0,0,2,2,0,0,0,False,True,0
783,2,0,0,2,2,0,0,0,False,True,0
784,2,0,0,2,2,0,0,0,False,True,0
785,2,0,0,2,2,0,0,0,False,True,0
786,2,0,0,2,2,0,0,0,False,True,0
787,2,0,0,2,2,0,0,0,False,True,0
788,2,0,0,2,2,0,0,0,False,True,0
789,2,0,0,2,2,0,0,0,False,True,0
790,2,0,0,2,2,0,0,0,False,True,0
791,2,0,0,2,2,0,0,0,False,True,0
792,2,0,0,2,2,0,0,0,False,True,0
793,2,0,0,2,2,0,0,0,False,True,0
794,2,0,0,2,2,0,0,0,False,True,0
795,2,0,0,2,2,0,0,0,False,True,0
796,2,0,0,2,2,0,0,0,False,True,0
797,9,0,0,9,9,0,0,0,True,False,0
798,10,0,0,10,10,0,0,0,True,False,0
799,8,0,0,8,8,0,0,0,True,False,0
800,12,0,0,12,12,0,0,0,True,False,0
801,9,0,0,9,9,0,0,0,True,False,0
802,9,0,0,9,9,0,0,0,True,False,0
803,9,0,0,9,9,0,0,0,True,False,0
804,9,0,0,9,9,0,0,0,True,False,0
805,11,0,0,11,11,0,0,0,True,False,0
806,8,8,8,8,8,0,0,0,True,False,0
807,5,0,0,5,5,0,0,0,True,False,0
808,13,0,0,13,13,0,0,0,True,False,0
809,10,0,0,10,10,0,0,0,True,False,0
810,0,120,0,0,0,0,0,0,True,False,0
811,0,0,0,0,0,0,0,0,True,False,0
812,88,0,0,88,88,0,0,0,True,False,0
813,48,0,0,48,48,0,0,0,True,False,0
814,74,0,0,74,74,0,0,0,True,False,0
815,10,0,0,10,10,0,0,0,True,False,0
816,9,0,0,9,9,0,0,0,True,False,0
817,10,0,0,10,10,0,0,0,True,False,0
818,9,0,0,9,9,0,0,0,True,False,0
819,11,0,0,11,11,0,0,0,True,False,0
820,9,2,2,9,9,0,0,0,True,False,0
821,7,0,0,7,7,0,0,0,True,False,0
822,9,2,2,9,9,0,0,0,True,False,0
823,8,2,2,8,8,0,0,0,True,False,0
824,6,0,0,6,6,0,0,0,True,False,0
825,8,0,0,8,8,0,0,0,True,False,0
826,9,1,1,9,9,0,0,0,True,False,0
827,7,1,1,7,7,0,0,0,True,False,0
828,6,0,0,6,6,0,0,0,True,False,0
829,6,0,0,6,6,0,0,0,True,False,0
830,6,0,0,6,6,0,0,0,True,False,0
831,7,0,0,7,7,0,0,0,True,False,0
832,8,0,0,8,8,0,0,0,True,False,0
833,6,0,0,6,6,0,0,0,True,False,0
834,7,0,0,7,7,0,0,0,True,False,0
835,5,0,0,5,5,0,0,0,True,False,0
836,13,0,0,13,13,0,0,0,True,False,0
837,12,0,0,12,12,0,0,0,True,False,0
838,13,0,0,13,13,0,0,0,True,False,0
839,15,0,0,15,15,0,0,0,True,False,0
840,12,0,0,12,12,0,0,0,True,False,0
841,12,0,0,12,12,0,0,0,True,False,0
842,14,0,0,14,14,0,0,0,True,False,0
843,13,0,0,13,13,0,0,0,True,False,0
844,12,0,0,12,12,0,0,0,True,False,0
845,12,0,0,12,12,0,0,0,True,False,0
846,12,0,0,12,12,0,0,0,True,False,0
847,6,0,0,6,6,0,0,0,True,False,0
848,12,0,0,12,12,0,0,0,True,False,0
849,12,0,0,12,12,0,0,0,True,False,0
850,6,0,0,6,6,0,0,0,True,False,0
851,4,0,0,4,4,0,0,0,True,False,0
852,9,0,0,9,9,0,0,0,True,False,0
853,10,0,0,10,10,0,0,0,True,False,0
854,8,0,0,8,8,0,0,0,True,False,0
855,7,0,0,7,7,0,0,0,True,False,0
856,7,0,0,7,7,0,0,0,True,False,0
857,9,0,0,9,9,0,0,0,True,False,0
858,13,0,0,13,13,0,0,0,True,False,0
859,12,0,0,12,12,0,0,0,True,False,0
860,12,0,0,12,12,0,0,0,True,False,0
861,10,0,0,10,10,0,0,0,True,False,0
862,11,0,0,11,11,0,0,0,True,False,0
863,12,0,0,12,12,0,0,0,True,False,0
864,9,0,0,9,9,0,0,0,True,False,0
865,9,0,0,9,9,0,0,0,True,False,0
866,10,0,0,10,10,0,0,0,True,False,0
867,10,0,0,10,10,0,0,0,True,False,0
868,11,0,0,11,11,0,0,0,True,False,0
869,7,7,7,7,7,0,0,0,True,False,0
870,5,0,0,5,5,0,0,0,True,False,0
871,10,0,0,10,10,0,0,0,True,False,0
872,10,0,0,10,10,0,0,0,True,False,0
873,0,122,0,0,0,0,0,0,True,False,0
874,0,0,0,0,0,0,0,0,True,False,0
875,99,0,0,99,99,0,0,0,True,False,0
876,46,0,0,46,46,0,0,0,True,False,0
877,73,0,0,73,73,0,0,0,True,False,0
878,9,0,0,9,9,0,0,0,True,False,0
879,12,0,0,12,12,0,0,0,True,False,0
880,11,0,0,11,11,0,0,0,True,False,0
881,11,0,0,11,11,0,0,0,True,False,0
882,9,0,0,9,9,0,0,0,True,False,0
883,6,0,0,6,6,0,0,0,True,False,0
884,7,0,0,7,7,0,0,0,True,False,0
885,6,0,0,6,6,0,0,0,True,False,0
886,8,0,0,8,8,0,0,0,True,False,0
887,7,0,0,7,7,0,0,0,True,False,0
888,6,0,0,6,6,0,0,0,True,False,0
889,7,0,0,7,7,0,0,0,True,False,0
890,7,0,0,7,7,0,0,0,True,False,0
891,5,0,0,5,5,0,0,0,True,False,0
892,7,0,0,7,7,0,0,0,True,False,0
893,6,0,0,6,6,0,0,0,True,False,0
894,8,0,0,8,8,0,0,0,True,False,0
895,7,0,0,7,7,0,0,0,True,False,0
896,6,0,0,6,6,0,0,0,True,False,0
897,7,0,0,7,7,0,0,0,True,False,0
898,7,0,0,7,7,0,0,0,True,False,0
899,14,0,0,14,14,0,0,0,True,False,0
900,11,0,0,11,11,0,0,0,True,False,0
901,12,0,0,12,12,0,0,0,True,False,0
902,14,0,0,14,14,0,0,0,True,False,0
903,14,0,0,14,14,0,0,0,True,False,0
904,14,0,0,14,14,0,0,0,True,False,0
905,15,0,0,15,15,0,0,0,True,False,0
906,13,0,0,13,13,0,0,0,True,False,0
907,12,0,0,12,12,0,0,0,True,False,0
908,12,0,0,12,12,0,0,0,True,False,0
909,12,0,0,12,12,0,0,0,True,False,0
910,6,0,0,6,6,0,0,0,True,False,0
911,12,0,0,12,12,0,0,0,True,False,0
912,12,0,0,12,12,0,0,0,True,False,0
913,6,0,0,6,6,0,0,0,True,False,0
914,4,0,0,4,4,0,0,0,True,False,0
915,8,0,0,8,8,0,0,0,True,False,0
916,12,0,0,12,12,0,0,0,True,False,0
917,6,0,0,6,6,0,0,0,True,False,0
918,4,0,0,4,4,0,0,0,True,False,0
919,17,0,0,17,17,0,0,0,True,False,0
920,11,0,0,11,11,0,0,0,True,False,0
921,6,0,0,6,6,0,0,0,True,False,0
922,8,0,0,8,8,0,0,0,True,False,0
923,9,0,0,9,9,0,0,0,True,False,0
924,11,0,0,11,11,0,0,0,True,False,0
925,10,0,0,10,10,0,0,0,True,False,0
926,9,0,0,9,9,0,0,0,True,False,0
927,11,0,0,11,11,0,0,0,True,False,0
928,10,0,0,10,10,0,0,0,True,False,0
929,9,0,0,9,9,0,0,0,True,False,0
930,11,0,0,11,11,0,0,0,True,False,0
931,11,0,0,11,11,0,0,0,True,False,0
932,8,8,8,8,8,0,0,0,True,False,0
933,5,0,0,5,5,0,0,0,True,False,0
934,13,0,0,13,13,0,0,0,True,False,0
935,10,0,0,10,10,0,0,0,True,False,0
936,0,120,0,0,0,0,0,0,True,False,0
937,0,0,0,0,0,0,0,0,True,False,0
938,96,0,0,96,96,0,0,0,True,False,0
939,48,0,0,48,48,0,0,0,True,False,0
940,77,0,0,77,77,0,0,0,True,False,0
941,11,0,0,11,11,0,0,0,True,False,0
942,10,0,0,10,10,0,0,0,True,False,0
943,10,0,0,10,10,0,0,0,True,False,0
944,11,0,0,11,11,0,0,0,True,False,0
945,12,0,0,12,12,0,0,0,True,False,0
946,6,0,0,6,6,0,0,0,True,False,0
947,7,0,0,7,7,0,0,0,True,False,0
948,8,0,0,8,8,0,0,0,True,False,0
949,9,0,0,9,9,0,0,0,True,False,0
950,9,0,0,9,9,0,0,0,True,False,0
951,7,0,0,7,7,0,0,0,True,False,0
952,6,0,0,6,6,0,0,0,True,False,0
953,8,0,0,8,8,0,0,0,True,False,0
954,6,0,0,6,6,0,0,0,True,False,0
955,8,0,0,8,8,0,0,0,True,False,0
956,8,0,0,8,8,0,0,0,True,False,0
957,9,0,0,9,9,0,0,0,True,False,0
958,8,0,0,8,8,0,0,0,True,False,0
959,8,0,0,8,8,0,0,0,True,False,0
960,8,0,0,8,8,0,0,0,True,False,0
961,7,0,0,7,7,0,0,0,True,False,0
962,14,0,0,14,14,0,0,0,True,False,0
963,13,0,0,13,13,0,0,0,True,False,0
964,16,0,0,16,16,0,0,0,True,False,0
965,13,0,0,13,13,0,0,0,True,False,0
966,12,0,0,12,12,0,0,0,True,False,0
967,16,0,0,16,16,0,0,0,True,False,0
968,13,0,0,13,13,0,0,0,True,False,0
969,15,0,0,15,15,0,0,0,True,False,0
970,12,0,0,12,12,0,0,0,True,False,0
971,12,0,0,12,12,0,0,0,True,False,0
972,12,0,0,12,12,0,0,0,True,False,0
973,6,0,0,6,6,0,0,0,True,False,0
974,12,0,0,12,12,0,0,0,True,False,0
975,12,0,0,12,12,0,0,0,True,False,0
976,6,0,0,6,6,0,0,0,True,False,0
977,4,0,0,4,4,0,0,0,True,False,0
978,10,0,0,10,10,0,0,0,True,False,0
979,10,0,0,10,10,0,0,0,True,False,0
980,13,0,0,13,13,0,0,0,True,False,0
981,8,0,0,8,8,0,0,0,True,False,0
982,14,0,0,14,14,0,0,0,True,False,0
983,9,0,0,9,9,0,0,0,True,False,0
984,15,0,0,15,15,0,0,0,True,False,0
985,10,0,0,10,10,0,0,0,True,False,0
986,8,0,0,8,8,0,0,0,True,False,0
987,10,0,0,10,10,0,0,0,True,False,0
988,11,0,0,11,11,0,0,0,True,False,0
989,10,0,0,10,10,0,0,0,True,False,0
990,11,0,0,11,11,0,0,0,True,False,0
991,10,0,0,10,10,0,0,0,True,False,0
992,10,0,0,10,10,0,0,0,True,False,0
993,11,0,0,11,11,0,0,0,True,False,0
994,11,1,1,11,11,0,0,0,True,False,0
995,7,7,7,7,7,0,0,0,True,False,0
996,5,0,0,5,5,0,0,0,True,False,0
997,13,1,1,13,13,0,0,0,True,False,0
998,9,1,1,9,9,0,0,0,True,False,0
999,0,128,0,0,0,0,0,0,True,False,0
1000,0,0,0,0,0,0,0,0,True,False,0
1001,93,0,0,93,93,0,0,0,True,False,0
1002,49,0,0,49,49,0,0,0,True,False,0
1003,70,0,0,70,70,0,0,0,True,False,0
1004,11,1,1,11,11,0,0,0,True,False,0
1005,10,1,1,10,10,0,0,0,True,False,0
1006,10,1,1,10,10,0,0,0,True,False,0
1007,11,1,1,11,11,0,0,0,True,False,0
1008,10,1,1,10,10,0,0,0,True,False,0
1009,9,0,0,9,9,0,0,0,True,False,0
1010,7,0,0,7,7,0,0,0,True,False,0
1011,7,0,0,7,7,0,0,0,True,False,0
1012,7,0,0,7,7,0,0,0,True,False,0
1013,7,0,0,7,7,0,0,0,True,False,0
1014,8,0,0,8,8,0,0,0,True,False,0
1015,7,0,0,7,7,0,0,0,True,False,0
1016,6,0,0,6,6,0,0,0,True,False,0
1017,7,0,0,7,7,0,0,0,True,False,0
1018,8,0,0,8,8,0,0,0,True,False,0
1019,7,0,0,7,7,0,0,0,True,False,0
1020,7,0,0,7,7,0,0,0,True,False,0
1021,6,0,0,6,6,0,0,0,True,False,0
1022,7,0,0,7,7,0,0,0,True,False,0
1023,7,0,0,7,7,0,0,0,True,False,0
1024,7,0,0,7,7,0,0,0,True,False,0
1025,13,0,0,13,13,0,0,0,True,False,0
1026,12,0,0,12,12,0,0,0,True,False,0
1027,13,0,0,13,13,0,0,0,True,False,0
1028,15,0,0,15,15,0,0,0,True,False,0
1029,13,0,0,13,13,0,0,0,True,False,0
1030,12,0,0,12,12,0,0,0,True,False,0
1031,13,0,0,13,13,0,0,0,True,False,0
1032,12,0,0,12,12,0,0,0,True,False,0
1033,12,0,0,12,12,0,0,0,True,False,0
1034,12,0,0,12,12,0,0,0,True,False,0
1035,12,0,0,12,12,0,0,0,True,False,0
1036,6,0,0,6,6,0,0,0,True,False,0
1037,12,0,0,12,12,0,0,0,True,False,0
1038,12,0,0,12,12,0,0,0,True,False,0
1039,6,0,0,6,6,0,0,0,True,False,0
1040,4,0,0,4,4,0,0,0,True,False,0
1041,9,0,0,9,9,0,0,0,True,False,0
1042,5,0,0,5,5,0,0,0,True,False,0
1043,9,0,0,9,9,0,0,0,True,False,0
1044,6,0,0,6,6,0,0,0,True,False,0
1045,6,0,0,6,6,0,0,0,True,False,0
1046,13,0,0,13,13,0,0,0,True,False,0
1047,10,0,0,10,10,0,0,0,True,False,0
1048,16,0,0,16,16,0,0,0,True,False,0
1049,10,0,0,10,10,0,0,0,True,False,0
1050,11,0,0,11,11,0,0,0,True,False,0
1051,12,0,0,12,12,0,0,0,True,False,0
1052,12,0,0,12,12,0,0,0,True,False,0
1053,8,0,0,8,8,0,0,0,True,False,0
1054,10,0,0,10,10,0,0,0,True,False,0
1055,13,0,0,13,13,0,0,0,True,False,0
1056,9,0,0,9,9,0,0,0,True,False,0
1057,8,0,0,8,8,0,0,0,True,False,0
1058,8,8,8,8,8,0,0,0,True,False,0
1059,5,0,0,5,5,0,0,0,True,False,0
1060,8,0,0,8,8,0,0,0,True,False,0
1061,11,0,0,11,11,0,0,0,True,False,0
1062,10,121,10,10,10,0,0,0,True,False,0
1063,200,0,0,200,200,0,0,0,True,False,0
1064,99,0,0,99,99,0,0,0,True,False,0
1065,47,0,0,47,47,0,0,0,True,False,0
1066,75,0,0,75,75,0,0,0,True,False,0
1067,7,0,0,7,7,0,0,0,True,False,0
1068,10,0,0,10,10,0,0,0,True,False,0
1069,9,0,0,9,9,0,0,0,True,False,0
1070,9,0,0,9,9,0,0,0,True,False,0
1071,8,0,0,8,8,0,0,0,True,False,0
1072,6,0,0,6,6,0,0,0,True,False,0
1073,10,0,0,10,10,0,0,0,True,False,0
1074,7,0,0,7,7,0,0,0,True,False,0
1075,6,0,0,6,6,0,0,0,True,False,0
1076,8,0,0,8,8,0,0,0,True,False,0
1077,7,0,0,7,7,0,0,0,True,False,0
1078,7,0,0,7,7,0,0,0,True,False,0
1079,8,0,0,8,8,0,0,0,True,False,0
1080,7,0,0,7,7,0,0,0,True,False,0
1081,8,0,0,8,8,0,0,0,True,False,0
1082,5,0,0,5,5,0,0,0,True,False,0
1083,8,0,0,8,8,0,0,0,True,False,0
1084,7,0,0,7,7,0,0,0,True,False,0
1085,7,0,0,7,7,0,0,0,True,False,0
1086,9,0,0,9,9,0,0,0,True,False,0
1087,6,0,0,6,6,0,0,0,True,False,0
1088,13,0,0,13,13,0,0,0,True,False,0
1089,15,0,0,15,15,0,0,0,True,False,0
1090,16,0,0,16,16,0,0,0,True,False,0
1091,14,0,0,14,14,0,0,0,True,False,0
1092,15,0,0,15,15,0,0,0,True,False,0
1093,13,0,0,13,13,0,0,0,True,False,0
1094,14,0,0,14,14,0,0,0,True,False,0
1095,11,0,0,11,11,0,0,0,True,False,0
1096,12,0,0,12,12,0,0,0,True,False,0
1097,12,0,0,12,12,0,0,0,True,False,0
1098,12,0,0,12,12,0,0,0,True,False,0
1099,6,0,0,6,6,0,0,0,True,False,0
1100,12,0,0,12,12,0,0,0,True,False,0
1101,12,0,0,12,12,0,0,0,True,False,0
1102,6,0,0,6,6,0,0,0,True,False,0
1103,4,0,0,4,4,0,0,0,True,False,0
1104,8,0,0,8,8,0,0,0,True,False,0
1105,9,0,0,9,9,0,0,0,True,False,0
1106,8,0,0,8,8,0,0,0,True,False,0
1107,16,0,0,16,16,0,0,0,True,False,0
1108,6,0,0,6,6,0,0,0,True,False,0
1109,7,0,0,7,7,0,0,0,True,False,0
1110,6,0,0,6,6,0,0,0,True,False,0
1111,13,0,0,13,13,0,0,0,True,False,0
1112,8,0,0,8,8,0,0,0,True,False,0
1113,10,0,0,10,10,0,0,0,True,False,0
1114,9,0,0,9,9,0,0,0,True,False,0
1115,9,0,0,9,9,0,0,0,True,False,0
1116,12,0,0,12,12,0,0,0,True,False,0
1117,11,0,0,11,11,0,0,0,True,False,0
1118,10,0,0,10,10,0,0,0,True,False,0
1119,11,0,0,11,11,0,0,0,True,False,0
1120,8,0,0,8,8,0,0,0,True,False,0
1121,7,7,7,7,7,0,0,0,True,False,0
1122,5,0,0,5,5,0,0,0,True,False,0
1123,10,0,0,10,10,0,0,0,True,False,0
1124,9,0,0,9,9,0,0,0,True,False,0
1125,0,116,0,0,0,0,0,0,True,False,0
1126,0,0,0,0,0,0,0,0,True,False,0
1127,97,0,0,97,97,0,0,0,True,False,0
1128,51,0,0,51,51,0,0,0,True,False,0
1129,70,0,0,70,70,0,0,0,True,False,0
1130,8,0,0,8,8,0,0,0,True,False,0
1131,9,0,0,9,9,0,0,0,True,False,0
1132,9,0,0,9,9,0,0,0,True,False,0
1133,9,0,0,9,9,0,0,0,True,False,0
1134,8,0,0,8,8,0,0,0,True,False,0
1135,9,0,0,9,9,0,0,0,True,False,0
1136,8,0,0,8,8,0,0,0,True,False,0
1137,6,0,0,6,6,0,0,0,True,False,0
1138,6,0,0,6,6,0,0,0,True,False,0
1139,8,0,0,8,8,0,0,0,True,False,0
1140,8,0,0,8,8,0,0,0,True,False,0
1141,8,0,0,8,8,0,0,0,True,False,0
1142,8,0,0,8,8,0,0,0,True,False,0
1143,8,0,0,8,8,0,0,0,True,False,0
1144,5,0,0,5,5,0,0,0,True,False,0
1145,7,0,0,7,7,0,0,0,True,False,0
1146,5,0,0,5,5,0,0,0,True,False,0
1147,7,0,0,7,7,0,0,0,True,False,0
1148,5,0,0,5,5,0,0,0,True,False,0
1149,7,0,0,7,7,0,0,0,True,False,0
1150,6,0,0,6,6,0,0,0,True,False,0
1151,16,0,0,16,16,0,0,0,True,False,0
1152,13,0,0,13,13,0,0,0,True,False,0
1153,12,0,0,12,12,0,0,0,True,False,0
1154,14,0,0,14,14,0,0,0,True,False,0
1155,14,0,0,14,14,0,0,0,True,False,0
1156,16,0,0,16,16,0,0,0,True,False,0
1157,13,0,0,13,13,0,0,0,True,False,0
1158,14,0,0,14,14,0,0,0,True,False,0
1159,12,0,0,12,12,0,0,0,True,False,0
1160,12,0,0,12,12,0,0,0,True,False,0
1161,12,0,0,12,12,0,0,0,True,False,0
1162,6,0,0,6,6,0,0,0,True,False,0
1163,12,0,0,12,12,0,0,0,True,False,0
1164,12,0,0,12,12,0,0,0,True,False,0
1165,6,0,0,6,6,0,0,0,True,False,0
1166,4,0,0,4,4,0,0,0,True,False,0
1167,14,0,0,14,14,0,0,0,True,False,0
1168,12,0,0,12,12,0,0,0,True,False,0
1169,10,0,0,10,10,0,0,0,True,False,0
1170,9,0,0,9,9,0,0,0,True,False,0
1171,10,0,0,10,10,0,0,0,True,False,0
1172,10,0,0,10,10,0,0,0,True,False,0
1173,21,0,0,21,21,0,0,0,True,False,0
1174,8,0,0,8,8,0,0,0,True,False,0
1175,10,0,0,10,10,0,0,0,True,False,0
1176,12,0,0,12,12,0,0,0,True,False,0
1177,12,0,0,12,12,0,0,0,True,False,0
1178,12,0,0,12,12,0,0,0,True,False,0
1179,11,0,0,11,11,0,0,0,True,False,0
1180,11,0,0,11,11,0,0,0,True,False,0
1181,11,0,0,11,11,0,0,0,True,False,0
1182,10,0,0,10,10,0,0,0,True,False,0
1183,10,0,0,10,10,0,0,0,True,False,0
1184,8,8,8,8,8,0,0,0,True,False,0
1185,5,0,0,5,5,0,0,0,True,False,0
1186,9,0,0,9,9,0,0,0,True,False,0
1187,11,0,0,11,11,0,0,0,True,False,0
1188,0,115,0,0,0,0,0,0,True,False,0
1189,0,0,0,0,0,0,0,0,True,False,0
1190,97,0,0,97,97,0,0,0,True,False,0
1191,50,0,0,50,50,0,0,0,True,False,0
1192,74,0,0,74,74,0,0,0,True,False,0
1193,8,0,0,8,8,0,0,0,True,False,0
1194,8,0,0,8,8,0,0,0,True,False,0
1195,10,0,0,10,10,0,0,0,True,False,0
1196,8,0,0,8,8,0,0,0,True,False,0
1197,10,0,0,10,10,0,0,0,True,False,0
1198,7,0,0,7,7,0,0,0,True,False,0
1199,7,0,0,7,7,0,0,0,True,False,0
1200,7,0,0,7,7,0,0,0,True,False,0
1201,7,0,0,7,7,0,0,0,True,False,0
1202,9,0,0,9,9,0,0,0,True,False,0
1203,7,0,0,7,7,0,0,0,True,False,0
1204,8,0,0,8,8,0,0,0,True,False,0
1205,8,0,0,8,8,0,0,0,True,False,0
1206,8,0,0,8,8,0,0,0,True,False,0
1207,8,0,0,8,8,0,0,0,True,False,0
1208,9,0,0,9,9,0,0,0,True,False,0
1209,8,0,0,8,8,0,0,0,True,False,0
1210,6,0,0,6,6,0,0,0,True,False,0
1211,7,0,0,7,7,0,0,0,True,False,0
1212,7,0,0,7,7,0,0,0,True,False,0
1213,8,0,0,8,8,0,0,0,True,False,0
1214,14,0,0,14,14,0,0,0,True,False,0
1215,11,0,0,11,11,0,0,0,True,False,0
1216,15,0,0,15,15,0,0,0,True,False,0
1217,13,0,0,13,13,0,0,0,True,False,0
1218,12,0,0,12,12,0,0,0,True,False,0
1219,11,0,0,11,11,0,0,0,True,False,0
1220,12,0,0,12,12,0,0,0,True,False,0
1221,13,0,0,13,13,0,0,0,True,False,0
1222,12,0,0,12,12,0,0,0,True,False,0
1223,12,0,0,12,12,0,0,0,True,False,0
1224,12,0,0,12,12,0,0,0,True,False,0
1225,6,0,0,6,6,0,0,0,True,False,0
1226,12,0,0,12,12,0,0,0,True,False,0
1227,12,0,0,12,12,0,0,0,True,False,0
1228,6,0,0,6,6,0,0,0,True,False,0
1229,4,0,0,4,4,0,0,0,True,False,0
1230,14,0,0,14,14,0,0,0,True,False,0
1231,13,0,0,13,13,0,0,0,True,False,0
1232,8,0,0,8,8,0,0,0,True,False,0
1233,9,0,0,9,9,0,0,0,True,False,0
1234,4,0,0,4,4,0,0,0,True,False,0
1235,11,0,0,11,11,0,0,0,True,False,0
1236,13,0,0,13,13,0,0,0,True,False,0
1237,13,0,0,13,13,0,0,0,True,False,0
1238,10,0,0,10,10,0,0,0,True,False,0
1239,11,0,0,11,11,0,0,0,True,False,0
1240,10,0,0,10,10,0,0,0,True,False,0
1241,10,0,0,10,10,0,0,0,True,False,0
1242,11,0,0,11,11,0,0,0,True,False,0
1243,9,0,0,9,9,0,0,0,True,False,0
1244,13,0,0,13,13,0,0,0,True,False,0
1245,11,0,0,11,11,0,0,0,True,False,0
1246,10,0,0,10,10,0,0,0,True,False,0
1247,7,7,7,7,7,0,0,0,True,False,0
1248,5,0,0,5,5,0,0,0,True,False,0
1249,9,0,0,9,9,0,0,0,True,False,0
1250,8,0,0,8,8,0,0,0,True,False,0
1251,0,120,0,0,0,0,0,0,True,False,0
1252,0,0,0,0,0,0,0,0,True,False,0
1253,93,0,0,93,93,0,0,0,True,False,0
1254,51,0,0,51,51,0,0,0,True,False,0
1255,72,0,0,72,72,0,0,0,True,False,0
1256,8,0,0,8,8,0,0,0,True,False,0
1257,8,0,0,8,8,0,0,0,True,False,0
1258,9,0,0,9,9,0,0,0,True,False,0
1259,9,0,0,9,9,0,0,0,True,False,0
1260,9,0,0,9,9,0,0,0,True,False,0
1261,6,0,0,6,6,0,0,0,True,False,0
1262,9,0,0,9,9,0,0,0,True,False,0
1263,7,0,0,7,7,0,0,0,True,False,0
1264,7,0,0,7,7,0,0,0,True,False,0
1265,6,0,0,6,6,0,0,0,True,False,0
1266,8,0,0,8,8,0,0,0,True,False,0
1267,8,0,0,8,8,0,0,0,True,False,0
1268,8,0,0,8,8,0,0,0,True,False,0
1269,7,0,0,7,7,0,0,0,True,False,0
1270,9,0,0,9,9,0,0,0,True,False,0
1271,6,0,0,6,6,0,0,0,True,False,0
1272,6,0,0,6,6,0,0,0,True,False,0
1273,7,0,0,7,7,0,0,0,True,False,0
1274,8,0,0,8,8,0,0,0,True,False,0
1275,6,0,0,6,6,0,0,0,True,False,0
1276,7,0,0,7,7,0,0,0,True,False,0
1277,13,0,0,13,13,0,0,0,True,False,0
1278,15,0,0,15,15,0,0,0,True,False,0
1279,13,0,0,13,13,0,0,0,True,False,0
1280,14,0,0,14,14,0,0,0,True,False,0
1281,12,0,0,12,12,0,0,0,True,False,0
1282,14,0,0,14,14,0,0,0,True,False,0
1283,14,0,0,14,14,0,0,0,True,False,0
1284,12,0,0,12,12,0,0,0,True,False,0
1285,12,0,0,12,12,0,0,0,True,False,0
1286,12,0,0,12,12,0,0,0,True,False,0
1287,12,0,0,12,12,0,0,0,True,False,0
1288,6,0,0,6,6,0,0,0,True,False,0
1289,12,0,0,12,12,0,0,0,True,False,0
1290,12,0,0,12,12,0,0,0,True,False,0
1291,6,0,0,6,6,0,0,0,True,False,0
1292,4,0,0,4,4,0,0,0,True,False,0
1293,13,0,0,13,13,0,0,0,True,False,0
1294,10,0,0,10,10,0,0,0,True,False,0
1295,13,0,0,13,13,0,0,0,True,False,0
1296,9,0,0,9,9,0,0,0,True,False,0
1297,10,0,0,10,10,0,0,0,True,False,0
1298,4,0,0,4,4,0,0,0,True,False,0
1299,17,0,0,17,17,0,0,0,True,False,0
1300,14,0,0,14,14,0,0,0,True,False,0
1301,1,0,0,1,1,0,0,0,True,True,0
1302,1,0,0,1,1,0,0,0,True,True,0
1303,11,0,0,11,11,0,0,0,True,False,0
1304,10,0,0,10,10,0,0,0,True,False,0
1305,10,0,0,10,10,0,0,0,True,False,0
1306,9,0,0,9,9,0,0,0,True,False,0
1307,11,0,0,11,11,0,0,0,True,False,0
1308,11,0,0,11,11,0,0,0,True,False,0
1309,9,0,0,9,9,0,0,0,True,False,0
1310,12,0,0,12,12,0,0,0,True,False,0
1311,9,0,0,9,9,0,0,0,True,False,0
1312,8,8,8,8,8,0,0,0,True,False,0
1313,5,0,0,5,5,0,0,0,True,False,0
1314,7,0,0,7,7,0,0,0,True,False,0
1315,10,0,0,10,10,0,0,0,True,False,0
1316,0,120,0,0,0,0,0,0,True,False,0
1317,0,0,0,0,0,0,0,0,True,False,0
1318,91,0,0,91,91,0,0,0,True,False,0
1319,46,0,0,46,46,0,0,0,True,False,0
1320,80,0,0,80,80,0,0,0,True,False,0
1321,10,0,0,10,10,0,0,0,True,False,0
1322,7,0,0,7,7,0,0,0,True,False,0
1323,9,0,0,9,9,0,0,0,True,False,0
1324,9,0,0,9,9,0,0,0,True,False,0
1325,9,0,0,9,9,0,0,0,True,False,0
1326,7,0,0,7,7,0,0,0,True,False,0
1327,8,0,0,8,8,0,0,0,True,False,0
1328,7,0,0,7,7,0,0,0,True,False,0
1329,7,0,0,7,7,0,0,0,True,False,0
1330,9,0,0,9,9,0,0,0,True,False,0
1331,6,0,0,6,6,0,0,0,True,False,0
1332,7,0,0,7,7,0,0,0,True,False,0
1333,6,0,0,6,6,0,0,0,True,False,0
1334,8,0,0,8,8,0,0,0,True,False,0
1335,6,0,0,6,6,0,0,0,True,False,0
1336,8,0,0,8,8,0,0,0,True,False,0
1337,9,0,0,9,9,0,0,0,True,False,0
1338,6,0,0,6,6,0,0,0,True,False,0
1339,7,0,0,7,7,0,0,0,True,False,0
1340,8,0,0,8,8,0,0,0,True,False,0
1341,7,0,0,7,7,0,0,0,True,False,0
1342,13,0,0,13,13,0,0,0,True,False,0
1343,16,0,0,16,16,0,0,0,True,False,0
1344,16,0,0,16,16,0,0,0,True,False,0
1345,13,0,0,13,13,0,0,0,True,False,0
1346,13,0,0,13,13,0,0,0,True,False,0
1347,12,0,0,12,12,0,0,0,True,False,0
1348,13,0,0,13,13,0,0,0,True,False,0
1349,14,0,0,14,14,0,0,0,True,False,0
1350,12,0,0,12,12,0,0,0,True,False,0
1351,12,0,0,12,12,0,0,0,True,False,0
1352,12,0,0,12,12,0,0,0,True,False,0
1353,6,0,0,6,6,0,0,0,True,False,0
1354,12,0,0,12,12,0,0,0,True,False,0
1355,12,0,0,12,12,0,0,0,True,False,0
1356,6,0,0,6,6,0,0,0,True,False,0
1357,4,0,0,4,4,0,0,0,True,False,0
1358,14,0,0,14,14,0,0,0,True,False,0
1359,10,0,0,10,10,0,0,0,True,False,0
1360,13,0,0,13,13,0,0,0,True,False,0
1361,12,0,0,12,12,0,0,0,True,False,0
1362,13,0,0,13,13,0,0,0,True,False,0
1363,7,0,0,7,7,0,0,0,True,False,0
1364,10,0,0,10,10,0,0,0,True,False,0
1365,10,0,0,10,10,0,0,0,True,False,0
1366,1,0,0,1,1,0,0,0,True,True,0
1367,1,0,0,1,1,0,0,0,True,True,0
1368,1,0,0,1,1,0,0,0,True,True,0
1369,6,0,0,6,6,0,0,0,True,False,0
1370,8,0,0,8,8,0,0,0,True,False,0
1371,5,0,0,5,5,0,0,0,True,False,0
1372,7,0,0,7,7,0,0,0,True,False,0
1373,6,0,0,6,6,0,0,0,True,False,0
1374,8,0,0,8,8,0,0,0,True,False,0
1375,6,0,0,6,6,0,0,0,True,False,0
1376,6,0,0,6,6,0,0,0,True,False,0
1377,5,0,0,5,5,0,0,0,True,False,0
1378,4,4,4,4,4,0,0,0,True,False,0
1379,3,0,0,3,3,0,0,0,True,False,0
1380,5,0,0,5,5,0,0,0,True,False,0
1381,5,0,0,5,5,0,0,0,True,False,0
1382,0,73,0,0,0,0,0,0,True,False,0
1383,0,0,0,0,0,0,0,0,True,False,0
1384,62,0,0,62,62,0,0,0,True,False,0
1385,28,0,0,28,28,0,0,0,True,False,0
1386,46,0,0,46,46,0,0,0,True,False,0
1387,4,0,0,4,4,0,0,0,True,False,0
1388,5,0,0,5,5,0,0,0,True,False,0
1389,4,0,0,4,4,0,0,0,True,False,0
1390,6,0,0,6,6,0,0,0,True,False,0
1391,4,0,0,4,4,0,0,0,True,False,0
1392,5,0,0,5,5,0,0,0,True,False,0
1393,4,0,0,4,4,0,0,0,True,False,0
1394,4,0,0,4,4,0,0,0,True,False,0
1395,6,0,0,6,6,0,0,0,True,False,0
1396,5,0,0,5,5,0,0,0,True,False,0
1397,5,0,0,5,5,0,0,0,True,False,0
1398,5,0,0,5,5,0,0,0,True,False,0
1399,6,0,0,6,6,0,0,0,True,False,0
1400,6,0,0,6,6,0,0,0,True,False,0
1401,4,0,0,4,4,0,0,0,True,False,0
1402,4,0,0,4,4,0,0,0,True,False,0
1403,4,0,0,4,4,0,0,0,True,False,0
1404,6,0,0,6,6,0,0,0,True,False,0
1405,4,0,0,4,4,0,0,0,True,False,0
1406,4,0,0,4,4,0,0,0,True,False,0
1407,5,0,0,5,5,0,0,0,True,False,0
1408,8,0,0,8,8,0,0,0,True,False,0
1409,9,0,0,9,9,0,0,0,True,False,0
1410,7,0,0,7,7,0,0,0,True,False,0
1411,7,0,0,7,7,0,0,0,True,False,0
1412,7,0,0,7,7,0,0,0,True,False,0
1413,9,0,0,9,9,0,0,0,True,False,0
1414,10,0,0,10,10,0,0,0,True,False,0
1415,8,0,0,8,8,0,0,0,True,False,0
1416,8,0,0,8,8,0,0,0,True,False,0
1417,7,0,0,7,7,0,0,0,True,False,0
1418,7,0,0,7,7,0,0,0,True,False,0
1419,3,0,0,3,3,0,0,0,True,False,0
1420,7,0,0,7,7,0,0,0,True,False,0
1421,7,0,0,7,7,0,0,0,True,False,0
1422,4,0,0,4,4,0,0,0,True,False,0
1423,3,0,0,3,3,0,0,0,True,False,0
1424,6,0,0,6,6,0,0,0,True,False,0
1425,8,0,0,8,8,0,0,0,True,False,0
1426,5,0,0,5,5,0,0,0,True,False,0
1427,3,0,0,3,3,0,0,0,True,False,0
1428,10,0,0,10,10,0,0,0,True,False,0
1429,11,0,0,11,11,0,0,0,True,False,0
1430,4,0,0,4,4,0,0,0,True,False,0
1431,8,0,0,8,8,0,0,0,True,False,0
1432,1,0,0,1,1,0,0,0,True,True,0
1433,1,0,0,1,1,0,0,0,True,True,0
1434,1,0,0,1,1,0,0,0,True,True,0
1435,4,0,0,4,4,0,0,0,False,False,0
1436,4,0,0,4,4,0,0,0,False,False,0
1437,5,0,0,5,5,0,0,0,False,False,0
1438,5,0,0,5,5,0,0,0,False,False,0
1439,4,0,0,4,4,0,0,0,False,False,0
1440,5,0,0,5,5,0,0,0,False,False,0
1441,6,0,0,6,6,0,0,0,False,False,0
1442,4,0,0,4,4,0,0,0,False,False,0
1443,5,0,0,5,5,0,0,0,False,False,0
1444,4,3,3,4,4,0,0,0,False,False,0
1445,3,0,0,3,3,0,0,0,False,False,0
1446,5,0,0,5,5,0,0,0,False,False,0
1447,6,0,0,6,6,0,0,0,False,False,0
1448,11,34,10,11,11,0,0,0,False,False,0
1449,200,0,0,200,200,0,0,0,False,False,0
1450,32,0,0,32,32,0,0,0,False,False,0
1451,18,0,0,18,18,0,0,0,False,False,0
1452,24,0,0,24,24,0,0,0,False,False,0
1453,5,0,0,5,5,0,0,0,False,False,0
1454,4,0,0,4,4,0,0,0,False,False,0
1455,7,0,0,7,7,0,0,0,False,False,0
1456,4,0,0,4,4,0,0,0,False,False,0
1457,4,0,0,4,4,0,0,0,False,False,0
1458,3,2,2,3,3,0,0,0,False,False,0
1459,4,3,3,4,4,0,0,0,False,False,0
1460,3,2,2,3,3,0,0,0,False,False,0
1461,3,2,2,3,3,0,0,0,False,False,0
1462,3,2,2,3,3,0,0,0,False,False,0
1463,5,3,3,5,5,0,0,0,False,False,0
1464,4,3,3,4,4,0,0,0,False,False,0
1465,4,3,3,4,4,0,0,0,False,False,0
1466,4,0,0,4,4,0,0,0,False,False,0
1467,5,0,0,5,5,0,0,0,False,False,0
1468,3,0,0,3,3,0,0,0,False,False,0
1469,3,0,0,3,3,0,0,0,False,False,0
1470,4,0,0,4,4,0,0,0,False,False,0
1471,4,0,0,4,4,0,0,0,False,False,0
1472,3,0,0,3,3,0,0,0,False,False,0
1473,4,0,0,4,4,0,0,0,False,False,0
1474,7,0,0,7,7,0,0,0,False,False,0
1475,6,0,0,6,6,0,0,0,False,False,0
1476,6,0,0,6,6,0,0,0,False,False,0
1477,6,0,0,6,6,0,0,0,False,False,0
1478,5,0,0,5,5,0,0,0,False,False,0
1479,6,0,0,6,6,0,0,0,False,False,0
1480,7,0,0,7,7,0,0,0,False,False,0
1481,5,0,0,5,5,0,0,0,False,False,0
1482,3,0,0,3,3,0,0,0,False,False,0
1483,3,0,0,3,3,0,0,0,False,False,0
1484,3,0,0,3,3,0,0,0,False,False,0
1485,3,0,0,3,3,0,0,0,False,False,0
1486,3,0,0,3,3,0,0,0,False,False,0
1487,3,0,0,3,3,0,0,0,False,False,0
1488,3,0,0,3,3,0,0,0,False,False,0
1489,5,0,0,5,5,0,0,0,False,False,0
1490,3,0,0,3,3,0,0,0,False,False,0
1491,2,0,0,2,2,0,0,0,False,True,0
1492,3,0,0,3,3,0,0,0,False,False,0
1493,7,0,0,7,7,0,0,0,False,False,0
1494,3,0,0,3,3,0,0,0,False,False,0
1495,3,0,0,3,3,0,0,0,False,False,0
1496,2,0,0,2,2,0,0,0,False,True,0
1497,3,0,0,3,3,0,0,0,False,False,0
1498,2,0,0,2,2,0,0,0,False,True,0
1499,2,0,0,2,2,0,0,0,False,True,0
1500,2,0,0,2,2,0,0,0,False,True,0
1501,2,0,0,2,2,0,0,0,False,True,0
1502,2,0,0,2,2,0,0,0,False,True,0
1503,2,0,0,2,2,0,0,0,False,True,0
1504,2,0,0,2,2,0,0,0,False,True,0
1505,2,0,0,2,2,0,0,0,False,True,0
1506,2,0,0,2,2,0,0,0,False,True,0
1507,2,0,0,2,2,0,0,0,False,True,0
1508,2,0,0,2,2,0,0,0,False,True,0
1509,2,0,0,2,2,0,0,0,False,True,0
1510,2,0,0,2,2,0,0,0,False,True,0
1511,2,0,0,2,2,0,0,0,False,True,0
1512,2,0,0,2,2,0,0,0,False,True,0
1513,2,0,0,2,2,0,0,0,False,True,0
1514,11,0,0,11,11,0,0,0,True,False,0
1515,12,0,0,12,12,0,0,0,True,False,0
1516,10,0,0,10,10,0,0,0,True,False,0
1517,13,0,0,13,13,0,0,0,True,False,0
1518,12,0,0,12,12,0,0,0,True,False,0
1519,10,0,0,10,10,0,0,0,True,False,0
1520,12,0,0,12,12,0,0,0,True,False,0
1521,10,0,0,10,10,0,0,0,True,False,0
1522,10,0,0,10,10,0,0,0,True,False,0
1523,7,7,7,7,7,0,0,0,True,False,0
1524,5,0,0,5,5,0,0,0,True,False,0
1525,12,0,0,12,12,0,0,0,True,False,0
1526,10,0,0,10,10,0,0,0,True,False,0
1527,0,117,0,0,0,0,0,0,True,False,0
1528,0,0,0,0,0,0,0,0,True,False,0
1529,93,0,0,93,93,0,0,0,True,False,0
1530,46,0,0,46,46,0,0,0,True,False,0
1531,73,0,0,73,73,0,0,0,True,False,0
1532,9,0,0,9,9,0,0,0,True,False,0
1533,12,0,0,12,12,0,0,0,True,False,0
1534,10,0,0,10,10,0,0,0,True,False,0
1535,11,0,0,11,11,0,0,0,True,False,0
1536,11,0,0,11,11,0,0,0,True,False,0
1537,7,1,1,7,7,0,0,0,True,False,0
1538,8,1,1,8,8,0,0,0,True,False,0
1539,9,1,1,9,9,0,0,0,True,False,0
1540,9,2,2,9,9,0,0,0,True,False,0
1541,7,1,1,7,7,0,0,0,True,False,0
1542,8,0,0,8,8,0,0,0,True,False,0
1543,9,0,0,9,9,0,0,0,True,False,0
1544,8,0,0,8,8,0,0,0,True,False,0
1545,7,0,0,7,7,0,0,0,True,False,0
1546,6,0,0,6,6,0,0,0,True,False,0
1547,7,0,0,7,7,0,0,0,True,False,0
1548,7,0,0,7,7,0,0,0,True,False,0
1549,7,0,0,7,7,0,0,0,True,False,0
1550,8,0,0,8,8,0,0,0,True,False,0
1551,6,0,0,6,6,0,0,0,True,False,0
1552,7,0,0,7,7,0,0,0,True,False,0
1553,12,0,0,12,12,0,0,0,True,False,0
1554,13,0,0,13,13,0,0,0,True,False,0
1555,14,0,0,14,14,0,0,0,True,False,0
1556,12,0,0,12,12,0,0,0,True,False,0
1557,12,0,0,12,12,0,0,0,True,False,0
1558,12,0,0,12,12,0,0,0,True,False,0
1559,14,0,0,14,14,0,0,0,True,False,0
1560,12,0,0,12,12,0,0,0,True,False,0
1561,4,0,0,4,4,0,0,0,True,False,0
1562,4,0,0,4,4,0,0,0,True,False,0
1563,4,0,0,4,4,0,0,0,True,False,0
1564,6,0,0,6,6,0,0,0,True,False,0
1565,4,0,0,4,4,0,0,0,True,False,0
1566,6,0,0,6,6,0,0,0,True,False,0
1567,4,0,0,4,4,0,0,0,True,False,0
1568,12,0,0,12,12,0,0,0,True,False,0
1569,16,0,0,16,16,0,0,0,True,False,0
1570,13,0,0,13,13,0,0,0,True,False,0
1571,14,0,0,14,14,0,0,0,True,False,0
1572,9,0,0,9,9,0,0,0,True,False,0
1573,4,0,0,4,4,0,0,0,True,False,0
1574,14,0,0,14,14,0,0,0,True,False,0
1575,19,0,0,19,19,0,0,0,True,False,0
1576,8,0,0,8,8,0,0,0,True,False,0
1577,9,0,0,9,9,0,0,0,True,False,0
1578,11,0,0,11,11,0,0,0,True,False,0
1579,10,0,0,10,10,0,0,0,True,False,0
1580,8,0,0,8,8,0,0,0,True,False,0
1581,9,0,0,9,9,0,0,0,True,False,0
1582,11,0,0,11,11,0,0,0,True,False,0
1583,12,0,0,12,12,0,0,0,True,False,0
1584,12,0,0,12,12,0,0,0,True,False,0
1585,11,0,0,11,11,0,0,0,True,False,0
1586,8,8,8,8,8,0,0,0,True,False,0
1587,5,0,0,5,5,0,0,0,True,False,0
1588,9,0,0,9,9,0,0,0,True,False,0
1589,11,0,0,11,11,0,0,0,True,False,0
1590,0,117,0,0,0,0,0,0,True,False,0
1591,0,0,0,0,0,0,0,0,True,False,0
1592,91,0,0,91,91,0,0,0,True,False,0
1593,47,0,0,47,47,0,0,0,True,False,0
1594,77,0,0,77,77,0,0,0,True,False,0
1595,11,0,0,11,11,0,0,0,True,False,0
1596,10,0,0,10,10,0,0,0,True,False,0
1597,12,0,0,12,12,0,0,0,True,False,0
1598,10,0,0,10,10,0,0,0,True,False,0
1599,9,0,0,9,9,0,0,0,True,False,0
1600,7,0,0,7,7,0,0,0,True,False,0
1601,7,0,0,7,7,0,0,0,True,False,0
1602,8,0,0,8,8,0,0,0,True,False,0
1603,7,0,0,7,7,0,0,0,True,False,0
1604,7,0,0,7,7,0,0,0,True,False,0
1605,7,0,0,7,7,0,0,0,True,False,0
1606,8,0,0,8,8,0,0,0,True,False,0
1607,8,0,0,8,8,0,0,0,True,False,0
1608,8,0,0,8,8,0,0,0,True,False,0
1609,6,0,0,6,6,0,0,0,True,False,0
1610,6,0,0,6,6,0,0,0,True,False,0
1611,7,0,0,7,7,0,0,0,True,False,0
1612,7,0,0,7,7,0,0,0,True,False,0
1613,7,0,0,7,7,0,0,0,True,False,0
1614,7,0,0,7,7,0,0,0,True,False,0
1615,8,0,0,8,8,0,0,0,True,False,0
1616,15,0,0,15,15,0,0,0,True,False,0
1617,14,0,0,14,14,0,0,0,True,False,0
1618,12,0,0,12,12,0,0,0,True,False,0
1619,13,0,0,13,13,0,0,0,True,False,0
1620,14,0,0,14,14,0,0,0,True,False,0
1621,13,0,0,13,13,0,0,0,True,False,0
1622,11,0,0,11,11,0,0,0,True,False,0
1623,15,0,0,15,15,0,0,0,True,False,0
1624,4,0,0,4,4,0,0,0,True,False,0
1625,4,0,0,4,4,0,0,0,True,False,0
1626,4,0,0,4,4,0,0,0,True,False,0
1627,6,0,0,6,6,0,0,0,True,False,0
1628,4,0,0,4,4,0,0,0,True,False,0
1629,6,0,0,6,6,0,0,0,True,False,0
1630,4,0,0,4,4,0,0,0,True,False,0
1631,12,0,0,12,12,0,0,0,True,False,0
1632,7,0,0,7,7,0,0,0,True,False,0
1633,8,0,0,8,8,0,0,0,True,False,0
1634,10,0,0,10,10,0,0,0,True,False,0
1635,6,0,0,6,6,0,0,0,True,False,0
1636,10,0,0,10,10,0,0,0,True,False,0
1637,7,0,0,7,7,0,0,0,True,False,0
1638,11,0,0,11,11,0,0,0,True,False,0
1639,12,0,0,12,12,0,0,0,True,False,0
1640,8,0,0,8,8,0,0,0,True,False,0
1641,11,0,0,11,11,0,0,0,True,False,0
1642,12,0,0,12,12,0,0,0,True,False,0
1643,9,0,0,9,9,0,0,0,True,False,0
1644,10,0,0,10,10,0,0,0,True,False,0
1645,12,0,0,12,12,0,0,0,True,False,0
1646,12,0,0,12,12,0,0,0,True,False,0
1647,8,0,0,8,8,0,0,0,True,False,0
1648,8,0,0,8,8,0,0,0,True,False,0
1649,7,7,7,7,7,0,0,0,True,False,0
1650,5,0,0,5,5,0,0,0,True,False,0
1651,12,0,0,12,12,0,0,0,True,False,0
1652,10,0,0,10,10,0,0,0,True,False,0
1653,0,113,0,0,0,0,0,0,True,False,0
1654,0,0,0,0,0,0,0,0,True,False,0
1655,92,0,0,92,92,0,0,0,True,False,0
1656,49,0,0,49,49,0,0,0,True,False,0
1657,78,0,0,78,78,0,0,0,True,False,0
1658,10,0,0,10,10,0,0,0,True,False,0
1659,12,0,0,12,12,0,0,0,True,False,0
1660,10,0,0,10,10,0,0,0,True,False,0
1661,10,0,0,10,10,0,0,0,True,False,0
1662,11,0,0,11,11,0,0,0,True,False,0
1663,10,0,0,10,10,0,0,0,True,False,0
1664,8,0,0,8,8,0,0,0,True,False,0
1665,7,0,0,7,7,0,0,0,True,False,0
1666,8,0,0,8,8,0,0,0,True,False,0
1667,8,0,0,8,8,0,0,0,True,False,0
1668,6,0,0,6,6,0,0,0,True,False,0
1669,8,0,0,8,8,0,0,0,True,False,0
1670,8,0,0,8,8,0,0,0,True,False,0
1671,7,0,0,7,7,0,0,0,True,False,0
1672,6,0,0,6,6,0,0,0,True,False,0
1673,8,0,0,8,8,0,0,0,True,False,0
1674,6,0,0,6,6,0,0,0,True,False,0
1675,7,0,0,7,7,0,0,0,True,False,0
1676,6,0,0,6,6,0,0,0,True,False,0
1677,7,0,0,7,7,0,0,0,True,False,0
1678,9,0,0,9,9,0,0,0,True,False,0
1679,13,0,0,13,13,0,0,0,True,False,0
1680,13,0,0,13,13,0,0,0,True,False,0
1681,12,0,0,12,12,0,0,0,True,False,0
1682,13,0,0,13,13,0,0,0,True,False,0
1683,12,0,0,12,12,0,0,0,True,False,0
1684,13,0,0,13,13,0,0,0,True,False,0
1685,13,0,0,13,13,0,0,0,True,False,0
1686,12,0,0,12,12,0,0,0,True,False,0
1687,4,0,0,4,4,0,0,0,True,False,0
1688,4,0,0,4,4,0,0,0,True,False,0
1689,4,0,0,4,4,0,0,0,True,False,0
1690,6,0,0,6,6,0,0,0,True,False,0
1691,4,0,0,4,4,0,0,0,True,False,0
1692,6,0,0,6,6,0,0,0,True,False,0
1693,4,0,0,4,4,0,0,0,True,False,0
1694,12,0,0,12,12,0,0,0,True,False,0
1695,10,0,0,10,10,0,0,0,True,False,0
1696,6,0,0,6,6,0,0,0,True,False,0
1697,11,0,0,11,11,0,0,0,True,False,0
1698,11,0,0,11,11,0,0,0,True,False,0
1699,13,0,0,13,13,0,0,0,True,False,0
1700,10,0,0,10,10,0,0,0,True,False,0
1701,9,0,0,9,9,0,0,0,True,False,0
1702,10,0,0,10,10,0,0,0,True,False,0
1703,10,0,0,10,10,0,0,0,True,False,0
1704,9,0,0,9,9,0,0,0,True,False,0
1705,8,0,0,8,8,0,0,0,True,False,0
1706,9,0,0,9,9,0,0,0,True,False,0
1707,11,0,0,11,11,0,0,0,True,False,0
1708,10,0,0,10,10,0,0,0,True,False,0
1709,11,0,0,11,11,0,0,0,True,False,0
1710,11,0,0,11,11,0,0,0,True,False,0
1711,12,1,1,12,12,0,0,0,True,False,0
1712,8,8,8,8,8,0,0,0,True,False,0
1713,5,0,0,5,5,0,0,0,True,False,0
1714,12,1,1,12,12,0,0,0,True,False,0
1715,12,1,1,12,12,0,0,0,True,False,0
1716,0,120,0,0,0,0,0,0,True,False,0
1717,0,0,0,0,0,0,0,0,True,False,0
1718,97,0,0,97,97,0,0,0,True,False,0
1719,47,0,0,47,47,0,0,0,True,False,0
1720,73,0,0,73,73,0,0,0,True,False,0
1721,10,1,1,10,10,0,0,0,True,False,0
1722,9,1,1,9,9,0,0,0,True,False,0
1723,12,1,1,12,12,0,0,0,True,False,0
1724,13,1,1,13,13,0,0,0,True,False,0
1725,11,1,1,11,11,0,0,0,True,False,0
1726,8,0,0,8,8,0,0,0,True,False,0
1727,8,0,0,8,8,0,0,0,True,False,0
1728,7,0,0,7,7,0,0,0,True,False,0
1729,7,0,0,7,7,0,0,0,True,False,0
1730,7,0,0,7,7,0,0,0,True,False,0
1731,9,0,0,9,9,0,0,0,True,False,0
1732,8,0,0,8,8,0,0,0,True,False,0
1733,7,0,0,7,7,0,0,0,True,False,0
1734,6,0,0,6,6,0,0,0,True,False,0
1735,7,0,0,7,7,0,0,0,True,False,0
1736,7,0,0,7,7,0,0,0,True,False,0
1737,7,0,0,7,7,0,0,0,True,False,0
1738,6,0,0,6,6,0,0,0,True,False,0
1739,9,0,0,9,9,0,0,0,True,False,0
1740,5,0,0,5,5,0,0,0,True,False,0
1741,7,0,0,7,7,0,0,0,True,False,0
1742,14,0,0,14,14,0,0,0,True,False,0
1743,16,0,0,16,16,0,0,0,True,False,0
1744,14,0,0,14,14,0,0,0,True,False,0
1745,15,0,0,15,15,0,0,0,True,False,0
1746,13,0,0,13,13,0,0,0,True,False,0
1747,13,0,0,13,13,0,0,0,True,False,0
1748,11,0,0,11,11,0,0,0,True,False,0
1749,13,0,0,13,13,0,0,0,True,False,0
1750,4,0,0,4,4,0,0,0,True,False,0
1751,4,0,0,4,4,0,0,0,True,False,0
1752,4,0,0,4,4,0,0,0,True,False,0
1753,6,0,0,6,6,0,0,0,True,False,0
1754,4,0,0,4,4,0,0,0,True,False,0
1755,6,0,0,6,6,0,0,0,True,False,0
1756,4,0,0,4,4,0,0,0,True,False,0
1757,12,0,0,12,12,0,0,0,True,False,0
1758,10,0,0,10,10,0,0,0,True,False,0
1759,13,0,0,13,13,0,0,0,True,False,0
1760,12,0,0,12,12,0,0,0,True,False,0
1761,8,0,0,8,8,0,0,0,True,False,0
1762,10,0,0,10,10,0,0,0,True,False,0
1763,14,0,0,14,14,0,0,0,True,False,0
1764,7,0,0,7,7,0,0,0,True,False,0
1765,7,0,0,7,7,0,0,0,True,False,0
1766,9,0,0,9,9,0,0,0,True,False,0
1767,10,0,0,10,10,0,0,0,True,False,0
1768,11,0,0,11,11,0,0,0,True,False,0
1769,11,0,0,11,11,0,0,0,True,False,0
1770,11,0,0,11,11,0,0,0,True,False,0
1771,10,0,0,10,10,0,0,0,True,False,0
1772,11,0,0,11,11,0,0,0,True,False,0
1773,12,0,0,12,12,0,0,0,True,False,0
1774,10,0,0,10,10,0,0,0,True,False,0
1775,7,7,7,7,7,0,0,0,True,False,0
1776,5,0,0,5,5,0,0,0,True,False,0
1777,9,0,0,9,9,0,0,0,True,False,0
1778,7,0,0,7,7,0,0,0,True,False,0
1779,10,119,10,10,10,0,0,0,True,False,0
1780,188,0,0,188,188,0,0,0,True,False,0
1781,96,0,0,96,96,0,0,0,True,False,0
1782,45,0,0,45,45,0,0,0,True,False,0
1783,75,0,0,75,75,0,0,0,True,False,0
1784,10,0,0,10,10,0,0,0,True,False,0
1785,9,0,0,9,9,0,0,0,True,False,0
1786,8,0,0,8,8,0,0,0,True,False,0
1787,7,0,0,7,7,0,0,0,True,False,0
1788,8,0,0,8,8,0,0,0,True,False,0
1789,8,0,0,8,8,0,0,0,True,False,0
1790,7,0,0,7,7,0,0,0,True,False,0
1791,6,0,0,6,6,0,0,0,True,False,0
1792,6,0,0,6,6,0,0,0,True,False,0
1793,9,0,0,9,9,0,0,0,True,False,0
1794,7,0,0,7,7,0,0,0,True,False,0
1795,7,0,0,7,7,0,0,0,True,False,0
1796,7,0,0,7,7,0,0,0,True,False,0
1797,8,0,0,8,8,0,0,0,True,False,0
1798,6,0,0,6,6,0,0,0,True,False,0
1799,8,0,0,8,8,0,0,0,True,False,0
1800,6,0,0,6,6,0,0,0,True,False,0
1801,7,0,0,7,7,0,0,0,True,False,0
1802,8,0,0,8,8,0,0,0,True,False,0
1803,7,0,0,7,7,0,0,0,True,False,0
1804,8,0,0,8,8,0,0,0,True,False,0
1805,14,0,0,14,14,0,0,0,True,False,0
1806,13,0,0,13,13,0,0,0,True,False,0
1807,13,0,0,13,13,0,0,0,True,False,0
1808,14,0,0,14,14,0,0,0,True,False,0
1809,12,0,0,12,12,0,0,0,True,False,0
1810,17,0,0,17,17,0,0,0,True,False,0
1811,13,0,0,13,13,0,0,0,True,False,0
1812,14,0,0,14,14,0,0,0,True,False,0
1813,4,0,0,4,4,0,0,0,True,False,0
1814,4,0,0,4,4,0,0,0,True,False,0
1815,4,0,0,4,4,0,0,0,True,False,0
1816,6,0,0,6,6,0,0,0,True,False,0
1817,4,0,0,4,4,0,0,0,True,False,0
1818,6,0,0,6,6,0,0,0,True,False,0
1819,4,0,0,4,4,0,0,0,True,False,0
1820,12,0,0,12,12,0,0,0,True,False,0
1821,9,0,0,9,9,0,0,0,True,False,0
1822,12,0,0,12,12,0,0,0,True,False,0
1823,7,0,0,7,7,0,0,0,True,False,0
1824,9,0,0,9,9,0,0,0,True,False,0
1825,17,0,0,17,17,0,0,0,True,False,0
1826,6,0,0,6,6,0,0,0,True,False,0
1827,15,0,0,15,15,0,0,0,True,False,0
1828,14,0,0,14,14,0,0,0,True,False,0
1829,9,0,0,9,9,0,0,0,True,False,0
1830,9,0,0,9,9,0,0,0,True,False,0
1831,10,0,0,10,10,0,0,0,True,False,0
1832,10,0,0,10,10,0,0,0,True,False,0
1833,9,0,0,9,9,0,0,0,True,False,0
1834,12,0,0,12,12,0,0,0,True,False,0
1835,10,0,0,10,10,0,0,0,True,False,0
1836,9,0,0,9,9,0,0,0,True,False,0
1837,9,0,0,9,9,0,0,0,True,False,0
1838,8,8,8,8,8,0,0,0,True,False,0
1839,5,0,0,5,5,0,0,0,True,False,0
1840,8,0,0,8,8,0,0,0,True,False,0
1841,10,0,0,10,10,0,0,0,True,False,0
1842,0,117,0,0,0,0,0,0,True,False,0
1843,12,0,0,12,12,0,0,0,True,False,0
1844,96,0,0,96,96,0,0,0,True,False,0
1845,44,0,0,44,44,0,0,0,True,False,0
1846,74,0,0,74,74,0,0,0,True,False,0
1847,8,0,0,8,8,0,0,0,True,False,0
1848,7,0,0,7,7,0,0,0,True,False,0
1849,8,0,0,8,8,0,0,0,True,False,0
1850,9,0,0,9,9,0,0,0,True,False,0
1851,8,0,0,8,8,0,0,0,True,False,0
1852,9,0,0,9,9,0,0,0,True,False,0
1853,7,0,0,7,7,0,0,0,True,False,0
1854,8,0,0,8,8,0,0,0,True,False,0
1855,9,0,0,9,9,0,0,0,True,False,0
1856,9,0,0,9,9,0,0,0,True,False,0
1857,7,0,0,7,7,0,0,0,True,False,0
1858,8,0,0,8,8,0,0,0,True,False,0
1859,6,0,0,6,6,0,0,0,True,False,0
1860,9,0,0,9,9,0,0,0,True,False,0
1861,7,0,0,7,7,0,0,0,True,False,0
1862,7,0,0,7,7,0,0,0,True,False,0
1863,7,0,0,7,7,0,0,0,True,False,0
1864,7,0,0,7,7,0,0,0,True,False,0
1865,6,0,0,6,6,0,0,0,True,False,0
1866,10,0,0,10,10,0,0,0,True,False,0
1867,8,0,0,8,8,0,0,0,True,False,0
1868,13,0,0,13,13,0,0,0,True,False,0
1869,13,0,0,13,13,0,0,0,True,False,0
1870,12,0,0,12,12,0,0,0,True,False,0
1871,12,0,0,12,12,0,0,0,True,False,0
1872,14,0,0,14,14,0,0,0,True,False,0
1873,15,0,0,15,15,0,0,0,True,False,0
1874,14,0,0,14,14,0,0,0,True,False,0
1875,13,0,0,13,13,0,0,0,True,False,0
1876,4,0,0,4,4,0,0,0,True,False,0
1877,4,0,0,4,4,0,0,0,True,False,0
1878,4,0,0,4,4,0,0,0,True,False,0
1879,6,0,0,6,6,0,0,0,True,False,0
1880,4,0,0,4,4,0,0,0,True,False,0
1881,6,0,0,6,6,0,0,0,True,False,0
1882,4,0,0,4,4,0,0,0,True,False,0
1883,13,0,0,13,13,0,0,0,True,False,0
1884,9,0,0,9,9,0,0,0,True,False,0
1885,9,0,0,9,9,0,0,0,True,False,0
1886,14,0,0,14,14,0,0,0,True,False,0
1887,9,0,0,9,9,0,0,0,True,False,0
1888,4,0,0,4,4,0,0,0,True,False,0
1889,10,0,0,10,10,0,0,0,True,False,0
1890,6,0,0,6,6,0,0,0,True,False,0
1891,14,0,0,14,14,0,0,0,True,False,0
1892,9,0,0,9,9,0,0,0,True,False,0
1893,12,0,0,12,12,0,0,0,True,False,0
1894,9,0,0,9,9,0,0,0,True,False,0
1895,10,0,0,10,10,0,0,0,True,False,0
1896,11,0,0,11,11,0,0,0,True,False,0
1897,10,0,0,10,10,0,0,0,True,False,0
1898,11,0,0,11,11,0,0,0,True,False,0
1899,13,0,0,13,13,0,0,0,True,False,0
1900,8,0,0,8,8,0,0,0,True,False,0
1901,7,7,7,7,7,0,0,0,True,False,0
1902,5,0,0,5,5,0,0,0,True,False,0
1903,7,0,0,7,7,0,0,0,True,False,0
1904,9,0,0,9,9,0,0,0,True,False,0
1905,0,123,0,0,0,0,0,0,True,False,0
1906,0,0,0,0,0,0,0,0,True,False,0
1907,99,0,0,99,99,0,0,0,True,False,0
1908,47,0,0,47,47,0,0,0,True,False,0
1909,74,0,0,74,74,0,0,0,True,False,0
1910,8,0,0,8,8,0,0,0,True,False,0
1911,8,0,0,8,8,0,0,0,True,False,0
1912,9,0,0,9,9,0,0,0,True,False,0
1913,10,0,0,10,10,0,0,0,True,False,0
1914,8,0,0,8,8,0,0,0,True,False,0
1915,7,0,0,7,7,0,0,0,True,False,0
1916,9,0,0,9,9,0,0,0,True,False,0
1917,7,0,0,7,7,0,0,0,True,False,0
1918,8,0,0,8,8,0,0,0,True,False,0
1919,6,0,0,6,6,0,0,0,True,False,0
1920,8,0,0,8,8,0,0,0,True,False,0
1921,7,0,0,7,7,0,0,0,True,False,0
1922,7,0,0,7,7,0,0,0,True,False,0
1923,8,0,0,8,8,0,0,0,True,False,0
1924,6,0,0,6,6,0,0,0,True,False,0
1925,6,0,0,6,6,0,0,0,True,False,0
1926,8,0,0,8,8,0,0,0,True,False,0
1927,9,0,0,9,9,0,0,0,True,False,0
1928,6,0,0,6,6,0,0,0,True,False,0
1929,6,0,0,6,6,0,0,0,True,False,0
1930,5,0,0,5,5,0,0,0,True,False,0
1931,14,0,0,14,14,0,0,0,True,False,0
1932,14,0,0,14,14,0,0,0,True,False,0
1933,14,0,0,14,14,0,0,0,True,False,0
1934,13,0,0,13,13,0,0,0,True,False,0
1935,14,0,0,14,14,0,0,0,True,False,0
1936,13,0,0,13,13,0,0,0,True,False,0
1937,13,0,0,13,13,0,0,0,True,False,0
1938,13,0,0,13,13,0,0,0,True,False,0
1939,4,0,0,4,4,0,0,0,True,False,0
1940,4,0,0,4,4,0,0,0,True,False,0
1941,4,0,0,4,4,0,0,0,True,False,0
1942,6,0,0,6,6,0,0,0,True,False,0
1943,4,0,0,4,4,0,0,0,True,False,0
1944,6,0,0,6,6,0,0,0,True,False,0
1945,4,0,0,4,4,0,0,0,True,False,0
1946,12,0,0,12,12,0,0,0,True,False,0
1947,9,0,0,9,9,0,0,0,True,False,0
1948,12,0,0,12,12,0,0,0,True,False,0
1949,9,0,0,9,9,0,0,0,True,False,0
1950,12,0,0,12,12,0,0,0,True,False,0
1951,14,0,0,14,14,0,0,0,True,False,0
1952,7,0,0,7,7,0,0,0,True,False,0
1953,7,0,0,7,7,0,0,0,True,False,0
1954,9,0,0,9,9,0,0,0,True,False,0
1955,12,0,0,12,12,0,0,0,True,False,0
1956,9,0,0,9,9,0,0,0,True,False,0
1957,10,0,0,10,10,0,0,0,True,False,0
1958,12,0,0,12,12,0,0,0,True,False,0
1959,11,0,0,11,11,0,0,0,True,False,0
1960,12,0,0,12,12,0,0,0,True,False,0
1961,9,0,0,9,9,0,0,0,True,False,0
1962,9,0,0,9,9,0,0,0,True,False,0
1963,7,0,0,7,7,0,0,0,True,False,0
1964,8,8,8,8,8,0,0,0,True,False,0
1965,5,0,0,5,5,0,0,0,True,False,0
1966,8,0,0,8,8,0,0,0,True,False,0
1967,8,0,0,8,8,0,0,0,True,False,0
1968,0,120,0,0,0,0,0,0,True,False,0
1969,0,0,0,0,0,0,0,0,True,False,0
1970,93,0,0,93,93,0,0,0,True,False,0
1971,51,0,0,51,51,0,0,0,True,False,0
1972,75,0,0,75,75,0,0,0,True,False,0
1973,9,0,0,9,9,0,0,0,True,False,0
1974,8,0,0,8,8,0,0,0,True,False,0
1975,8,0,0,8,8,0,0,0,True,False,0
1976,9,0,0,9,9,0,0,0,True,False,0
1977,8,0,0,8,8,0,0,0,True,False,0
1978,8,0,0,8,8,0,0,0,True,False,0
1979,7,0,0,7,7,0,0,0,True,False,0
1980,6,0,0,6,6,0,0,0,True,False,0
1981,8,0,0,8,8,0,0,0,True,False,0
1982,10,0,0,10,10,0,0,0,True,False,0
1983,7,0,0,7,7,0,0,0,True,False,0
1984,7,0,0,7,7,0,0,0,True,False,0
1985,7,0,0,7,7,0,0,0,True,False,0
1986,8,0,0,8,8,0,0,0,True,False,0
1987,10,0,0,10,10,0,0,0,True,False,0
1988,7,0,0,7,7,0,0,0,True,False,0
1989,8,0,0,8,8,0,0,0,True,False,0
1990,8,0,0,8,8,0,0,0,True,False,0
1991,8,0,0,8,8,0,0,0,True,False,0
1992,7,0,0,7,7,0,0,0,True,False,0
1993,8,0,0,8,8,0,0,0,True,False,0
1994,15,0,0,15,15,0,0,0,True,False,0
1995,12,0,0,12,12,0,0,0,True,False,0
1996,12,0,0,12,12,0,0,0,True,False,0
1997,11,0,0,11,11,0,0,0,True,False,0
1998,14,0,0,14,14,0,0,0,True,False,0
1999,15,0,0,15,15,0,0,0,True,False,0
2000,12,0,0,12,12,0,0,0,True,False,0
2001,13,0,0,13,13,0,0,0,True,False,0
2002,4,0,0,4,4,0,0,0,True,False,0
2003,4,0,0,4,4,0,0,0,True,False,0
2004,4,0,0,4,4,0,0,0,True,False,0
2005,6,0,0,6,6,0,0,0,True,False,0
2006,4,0,0,4,4,0,0,0,True,False,0
2007,6,0,0,6,6,0,0,0,True,False,0
2008,4,0,0,4,4,0,0,0,True,False,0
2009,12,0,0,12,12,0,0,0,True,False,0
2010,10,0,0,10,10,0,0,0,True,False,0
2011,8,0,0,8,8,0,0,0,True,False,0
2012,13,0,0,13,13,0,0,0,True,False,0
2013,21,0,0,21,21,0,0,0,True,False,0
2014,9,0,0,9,9,0,0,0,True,False,0
2015,7,0,0,7,7,0,0,0,True,False,0
2016,11,0,0,11,11,0,0,0,True,False,0
2017,3,0,0,3,3,0,0,0,True,False,0
2018,1,0,0,1,1,0,0,0,True,True,0
2019,1,0,0,1,1,0,0,0,True,True,0
2020,10,0,0,10,10,0,0,0,True,False,0
2021,12,0,0,12,12,0,0,0,True,False,0
2022,11,0,0,11,11,0,0,0,True,False,0
2023,10,0,0,10,10,0,0,0,True,False,0
2024,10,0,0,10,10,0,0,0,True,False,0
2025,10,0,0,10,10,0,0,0,True,False,0
2026,10,0,0,10,10,0,0,0,True,False,0
2027,8,0,0,8,8,0,0,0,True,False,0
2028,8,0,0,8,8,0,0,0,True,False,0
2029,7,7,7,7,7,0,0,0,True,False,0
2030,5,0,0,5,5,0,0,0,True,False,0
2031,9,0,0,9,9,0,0,0,True,False,0
2032,8,0,0,8,8,0,0,0,True,False,0
2033,0,121,0,0,0,0,0,0,True,False,0
2034,0,0,0,0,0,0,0,0,True,False,0
2035,92,0,0,92,92,0,0,0,True,False,0
2036,43,0,0,43,43,0,0,0,True,False,0
2037,78,0,0,78,78,0,0,0,True,False,0
2038,8,0,0,8,8,0,0,0,True,False,0
2039,9,0,0,9,9,0,0,0,True,False,0
2040,9,0,0,9,9,0,0,0,True,False,0
2041,8,0,0,8,8,0,0,0,True,False,0
2042,9,0,0,9,9,0,0,0,True,False,0
2043,6,0,0,6,6,0,0,0,True,False,0
2044,7,0,0,7,7,0,0,0,True,False,0
2045,7,0,0,7,7,0,0,0,True,False,0
2046,8,0,0,8,8,0,0,0,True,False,0
2047,7,0,0,7,7,0,0,0,True,False,0
2048,7,0,0,7,7,0,0,0,True,False,0
2049,8,0,0,8,8,0,0,0,True,False,0
2050,7,0,0,7,7,0,0,0,True,False,0
2051,8,0,0,8,8,0,0,0,True,False,0
2052,7,0,0,7,7,0,0,0,True,False,0
2053,7,0,0,7,7,0,0,0,True,False,0
2054,8,0,0,8,8,0,0,0,True,False,0
2055,6,0,0,6,6,0,0,0,True,False,0
2056,7,0,0,7,7,0,0,0,True,False,0
2057,7,0,0,7,7,0,0,0,True,False,0
2058,6,0,0,6,6,0,0,0,True,False,0
2059,12,0,0,12,12,0,0,0,True,False,0
2060,15,0,0,15,15,0,0,0,True,False,0
2061,13,0,0,13,13,0,0,0,True,False,0
2062,15,0,0,15,15,0,0,0,True,False,0
2063,12,0,0,12,12,0,0,0,True,False,0
2064,14,0,0,14,14,0,0,0,True,False,0
2065,13,0,0,13,13,0,0,0,True,False,0
2066,11,0,0,11,11,0,0,0,True,False,0
2067,4,0,0,4,4,0,0,0,True,False,0
2068,4,0,0,4,4,0,0,0,True,False,0
2069,4,0,0,4,4,0,0,0,True,False,0
2070,6,0,0,6,6,0,0,0,True,False,0
2071,4,0,0,4,4,0,0,0,True,False,0
2072,6,0,0,6,6,0,0,0,True,False,0
2073,4,0,0,4,4,0,0,0,True,False,0
2074,12,0,0,12,12,0,0,0,True,False,0
2075,7,0,0,7,7,0,0,0,True,False,0
2076,8,0,0,8,8,0,0,0,True,False,0
2077,7,0,0,7,7,0,0,0,True,False,0
2078,4,0,0,4,4,0,0,0,True,False,0
2079,9,0,0,9,9,0,0,0,True,False,0
2080,9,0,0,9,9,0,0,0,True,False,0
2081,12,0,0,12,12,0,0,0,True,False,0
2082,8,0,0,8,8,0,0,0,True,False,0
2083,1,0,0,1,1,0,0,0,True,True,0
2084,1,0,0,1,1,0,0,0,True,True,0
2085,6,0,0,6,6,0,0,0,True,False,0
2086,8,0,0,8,8,0,0,0,True,False,0
2087,6,0,0,6,6,0,0,0,True,False,0
2088,9,0,0,9,9,0,0,0,True,False,0
2089,5,0,0,5,5,0,0,0,True,False,0
2090,9,0,0,9,9,0,0,0,True,False,0
2091,7,0,0,7,7,0,0,0,True,False,0
2092,7,0,0,7,7,0,0,0,True,False,0
2093,7,0,0,7,7,0,0,0,True,False,0
2094,6,6,6,6,6,0,0,0,True,False,0
2095,3,0,0,3,3,0,0,0,True,False,0
2096,5,0,0,5,5,0,0,0,True,False,0
2097,6,0,0,6,6,0,0,0,True,False,0
2098,0,82,0,0,0,0,0,0,True,False,0
2099,0,0,0,0,0,0,0,0,True,False,0
2100,61,0,0,61,61,0,0,0,True,False,0
2101,36,0,0,36,36,0,0,0,True,False,0
2102,54,0,0,54,54,0,0,0,True,False,0
2103,5,0,0,5,5,0,0,0,True,False,0
2104,7,0,0,7,7,0,0,0,True,False,0
2105,5,0,0,5,5,0,0,0,True,False,0
2106,7,0,0,7,7,0,0,0,True,False,0
2107,5,0,0,5,5,0,0,0,True,False,0
2108,6,0,0,6,6,0,0,0,True,False,0
2109,4,0,0,4,4,0,0,0,True,False,0
2110,4,0,0,4,4,0,0,0,True,False,0
2111,6,0,0,6,6,0,0,0,True,False,0
2112,5,0,0,5,5,0,0,0,True,False,0
2113,6,0,0,6,6,0,0,0,True,False,0
2114,5,0,0,5,5,0,0,0,True,False,0
2115,4,0,0,4,4,0,0,0,True,False,0
2116,5,0,0,5,5,0,0,0,True,False,0
2117,5,0,0,5,5,0,0,0,True,False,0
2118,4,0,0,4,4,0,0,0,True,False,0
2119,5,0,0,5,5,0,0,0,True,False,0
2120,4,0,0,4,4,0,0,0,True,False,0
2121,4,0,0,4,4,0,0,0,True,False,0
2122,4,0,0,4,4,0,0,0,True,False,0
2123,5,0,0,5,5,0,0,0,True,False,0
2124,8,0,0,8,8,0,0,0,True,False,0
2125,11,0,0,11,11,0,0,0,True,False,0
2126,9,0,0,9,9,0,0,0,True,False,0
2127,9,0,0,9,9,0,0,0,True,False,0
2128,10,0,0,10,10,0,0,0,True,False,0
2129,9,0,0,9,9,0,0,0,True,False,0
2130,7,0,0,7,7,0,0,0,True,False,0
2131,8,0,0,8,8,0,0,0,True,False,0
2132,3,0,0,3,3,0,0,0,True,False,0
2133,2,0,0,2,2,0,0,0,True,True,0
2134,3,0,0,3,3,0,0,0,True,False,0
2135,4,0,0,4,4,0,0,0,True,False,0
2136,2,0,0,2,2,0,0,0,True,True,0
2137,4,0,0,4,4,0,0,0,True,False,0
2138,3,0,0,3,3,0,0,0,True,False,0
2139,8,0,0,8,8,0,0,0,True,False,0
2140,13,0,0,13,13,0,0,0,True,False,0
2141,13,0,0,13,13,0,0,0,True,False,0
2142,6,0,0,6,6,0,0,0,True,False,0
2143,9,0,0,9,9,0,0,0,True,False,0
2144,9,0,0,9,9,0,0,0,True,False,0
2145,7,0,0,7,7,0,0,0,True,False,0
2146,12,0,0,12,12,0,0,0,True,False,0
2147,9,0,0,9,9,0,0,0,True,False,0
2148,1,0,0,1,1,0,0,0,True,True,0
2149,1,0,0,1,1,0,0,0,True,True,0
2150,1,0,0,1,1,0,0,0,True,True,0
2151,1,0,0,1,1,0,0,0,True,True,0
2152,5,0,0,5,5,0,0,0,False,False,0
2153,5,0,0,5,5,0,0,0,False,False,0
2154,3,0,0,3,3,0,0,0,False,False,0
2155,3,0,0,3,3,0,0,0,False,False,0
2156,4,0,0,4,4,0,0,0,False,False,0
2157,5,0,0,5,5,0,0,0,False,False,0
2158,4,0,0,4,4,0,0,0,False,False,0
2159,4,0,0,4,4,0,0,0,False,False,0
2160,5,0,0,5,5,0,0,0,False,False,0
2161,3,2,2,3,3,0,0,0,False,False,0
2162,3,0,0,3,3,0,0,0,False,False,0
2163,6,0,0,6,6,0,0,0,False,False,0
2164,5,0,0,5,5,0,0,0,False,False,0
2165,11,32,10,11,11,0,0,0,False,False,0
2166,200,0,0,200,200,0,0,0,False,False,0
2167,24,0,0,24,24,0,0,0,False,False,0
2168,14,0,0,14,14,0,0,0,False,False,0
2169,20,0,0,20,20,0,0,0,False,False,0
2170,4,0,0,4,4,0,0,0,False,False,0
2171,4,0,0,4,4,0,0,0,False,False,0
2172,5,0,0,5,5,0,0,0,False,False,0
2173,4,0,0,4,4,0,0,0,False,False,0
2174,4,0,0,4,4,0,0,0,False,False,0
2175,3,2,2,3,3,0,0,0,False,False,0
2176,3,2,2,3,3,0,0,0,False,False,0
2177,2,1,1,2,2,0,0,0,False,True,0
2178,3,2,2,3,3,0,0,0,False,False,0
2179,3,2,2,3,3,0,0,0,False,False,0
2180,2,1,1,2,2,0,0,0,False,True,0
2181,4,3,3,4,4,0,0,0,False,False,0
2182,2,1,1,2,2,0,0,0,False,True,0
2183,3,0,0,3,3,0,0,0,False,False,0
2184,3,0,0,3,3,0,0,0,False,False,0
2185,4,0,0,4,4,0,0,0,False,False,0
2186,3,0,0,3,3,0,0,0,False,False,0
2187,4,0,0,4,4,0,0,0,False,False,0
2188,4,0,0,4,4,0,0,0,False,False,0
2189,3,0,0,3,3,0,0,0,False,False,0
2190,3,0,0,3,3,0,0,0,False,False,0
2191,4,0,0,4,4,0,0,0,False,False,0
2192,4,0,0,4,4,0,0,0,False,False,0
2193,4,0,0,4,4,0,0,0,False,False,0
2194,5,0,0,5,5,0,0,0,False,False,0
2195,4,0,0,4,4,0,0,0,False,False,0
2196,6,0,0,6,6,0,0,0,False,False,0
2197,5,0,0,5,5,0,0,0,False,False,0
2198,5,0,0,5,5,0,0,0,False,False,0
2199,2,0,0,2,2,0,0,0,False,True,0
2200,5,0,0,5,5,0,0,0,False,False,0
2201,3,0,0,3,3,0,0,0,False,False,0
2202,4,0,0,4,4,0,0,0,False,False,0
2203,3,0,0,3,3,0,0,0,False,False,0
2204,3,0,0,3,3,0,0,0,False,False,0
2205,2,0,0,2,2,0,0,0,False,True,0
2206,5,0,0,5,5,0,0,0,False,False,0
2207,2,0,0,2,2,0,0,0,False,True,0
2208,2,0,0,2,2,0,0,0,False,True,0
2209,3,0,0,3,3,0,0,0,False,False,0
2210,2,0,0,2,2,0,0,0,False,True,0
2211,2,0,0,2,2,0,0,0,False,True,0
2212,2,0,0,2,2,0,0,0,False,True,0
2213,2,0,0,2,2,0,0,0,False,True,0
2214,2,0,0,2,2,0,0,0,False,True,0
2215,2,0,0,2,2,0,0,0,False,True,0
2216,2,0,0,2,2,0,0,0,False,True,0
2217,2,0,0,2,2,0,0,0,False,True,0
2218,2,0,0,2,2,0,0,0,False,True,0
2219,2,0,0,2,2,0,0,0,False,True,0
2220,2,0,0,2,2,0,0,0,False,True,0
2221,2,0,0,2,2,0,0,0,False,True,0
2222,2,0,0,2,2,0,0,0,False,True,0
2223,2,0,0,2,2,0,0,0,False,True,0
2224,2,0,0,2,2,0,0,0,False,True,0
2225,2,0,0,2,2,0,0,0,False,True,0
2226,2,0,0,2,2,0,0,0,False,True,0
2227,2,0,0,2,2,0,0,0,False,True,0
2228,2,0,0,2,2,0,0,0,False,True,0
2229,2,0,0,2,2,0,0,0,False,True,0
2230,2,0,0,2,2,0,0,0,False,True,0
2231,10,0,0,10,10,0,0,0,True,False,0
2232,11,0,0,11,11,0,0,0,True,False,0
2233,10,0,0,10,10,0,0,0,True,False,0
2234,10,0,0,10,10,0,0,0,True,False,0
2235,9,0,0,9,9,0,0,0,True,False,0
2236,12,0,0,12,12,0,0,0,True,False,0
2237,10,0,0,10,10,0,0,0,True,False,0
2238,11,0,0,11,11,0,0,0,True,False,0
2239,10,0,0,10,10,0,0,0,True,False,0
2240,8,8,8,8,8,0,0,0,True,False,0
2241,5,0,0,5,5,0,0,0,True,False,0
2242,10,0,0,10,10,0,0,0,True,False,0
2243,10,0,0,10,10,0,0,0,True,False,0
2244,0,120,0,0,0,0,0,0,True,False,0
2245,0,0,0,0,0,0,0,0,True,False,0
2246,94,0,0,94,94,0,0,0,True,False,0
2247,47,0,0,47,47,0,0,0,True,False,0
2248,77,0,0,77,77,0,0,0,True,False,0
2249,11,0,0,11,11,0,0,0,True,False,0
2250,8,0,0,8,8,0,0,0,True,False,0
2251,9,0,0,9,9,0,0,0,True,False,0
2252,9,0,0,9,9,0,0,0,True,False,0
2253,10,0,0,10,10,0,0,0,True,False,0
2254,9,1,1,9,9,0,0,0,True,False,0
2255,6,1,1,6,6,0,0,0,True,False,0
2256,7,3,3,7,7,0,0,0,True,False,0
2257,8,1,1,8,8,0,0,0,True,False,0
2258,7,1,1,7,7,0,0,0,True,False,0
2259,9,2,2,9,9,0,0,0,True,False,0
2260,7,0,0,7,7,0,0,0,True,False,0
2261,10,3,3,10,10,0,0,0,True,False,0
2262,7,0,0,7,7,0,0,0,True,False,0
2263,6,0,0,6,6,0,0,0,True,False,0
2264,8,0,0,8,8,0,0,0,True,False,0
2265,8,0,0,8,8,0,0,0,True,False,0
2266,7,0,0,7,7,0,0,0,True,False,0
2267,7,0,0,7,7,0,0,0,True,False,0
2268,7,0,0,7,7,0,0,0,True,False,0
2269,8,0,0,8,8,0,0,0,True,False,0
2270,11,0,0,11,11,0,0,0,True,False,0
2271,14,0,0,14,14,0,0,0,True,False,0
2272,16,0,0,16,16,0,0,0,True,False,0
2273,14,0,0,14,14,0,0,0,True,False,0
2274,12,0,0,12,12,0,0,0,True,False,0
2275,13,0,0,13,13,0,0,0,True,False,0
2276,15,0,0,15,15,0,0,0,True,False,0
2277,14,0,0,14,14,0,0,0,True,False,0
2278,5,0,0,5,5,0,0,0,True,False,0
2279,12,0,0,12,12,0,0,0,True,False,0
2280,6,0,0,6,6,0,0,0,True,False,0
2281,13,0,0,13,13,0,0,0,True,False,0
2282,6,0,0,6,6,0,0,0,True,False,0
2283,4,0,0,4,4,0,0,0,True,False,0
2284,5,0,0,5,5,0,0,0,True,False,0
2285,12,0,0,12,12,0,0,0,True,False,0
2286,10,0,0,10,10,0,0,0,True,False,0
2287,10,0,0,10,10,0,0,0,True,False,0
2288,14,0,0,14,14,0,0,0,True,False,0
2289,7,0,0,7,7,0,0,0,True,False,0
2290,15,0,0,15,15,0,0,0,True,False,0
2291,17,0,0,17,17,0,0,0,True,False,0
2292,11,0,0,11,11,0,0,0,True,False,0
2293,9,0,0,9,9,0,0,0,True,False,0
2294,10,0,0,10,10,0,0,0,True,False,0
2295,9,0,0,9,9,0,0,0,True,False,0
2296,13,0,0,13,13,0,0,0,True,False,0
2297,9,0,0,9,9,0,0,0,True,False,0
2298,8,0,0,8,8,0,0,0,True,False,0
2299,10,0,0,10,10,0,0,0,True,False,0
2300,11,0,0,11,11,0,0,0,True,False,0
2301,10,0,0,10,10,0,0,0,True,False,0
2302,12,0,0,12,12,0,0,0,True,False,0
2303,7,7,7,7,7,0,0,0,True,False,0
2304,5,0,0,5,5,0,0,0,True,False,0
2305,10,0,0,10,10,0,0,0,True,False,0
2306,12,0,0,12,12,0,0,0,True,False,0
2307,0,119,0,0,0,0,0,0,True,False,0
2308,0,0,0,0,0,0,0,0,True,False,0
2309,92,0,0,92,92,0,0,0,True,False,0
2310,49,0,0,49,49,0,0,0,True,False,0
2311,80,0,0,80,80,0,0,0,True,False,0
2312,10,0,0,10,10,0,0,0,True,False,0
2313,12,0,0,12,12,0,0,0,True,False,0
2314,13,0,0,13,13,0,0,0,True,False,0
2315,9,0,0,9,9,0,0,0,True,False,0
2316,11,0,0,11,11,0,0,0,True,False,0
2317,9,0,0,9,9,0,0,0,True,False,0
2318,8,0,0,8,8,0,0,0,True,False,0
2319,7,0,0,7,7,0,0,0,True,False,0
2320,7,0,0,7,7,0,0,0,True,False,0
2321,10,0,0,10,10,0,0,0,True,False,0
2322,6,0,0,6,6,0,0,0,True,False,0
2323,8,0,0,8,8,0,0,0,True,False,0
2324,7,0,0,7,7,0,0,0,True,False,0
2325,5,0,0,5,5,0,0,0,True,False,0
2326,6,0,0,6,6,0,0,0,True,False,0
2327,6,0,0,6,6,0,0,0,True,False,0
2328,8,0,0,8,8,0,0,0,True,False,0
2329,8,0,0,8,8,0,0,0,True,False,0
2330,5,0,0,5,5,0,0,0,True,False,0
2331,6,0,0,6,6,0,0,0,True,False,0
2332,7,0,0,7,7,0,0,0,True,False,0
2333,13,0,0,13,13,0,0,0,True,False,0
2334,14,0,0,14,14,0,0,0,True,False,0
2335,15,0,0,15,15,0,0,0,True,False,0
2336,15,0,0,15,15,0,0,0,True,False,0
2337,13,0,0,13,13,0,0,0,True,False,0
2338,14,0,0,14,14,0,0,0,True,False,0
2339,13,0,0,13,13,0,0,0,True,False,0
2340,13,0,0,13,13,0,0,0,True,False,0
2341,3,0,0,3,3,0,0,0,True,False,0
2342,12,0,0,12,12,0,0,0,True,False,0
2343,6,0,0,6,6,0,0,0,True,False,0
2344,12,0,0,12,12,0,0,0,True,False,0
2345,6,0,0,6,6,0,0,0,True,False,0
2346,4,0,0,4,4,0,0,0,True,False,0
2347,4,0,0,4,4,0,0,0,True,False,0
2348,12,0,0,12,12,0,0,0,True,False,0
2349,16,0,0,16,16,0,0,0,True,False,0
2350,8,0,0,8,8,0,0,0,True,False,0
2351,14,0,0,14,14,0,0,0,True,False,0
2352,7,0,0,7,7,0,0,0,True,False,0
2353,10,0,0,10,10,0,0,0,True,False,0
2354,8,0,0,8,8,0,0,0,True,False,0
2355,9,0,0,9,9,0,0,0,True,False,0
2356,8,0,0,8,8,0,0,0,True,False,0
2357,13,0,0,13,13,0,0,0,True,False,0
2358,11,0,0,11,11,0,0,0,True,False,0
2359,13,0,0,13,13,0,0,0,True,False,0
2360,12,0,0,12,12,0,0,0,True,False,0
2361,12,0,0,12,12,0,0,0,True,False,0
2362,12,0,0,12,12,0,0,0,True,False,0
2363,10,0,0,10,10,0,0,0,True,False,0
2364,11,0,0,11,11,0,0,0,True,False,0
2365,10,0,0,10,10,0,0,0,True,False,0
2366,8,8,8,8,8,0,0,0,True,False,0
2367,5,0,0,5,5,0,0,0,True,False,0
2368,11,0,0,11,11,0,0,0,True,False,0
2369,12,0,0,12,12,0,0,0,True,False,0
2370,0,121,0,0,0,0,0,0,True,False,0
2371,0,0,0,0,0,0,0,0,True,False,0
2372,95,0,0,95,95,0,0,0,True,False,0
2373,49,0,0,49,49,0,0,0,True,False,0
2374,77,0,0,77,77,0,0,0,True,False,0
2375,12,0,0,12,12,0,0,0,True,False,0
2376,11,0,0,11,11,0,0,0,True,False,0
2377,11,0,0,11,11,0,0,0,True,False,0
2378,11,0,0,11,11,0,0,0,True,False,0
2379,12,0,0,12,12,0,0,0,True,False,0
2380,7,0,0,7,7,0,0,0,True,False,0
2381,7,0,0,7,7,0,0,0,True,False,0
2382,9,0,0,9,9,0,0,0,True,False,0
2383,8,0,0,8,8,0,0,0,True,False,0
2384,6,0,0,6,6,0,0,0,True,False,0
2385,7,0,0,7,7,0,0,0,True,False,0
2386,7,0,0,7,7,0,0,0,True,False,0
2387,7,0,0,7,7,0,0,0,True,False,0
2388,7,0,0,7,7,0,0,0,True,False,0
2389,6,0,0,6,6,0,0,0,True,False,0
2390,8,0,0,8,8,0,0,0,True,False,0
2391,7,0,0,7,7,0,0,0,True,False,0
2392,6,0,0,6,6,0,0,0,True,False,0
2393,9,0,0,9,9,0,0,0,True,False,0
2394,6,0,0,6,6,0,0,0,True,False,0
2395,7,0,0,7,7,0,0,0,True,False,0
2396,17,0,0,17,17,0,0,0,True,False,0
2397,13,0,0,13,13,0,0,0,True,False,0
2398,15,0,0,15,15,0,0,0,True,False,0
2399,14,0,0,14,14,0,0,0,True,False,0
2400,13,0,0,13,13,0,0,0,True,False,0
2401,13,0,0,13,13,0,0,0,True,False,0
2402,13,0,0,13,13,0,0,0,True,False,0
2403,14,0,0,14,14,0,0,0,True,False,0
2404,4,0,0,4,4,0,0,0,True,False,0
2405,12,0,0,12,12,0,0,0,True,False,0
2406,6,0,0,6,6,0,0,0,True,False,0
2407,11,0,0,11,11,0,0,0,True,False,0
2408,6,0,0,6,6,0,0,0,True,False,0
2409,4,0,0,4,4,0,0,0,True,False,0
2410,4,0,0,4,4,0,0,0,True,False,0
2411,12,0,0,12,12,0,0,0,True,False,0
2412,13,0,0,13,13,0,0,0,True,False,0
2413,6,0,0,6,6,0,0,0,True,False,0
2414,12,0,0,12,12,0,0,0,True,False,0
2415,9,0,0,9,9,0,0,0,True,False,0
2416,15,0,0,15,15,0,0,0,True,False,0
2417,9,0,0,9,9,0,0,0,True,False,0
2418,9,0,0,9,9,0,0,0,True,False,0
2419,8,0,0,8,8,0,0,0,True,False,0
2420,11,0,0,11,11,0,0,0,True,False,0
2421,13,0,0,13,13,0,0,0,True,False,0
2422,10,0,0,10,10,0,0,0,True,False,0
2423,11,0,0,11,11,0,0,0,True,False,0
2424,9,0,0,9,9,0,0,0,True,False,0
2425,9,0,0,9,9,0,0,0,True,False,0
2426,11,0,0,11,11,0,0,0,True,False,0
2427,12,0,0,12,12,0,0,0,True,False,0
2428,11,1,1,11,11,0,0,0,True,False,0
2429,7,7,7,7,7,0,0,0,True,False,0
2430,5,0,0,5,5,0,0,0,True,False,0
2431,13,1,1,13,13,0,0,0,True,False,0
2432,11,1,1,11,11,0,0,0,True,False,0
2433,0,121,0,0,0,0,0,0,True,False,0
2434,0,0,0,0,0,0,0,0,True,False,0
2435,92,0,0,92,92,0,0,0,True,False,0
2436,47,0,0,47,47,0,0,0,True,False,0
2437,74,0,0,74,74,0,0,0,True,False,0
2438,10,1,1,10,10,0,0,0,True,False,0
2439,11,1,1,11,11,0,0,0,True,False,0
2440,11,1,1,11,11,0,0,0,True,False,0
2441,12,1,1,12,12,0,0,0,True,False,0
2442,11,1,1,11,11,0,0,0,True,False,0
2443,7,0,0,7,7,0,0,0,True,False,0
2444,8,0,0,8,8,0,0,0,True,False,0
2445,6,0,0,6,6,0,0,0,True,False,0
2446,7,0,0,7,7,0,0,0,True,False,0
2447,7,0,0,7,7,0,0,0,True,False,0
2448,8,0,0,8,8,0,0,0,True,False,0
2449,7,0,0,7,7,0,0,0,True,False,0
2450,8,0,0,8,8,0,0,0,True,False,0
2451,7,0,0,7,7,0,0,0,True,False,0
2452,7,0,0,7,7,0,0,0,True,False,0
2453,7,0,0,7,7,0,0,0,True,False,0
2454,8,0,0,8,8,0,0,0,True,False,0
2455,7,0,0,7,7,0,0,0,True,False,0
2456,7,0,0,7,7,0,0,0,True,False,0
2457,6,0,0,6,6,0,0,0,True,False,0
2458,8,0,0,8,8,0,0,0,True,False,0
2459,12,0,0,12,12,0,0,0,True,False,0
2460,14,0,0,14,14,0,0,0,True,False,0
2461,12,0,0,12,12,0,0,0,True,False,0
2462,13,0,0,13,13,0,0,0,True,False,0
2463,14,0,0,14,14,0,0,0,True,False,0
2464,15,0,0,15,15,0,0,0,True,False,0
2465,13,0,0,13,13,0,0,0,True,False,0
2466,14,0,0,14,14,0,0,0,True,False,0
2467,4,0,0,4,4,0,0,0,True,False,0
2468,12,0,0,12,12,0,0,0,True,False,0
2469,6,0,0,6,6,0,0,0,True,False,0
2470,12,0,0,12,12,0,0,0,True,False,0
2471,6,0,0,6,6,0,0,0,True,False,0
2472,4,0,0,4,4,0,0,0,True,False,0
2473,3,0,0,3,3,0,0,0,True,False,0
2474,11,0,0,11,11,0,0,0,True,False,0
2475,12,0,0,12,12,0,0,0,True,False,0
2476,9,0,0,9,9,0,0,0,True,False,0
2477,5,0,0,5,5,0,0,0,True,False,0
2478,7,0,0,7,7,0,0,0,True,False,0
2479,4,0,0,4,4,0,0,0,True,False,0
2480,8,0,0,8,8,0,0,0,True,False,0
2481,13,0,0,13,13,0,0,0,True,False,0
2482,11,0,0,11,11,0,0,0,True,False,0
2483,10,0,0,10,10,0,0,0,True,False,0
2484,10,0,0,10,10,0,0,0,True,False,0
2485,11,0,0,11,11,0,0,0,True,False,0
2486,10,0,0,10,10,0,0,0,True,False,0
2487,10,0,0,10,10,0,0,0,True,False,0
2488,9,0,0,9,9,0,0,0,True,False,0
2489,12,0,0,12,12,0,0,0,True,False,0
2490,10,0,0,10,10,0,0,0,True,False,0
2491,8,0,0,8,8,0,0,0,True,False,0
2492,8,8,8,8,8,0,0,0,True,False,0
2493,5,0,0,5,5,0,0,0,True,False,0
2494,9,0,0,9,9,0,0,0,True,False,0
2495,10,0,0,10,10,0,0,0,True,False,0
2496,10,116,10,10,10,0,0,0,True,False,0
2497,97,0,0,97,97,0,0,0,True,False,0
2498,90,0,0,90,90,0,0,0,True,False,0
2499,47,0,0,47,47,0,0,0,True,False,0
2500,73,0,0,73,73,0,0,0,True,False,0
2501,9,0,0,9,9,0,0,0,True,False,0
2502,8,0,0,8,8,0,0,0,True,False,0
2503,8,0,0,8,8,0,0,0,True,False,0
2504,9,0,0,9,9,0,0,0,True,False,0
2505,7,0,0,7,7,0,0,0,True,False,0
2506,7,0,0,7,7,0,0,0,True,False,0
2507,7,0,0,7,7,0,0,0,True,False,0
2508,7,0,0,7,7,0,0,0,True,False,0
2509,9,0,0,9,9,0,0,0,True,False,0
2510,8,0,0,8,8,0,0,0,True,False,0
2511,7,0,0,7,7,0,0,0,True,False,0
2512,8,0,0,8,8,0,0,0,True,False,0
2513,6,0,0,6,6,0,0,0,True,False,0
2514,6,0,0,6,6,0,0,0,True,False,0
2515,7,0,0,7,7,0,0,0,True,False,0
2516,7,0,0,7,7,0,0,0,True,False,0
2517,7,0,0,7,7,0,0,0,True,False,0
2518,7,0,0,7,7,0,0,0,True,False,0
2519,7,0,0,7,7,0,0,0,True,False,0
2520,6,0,0,6,6,0,0,0,True,False,0
2521,5,0,0,5,5,0,0,0,True,False,0
2522,12,0,0,12,12,0,0,0,True,False,0
2523,13,0,0,13,13,0,0,0,True,False,0
2524,15,0,0,15,15,0,0,0,True,False,0
2525,15,0,0,15,15,0,0,0,True,False,0
2526,12,0,0,12,12,0,0,0,True,False,0
2527,14,0,0,14,14,0,0,0,True,False,0
2528,15,0,0,15,15,0,0,0,True,False,0
2529,15,0,0,15,15,0,0,0,True,False,0
2530,4,0,0,4,4,0,0,0,True,False,0
2531,12,0,0,12,12,0,0,0,True,False,0
2532,6,0,0,6,6,0,0,0,True,False,0
2533,13,0,0,13,13,0,0,0,True,False,0
2534,6,0,0,6,6,0,0,0,True,False,0
2535,4,0,0,4,4,0,0,0,True,False,0
2536,4,0,0,4,4,0,0,0,True,False,0
2537,12,0,0,12,12,0,0,0,True,False,0
2538,7,0,0,7,7,0,0,0,True,False,0
2539,5,0,0,5,5,0,0,0,True,False,0
2540,7,0,0,7,7,0,0,0,True,False,0
2541,12,0,0,12,12,0,0,0,True,False,0
2542,12,0,0,12,12,0,0,0,True,False,0
2543,11,0,0,11,11,0,0,0,True,False,0
2544,9,0,0,9,9,0,0,0,True,False,0
2545,6,0,0,6,6,0,0,0,True,False,0
2546,9,0,0,9,9,0,0,0,True,False,0
2547,9,0,0,9,9,0,0,0,True,False,0
2548,12,0,0,12,12,0,0,0,True,False,0
2549,10,0,0,10,10,0,0,0,True,False,0
2550,9,0,0,9,9,0,0,0,True,False,0
2551,13,0,0,13,13,0,0,0,True,False,0
2552,12,0,0,12,12,0,0,0,True,False,0
2553,12,0,0,12,12,0,0,0,True,False,0
2554,8,0,0,8,8,0,0,0,True,False,0
2555,7,7,7,7,7,0,0,0,True,False,0
2556,5,0,0,5,5,0,0,0,True,False,0
2557,9,0,0,9,9,0,0,0,True,False,0
2558,8,0,0,8,8,0,0,0,True,False,0
2559,0,120,0,0,0,0,0,0,True,False,0
2560,103,0,0,103,103,0,0,0,True,False,0
2561,93,0,0,93,93,0,0,0,True,False,0
2562,42,0,0,42,42,0,0,0,True,False,0
2563,77,0,0,77,77,0,0,0,True,False,0
2564,9,0,0,9,9,0,0,0,True,False,0
2565,9,0,0,9,9,0,0,0,True,False,0
2566,9,0,0,9,9,0,0,0,True,False,0
2567,8,0,0,8,8,0,0,0,True,False,0
2568,9,0,0,9,9,0,0,0,True,False,0
2569,6,0,0,6,6,0,0,0,True,False,0
2570,8,0,0,8,8,0,0,0,True,False,0
2571,7,0,0,7,7,0,0,0,True,False,0
2572,7,0,0,7,7,0,0,0,True,False,0
2573,7,0,0,7,7,0,0,0,True,False,0
2574,8,0,0,8,8,0,0,0,True,False,0
2575,7,0,0,7,7,0,0,0,True,False,0
2576,8,0,0,8,8,0,0,0,True,False,0
2577,8,0,0,8,8,0,0,0,True,False,0
2578,8,0,0,8,8,0,0,0,True,False,0
2579,7,0,0,7,7,0,0,0,True,False,0
2580,6,0,0,6,6,0,0,0,True,False,0
2581,6,0,0,6,6,0,0,0,True,False,0
2582,7,0,0,7,7,0,0,0,True,False,0
2583,7,0,0,7,7,0,0,0,True,False,0
2584,9,0,0,9,9,0,0,0,True,False,0
2585,13,0,0,13,13,0,0,0,True,False,0
2586,15,0,0,15,15,0,0,0,True,False,0
2587,13,0,0,13,13,0,0,0,True,False,0
2588,13,0,0,13,13,0,0,0,True,False,0
2589,13,0,0,13,13,0,0,0,True,False,0
2590,12,0,0,12,12,0,0,0,True,False,0
2591,13,0,0,13,13,0,0,0,True,False,0
2592,13,0,0,13,13,0,0,0,True,False,0
2593,4,0,0,4,4,0,0,0,True,False,0
2594,12,0,0,12,12,0,0,0,True,False,0
2595,6,0,0,6,6,0,0,0,True,False,0
2596,12,0,0,12,12,0,0,0,True,False,0
2597,6,0,0,6,6,0,0,0,True,False,0
2598,4,0,0,4,4,0,0,0,True,False,0
2599,5,0,0,5,5,0,0,0,True,False,0
2600,12,0,0,12,12,0,0,0,True,False,0
2601,4,0,0,4,4,0,0,0,True,False,0
2602,6,0,0,6,6,0,0,0,True,False,0
2603,14,0,0,14,14,0,0,0,True,False,0
2604,9,0,0,9,9,0,0,0,True,False,0
2605,9,0,0,9,9,0,0,0,True,False,0
2606,13,0,0,13,13,0,0,0,True,False,0
2607,7,0,0,7,7,0,0,0,True,False,0
2608,15,0,0,15,15,0,0,0,True,False,0
2609,11,0,0,11,11,0,0,0,True,False,0
2610,11,0,0,11,11,0,0,0,True,False,0
2611,11,0,0,11,11,0,0,0,True,False,0
2612,10,0,0,10,10,0,0,0,True,False,0
2613,10,0,0,10,10,0,0,0,True,False,0
2614,12,0,0,12,12,0,0,0,True,False,0
2615,12,0,0,12,12,0,0,0,True,False,0
2616,9,0,0,9,9,0,0,0,True,False,0
2617,9,0,0,9,9,0,0,0,True,False,0
2618,8,8,8,8,8,0,0,0,True,False,0
2619,5,0,0,5,5,0,0,0,True,False,0
2620,10,0,0,10,10,0,0,0,True,False,0
2621,10,0,0,10,10,0,0,0,True,False,0
2622,0,119,0,0,0,0,0,0,True,False,0
2623,0,0,0,0,0,0,0,0,True,False,0
2624,94,0,0,94,94,0,0,0,True,False,0
2625,47,0,0,47,47,0,0,0,True,False,0
2626,73,0,0,73,73,0,0,0,True,False,0
2627,7,0,0,7,7,0,0,0,True,False,0
2628,10,0,0,10,10,0,0,0,True,False,0
2629,8,0,0,8,8,0,0,0,True,False,0
2630,10,0,0,10,10,0,0,0,True,False,0
2631,8,0,0,8,8,0,0,0,True,False,0
2632,7,0,0,7,7,0,0,0,True,False,0
2633,6,0,0,6,6,0,0,0,True,False,0
2634,9,0,0,9,9,0,0,0,True,False,0
2635,8,0,0,8,8,0,0,0,True,False,0
2636,9,0,0,9,9,0,0,0,True,False,0
2637,7,0,0,7,7,0,0,0,True,False,0
2638,8,0,0,8,8,0,0,0,True,False,0
2639,8,0,0,8,8,0,0,0,True,False,0
2640,7,0,0,7,7,0,0,0,True,False,0
2641,7,0,0,7,7,0,0,0,True,False,0
2642,8,0,0,8,8,0,0,0,True,False,0
2643,5,0,0,5,5,0,0,0,True,False,0
2644,7,0,0,7,7,0,0,0,True,False,0
2645,6,0,0,6,6,0,0,0,True,False,0
2646,8,0,0,8,8,0,0,0,True,False,0
2647,6,0,0,6,6,0,0,0,True,False,0
2648,12,0,0,12,12,0,0,0,True,False,0
2649,14,0,0,14,14,0,0,0,True,False,0
2650,13,0,0,13,13,0,0,0,True,False,0
2651,16,0,0,16,16,0,0,0,True,False,0
2652,14,0,0,14,14,0,0,0,True,False,0
2653,12,0,0,12,12,0,0,0,True,False,0
2654,12,0,0,12,12,0,0,0,True,False,0
2655,14,0,0,14,14,0,0,0,True,False,0
2656,5,0,0,5,5,0,0,0,True,False,0
2657,12,0,0,12,12,0,0,0,True,False,0
2658,6,0,0,6,6,0,0,0,True,False,0
2659,12,0,0,12,12,0,0,0,True,False,0
2660,6,0,0,6,6,0,0,0,True,False,0
2661,4,0,0,4,4,0,0,0,True,False,0
2662,3,0,0,3,3,0,0,0,True,False,0
2663,12,0,0,12,12,0,0,0,True,False,0
2664,7,0,0,7,7,0,0,0,True,False,0
2665,8,0,0,8,8,0,0,0,True,False,0
2666,12,0,0,12,12,0,0,0,True,False,0
2667,6,0,0,6,6,0,0,0,True,False,0
2668,10,0,0,10,10,0,0,0,True,False,0
2669,11,0,0,11,11,0,0,0,True,False,0
2670,12,0,0,12,12,0,0,0,True,False,0
2671,4,0,0,4,4,0,0,0,True,False,0
2672,13,0,0,13,13,0,0,0,True,False,0
2673,9,0,0,9,9,0,0,0,True,False,0
2674,10,0,0,10,10,0,0,0,True,False,0
2675,10,0,0,10,10,0,0,0,True,False,0
2676,11,0,0,11,11,0,0,0,True,False,0
2677,11,0,0,11,11,0,0,0,True,False,0
2678,10,0,0,10,10,0,0,0,True,False,0
2679,11,0,0,11,11,0,0,0,True,False,0
2680,11,0,0,11,11,0,0,0,True,False,0
2681,7,7,7,7,7,0,0,0,True,False,0
2682,5,0,0,5,5,0,0,0,True,False,0
2683,7,0,0,7,7,0,0,0,True,False,0
2684,10,0,0,10,10,0,0,0,True,False,0
2685,0,124,0,0,0,0,0,0,True,False,0
2686,0,0,0,0,0,0,0,0,True,False,0
2687,91,0,0,91,91,0,0,0,True,False,0
2688,49,0,0,49,49,0,0,0,True,False,0
2689,74,0,0,74,74,0,0,0,True,False,0
2690,9,0,0,9,9,0,0,0,True,False,0
2691,8,0,0,8,8,0,0,0,True,False,0
2692,8,0,0,8,8,0,0,0,True,False,0
2693,9,0,0,9,9,0,0,0,True,False,0
2694,10,0,0,10,10,0,0,0,True,False,0
2695,7,0,0,7,7,0,0,0,True,False,0
2696,7,0,0,7,7,0,0,0,True,False,0
2697,7,0,0,7,7,0,0,0,True,False,0
2698,6,0,0,6,6,0,0,0,True,False,0
2699,9,0,0,9,9,0,0,0,True,False,0
2700,6,0,0,6,6,0,0,0,True,False,0
2701,6,0,0,6,6,0,0,0,True,False,0
2702,9,0,0,9,9,0,0,0,True,False,0
2703,9,0,0,9,9,0,0,0,True,False,0
2704,7,0,0,7,7,0,0,0,True,False,0
2705,8,0,0,8,8,0,0,0,True,False,0
2706,7,0,0,7,7,0,0,0,True,False,0
2707,7,0,0,7,7,0,0,0,True,False,0
2708,8,0,0,8,8,0,0,0,True,False,0
2709,6,0,0,6,6,0,0,0,True,False,0
2710,7,0,0,7,7,0,0,0,True,False,0
2711,12,0,0,12,12,0,0,0,True,False,0
2712,14,0,0,14,14,0,0,0,True,False,0
2713,15,0,0,15,15,0,0,0,True,False,0
2714,13,0,0,13,13,0,0,0,True,False,0
2715,12,0,0,12,12,0,0,0,True,False,0
2716,15,0,0,15,15,0,0,0,True,False,0
2717,15,0,0,15,15,0,0,0,True,False,0
2718,13,0,0,13,13,0,0,0,True,False,0
2719,4,0,0,4,4,0,0,0,True,False,0
2720,12,0,0,12,12,0,0,0,True,False,0
2721,6,0,0,6,6,0,0,0,True,False,0
2722,11,0,0,11,11,0,0,0,True,False,0
2723,6,0,0,6,6,0,0,0,True,False,0
2724,4,0,0,4,4,0,0,0,True,False,0
2725,4,0,0,4,4,0,0,0,True,False,0
2726,12,0,0,12,12,0,0,0,True,False,0
2727,14,0,0,14,14,0,0,0,True,False,0
2728,11,0,0,11,11,0,0,0,True,False,0
2729,9,0,0,9,9,0,0,0,True,False,0
2730,15,0,0,15,15,0,0,0,True,False,0
2731,7,0,0,7,7,0,0,0,True,False,0
2732,7,0,0,7,7,0,0,0,True,False,0
2733,11,0,0,11,11,0,0,0,True,False,0
2734,13,0,0,13,13,0,0,0,True,False,0
2735,1,0,0,1,1,0,0,0,True,True,0
2736,1,0,0,1,1,0,0,0,True,True,0
2737,1,0,0,1,1,0,0,0,True,True,0
2738,1,0,0,1,1,0,0,0,True,True,0
2739,12,0,0,12,12,0,0,0,True,False,0
2740,10,0,0,10,10,0,0,0,True,False,0
2741,11,0,0,11,11,0,0,0,True,False,0
2742,11,0,0,11,11,0,0,0,True,False,0
2743,9,0,0,9,9,0,0,0,True,False,0
2744,12,0,0,12,12,0,0,0,True,False,0
2745,11,0,0,11,11,0,0,0,True,False,0
2746,9,0,0,9,9,0,0,0,True,False,0
2747,8,0,0,8,8,0,0,0,True,False,0
2748,8,8,8,8,8,0,0,0,True,False,0
2749,5,0,0,5,5,0,0,0,True,False,0
2750,8,0,0,8,8,0,0,0,True,False,0
2751,9,0,0,9,9,0,0,0,True,False,0
2752,0,118,0,0,0,0,0,0,True,False,0
2753,0,0,0,0,0,0,0,0,True,False,0
2754,91,0,0,91,91,0,0,0,True,False,0
2755,46,0,0,46,46,0,0,0,True,False,0
2756,73,0,0,73,73,0,0,0,True,False,0
2757,10,0,0,10,10,0,0,0,True,False,0
2758,8,0,0,8,8,0,0,0,True,False,0
2759,8,0,0,8,8,0,0,0,True,False,0
2760,9,0,0,9,9,0,0,0,True,False,0
2761,8,0,0,8,8,0,0,0,True,False,0
2762,8,0,0,8,8,0,0,0,True,False,0
2763,7,0,0,7,7,0,0,0,True,False,0
2764,7,0,0,7,7,0,0,0,True,False,0
2765,9,0,0,9,9,0,0,0,True,False,0
2766,8,0,0,8,8,0,0,0,True,False,0
2767,8,0,0,8,8,0,0,0,True,False,0
2768,10,0,0,10,10,0,0,0,True,False,0
2769,7,0,0,7,7,0,0,0,True,False,0
2770,7,0,0,7,7,0,0,0,True,False,0
2771,7,0,0,7,7,0,0,0,True,False,0
2772,7,0,0,7,7,0,0,0,True,False,0
2773,8,0,0,8,8,0,0,0,True,False,0
2774,7,0,0,7,7,0,0,0,True,False,0
2775,7,0,0,7,7,0,0,0,True,False,0
2776,8,0,0,8,8,0,0,0,True,False,0
2777,7,0,0,7,7,0,0,0,True,False,0
2778,13,0,0,13,13,0,0,0,True,False,0
2779,14,0,0,14,14,0,0,0,True,False,0
2780,11,0,0,11,11,0,0,0,True,False,0
2781,15,0,0,15,15,0,0,0,True,False,0
2782,12,0,0,12,12,0,0,0,True,False,0
2783,12,0,0,12,12,0,0,0,True,False,0
2784,12,0,0,12,12,0,0,0,True,False,0
2785,15,0,0,15,15,0,0,0,True,False,0
2786,4,0,0,4,4,0,0,0,True,False,0
2787,12,0,0,12,12,0,0,0,True,False,0
2788,6,0,0,6,6,0,0,0,True,False,0
2789,13,0,0,13,13,0,0,0,True,False,0
2790,6,0,0,6,6,0,0,0,True,False,0
2791,4,0,0,4,4,0,0,0,True,False,0
2792,5,0,0,5,5,0,0,0,True,False,0
2793,12,0,0,12,12,0,0,0,True,False,0
2794,8,0,0,8,8,0,0,0,True,False,0
2795,7,0,0,7,7,0,0,0,True,False,0
2796,12,0,0,12,12,0,0,0,True,False,0
2797,8,0,0,8,8,0,0,0,True,False,0
2798,12,0,0,12,12,0,0,0,True,False,0
2799,10,0,0,10,10,0,0,0,True,False,0
2800,9,0,0,9,9,0,0,0,True,False,0
2801,11,0,0,11,11,0,0,0,True,False,0
2802,1,0,0,1,1,0,0,0,True,True,0
2803,1,0,0,1,1,0,0,0,True,True,0
2804,10,0,0,10,10,0,0,0,True,False,0
2805,10,0,0,10,10,0,0,0,True,False,0
2806,9,0,0,9,9,0,0,0,True,False,0
2807,10,0,0,10,10,0,0,0,True,False,0
2808,8,0,0,8,8,0,0,0,True,False,0
2809,8,0,0,8,8,0,0,0,True,False,0
2810,8,0,0,8,8,0,0,0,True,False,0
2811,7,0,0,7,7,0,0,0,True,False,0
2812,8,0,0,8,8,0,0,0,True,False,0
2813,6,6,6,6,6,0,0,0,True,False,0
2814,3,0,0,3,3,0,0,0,True,False,0
2815,6,0,0,6,6,0,0,0,True,False,0
2816,8,0,0,8,8,0,0,0,True,False,0
2817,0,90,0,0,0,0,0,0,True,False,0
2818,0,0,0,0,0,0,0,0,True,False,0
2819,65,0,0,65,65,0,0,0,True,False,0
2820,36,0,0,36,36,0,0,0,True,False,0
2821,58,0,0,58,58,0,0,0,True,False,0
2822,6,0,0,6,6,0,0,0,True,False,0
2823,6,0,0,6,6,0,0,0,True,False,0
2824,6,0,0,6,6,0,0,0,True,False,0
2825,7,0,0,7,7,0,0,0,True,False,0
2826,6,0,0,6,6,0,0,0,True,False,0
2827,6,0,0,6,6,0,0,0,True,False,0
2828,4,0,0,4,4,0,0,0,True,False,0
2829,6,0,0,6,6,0,0,0,True,False,0
2830,6,0,0,6,6,0,0,0,True,False,0
2831,6,0,0,6,6,0,0,0,True,False,0
2832,6,0,0,6,6,0,0,0,True,False,0
2833,5,0,0,5,5,0,0,0,True,False,0
2834,5,0,0,5,5,0,0,0,True,False,0
2835,5,0,0,5,5,0,0,0,True,False,0
2836,5,0,0,5,5,0,0,0,True,False,0
2837,5,0,0,5,5,0,0,0,True,False,0
2838,7,0,0,7,7,0,0,0,True,False,0
2839,5,0,0,5,5,0,0,0,True,False,0
2840,6,0,0,6,6,0,0,0,True,False,0
2841,6,0,0,6,6,0,0,0,True,False,0
2842,5,0,0,5,5,0,0,0,True,False,0
2843,11,0,0,11,11,0,0,0,True,False,0
2844,10,0,0,10,10,0,0,0,True,False,0
2845,11,0,0,11,11,0,0,0,True,False,0
2846,11,0,0,11,11,0,0,0,True,False,0
2847,10,0,0,10,10,0,0,0,True,False,0
2848,10,0,0,10,10,0,0,0,True,False,0
2849,8,0,0,8,8,0,0,0,True,False,0
2850,12,0,0,12,12,0,0,0,True,False,0
2851,3,0,0,3,3,0,0,0,True,False,0
2852,9,0,0,9,9,0,0,0,True,False,0
2853,5,0,0,5,5,0,0,0,True,False,0
2854,8,0,0,8,8,0,0,0,True,False,0
2855,4,0,0,4,4,0,0,0,True,False,0
2856,3,0,0,3,3,0,0,0,True,False,0
2857,3,0,0,3,3,0,0,0,True,False,0
2858,9,0,0,9,9,0,0,0,True,False,0
2859,3,0,0,3,3,0,0,0,True,False,0
2860,3,0,0,3,3,0,0,0,True,False,0
2861,8,0,0,8,8,0,0,0,True,False,0
2862,10,0,0,10,10,0,0,0,True,False,0
2863,15,0,0,15,15,0,0,0,True,False,0
2864,8,0,0,8,8,0,0,0,True,False,0
2865,12,0,0,12,12,0,0,0,True,False,0
2866,5,0,0,5,5,0,0,0,True,False,0
2867,1,0,0,1,1,0,0,0,True,True,0
2868,1,0,0,1,1,0,0,0,True,True,0
2869,2,0,0,2,2,0,0,0,False,True,0
2870,2,0,0,2,2,0,0,0,False,True,0
2871,4,0,0,4,4,0,0,0,False,False,0
2872,2,0,0,2,2,0,0,0,False,True,0
2873,3,0,0,3,3,0,0,0,False,False,0
2874,3,0,0,3,3,0,0,0,False,False,0
2875,3,0,0,3,3,0,0,0,False,False,0
2876,4,0,0,4,4,0,0,0,False,False,0
2877,4,0,0,4,4,0,0,0,False,False,0
2878,3,2,2,3,3,0,0,0,False,False,0
2879,2,0,0,2,2,0,0,0,False,True,0
2880,3,0,0,3,3,0,0,0,False,False,0
2881,4,0,0,4,4,0,0,0,False,False,0
2882,11,18,10,11,11,0,0,0,False,False,0
2883,200,0,0,200,200,0,0,0,False,False,0
2884,17,0,0,17,17,0,0,0,False,False,0
2885,10,0,0,10,10,0,0,0,False,False,0
2886,13,0,0,13,13,0,0,0,False,False,0
2887,3,0,0,3,3,0,0,0,False,False,0
2888,3,0,0,3,3,0,0,0,False,False,0
2889,4,0,0,4,4,0,0,0,False,False,0
2890,4,0,0,4,4,0,0,0,False,False,0
2891,4,0,0,4,4,0,0,0,False,False,0
2892,2,1,1,2,2,0,0,0,False,True,0
2893,3,2,2,3,3,0,0,0,False,False,0
2894,2,1,1,2,2,0,0,0,False,True,0
2895,2,1,1,2,2,0,0,0,False,True,0
2896,2,1,1,2,2,0,0,0,False,True,0
2897,3,2,2,3,3,0,0,0,False,False,0
2898,3,2,2,3,3,0,0,0,False,False,0
2899,2,1,1,2,2,0,0,0,False,True,0
2900,2,0,0,2,2,0,0,0,False,True,0
2901,3,0,0,3,3,0,0,0,False,False,0
2902,2,0,0,2,2,0,0,0,False,True,0
2903,3,0,0,3,3,0,0,0,False,False,0
2904,3,0,0,3,3,0,0,0,False,False,0
2905,3,0,0,3,3,0,0,0,False,False,0
2906,2,0,0,2,2,0,0,0,False,True,0
2907,3,0,0,3,3,0,0,0,False,False,0
2908,4,0,0,4,4,0,0,0,False,False,0
2909,4,0,0,4,4,0,0,0,False,False,0
2910,5,0,0,5,5,0,0,0,False,False,0
2911,3,0,0,3,3,0,0,0,False,False,0
2912,5,0,0,5,5,0,0,0,False,False,0
2913,5,0,0,5,5,0,0,0,False,False,0
2914,3,0,0,3,3,0,0,0,False,False,0
2915,4,0,0,4,4,0,0,0,False,False,0
2916,3,0,0,3,3,0,0,0,False,False,0
2917,2,0,0,2,2,0,0,0,False,True,0
2918,3,0,0,3,3,0,0,0,False,False,0
2919,2,0,0,2,2,0,0,0,False,True,0
2920,3,0,0,3,3,0,0,0,False,False,0
2921,3,0,0,3,3,0,0,0,False,False,0
2922,3,0,0,3,3,0,0,0,False,False,0
2923,4,0,0,4,4,0,0,0,False,False,0
2924,2,0,0,2,2,0,0,0,False,True,0
2925,3,0,0,3,3,0,0,0,False,False,0
2926,2,0,0,2,2,0,0,0,False,True,0
2927,2,0,0,2,2,0,0,0,False,True,0
2928,2,0,0,2,2,0,0,0,False,True,0
2929,2,0,0,2,2,0,0,0,False,True,0
2930,7,0,0,7,7,0,0,0,False,False,0
2931,2,0,0,2,2,0,0,0,False,True,0
2932,2,0,0,2,2,0,0,0,False,True,0
2933,2,0,0,2,2,0,0,0,False,True,0
2934,2,0,0,2,2,0,0,0,False,True,0
2935,2,0,0,2,2,0,0,0,False,True,0
2936,2,0,0,2,2,0,0,0,False,True,0
2937,2,0,0,2,2,0,0,0,False,True,0
2938,2,0,0,2,2,0,0,0,False,True,0
2939,2,0,0,2,2,0,0,0,False,True,0
2940,2,0,0,2,2,0,0,0,False,True,0
2941,2,0,0,2,2,0,0,0,False,True,0
2942,2,0,0,2,2,0,0,0,False,True,0
2943,2,0,0,2,2,0,0,0,False,True,0
2944,2,0,0,2,2,0,0,0,False,True,0
2945,2,0,0,2,2,0,0,0,False,True,0
2946,2,0,0,2,2,0,0,0,False,True,0
2947,2,0,0,2,2,0,0,0,False,True,0
2948,10,0,0,10,10,0,0,0,True,False,0
2949,11,0,0,11,11,0,0,0,True,False,0
2950,9,0,0,9,9,0,0,0,True,False,0
2951,11,0,0,11,11,0,0,0,True,False,0
2952,10,0,0,10,10,0,0,0,True,False,0
2953,13,0,0,13,13,0,0,0,True,False,0
2954,12,0,0,12,12,0,0,0,True,False,0
2955,11,0,0,11,11,0,0,0,True,False,0
2956,10,0,0,10,10,0,0,0,True,False,0
2957,7,7,7,7,7,0,0,0,True,False,0
2958,5,0,0,5,5,0,0,0,True,False,0
2959,10,0,0,10,10,0,0,0,True,False,0
2960,9,0,0,9,9,0,0,0,True,False,0
2961,0,116,0,0,0,0,0,0,True,False,0
2962,0,0,0,0,0,0,0,0,True,False,0
2963,86,0,0,86,86,0,0,0,True,False,0
2964,49,0,0,49,49,0,0,0,True,False,0
2965,76,0,0,76,76,0,0,0,True,False,0
2966,10,0,0,10,10,0,0,0,True,False,0
2967,13,0,0,13,13,0,0,0,True,False,0
2968,12,0,0,12,12,0,0,0,True,False,0
2969,12,0,0,12,12,0,0,0,True,False,0
2970,10,0,0,10,10,0,0,0,True,False,0
2971,7,3,3,7,7,0,0,0,True,False,0
2972,7,2,2,7,7,0,0,0,True,False,0
2973,9,3,3,9,9,0,0,0,True,False,0
2974,9,3,3,9,9,0,0,0,True,False,0
2975,8,2,2,8,8,0,0,0,True,False,0
2976,7,1,1,7,7,0,0,0,True,False,0
2977,6,1,1,6,6,0,0,0,True,False,0
2978,8,2,2,8,8,0,0,0,True,False,0
2979,9,0,0,9,9,0,0,0,True,False,0
2980,8,0,0,8,8,0,0,0,True,False,0
2981,6,0,0,6,6,0,0,0,True,False,0
2982,8,0,0,8,8,0,0,0,True,False,0
2983,6,0,0,6,6,0,0,0,True,False,0
2984,7,0,0,7,7,0,0,0,True,False,0
2985,8,0,0,8,8,0,0,0,True,False,0
2986,6,0,0,6,6,0,0,0,True,False,0
2987,12,0,0,12,12,0,0,0,True,False,0
2988,13,0,0,13,13,0,0,0,True,False,0
2989,15,0,0,15,15,0,0,0,True,False,0
2990,14,0,0,14,14,0,0,0,True,False,0
2991,11,0,0,11,11,0,0,0,True,False,0
2992,13,0,0,13,13,0,0,0,True,False,0
2993,13,0,0,13,13,0,0,0,True,False,0
2994,12,0,0,12,12,0,0,0,True,False,0
2995,6,0,0,6,6,0,0,0,True,False,0
2996,4,0,0,4,4,0,0,0,True,False,0
2997,6,0,0,6,6,0,0,0,True,False,0
2998,4,0,0,4,4,0,0,0,True,False,0
2999,5,0,0,5,5,0,0,0,True,False,0
3000,6,0,0,6,6,0,0,0,True,False,0
3001,5,0,0,5,5,0,0,0,True,False,0
3002,12,0,0,12,12,0,0,0,True,False,0
3003,9,0,0,9,9,0,0,0,True,False,0
3004,11,0,0,11,11,0,0,0,True,False,0
3005,17,0,0,17,17,0,0,0,True,False,0
3006,12,0,0,12,12,0,0,0,True,False,0
3007,11,0,0,11,11,0,0,0,True,False,0
3008,12,0,0,12,12,0,0,0,True,False,0
3009,9,0,0,9,9,0,0,0,True,False,0
3010,15,0,0,15,15,0,0,0,True,False,0
3011,12,0,0,12,12,0,0,0,True,False,0
3012,11,0,0,11,11,0,0,0,True,False,0
3013,9,0,0,9,9,0,0,0,True,False,0
3014,10,0,0,10,10,0,0,0,True,False,0
3015,9,0,0,9,9,0,0,0,True,False,0
3016,12,0,0,12,12,0,0,0,True,False,0
3017,9,0,0,9,9,0,0,0,True,False,0
3018,9,0,0,9,9,0,0,0,True,False,0
3019,11,0,0,11,11,0,0,0,True,False,0
3020,8,8,8,8,8,0,0,0,True,False,0
3021,5,0,0,5,5,0,0,0,True,False,0
3022,11,0,0,11,11,0,0,0,True,False,0
3023,11,0,0,11,11,0,0,0,True,False,0
3024,0,120,0,0,0,0,0,0,True,False,0
3025,0,0,0,0,0,0,0,0,True,False,0
3026,85,0,0,85,85,0,0,0,True,False,0
3027,49,0,0,49,49,0,0,0,True,False,0
3028,71,0,0,71,71,0,0,0,True,False,0
3029,12,0,0,12,12,0,0,0,True,False,0
3030,9,0,0,9,9,0,0,0,True,False,0
3031,13,0,0,13,13,0,0,0,True,False,0
3032,9,0,0,9,9,0,0,0,True,False,0
3033,15,0,0,15,15,0,0,0,True,False,0
3034,9,0,0,9,9,0,0,0,True,False,0
3035,8,0,0,8,8,0,0,0,True,False,0
3036,7,0,0,7,7,0,0,0,True,False,0
3037,9,0,0,9,9,0,0,0,True,False,0
3038,7,0,0,7,7,0,0,0,True,False,0
3039,8,0,0,8,8,0,0,0,True,False,0
3040,9,0,0,9,9,0,0,0,True,False,0
3041,7,0,0,7,7,0,0,0,True,False,0
3042,8,0,0,8,8,0,0,0,True,False,0
3043,7,0,0,7,7,0,0,0,True,False,0
3044,6,0,0,6,6,0,0,0,True,False,0
3045,9,0,0,9,9,0,0,0,True,False,0
3046,8,0,0,8,8,0,0,0,True,False,0
3047,7,0,0,7,7,0,0,0,True,False,0
3048,8,0,0,8,8,0,0,0,True,False,0
3049,8,0,0,8,8,0,0,0,True,False,0
3050,13,0,0,13,13,0,0,0,True,False,0
3051,11,0,0,11,11,0,0,0,True,False,0
3052,13,0,0,13,13,0,0,0,True,False,0
3053,13,0,0,13,13,0,0,0,True,False,0
3054,12,0,0,12,12,0,0,0,True,False,0
3055,14,0,0,14,14,0,0,0,True,False,0
3056,15,0,0,15,15,0,0,0,True,False,0
3057,14,0,0,14,14,0,0,0,True,False,0
3058,6,0,0,6,6,0,0,0,True,False,0
3059,4,0,0,4,4,0,0,0,True,False,0
3060,6,0,0,6,6,0,0,0,True,False,0
3061,4,0,0,4,4,0,0,0,True,False,0
3062,6,0,0,6,6,0,0,0,True,False,0
3063,6,0,0,6,6,0,0,0,True,False,0
3064,6,0,0,6,6,0,0,0,True,False,0
3065,12,0,0,12,12,0,0,0,True,False,0
3066,11,0,0,11,11,0,0,0,True,False,0
3067,7,0,0,7,7,0,0,0,True,False,0
3068,8,0,0,8,8,0,0,0,True,False,0
3069,13,0,0,13,13,0,0,0,True,False,0
3070,9,0,0,9,9,0,0,0,True,False,0
3071,7,0,0,7,7,0,0,0,True,False,0
3072,10,0,0,10,10,0,0,0,True,False,0
3073,4,0,0,4,4,0,0,0,True,False,0
3074,12,0,0,12,12,0,0,0,True,False,0
3075,11,0,0,11,11,0,0,0,True,False,0
3076,12,0,0,12,12,0,0,0,True,False,0
3077,11,0,0,11,11,0,0,0,True,False,0
3078,10,0,0,10,10,0,0,0,True,False,0
3079,10,0,0,10,10,0,0,0,True,False,0
3080,11,0,0,11,11,0,0,0,True,False,0
3081,9,0,0,9,9,0,0,0,True,False,0
3082,12,0,0,12,12,0,0,0,True,False,0
3083,7,7,7,7,7,0,0,0,True,False,0
3084,5,0,0,5,5,0,0,0,True,False,0
3085,11,0,0,11,11,0,0,0,True,False,0
3086,12,0,0,12,12,0,0,0,True,False,0
3087,0,114,0,0,0,0,0,0,True,False,0
3088,0,0,0,0,0,0,0,0,True,False,0
3089,89,0,0,89,89,0,0,0,True,False,0
3090,47,0,0,47,47,0,0,0,True,False,0
3091,71,0,0,71,71,0,0,0,True,False,0
3092,8,0,0,8,8,0,0,0,True,False,0
3093,11,0,0,11,11,0,0,0,True,False,0
3094,11,0,0,11,11,0,0,0,True,False,0
3095,12,0,0,12,12,0,0,0,True,False,0
3096,11,0,0,11,11,0,0,0,True,False,0
3097,7,0,0,7,7,0,0,0,True,False,0
3098,7,0,0,7,7,0,0,0,True,False,0
3099,7,0,0,7,7,0,0,0,True,False,0
3100,8,0,0,8,8,0,0,0,True,False,0
3101,8,0,0,8,8,0,0,0,True,False,0
3102,7,0,0,7,7,0,0,0,True,False,0
3103,8,0,0,8,8,0,0,0,True,False,0
3104,8,0,0,8,8,0,0,0,True,False,0
3105,7,0,0,7,7,0,0,0,True,False,0
3106,7,0,0,7,7,0,0,0,True,False,0
3107,6,0,0,6,6,0,0,0,True,False,0
3108,7,0,0,7,7,0,0,0,True,False,0
3109,6,0,0,6,6,0,0,0,True,False,0
3110,7,0,0,7,7,0,0,0,True,False,0
3111,6,0,0,6,6,0,0,0,True,False,0
3112,6,0,0,6,6,0,0,0,True,False,0
3113,13,0,0,13,13,0,0,0,True,False,0
3114,14,0,0,14,14,0,0,0,True,False,0
3115,13,0,0,13,13,0,0,0,True,False,0
3116,12,0,0,12,12,0,0,0,True,False,0
3117,12,0,0,12,12,0,0,0,True,False,0
3118,15,0,0,15,15,0,0,0,True,False,0
3119,15,0,0,15,15,0,0,0,True,False,0
3120,14,0,0,14,14,0,0,0,True,False,0
3121,6,0,0,6,6,0,0,0,True,False,0
3122,4,0,0,4,4,0,0,0,True,False,0
3123,5,0,0,5,5,0,0,0,True,False,0
3124,4,0,0,4,4,0,0,0,True,False,0
3125,6,0,0,6,6,0,0,0,True,False,0
3126,6,0,0,6,6,0,0,0,True,False,0
3127,6,0,0,6,6,0,0,0,True,False,0
3128,12,0,0,12,12,0,0,0,True,False,0
3129,12,0,0,12,12,0,0,0,True,False,0
3130,13,0,0,13,13,0,0,0,True,False,0
3131,12,0,0,12,12,0,0,0,True,False,0
3132,11,0,0,11,11,0,0,0,True,False,0
3133,8,0,0,8,8,0,0,0,True,False,0
3134,12,0,0,12,12,0,0,0,True,False,0
3135,11,0,0,11,11,0,0,0,True,False,0
3136,7,0,0,7,7,0,0,0,True,False,0
3137,11,0,0,11,11,0,0,0,True,False,0
3138,12,0,0,12,12,0,0,0,True,False,0
3139,9,0,0,9,9,0,0,0,True,False,0
3140,10,0,0,10,10,0,0,0,True,False,0
3141,11,0,0,11,11,0,0,0,True,False,0
3142,9,0,0,9,9,0,0,0,True,False,0
3143,11,0,0,11,11,0,0,0,True,False,0
3144,9,0,0,9,9,0,0,0,True,False,0
3145,10,1,1,10,10,0,0,0,True,False,0
3146,8,8,8,8,8,0,0,0,True,False,0
3147,5,0,0,5,5,0,0,0,True,False,0
3148,12,1,1,12,12,0,0,0,True,False,0
3149,11,1,1,11,11,0,0,0,True,False,0
3150,0,127,0,0,0,0,0,0,True,False,0
3151,0,0,0,0,0,0,0,0,True,False,0
3152,92,0,0,92,92,0,0,0,True,False,0
3153,48,0,0,48,48,0,0,0,True,False,0
3154,80,0,0,80,80,0,0,0,True,False,0
3155,10,1,1,10,10,0,0,0,True,False,0
3156,10,1,1,10,10,0,0,0,True,False,0
3157,10,1,1,10,10,0,0,0,True,False,0
3158,12,1,1,12,12,0,0,0,True,False,0
3159,11,1,1,11,11,0,0,0,True,False,0
3160,8,0,0,8,8,0,0,0,True,False,0
3161,9,0,0,9,9,0,0,0,True,False,0
3162,9,0,0,9,9,0,0,0,True,False,0
3163,8,0,0,8,8,0,0,0,True,False,0
3164,7,0,0,7,7,0,0,0,True,False,0
3165,10,0,0,10,10,0,0,0,True,False,0
3166,8,0,0,8,8,0,0,0,True,False,0
3167,8,0,0,8,8,0,0,0,True,False,0
3168,8,0,0,8,8,0,0,0,True,False,0
3169,5,0,0,5,5,0,0,0,True,False,0
3170,7,0,0,7,7,0,0,0,True,False,0
3171,7,0,0,7,7,0,0,0,True,False,0
3172,6,0,0,6,6,0,0,0,True,False,0
3173,5,0,0,5,5,0,0,0,True,False,0
3174,6,0,0,6,6,0,0,0,True,False,0
3175,8,0,0,8,8,0,0,0,True,False,0
3176,13,0,0,13,13,0,0,0,True,False,0
3177,14,0,0,14,14,0,0,0,True,False,0
3178,14,0,0,14,14,0,0,0,True,False,0
3179,12,0,0,12,12,0,0,0,True,False,0
3180,15,0,0,15,15,0,0,0,True,False,0
3181,13,0,0,13,13,0,0,0,True,False,0
3182,12,0,0,12,12,0,0,0,True,False,0
3183,14,0,0,14,14,0,0,0,True,False,0
3184,6,0,0,6,6,0,0,0,True,False,0
3185,4,0,0,4,4,0,0,0,True,False,0
3186,7,0,0,7,7,0,0,0,True,False,0
3187,4,0,0,4,4,0,0,0,True,False,0
3188,6,0,0,6,6,0,0,0,True,False,0
3189,6,0,0,6,6,0,0,0,True,False,0
3190,6,0,0,6,6,0,0,0,True,False,0
3191,12,0,0,12,12,0,0,0,True,False,0
3192,10,0,0,10,10,0,0,0,True,False,0
3193,4,0,0,4,4,0,0,0,True,False,0
3194,9,0,0,9,9,0,0,0,True,False,0
3195,7,0,0,7,7,0,0,0,True,False,0
3196,10,0,0,10,10,0,0,0,True,False,0
3197,3,0,0,3,3,0,0,0,True,False,0
3198,13,0,0,13,13,0,0,0,True,False,0
3199,3,0,0,3,3,0,0,0,True,False,0
3200,13,0,0,13,13,0,0,0,True,False,0
3201,9,0,0,9,9,0,0,0,True,False,0
3202,11,0,0,11,11,0,0,0,True,False,0
3203,8,0,0,8,8,0,0,0,True,False,0
3204,11,0,0,11,11,0,0,0,True,False,0
3205,9,0,0,9,9,0,0,0,True,False,0
3206,9,0,0,9,9,0,0,0,True,False,0
3207,9,0,0,9,9,0,0,0,True,False,0
3208,11,0,0,11,11,0,0,0,True,False,0
3209,8,8,8,8,8,0,0,0,True,False,0
3210,5,0,0,5,5,0,0,0,True,False,0
3211,9,0,0,9,9,0,0,0,True,False,0
3212,8,0,0,8,8,0,0,0,True,False,0
3213,10,124,10,10,10,0,0,0,True,False,0
3214,8,0,0,8,8,0,0,0,True,False,0
3215,100,0,0,100,100,0,0,0,True,False,0
3216,49,0,0,49,49,0,0,0,True,False,0
3217,76,0,0,76,76,0,0,0,True,False,0
3218,11,0,0,11,11,0,0,0,True,False,0
3219,7,0,0,7,7,0,0,0,True,False,0
3220,8,0,0,8,8,0,0,0,True,False,0
3221,7,0,0,7,7,0,0,0,True,False,0
3222,11,0,0,11,11,0,0,0,True,False,0
3223,9,0,0,9,9,0,0,0,True,False,0
3224,8,0,0,8,8,0,0,0,True,False,0
3225,8,0,0,8,8,0,0,0,True,False,0
3226,6,0,0,6,6,0,0,0,True,False,0
3227,7,0,0,7,7,0,0,0,True,False,0
3228,7,0,0,7,7,0,0,0,True,False,0
3229,6,0,0,6,6,0,0,0,True,False,0
3230,8,0,0,8,8,0,0,0,True,False,0
3231,9,0,0,9,9,0,0,0,True,False,0
3232,6,0,0,6,6,0,0,0,True,False,0
3233,6,0,0,6,6,0,0,0,True,False,0
3234,8,0,0,8,8,0,0,0,True,False,0
3235,9,0,0,9,9,0,0,0,True,False,0
3236,7,0,0,7,7,0,0,0,True,False,0
3237,6,0,0,6,6,0,0,0,True,False,0
3238,7,0,0,7,7,0,0,0,True,False,0
3239,15,0,0,15,15,0,0,0,True,False,0
3240,13,0,0,13,13,0,0,0,True,False,0
3241,14,0,0,14,14,0,0,0,True,False,0
3242,13,0,0,13,13,0,0,0,True,False,0
3243,12,0,0,12,12,0,0,0,True,False,0
3244,16,0,0,16,16,0,0,0,True,False,0
3245,15,0,0,15,15,0,0,0,True,False,0
3246,13,0,0,13,13,0,0,0,True,False,0
3247,6,0,0,6,6,0,0,0,True,False,0
3248,4,0,0,4,4,0,0,0,True,False,0
3249,6,0,0,6,6,0,0,0,True,False,0
3250,4,0,0,4,4,0,0,0,True,False,0
3251,6,0,0,6,6,0,0,0,True,False,0
3252,6,0,0,6,6,0,0,0,True,False,0
3253,6,0,0,6,6,0,0,0,True,False,0
3254,11,0,0,11,11,0,0,0,True,False,0
3255,6,0,0,6,6,0,0,0,True,False,0
3256,6,0,0,6,6,0,0,0,True,False,0
3257,10,0,0,10,10,0,0,0,True,False,0
3258,12,0,0,12,12,0,0,0,True,False,0
3259,15,0,0,15,15,0,0,0,True,False,0
3260,9,0,0,9,9,0,0,0,True,False,0
3261,8,0,0,8,8,0,0,0,True,False,0
3262,6,0,0,6,6,0,0,0,True,False,0
3263,11,0,0,11,11,0,0,0,True,False,0
3264,10,0,0,10,10,0,0,0,True,False,0
3265,13,0,0,13,13,0,0,0,True,False,0
3266,9,0,0,9,9,0,0,0,True,False,0
3267,11,0,0,11,11,0,0,0,True,False,0
3268,10,0,0,10,10,0,0,0,True,False,0
3269,12,0,0,12,12,0,0,0,True,False,0
3270,8,0,0,8,8,0,0,0,True,False,0
3271,9,0,0,9,9,0,0,0,True,False,0
3272,7,7,7,7,7,0,0,0,True,False,0
3273,5,0,0,5,5,0,0,0,True,False,0
3274,7,0,0,7,7,0,0,0,True,False,0
3275,8,0,0,8,8,0,0,0,True,False,0
3276,0,118,0,0,0,0,0,0,True,False,0
3277,192,0,0,192,192,0,0,0,True,False,0
3278,90,0,0,90,90,0,0,0,True,False,0
3279,50,0,0,50,50,0,0,0,True,False,0
3280,74,0,0,74,74,0,0,0,True,False,0
3281,10,0,0,10,10,0,0,0,True,False,0
3282,11,0,0,11,11,0,0,0,True,False,0
3283,9,0,0,9,9,0,0,0,True,False,0
3284,9,0,0,9,9,0,0,0,True,False,0
3285,8,0,0,8,8,0,0,0,True,False,0
3286,6,0,0,6,6,0,0,0,True,False,0
3287,8,0,0,8,8,0,0,0,True,False,0
3288,9,0,0,9,9,0,0,0,True,False,0
3289,8,0,0,8,8,0,0,0,True,False,0
3290,7,0,0,7,7,0,0,0,True,False,0
3291,8,0,0,8,8,0,0,0,True,False,0
3292,10,0,0,10,10,0,0,0,True,False,0
3293,6,0,0,6,6,0,0,0,True,False,0
3294,7,0,0,7,7,0,0,0,True,False,0
3295,6,0,0,6,6,0,0,0,True,False,0
3296,8,0,0,8,8,0,0,0,True,False,0
3297,6,0,0,6,6,0,0,0,True,False,0
3298,4,0,0,4,4,0,0,0,True,False,0
3299,7,0,0,7,7,0,0,0,True,False,0
3300,8,0,0,8,8,0,0,0,True,False,0
3301,6,0,0,6,6,0,0,0,True,False,0
3302,12,0,0,12,12,0,0,0,True,False,0
3303,13,0,0,13,13,0,0,0,True,False,0
3304,14,0,0,14,14,0,0,0,True,False,0
3305,15,0,0,15,15,0,0,0,True,False,0
3306,13,0,0,13,13,0,0,0,True,False,0
3307,12,0,0,12,12,0,0,0,True,False,0
3308,12,0,0,12,12,0,0,0,True,False,0
3309,13,0,0,13,13,0,0,0,True,False,0
3310,6,0,0,6,6,0,0,0,True,False,0
3311,4,0,0,4,4,0,0,0,True,False,0
3312,6,0,0,6,6,0,0,0,True,False,0
3313,4,0,0,4,4,0,0,0,True,False,0
3314,6,0,0,6,6,0,0,0,True,False,0
3315,6,0,0,6,6,0,0,0,True,False,0
3316,6,0,0,6,6,0,0,0,True,False,0
3317,12,0,0,12,12,0,0,0,True,False,0
3318,8,0,0,8,8,0,0,0,True,False,0
3319,7,0,0,7,7,0,0,0,True,False,0
3320,9,0,0,9,9,0,0,0,True,False,0
3321,5,0,0,5,5,0,0,0,True,False,0
3322,13,0,0,13,13,0,0,0,True,False,0
3323,12,0,0,12,12,0,0,0,True,False,0
3324,18,0,0,18,18,0,0,0,True,False,0
3325,6,0,0,6,6,0,0,0,True,False,0
3326,11,0,0,11,11,0,0,0,True,False,0
3327,12,0,0,12,12,0,0,0,True,False,0
3328,12,0,0,12,12,0,0,0,True,False,0
3329,12,0,0,12,12,0,0,0,True,False,0
3330,10,0,0,10,10,0,0,0,True,False,0
3331,10,0,0,10,10,0,0,0,True,False,0
3332,9,0,0,9,9,0,0,0,True,False,0
3333,12,0,0,12,12,0,0,0,True,False,0
3334,7,0,0,7,7,0,0,0,True,False,0
3335,8,8,8,8,8,0,0,0,True,False,0
3336,5,0,0,5,5,0,0,0,True,False,0
3337,8,0,0,8,8,0,0,0,True,False,0
3338,8,0,0,8,8,0,0,0,True,False,0
3339,0,119,0,0,0,0,0,0,True,False,0
3340,0,0,0,0,0,0,0,0,True,False,0
3341,92,0,0,92,92,0,0,0,True,False,0
3342,50,0,0,50,50,0,0,0,True,False,0
3343,73,0,0,73,73,0,0,0,True,False,0
3344,7,0,0,7,7,0,0,0,True,False,0
3345,9,0,0,9,9,0,0,0,True,False,0
3346,9,0,0,9,9,0,0,0,True,False,0
3347,8,0,0,8,8,0,0,0,True,False,0
3348,7,0,0,7,7,0,0,0,True,False,0
3349,7,0,0,7,7,0,0,0,True,False,0
3350,7,0,0,7,7,0,0,0,True,False,0
3351,8,0,0,8,8,0,0,0,True,False,0
3352,7,0,0,7,7,0,0,0,True,False,0
3353,8,0,0,8,8,0,0,0,True,False,0
3354,7,0,0,7,7,0,0,0,True,False,0
3355,6,0,0,6,6,0,0,0,True,False,0
3356,8,0,0,8,8,0,0,0,True,False,0
3357,7,0,0,7,7,0,0,0,True,False,0
3358,7,0,0,7,7,0,0,0,True,False,0
3359,6,0,0,6,6,0,0,0,True,False,0
3360,8,0,0,8,8,0,0,0,True,False,0
3361,9,0,0,9,9,0,0,0,True,False,0
3362,8,0,0,8,8,0,0,0,True,False,0
3363,8,0,0,8,8,0,0,0,True,False,0
3364,6,0,0,6,6,0,0,0,True,False,0
3365,13,0,0,13,13,0,0,0,True,False,0
3366,13,0,0,13,13,0,0,0,True,False,0
3367,11,0,0,11,11,0,0,0,True,False,0
3368,11,0,0,11,11,0,0,0,True,False,0
3369,15,0,0,15,15,0,0,0,True,False,0
3370,13,0,0,13,13,0,0,0,True,False,0
3371,13,0,0,13,13,0,0,0,True,False,0
3372,11,0,0,11,11,0,0,0,True,False,0
3373,6,0,0,6,6,0,0,0,True,False,0
3374,4,0,0,4,4,0,0,0,True,False,0
3375,6,0,0,6,6,0,0,0,True,False,0
3376,4,0,0,4,4,0,0,0,True,False,0
3377,6,0,0,6,6,0,0,0,True,False,0
3378,6,0,0,6,6,0,0,0,True,False,0
3379,6,0,0,6,6,0,0,0,True,False,0
3380,13,0,0,13,13,0,0,0,True,False,0
3381,8,0,0,8,8,0,0,0,True,False,0
3382,14,0,0,14,14,0,0,0,True,False,0
3383,11,0,0,11,11,0,0,0,True,False,0
3384,12,0,0,12,12,0,0,0,True,False,0
3385,13,0,0,13,13,0,0,0,True,False,0
3386,10,0,0,10,10,0,0,0,True,False,0
3387,8,0,0,8,8,0,0,0,True,False,0
3388,10,0,0,10,10,0,0,0,True,False,0
3389,12,0,0,12,12,0,0,0,True,False,0
3390,13,0,0,13,13,0,0,0,True,False,0
3391,11,0,0,11,11,0,0,0,True,False,0
3392,11,0,0,11,11,0,0,0,True,False,0
3393,11,0,0,11,11,0,0,0,True,False,0
3394,8,0,0,8,8,0,0,0,True,False,0
3395,12,0,0,12,12,0,0,0,True,False,0
3396,12,0,0,12,12,0,0,0,True,False,0
3397,8,0,0,8,8,0,0,0,True,False,0
3398,7,7,7,7,7,0,0,0,True,False,0
3399,5,0,0,5,5,0,0,0,True,False,0
3400,9,0,0,9,9,0,0,0,True,False,0
3401,7,0,0,7,7,0,0,0,True,False,0
3402,0,121,0,0,0,0,0,0,True,False,0
3403,0,0,0,0,0,0,0,0,True,False,0
3404,95,0,0,95,95,0,0,0,True,False,0
3405,48,0,0,48,48,0,0,0,True,False,0
3406,77,0,0,77,77,0,0,0,True,False,0
3407,8,0,0,8,8,0,0,0,True,False,0
3408,10,0,0,10,10,0,0,0,True,False,0
3409,10,0,0,10,10,0,0,0,True,False,0
3410,8,0,0,8,8,0,0,0,True,False,0
3411,10,0,0,10,10,0,0,0,True,False,0
3412,8,0,0,8,8,0,0,0,True,False,0
3413,8,0,0,8,8,0,0,0,True,False,0
3414,6,0,0,6,6,0,0,0,True,False,0
3415,7,0,0,7,7,0,0,0,True,False,0
3416,7,0,0,7,7,0,0,0,True,False,0
3417,8,0,0,8,8,0,0,0,True,False,0
3418,8,0,0,8,8,0,0,0,True,False,0
3419,6,0,0,6,6,0,0,0,True,False,0
3420,6,0,0,6,6,0,0,0,True,False,0
3421,6,0,0,6,6,0,0,0,True,False,0
3422,6,0,0,6,6,0,0,0,True,False,0
3423,6,0,0,6,6,0,0,0,True,False,0
3424,8,0,0,8,8,0,0,0,True,False,0
3425,6,0,0,6,6,0,0,0,True,False,0
3426,9,0,0,9,9,0,0,0,True,False,0
3427,7,0,0,7,7,0,0,0,True,False,0
3428,15,0,0,15,15,0,0,0,True,False,0
3429,13,0,0,13,13,0,0,0,True,False,0
3430,13,0,0,13,13,0,0,0,True,False,0
3431,15,0,0,15,15,0,0,0,True,False,0
3432,11,0,0,11,11,0,0,0,True,False,0
3433,14,0,0,14,14,0,0,0,True,False,0
3434,13,0,0,13,13,0,0,0,True,False,0
3435,15,0,0,15,15,0,0,0,True,False,0
3436,6,0,0,6,6,0,0,0,True,False,0
3437,4,0,0,4,4,0,0,0,True,False,0
3438,6,0,0,6,6,0,0,0,True,False,0
3439,4,0,0,4,4,0,0,0,True,False,0
3440,6,0,0,6,6,0,0,0,True,False,0
3441,6,0,0,6,6,0,0,0,True,False,0
3442,6,0,0,6,6,0,0,0,True,False,0
3443,11,0,0,11,11,0,0,0,True,False,0
3444,7,0,0,7,7,0,0,0,True,False,0
3445,12,0,0,12,12,0,0,0,True,False,0
3446,15,0,0,15,15,0,0,0,True,False,0
3447,12,0,0,12,12,0,0,0,True,False,0
3448,7,0,0,7,7,0,0,0,True,False,0
3449,10,0,0,10,10,0,0,0,True,False,0
3450,8,0,0,8,8,0,0,0,True,False,0
3451,20,0,0,20,20,0,0,0,True,False,0
3452,1,0,0,1,1,0,0,0,True,True,0
3453,1,0,0,1,1,0,0,0,True,True,0
3454,10,0,0,10,10,0,0,0,True,False,0
3455,10,0,0,10,10,0,0,0,True,False,0
3456,11,0,0,11,11,0,0,0,True,False,0
3457,13,0,0,13,13,0,0,0,True,False,0
3458,10,0,0,10,10,0,0,0,True,False,0
3459,9,0,0,9,9,0,0,0,True,False,0
3460,9,0,0,9,9,0,0,0,True,False,0
3461,10,0,0,10,10,0,0,0,True,False,0
3462,10,0,0,10,10,0,0,0,True,False,0
3463,7,7,7,7,7,0,0,0,True,False,0
3464,5,0,0,5,5,0,0,0,True,False,0
3465,7,0,0,7,7,0,0,0,True,False,0
3466,9,0,0,9,9,0,0,0,True,False,0
3467,0,117,0,0,0,0,0,0,True,False,0
3468,0,0,0,0,0,0,0,0,True,False,0
3469,93,0,0,93,93,0,0,0,True,False,0
3470,47,0,0,47,47,0,0,0,True,False,0
3471,75,0,0,75,75,0,0,0,True,False,0
3472,8,0,0,8,8,0,0,0,True,False,0
3473,9,0,0,9,9,0,0,0,True,False,0
3474,8,0,0,8,8,0,0,0,True,False,0
3475,7,0,0,7,7,0,0,0,True,False,0
3476,8,0,0,8,8,0,0,0,True,False,0
3477,7,0,0,7,7,0,0,0,True,False,0
3478,9,0,0,9,9,0,0,0,True,False,0
3479,9,0,0,9,9,0,0,0,True,False,0
3480,7,0,0,7,7,0,0,0,True,False,0
3481,6,0,0,6,6,0,0,0,True,False,0
3482,7,0,0,7,7,0,0,0,True,False,0
3483,8,0,0,8,8,0,0,0,True,False,0
3484,8,0,0,8,8,0,0,0,True,False,0
3485,7,0,0,7,7,0,0,0,True,False,0
3486,6,0,0,6,6,0,0,0,True,False,0
3487,8,0,0,8,8,0,0,0,True,False,0
3488,7,0,0,7,7,0,0,0,True,False,0
3489,7,0,0,7,7,0,0,0,True,False,0
3490,7,0,0,7,7,0,0,0,True,False,0
3491,9,0,0,9,9,0,0,0,True,False,0
3492,7,0,0,7,7,0,0,0,True,False,0
3493,14,0,0,14,14,0,0,0,True,False,0
3494,14,0,0,14,14,0,0,0,True,False,0
3495,13,0,0,13,13,0,0,0,True,False,0
3496,15,0,0,15,15,0,0,0,True,False,0
3497,12,0,0,12,12,0,0,0,True,False,0
3498,15,0,0,15,15,0,0,0,True,False,0
3499,14,0,0,14,14,0,0,0,True,False,0
3500,13,0,0,13,13,0,0,0,True,False,0
3501,6,0,0,6,6,0,0,0,True,False,0
3502,4,0,0,4,4,0,0,0,True,False,0
3503,6,0,0,6,6,0,0,0,True,False,0
3504,4,0,0,4,4,0,0,0,True,False,0
3505,6,0,0,6,6,0,0,0,True,False,0
3506,5,0,0,5,5,0,0,0,True,False,0
3507,6,0,0,6,6,0,0,0,True,False,0
3508,13,0,0,13,13,0,0,0,True,False,0
3509,4,0,0,4,4,0,0,0,True,False,0
3510,7,0,0,7,7,0,0,0,True,False,0
3511,7,0,0,7,7,0,0,0,True,False,0
3512,9,0,0,9,9,0,0,0,True,False,0
3513,6,0,0,6,6,0,0,0,True,False,0
3514,19,0,0,19,19,0,0,0,True,False,0
3515,9,0,0,9,9,0,0,0,True,False,0
3516,9,0,0,9,9,0,0,0,True,False,0
3517,1,0,0,1,1,0,0,0,True,True,0
3518,1,0,0,1,1,0,0,0,True,True,0
3519,1,0,0,1,1,0,0,0,True,True,0
3520,1,0,0,1,1,0,0,0,True,True,0
3521,1,0,0,1,1,0,0,0,True,True,0
3522,8,0,0,8,8,0,0,0,True,False,0
3523,10,0,0,10,10,0,0,0,True,False,0
3524,9,0,0,9,9,0,0,0,True,False,0
3525,8,0,0,8,8,0,0,0,True,False,0
3526,9,0,0,9,9,0,0,0,True,False,0
3527,8,0,0,8,8,0,0,0,True,False,0
3528,8,0,0,8,8,0,0,0,True,False,0
3529,7,0,0,7,7,0,0,0,True,False,0
3530,6,0,0,6,6,0,0,0,True,False,0
3531,7,7,7,7,7,0,0,0,True,False,0
3532,5,0,0,5,5,0,0,0,True,False,0
3533,7,0,0,7,7,0,0,0,True,False,0
3534,7,0,0,7,7,0,0,0,True,False,0
3535,0,101,0,0,0,0,0,0,True,False,0
3536,0,0,0,0,0,0,0,0,True,False,0
3537,80,0,0,80,80,0,0,0,True,False,0
3538,36,0,0,36,36,0,0,0,True,False,0
3539,67,0,0,67,67,0,0,0,True,False,0
3540,7,0,0,7,7,0,0,0,True,False,0
3541,5,0,0,5,5,0,0,0,True,False,0
3542,6,0,0,6,6,0,0,0,True,False,0
3543,8,0,0,8,8,0,0,0,True,False,0
3544,8,0,0,8,8,0,0,0,True,False,0
3545,5,0,0,5,5,0,0,0,True,False,0
3546,7,0,0,7,7,0,0,0,True,False,0
3547,6,0,0,6,6,0,0,0,True,False,0
3548,6,0,0,6,6,0,0,0,True,False,0
3549,6,0,0,6,6,0,0,0,True,False,0
3550,6,0,0,6,6,0,0,0,True,False,0
3551,6,0,0,6,6,0,0,0,True,False,0
3552,7,0,0,7,7,0,0,0,True,False,0
3553,7,0,0,7,7,0,0,0,True,False,0
3554,5,0,0,5,5,0,0,0,True,False,0
3555,8,0,0,8,8,0,0,0,True,False,0
3556,6,0,0,6,6,0,0,0,True,False,0
3557,6,0,0,6,6,0,0,0,True,False,0
3558,5,0,0,5,5,0,0,0,True,False,0
3559,4,0,0,4,4,0,0,0,True,False,0
3560,7,0,0,7,7,0,0,0,True,False,0
3561,14,0,0,14,14,0,0,0,True,False,0
3562,12,0,0,12,12,0,0,0,True,False,0
3563,11,0,0,11,11,0,0,0,True,False,0
3564,9,0,0,9,9,0,0,0,True,False,0
3565,12,0,0,12,12,0,0,0,True,False,0
3566,11,0,0,11,11,0,0,0,True,False,0
3567,12,0,0,12,12,0,0,0,True,False,0
3568,11,0,0,11,11,0,0,0,True,False,0
3569,4,0,0,4,4,0,0,0,True,False,0
3570,3,0,0,3,3,0,0,0,True,False,0
3571,5,0,0,5,5,0,0,0,True,False,0
3572,3,0,0,3,3,0,0,0,True,False,0
3573,5,0,0,5,5,0,0,0,True,False,0
3574,5,0,0,5,5,0,0,0,True,False,0
3575,5,0,0,5,5,0,0,0,True,False,0
3576,9,0,0,9,9,0,0,0,True,False,0
3577,13,0,0,13,13,0,0,0,True,False,0
3578,10,0,0,10,10,0,0,0,True,False,0
3579,9,0,0,9,9,0,0,0,True,False,0
3580,6,0,0,6,6,0,0,0,True,False,0
3581,5,0,0,5,5,0,0,0,True,False,0
3582,3,0,0,3,3,0,0,0,True,False,0
3583,11,0,0,11,11,0,0,0,True,False,0
3584,10,0,0,10,10,0,0,0,True,False,0
3585,1,0,0,1,1,0,0,0,True,True,0
3586,4,0,0,4,4,0,0,0,True,False,0
3587,2,0,0,2,2,0,0,0,False,True,0
3588,2,0,0,2,2,0,0,0,False,True,0
3589,3,0,0,3,3,0,0,0,False,False,0
3590,2,0,0,2,2,0,0,0,False,True,0
3591,2,0,0,2,2,0,0,0,False,True,0
3592,3,0,0,3,3,0,0,0,False,False,0
3593,3,0,0,3,3,0,0,0,False,False,0
3594,2,0,0,2,2,0,0,0,False,True,0
3595,2,0,0,2,2,0,0,0,False,True,0
3596,2,1,1,2,2,0,0,0,False,True,0
3597,2,0,0,2,2,0,0,0,False,True,0
3598,3,0,0,3,3,0,0,0,False,False,0
3599,3,0,0,3,3,0,0,0,False,False,0
3600,11,14,10,11,11,0,0,0,False,False,0
3601,122,0,0,122,122,0,0,0,False,False,0
3602,10,0,0,10,10,0,0,0,False,False,0
3603,6,0,0,6,6,0,0,0,False,False,0
3604,9,0,0,9,9,0,0,0,False,False,0
3605,3,0,0,3,3,0,0,0,False,False,0
3606,3,0,0,3,3,0,0,0,False,False,0
3607,2,0,0,2,2,0,0,0,False,True,0
3608,2,0,0,2,2,0,0,0,False,True,0
3609,3,0,0,3,3,0,0,0,False,False,0
3610,2,1,1,2,2,0,0,0,False,True,0
3611,2,1,1,2,2,0,0,0,False,True,0
3612,2,1,1,2,2,0,0,0,False,True,0
3613,2,1,1,2,2,0,0,0,False,True,0
3614,2,1,1,2,2,0,0,0,False,True,0
3615,2,1,1,2,2,0,0,0,False,True,0
3616,2,1,1,2,2,0,0,0,False,True,0
3617,2,1,1,2,2,0,0,0,False,True,0
3618,2,0,0,2,2,0,0,0,False,True,0
3619,3,0,0,3,3,0,0,0,False,False,0
3620,3,0,0,3,3,0,0,0,False,False,0
3621,2,0,0,2,2,0,0,0,False,True,0
3622,2,0,0,2,2,0,0,0,False,True,0
3623,2,0,0,2,2,0,0,0,False,True,0
3624,2,0,0,2,2,0,0,0,False,True,0
3625,2,0,0,2,2,0,0,0,False,True,0
3626,3,0,0,3,3,0,0,0,False,False,0
3627,3,0,0,3,3,0,0,0,False,False,0
3628,3,0,0,3,3,0,0,0,False,False,0
3629,3,0,0,3,3,0,0,0,False,False,0
3630,3,0,0,3,3,0,0,0,False,False,0
3631,3,0,0,3,3,0,0,0,False,False,0
3632,4,0,0,4,4,0,0,0,False,False,0
3633,3,0,0,3,3,0,0,0,False,False,0
3634,3,0,0,3,3,0,0,0,False,False,0
3635,2,0,0,2,2,0,0,0,False,True,0
3636,3,0,0,3,3,0,0,0,False,False,0
3637,3,0,0,3,3,0,0,0,False,False,0
3638,3,0,0,3,3,0,0,0,False,False,0
3639,2,0,0,2,2,0,0,0,False,True,0
3640,2,0,0,2,2,0,0,0,False,True,0
3641,2,0,0,2,2,0,0,0,False,True,0
3642,2,0,0,2,2,0,0,0,False,True,0
3643,2,0,0,2,2,0,0,0,False,True,0
3644,2,0,0,2,2,0,0,0,False,True,0
3645,2,0,0,2,2,0,0,0,False,True,0
3646,2,0,0,2,2,0,0,0,False,True,0
3647,2,0,0,2,2,0,0,0,False,True,0
3648,2,0,0,2,2,0,0,0,False,True,0
3649,2,0,0,2,2,0,0,0,False,True,0
3650,2,0,0,2,2,0,0,0,False,True,0
3651,2,0,0,2,2,0,0,0,False,True,0
3652,1,0,0,1,1,0,0,0,False,True,0
3653,1,0,0,1,1,0,0,0,False,True,0
3654,2,0,0,2,2,0,0,0,False,True,0
3655,1,0,0,1,1,0,0,0,False,True,0
3656,2,0,0,2,2,0,0,0,False,True,0
3657,2,0,0,2,2,0,0,0,False,True,0
3658,2,0,0,2,2,0,0,0,False,True,0
3659,2,0,0,2,2,0,0,0,False,True,0
3660,2,0,0,2,2,0,0,0,False,True,0
3661,2,0,0,2,2,0,0,0,False,True,0
3662,2,0,0,2,2,0,0,0,False,True,0
3663,2,0,0,2,2,0,0,0,False,True,0
3664,2,0,0,2,2,0,0,0,False,True,0
3665,2,0,0,2,2,0,0,0,False,True,0
3666,11,0,0,11,11,0,0,0,True,False,0
3667,10,0,0,10,10,0,0,0,True,False,0
3668,8,0,0,8,8,0,0,0,True,False,0
3669,9,0,0,9,9,0,0,0,True,False,0
3670,11,0,0,11,11,0,0,0,True,False,0
3671,11,0,0,11,11,0,0,0,True,False,0
3672,9,0,0,9,9,0,0,0,True,False,0
3673,11,0,0,11,11,0,0,0,True,False,0
3674,12,0,0,12,12,0,0,0,True,False,0
3675,8,8,8,8,8,0,0,0,True,False,0
3676,5,0,0,5,5,0,0,0,True,False,0
3677,12,0,0,12,12,0,0,0,True,False,0
3678,13,0,0,13,13,0,0,0,True,False,0
3679,0,123,0,0,0,0,0,0,True,False,0
3680,78,0,0,78,78,0,0,0,True,False,0
3681,90,0,0,90,90,0,0,0,True,False,0
3682,46,0,0,46,46,0,0,0,True,False,0
3683,74,0,0,74,74,0,0,0,True,False,0
3684,14,0,0,14,14,0,0,0,True,False,0
3685,10,0,0,10,10,0,0,0,True,False,0
3686,13,0,0,13,13,0,0,0,True,False,0
3687,12,0,0,12,12,0,0,0,True,False,0
3688,9,0,0,9,9,0,0,0,True,False,0
3689,8,2,2,8,8,0,0,0,True,False,0
3690,7,2,2,7,7,0,0,0,True,False,0
3691,7,2,2,7,7,0,0,0,True,False,0
3692,6,3,3,6,6,0,0,0,True,False,0
3693,8,3,3,8,8,0,0,0,True,False,0
3694,9,2,2,9,9,0,0,0,True,False,0
3695,9,2,2,9,9,0,0,0,True,False,0
3696,8,2,2,8,8,0,0,0,True,False,0
3697,7,0,0,7,7,0,0,0,True,False,0
3698,7,0,0,7,7,0,0,0,True,False,0
3699,9,0,0,9,9,0,0,0,True,False,0
3700,8,0,0,8,8,0,0,0,True,False,0
3701,7,0,0,7,7,0,0,0,True,False,0
3702,8,0,0,8,8,0,0,0,True,False,0
3703,8,0,0,8,8,0,0,0,True,False,0
3704,6,0,0,6,6,0,0,0,True,False,0
3705,14,0,0,14,14,0,0,0,True,False,0
3706,13,0,0,13,13,0,0,0,True,False,0
3707,12,0,0,12,12,0,0,0,True,False,0
3708,14,0,0,14,14,0,0,0,True,False,0
3709,15,0,0,15,15,0,0,0,True,False,0
3710,15,0,0,15,15,0,0,0,True,False,0
3711,14,0,0,14,14,0,0,0,True,False,0
3712,12,0,0,12,12,0,0,0,True,False,0
3713,12,0,0,12,12,0,0,0,True,False,0
3714,6,0,0,6,6,0,0,0,True,False,0
3715,12,0,0,12,12,0,0,0,True,False,0
3716,12,0,0,12,12,0,0,0,True,False,0
3717,12,0,0,12,12,0,0,0,True,False,0
3718,4,0,0,4,4,0,0,0,True,False,0
3719,6,0,0,6,6,0,0,0,True,False,0
3720,4,0,0,4,4,0,0,0,True,False,0
3721,9,0,0,9,9,0,0,0,True,False,0
3722,11,0,0,11,11,0,0,0,True,False,0
3723,9,0,0,9,9,0,0,0,True,False,0
3724,8,0,0,8,8,0,0,0,True,False,0
3725,8,0,0,8,8,0,0,0,True,False,0
3726,12,0,0,12,12,0,0,0,True,False,0
3727,7,0,0,7,7,0,0,0,True,False,0
3728,10,0,0,10,10,0,0,0,True,False,0
3729,1,0,0,1,1,0,0,0,True,True,0
3730,1,0,0,1,1,0,0,0,True,True,0
3731,1,0,0,1,1,0,0,0,True,True,0
3732,13,0,0,13,13,0,0,0,True,False,0
3733,12,0,0,12,12,0,0,0,True,False,0
3734,10,0,0,10,10,0,0,0,True,False,0
3735,12,0,0,12,12,0,0,0,True,False,0
3736,9,0,0,9,9,0,0,0,True,False,0
3737,14,0,0,14,14,0,0,0,True,False,0
3738,12,0,0,12,12,0,0,0,True,False,0
3739,12,0,0,12,12,0,0,0,True,False,0
3740,9,0,0,9,9,0,0,0,True,False,0
3741,7,7,7,7,7,0,0,0,True,False,0
3742,5,0,0,5,5,0,0,0,True,False,0
3743,10,0,0,10,10,0,0,0,True,False,0
3744,9,0,0,9,9,0,0,0,True,False,0
3745,0,118,0,0,0,0,0,0,True,False,0
3746,0,0,0,0,0,0,0,0,True,False,0
3747,93,0,0,93,93,0,0,0,True,False,0
3748,47,0,0,47,47,0,0,0,True,False,0
3749,78,0,0,78,78,0,0,0,True,False,0
3750,8,0,0,8,8,0,0,0,True,False,0
3751,10,0,0,10,10,0,0,0,True,False,0
3752,12,0,0,12,12,0,0,0,True,False,0
3753,12,0,0,12,12,0,0,0,True,False,0
3754,10,0,0,10,10,0,0,0,True,False,0
3755,8,0,0,8,8,0,0,0,True,False,0
3756,8,0,0,8,8,0,0,0,True,False,0
3757,7,0,0,7,7,0,0,0,True,False,0
3758,9,0,0,9,9,0,0,0,True,False,0
3759,6,0,0,6,6,0,0,0,True,False,0
3760,8,0,0,8,8,0,0,0,True,False,0
3761,8,0,0,8,8,0,0,0,True,False,0
3762,8,0,0,8,8,0,0,0,True,False,0
3763,7,0,0,7,7,0,0,0,True,False,0
3764,7,0,0,7,7,0,0,0,True,False,0
3765,6,0,0,6,6,0,0,0,True,False,0
3766,7,0,0,7,7,0,0,0,True,False,0
3767,6,0,0,6,6,0,0,0,True,False,0
3768,6,0,0,6,6,0,0,0,True,False,0
3769,7,0,0,7,7,0,0,0,True,False,0
3770,6,0,0,6,6,0,0,0,True,False,0
3771,15,0,0,15,15,0,0,0,True,False,0
3772,12,0,0,12,12,0,0,0,True,False,0
3773,15,0,0,15,15,0,0,0,True,False,0
3774,12,0,0,12,12,0,0,0,True,False,0
3775,13,0,0,13,13,0,0,0,True,False,0
3776,14,0,0,14,14,0,0,0,True,False,0
3777,11,0,0,11,11,0,0,0,True,False,0
3778,14,0,0,14,14,0,0,0,True,False,0
3779,12,0,0,12,12,0,0,0,True,False,0
3780,6,0,0,6,6,0,0,0,True,False,0
3781,12,0,0,12,12,0,0,0,True,False,0
3782,12,0,0,12,12,0,0,0,True,False,0
3783,12,0,0,12,12,0,0,0,True,False,0
3784,4,0,0,4,4,0,0,0,True,False,0
3785,6,0,0,6,6,0,0,0,True,False,0
3786,4,0,0,4,4,0,0,0,True,False,0
3787,8,0,0,8,8,0,0,0,True,False,0
3788,7,0,0,7,7,0,0,0,True,False,0
3789,8,0,0,8,8,0,0,0,True,False,0
3790,12,0,0,12,12,0,0,0,True,False,0
3791,9,0,0,9,9,0,0,0,True,False,0
3792,7,0,0,7,7,0,0,0,True,False,0
3793,14,0,0,14,14,0,0,0,True,False,0
3794,10,0,0,10,10,0,0,0,True,False,0
3795,10,0,0,10,10,0,0,0,True,False,0
3796,10,0,0,10,10,0,0,0,True,False,0
3797,10,0,0,10,10,0,0,0,True,False,0
3798,10,0,0,10,10,0,0,0,True,False,0
3799,10,0,0,10,10,0,0,0,True,False,0
3800,11,0,0,11,11,0,0,0,True,False,0
3801,9,0,0,9,9,0,0,0,True,False,0
3802,9,0,0,9,9,0,0,0,True,False,0
3803,11,0,0,11,11,0,0,0,True,False,0
3804,8,8,8,8,8,0,0,0,True,False,0
3805,5,0,0,5,5,0,0,0,True,False,0
3806,11,0,0,11,11,0,0,0,True,False,0
3807,11,0,0,11,11,0,0,0,True,False,0
3808,0,131,0,0,0,0,0,0,True,False,0
3809,0,0,0,0,0,0,0,0,True,False,0
3810,87,0,0,87,87,0,0,0,True,False,0
3811,48,0,0,48,48,0,0,0,True,False,0
3812,76,0,0,76,76,0,0,0,True,False,0
3813,9,0,0,9,9,0,0,0,True,False,0
3814,11,0,0,11,11,0,0,0,True,False,0
3815,11,0,0,11,11,0,0,0,True,False,0
3816,13,0,0,13,13,0,0,0,True,False,0
3817,10,0,0,10,10,0,0,0,True,False,0
3818,7,0,0,7,7,0,0,0,True,False,0
3819,7,0,0,7,7,0,0,0,True,False,0
3820,6,0,0,6,6,0,0,0,True,False,0
3821,7,0,0,7,7,0,0,0,True,False,0
3822,9,0,0,9,9,0,0,0,True,False,0
3823,7,0,0,7,7,0,0,0,True,False,0
3824,8,0,0,8,8,0,0,0,True,False,0
3825,7,0,0,7,7,0,0,0,True,False,0
3826,6,0,0,6,6,0,0,0,True,False,0
3827,8,0,0,8,8,0,0,0,True,False,0
3828,7,0,0,7,7,0,0,0,True,False,0
3829,6,0,0,6,6,0,0,0,True,False,0
3830,7,0,0,7,7,0,0,0,True,False,0
3831,7,0,0,7,7,0,0,0,True,False,0
3832,9,0,0,9,9,0,0,0,True,False,0
3833,7,0,0,7,7,0,0,0,True,False,0
3834,13,0,0,13,13,0,0,0,True,False,0
3835,15,0,0,15,15,0,0,0,True,False,0
3836,14,0,0,14,14,0,0,0,True,False,0
3837,13,0,0,13,13,0,0,0,True,False,0
3838,14,0,0,14,14,0,0,0,True,False,0
3839,12,0,0,12,12,0,0,0,True,False,0
3840,15,0,0,15,15,0,0,0,True,False,0
3841,13,0,0,13,13,0,0,0,True,False,0
3842,12,0,0,12,12,0,0,0,True,False,0
3843,6,0,0,6,6,0,0,0,True,False,0
3844,12,0,0,12,12,0,0,0,True,False,0
3845,12,0,0,12,12,0,0,0,True,False,0
3846,12,0,0,12,12,0,0,0,True,False,0
3847,4,0,0,4,4,0,0,0,True,False,0
3848,6,0,0,6,6,0,0,0,True,False,0
3849,4,0,0,4,4,0,0,0,True,False,0
3850,9,0,0,9,9,0,0,0,True,False,0
3851,15,0,0,15,15,0,0,0,True,False,0
3852,8,0,0,8,8,0,0,0,True,False,0
3853,14,0,0,14,14,0,0,0,True,False,0
3854,6,0,0,6,6,0,0,0,True,False,0
3855,8,0,0,8,8,0,0,0,True,False,0
3856,11,0,0,11,11,0,0,0,True,False,0
3857,9,0,0,9,9,0,0,0,True,False,0
3858,9,0,0,9,9,0,0,0,True,False,0
3859,9,0,0,9,9,0,0,0,True,False,0
3860,12,0,0,12,12,0,0,0,True,False,0
3861,12,0,0,12,12,0,0,0,True,False,0
3862,10,0,0,10,10,0,0,0,True,False,0
3863,10,0,0,10,10,0,0,0,True,False,0
3864,10,0,0,10,10,0,0,0,True,False,0
3865,12,0,0,12,12,0,0,0,True,False,0
3866,12,1,1,12,12,0,0,0,True,False,0
3867,7,7,7,7,7,0,0,0,True,False,0
3868,5,0,0,5,5,0,0,0,True,False,0
3869,11,0,0,11,11,0,0,0,True,False,0
3870,14,1,1,14,14,0,0,0,True,False,0
3871,0,119,0,0,0,0,0,0,True,False,0
3872,0,0,0,0,0,0,0,0,True,False,0
3873,90,0,0,90,90,0,0,0,True,False,0
3874,43,0,0,43,43,0,0,0,True,False,0
3875,76,0,0,76,76,0,0,0,True,False,0
3876,14,1,1,14,14,0,0,0,True,False,0
3877,12,1,1,12,12,0,0,0,True,False,0
3878,9,1,1,9,9,0,0,0,True,False,0
3879,9,0,0,9,9,0,0,0,True,False,0
3880,9,1,1,9,9,0,0,0,True,False,0
3881,7,0,0,7,7,0,0,0,True,False,0
3882,8,0,0,8,8,0,0,0,True,False,0
3883,8,0,0,8,8,0,0,0,True,False,0
3884,8,0,0,8,8,0,0,0,True,False,0
3885,9,0,0,9,9,0,0,0,True,False,0
3886,6,0,0,6,6,0,0,0,True,False,0
3887,7,0,0,7,7,0,0,0,True,False,0
3888,8,0,0,8,8,0,0,0,True,False,0
3889,6,0,0,6,6,0,0,0,True,False,0
3890,5,0,0,5,5,0,0,0,True,False,0
3891,7,0,0,7,7,0,0,0,True,False,0
3892,7,0,0,7,7,0,0,0,True,False,0
3893,7,0,0,7,7,0,0,0,True,False,0
3894,6,0,0,6,6,0,0,0,True,False,0
3895,6,0,0,6,6,0,0,0,True,False,0
3896,7,0,0,7,7,0,0,0,True,False,0
3897,16,0,0,16,16,0,0,0,True,False,0
3898,12,0,0,12,12,0,0,0,True,False,0
3899,14,0,0,14,14,0,0,0,True,False,0
3900,13,0,0,13,13,0,0,0,True,False,0
3901,13,0,0,13,13,0,0,0,True,False,0
3902,13,0,0,13,13,1,0,0,True,False,0
3903,14,0,0,14,14,0,0,0,True,False,0
3904,13,0,0,13,13,0,0,0,True,False,0
3905,12,0,0,12,12,0,0,0,True,False,0
3906,6,0,0,6,6,0,0,0,True,False,0
3907,12,0,0,12,12,0,0,0,True,False,0
3908,12,0,0,12,12,0,0,0,True,False,0
3909,12,0,0,12,12,0,0,0,True,False,0
3910,4,0,0,4,4,0,0,0,True,False,0
3911,6,0,0,6,6,0,0,0,True,False,0
3912,4,0,0,4,4,0,0,0,True,False,0
3913,11,0,0,11,11,0,0,0,True,False,0
3914,6,0,0,6,6,0,0,0,True,False,0
3915,10,0,0,10,10,0,0,0,True,False,0
3916,12,0,0,12,12,0,0,0,True,False,0
3917,7,0,0,7,7,0,0,0,True,False,0
3918,16,0,0,16,16,0,0,0,True,False,0
3919,7,0,0,7,7,0,0,0,True,False,0
3920,16,0,0,16,16,0,0,0,True,False,0
3921,11,0,0,11,11,0,0,0,True,False,0
3922,10,0,0,10,10,0,0,0,True,False,0
3923,12,0,0,12,12,0,0,0,True,False,0
3924,10,0,0,10,10,0,0,0,True,False,0
3925,9,0,0,9,9,0,0,0,True,False,0
3926,12,0,0,12,12,0,0,0,True,False,0
3927,10,0,0,10,10,0,0,0,True,False,0
3928,11,0,0,11,11,0,0,0,True,False,0
3929,9,0,0,9,9,0,0,0,True,False,0
3930,8,8,8,8,8,0,0,0,True,False,0
3931,5,0,0,5,5,0,0,0,True,False,0
3932,12,1,1,12,12,0,0,0,True,False,0
3933,8,0,0,8,8,0,0,0,True,False,0
3934,4,117,4,4,4,0,0,0,True,False,0
3935,0,0,0,0,0,0,0,0,True,False,0
3936,92,0,0,92,92,0,0,0,True,False,0
3937,49,0,0,49,49,0,0,0,True,False,0
3938,72,0,0,72,72,0,0,0,True,False,0
3939,9,0,0,9,9,0,0,0,True,False,0
3940,9,0,0,9,9,0,0,0,True,False,0
3941,10,0,0,10,10,0,0,0,True,False,0
3942,10,1,1,10,10,0,0,0,True,False,0
3943,8,0,0,8,8,0,0,0,True,False,0
3944,8,0,0,8,8,0,0,0,True,False,0
3945,7,0,0,7,7,0,0,0,True,False,0
3946,6,0,0,6,6,0,0,0,True,False,0
3947,8,0,0,8,8,0,0,0,True,False,0
3948,8,0,0,8,8,0,0,0,True,False,0
3949,7,0,0,7,7,0,0,0,True,False,0
3950,7,0,0,7,7,0,0,0,True,False,0
3951,7,0,0,7,7,0,0,0,True,False,0
3952,8,0,0,8,8,0,0,0,True,False,0
3953,8,0,0,8,8,0,0,0,True,False,0
3954,8,0,0,8,8,0,0,0,True,False,0
3955,7,0,0,7,7,0,0,0,True,False,0
3956,5,0,0,5,5,0,0,0,True,False,0
3957,9,0,0,9,9,0,0,0,True,False,0
3958,7,0,0,7,7,0,0,0,True,False,0
3959,6,0,0,6,6,0,0,0,True,False,0
3960,11,0,0,11,11,0,0,0,True,False,0
3961,15,0,0,15,15,0,0,0,True,False,0
3962,12,0,0,12,12,0,0,0,True,False,0
3963,14,0,0,14,14,0,0,0,True,False,0
3964,11,0,0,11,11,0,0,0,True,False,0
3965,11,0,0,11,11,0,0,0,True,False,0
3966,12,0,0,12,12,0,0,0,True,False,0
3967,13,0,0,13,13,0,0,0,True,False,0
3968,12,0,0,12,12,0,0,0,True,False,0
3969,6,0,0,6,6,0,0,0,True,False,0
3970,12,0,0,12,12,0,0,0,True,False,0
3971,12,0,0,12,12,0,0,0,True,False,0
3972,12,0,0,12,12,0,0,0,True,False,0
3973,4,0,0,4,4,0,0,0,True,False,0
3974,6,0,0,6,6,0,0,0,True,False,0
3975,4,0,0,4,4,0,0,0,True,False,0
3976,12,0,0,12,12,0,0,0,True,False,0
3977,9,0,0,9,9,0,0,0,True,False,0
3978,14,0,0,14,14,0,0,0,True,False,0
3979,7,0,0,7,7,0,0,0,True,False,0
3980,14,0,0,14,14,0,0,0,True,False,0
3981,7,0,0,7,7,0,0,0,True,False,0
3982,13,0,0,13,13,0,0,0,True,False,0
3983,10,0,0,10,10,0,0,0,True,False,0
3984,11,0,0,11,11,0,0,0,True,False,0
3985,10,0,0,10,10,0,0,0,True,False,0
3986,11,0,0,11,11,0,0,0,True,False,0
3987,10,0,0,10,10,0,0,0,True,False,0
3988,11,0,0,11,11,0,0,0,True,False,0
3989,11,0,0,11,11,0,0,0,True,False,0
3990,8,0,0,8,8,0,0,0,True,False,0
3991,10,0,0,10,10,0,0,0,True,False,0
3992,9,0,0,9,9,0,0,0,True,False,0
3993,7,7,7,7,7,0,0,0,True,False,0
3994,5,0,0,5,5,0,0,0,True,False,0
3995,10,0,0,10,10,0,0,0,True,False,0
3996,10,0,0,10,10,0,0,0,True,False,0
3997,6,125,6,6,6,0,0,0,True,False,0
3998,200,0,0,200,200,0,0,0,True,False,0
3999,89,0,0,89,89,0,0,0,True,False,0
4000,49,0,0,49,49,0,0,0,True,False,0
4001,71,0,0,71,71,0,0,0,True,False,0
4002,7,0,0,7,7,0,0,0,True,False,0
4003,9,0,0,9,9,0,0,0,True,False,0
4004,8,0,0,8,8,0,0,0,True,False,0
4005,8,0,0,8,8,0,0,0,True,False,0
4006,8,0,0,8,8,0,0,0,True,False,0
4007,8,0,0,8,8,0,0,0,True,False,0
4008,9,0,0,9,9,0,0,0,True,False,0
4009,7,0,0,7,7,0,0,0,True,False,0
4010,7,0,0,7,7,0,0,0,True,False,0
4011,6,0,0,6,6,0,0,0,True,False,0
4012,7,0,0,7,7,0,0,0,True,False,0
4013,7,0,0,7,7,0,0,0,True,False,0
4014,9,0,0,9,9,0,0,0,True,False,0
4015,7,0,0,7,7,0,0,0,True,False,0
4016,6,0,0,6,6,0,0,0,True,False,0
4017,6,0,0,6,6,0,0,0,True,False,0
4018,7,0,0,7,7,0,0,0,True,False,0
4019,6,0,0,6,6,0,0,0,True,False,0
4020,7,0,0,7,7,0,0,0,True,False,0
4021,6,0,0,6,6,0,0,0,True,False,0
4022,6,0,0,6,6,0,0,0,True,False,0
4023,16,0,0,16,16,0,0,0,True,False,0
4024,13,0,0,13,13,0,0,0,True,False,0
4025,13,0,0,13,13,0,0,0,True,False,0
4026,14,0,0,14,14,0,0,0,True,False,0
4027,13,0,0,13,13,0,0,0,True,False,0
4028,11,0,0,11,11,0,0,0,True,False,0
4029,13,0,0,13,13,0,0,0,True,False,0
4030,12,0,0,12,12,0,0,0,True,False,0
4031,12,0,0,12,12,0,0,0,True,False,0
4032,6,0,0,6,6,0,0,0,True,False,0
4033,12,0,0,12,12,0,0,0,True,False,0
4034,12,0,0,12,12,0,0,0,True,False,0
4035,12,0,0,12,12,0,0,0,True,False,0
4036,4,0,0,4,4,0,0,0,True,False,0
4037,6,0,0,6,6,0,0,0,True,False,0
4038,4,0,0,4,4,0,0,0,True,False,0
4039,8,0,0,8,8,0,0,0,True,False,0
4040,9,0,0,9,9,0,0,0,True,False,0
4041,12,0,0,12,12,0,0,0,True,False,0
4042,7,0,0,7,7,0,0,0,True,False,0
4043,12,0,0,12,12,0,0,0,True,False,0
4044,9,0,0,9,9,0,0,0,True,False,0
4045,12,0,0,12,12,0,0,0,True,False,0
4046,9,0,0,9,9,0,0,0,True,False,0
4047,12,0,0,12,12,0,0,0,True,False,0
4048,13,0,0,13,13,0,0,0,True,False,0
4049,9,0,0,9,9,0,0,0,True,False,0
4050,12,0,0,12,12,0,0,0,True,False,0
4051,12,0,0,12,12,0,0,0,True,False,0
4052,9,0,0,9,9,0,0,0,True,False,0
4053,13,0,0,13,13,0,0,0,True,False,0
4054,10,0,0,10,10,0,0,0,True,False,0
4055,9,0,0,9,9,0,0,0,True,False,0
4056,8,8,8,8,8,0,0,0,True,False,0
4057,5,0,0,5,5,0,0,0,True,False,0
4058,9,0,0,9,9,0,0,0,True,False,0
4059,11,0,0,11,11,0,0,0,True,False,0
4060,0,127,0,0,0,0,0,0,True,False,0
4061,0,0,0,0,0,0,0,0,True,False,0
4062,90,0,0,90,90,0,0,0,True,False,0
4063,54,0,0,54,54,0,0,0,True,False,0
4064,76,0,0,76,76,0,0,0,True,False,0
4065,8,0,0,8,8,0,0,0,True,False,0
4066,9,0,0,9,9,0,0,0,True,False,0
4067,8,0,0,8,8,0,0,0,True,False,0
4068,9,0,0,9,9,0,0,0,True,False,0
4069,10,0,0,10,10,0,0,0,True,False,0
4070,8,0,0,8,8,0,0,0,True,False,0
4071,8,0,0,8,8,0,0,0,True,False,0
4072,7,0,0,7,7,0,0,0,True,False,0
4073,8,0,0,8,8,0,0,0,True,False,0
4074,8,0,0,8,8,0,0,0,True,False,0
4075,9,0,0,9,9,0,0,0,True,False,0
4076,7,0,0,7,7,0,0,0,True,False,0
4077,8,0,0,8,8,0,0,0,True,False,0
4078,7,0,0,7,7,0,0,0,True,False,0
4079,8,0,0,8,8,0,0,0,True,False,0
4080,5,0,0,5,5,0,0,0,True,False,0
4081,6,0,0,6,6,0,0,0,True,False,0
4082,5,0,0,5,5,0,0,0,True,False,0
4083,8,0,0,8,8,0,0,0,True,False,0
4084,10,0,0,10,10,0,0,0,True,False,0
4085,7,0,0,7,7,0,0,0,True,False,0
4086,13,0,0,13,13,0,0,0,True,False,0
4087,12,0,0,12,12,0,0,0,True,False,0
4088,13,0,0,13,13,0,0,0,True,False,0
4089,14,0,0,14,14,0,0,0,True,False,0
4090,12,0,0,12,12,0,0,0,True,False,0
4091,12,0,0,12,12,0,0,0,True,False,0
4092,12,0,0,12,12,0,0,0,True,False,0
4093,14,0,0,14,14,0,0,0,True,False,0
4094,12,0,0,12,12,0,0,0,True,False,0
4095,6,0,0,6,6,0,0,0,True,False,0
4096,12,0,0,12,12,0,0,0,True,False,0
4097,12,0,0,12,12,0,0,0,True,False,0
4098,12,0,0,12,12,0,0,0,True,False,0
4099,4,0,0,4,4,0,0,0,True,False,0
4100,6,0,0,6,6,0,0,0,True,False,0
4101,4,0,0,4,4,0,0,0,True,False,0
4102,15,0,0,15,15,0,0,0,True,False,0
4103,11,0,0,11,11,0,0,0,True,False,0
4104,15,0,0,15,15,0,0,0,True,False,0
4105,12,0,0,12,12,0,0,0,True,False,0
4106,14,0,0,14,14,0,0,0,True,False,0
4107,8,0,0,8,8,0,0,0,True,False,0
4108,10,0,0,10,10,0,0,0,True,False,0
4109,7,0,0,7,7,0,0,0,True,False,0
4110,12,0,0,12,12,0,0,0,True,False,0
4111,11,0,0,11,11,0,0,0,True,False,0
4112,11,0,0,11,11,0,0,0,True,False,0
4113,11,0,0,11,11,0,0,0,True,False,0
4114,10,0,0,10,10,0,0,0,True,False,0
4115,9,0,0,9,9,0,0,0,True,False,0
4116,9,0,0,9,9,0,0,0,True,False,0
4117,10,0,0,10,10,0,0,0,True,False,0
4118,10,0,0,10,10,0,0,0,True,False,0
4119,7,7,7,7,7,0,0,0,True,False,0
4120,5,0,0,5,5,0,0,0,True,False,0
4121,8,0,0,8,8,0,0,0,True,False,0
4122,8,0,0,8,8,0,0,0,True,False,0
4123,0,118,0,0,0,0,0,0,True,False,0
4124,0,0,0,0,0,0,0,0,True,False,0
4125,91,0,0,91,91,0,0,0,True,False,0
4126,44,0,0,44,44,0,0,0,True,False,0
4127,76,0,0,76,76,0,0,0,True,False,0
4128,11,0,0,11,11,0,0,0,True,False,0
4129,8,0,0,8,8,0,0,0,True,False,0
4130,8,0,0,8,8,0,0,0,True,False,0
4131,7,0,0,7,7,0,0,0,True,False,0
4132,8,0,0,8,8,0,0,0,True,False,0
4133,6,0,0,6,6,0,0,0,True,False,0
4134,7,0,0,7,7,0,0,0,True,False,0
4135,7,0,0,7,7,0,0,0,True,False,0
4136,7,0,0,7,7,0,0,0,True,False,0
4137,8,0,0,8,8,0,0,0,True,False,0
4138,8,0,0,8,8,0,0,0,True,False,0
4139,8,0,0,8,8,0,0,0,True,False,0
4140,7,0,0,7,7,0,0,0,True,False,0
4141,6,0,0,6,6,0,0,0,True,False,0
4142,7,0,0,7,7,0,0,0,True,False,0
4143,6,0,0,6,6,0,0,0,True,False,0
4144,6,0,0,6,6,0,0,0,True,False,0
4145,8,0,0,8,8,0,0,0,True,False,0
4146,7,0,0,7,7,0,0,0,True,False,0
4147,7,0,0,7,7,0,0,0,True,False,0
4148,7,0,0,7,7,0,0,0,True,False,0
4149,12,0,0,12,12,0,0,0,True,False,0
4150,13,0,0,13,13,0,0,0,True,False,0
4151,13,0,0,13,13,0,0,0,True,False,0
4152,13,0,0,13,13,0,0,0,True,False,0
4153,14,0,0,14,14,0,0,0,True,False,0
4154,13,0,0,13,13,0,0,0,True,False,0
4155,14,0,0,14,14,0,0,0,True,False,0
4156,13,0,0,13,13,0,0,0,True,False,0
4157,12,0,0,12,12,0,0,0,True,False,0
4158,6,0,0,6,6,0,0,0,True,False,0
4159,12,0,0,12,12,0,0,0,True,False,0
4160,12,0,0,12,12,0,0,0,True,False,0
4161,12,0,0,12,12,0,0,0,True,False,0
4162,4,0,0,4,4,0,0,0,True,False,0
4163,6,0,0,6,6,0,0,0,True,False,0
4164,4,0,0,4,4,0,0,0,True,False,0
4165,6,0,0,6,6,0,0,0,True,False,0
4166,12,0,0,12,12,0,0,0,True,False,0
4167,11,0,0,11,11,0,0,0,True,False,0
4168,14,0,0,14,14,0,0,0,True,False,0
4169,10,0,0,10,10,0,0,0,True,False,0
4170,10,0,0,10,10,0,0,0,True,False,0
4171,4,0,0,4,4,0,0,0,True,False,0
4172,9,0,0,9,9,0,0,0,True,False,0
4173,1,0,0,1,1,0,0,0,True,True,0
4174,1,0,0,1,1,0,0,0,True,True,0
4175,1,0,0,1,1,0,0,0,True,True,0
4176,11,0,0,11,11,0,0,0,True,False,0
4177,10,0,0,10,10,0,0,0,True,False,0
4178,11,0,0,11,11,0,0,0,True,False,0
4179,10,0,0,10,10,0,0,0,True,False,0
4180,13,0,0,13,13,0,0,0,True,False,0
4181,13,0,0,13,13,0,0,0,True,False,0
4182,10,0,0,10,10,0,0,0,True,False,0
4183,9,0,0,9,9,0,0,0,True,False,0
4184,9,0,0,9,9,0,0,0,True,False,0
4185,7,7,7,7,7,0,0,0,True,False,0
4186,5,0,0,5,5,0,0,0,True,False,0
4187,9,0,0,9,9,0,0,0,True,False,0
4188,7,0,0,7,7,0,0,0,True,False,0
4189,0,117,0,0,0,0,0,0,True,False,0
4190,0,0,0,0,0,0,0,0,True,False,0
4191,94,0,0,94,94,0,0,0,True,False,0
4192,46,0,0,46,46,0,0,0,True,False,0
4193,73,0,0,73,73,0,0,0,True,False,0
4194,8,0,0,8,8,0,0,0,True,False,0
4195,9,0,0,9,9,0,0,0,True,False,0
4196,9,0,0,9,9,0,0,0,True,False,0
4197,8,0,0,8,8,0,0,0,True,False,0
4198,8,0,0,8,8,0,0,0,True,False,0
4199,7,0,0,7,7,0,0,0,True,False,0
4200,8,0,0,8,8,0,0,0,True,False,0
4201,8,0,0,8,8,0,0,0,True,False,0
4202,9,0,0,9,9,0,0,0,True,False,0
4203,8,0,0,8,8,0,0,0,True,False,0
4204,7,0,0,7,7,0,0,0,True,False,0
4205,7,0,0,7,7,0,0,0,True,False,0
4206,6,0,0,6,6,0,0,0,True,False,0
4207,7,0,0,7,7,0,0,0,True,False,0
4208,8,0,0,8,8,0,0,0,True,False,0
4209,9,0,0,9,9,0,0,0,True,False,0
4210,8,0,0,8,8,0,0,0,True,False,0
4211,6,0,0,6,6,0,0,0,True,False,0
4212,7,0,0,7,7,0,0,0,True,False,0
4213,8,0,0,8,8,0,0,0,True,False,0
4214,7,0,0,7,7,0,0,0,True,False,0
4215,15,0,0,15,15,0,0,0,True,False,0
4216,14,0,0,14,14,0,0,0,True,False,0
4217,13,0,0,13,13,0,0,0,True,False,0
4218,15,0,0,15,15,0,0,0,True,False,0
4219,14,0,0,14,14,0,0,0,True,False,0
4220,13,0,0,13,13,0,0,0,True,False,0
4221,13,0,0,13,13,0,0,0,True,False,0
4222,12,0,0,12,12,0,0,0,True,False,0
4223,12,0,0,12,12,0,0,0,True,False,0
4224,6,0,0,6,6,0,0,0,True,False,0
4225,12,0,0,12,12,0,0,0,True,False,0
4226,12,0,0,12,12,0,0,0,True,False,0
4227,12,0,0,12,12,0,0,0,True,False,0
4228,4,0,0,4,4,0,0,0,True,False,0
4229,6,0,0,6,6,0,0,0,True,False,0
4230,4,0,0,4,4,0,0,0,True,False,0
4231,8,0,0,8,8,0,0,0,True,False,0
4232,11,0,0,11,11,0,0,0,True,False,0
4233,9,0,0,9,9,0,0,0,True,False,0
4234,7,0,0,7,7,0,0,0,True,False,0
4235,8,0,0,8,8,0,0,0,True,False,0
4236,8,0,0,8,8,0,0,0,True,False,0
4237,10,0,0,10,10,0,0,0,True,False,0
4238,8,0,0,8,8,0,0,0,True,False,0
4239,1,0,0,1,1,0,0,0,True,True,0
4240,1,0,0,1,1,0,0,0,True,True,0
4241,8,0,0,8,8,0,0,0,True,False,0
4242,9,0,0,9,9,0,0,0,True,False,0
4243,8,0,0,8,8,0,0,0,True,False,0
4244,11,0,0,11,11,0,0,0,True,False,0
4245,7,0,0,7,7,0,0,0,True,False,0
4246,9,0,0,9,9,0,0,0,True,False,0
4247,9,0,0,9,9,0,0,0,True,False,0
4248,12,0,0,12,12,0,0,0,True,False,0
4249,8,0,0,8,8,0,0,0,True,False,0
4250,7,7,7,7,7,0,0,0,True,False,0
4251,5,0,0,5,5,0,0,0,True,False,0
4252,8,0,0,8,8,0,0,0,True,False,0
4253,8,0,0,8,8,0,0,0,True,False,0
4254,0,109,0,0,0,0,0,0,True,False,0
4255,0,0,0,0,0,0,0,0,True,False,0
4256,87,0,0,87,87,0,0,0,True,False,0
4257,46,0,0,46,46,0,0,0,True,False,0
4258,67,0,0,67,67,0,0,0,True,False,0
4259,9,0,0,9,9,0,0,0,True,False,0
4260,7,0,0,7,7,0,0,0,True,False,0
4261,8,0,0,8,8,0,0,0,True,False,0
4262,7,0,0,7,7,0,0,0,True,False,0
4263,8,0,0,8,8,0,0,0,True,False,0
4264,6,0,0,6,6,0,0,0,True,False,0
4265,8,0,0,8,8,0,0,0,True,False,0
4266,6,0,0,6,6,0,0,0,True,False,0
4267,5,0,0,5,5,0,0,0,True,False,0
4268,7,0,0,7,7,0,0,0,True,False,0
4269,6,0,0,6,6,0,0,0,True,False,0
4270,7,0,0,7,7,0,0,0,True,False,0
4271,7,0,0,7,7,0,0,0,True,False,0
4272,5,0,0,5,5,0,0,0,True,False,0
4273,6,0,0,6,6,0,0,0,True,False,0
4274,9,0,0,9,9,0,0,0,True,False,0
4275,6,0,0,6,6,0,0,0,True,False,0
4276,5,0,0,5,5,0,0,0,True,False,0
4277,6,0,0,6,6,0,0,0,True,False,0
4278,7,0,0,7,7,0,0,0,True,False,0
4279,6,0,0,6,6,0,0,0,True,False,0
4280,14,0,0,14,14,0,0,0,True,False,0
4281,13,0,0,13,13,0,0,0,True,False,0
4282,12,0,0,12,12,0,0,0,True,False,0
4283,11,0,0,11,11,0,0,0,True,False,0
4284,10,0,0,10,10,0,0,0,True,False,0
4285,13,0,0,13,13,0,0,0,True,False,0
4286,12,0,0,12,12,0,0,0,True,False,0
4287,12,0,0,12,12,0,0,0,True,False,0
4288,11,0,0,11,11,0,0,0,True,False,0
4289,5,0,0,5,5,0,0,0,True,False,0
4290,10,0,0,10,10,0,0,0,True,False,0
4291,11,0,0,11,11,0,0,0,True,False,0
4292,11,0,0,11,11,0,0,0,True,False,0
4293,4,0,0,4,4,0,0,0,True,False,0
4294,6,0,0,6,6,0,0,0,True,False,0
4295,3,0,0,3,3,0,0,0,True,False,0
4296,11,0,0,11,11,0,0,0,True,False,0
4297,9,0,0,9,9,0,0,0,True,False,0
4298,14,0,0,14,14,0,0,0,True,False,0
4299,6,0,0,6,6,0,0,0,True,False,0
4300,4,0,0,4,4,0,0,0,True,False,0
4301,10,0,0,10,10,0,0,0,True,False,0
4302,19,0,0,19,19,0,0,0,True,False,0
4303,8,0,0,8,8,0,0,0,True,False,0
4304,1,0,0,1,1,0,0,0,True,True,0
4305,1,0,0,1,1,0,0,0,True,True,0
4306,1,0,0,1,1,0,0,0,True,True,0
4307,6,0,0,6,6,0,0,0,True,False,0
4308,5,0,0,5,5,0,0,0,True,False,0
4309,1,0,0,1,1,0,0,0,True,True,0
4310,6,0,0,6,6,0,0,0,True,False,0
4311,2,0,0,2,2,0,0,0,False,True,0
4312,2,0,0,2,2,0,0,0,False,True,0
4313,2,0,0,2,2,0,0,0,False,True,0
4314,2,0,0,2,2,0,0,0,False,True,0
4315,2,0,0,2,2,0,0,0,False,True,0
4316,2,0,0,2,2,0,0,0,False,True,0
4317,2,0,0,2,2,0,0,0,False,True,0
4318,2,0,0,2,2,0,0,0,False,True,0
4319,2,0,0,2,2,0,0,0,False,True,0
4320,2,1,1,2,2,0,0,0,False,True,0
4321,2,0,0,2,2,0,0,0,False,True,0
4322,2,0,0,2,2,0,0,0,False,True,0
4323,2,0,0,2,2,0,0,0,False,True,0
4324,5,4,4,5,5,0,0,0,False,False,0
4325,33,0,0,33,33,0,0,0,False,False,0
4326,4,0,0,4,4,0,0,0,False,False,0
4327,3,0,0,3,3,0,0,0,False,False,0
4328,4,0,0,4,4,0,0,0,False,False,0
4329,2,0,0,2,2,0,0,0,False,True,0
4330,2,0,0,2,2,0,0,0,False,True,0
4331,2,0,0,2,2,0,0,0,False,True,0
4332,2,0,0,2,2,0,0,0,False,True,0
4333,2,0,0,2,2,0,0,0,False,True,0
4334,1,0,0,1,1,0,0,0,False,True,0
4335,1,0,0,1,1,0,0,0,False,True,0
4336,1,0,0,1,1,0,0,0,False,True,0
4337,1,0,0,1,1,0,0,0,False,True,0
4338,2,1,1,2,2,0,0,0,False,True,0
4339,1,0,0,1,1,0,0,0,False,True,0
4340,1,0,0,1,1,0,0,0,False,True,0
4341,2,1,1,2,2,0,0,0,False,True,0
4342,2,0,0,2,2,0,0,0,False,True,0
4343,2,0,0,2,2,0,0,0,False,True,0
4344,2,0,0,2,2,0,0,0,False,True,0
4345,2,0,0,2,2,0,0,0,False,True,0
4346,2,0,0,2,2,0,0,0,False,True,0
4347,2,0,0,2,2,0,0,0,False,True,0
4348,2,0,0,2,2,0,0,0,False,True,0
4349,2,0,0,2,2,0,0,0,False,True,0
4350,2,0,0,2,2,0,0,0,False,True,0
4351,2,0,0,2,2,0,0,0,False,True,0
4352,2,0,0,2,2,0,0,0,False,True,0
4353,2,0,0,2,2,0,0,0,False,True,0
4354,2,0,0,2,2,0,0,0,False,True,0
4355,2,0,0,2,2,0,0,0,False,True,0
4356,2,0,0,2,2,0,0,0,False,True,0
4357,2,0,0,2,2,0,0,0,False,True,0
4358,2,0,0,2,2,0,0,0,False,True,0
4359,2,0,0,2,2,0,0,0,False,True,0
4360,2,0,0,2,2,0,0,0,False,True,0
4361,2,0,0,2,2,0,0,0,False,True,0
4362,2,0,0,2,2,0,0,0,False,True,0
4363,2,0,0,2,2,0,0,0,False,True,0
4364,2,0,0,2,2,0,0,0,False,True,0
4365,2,0,0,2,2,0,0,0,False,True,0
4366,2,0,0,2,2,0,0,0,False,True,0
4367,2,0,0,2,2,0,0,0,False,True,0
4368,2,0,0,2,2,0,0,0,False,True,0
4369,2,0,0,2,2,0,0,0,False,True,0
4370,2,0,0,2,2,0,0,0,False,True,0
4371,2,0,0,2,2,0,0,0,False,True,0
4372,2,0,0,2,2,0,0,0,False,True,0
4373,2,0,0,2,2,0,0,0,False,True,0
4374,1,0,0,1,1,0,0,0,False,True,0
4375,2,0,0,2,2,0,0,0,False,True,0
4376,1,0,0,1,1,0,0,0,False,True,0
4377,1,0,0,1,1,0,0,0,False,True,0
4378,1,0,0,1,1,0,0,0,False,True,0
4379,1,0,0,1,1,0,0,0,False,True,0
4380,1,0,0,1,1,0,0,0,False,True,0
4381,1,0,0,1,1,0,0,0,False,True,0
4382,1,0,0,1,1,0,0,0,False,True,0
4383,2,0,0,2,2,0,0,0,False,True,0
4384,2,0,0,2,2,0,0,0,False,True,0
4385,2,0,0,2,2,0,0,0,False,True,0
4386,1,0,0,1,1,0,0,0,False,True,0
4387,2,0,0,2,2,0,0,0,False,True,0
4388,1,0,0,1,1,0,0,0,False,True,0
4389,2,0,0,2,2,0,0,0,False,True,0
4390,10,0,0,10,10,0,0,0,True,False,0
4391,11,0,0,11,11,0,0,0,True,False,0
4392,10,0,0,10,10,0,0,0,True,False,0
4393,10,0,0,10,10,0,0,0,True,False,0
4394,9,0,0,9,9,0,0,0,True,False,0
4395,11,0,0,11,11,0,0,0,True,False,0
4396,9,0,0,9,9,0,0,0,True,False,0
4397,12,0,0,12,12,0,0,0,True,False,0
4398,13,0,0,13,13,0,0,0,True,False,0
4399,7,7,7,7,7,0,0,0,True,False,0
4400,5,0,0,5,5,0,0,0,True,False,0
4401,8,0,0,8,8,0,0,0,True,False,0
4402,9,0,0,9,9,0,0,0,True,False,0
4403,6,118,6,6,6,0,0,0,True,False,0
4404,167,0,0,167,167,0,0,0,True,False,0
4405,90,0,0,90,90,0,0,0,True,False,0
4406,48,0,0,48,48,0,0,0,True,False,0
4407,75,0,0,75,75,0,0,0,True,False,0
4408,11,0,0,11,11,0,0,0,True,False,0
4409,10,0,0,10,10,0,0,0,True,False,0
4410,9,0,0,9,9,0,0,0,True,False,0
4411,11,0,0,11,11,0,0,0,True,False,0
4412,11,0,0,11,11,0,0,0,True,False,0
4413,7,3,3,7,7,0,0,0,True,False,0
4414,8,3,3,8,8,0,0,0,True,False,0
4415,8,3,3,8,8,0,0,0,True,False,0
4416,7,3,3,7,7,0,0,0,True,False,0
4417,7,3,3,7,7,0,0,0,True,False,0
4418,7,4,4,7,7,0,0,0,True,False,0
4419,8,3,3,8,8,0,0,0,True,False,0
4420,6,3,3,6,6,0,0,0,True,False,0
4421,7,0,0,7,7,0,0,0,True,False,0
4422,7,0,0,7,7,0,0,0,True,False,0
4423,7,0,0,7,7,0,0,0,True,False,0
4424,6,0,0,6,6,0,0,0,True,False,0
4425,7,0,0,7,7,0,0,0,True,False,0
4426,8,0,0,8,8,0,0,0,True,False,0
4427,8,0,0,8,8,0,0,0,True,False,0
4428,6,0,0,6,6,0,0,0,True,False,0
4429,13,0,0,13,13,0,0,0,True,False,0
4430,14,0,0,14,14,0,0,0,True,False,0
4431,12,0,0,12,12,0,0,0,True,False,0
4432,15,0,0,15,15,0,0,0,True,False,0
4433,14,0,0,14,14,0,0,0,True,False,0
4434,13,0,0,13,13,0,0,0,True,False,0
4435,13,0,0,13,13,0,0,0,True,False,0
4436,12,0,0,12,12,0,0,0,True,False,0
4437,6,0,0,6,6,0,0,0,True,False,0
4438,4,0,0,4,4,0,0,0,True,False,0
4439,4,0,0,4,4,0,0,0,True,False,0
4440,6,0,0,6,6,0,0,0,True,False,0
4441,4,0,0,4,4,0,0,0,True,False,0
4442,4,0,0,4,4,0,0,0,True,False,0
4443,4,0,0,4,4,0,0,0,True,False,0
4444,6,0,0,6,6,0,0,0,True,False,0
4445,15,0,0,15,15,0,0,0,True,False,0
4446,11,0,0,11,11,0,0,0,True,False,0
4447,9,0,0,9,9,0,0,0,True,False,0
4448,12,0,0,12,12,0,0,0,True,False,0
4449,6,0,0,6,6,0,0,0,True,False,0
4450,4,0,0,4,4,0,0,0,True,False,0
4451,11,0,0,11,11,0,0,0,True,False,0
4452,8,0,0,8,8,0,0,0,True,False,0
4453,1,0,0,1,1,0,0,0,True,True,0
4454,1,0,0,1,1,0,0,0,True,True,0
4455,1,0,0,1,1,0,0,0,True,True,0
4456,1,0,0,1,1,0,0,0,True,True,0
4457,1,0,0,1,1,0,0,0,True,True,0
4458,1,0,0,1,1,0,0,0,True,True,0
4459,1,0,0,1,1,0,0,0,True,True,0
4460,1,0,0,1,1,0,0,0,True,True,0
4461,1,0,0,1,1,0,0,0,True,True,0
4462,1,0,0,1,1,0,0,0,True,True,0
4463,11,0,0,11,11,0,0,0,True,False,0
4464,12,0,0,12,12,0,0,0,True,False,0
4465,8,0,0,8,8,0,0,0,True,False,0
4466,10,0,0,10,10,0,0,0,True,False,0
4467,9,0,0,9,9,0,0,0,True,False,0
4468,10,0,0,10,10,0,0,0,True,False,0
4469,13,0,0,13,13,0,0,0,True,False,0
4470,9,0,0,9,9,0,0,0,True,False,0
4471,10,0,0,10,10,0,0,0,True,False,0
4472,8,8,8,8,8,0,0,0,True,False,0
4473,5,0,0,5,5,0,0,0,True,False,0
4474,11,0,0,11,11,0,0,0,True,False,0
4475,12,0,0,12,12,0,0,0,True,False,0
4476,0,120,0,0,0,0,0,0,True,False,0
4477,0,0,0,0,0,0,0,0,True,False,0
4478,92,0,0,92,92,0,0,0,True,False,0
4479,50,0,0,50,50,0,0,0,True,False,0
4480,75,0,0,75,75,0,0,0,True,False,0
4481,9,0,0,9,9,0,0,0,True,False,0
4482,12,0,0,12,12,0,0,0,True,False,0
4483,8,0,0,8,8,0,0,0,True,False,0
4484,13,0,0,13,13,0,0,0,True,False,0
4485,10,0,0,10,10,0,0,0,True,False,0
4486,8,0,0,8,8,0,0,0,True,False,0
4487,9,0,0,9,9,0,0,0,True,False,0
4488,8,0,0,8,8,0,0,0,True,False,0
4489,7,0,0,7,7,0,0,0,True,False,0
4490,8,0,0,8,8,0,0,0,True,False,0
4491,8,0,0,8,8,0,0,0,True,False,0
4492,6,0,0,6,6,0,0,0,True,False,0
4493,8,0,0,8,8,0,0,0,True,False,0
4494,9,0,0,9,9,0,0,0,True,False,0
4495,7,0,0,7,7,0,0,0,True,False,0
4496,7,0,0,7,7,0,0,0,True,False,0
4497,5,0,0,5,5,0,0,0,True,False,0
4498,8,0,0,8,8,0,0,0,True,False,0
4499,8,0,0,8,8,0,0,0,True,False,0
4500,6,0,0,6,6,0,0,0,True,False,0
4501,6,0,0,6,6,0,0,0,True,False,0
4502,13,0,0,13,13,0,0,0,True,False,0
4503,13,0,0,13,13,0,0,0,True,False,0
4504,14,0,0,14,14,0,0,0,True,False,0
4505,11,0,0,11,11,0,0,0,True,False,0
4506,14,0,0,14,14,0,0,0,True,False,0
4507,15,0,0,15,15,0,0,0,True,False,0
4508,14,0,0,14,14,0,0,0,True,False,0
4509,14,0,0,14,14,0,0,0,True,False,0
4510,6,0,0,6,6,0,0,0,True,False,0
4511,4,0,0,4,4,0,0,0,True,False,0
4512,4,0,0,4,4,0,0,0,True,False,0
4513,6,0,0,6,6,0,0,0,True,False,0
4514,4,0,0,4,4,0,0,0,True,False,0
4515,4,0,0,4,4,0,0,0,True,False,0
4516,4,0,0,4,4,0,0,0,True,False,0
4517,6,0,0,6,6,0,0,0,True,False,0
4518,14,0,0,14,14,0,0,0,True,False,0
4519,6,0,0,6,6,0,0,0,True,False,0
4520,13,0,0,13,13,0,0,0,True,False,0
4521,15,0,0,15,15,0,0,0,True,False,0
4522,9,0,0,9,9,0,0,0,True,False,0
4523,9,0,0,9,9,0,0,0,True,False,0
4524,11,0,0,11,11,0,0,0,True,False,0
4525,10,0,0,10,10,0,0,0,True,False,0
4526,11,0,0,11,11,0,0,0,True,False,0
4527,12,0,0,12,12,0,0,0,True,False,0
4528,13,0,0,13,13,0,0,0,True,False,0
4529,9,0,0,9,9,0,0,0,True,False,0
4530,12,0,0,12,12,0,0,0,True,False,0
4531,10,0,0,10,10,0,0,0,True,False,0
4532,10,0,0,10,10,0,0,0,True,False,0
4533,11,0,0,11,11,0,0,0,True,False,0
4534,10,0,0,10,10,0,0,0,True,False,0
4535,7,7,7,7,7,0,0,0,True,False,0
4536,5,0,0,5,5,0,0,0,True,False,0
4537,12,0,0,12,12,0,0,0,True,False,0
4538,11,0,0,11,11,0,0,0,True,False,0
4539,0,118,0,0,0,0,0,0,True,False,0
4540,0,0,0,0,0,0,0,0,True,False,0
4541,95,0,0,95,95,0,0,0,True,False,0
4542,48,0,0,48,48,0,0,0,True,False,0
4543,73,0,0,73,73,0,0,0,True,False,0
4544,8,0,0,8,8,0,0,0,True,False,0
4545,12,0,0,12,12,0,0,0,True,False,0
4546,12,0,0,12,12,0,0,0,True,False,0
4547,10,0,0,10,10,0,0,0,True,False,0
4548,10,0,0,10,10,0,0,0,True,False,0
4549,7,0,0,7,7,0,0,0,True,False,0
4550,6,0,0,6,6,0,0,0,True,False,0
4551,8,0,0,8,8,0,0,0,True,False,0
4552,9,0,0,9,9,0,0,0,True,False,0
4553,6,0,0,6,6,0,0,0,True,False,0
4554,6,0,0,6,6,0,0,0,True,False,0
4555,10,0,0,10,10,0,0,0,True,False,0
4556,8,0,0,8,8,0,0,0,True,False,0
4557,8,0,0,8,8,0,0,0,True,False,0
4558,7,0,0,7,7,0,0,0,True,False,0
4559,5,0,0,5,5,0,0,0,True,False,0
4560,7,0,0,7,7,0,0,0,True,False,0
4561,5,0,0,5,5,0,0,0,True,False,0
4562,6,0,0,6,6,0,0,0,True,False,0
4563,5,0,0,5,5,0,0,0,True,False,0
4564,7,0,0,7,7,0,0,0,True,False,0
4565,15,0,0,15,15,0,0,0,True,False,0
4566,12,0,0,12,12,0,0,0,True,False,0
4567,14,0,0,14,14,0,0,0,True,False,0
4568,14,0,0,14,14,0,0,0,True,False,0
4569,12,0,0,12,12,0,0,0,True,False,0
4570,13,0,0,13,13,0,0,0,True,False,0
4571,13,0,0,13,13,0,0,0,True,False,0
4572,15,0,0,15,15,0,0,0,True,False,0
4573,6,0,0,6,6,0,0,0,True,False,0
4574,4,0,0,4,4,0,0,0,True,False,0
4575,4,0,0,4,4,0,0,0,True,False,0
4576,6,0,0,6,6,0,0,0,True,False,0
4577,4,0,0,4,4,0,0,0,True,False,0
4578,4,0,0,4,4,0,0,0,True,False,0
4579,4,0,0,4,4,0,0,0,True,False,0
4580,6,0,0,6,6,0,0,0,True,False,0
4581,11,0,0,11,11,0,0,0,True,False,0
4582,13,0,0,13,13,0,0,0,True,False,0
4583,12,0,0,12,12,0,0,0,True,False,0
4584,8,0,0,8,8,0,0,0,True,False,0
4585,13,0,0,13,13,0,0,0,True,False,0
4586,11,0,0,11,11,0,0,0,True,False,0
4587,9,0,0,9,9,0,0,0,True,False,0
4588,14,0,0,14,14,0,0,0,True,False,0
4589,9,0,0,9,9,0,0,0,True,False,0
4590,8,0,0,8,8,0,0,0,True,False,0
4591,11,0,0,11,11,0,0,0,True,False,0
4592,9,0,0,9,9,0,0,0,True,False,0
4593,11,0,0,11,11,0,0,0,True,False,0
4594,11,0,0,11,11,0,0,0,True,False,0
4595,11,0,0,11,11,0,0,0,True,False,0
4596,11,0,0,11,11,0,0,0,True,False,0
4597,11,0,0,11,11,0,0,0,True,False,0
4598,8,8,8,8,8,0,0,0,True,False,0
4599,5,0,0,5,5,0,0,0,True,False,0
4600,11,0,0,11,11,0,0,0,True,False,0
4601,11,0,0,11,11,0,0,0,True,False,0
4602,0,119,0,0,0,0,0,0,True,False,0
4603,0,0,0,0,0,0,0,0,True,False,0
4604,92,0,0,92,92,0,0,0,True,False,0
4605,49,0,0,49,49,0,0,0,True,False,0
4606,75,0,0,75,75,0,0,0,True,False,0
4607,10,0,0,10,10,0,0,0,True,False,0
4608,13,0,0,13,13,0,0,0,True,False,0
4609,9,0,0,9,9,0,0,0,True,False,0
4610,11,0,0,11,11,0,0,0,True,False,0
4611,9,0,0,9,9,0,0,0,True,False,0
4612,7,0,0,7,7,0,0,0,True,False,0
4613,7,0,0,7,7,0,0,0,True,False,0
4614,7,0,0,7,7,0,0,0,True,False,0
4615,7,0,0,7,7,0,0,0,True,False,0
4616,6,0,0,6,6,0,0,0,True,False,0
4617,8,0,0,8,8,0,0,0,True,False,0
4618,7,0,0,7,7,0,0,0,True,False,0
4619,7,0,0,7,7,0,0,0,True,False,0
4620,6,0,0,6,6,0,0,0,True,False,0
4621,7,0,0,7,7,0,0,0,True,False,0
4622,6,0,0,6,6,0,0,0,True,False,0
4623,8,0,0,8,8,0,0,0,True,False,0
4624,10,0,0,10,10,0,0,0,True,False,0
4625,8,0,0,8,8,0,0,0,True,False,0
4626,6,0,0,6,6,0,0,0,True,False,0
4627,9,0,0,9,9,0,0,0,True,False,0
4628,12,0,0,12,12,0,0,0,True,False,0
4629,13,0,0,13,13,0,0,0,True,False,0
4630,11,0,0,11,11,0,0,0,True,False,0
4631,15,0,0,15,15,0,0,0,True,False,0
4632,13,0,0,13,13,0,0,0,True,False,0
4633,11,0,0,11,11,0,0,0,True,False,0
4634,12,0,0,12,12,0,0,0,True,False,0
4635,15,0,0,15,15,0,0,0,True,False,0
4636,6,0,0,6,6,0,0,0,True,False,0
4637,4,0,0,4,4,0,0,0,True,False,0
4638,4,0,0,4,4,0,0,0,True,False,0
4639,6,0,0,6,6,0,0,0,True,False,0
4640,4,0,0,4,4,0,0,0,True,False,0
4641,4,0,0,4,4,0,0,0,True,False,0
4642,4,0,0,4,4,0,0,0,True,False,0
4643,6,0,0,6,6,0,0,0,True,False,0
4644,14,0,0,14,14,0,0,0,True,False,0
4645,10,0,0,10,10,0,0,0,True,False,0
4646,15,0,0,15,15,0,0,0,True,False,0
4647,9,0,0,9,9,0,0,0,True,False,0
4648,9,0,0,9,9,0,0,0,True,False,0
4649,12,0,0,12,12,0,0,0,True,False,0
4650,9,0,0,9,9,0,0,0,True,False,0
4651,4,0,0,4,4,0,0,0,True,False,0
4652,11,0,0,11,11,0,0,0,True,False,0
4653,13,0,0,13,13,0,0,0,True,False,0
4654,12,0,0,12,12,0,0,0,True,False,0
4655,12,0,0,12,12,0,0,0,True,False,0
4656,10,0,0,10,10,0,0,0,True,False,0
4657,10,0,0,10,10,0,0,0,True,False,0
4658,9,0,0,9,9,0,0,0,True,False,0
4659,11,0,0,11,11,0,0,0,True,False,0
4660,9,1,1,9,9,0,0,0,True,False,0
4661,7,7,7,7,7,0,0,0,True,False,0
4662,5,0,0,5,5,0,0,0,True,False,0
4663,11,1,1,11,11,0,0,0,True,False,0
4664,10,1,1,10,10,0,0,0,True,False,0
4665,0,117,0,0,0,0,0,0,True,False,0
4666,0,0,0,0,0,0,0,0,True,False,0
4667,95,0,0,95,95,0,0,0,True,False,0
4668,45,0,0,45,45,0,0,0,True,False,0
4669,71,0,0,71,71,0,0,0,True,False,0
4670,10,1,1,10,10,0,0,0,True,False,0
4671,9,1,1,9,9,0,0,0,True,False,0
4672,11,1,1,11,11,0,0,0,True,False,0
4673,10,1,1,10,10,0,0,0,True,False,0
4674,11,1,1,11,11,0,0,0,True,False,0
4675,8,0,0,8,8,0,0,0,True,False,0
4676,7,0,0,7,7,0,0,0,True,False,0
4677,7,0,0,7,7,0,0,0,True,False,0
4678,9,0,0,9,9,0,0,0,True,False,0
4679,8,0,0,8,8,0,0,0,True,False,0
4680,7,0,0,7,7,0,0,0,True,False,0
4681,7,0,0,7,7,0,0,0,True,False,0
4682,8,0,0,8,8,0,0,0,True,False,0
4683,7,0,0,7,7,0,0,0,True,False,0
4684,9,0,0,9,9,0,0,0,True,False,0
4685,8,0,0,8,8,0,0,0,True,False,0
4686,6,0,0,6,6,0,0,0,True,False,0
4687,7,0,0,7,7,0,0,0,True,False,0
4688,6,0,0,6,6,0,0,0,True,False,0
4689,6,0,0,6,6,0,0,0,True,False,0
4690,8,0,0,8,8,0,0,0,True,False,0
4691,15,0,0,15,15,0,0,0,True,False,0
4692,15,0,0,15,15,0,0,0,True,False,0
4693,14,0,0,14,14,0,0,0,True,False,0
4694,15,0,0,15,15,0,0,0,True,False,0
4695,12,0,0,12,12,0,0,0,True,False,0
4696,13,0,0,13,13,0,0,0,True,False,0
4697,14,0,0,14,14,0,0,0,True,False,0
4698,16,0,0,16,16,0,0,0,True,False,0
4699,6,0,0,6,6,0,0,0,True,False,0
4700,4,0,0,4,4,0,0,0,True,False,0
4701,4,0,0,4,4,0,0,0,True,False,0
4702,6,0,0,6,6,0,0,0,True,False,0
4703,4,0,0,4,4,0,0,0,True,False,0
4704,4,0,0,4,4,0,0,0,True,False,0
4705,4,0,0,4,4,0,0,0,True,False,0
4706,6,0,0,6,6,0,0,0,True,False,0
4707,8,0,0,8,8,0,0,0,True,False,0
4708,8,0,0,8,8,0,0,0,True,False,0
4709,12,0,0,12,12,0,0,0,True,False,0
4710,12,0,0,12,12,0,0,0,True,False,0
4711,10,0,0,10,10,0,0,0,True,False,0
4712,6,0,0,6,6,0,0,0,True,False,0
4713,11,0,0,11,11,0,0,0,True,False,0
4714,6,0,0,6,6,0,0,0,True,False,0
4715,12,0,0,12,12,0,0,0,True,False,0
4716,10,0,0,10,10,0,0,0,True,False,0
4717,10,0,0,10,10,0,0,0,True,False,0
4718,10,0,0,10,10,0,0,0,True,False,0
4719,11,0,0,11,11,0,0,0,True,False,0
4720,8,0,0,8,8,0,0,0,True,False,0
4721,10,0,0,10,10,0,0,0,True,False,0
4722,11,0,0,11,11,0,0,0,True,False,0
4723,9,0,0,9,9,0,0,0,True,False,0
4724,8,8,8,8,8,0,0,0,True,False,0
4725,5,0,0,5,5,0,0,0,True,False,0
4726,8,0,0,8,8,0,0,0,True,False,0
4727,10,0,0,10,10,0,0,0,True,False,0
4728,10,123,10,10,10,0,0,0,True,False,0
4729,200,0,0,200,200,0,0,0,True,False,0
4730,86,0,0,86,86,0,0,0,True,False,0
4731,47,0,0,47,47,0,0,0,True,False,0
4732,78,0,0,78,78,0,0,0,True,False,0
4733,8,0,0,8,8,0,0,0,True,False,0
4734,7,0,0,7,7,0,0,0,True,False,0
4735,10,0,0,10,10,0,0,0,True,False,0
4736,9,0,0,9,9,0,0,0,True,False,0
4737,9,0,0,9,9,0,0,0,True,False,0
4738,9,0,0,9,9,0,0,0,True,False,0
4739,7,0,0,7,7,0,0,0,True,False,0
4740,6,0,0,6,6,0,0,0,True,False,0
4741,7,0,0,7,7,0,0,0,True,False,0
4742,7,0,0,7,7,0,0,0,True,False,0
4743,7,0,0,7,7,0,0,0,True,False,0
4744,7,0,0,7,7,0,0,0,True,False,0
4745,7,0,0,7,7,0,0,0,True,False,0
4746,6,0,0,6,6,0,0,0,True,False,0
4747,8,0,0,8,8,0,0,0,True,False,0
4748,7,0,0,7,7,0,0,0,True,False,0
4749,7,0,0,7,7,0,0,0,True,False,0
4750,8,0,0,8,8,0,0,0,True,False,0
4751,7,0,0,7,7,0,0,0,True,False,0
4752,8,0,0,8,8,0,0,0,True,False,0
4753,5,0,0,5,5,0,0,0,True,False,0
4754,13,0,0,13,13,0,0,0,True,False,0
4755,12,0,0,12,12,0,0,0,True,False,0
4756,12,0,0,12,12,0,0,0,True,False,0
4757,15,0,0,15,15,0,0,0,True,False,0
4758,14,0,0,14,14,0,0,0,True,False,0
4759,14,0,0,14,14,0,0,0,True,False,0
4760,12,0,0,12,12,0,0,0,True,False,0
4761,15,0,0,15,15,0,0,0,True,False,0
4762,6,0,0,6,6,0,0,0,True,False,0
4763,4,0,0,4,4,0,0,0,True,False,0
4764,4,0,0,4,4,0,0,0,True,False,0
4765,6,0,0,6,6,0,0,0,True,False,0
4766,4,0,0,4,4,0,0,0,True,False,0
4767,4,0,0,4,4,0,0,0,True,False,0
4768,4,0,0,4,4,0,0,0,True,False,0
4769,6,0,0,6,6,0,0,0,True,False,0
4770,12,0,0,12,12,0,0,0,True,False,0
4771,11,0,0,11,11,0,0,0,True,False,0
4772,15,0,0,15,15,0,0,0,True,False,0
4773,7,0,0,7,7,0,0,0,True,False,0
4774,12,0,0,12,12,0,0,0,True,False,0
4775,14,0,0,14,14,0,0,0,True,False,0
4776,12,0,0,12,12,0,0,0,True,False,0
4777,12,0,0,12,12,0,0,0,True,False,0
4778,10,0,0,10,10,0,0,0,True,False,0
4779,8,0,0,8,8,0,0,0,True,False,0
4780,10,0,0,10,10,0,0,0,True,False,0
4781,10,0,0,10,10,0,0,0,True,False,0
4782,10,0,0,10,10,0,0,0,True,False,0
4783,11,0,0,11,11,0,0,0,True,False,0
4784,9,0,0,9,9,0,0,0,True,False,0
4785,12,0,0,12,12,0,0,0,True,False,0
4786,8,0,0,8,8,0,0,0,True,False,0
4787,7,7,7,7,7,0,0,0,True,False,0
4788,5,0,0,5,5,0,0,0,True,False,0
4789,9,0,0,9,9,0,0,0,True,False,0
4790,7,0,0,7,7,0,0,0,True,False,0
4791,0,120,0,0,0,0,0,0,True,False,0
4792,0,0,0,0,0,0,0,0,True,False,0
4793,89,0,0,89,89,0,0,0,True,False,0
4794,48,0,0,48,48,0,0,0,True,False,0
4795,76,0,0,76,76,0,0,0,True,False,0
4796,7,0,0,7,7,0,0,0,True,False,0
4797,10,0,0,10,10,0,0,0,True,False,0
4798,7,0,0,7,7,0,0,0,True,False,0
4799,9,0,0,9,9,0,0,0,True,False,0
4800,10,0,0,10,10,0,0,0,True,False,0
4801,9,0,0,9,9,0,0,0,True,False,0
4802,7,0,0,7,7,0,0,0,True,False,0
4803,7,0,0,7,7,0,0,0,True,False,0
4804,7,0,0,7,7,0,0,0,True,False,0
4805,8,0,0,8,8,0,0,0,True,False,0
4806,6,0,0,6,6,0,0,0,True,False,0
4807,7,0,0,7,7,0,0,0,True,False,0
4808,6,0,0,6,6,0,0,0,True,False,0
4809,7,0,0,7,7,0,0,0,True,False,0
4810,6,0,0,6,6,0,0,0,True,False,0
4811,7,0,0,7,7,0,0,0,True,False,0
4812,7,0,0,7,7,0,0,0,True,False,0
4813,7,0,0,7,7,0,0,0,True,False,0
4814,8,0,0,8,8,0,0,0,True,False,0
4815,8,0,0,8,8,0,0,0,True,False,0
4816,8,0,0,8,8,0,0,0,True,False,0
4817,13,0,0,13,13,0,0,0,True,False,0
4818,13,0,0,13,13,0,0,0,True,False,0
4819,14,0,0,14,14,0,0,0,True,False,0
4820,12,0,0,12,12,0,0,0,True,False,0
4821,12,0,0,12,12,0,0,0,True,False,0
4822,14,0,0,14,14,0,0,0,True,False,0
4823,15,0,0,15,15,0,0,0,True,False,0
4824,13,0,0,13,13,0,0,0,True,False,0
4825,6,0,0,6,6,0,0,0,True,False,0
4826,4,0,0,4,4,0,0,0,True,False,0
4827,4,0,0,4,4,0,0,0,True,False,0
4828,6,0,0,6,6,0,0,0,True,False,0
4829,4,0,0,4,4,0,0,0,True,False,0
4830,4,0,0,4,4,0,0,0,True,False,0
4831,4,0,0,4,4,0,0,0,True,False,0
4832,6,0,0,6,6,0,0,0,True,False,0
4833,8,0,0,8,8,0,0,0,True,False,0
4834,8,0,0,8,8,0,0,0,True,False,0
4835,7,0,0,7,7,0,0,0,True,False,0
4836,10,0,0,10,10,0,0,0,True,False,0
4837,7,0,0,7,7,0,0,0,True,False,0
4838,16,0,0,16,16,0,0,0,True,False,0
4839,7,0,0,7,7,0,0,0,True,False,0
4840,13,0,0,13,13,0,0,0,True,False,0
4841,11,0,0,11,11,0,0,0,True,False,0
4842,10,0,0,10,10,0,0,0,True,False,0
4843,10,0,0,10,10,0,0,0,True,False,0
4844,10,0,0,10,10,0,0,0,True,False,0
4845,11,0,0,11,11,0,0,0,True,False,0
4846,11,0,0,11,11,0,0,0,True,False,0
4847,9,0,0,9,9,0,0,0,True,False,0
4848,11,0,0,11,11,0,0,0,True,False,0
4849,8,0,0,8,8,0,0,0,True,False,0
4850,8,8,8,8,8,0,0,0,True,False,0
4851,5,0,0,5,5,0,0,0,True,False,0
4852,9,0,0,9,9,0,0,0,True,False,0
4853,10,0,0,10,10,0,0,0,True,False,0
4854,0,116,0,0,0,0,0,0,True,False,0
4855,0,0,0,0,0,0,0,0,True,False,0
4856,92,0,0,92,92,0,0,0,True,False,0
4857,50,0,0,50,50,0,0,0,True,False,0
4858,76,0,0,76,76,0,0,0,True,False,0
4859,9,0,0,9,9,0,0,0,True,False,0
4860,8,0,0,8,8,0,0,0,True,False,0
4861,9,0,0,9,9,0,0,0,True,False,0
4862,8,0,0,8,8,0,0,0,True,False,0
4863,8,0,0,8,8,0,0,0,True,False,0
4864,8,0,0,8,8,0,0,0,True,False,0
4865,8,0,0,8,8,0,0,0,True,False,0
4866,8,0,0,8,8,0,0,0,True,False,0
4867,10,0,0,10,10,0,0,0,True,False,0
4868,7,0,0,7,7,0,0,0,True,False,0
4869,8,0,0,8,8,0,0,0,True,False,0
4870,8,0,0,8,8,0,0,0,True,False,0
4871,7,0,0,7,7,0,0,0,True,False,0
4872,8,0,0,8,8,0,0,0,True,False,0
4873,7,0,0,7,7,0,0,0,True,False,0
4874,6,0,0,6,6,0,0,0,True,False,0
4875,6,0,0,6,6,0,0,0,True,False,0
4876,7,0,0,7,7,0,0,0,True,False,0
4877,6,0,0,6,6,0,0,0,True,False,0
4878,7,0,0,7,7,0,0,0,True,False,0
4879,6,0,0,6,6,0,0,0,True,False,0
4880,14,0,0,14,14,0,0,0,True,False,0
4881,14,0,0,14,14,0,0,0,True,False,0
4882,13,0,0,13,13,0,0,0,True,False,0
4883,11,0,0,11,11,0,0,0,True,False,0
4884,13,0,0,13,13,0,0,0,True,False,0
4885,14,0,0,14,14,0,0,0,True,False,0
4886,14,0,0,14,14,0,0,0,True,False,0
4887,13,0,0,13,13,0,0,0,True,False,0
4888,6,0,0,6,6,0,0,0,True,False,0
4889,4,0,0,4,4,0,0,0,True,False,0
4890,4,0,0,4,4,0,0,0,True,False,0
4891,6,0,0,6,6,0,0,0,True,False,0
4892,4,0,0,4,4,0,0,0,True,False,0
4893,4,0,0,4,4,0,0,0,True,False,0
4894,4,0,0,4,4,0,0,0,True,False,0
4895,6,0,0,6,6,0,0,0,True,False,0
4896,12,0,0,12,12,0,0,0,True,False,0
4897,19,0,0,19,19,0,0,0,True,False,0
4898,12,0,0,12,12,0,0,0,True,False,0
4899,7,0,0,7,7,0,0,0,True,False,0
4900,11,0,0,11,11,0,0,0,True,False,0
4901,14,0,0,14,14,0,0,0,True,False,0
4902,8,0,0,8,8,0,0,0,True,False,0
4903,11,0,0,11,11,0,0,0,True,False,0
4904,1,0,0,1,1,0,0,0,True,True,0
4905,9,0,0,9,9,0,0,0,True,False,0
4906,9,0,0,9,9,0,0,0,True,False,0
4907,11,0,0,11,11,0,0,0,True,False,0
4908,10,0,0,10,10,0,0,0,True,False,0
4909,10,0,0,10,10,0,0,0,True,False,0
4910,11,0,0,11,11,0,0,0,True,False,0
4911,11,0,0,11,11,0,0,0,True,False,0
4912,13,0,0,13,13,0,0,0,True,False,0
4913,9,0,0,9,9,0,0,0,True,False,0
4914,7,7,7,7,7,0,0,0,True,False,0
4915,5,0,0,5,5,0,0,0,True,False,0
4916,9,0,0,9,9,0,0,0,True,False,0
4917,8,0,0,8,8,0,0,0,True,False,0
4918,0,116,0,0,0,0,0,0,True,False,0
4919,0,0,0,0,0,0,0,0,True,False,0
4920,96,0,0,96,96,0,0,0,True,False,0
4921,47,0,0,47,47,0,0,0,True,False,0
4922,77,0,0,77,77,0,0,0,True,False,0
4923,8,0,0,8,8,0,0,0,True,False,0
4924,8,0,0,8,8,0,0,0,True,False,0
4925,9,0,0,9,9,0,0,0,True,False,0
4926,8,0,0,8,8,0,0,0,True,False,0
4927,8,0,0,8,8,0,0,0,True,False,0
4928,9,0,0,9,9,0,0,0,True,False,0
4929,6,0,0,6,6,0,0,0,True,False,0
4930,6,0,0,6,6,0,0,0,True,False,0
4931,8,0,0,8,8,0,0,0,True,False,0
4932,6,0,0,6,6,0,0,0,True,False,0
4933,6,0,0,6,6,0,0,0,True,False,0
4934,6,0,0,6,6,0,0,0,True,False,0
4935,7,0,0,7,7,0,0,0,True,False,0
4936,9,0,0,9,9,0,0,0,True,False,0
4937,5,0,0,5,5,0,0,0,True,False,0
4938,8,0,0,8,8,0,0,0,True,False,0
4939,7,0,0,7,7,0,0,0,True,False,0
4940,6,0,0,6,6,0,0,0,True,False,0
4941,8,0,0,8,8,0,0,0,True,False,0
4942,6,0,0,6,6,0,0,0,True,False,0
4943,7,0,0,7,7,0,0,0,True,False,0
4944,11,0,0,11,11,0,0,0,True,False,0
4945,13,0,0,13,13,0,0,0,True,False,0
4946,14,0,0,14,14,0,0,0,True,False,0
4947,13,0,0,13,13,0,0,0,True,False,0
4948,13,0,0,13,13,0,0,0,True,False,0
4949,13,0,0,13,13,0,0,0,True,False,0
4950,13,0,0,13,13,0,0,0,True,False,0
4951,12,0,0,12,12,0,0,0,True,False,0
4952,6,0,0,6,6,0,0,0,True,False,0
4953,4,0,0,4,4,0,0,0,True,False,0
4954,4,0,0,4,4,0,0,0,True,False,0
4955,6,0,0,6,6,0,0,0,True,False,0
4956,4,0,0,4,4,0,0,0,True,False,0
4957,4,0,0,4,4,0,0,0,True,False,0
4958,4,0,0,4,4,0,0,0,True,False,0
4959,6,0,0,6,6,0,0,0,True,False,0
4960,10,0,0,10,10,0,0,0,True,False,0
4961,10,0,0,10,10,0,0,0,True,False,0
4962,8,0,0,8,8,0,0,0,True,False,0
4963,6,0,0,6,6,0,0,0,True,False,0
4964,12,0,0,12,12,0,0,0,True,False,0
4965,9,0,0,9,9,0,0,0,True,False,0
4966,6,0,0,6,6,0,0,0,True,False,0
4967,9,0,0,9,9,0,0,0,True,False,0
4968,1,0,0,1,1,0,0,0,True,True,0
4969,1,0,0,1,1,0,0,0,True,True,0
4970,1,0,0,1,1,0,0,0,True,True,0
4971,1,0,0,1,1,0,0,0,True,True,0
4972,11,0,0,11,11,0,0,0,True,False,0
4973,11,0,0,11,11,0,0,0,True,False,0
4974,9,0,0,9,9,0,0,0,True,False,0
4975,10,0,0,10,10,0,0,0,True,False,0
4976,8,0,0,8,8,0,0,0,True,False,0
4977,11,0,0,11,11,0,0,0,True,False,0
4978,10,0,0,10,10,0,0,0,True,False,0
4979,10,0,0,10,10,0,0,0,True,False,0
4980,10,0,0,10,10,0,0,0,True,False,0
4981,8,8,8,8,8,0,0,0,True,False,0
4982,5,0,0,5,5,0,0,0,True,False,0
4983,10,0,0,10,10,0,0,0,True,False,0
4984,9,0,0,9,9,0,0,0,True,False,0
4985,0,120,0,0,0,0,0,0,True,False,0
4986,0,0,0,0,0,0,0,0,True,False,0
4987,94,0,0,94,94,0,0,0,True,False,0
4988,50,0,0,50,50,0,0,0,True,False,0
4989,76,0,0,76,76,0,0,0,True,False,0
4990,9,0,0,9,9,0,0,0,True,False,0
4991,8,0,0,8,8,0,0,0,True,False,0
4992,10,0,0,10,10,0,0,0,True,False,0
4993,7,0,0,7,7,0,0,0,True,False,0
4994,8,0,0,8,8,0,0,0,True,False,0
4995,8,0,0,8,8,0,0,0,True,False,0
4996,7,0,0,7,7,0,0,0,True,False,0
4997,7,0,0,7,7,0,0,0,True,False,0
4998,7,0,0,7,7,0,0,0,True,False,0
4999,7,0,0,7,7,0,0,0,True,False,0
5000,8,0,0,8,8,0,0,0,True,False,0
5001,7,0,0,7,7,0,0,0,True,False,0
5002,8,0,0,8,8,0,0,0,True,False,0
5003,7,0,0,7,7,0,0,0,True,False,0
5004,5,0,0,5,5,0,0,0,True,False,0
5005,7,0,0,7,7,0,0,0,True,False,0
5006,7,0,0,7,7,0,0,0,True,False,0
5007,6,0,0,6,6,0,0,0,True,False,0
5008,6,0,0,6,6,0,0,0,True,False,0
5009,8,0,0,8,8,0,0,0,True,False,0
5010,9,0,0,9,9,0,0,0,True,False,0
5011,14,0,0,14,14,0,0,0,True,False,0
5012,13,0,0,13,13,0,0,0,True,False,0
5013,12,0,0,12,12,0,0,0,True,False,0
5014,11,0,0,11,11,0,0,0,True,False,0
5015,12,0,0,12,12,0,0,0,True,False,0
5016,11,0,0,11,11,0,0,0,True,False,0
5017,11,0,0,11,11,0,0,0,True,False,0
5018,13,0,0,13,13,0,0,0,True,False,0
5019,6,0,0,6,6,0,0,0,True,False,0
5020,4,0,0,4,4,0,0,0,True,False,0
5021,3,0,0,3,3,0,0,0,True,False,0
5022,6,0,0,6,6,0,0,0,True,False,0
5023,4,0,0,4,4,0,0,0,True,False,0
5024,4,0,0,4,4,0,0,0,True,False,0
5025,3,0,0,3,3,0,0,0,True,False,0
5026,5,0,0,5,5,0,0,0,True,False,0
5027,8,0,0,8,8,0,0,0,True,False,0
5028,10,0,0,10,10,0,0,0,True,False,0
5029,8,0,0,8,8,0,0,0,True,False,0
5030,8,0,0,8,8,0,0,0,True,False,0
5031,8,0,0,8,8,0,0,0,True,False,0
5032,12,0,0,12,12,0,0,0,True,False,0
5033,15,0,0,15,15,0,0,0,True,False,0
5034,10,0,0,10,10,0,0,0,True,False,0
5035,1,0,0,1,1,0,0,0,True,True,0
5036,1,0,0,1,1,0,0,0,True,True,0
5037,1,0,0,1,1,0,0,0,True,True,0
5038,4,0,0,4,4,0,0,0,True,False,0
5039,6,0,0,6,6,0,0,0,True,False,0
5040,11,0,0,11,11,0,0,0,True,False,0
5041,12,0,0,12,12,0,0,0,True,False,0
5042,11,0,0,11,11,0,0,0,True,False,0
5043,11,0,0,11,11,0,0,0,True,False,0
5044,13,0,0,13,13,0,0,0,True,False,0
5045,11,0,0,11,11,0,0,0,True,False,0
5046,12,0,0,12,12,0,0,0,True,False,0
5047,14,0,0,14,14,0,0,0,True,False,0
5048,10,0,0,10,10,0,0,0,True,False,0
5049,9,8,8,9,9,0,0,0,True,False,0
5050,6,0,0,6,6,0,0,0,True,False,0
5051,10,0,0,10,10,0,0,0,True,False,0
5052,10,0,0,10,10,0,0,0,True,False,0
5053,11,120,10,11,11,0,0,0,True,False,0
5054,200,0,0,200,200,0,0,0,True,False,0
5055,90,0,0,90,90,0,0,0,True,False,0
5056,45,0,0,45,45,0,0,0,True,False,0
5057,72,0,0,72,72,0,0,0,True,False,0
5058,13,0,0,13,13,0,0,0,True,False,0
5059,14,0,0,14,14,0,0,0,True,False,0
5060,13,0,0,13,13,0,0,0,True,False,0
5061,13,0,0,13,13,0,0,0,True,False,0
5062,10,0,0,10,10,0,0,0,True,False,0
5063,10,3,3,10,10,0,0,0,True,False,0
5064,8,3,3,8,8,0,0,0,True,False,0
5065,8,3,3,8,8,0,0,0,True,False,0
5066,8,3,3,8,8,0,0,0,True,False,0
5067,7,3,3,7,7,0,0,0,True,False,0
5068,7,4,4,7,7,0,0,0,True,False,0
5069,10,4,4,10,10,0,0,0,True,False,0
5070,11,4,4,11,11,0,0,0,True,False,0
5071,10,0,0,10,10,0,0,0,True,False,0
5072,8,0,0,8,8,0,0,0,True,False,0
5073,6,0,0,6,6,0,0,0,True,False,0
5074,8,0,0,8,8,0,0,0,True,False,0
5075,9,0,0,9,9,0,0,0,True,False,0
5076,7,0,0,7,7,0,0,0,True,False,0
5077,8,0,0,8,8,0,0,0,True,False,0
5078,7,0,0,7,7,0,0,0,True,False,0
5079,15,0,0,15,15,0,0,0,True,False,0
5080,14,0,0,14,14,0,0,0,True,False,0
5081,16,0,0,16,16,0,0,0,True,False,0
5082,12,0,0,12,12,0,0,0,True,False,0
5083,17,0,0,17,17,0,0,0,True,False,0
5084,13,0,0,13,13,0,0,0,True,False,0
5085,13,0,0,13,13,0,0,0,True,False,0
5086,15,0,0,15,15,0,0,0,True,False,0
5087,5,0,0,5,5,0,0,0,True,False,0
5088,13,0,0,13,13,0,0,0,True,False,0
5089,13,0,0,13,13,0,0,0,True,False,0
5090,13,0,0,13,13,0,0,0,True,False,0
5091,5,0,0,5,5,0,0,0,True,False,0
5092,5,0,0,5,5,0,0,0,True,False,0
5093,13,0,0,13,13,0,0,0,True,False,0
5094,13,0,0,13,13,0,0,0,True,False,0
5095,12,0,0,12,12,0,0,0,True,False,0
5096,13,0,0,13,13,0,0,0,True,False,0
5097,10,0,0,10,10,0,0,0,True,False,0
5098,7,0,0,7,7,0,0,0,True,False,0
5099,16,0,0,16,16,0,0,0,True,False,0
5100,8,0,0,8,8,0,0,0,True,False,0
5101,14,0,0,14,14,0,0,0,True,False,0
5102,12,0,0,12,12,0,0,0,True,False,0
5103,2,0,0,2,2,0,0,0,True,True,0
5104,2,0,0,2,2,0,0,0,True,True,0
5105,2,0,0,2,2,0,0,0,True,True,0
5106,2,0,0,2,2,0,0,0,True,True,0
5107,2,0,0,2,2,0,0,0,True,True,0
5108,2,0,0,2,2,0,0,0,True,True,0
5109,2,0,0,2,2,0,0,0,True,True,0
5110,2,0,0,2,2,0,0,0,True,True,0
5111,2,0,0,2,2,0,0,0,True,True,0
5112,2,0,0,2,2,0,0,0,True,True,0
5113,2,0,0,2,2,0,0,0,True,True,0
5114,2,0,0,2,2,0,0,0,True,True,0
5115,2,0,0,2,2,0,0,0,True,True,0
5116,2,0,0,2,2,0,0,0,True,True,0
5117,2,0,0,2,2,0,0,0,True,True,0
5118,2,0,0,2,2,0,0,0,True,True,0
5119,12,0,0,12,12,0,0,0,True,False,0
5120,12,0,0,12,12,0,0,0,True,False,0
5121,12,0,0,12,12,0,0,0,True,False,0
5122,11,0,0,11,11,0,0,0,True,False,0
5123,9,0,0,9,9,0,0,0,True,False,0
5124,11,0,0,11,11,0,0,0,True,False,0
5125,10,0,0,10,10,0,0,0,True,False,0
5126,10,0,0,10,10,0,0,0,True,False,0
5127,10,0,0,10,10,0,0,0,True,False,0
5128,7,7,7,7,7,0,0,0,True,False,0
5129,5,0,0,5,5,0,0,0,True,False,0
5130,12,0,0,12,12,0,0,0,True,False,0
5131,10,0,0,10,10,0,0,0,True,False,0
5132,0,124,0,0,0,0,0,0,True,False,0
5133,0,0,0,0,0,0,0,0,True,False,0
5134,90,0,0,90,90,0,0,0,True,False,0
5135,47,0,0,47,47,0,0,0,True,False,0
5136,71,0,0,71,71,0,0,0,True,False,0
5137,10,0,0,10,10,0,0,0,True,False,0
5138,11,0,0,11,11,0,0,0,True,False,0
5139,9,0,0,9,9,0,0,0,True,False,0
5140,9,0,0,9,9,0,0,0,True,False,0
5141,10,0,0,10,10,0,0,0,True,False,0
5142,7,0,0,7,7,0,0,0,True,False,0
5143,7,0,0,7,7,0,0,0,True,False,0
5144,7,0,0,7,7,0,0,0,True,False,0
5145,8,0,0,8,8,0,0,0,True,False,0
5146,7,0,0,7,7,0,0,0,True,False,0
5147,7,0,0,7,7,0,0,0,True,False,0
5148,9,0,0,9,9,0,0,0,True,False,0
5149,6,0,0,6,6,0,0,0,True,False,0
5150,7,0,0,7,7,0,0,0,True,False,0
5151,9,0,0,9,9,0,0,0,True,False,0
5152,7,0,0,7,7,0,0,0,True,False,0
5153,7,0,0,7,7,0,0,0,True,False,0
5154,7,0,0,7,7,0,0,0,True,False,0
5155,7,0,0,7,7,0,0,0,True,False,0
5156,7,0,0,7,7,0,0,0,True,False,0
5157,8,0,0,8,8,0,0,0,True,False,0
5158,12,0,0,12,12,0,0,0,True,False,0
5159,14,0,0,14,14,0,0,0,True,False,0
5160,12,0,0,12,12,0,0,0,True,False,0
5161,13,0,0,13,13,0,0,0,True,False,0
5162,12,0,0,12,12,0,0,0,True,False,0
5163,13,0,0,13,13,0,0,0,True,False,0
5164,12,0,0,12,12,0,0,0,True,False,0
5165,13,0,0,13,13,0,0,0,True,False,0
5166,4,0,0,4,4,0,0,0,True,False,0
5167,12,0,0,12,12,0,0,0,True,False,0
5168,12,0,0,12,12,0,0,0,True,False,0
5169,12,0,0,12,12,0,0,0,True,False,0
5170,4,0,0,4,4,0,0,0,True,False,0
5171,4,0,0,4,4,0,0,0,True,False,0
5172,12,0,0,12,12,0,0,0,True,False,0
5173,12,0,0,12,12,0,0,0,True,False,0
5174,4,0,0,4,4,0,0,0,True,False,0
5175,6,0,0,6,6,0,0,0,True,False,0
5176,10,0,0,10,10,0,0,0,True,False,0
5177,12,0,0,12,12,0,0,0,True,False,0
5178,10,0,0,10,10,0,0,0,True,False,0
5179,12,0,0,12,12,0,0,0,True,False,0
5180,5,0,0,5,5,0,0,0,True,False,0
5181,13,0,0,13,13,0,0,0,True,False,0
5182,11,0,0,11,11,0,0,0,True,False,0
5183,11,0,0,11,11,0,0,0,True,False,0
5184,11,0,0,11,11,0,0,0,True,False,0
5185,10,0,0,10,10,0,0,0,True,False,0
5186,11,0,0,11,11,0,0,0,True,False,0
5187,12,0,0,12,12,0,0,0,True,False,0
5188,11,0,0,11,11,0,0,0,True,False,0
5189,10,0,0,10,10,0,0,0,True,False,0
5190,11,0,0,11,11,0,0,0,True,False,0
5191,8,8,8,8,8,0,0,0,True,False,0
5192,5,0,0,5,5,0,0,0,True,False,0
5193,8,0,0,8,8,0,0,0,True,False,0
5194,12,0,0,12,12,0,0,0,True,False,0
5195,0,121,0,0,0,0,0,0,True,False,0
5196,0,0,0,0,0,0,0,0,True,False,0
5197,98,0,0,98,98,0,0,0,True,False,0
5198,49,0,0,49,49,0,0,0,True,False,0
5199,72,0,0,72,72,0,0,0,True,False,0
5200,11,0,0,11,11,0,0,0,True,False,0
5201,11,0,0,11,11,0,0,0,True,False,0
5202,10,0,0,10,10,0,0,0,True,False,0
5203,13,0,0,13,13,0,0,0,True,False,0
5204,12,0,0,12,12,0,0,0,True,False,0
5205,7,0,0,7,7,0,0,0,True,False,0
5206,6,0,0,6,6,0,0,0,True,False,0
5207,7,0,0,7,7,0,0,0,True,False,0
5208,7,0,0,7,7,0,0,0,True,False,0
5209,8,0,0,8,8,0,0,0,True,False,0
5210,7,0,0,7,7,0,0,0,True,False,0
5211,7,0,0,7,7,0,0,0,True,False,0
5212,8,0,0,8,8,0,0,0,True,False,0
5213,7,0,0,7,7,0,0,0,True,False,0
5214,8,0,0,8,8,0,0,0,True,False,0
5215,8,0,0,8,8,0,0,0,True,False,0
5216,8,0,0,8,8,0,0,0,True,False,0
5217,6,0,0,6,6,0,0,0,True,False,0
5218,8,0,0,8,8,0,0,0,True,False,0
5219,7,0,0,7,7,0,0,0,True,False,0
5220,7,0,0,7,7,0,0,0,True,False,0
5221,12,0,0,12,12,0,0,0,True,False,0
5222,14,0,0,14,14,0,0,0,True,False,0
5223,12,0,0,12,12,0,0,0,True,False,0
5224,15,0,0,15,15,0,0,0,True,False,0
5225,12,0,0,12,12,0,0,0,True,False,0
5226,14,0,0,14,14,0,0,0,True,False,0
5227,13,0,0,13,13,0,0,0,True,False,0
5228,14,0,0,14,14,0,0,0,True,False,0
5229,4,0,0,4,4,0,0,0,True,False,0
5230,12,0,0,12,12,0,0,0,True,False,0
5231,12,0,0,12,12,0,0,0,True,False,0
5232,12,0,0,12,12,0,0,0,True,False,0
5233,4,0,0,4,4,0,0,0,True,False,0
5234,4,0,0,4,4,0,0,0,True,False,0
5235,12,0,0,12,12,0,0,0,True,False,0
5236,12,0,0,12,12,0,0,0,True,False,0
5237,13,0,0,13,13,0,0,0,True,False,0
5238,6,0,0,6,6,0,0,0,True,False,0
5239,11,0,0,11,11,0,0,0,True,False,0
5240,12,0,0,12,12,0,0,0,True,False,0
5241,13,0,0,13,13,0,0,0,True,False,0
5242,9,0,0,9,9,0,0,0,True,False,0
5243,10,0,0,10,10,0,0,0,True,False,0
5244,4,0,0,4,4,0,0,0,True,False,0
5245,8,0,0,8,8,0,0,0,True,False,0
5246,12,0,0,12,12,0,0,0,True,False,0
5247,10,0,0,10,10,0,0,0,True,False,0
5248,12,0,0,12,12,0,0,0,True,False,0
5249,12,0,0,12,12,0,0,0,True,False,0
5250,11,0,0,11,11,0,0,0,True,False,0
5251,12,0,0,12,12,0,0,0,True,False,0
5252,9,0,0,9,9,0,0,0,True,False,0
5253,10,0,0,10,10,0,0,0,True,False,0
5254,7,7,7,7,7,0,0,0,True,False,0
5255,5,0,0,5,5,0,0,0,True,False,0
5256,11,0,0,11,11,0,0,0,True,False,0
5257,12,0,0,12,12,0,0,0,True,False,0
5258,0,122,0,0,0,0,0,0,True,False,0
5259,0,0,0,0,0,0,0,0,True,False,0
5260,89,0,0,89,89,0,0,0,True,False,0
5261,51,0,0,51,51,0,0,0,True,False,0
5262,78,0,0,78,78,0,0,0,True,False,0
5263,12,0,0,12,12,0,0,0,True,False,0
5264,12,0,0,12,12,0,0,0,True,False,0
5265,10,0,0,10,10,0,0,0,True,False,0
5266,11,0,0,11,11,0,0,0,True,False,0
5267,11,0,0,11,11,0,0,0,True,False,0
5268,6,0,0,6,6,0,0,0,True,False,0
5269,7,0,0,7,7,0,0,0,True,False,0
5270,7,0,0,7,7,0,0,0,True,False,0
5271,8,0,0,8,8,0,0,0,True,False,0
5272,8,0,0,8,8,0,0,0,True,False,0
5273,10,0,0,10,10,0,0,0,True,False,0
5274,7,0,0,7,7,0,0,0,True,False,0
5275,10,0,0,10,10,0,0,0,True,False,0
5276,7,0,0,7,7,0,0,0,True,False,0
5277,7,0,0,7,7,0,0,0,True,False,0
5278,6,0,0,6,6,0,0,0,True,False,0
5279,7,0,0,7,7,0,0,0,True,False,0
5280,6,0,0,6,6,0,0,0,True,False,0
5281,6,0,0,6,6,0,0,0,True,False,0
5282,6,0,0,6,6,0,0,0,True,False,0
5283,8,0,0,8,8,0,0,0,True,False,0
5284,14,0,0,14,14,0,0,0,True,False,0
5285,11,0,0,11,11,0,0,0,True,False,0
5286,16,0,0,16,16,0,0,0,True,False,0
5287,13,0,0,13,13,0,0,0,True,False,0
5288,15,0,0,15,15,0,0,0,True,False,0
5289,16,0,0,16,16,0,0,0,True,False,0
5290,14,0,0,14,14,0,0,0,True,False,0
5291,14,0,0,14,14,0,0,0,True,False,0
5292,4,0,0,4,4,0,0,0,True,False,0
5293,12,0,0,12,12,0,0,0,True,False,0
5294,12,0,0,12,12,0,0,0,True,False,0
5295,12,0,0,12,12,0,0,0,True,False,0
5296,4,0,0,4,4,0,0,0,True,False,0
5297,4,0,0,4,4,0,0,0,True,False,0
5298,12,0,0,12,12,0,0,0,True,False,0
5299,12,0,0,12,12,0,0,0,True,False,0
5300,18,0,0,18,18,0,0,0,True,False,0
5301,13,0,0,13,13,0,0,0,True,False,0
5302,7,0,0,7,7,0,0,0,True,False,0
5303,16,0,0,16,16,0,0,0,True,False,0
5304,10,0,0,10,10,0,0,0,True,False,0
5305,10,0,0,10,10,0,0,0,True,False,0
5306,6,0,0,6,6,0,0,0,True,False,0
5307,10,0,0,10,10,0,0,0,True,False,0
5308,10,0,0,10,10,0,0,0,True,False,0
5309,11,0,0,11,11,0,0,0,True,False,0
5310,10,0,0,10,10,0,0,0,True,False,0
5311,11,0,0,11,11,0,0,0,True,False,0
5312,9,0,0,9,9,0,0,0,True,False,0
5313,12,0,0,12,12,0,0,0,True,False,0
5314,11,0,0,11,11,0,0,0,True,False,0
5315,10,0,0,10,10,0,0,0,True,False,0
5316,12,1,1,12,12,0,0,0,True,False,0
5317,8,8,8,8,8,0,0,0,True,False,0
5318,6,0,0,6,6,0,0,0,True,False,0
5319,10,1,1,10,10,0,0,0,True,False,0
5320,9,1,1,9,9,0,0,0,True,False,0
5321,0,124,0,0,0,0,0,0,True,False,0
5322,0,0,0,0,0,0,0,0,True,False,0
5323,92,0,0,92,92,0,0,0,True,False,0
5324,49,0,0,49,49,0,0,0,True,False,0
5325,74,0,0,74,74,0,0,0,True,False,0
5326,10,1,1,10,10,0,0,0,True,False,0
5327,8,1,1,8,8,0,0,0,True,False,0
5328,10,1,1,10,10,0,0,0,True,False,0
5329,9,1,1,9,9,0,0,0,True,False,0
5330,12,1,1,12,12,0,0,0,True,False,0
5331,8,0,0,8,8,0,0,0,True,False,0
5332,9,0,0,9,9,0,0,0,True,False,0
5333,8,0,0,8,8,0,0,0,True,False,0
5334,8,0,0,8,8,0,0,0,True,False,0
5335,8,0,0,8,8,0,0,0,True,False,0
5336,6,0,0,6,6,0,0,0,True,False,0
5337,8,0,0,8,8,0,0,0,True,False,0
5338,7,0,0,7,7,0,0,0,True,False,0
5339,7,0,0,7,7,0,0,0,True,False,0
5340,9,0,0,9,9,0,0,0,True,False,0
5341,8,0,0,8,8,0,0,0,True,False,0
5342,7,0,0,7,7,0,0,0,True,False,0
5343,7,0,0,7,7,0,0,0,True,False,0
5344,7,0,0,7,7,0,0,0,True,False,0
5345,5,0,0,5,5,0,0,0,True,False,0
5346,5,0,0,5,5,0,0,0,True,False,0
5347,14,0,0,14,14,0,0,0,True,False,0
5348,13,0,0,13,13,0,0,0,True,False,0
5349,13,0,0,13,13,0,0,0,True,False,0
5350,13,0,0,13,13,0,0,0,True,False,0
5351,11,0,0,11,11,0,0,0,True,False,0
5352,14,0,0,14,14,0,0,0,True,False,0
5353,14,0,0,14,14,0,0,0,True,False,0
5354,13,0,0,13,13,0,0,0,True,False,0
5355,4,0,0,4,4,0,0,0,True,False,0
5356,12,0,0,12,12,0,0,0,True,False,0
5357,12,0,0,12,12,0,0,0,True,False,0
5358,12,0,0,12,12,0,0,0,True,False,0
5359,4,0,0,4,4,0,0,0,True,False,0
5360,4,0,0,4,4,0,0,0,True,False,0
5361,12,0,0,12,12,0,0,0,True,False,0
5362,12,0,0,12,12,0,0,0,True,False,0
5363,16,0,0,16,16,0,0,0,True,False,0
5364,5,0,0,5,5,0,0,0,True,False,0
5365,9,0,0,9,9,0,0,0,True,False,0
5366,11,0,0,11,11,0,0,0,True,False,0
5367,16,0,0,16,16,0,0,0,True,False,0
5368,7,0,0,7,7,0,0,0,True,False,0
5369,14,0,0,14,14,0,0,0,True,False,0
5370,11,0,0,11,11,0,0,0,True,False,0
5371,10,0,0,10,10,0,0,0,True,False,0
5372,10,0,0,10,10,0,0,0,True,False,0
5373,13,0,0,13,13,0,0,0,True,False,0
5374,10,0,0,10,10,0,0,0,True,False,0
5375,10,0,0,10,10,0,0,0,True,False,0
5376,10,0,0,10,10,0,0,0,True,False,0
5377,10,0,0,10,10,0,0,0,True,False,0
5378,10,0,0,10,10,0,0,0,True,False,0
5379,8,0,0,8,8,0,0,0,True,False,0
5380,7,7,7,7,7,0,0,0,True,False,0
5381,4,0,0,4,4,0,0,0,True,False,0
5382,7,0,0,7,7,0,0,0,True,False,0
5383,8,0,0,8,8,0,0,0,True,False,0
5384,10,118,10,10,10,0,0,0,True,False,0
5385,200,0,0,200,200,0,0,0,True,False,0
5386,94,0,0,94,94,0,0,0,True,False,0
5387,45,0,0,45,45,0,0,0,True,False,0
5388,78,0,0,78,78,0,0,0,True,False,0
5389,10,0,0,10,10,0,0,0,True,False,0
5390,10,0,0,10,10,0,0,0,True,False,0
5391,8,0,0,8,8,0,0,0,True,False,0
5392,8,0,0,8,8,0,0,0,True,False,0
5393,9,0,0,9,9,0,0,0,True,False,0
5394,6,0,0,6,6,0,0,0,True,False,0
5395,8,0,0,8,8,0,0,0,True,False,0
5396,8,0,0,8,8,0,0,0,True,False,0
5397,8,0,0,8,8,0,0,0,True,False,0
5398,8,0,0,8,8,0,0,0,True,False,0
5399,7,0,0,7,7,0,0,0,True,False,0
5400,7,0,0,7,7,0,0,0,True,False,0
5401,8,0,0,8,8,0,0,0,True,False,0
5402,6,0,0,6,6,0,0,0,True,False,0
5403,7,0,0,7,7,0,0,0,True,False,0
5404,6,0,0,6,6,0,0,0,True,False,0
5405,5,0,0,5,5,0,0,0,True,False,0
5406,10,0,0,10,10,0,0,0,True,False,0
5407,8,0,0,8,8,0,0,0,True,False,0
5408,7,0,0,7,7,0,0,0,True,False,0
5409,7,0,0,7,7,0,0,0,True,False,0
5410,12,0,0,12,12,0,0,0,True,False,0
5411,11,0,0,11,11,0,0,0,True,False,0
5412,10,0,0,10,10,0,0,0,True,False,0
5413,14,0,0,14,14,0,0,0,True,False,0
5414,13,0,0,13,13,0,0,0,True,False,0
5415,15,0,0,15,15,0,0,0,True,False,0
5416,13,0,0,13,13,0,0,0,True,False,0
5417,15,0,0,15,15,0,0,0,True,False,0
5418,4,0,0,4,4,0,0,0,True,False,0
5419,12,0,0,12,12,0,0,0,True,False,0
5420,12,0,0,12,12,0,0,0,True,False,0
5421,12,0,0,12,12,0,0,0,True,False,0
5422,4,0,0,4,4,0,0,0,True,False,0
5423,4,0,0,4,4,0,0,0,True,False,0
5424,12,0,0,12,12,0,0,0,True,False,0
5425,12,0,0,12,12,0,0,0,True,False,0
5426,11,0,0,11,11,0,0,0,True,False,0
5427,9,0,0,9,9,0,0,0,True,False,0
5428,10,0,0,10,10,0,0,0,True,False,0
5429,8,0,0,8,8,0,0,0,True,False,0
5430,10,0,0,10,10,0,0,0,True,False,0
5431,9,0,0,9,9,0,0,0,True,False,0
5432,12,0,0,12,12,0,0,0,True,False,0
5433,8,0,0,8,8,0,0,0,True,False,0
5434,10,0,0,10,10,0,0,0,True,False,0
5435,10,0,0,10,10,0,0,0,True,False,0
5436,12,0,0,12,12,0,0,0,True,False,0
5437,9,0,0,9,9,0,0,0,True,False,0
5438,8,0,0,8,8,0,0,0,True,False,0
5439,10,0,0,10,10,0,0,0,True,False,0
5440,13,0,0,13,13,0,0,0,True,False,0
5441,9,0,0,9,9,0,0,0,True,False,0
5442,9,0,0,9,9,0,0,0,True,False,0
5443,8,8,8,8,8,0,0,0,True,False,0
5444,5,0,0,5,5,0,0,0,True,False,0
5445,8,0,0,8,8,0,0,0,True,False,0
5446,9,0,0,9,9,0,0,0,True,False,0
5447,0,120,0,0,0,0,0,0,True,False,0
5448,0,0,0,0,0,0,0,0,True,False,0
5449,90,0,0,90,90,0,0,0,True,False,0
5450,48,0,0,48,48,0,0,0,True,False,0
5451,73,0,0,73,73,0,0,0,True,False,0
5452,8,0,0,8,8,0,0,0,True,False,0
5453,8,0,0,8,8,0,0,0,True,False,0
5454,7,0,0,7,7,0,0,0,True,False,0
5455,9,0,0,9,9,0,0,0,True,False,0
5456,8,0,0,8,8,0,0,0,True,False,0
5457,7,0,0,7,7,0,0,0,True,False,0
5458,8,0,0,8,8,0,0,0,True,False,0
5459,7,0,0,7,7,0,0,0,True,False,0
5460,7,0,0,7,7,0,0,0,True,False,0
5461,8,0,0,8,8,0,0,0,True,False,0
5462,6,0,0,6,6,0,0,0,True,False,0
5463,8,0,0,8,8,0,0,0,True,False,0
5464,7,0,0,7,7,0,0,0,True,False,0
5465,7,0,0,7,7,0,0,0,True,False,0
5466,7,0,0,7,7,0,0,0,True,False,0
5467,8,0,0,8,8,0,0,0,True,False,0
5468,5,0,0,5,5,0,0,0,True,False,0
5469,7,0,0,7,7,0,0,0,True,False,0
5470,6,0,0,6,6,0,0,0,True,False,0
5471,6,0,0,6,6,0,0,0,True,False,0
5472,6,0,0,6,6,0,0,0,True,False,0
5473,15,0,0,15,15,0,0,0,True,False,0
5474,14,0,0,14,14,0,0,0,True,False,0
5475,12,0,0,12,12,0,0,0,True,False,0
5476,12,0,0,12,12,0,0,0,True,False,0
5477,13,0,0,13,13,0,0,0,True,False,0
5478,13,0,0,13,13,0,0,0,True,False,0
5479,12,0,0,12,12,0,0,0,True,False,0
5480,13,0,0,13,13,0,0,0,True,False,0
5481,4,0,0,4,4,0,0,0,True,False,0
5482,12,0,0,12,12,0,0,0,True,False,0
5483,12,0,0,12,12,0,0,0,True,False,0
5484,12,0,0,12,12,0,0,0,True,False,0
5485,4,0,0,4,4,0,0,0,True,False,0
5486,4,0,0,4,4,0,0,0,True,False,0
5487,12,0,0,12,12,0,0,0,True,False,0
5488,12,0,0,12,12,0,0,0,True,False,0
5489,11,0,0,11,11,0,0,0,True,False,0
5490,4,0,0,4,4,0,0,0,True,False,0
5491,9,0,0,9,9,0,0,0,True,False,0
5492,9,0,0,9,9,0,0,0,True,False,0
5493,12,0,0,12,12,0,0,0,True,False,0
5494,8,0,0,8,8,0,0,0,True,False,0
5495,10,0,0,10,10,0,0,0,True,False,0
5496,10,0,0,10,10,0,0,0,True,False,0
5497,12,0,0,12,12,0,0,0,True,False,0
5498,12,0,0,12,12,0,0,0,True,False,0
5499,12,0,0,12,12,0,0,0,True,False,0
5500,11,0,0,11,11,0,0,0,True,False,0
5501,11,0,0,11,11,0,0,0,True,False,0
5502,8,0,0,8,8,0,0,0,True,False,0
5503,10,0,0,10,10,0,0,0,True,False,0
5504,13,0,0,13,13,0,0,0,True,False,0
5505,9,0,0,9,9,0,0,0,True,False,0
5506,7,7,7,7,7,0,0,0,True,False,0
5507,5,0,0,5,5,0,0,0,True,False,0
5508,7,0,0,7,7,0,0,0,True,False,0
5509,8,0,0,8,8,0,0,0,True,False,0
5510,0,120,0,0,0,0,0,0,True,False,0
5511,0,0,0,0,0,0,0,0,True,False,0
5512,92,0,0,92,92,0,0,0,True,False,0
5513,46,0,0,46,46,0,0,0,True,False,0
5514,75,0,0,75,75,0,0,0,True,False,0
5515,10,0,0,10,10,0,0,0,True,False,0
5516,9,0,0,9,9,0,0,0,True,False,0
5517,9,0,0,9,9,0,0,0,True,False,0
5518,8,0,0,8,8,0,0,0,True,False,0
5519,9,0,0,9,9,0,0,0,True,False,0
5520,8,0,0,8,8,0,0,0,True,False,0
5521,7,0,0,7,7,0,0,0,True,False,0
5522,8,0,0,8,8,0,0,0,True,False,0
5523,7,0,0,7,7,0,0,0,True,False,0
5524,8,0,0,8,8,0,0,0,True,False,0
5525,10,0,0,10,10,0,0,0,True,False,0
5526,7,0,0,7,7,0,0,0,True,False,0
5527,7,0,0,7,7,0,0,0,True,False,0
5528,9,0,0,9,9,0,0,0,True,False,0
5529,8,0,0,8,8,0,0,0,True,False,0
5530,5,0,0,5,5,0,0,0,True,False,0
5531,9,0,0,9,9,0,0,0,True,False,0
5532,8,0,0,8,8,0,0,0,True,False,0
5533,5,0,0,5,5,0,0,0,True,False,0
5534,7,0,0,7,7,0,0,0,True,False,0
5535,6,0,0,6,6,0,0,0,True,False,0
5536,15,0,0,15,15,0,0,0,True,False,0
5537,13,0,0,13,13,0,0,0,True,False,0
5538,13,0,0,13,13,0,0,0,True,False,0
5539,14,0,0,14,14,0,0,0,True,False,0
5540,15,0,0,15,15,0,0,0,True,False,0
5541,13,0,0,13,13,0,0,0,True,False,0
5542,14,0,0,14,14,0,0,0,True,False,0
5543,14,0,0,14,14,0,0,0,True,False,0
5544,4,0,0,4,4,0,0,0,True,False,0
5545,12,0,0,12,12,0,0,0,True,False,0
5546,12,0,0,12,12,0,0,0,True,False,0
5547,12,0,0,12,12,0,0,0,True,False,0
5548,4,0,0,4,4,0,0,0,True,False,0
5549,4,0,0,4,4,0,0,0,True,False,0
5550,12,0,0,12,12,0,0,0,True,False,0
5551,12,0,0,12,12,0,0,0,True,False,0
5552,9,0,0,9,9,0,0,0,True,False,0
5553,9,0,0,9,9,0,0,0,True,False,0
5554,8,0,0,8,8,0,0,0,True,False,0
5555,9,0,0,9,9,0,0,0,True,False,0
5556,11,0,0,11,11,0,0,0,True,False,0
5557,9,0,0,9,9,0,0,0,True,False,0
5558,8,0,0,8,8,0,0,0,True,False,0
5559,7,0,0,7,7,0,0,0,True,False,0
5560,1,0,0,1,1,0,0,0,True,True,0
5561,9,0,0,9,9,0,0,0,True,False,0
5562,9,0,0,9,9,0,0,0,True,False,0
5563,10,0,0,10,10,0,0,0,True,False,0
5564,11,0,0,11,11,0,0,0,True,False,0
5565,13,0,0,13,13,0,0,0,True,False,0
5566,8,0,0,8,8,0,0,0,True,False,0
5567,10,0,0,10,10,0,0,0,True,False,0
5568,12,0,0,12,12,0,0,0,True,False,0
5569,8,0,0,8,8,0,0,0,True,False,0
5570,8,8,8,8,8,0,0,0,True,False,0
5571,5,0,0,5,5,0,0,0,True,False,0
5572,10,0,0,10,10,0,0,0,True,False,0
5573,8,0,0,8,8,0,0,0,True,False,0
5574,0,123,0,0,0,0,0,0,True,False,0
5575,0,0,0,0,0,0,0,0,True,False,0
5576,95,0,0,95,95,0,0,0,True,False,0
5577,46,0,0,46,46,0,0,0,True,False,0
5578,75,0,0,75,75,0,0,0,True,False,0
5579,10,0,0,10,10,0,0,0,True,False,0
5580,9,0,0,9,9,0,0,0,True,False,0
5581,9,0,0,9,9,0,0,0,True,False,0
5582,7,0,0,7,7,0,0,0,True,False,0
5583,9,0,0,9,9,0,0,0,True,False,0
5584,6,0,0,6,6,0,0,0,True,False,0
5585,7,0,0,7,7,0,0,0,True,False,0
5586,8,0,0,8,8,0,0,0,True,False,0
5587,8,0,0,8,8,0,0,0,True,False,0
5588,7,0,0,7,7,0,0,0,True,False,0
5589,7,0,0,7,7,0,0,0,True,False,0
5590,6,0,0,6,6,0,0,0,True,False,0
5591,7,0,0,7,7,0,0,0,True,False,0
5592,8,0,0,8,8,0,0,0,True,False,0
5593,8,0,0,8,8,0,0,0,True,False,0
5594,8,0,0,8,8,0,0,0,True,False,0
5595,7,0,0,7,7,0,0,0,True,False,0
5596,9,0,0,9,9,0,0,0,True,False,0
5597,5,0,0,5,5,0,0,0,True,False,0
5598,6,0,0,6,6,0,0,0,True,False,0
5599,6,0,0,6,6,0,0,0,True,False,0
5600,15,0,0,15,15,0,0,0,True,False,0
5601,14,0,0,14,14,0,0,0,True,False,0
5602,15,0,0,15,15,0,0,0,True,False,0
5603,15,0,0,15,15,0,0,0,True,False,0
5604,12,0,0,12,12,0,0,0,True,False,0
5605,13,0,0,13,13,0,0,0,True,False,0
5606,12,0,0,12,12,0,0,0,True,False,0
5607,14,0,0,14,14,0,0,0,True,False,0
5608,4,0,0,4,4,0,0,0,True,False,0
5609,12,0,0,12,12,0,0,0,True,False,0
5610,12,0,0,12,12,0,0,0,True,False,0
5611,12,0,0,12,12,0,0,0,True,False,0
5612,4,0,0,4,4,0,0,0,True,False,0
5613,4,0,0,4,4,0,0,0,True,False,0
5614,12,0,0,12,12,0,0,0,True,False,0
5615,12,0,0,12,12,0,0,0,True,False,0
5616,4,0,0,4,4,0,0,0,True,False,0
5617,10,0,0,10,10,0,0,0,True,False,0
5618,9,0,0,9,9,0,0,0,True,False,0
5619,11,0,0,11,11,0,0,0,True,False,0
5620,7,0,0,7,7,0,0,0,True,False,0
5621,7,0,0,7,7,0,0,0,True,False,0
5622,9,0,0,9,9,0,0,0,True,False,0
5623,16,0,0,16,16,0,0,0,True,False,0
5624,1,0,0,1,1,0,0,0,True,True,0
5625,11,0,0,11,11,0,0,0,True,False,0
5626,11,0,0,11,11,0,0,0,True,False,0
5627,13,0,0,13,13,0,0,0,True,False,0
5628,9,0,0,9,9,0,0,0,True,False,0
5629,12,0,0,12,12,0,0,0,True,False,0
5630,12,0,0,12,12,0,0,0,True,False,0
5631,12,0,0,12,12,0,0,0,True,False,0
5632,9,0,0,9,9,0,0,0,True,False,0
5633,8,0,0,8,8,0,0,0,True,False,0
5634,7,7,7,7,7,0,0,0,True,False,0
5635,5,0,0,5,5,0,0,0,True,False,0
5636,8,0,0,8,8,0,0,0,True,False,0
5637,9,0,0,9,9,0,0,0,True,False,0
5638,0,112,0,0,0,0,0,0,True,False,0
5639,0,0,0,0,0,0,0,0,True,False,0
5640,91,0,0,91,91,0,0,0,True,False,0
5641,48,0,0,48,48,0,0,0,True,False,0
5642,76,0,0,76,76,0,0,0,True,False,0
5643,9,0,0,9,9,0,0,0,True,False,0
5644,9,0,0,9,9,0,0,0,True,False,0
5645,9,0,0,9,9,0,0,0,True,False,0
5646,9,0,0,9,9,0,0,0,True,False,0
5647,7,0,0,7,7,0,0,0,True,False,0
5648,7,0,0,7,7,0,0,0,True,False,0
5649,7,0,0,7,7,0,0,0,True,False,0
5650,8,0,0,8,8,0,0,0,True,False,0
5651,9,0,0,9,9,0,0,0,True,False,0
5652,8,0,0,8,8,0,0,0,True,False,0
5653,6,0,0,6,6,0,0,0,True,False,0
5654,8,0,0,8,8,0,0,0,True,False,0
5655,7,0,0,7,7,0,0,0,True,False,0
5656,7,0,0,7,7,0,0,0,True,False,0
5657,7,0,0,7,7,0,0,0,True,False,0
5658,5,0,0,5,5,0,0,0,True,False,0
5659,5,0,0,5,5,0,0,0,True,False,0
5660,6,0,0,6,6,0,0,0,True,False,0
5661,7,0,0,7,7,0,0,0,True,False,0
5662,8,0,0,8,8,0,0,0,True,False,0
5663,6,0,0,6,6,0,0,0,True,False,0
5664,15,0,0,15,15,0,0,0,True,False,0
5665,12,0,0,12,12,0,0,0,True,False,0
5666,13,0,0,13,13,0,0,0,True,False,0
5667,12,0,0,12,12,0,0,0,True,False,0
5668,16,0,0,16,16,0,0,0,True,False,0
5669,14,0,0,14,14,0,0,0,True,False,0
5670,13,0,0,13,13,0,0,0,True,False,0
5671,16,0,0,16,16,0,0,0,True,False,0
5672,4,0,0,4,4,0,0,0,True,False,0
5673,12,0,0,12,12,0,0,0,True,False,0
5674,12,0,0,12,12,0,0,0,True,False,0
5675,12,0,0,12,12,0,0,0,True,False,0
5676,4,0,0,4,4,0,0,0,True,False,0
5677,4,0,0,4,4,0,0,0,True,False,0
5678,12,0,0,12,12,0,0,0,True,False,0
5679,12,0,0,12,12,0,0,0,True,False,0
5680,10,0,0,10,10,0,0,0,True,False,0
5681,13,0,0,13,13,0,0,0,True,False,0
5682,11,0,0,11,11,0,0,0,True,False,0
5683,7,0,0,7,7,0,0,0,True,False,0
5684,11,0,0,11,11,0,0,0,True,False,0
5685,14,0,0,14,14,0,0,0,True,False,0
5686,11,0,0,11,11,0,0,0,True,False,0
5687,6,0,0,6,6,0,0,0,True,False,0
5688,1,0,0,1,1,0,0,0,True,True,0
5689,1,0,0,1,1,0,0,0,True,True,0
5690,1,0,0,1,1,0,0,0,True,True,0
5691,1,0,0,1,1,0,0,0,True,True,0
5692,1,0,0,1,1,0,0,0,True,True,0
5693,1,0,0,1,1,0,0,0,True,True,0
5694,1,0,0,1,1,0,0,0,True,True,0
5695,1,0,0,1,1,0,0,0,True,True,0
5696,1,0,0,1,1,0,0,0,True,True,0
5697,1,0,0,1,1,0,0,0,True,True,0
5698,1,0,0,1,1,0,0,0,True,True,0
5699,1,1,1,1,1,0,0,0,True,True,0
5700,1,0,0,1,1,0,0,0,True,True,0
5701,1,0,0,1,1,0,0,0,True,True,0
5702,0,4,0,0,0,0,0,0,True,False,0
5703,0,0,0,0,0,0,0,0,True,False,0
5704,4,0,0,4,4,0,0,0,True,False,0
5705,3,0,0,3,3,0,0,0,True,False,0
5706,4,0,0,4,4,0,0,0,True,False,0
5707,1,0,0,1,1,0,0,0,True,True,0
5708,1,0,0,1,1,0,0,0,True,True,0
5709,1,0,0,1,1,0,0,0,True,True,0
5710,1,0,0,1,1,0,0,0,True,True,0
5711,1,0,0,1,1,0,0,0,True,True,0
5712,1,0,0,1,1,0,0,0,True,True,0
5713,1,0,0,1,1,0,0,0,True,True,0
5714,1,0,0,1,1,0,0,0,True,True,0
5715,1,0,0,1,1,0,0,0,True,True,0
5716,1,0,0,1,1,0,0,0,True,True,0
5717,1,0,0,1,1,0,0,0,True,True,0
5718,1,0,0,1,1,0,0,0,True,True,0
5719,1,0,0,1,1,0,0,0,True,True,0
5720,1,0,0,1,1,0,0,0,True,True,0
5721,1,0,0,1,1,0,0,0,True,True,0
5722,1,0,0,1,1,0,0,0,True,True,0
5723,1,0,0,1,1,0,0,0,True,True,0
5724,3,0,0,3,3,0,0,0,True,False,0
5725,6,0,0,6,6,0,0,0,True,False,0
5726,10,0,0,10,10,0,0,0,True,False,0
5727,10,0,0,10,10,0,0,0,True,False,0
5728,11,0,0,11,11,0,0,0,True,False,0
5729,11,0,0,11,11,0,0,0,True,False,0
5730,9,0,0,9,9,0,0,0,True,False,0
5731,10,0,0,10,10,0,0,0,True,False,0
5732,12,0,0,12,12,0,0,0,True,False,0
5733,11,0,0,11,11,0,0,0,True,False,0
5734,11,0,0,11,11,0,0,0,True,False,0
5735,8,7,7,8,8,0,0,0,True,False,0
5736,6,0,0,6,6,0,0,0,True,False,0
5737,11,0,0,11,11,0,0,0,True,False,0
5738,11,0,0,11,11,0,0,0,True,False,0
5739,11,102,10,11,11,0,0,0,True,False,0
5740,200,0,0,200,200,0,0,0,True,False,0
5741,81,0,0,81,81,0,0,0,True,False,0
5742,47,0,0,47,47,0,0,0,True,False,0
5743,66,0,0,66,66,0,0,0,True,False,0
5744,11,0,0,11,11,0,0,0,True,False,0
5745,11,0,0,11,11,0,0,0,True,False,0
5746,11,0,0,11,11,0,0,0,True,False,0
5747,13,0,0,13,13,0,0,0,True,False,0
5748,10,0,0,10,10,0,0,0,True,False,0
5749,8,4,4,8,8,0,0,0,True,False,0
5750,11,3,3,11,11,0,0,0,True,False,0
5751,8,4,4,8,8,0,0,0,True,False,0
5752,8,3,3,8,8,0,0,0,True,False,0
5753,7,3,3,7,7,0,0,0,True,False,0
5754,7,4,4,7,7,0,0,0,True,False,0
5755,8,3,3,8,8,0,0,0,True,False,0
5756,8,3,3,8,8,0,0,0,True,False,0
5757,10,0,0,10,10,0,0,0,True,False,0
5758,8,0,0,8,8,0,0,0,True,False,0
5759,7,0,0,7,7,0,0,0,True,False,0
5760,7,0,0,7,7,0,0,0,True,False,0
5761,7,0,0,7,7,0,0,0,True,False,0
5762,7,0,0,7,7,0,0,0,True,False,0
5763,8,0,0,8,8,0,0,0,True,False,0
5764,8,0,0,8,8,0,0,0,True,False,0
5765,12,0,0,12,12,0,0,0,True,False,0
5766,13,0,0,13,13,0,0,0,True,False,0
5767,12,0,0,12,12,0,0,0,True,False,0
5768,13,0,0,13,13,0,0,0,True,False,0
5769,12,0,0,12,12,0,0,0,True,False,0
5770,14,0,0,14,14,0,0,0,True,False,0
5771,13,0,0,13,13,0,0,0,True,False,0
5772,13,0,0,13,13,0,0,0,True,False,0
5773,5,0,0,5,5,0,0,0,True,False,0
5774,12,0,0,12,12,0,0,0,True,False,0
5775,5,0,0,5,5,0,0,0,True,False,0
5776,5,0,0,5,5,0,0,0,True,False,0
5777,5,0,0,5,5,0,0,0,True,False,0
5778,5,0,0,5,5,0,0,0,True,False,0
5779,7,0,0,7,7,0,0,0,True,False,0
5780,5,0,0,5,5,0,0,0,True,False,0
5781,15,0,0,15,15,0,0,0,True,False,0
5782,9,0,0,9,9,0,0,0,True,False,0
5783,7,0,0,7,7,0,0,0,True,False,0
5784,12,0,0,12,12,0,0,0,True,False,0
5785,7,0,0,7,7,0,0,0,True,False,0
5786,14,0,0,14,14,0,0,0,True,False,0
5787,13,0,0,13,13,0,0,0,True,False,0
5788,14,0,0,14,14,0,0,0,True,False,0
5789,2,0,0,2,2,0,0,0,True,True,0
5790,2,0,0,2,2,0,0,0,True,True,0
5791,2,0,0,2,2,0,0,0,True,True,0
5792,2,0,0,2,2,0,0,0,True,True,0
5793,2,0,0,2,2,0,0,0,True,True,0
5794,2,0,0,2,2,0,0,0,True,True,0
5795,2,0,0,2,2,0,0,0,True,True,0
5796,2,0,0,2,2,0,0,0,True,True,0
5797,2,0,0,2,2,0,0,0,True,True,0
5798,2,0,0,2,2,0,0,0,True,True,0
5799,2,0,0,2,2,0,0,0,True,True,0
5800,2,0,0,2,2,0,0,0,True,True,0
5801,2,0,0,2,2,0,0,0,True,True,0
5802,2,0,0,2,2,0,0,0,True,True,0
5803,2,0,0,2,2,0,0,0,True,True,0
5804,2,0,0,2,2,0,0,0,True,True,0
5805,9,0,0,9,9,0,0,0,True,False,0
5806,11,0,0,11,11,0,0,0,True,False,0
5807,10,0,0,10,10,0,0,0,True,False,0
5808,9,0,0,9,9,0,0,0,True,False,0
5809,10,0,0,10,10,0,0,0,True,False,0
5810,12,0,0,12,12,0,0,0,True,False,0
5811,10,0,0,10,10,0,0,0,True,False,0
5812,9,0,0,9,9,0,0,0,True,False,0
5813,11,0,0,11,11,0,0,0,True,False,0
5814,8,8,8,8,8,0,0,0,True,False,0
5815,5,0,0,5,5,0,0,0,True,False,0
5816,9,0,0,9,9,0,0,0,True,False,0
5817,11,0,0,11,11,0,0,0,True,False,0
5818,0,118,0,0,0,0,0,0,True,False,0
5819,0,0,0,0,0,0,0,0,True,False,0
5820,93,0,0,93,93,0,0,0,True,False,0
5821,43,0,0,43,43,0,0,0,True,False,0
5822,75,0,0,75,75,0,0,0,True,False,0
5823,10,0,0,10,10,0,0,0,True,False,0
5824,10,0,0,10,10,0,0,0,True,False,0
5825,10,0,0,10,10,0,0,0,True,False,0
5826,11,0,0,11,11,0,0,0,True,False,0
5827,13,0,0,13,13,0,0,0,True,False,0
5828,8,0,0,8,8,0,0,0,True,False,0
5829,6,0,0,6,6,0,0,0,True,False,0
5830,7,0,0,7,7,0,0,0,True,False,0
5831,9,0,0,9,9,0,0,0,True,False,0
5832,8,0,0,8,8,0,0,0,True,False,0
5833,7,0,0,7,7,0,0,0,True,False,0
5834,7,0,0,7,7,0,0,0,True,False,0
5835,8,0,0,8,8,0,0,0,True,False,0
5836,7,0,0,7,7,0,0,0,True,False,0
5837,5,0,0,5,5,0,0,0,True,False,0
5838,8,0,0,8,8,0,0,0,True,False,0
5839,9,0,0,9,9,0,0,0,True,False,0
5840,8,0,0,8,8,0,0,0,True,False,0
5841,6,0,0,6,6,0,0,0,True,False,0
5842,7,0,0,7,7,0,0,0,True,False,0
5843,8,0,0,8,8,0,0,0,True,False,0
5844,13,0,0,13,13,0,0,0,True,False,0
5845,14,0,0,14,14,0,0,0,True,False,0
5846,14,0,0,14,14,0,0,0,True,False,0
5847,13,0,0,13,13,0,0,0,True,False,0
5848,13,0,0,13,13,0,0,0,True,False,0
5849,12,0,0,12,12,0,0,0,True,False,0
5850,16,0,0,16,16,0,0,0,True,False,0
5851,14,0,0,14,14,0,0,0,True,False,0
5852,4,0,0,4,4,0,0,0,True,False,0
5853,12,0,0,12,12,0,0,0,True,False,0
5854,4,0,0,4,4,0,0,0,True,False,0
5855,4,0,0,4,4,0,0,0,True,False,0
5856,4,0,0,4,4,0,0,0,True,False,0
5857,4,0,0,4,4,0,0,0,True,False,0
5858,6,0,0,6,6,0,0,0,True,False,0
5859,4,0,0,4,4,0,0,0,True,False,0
5860,9,0,0,9,9,0,0,0,True,False,0
5861,11,0,0,11,11,0,0,0,True,False,0
5862,12,0,0,12,12,0,0,0,True,False,0
5863,9,0,0,9,9,0,0,0,True,False,0
5864,13,0,0,13,13,0,0,0,True,False,0
5865,14,0,0,14,14,0,0,0,True,False,0
5866,13,0,0,13,13,0,0,0,True,False,0
5867,15,0,0,15,15,0,0,0,True,False,0
5868,13,0,0,13,13,0,0,0,True,False,0
5869,9,0,0,9,9,0,0,0,True,False,0
5870,12,0,0,12,12,0,0,0,True,False,0
5871,11,0,0,11,11,0,0,0,True,False,0
5872,11,0,0,11,11,0,0,0,True,False,0
5873,10,0,0,10,10,0,0,0,True,False,0
5874,11,0,0,11,11,0,0,0,True,False,0
5875,12,0,0,12,12,0,0,0,True,False,0
5876,12,0,0,12,12,0,0,0,True,False,0
5877,7,7,7,7,7,0,0,0,True,False,0
5878,5,0,0,5,5,0,0,0,True,False,0
5879,12,0,0,12,12,0,0,0,True,False,0
5880,9,0,0,9,9,0,0,0,True,False,0
5881,0,123,0,0,0,0,0,0,True,False,0
5882,0,0,0,0,0,0,0,0,True,False,0
5883,87,0,0,87,87,0,0,0,True,False,0
5884,49,0,0,49,49,0,0,0,True,False,0
5885,71,0,0,71,71,0,0,0,True,False,0
5886,13,0,0,13,13,0,0,0,True,False,0
5887,12,0,0,12,12,0,0,0,True,False,0
5888,12,0,0,12,12,0,0,0,True,False,0
5889,10,0,0,10,10,0,0,0,True,False,0
5890,13,0,0,13,13,0,0,0,True,False,0
5891,7,0,0,7,7,0,0,0,True,False,0
5892,8,0,0,8,8,0,0,0,True,False,0
5893,9,0,0,9,9,0,0,0,True,False,0
5894,7,0,0,7,7,0,0,0,True,False,0
5895,7,0,0,7,7,0,0,0,True,False,0
5896,7,0,0,7,7,0,0,0,True,False,0
5897,7,0,0,7,7,0,0,0,True,False,0
5898,7,0,0,7,7,0,0,0,True,False,0
5899,6,0,0,6,6,0,0,0,True,False,0
5900,7,0,0,7,7,0,0,0,True,False,0
5901,6,0,0,6,6,0,0,0,True,False,0
5902,6,0,0,6,6,0,0,0,True,False,0
5903,6,0,0,6,6,0,0,0,True,False,0
5904,5,0,0,5,5,0,0,0,True,False,0
5905,9,0,0,9,9,0,0,0,True,False,0
5906,7,0,0,7,7,0,0,0,True,False,0
5907,14,0,0,14,14,0,0,0,True,False,0
5908,15,0,0,15,15,0,0,0,True,False,0
5909,11,0,0,11,11,0,0,0,True,False,0
5910,13,0,0,13,13,0,0,0,True,False,0
5911,13,0,0,13,13,0,0,0,True,False,0
5912,14,0,0,14,14,0,0,0,True,False,0
5913,13,0,0,13,13,0,0,0,True,False,0
5914,16,0,0,16,16,0,0,0,True,False,0
5915,4,0,0,4,4,0,0,0,True,False,0
5916,12,0,0,12,12,0,0,0,True,False,0
5917,4,0,0,4,4,0,0,0,True,False,0
5918,4,0,0,4,4,0,0,0,True,False,0
5919,4,0,0,4,4,0,0,0,True,False,0
5920,4,0,0,4,4,0,0,0,True,False,0
5921,6,0,0,6,6,0,0,0,True,False,0
5922,4,0,0,4,4,0,0,0,True,False,0
5923,8,0,0,8,8,0,0,0,True,False,0
5924,6,0,0,6,6,0,0,0,True,False,0
5925,12,0,0,12,12,0,0,0,True,False,0
5926,9,0,0,9,9,0,0,0,True,False,0
5927,13,0,0,13,13,0,0,0,True,False,0
5928,12,0,0,12,12,0,0,0,True,False,0
5929,15,0,0,15,15,0,0,0,True,False,0
5930,4,0,0,4,4,0,0,0,True,False,0
5931,10,0,0,10,10,0,0,0,True,False,0
5932,12,0,0,12,12,0,0,0,True,False,0
5933,9,0,0,9,9,0,0,0,True,False,0
5934,11,0,0,11,11,0,0,0,True,False,0
5935,9,0,0,9,9,0,0,0,True,False,0
5936,12,0,0,12,12,0,0,0,True,False,0
5937,10,0,0,10,10,0,0,0,True,False,0
5938,11,0,0,11,11,0,0,0,True,False,0
5939,11,0,0,11,11,0,0,0,True,False,0
5940,8,8,8,8,8,0,0,0,True,False,0
5941,5,0,0,5,5,0,0,0,True,False,0
5942,10,0,0,10,10,0,0,0,True,False,0
5943,12,0,0,12,12,0,0,0,True,False,0
5944,0,125,0,0,0,0,0,0,True,False,0
5945,0,0,0,0,0,0,0,0,True,False,0
5946,87,0,0,87,87,0,0,0,True,False,0
5947,50,0,0,50,50,0,0,0,True,False,0
5948,72,0,0,72,72,0,0,0,True,False,0
5949,9,0,0,9,9,0,0,0,True,False,0
5950,8,0,0,8,8,0,0,0,True,False,0
5951,11,0,0,11,11,0,0,0,True,False,0
5952,10,0,0,10,10,0,0,0,True,False,0
5953,12,0,0,12,12,0,0,0,True,False,0
5954,6,0,0,6,6,0,0,0,True,False,0
5955,9,0,0,9,9,0,0,0,True,False,0
5956,7,0,0,7,7,0,0,0,True,False,0
5957,7,0,0,7,7,0,0,0,True,False,0
5958,7,0,0,7,7,0,0,0,True,False,0
5959,8,0,0,8,8,0,0,0,True,False,0
5960,7,0,0,7,7,0,0,0,True,False,0
5961,9,0,0,9,9,0,0,0,True,False,0
5962,6,0,0,6,6,0,0,0,True,False,0
5963,7,0,0,7,7,0,0,0,True,False,0
5964,6,0,0,6,6,0,0,0,True,False,0
5965,7,0,0,7,7,0,0,0,True,False,0
5966,7,0,0,7,7,0,0,0,True,False,0
5967,7,0,0,7,7,0,0,0,True,False,0
5968,9,0,0,9,9,0,0,0,True,False,0
5969,6,0,0,6,6,0,0,0,True,False,0
5970,17,0,0,17,17,0,0,0,True,False,0
5971,14,0,0,14,14,0,0,0,True,False,0
5972,11,0,0,11,11,0,0,0,True,False,0
5973,13,0,0,13,13,0,0,0,True,False,0
5974,15,0,0,15,15,0,0,0,True,False,0
5975,15,0,0,15,15,0,0,0,True,False,0
5976,13,0,0,13,13,0,0,0,True,False,0
5977,13,0,0,13,13,0,0,0,True,False,0
5978,4,0,0,4,4,0,0,0,True,False,0
5979,12,0,0,12,12,0,0,0,True,False,0
5980,4,0,0,4,4,0,0,0,True,False,0
5981,4,0,0,4,4,0,0,0,True,False,0
5982,4,0,0,4,4,0,0,0,True,False,0
5983,4,0,0,4,4,0,0,0,True,False,0
5984,6,0,0,6,6,0,0,0,True,False,0
5985,4,0,0,4,4,0,0,0,True,False,0
5986,9,0,0,9,9,0,0,0,True,False,0
5987,15,0,0,15,15,0,0,0,True,False,0
5988,7,0,0,7,7,0,0,0,True,False,0
5989,9,0,0,9,9,0,0,0,True,False,0
5990,11,0,0,11,11,0,0,0,True,False,0
5991,10,0,0,10,10,0,0,0,True,False,0
5992,12,0,0,12,12,0,0,0,True,False,0
5993,15,0,0,15,15,0,0,0,True,False,0
5994,11,0,0,11,11,0,0,0,True,False,0
5995,11,0,0,11,11,0,0,0,True,False,0
5996,10,0,0,10,10,0,0,0,True,False,0
5997,11,0,0,11,11,0,0,0,True,False,0
5998,10,0,0,10,10,0,0,0,True,False,0
5999,11,0,0,11,11,0,0,0,True,False,0
6000,10,0,0,10,10,0,0,0,True,False,0
6001,10,0,0,10,10,0,0,0,True,False,0
6002,10,1,1,10,10,0,0,0,True,False,0
6003,7,7,7,7,7,0,0,0,True,False,0
6004,5,0,0,5,5,0,0,0,True,False,0
6005,10,1,1,10,10,0,0,0,True,False,0
6006,11,1,1,11,11,0,0,0,True,False,0
6007,0,129,0,0,0,0,0,0,True,False,0
6008,0,0,0,0,0,0,0,0,True,False,0
6009,90,0,0,90,90,0,0,0,True,False,0
6010,47,0,0,47,47,0,0,0,True,False,0
6011,74,0,0,74,74,0,0,0,True,False,0
6012,9,1,1,9,9,0,0,0,True,False,0
6013,10,1,1,10,10,0,0,0,True,False,0
6014,9,1,1,9,9,0,0,0,True,False,0
6015,10,1,1,10,10,0,0,0,True,False,0
6016,9,1,1,9,9,0,0,0,True,False,0
6017,8,0,0,8,8,0,0,0,True,False,0
6018,8,0,0,8,8,0,0,0,True,False,0
6019,8,0,0,8,8,0,0,0,True,False,0
6020,8,0,0,8,8,0,0,0,True,False,0
6021,9,0,0,9,9,0,0,0,True,False,0
6022,9,0,0,9,9,0,0,0,True,False,0
6023,6,0,0,6,6,0,0,0,True,False,0
6024,6,0,0,6,6,0,0,0,True,False,0
6025,7,0,0,7,7,0,0,0,True,False,0
6026,6,0,0,6,6,0,0,0,True,False,0
6027,7,0,0,7,7,0,0,0,True,False,0
6028,7,0,0,7,7,0,0,0,True,False,0
6029,6,0,0,6,6,0,0,0,True,False,0
6030,6,0,0,6,6,0,0,0,True,False,0
6031,7,0,0,7,7,0,0,0,True,False,0
6032,8,0,0,8,8,0,0,0,True,False,0
6033,13,0,0,13,13,0,0,0,True,False,0
6034,14,0,0,14,14,0,0,0,True,False,0
6035,14,0,0,14,14,0,0,0,True,False,0
6036,13,0,0,13,13,0,0,0,True,False,0
6037,11,0,0,11,11,0,0,0,True,False,0
6038,11,0,0,11,11,0,0,0,True,False,0
6039,11,0,0,11,11,0,0,0,True,False,0
6040,15,0,0,15,15,0,0,0,True,False,0
6041,4,0,0,4,4,0,0,0,True,False,0
6042,12,0,0,12,12,0,0,0,True,False,0
6043,4,0,0,4,4,0,0,0,True,False,0
6044,4,0,0,4,4,0,0,0,True,False,0
6045,4,0,0,4,4,0,0,0,True,False,0
6046,4,0,0,4,4,0,0,0,True,False,0
6047,6,0,0,6,6,0,0,0,True,False,0
6048,4,0,0,4,4,0,0,0,True,False,0
6049,10,0,0,10,10,0,0,0,True,False,0
6050,9,0,0,9,9,0,0,0,True,False,0
6051,15,0,0,15,15,0,0,0,True,False,0
6052,4,0,0,4,4,0,0,0,True,False,0
6053,7,0,0,7,7,0,0,0,True,False,0
6054,7,0,0,7,7,0,0,0,True,False,0
6055,9,0,0,9,9,0,0,0,True,False,0
6056,9,0,0,9,9,0,0,0,True,False,0
6057,9,0,0,9,9,0,0,0,True,False,0
6058,11,0,0,11,11,0,0,0,True,False,0
6059,11,0,0,11,11,0,0,0,True,False,0
6060,13,0,0,13,13,0,0,0,True,False,0
6061,10,0,0,10,10,0,0,0,True,False,0
6062,10,0,0,10,10,0,0,0,True,False,0
6063,12,0,0,12,12,0,0,0,True,False,0
6064,9,0,0,9,9,0,0,0,True,False,0
6065,9,0,0,9,9,0,0,0,True,False,0
6066,8,8,8,8,8,0,0,0,True,False,0
6067,5,0,0,5,5,0,0,0,True,False,0
6068,8,0,0,8,8,0,0,0,True,False,0
6069,10,0,0,10,10,0,0,0,True,False,0
6070,10,117,10,10,10,0,0,0,True,False,0
6071,200,0,0,200,200,0,0,0,True,False,0
6072,97,0,0,97,97,0,0,0,True,False,0
6073,50,0,0,50,50,0,0,0,True,False,0
6074,73,0,0,73,73,0,0,0,True,False,0
6075,9,0,0,9,9,0,0,0,True,False,0
6076,9,0,0,9,9,0,0,0,True,False,0
6077,9,0,0,9,9,0,0,0,True,False,0
6078,9,0,0,9,9,0,0,0,True,False,0
6079,8,0,0,8,8,0,0,0,True,False,0
6080,7,0,0,7,7,0,0,0,True,False,0
6081,8,0,0,8,8,0,0,0,True,False,0
6082,8,0,0,8,8,0,0,0,True,False,0
6083,7,0,0,7,7,0,0,0,True,False,0
6084,7,0,0,7,7,0,0,0,True,False,0
6085,9,0,0,9,9,0,0,0,True,False,0
6086,7,0,0,7,7,0,0,0,True,False,0
6087,9,0,0,9,9,0,0,0,True,False,0
6088,6,0,0,6,6,0,0,0,True,False,0
6089,7,0,0,7,7,0,0,0,True,False,0
6090,7,0,0,7,7,0,0,0,True,False,0
6091,8,0,0,8,8,0,0,0,True,False,0
6092,8,0,0,8,8,0,0,0,True,False,0
6093,10,0,0,10,10,0,0,0,True,False,0
6094,6,0,0,6,6,0,0,0,True,False,0
6095,7,0,0,7,7,0,0,0,True,False,0
6096,13,0,0,13,13,0,0,0,True,False,0
6097,12,0,0,12,12,0,0,0,True,False,0
6098,14,0,0,14,14,0,0,0,True,False,0
6099,14,0,0,14,14,0,0,0,True,False,0
6100,14,0,0,14,14,0,0,0,True,False,0
6101,13,0,0,13,13,0,0,0,True,False,0
6102,11,0,0,11,11,0,0,0,True,False,0
6103,12,0,0,12,12,0,0,0,True,False,0
6104,4,0,0,4,4,0,0,0,True,False,0
6105,12,0,0,12,12,0,0,0,True,False,0
6106,4,0,0,4,4,0,0,0,True,False,0
6107,4,0,0,4,4,0,0,0,True,False,0
6108,4,0,0,4,4,0,0,0,True,False,0
6109,4,0,0,4,4,0,0,0,True,False,0
6110,6,0,0,6,6,0,0,0,True,False,0
6111,4,0,0,4,4,0,0,0,True,False,0
6112,10,0,0,10,10,0,0,0,True,False,0
6113,8,0,0,8,8,0,0,0,True,False,0
6114,9,0,0,9,9,0,0,0,True,False,0
6115,8,0,0,8,8,0,0,0,True,False,0
6116,13,0,0,13,13,0,0,0,True,False,0
6117,10,0,0,10,10,0,0,0,True,False,0
6118,10,0,0,10,10,0,0,0,True,False,0
6119,14,0,0,14,14,0,0,0,True,False,0
6120,9,0,0,9,9,0,0,0,True,False,0
6121,9,0,0,9,9,0,0,0,True,False,0
6122,11,0,0,11,11,0,0,0,True,False,0
6123,12,0,0,12,12,0,0,0,True,False,0
6124,9,0,0,9,9,0,0,0,True,False,0
6125,10,0,0,10,10,0,0,0,True,False,0
6126,11,0,0,11,11,0,0,0,True,False,0
6127,12,0,0,12,12,0,0,0,True,False,0
6128,9,0,0,9,9,0,0,0,True,False,0
6129,7,7,7,7,7,0,0,0,True,False,0
6130,5,0,0,5,5,0,0,0,True,False,0
6131,8,0,0,8,8,0,0,0,True,False,0
6132,7,0,0,7,7,0,0,0,True,False,0
6133,0,128,0,0,0,0,0,0,True,False,0
6134,0,0,0,0,0,0,0,0,True,False,0
6135,91,0,0,91,91,0,0,0,True,False,0
6136,48,0,0,48,48,0,0,0,True,False,0
6137,74,0,0,74,74,0,0,0,True,False,0
6138,9,0,0,9,9,0,0,0,True,False,0
6139,10,0,0,10,10,0,0,0,True,False,0
6140,8,0,0,8,8,0,0,0,True,False,0
6141,10,0,0,10,10,0,0,0,True,False,0
6142,9,0,0,9,9,0,0,0,True,False,0
6143,8,0,0,8,8,0,0,0,True,False,0
6144,8,0,0,8,8,0,0,0,True,False,0
6145,7,0,0,7,7,0,0,0,True,False,0
6146,7,0,0,7,7,0,0,0,True,False,0
6147,8,0,0,8,8,0,0,0,True,False,0
6148,7,0,0,7,7,0,0,0,True,False,0
6149,8,0,0,8,8,0,0,0,True,False,0
6150,6,0,0,6,6,0,0,0,True,False,0
6151,5,0,0,5,5,0,0,0,True,False,0
6152,8,0,0,8,8,0,0,0,True,False,0
6153,8,0,0,8,8,0,0,0,True,False,0
6154,6,0,0,6,6,0,0,0,True,False,0
6155,7,0,0,7,7,0,0,0,True,False,0
6156,9,0,0,9,9,0,0,0,True,False,0
6157,8,0,0,8,8,0,0,0,True,False,0
6158,8,0,0,8,8,0,0,0,True,False,0
6159,15,0,0,15,15,0,0,0,True,False,0
6160,13,0,0,13,13,0,0,0,True,False,0
6161,12,0,0,12,12,0,0,0,True,False,0
6162,14,0,0,14,14,0,0,0,True,False,0
6163,13,0,0,13,13,0,0,0,True,False,0
6164,15,0,0,15,15,0,0,0,True,False,0
6165,12,0,0,12,12,0,0,0,True,False,0
6166,13,0,0,13,13,0,0,0,True,False,0
6167,4,0,0,4,4,0,0,0,True,False,0
6168,12,0,0,12,12,0,0,0,True,False,0
6169,4,0,0,4,4,0,0,0,True,False,0
6170,4,0,0,4,4,0,0,0,True,False,0
6171,4,0,0,4,4,0,0,0,True,False,0
6172,4,0,0,4,4,0,0,0,True,False,0
6173,6,0,0,6,6,0,0,0,True,False,0
6174,4,0,0,4,4,0,0,0,True,False,0
6175,9,0,0,9,9,0,0,0,True,False,0
6176,14,0,0,14,14,0,0,0,True,False,0
6177,12,0,0,12,12,0,0,0,True,False,0
6178,12,0,0,12,12,0,0,0,True,False,0
6179,11,0,0,11,11,0,0,0,True,False,0
6180,8,0,0,8,8,0,0,0,True,False,0
6181,7,0,0,7,7,0,0,0,True,False,0
6182,3,0,0,3,3,0,0,0,True,False,0
6183,10,0,0,10,10,0,0,0,True,False,0
6184,11,0,0,11,11,0,0,0,True,False,0
6185,12,0,0,12,12,0,0,0,True,False,0
6186,13,0,0,13,13,0,0,0,True,False,0
6187,11,0,0,11,11,0,0,0,True,False,0
6188,11,0,0,11,11,0,0,0,True,False,0
6189,10,0,0,10,10,0,0,0,True,False,0
6190,13,0,0,13,13,0,0,0,True,False,0
6191,8,0,0,8,8,0,0,0,True,False,0
6192,8,8,8,8,8,0,0,0,True,False,0
6193,5,0,0,5,5,0,0,0,True,False,0
6194,9,0,0,9,9,0,0,0,True,False,0
6195,10,0,0,10,10,0,0,0,True,False,0
6196,0,114,0,0,0,0,0,0,True,False,0
6197,0,0,0,0,0,0,0,0,True,False,0
6198,93,0,0,93,93,0,0,0,True,False,0
6199,47,0,0,47,47,0,0,0,True,False,0
6200,74,0,0,74,74,0,0,0,True,False,0
6201,7,0,0,7,7,0,0,0,True,False,0
6202,8,0,0,8,8,0,0,0,True,False,0
6203,7,0,0,7,7,0,0,0,True,False,0
6204,9,0,0,9,9,0,0,0,True,False,0
6205,9,0,0,9,9,0,0,0,True,False,0
6206,7,0,0,7,7,0,0,0,True,False,0
6207,7,0,0,7,7,0,0,0,True,False,0
6208,8,0,0,8,8,0,0,0,True,False,0
6209,7,0,0,7,7,0,0,0,True,False,0
6210,8,0,0,8,8,0,0,0,True,False,0
6211,8,0,0,8,8,0,0,0,True,False,0
6212,7,0,0,7,7,0,0,0,True,False,0
6213,7,0,0,7,7,0,0,0,True,False,0
6214,7,0,0,7,7,0,0,0,True,False,0
6215,7,0,0,7,7,0,0,0,True,False,0
6216,8,0,0,8,8,0,0,0,True,False,0
6217,5,0,0,5,5,0,0,0,True,False,0
6218,8,0,0,8,8,0,0,0,True,False,0
6219,9,0,0,9,9,0,0,0,True,False,0
6220,7,0,0,7,7,0,0,0,True,False,0
6221,7,0,0,7,7,0,0,0,True,False,0
6222,12,0,0,12,12,0,0,0,True,False,0
6223,13,0,0,13,13,0,0,0,True,False,0
6224,12,0,0,12,12,0,0,0,True,False,0
6225,13,0,0,13,13,0,0,0,True,False,0
6226,12,0,0,12,12,0,0,0,True,False,0
6227,15,0,0,15,15,0,0,0,True,False,0
6228,13,0,0,13,13,0,0,0,True,False,0
6229,11,0,0,11,11,0,0,0,True,False,0
6230,4,0,0,4,4,0,0,0,True,False,0
6231,12,0,0,12,12,0,0,0,True,False,0
6232,4,0,0,4,4,0,0,0,True,False,0
6233,4,0,0,4,4,0,0,0,True,False,0
6234,4,0,0,4,4,0,0,0,True,False,0
6235,4,0,0,4,4,0,0,0,True,False,0
6236,6,0,0,6,6,0,0,0,True,False,0
6237,4,0,0,4,4,0,0,0,True,False,0
6238,10,0,0,10,10,0,0,0,True,False,0
6239,9,0,0,9,9,0,0,0,True,False,0
6240,14,0,0,14,14,0,0,0,True,False,0
6241,6,0,0,6,6,0,0,0,True,False,0
6242,6,0,0,6,6,0,0,0,True,False,0
6243,10,0,0,10,10,0,0,0,True,False,0
6244,4,0,0,4,4,0,0,0,True,False,0
6245,12,0,0,12,12,0,0,0,True,False,0
6246,11,0,0,11,11,0,0,0,True,False,0
6247,10,0,0,10,10,0,0,0,True,False,0
6248,10,0,0,10,10,0,0,0,True,False,0
6249,9,0,0,9,9,0,0,0,True,False,0
6250,10,0,0,10,10,0,0,0,True,False,0
6251,10,0,0,10,10,0,0,0,True,False,0
6252,12,0,0,12,12,0,0,0,True,False,0
6253,11,0,0,11,11,0,0,0,True,False,0
6254,7,0,0,7,7,0,0,0,True,False,0
6255,7,7,7,7,7,0,0,0,True,False,0
6256,5,0,0,5,5,0,0,0,True,False,0
6257,9,0,0,9,9,0,0,0,True,False,0
6258,7,0,0,7,7,0,0,0,True,False,0
6259,0,118,0,0,0,0,0,0,True,False,0
6260,0,0,0,0,0,0,0,0,True,False,0
6261,90,0,0,90,90,0,0,0,True,False,0
6262,51,0,0,51,51,0,0,0,True,False,0
6263,74,0,0,74,74,0,0,0,True,False,0
6264,10,0,0,10,10,0,0,0,True,False,0
6265,7,0,0,7,7,0,0,0,True,False,0
6266,8,0,0,8,8,0,0,0,True,False,0
6267,7,0,0,7,7,0,0,0,True,False,0
6268,8,0,0,8,8,0,0,0,True,False,0
6269,8,0,0,8,8,0,0,0,True,False,0
6270,9,0,0,9,9,0,0,0,True,False,0
6271,7,0,0,7,7,0,0,0,True,False,0
6272,8,0,0,8,8,0,0,0,True,False,0
6273,10,0,0,10,10,0,0,0,True,False,0
6274,8,0,0,8,8,0,0,0,True,False,0
6275,7,0,0,7,7,0,0,0,True,False,0
6276,7,0,0,7,7,0,0,0,True,False,0
6277,7,0,0,7,7,0,0,0,True,False,0
6278,8,0,0,8,8,0,0,0,True,False,0
6279,8,0,0,8,8,0,0,0,True,False,0
6280,8,0,0,8,8,0,0,0,True,False,0
6281,6,0,0,6,6,0,0,0,True,False,0
6282,6,0,0,6,6,0,0,0,True,False,0
6283,9,0,0,9,9,0,0,0,True,False,0
6284,7,0,0,7,7,0,0,0,True,False,0
6285,13,0,0,13,13,0,0,0,True,False,0
6286,12,0,0,12,12,0,0,0,True,False,0
6287,14,0,0,14,14,0,0,0,True,False,0
6288,15,0,0,15,15,0,0,0,True,False,0
6289,15,0,0,15,15,0,0,0,True,False,0
6290,13,0,0,13,13,0,0,0,True,False,0
6291,13,0,0,13,13,0,0,0,True,False,0
6292,14,0,0,14,14,0,0,0,True,False,0
6293,4,0,0,4,4,0,0,0,True,False,0
6294,12,0,0,12,12,0,0,0,True,False,0
6295,4,0,0,4,4,0,0,0,True,False,0
6296,4,0,0,4,4,0,0,0,True,False,0
6297,4,0,0,4,4,0,0,0,True,False,0
6298,4,0,0,4,4,0,0,0,True,False,0
6299,6,0,0,6,6,0,0,0,True,False,0
6300,4,0,0,4,4,0,0,0,True,False,0
6301,6,0,0,6,6,0,0,0,True,False,0
6302,12,0,0,12,12,0,0,0,True,False,0
6303,10,0,0,10,10,0,0,0,True,False,0
6304,7,0,0,7,7,0,0,0,True,False,0
6305,8,0,0,8,8,0,0,0,True,False,0
6306,9,0,0,9,9,0,0,0,True,False,0
6307,9,0,0,9,9,0,0,0,True,False,0
6308,9,0,0,9,9,0,0,0,True,False,0
6309,1,0,0,1,1,0,0,0,True,True,0
6310,1,0,0,1,1,0,0,0,True,True,0
6311,10,0,0,10,10,0,0,0,True,False,0
6312,10,0,0,10,10,0,0,0,True,False,0
6313,9,0,0,9,9,0,0,0,True,False,0
6314,12,0,0,12,12,0,0,0,True,False,0
6315,11,0,0,11,11,0,0,0,True,False,0
6316,9,0,0,9,9,0,0,0,True,False,0
6317,11,0,0,11,11,0,0,0,True,False,0
6318,12,0,0,12,12,0,0,0,True,False,0
6319,9,0,0,9,9,0,0,0,True,False,0
6320,8,8,8,8,8,0,0,0,True,False,0
6321,5,0,0,5,5,0,0,0,True,False,0
6322,8,0,0,8,8,0,0,0,True,False,0
6323,7,0,0,7,7,0,0,0,True,False,0
6324,0,116,0,0,0,0,0,0,True,False,0
6325,0,0,0,0,0,0,0,0,True,False,0
6326,91,0,0,91,91,0,0,0,True,False,0
6327,48,0,0,48,48,0,0,0,True,False,0
6328,70,0,0,70,70,0,0,0,True,False,0
6329,8,0,0,8,8,0,0,0,True,False,0
6330,9,0,0,9,9,0,0,0,True,False,0
6331,9,0,0,9,9,0,0,0,True,False,0
6332,8,0,0,8,8,0,0,0,True,False,0
6333,9,0,0,9,9,0,0,0,True,False,0
6334,7,0,0,7,7,0,0,0,True,False,0
6335,6,0,0,6,6,0,0,0,True,False,0
6336,7,0,0,7,7,0,0,0,True,False,0
6337,9,0,0,9,9,0,0,0,True,False,0
6338,7,0,0,7,7,0,0,0,True,False,0
6339,7,0,0,7,7,0,0,0,True,False,0
6340,6,0,0,6,6,0,0,0,True,False,0
6341,7,0,0,7,7,0,0,0,True,False,0
6342,7,0,0,7,7,0,0,0,True,False,0
6343,7,0,0,7,7,0,0,0,True,False,0
6344,8,0,0,8,8,0,0,0,True,False,0
6345,7,0,0,7,7,0,0,0,True,False,0
6346,7,0,0,7,7,0,0,0,True,False,0
6347,6,0,0,6,6,0,0,0,True,False,0
6348,6,0,0,6,6,0,0,0,True,False,0
6349,7,0,0,7,7,0,0,0,True,False,0
6350,13,0,0,13,13,0,0,0,True,False,0
6351,12,0,0,12,12,0,0,0,True,False,0
6352,14,0,0,14,14,0,0,0,True,False,0
6353,11,0,0,11,11,0,0,0,True,False,0
6354,13,0,0,13,13,0,0,0,True,False,0
6355,14,0,0,14,14,0,0,0,True,False,0
6356,13,0,0,13,13,0,0,0,True,False,0
6357,12,0,0,12,12,0,0,0,True,False,0
6358,4,0,0,4,4,0,0,0,True,False,0
6359,12,0,0,12,12,0,0,0,True,False,0
6360,4,0,0,4,4,0,0,0,True,False,0
6361,4,0,0,4,4,0,0,0,True,False,0
6362,4,0,0,4,4,0,0,0,True,False,0
6363,4,0,0,4,4,0,0,0,True,False,0
6364,6,0,0,6,6,0,0,0,True,False,0
6365,4,0,0,4,4,0,0,0,True,False,0
6366,14,0,0,14,14,0,0,0,True,False,0
6367,13,0,0,13,13,0,0,0,True,False,0
6368,9,0,0,9,9,0,0,0,True,False,0
6369,13,0,0,13,13,0,0,0,True,False,0
6370,6,0,0,6,6,0,0,0,True,False,0
6371,8,0,0,8,8,0,0,0,True,False,0
6372,14,0,0,14,14,0,0,0,True,False,0
6373,12,0,0,12,12,0,0,0,True,False,0
6374,1,0,0,1,1,0,0,0,True,True,0
6375,1,0,0,1,1,0,0,0,True,True,0
6376,1,0,0,1,1,0,0,0,True,True,0
6377,1,0,0,1,1,0,0,0,True,True,0
6378,1,0,0,1,1,0,0,0,True,True,0
6379,1,0,0,1,1,0,0,0,True,True,0
6380,1,0,0,1,1,0,0,0,True,True,0
6381,2,0,0,2,2,0,0,0,True,True,0
6382,1,0,0,1,1,0,0,0,True,True,0
6383,2,0,0,2,2,0,0,0,True,True,0
6384,1,0,0,1,1,0,0,0,True,True,0
6385,2,0,0,2,2,0,0,0,True,True,0
6386,1,0,0,1,1,0,0,0,True,True,0
6387,1,0,0,1,1,0,0,0,True,True,0
6388,2,0,0,2,2,0,0,0,True,True,0
6389,1,1,1,1,1,0,0,0,True,True,0
6390,1,0,0,1,1,0,0,0,True,True,0
6391,2,0,0,2,2,0,0,0,True,True,0
6392,0,14,0,0,0,0,0,0,True,False,0
6393,0,0,0,0,0,0,0,0,True,False,0
6394,11,0,0,11,11,0,0,0,True,False,0
6395,6,0,0,6,6,0,0,0,True,False,0
6396,9,0,0,9,9,0,0,0,True,False,0
6397,2,0,0,2,2,0,0,0,True,True,0
6398,1,0,0,1,1,0,0,0,True,True,0
6399,1,0,0,1,1,0,0,0,True,True,0
6400,1,0,0,1,1,0,0,0,True,True,0
6401,1,0,0,1,1,0,0,0,True,True,0
6402,1,0,0,1,1,0,0,0,True,True,0
6403,1,0,0,1,1,0,0,0,True,True,0
6404,1,0,0,1,1,0,0,0,True,True,0
6405,1,0,0,1,1,0,0,0,True,True,0
6406,1,0,0,1,1,0,0,0,True,True,0
6407,1,0,0,1,1,0,0,0,True,True,0
6408,1,0,0,1,1,0,0,0,True,True,0
6409,1,0,0,1,1,0,0,0,True,True,0
6410,2,0,0,2,2,0,0,0,True,True,0
6411,1,0,0,1,1,0,0,0,True,True,0
6412,1,0,0,1,1,0,0,0,True,True,0
6413,1,0,0,1,1,0,0,0,True,True,0
6414,1,0,0,1,1,0,0,0,True,True,0
6415,1,0,0,1,1,0,0,0,True,True,0
6416,1,0,0,1,1,0,0,0,True,True,0
6417,2,0,0,2,2,0,0,0,True,True,0
6418,1,0,0,1,1,0,0,0,True,True,0
6419,1,0,0,1,1,0,0,0,True,True,0
6420,3,0,0,3,3,0,0,0,True,False,0
6421,2,0,0,2,2,0,0,0,True,True,0
6422,1,0,0,1,1,0,0,0,True,True,0
6423,1,0,0,1,1,0,0,0,True,True,0
6424,2,0,0,2,2,0,0,0,True,True,0
6425,1,0,0,1,1,0,0,0,True,True,0
6426,2,0,0,2,2,0,0,0,True,True,0
6427,1,0,0,1,1,0,0,0,True,True,0
6428,1,0,0,1,1,0,0,0,True,True,0
6429,4,0,0,4,4,0,0,0,True,False,0
6430,3,0,0,3,3,0,0,0,True,False,0
6431,6,0,0,6,6,0,0,0,True,False,0
6432,1,0,0,1,1,0,0,0,True,True,0
6433,4,0,0,4,4,0,0,0,True,False,0
6434,10,0,0,10,10,0,0,0,False,False,0
6435,10,0,0,10,10,0,0,0,False,False,0
6436,9,0,0,9,9,0,0,0,False,False,0
6437,9,0,0,9,9,0,0,0,False,False,0
6438,10,0,0,10,10,0,0,0,False,False,0
6439,9,0,0,9,9,0,0,0,False,False,0
6440,8,0,0,8,8,0,0,0,False,False,0
6441,11,0,0,11,11,0,0,0,False,False,0
6442,11,0,0,11,11,0,0,0,False,False,0
6443,8,7,7,8,8,0,0,0,False,False,0
6444,6,0,0,6,6,0,0,0,False,False,0
6445,10,0,0,10,10,0,0,0,False,False,0
6446,10,0,0,10,10,0,0,0,False,False,0
6447,11,95,10,11,11,0,0,0,False,False,0
6448,200,0,0,200,200,0,0,0,False,False,0
6449,76,0,0,76,76,0,0,0,False,False,0
6450,36,0,0,36,36,0,0,0,False,False,0
6451,61,0,0,61,61,0,0,0,False,False,0
6452,11,0,0,11,11,0,0,0,False,False,0
6453,11,0,0,11,11,0,0,0,False,False,0
6454,9,0,0,9,9,0,0,0,False,False,0
6455,9,0,0,9,9,0,0,0,False,False,0
6456,11,0,0,11,11,0,0,0,False,False,0
6457,7,3,3,7,7,0,0,0,False,False,0
6458,7,4,4,7,7,0,0,0,False,False,0
6459,7,4,4,7,7,0,0,0,False,False,0
6460,7,3,3,7,7,0,0,0,False,False,0
6461,9,3,3,9,9,0,0,0,False,False,0
6462,7,4,4,7,7,0,0,0,False,False,0
6463,6,3,3,6,6,0,0,0,False,False,0
6464,7,3,3,7,7,0,0,0,False,False,0
6465,9,0,0,9,9,0,0,0,False,False,0
6466,7,0,0,7,7,0,0,0,False,False,0
6467,9,0,0,9,9,0,0,0,False,False,0
6468,8,0,0,8,8,0,0,0,False,False,0
6469,7,0,0,7,7,0,0,0,False,False,0
6470,8,0,0,8,8,0,0,0,False,False,0
6471,7,0,0,7,7,0,0,0,False,False,0
6472,7,0,0,7,7,0,0,0,False,False,0
6473,12,0,0,12,12,0,0,0,False,False,0
6474,13,0,0,13,13,0,0,0,False,False,0
6475,12,0,0,12,12,0,0,0,False,False,0
6476,12,0,0,12,12,0,0,0,False,False,0
6477,11,0,0,11,11,0,0,0,False,False,0
6478,13,0,0,13,13,0,0,0,False,False,0
6479,12,0,0,12,12,0,0,0,False,False,0
6480,12,0,0,12,12,0,0,0,False,False,0
6481,11,0,0,11,11,0,0,0,False,False,0
6482,6,0,0,6,6,0,0,0,False,False,0
6483,5,0,0,5,5,0,0,0,False,False,0
6484,6,0,0,6,6,0,0,0,False,False,0
6485,5,0,0,5,5,0,0,0,False,False,0
6486,5,0,0,5,5,0,0,0,False,False,0
6487,5,0,0,5,5,0,0,0,False,False,0
6488,11,0,0,11,11,0,0,0,False,False,0
6489,11,0,0,11,11,0,0,0,False,False,0
6490,7,0,0,7,7,0,0,0,False,False,0
6491,11,0,0,11,11,0,0,0,False,False,0
6492,11,0,0,11,11,0,0,0,False,False,0
6493,14,0,0,14,14,0,0,0,False,False,0
6494,13,0,0,13,13,0,0,0,False,False,0
6495,9,0,0,9,9,0,0,0,False,False,0
6496,10,0,0,10,10,0,0,0,False,False,0
6497,2,0,0,2,2,0,0,0,False,True,0
6498,2,0,0,2,2,0,0,0,False,True,0
6499,2,0,0,2,2,0,0,0,False,True,0
6500,2,0,0,2,2,0,0,0,False,True,0
6501,2,0,0,2,2,0,0,0,False,True,0
6502,2,0,0,2,2,0,0,0,False,True,0
6503,2,0,0,2,2,0,0,0,False,True,0
6504,2,0,0,2,2,0,0,0,False,True,0
6505,2,0,0,2,2,0,0,0,False,True,0
6506,2,0,0,2,2,0,0,0,False,True,0
6507,2,0,0,2,2,0,0,0,False,True,0
6508,2,0,0,2,2,0,0,0,False,True,0
6509,2,0,0,2,2,0,0,0,False,True,0
6510,2,0,0,2,2,0,0,0,False,True,0
6511,2,0,0,2,2,0,0,0,False,True,0
6512,2,0,0,2,2,0,0,0,False,True,0
6513,10,0,0,10,10,0,0,0,True,False,0
6514,12,0,0,12,12,0,0,0,True,False,0
6515,10,0,0,10,10,0,0,0,True,False,0
6516,12,0,0,12,12,0,0,0,True,False,0
6517,8,0,0,8,8,0,0,0,True,False,0
6518,11,0,0,11,11,0,0,0,True,False,0
6519,12,0,0,12,12,0,0,0,True,False,0
6520,11,0,0,11,11,0,0,0,True,False,0
6521,13,0,0,13,13,0,0,0,True,False,0
6522,7,7,7,7,7,0,0,0,True,False,0
6523,4,0,0,4,4,0,0,0,True,False,0
6524,11,0,0,11,11,0,0,0,True,False,0
6525,12,0,0,12,12,0,0,0,True,False,0
6526,0,126,0,0,0,0,0,0,True,False,0
6527,0,0,0,0,0,0,0,0,True,False,0
6528,92,0,0,92,92,0,0,0,True,False,0
6529,49,0,0,49,49,0,0,0,True,False,0
6530,76,0,0,76,76,0,0,0,True,False,0
6531,10,0,0,10,10,0,0,0,True,False,0
6532,11,0,0,11,11,0,0,0,True,False,0
6533,14,0,0,14,14,0,0,0,True,False,0
6534,13,0,0,13,13,0,0,0,True,False,0
6535,11,0,0,11,11,0,0,0,True,False,0
6536,7,0,0,7,7,0,0,0,True,False,0
6537,8,0,0,8,8,0,0,0,True,False,0
6538,7,0,0,7,7,0,0,0,True,False,0
6539,8,0,0,8,8,0,0,0,True,False,0
6540,7,0,0,7,7,0,0,0,True,False,0
6541,8,0,0,8,8,0,0,0,True,False,0
6542,6,0,0,6,6,0,0,0,True,False,0
6543,9,0,0,9,9,0,0,0,True,False,0
6544,8,0,0,8,8,0,0,0,True,False,0
6545,7,0,0,7,7,0,0,0,True,False,0
6546,7,0,0,7,7,0,0,0,True,False,0
6547,6,0,0,6,6,0,0,0,True,False,0
6548,7,0,0,7,7,0,0,0,True,False,0
6549,7,0,0,7,7,0,0,0,True,False,0
6550,6,0,0,6,6,0,0,0,True,False,0
6551,7,0,0,7,7,0,0,0,True,False,0
6552,12,0,0,12,12,0,0,0,True,False,0
6553,12,0,0,12,12,0,0,0,True,False,0
6554,12,0,0,12,12,0,0,0,True,False,0
6555,13,0,0,13,13,0,0,0,True,False,0
6556,13,0,0,13,13,0,0,0,True,False,0
6557,13,0,0,13,13,0,0,0,True,False,0
6558,16,0,0,16,16,0,0,0,True,False,0
6559,15,0,0,15,15,0,0,0,True,False,0
6560,12,0,0,12,12,0,0,0,True,False,0
6561,6,0,0,6,6,0,0,0,True,False,0
6562,4,0,0,4,4,0,0,0,True,False,0
6563,6,0,0,6,6,0,0,0,True,False,0
6564,4,0,0,4,4,0,0,0,True,False,0
6565,4,0,0,4,4,0,0,0,True,False,0
6566,4,0,0,4,4,0,0,0,True,False,0
6567,12,0,0,12,12,0,0,0,True,False,0
6568,12,0,0,12,12,0,0,0,True,False,0
6569,15,0,0,15,15,0,0,0,True,False,0
6570,13,0,0,13,13,0,0,0,True,False,0
6571,16,0,0,16,16,0,0,0,True,False,0
6572,7,0,0,7,7,0,0,0,True,False,0
6573,9,0,0,9,9,0,0,0,True,False,0
6574,16,0,0,16,16,0,0,0,True,False,0
6575,9,0,0,9,9,0,0,0,True,False,0
6576,12,0,0,12,12,0,0,0,True,False,0
6577,11,0,0,11,11,0,0,0,True,False,0
6578,9,0,0,9,9,0,0,0,True,False,0
6579,11,0,0,11,11,0,0,0,True,False,0
6580,10,0,0,10,10,0,0,0,True,False,0
6581,11,0,0,11,11,0,0,0,True,False,0
6582,12,0,0,12,12,0,0,0,True,False,0
6583,11,0,0,11,11,0,0,0,True,False,0
6584,10,0,0,10,10,0,0,0,True,False,0
6585,7,7,7,7,7,0,0,0,True,False,0
6586,5,0,0,5,5,0,0,0,True,False,0
6587,12,0,0,12,12,0,0,0,True,False,0
6588,11,0,0,11,11,0,0,0,True,False,0
6589,0,117,0,0,0,0,0,0,True,False,0
6590,0,0,0,0,0,0,0,0,True,False,0
6591,93,0,0,93,93,0,0,0,True,False,0
6592,48,0,0,48,48,0,0,0,True,False,0
6593,74,0,0,74,74,0,0,0,True,False,0
6594,9,0,0,9,9,0,0,0,True,False,0
6595,11,0,0,11,11,0,0,0,True,False,0
6596,10,0,0,10,10,0,0,0,True,False,0
6597,10,0,0,10,10,0,0,0,True,False,0
6598,11,0,0,11,11,0,0,0,True,False,0
6599,8,0,0,8,8,0,0,0,True,False,0
6600,10,0,0,10,10,0,0,0,True,False,0
6601,7,0,0,7,7,0,0,0,True,False,0
6602,8,0,0,8,8,0,0,0,True,False,0
6603,8,0,0,8,8,0,0,0,True,False,0
6604,8,0,0,8,8,0,0,0,True,False,0
6605,7,0,0,7,7,0,0,0,True,False,0
6606,9,0,0,9,9,0,0,0,True,False,0
6607,8,0,0,8,8,0,0,0,True,False,0
6608,9,0,0,9,9,0,0,0,True,False,0
6609,6,0,0,6,6,0,0,0,True,False,0
6610,8,0,0,8,8,0,0,0,True,False,0
6611,6,0,0,6,6,0,0,0,True,False,0
6612,9,0,0,9,9,0,0,0,True,False,0
6613,7,0,0,7,7,0,0,0,True,False,0
6614,5,0,0,5,5,0,0,0,True,False,0
6615,12,0,0,12,12,0,0,0,True,False,0
6616,12,0,0,12,12,0,0,0,True,False,0
6617,15,0,0,15,15,0,0,0,True,False,0
6618,13,0,0,13,13,0,0,0,True,False,0
6619,15,0,0,15,15,0,0,0,True,False,0
6620,13,0,0,13,13,0,0,0,True,False,0
6621,13,0,0,13,13,0,0,0,True,False,0
6622,13,0,0,13,13,0,0,0,True,False,0
6623,12,0,0,12,12,0,0,0,True,False,0
6624,6,0,0,6,6,0,0,0,True,False,0
6625,4,0,0,4,4,0,0,0,True,False,0
6626,6,0,0,6,6,0,0,0,True,False,0
6627,4,0,0,4,4,0,0,0,True,False,0
6628,4,0,0,4,4,0,0,0,True,False,0
6629,4,0,0,4,4,0,0,0,True,False,0
6630,12,0,0,12,12,0,0,0,True,False,0
6631,7,0,0,7,7,0,0,0,True,False,0
6632,12,0,0,12,12,0,0,0,True,False,0
6633,11,0,0,11,11,0,0,0,True,False,0
6634,8,0,0,8,8,0,0,0,True,False,0
6635,8,0,0,8,8,0,0,0,True,False,0
6636,6,0,0,6,6,0,0,0,True,False,0
6637,6,0,0,6,6,0,0,0,True,False,0
6638,18,0,0,18,18,0,0,0,True,False,0
6639,10,0,0,10,10,0,0,0,True,False,0
6640,13,0,0,13,13,0,0,0,True,False,0
6641,10,0,0,10,10,0,0,0,True,False,0
6642,10,0,0,10,10,0,0,0,True,False,0
6643,10,0,0,10,10,0,0,0,True,False,0
6644,12,0,0,12,12,0,0,0,True,False,0
6645,9,0,0,9,9,0,0,0,True,False,0
6646,11,0,0,11,11,0,0,0,True,False,0
6647,11,0,0,11,11,0,0,0,True,False,0
6648,8,8,8,8,8,0,0,0,True,False,0
6649,5,0,0,5,5,0,0,0,True,False,0
6650,11,0,0,11,11,0,0,0,True,False,0
6651,10,0,0,10,10,0,0,0,True,False,0
6652,0,113,0,0,0,0,0,0,True,False,0
6653,0,0,0,0,0,0,0,0,True,False,0
6654,91,0,0,91,91,0,0,0,True,False,0
6655,46,0,0,46,46,0,0,0,True,False,0
6656,78,0,0,78,78,0,0,0,True,False,0
6657,11,0,0,11,11,0,0,0,True,False,0
6658,10,0,0,10,10,0,0,0,True,False,0
6659,13,0,0,13,13,0,0,0,True,False,0
6660,14,0,0,14,14,0,0,0,True,False,0
6661,11,0,0,11,11,0,0,0,True,False,0
6662,7,0,0,7,7,0,0,0,True,False,0
6663,7,0,0,7,7,0,0,0,True,False,0
6664,8,0,0,8,8,0,0,0,True,False,0
6665,7,0,0,7,7,0,0,0,True,False,0
6666,7,0,0,7,7,0,0,0,True,False,0
6667,8,0,0,8,8,0,0,0,True,False,0
6668,9,0,0,9,9,0,0,0,True,False,0
6669,8,0,0,8,8,0,0,0,True,False,0
6670,7,0,0,7,7,0,0,0,True,False,0
6671,6,0,0,6,6,0,0,0,True,False,0
6672,8,0,0,8,8,0,0,0,True,False,0
6673,6,0,0,6,6,0,0,0,True,False,0
6674,7,0,0,7,7,0,0,0,True,False,0
6675,7,0,0,7,7,0,0,0,True,False,0
6676,7,0,0,7,7,0,0,0,True,False,0
6677,9,0,0,9,9,0,0,0,True,False,0
6678,13,0,0,13,13,0,0,0,True,False,0
6679,13,0,0,13,13,0,0,0,True,False,0
6680,12,0,0,12,12,0,0,0,True,False,0
6681,15,0,0,15,15,0,0,0,True,False,0
6682,13,0,0,13,13,0,0,0,True,False,0
6683,13,0,0,13,13,0,0,0,True,False,0
6684,13,0,0,13,13,0,0,0,True,False,0
6685,14,0,0,14,14,0,0,0,True,False,0
6686,12,0,0,12,12,0,0,0,True,False,0
6687,6,0,0,6,6,0,0,0,True,False,0
6688,4,0,0,4,4,0,0,0,True,False,0
6689,6,0,0,6,6,0,0,0,True,False,0
6690,4,0,0,4,4,0,0,0,True,False,0
6691,4,0,0,4,4,0,0,0,True,False,0
6692,4,0,0,4,4,0,0,0,True,False,0
6693,12,0,0,12,12,0,0,0,True,False,0
6694,6,0,0,6,6,0,0,0,True,False,0
6695,6,0,0,6,6,0,0,0,True,False,0
6696,8,0,0,8,8,0,0,0,True,False,0
6697,9,0,0,9,9,0,0,0,True,False,0
6698,4,0,0,4,4,0,0,0,True,False,0
6699,6,0,0,6,6,0,0,0,True,False,0
6700,16,0,0,16,16,0,0,0,True,False,0
6701,12,0,0,12,12,0,0,0,True,False,0
6702,11,0,0,11,11,0,0,0,True,False,0
6703,13,0,0,13,13,0,0,0,True,False,0
6704,11,0,0,11,11,0,0,0,True,False,0
6705,11,0,0,11,11,0,0,0,True,False,0
6706,12,0,0,12,12,0,0,0,True,False,0
6707,11,0,0,11,11,0,0,0,True,False,0
6708,12,0,0,12,12,0,0,0,True,False,0
6709,10,0,0,10,10,0,0,0,True,False,0
6710,8,1,1,8,8,0,0,0,True,False,0
6711,7,7,7,7,7,0,0,0,True,False,0
6712,5,0,0,5,5,0,0,0,True,False,0
6713,11,1,1,11,11,0,0,0,True,False,0
6714,9,1,1,9,9,0,0,0,True,False,0
6715,0,116,0,0,0,0,0,0,True,False,0
6716,0,0,0,0,0,0,0,0,True,False,0
6717,94,0,0,94,94,0,0,0,True,False,0
6718,48,0,0,48,48,0,0,0,True,False,0
6719,73,0,0,73,73,0,0,0,True,False,0
6720,10,1,1,10,10,0,0,0,True,False,0
6721,10,1,1,10,10,0,0,0,True,False,0
6722,10,1,1,10,10,0,0,0,True,False,0
6723,8,1,1,8,8,0,0,0,True,False,0
6724,10,1,1,10,10,0,0,0,True,False,0
6725,9,0,0,9,9,0,0,0,True,False,0
6726,7,0,0,7,7,0,0,0,True,False,0
6727,7,0,0,7,7,0,0,0,True,False,0
6728,7,0,0,7,7,0,0,0,True,False,0
6729,8,0,0,8,8,0,0,0,True,False,0
6730,7,0,0,7,7,0,0,0,True,False,0
6731,7,0,0,7,7,0,0,0,True,False,0
6732,8,0,0,8,8,0,0,0,True,False,0
6733,9,0,0,9,9,0,0,0,True,False,0
6734,7,0,0,7,7,0,0,0,True,False,0
6735,7,0,0,7,7,0,0,0,True,False,0
6736,7,0,0,7,7,0,0,0,True,False,0
6737,6,0,0,6,6,0,0,0,True,False,0
6738,7,0,0,7,7,0,0,0,True,False,0
6739,8,0,0,8,8,0,0,0,True,False,0
6740,7,0,0,7,7,0,0,0,True,False,0
6741,13,0,0,13,13,0,0,0,True,False,0
6742,10,0,0,10,10,0,0,0,True,False,0
6743,12,0,0,12,12,0,0,0,True,False,0
6744,14,0,0,14,14,0,0,0,True,False,0
6745,13,0,0,13,13,0,0,0,True,False,0
6746,13,0,0,13,13,0,0,0,True,False,0
6747,15,0,0,15,15,0,0,0,True,False,0
6748,13,0,0,13,13,0,0,0,True,False,0
6749,12,0,0,12,12,0,0,0,True,False,0
6750,6,0,0,6,6,0,0,0,True,False,0
6751,4,0,0,4,4,0,0,0,True,False,0
6752,6,0,0,6,6,0,0,0,True,False,0
6753,4,0,0,4,4,0,0,0,True,False,0
6754,4,0,0,4,4,0,0,0,True,False,0
6755,4,0,0,4,4,0,0,0,True,False,0
6756,12,0,0,12,12,0,0,0,True,False,0
6757,13,0,0,13,13,0,0,0,True,False,0
6758,11,0,0,11,11,0,0,0,True,False,0
6759,10,0,0,10,10,0,0,0,True,False,0
6760,11,0,0,11,11,0,0,0,True,False,0
6761,9,0,0,9,9,0,0,0,True,False,0
6762,15,0,0,15,15,0,0,0,True,False,0
6763,10,0,0,10,10,0,0,0,True,False,0
6764,8,0,0,8,8,0,0,0,True,False,0
6765,11,0,0,11,11,0,0,0,True,False,0
6766,9,0,0,9,9,0,0,0,True,False,0
6767,8,0,0,8,8,0,0,0,True,False,0
6768,13,0,0,13,13,0,0,0,True,False,0
6769,9,0,0,9,9,0,0,0,True,False,0
6770,12,0,0,12,12,0,0,0,True,False,0
6771,11,0,0,11,11,0,0,0,True,False,0
6772,11,0,0,11,11,0,0,0,True,False,0
6773,8,0,0,8,8,0,0,0,True,False,0
6774,8,8,8,8,8,0,0,0,True,False,0
6775,5,0,0,5,5,0,0,0,True,False,0
6776,8,0,0,8,8,0,0,0,True,False,0
6777,9,0,0,9,9,0,0,0,True,False,0
6778,10,119,10,10,10,0,0,0,True,False,0
6779,200,0,0,200,200,0,0,0,True,False,0
6780,95,0,0,95,95,0,0,0,True,False,0
6781,48,0,0,48,48,0,0,0,True,False,0
6782,80,0,0,80,80,0,0,0,True,False,0
6783,8,0,0,8,8,0,0,0,True,False,0
6784,9,0,0,9,9,0,0,0,True,False,0
6785,9,0,0,9,9,0,0,0,True,False,0
6786,8,0,0,8,8,0,0,0,True,False,0
6787,8,0,0,8,8,0,0,0,True,False,0
6788,8,0,0,8,8,0,0,0,True,False,0
6789,7,0,0,7,7,0,0,0,True,False,0
6790,7,0,0,7,7,0,0,0,True,False,0
6791,7,0,0,7,7,0,0,0,True,False,0
6792,7,0,0,7,7,0,0,0,True,False,0
6793,6,0,0,6,6,0,0,0,True,False,0
6794,7,0,0,7,7,0,0,0,True,False,0
6795,8,0,0,8,8,0,0,0,True,False,0
6796,9,0,0,9,9,0,0,0,True,False,0
6797,7,0,0,7,7,0,0,0,True,False,0
6798,7,0,0,7,7,0,0,0,True,False,0
6799,8,0,0,8,8,0,0,0,True,False,0
6800,8,0,0,8,8,0,0,0,True,False,0
6801,6,0,0,6,6,0,0,0,True,False,0
6802,7,0,0,7,7,0,0,0,True,False,0
6803,7,0,0,7,7,0,0,0,True,False,0
6804,14,0,0,14,14,0,0,0,True,False,0
6805,11,0,0,11,11,0,0,0,True,False,0
6806,14,0,0,14,14,0,0,0,True,False,0
6807,15,0,0,15,15,0,0,0,True,False,0
6808,12,0,0,12,12,0,0,0,True,False,0
6809,13,0,0,13,13,0,0,0,True,False,0
6810,12,0,0,12,12,0,0,0,True,False,0
6811,14,0,0,14,14,0,0,0,True,False,0
6812,12,0,0,12,12,0,0,0,True,False,0
6813,6,0,0,6,6,0,0,0,True,False,0
6814,4,0,0,4,4,0,0,0,True,False,0
6815,6,0,0,6,6,0,0,0,True,False,0
6816,4,0,0,4,4,0,0,0,True,False,0
6817,4,0,0,4,4,0,0,0,True,False,0
6818,4,0,0,4,4,0,0,0,True,False,0
6819,12,0,0,12,12,0,0,0,True,False,0
6820,16,0,0,16,16,0,0,0,True,False,0
6821,8,0,0,8,8,0,0,0,True,False,0
6822,4,0,0,4,4,0,0,0,True,False,0
6823,7,0,0,7,7,0,0,0,True,False,0
6824,9,0,0,9,9,0,0,0,True,False,0
6825,15,0,0,15,15,0,0,0,True,False,0
6826,9,0,0,9,9,0,0,0,True,False,0
6827,8,0,0,8,8,0,0,0,True,False,0
6828,10,0,0,10,10,0,0,0,True,False,0
6829,9,0,0,9,9,0,0,0,True,False,0
6830,11,0,0,11,11,0,0,0,True,False,0
6831,8,0,0,8,8,0,0,0,True,False,0
6832,10,0,0,10,10,0,0,0,True,False,0
6833,11,0,0,11,11,0,0,0,True,False,0
6834,8,0,0,8,8,0,0,0,True,False,0
6835,12,0,0,12,12,0,0,0,True,False,0
6836,7,0,0,7,7,0,0,0,True,False,0
6837,7,7,7,7,7,0,0,0,True,False,0
6838,5,0,0,5,5,0,0,0,True,False,0
6839,6,0,0,6,6,0,0,0,True,False,0
6840,7,0,0,7,7,0,0,0,True,False,0
6841,0,119,0,0,0,0,0,0,True,False,0
6842,0,0,0,0,0,0,0,0,True,False,0
6843,93,0,0,93,93,0,0,0,True,False,0
6844,50,0,0,50,50,0,0,0,True,False,0
6845,70,0,0,70,70,0,0,0,True,False,0
6846,8,0,0,8,8,0,0,0,True,False,0
6847,9,0,0,9,9,0,0,0,True,False,0
6848,8,0,0,8,8,0,0,0,True,False,0
6849,8,0,0,8,8,0,0,0,True,False,0
6850,8,0,0,8,8,0,0,0,True,False,0
6851,8,0,0,8,8,0,0,0,True,False,0
6852,6,0,0,6,6,0,0,0,True,False,0
6853,7,0,0,7,7,0,0,0,True,False,0
6854,7,0,0,7,7,0,0,0,True,False,0
6855,8,0,0,8,8,0,0,0,True,False,0
6856,8,0,0,8,8,0,0,0,True,False,0
6857,9,0,0,9,9,0,0,0,True,False,0
6858,7,0,0,7,7,0,0,0,True,False,0
6859,6,0,0,6,6,0,0,0,True,False,0
6860,8,0,0,8,8,0,0,0,True,False,0
6861,7,0,0,7,7,0,0,0,True,False,0
6862,6,0,0,6,6,0,0,0,True,False,0
6863,7,0,0,7,7,0,0,0,True,False,0
6864,7,0,0,7,7,0,0,0,True,False,0
6865,6,0,0,6,6,0,0,0,True,False,0
6866,8,0,0,8,8,0,0,0,True,False,0
6867,14,0,0,14,14,0,0,0,True,False,0
6868,14,0,0,14,14,0,0,0,True,False,0
6869,13,0,0,13,13,0,0,0,True,False,0
6870,13,0,0,13,13,0,0,0,True,False,0
6871,13,0,0,13,13,0,0,0,True,False,0
6872,14,0,0,14,14,0,0,0,True,False,0
6873,12,0,0,12,12,0,0,0,True,False,0
6874,14,0,0,14,14,0,0,0,True,False,0
6875,12,0,0,12,12,0,0,0,True,False,0
6876,6,0,0,6,6,0,0,0,True,False,0
6877,4,0,0,4,4,0,0,0,True,False,0
6878,6,0,0,6,6,0,0,0,True,False,0
6879,4,0,0,4,4,0,0,0,True,False,0
6880,4,0,0,4,4,0,0,0,True,False,0
6881,4,0,0,4,4,0,0,0,True,False,0
6882,12,0,0,12,12,0,0,0,True,False,0
6883,10,0,0,10,10,0,0,0,True,False,0
6884,6,0,0,6,6,0,0,0,True,False,0
6885,15,0,0,15,15,0,0,0,True,False,0
6886,4,0,0,4,4,0,0,0,True,False,0
6887,10,0,0,10,10,0,0,0,True,False,0
6888,17,0,0,17,17,0,0,0,True,False,0
6889,13,0,0,13,13,0,0,0,True,False,0
6890,11,0,0,11,11,0,0,0,True,False,0
6891,11,0,0,11,11,0,0,0,True,False,0
6892,10,0,0,10,10,0,0,0,True,False,0
6893,10,0,0,10,10,0,0,0,True,False,0
6894,13,0,0,13,13,0,0,0,True,False,0
6895,9,0,0,9,9,0,0,0,True,False,0
6896,10,0,0,10,10,0,0,0,True,False,0
6897,10,0,0,10,10,0,0,0,True,False,0
6898,11,0,0,11,11,0,0,0,True,False,0
6899,11,0,0,11,11,0,0,0,True,False,0
6900,7,7,7,7,7,0,0,0,True,False,0
6901,5,0,0,5,5,0,0,0,True,False,0
6902,8,0,0,8,8,0,0,0,True,False,0
6903,8,0,0,8,8,0,0,0,True,False,0
6904,0,121,0,0,0,0,0,0,True,False,0
6905,0,0,0,0,0,0,0,0,True,False,0
6906,89,0,0,89,89,0,0,0,True,False,0
6907,48,0,0,48,48,0,0,0,True,False,0
6908,75,0,0,75,75,0,0,0,True,False,0
6909,10,0,0,10,10,0,0,0,True,False,0
6910,8,0,0,8,8,0,0,0,True,False,0
6911,7,0,0,7,7,0,0,0,True,False,0
6912,9,0,0,9,9,0,0,0,True,False,0
6913,11,0,0,11,11,0,0,0,True,False,0
6914,7,0,0,7,7,0,0,0,True,False,0
6915,7,0,0,7,7,0,0,0,True,False,0
6916,7,0,0,7,7,0,0,0,True,False,0
6917,7,0,0,7,7,0,0,0,True,False,0
6918,7,0,0,7,7,0,0,0,True,False,0
6919,8,0,0,8,8,0,0,0,True,False,0
6920,8,0,0,8,8,0,0,0,True,False,0
6921,7,0,0,7,7,0,0,0,True,False,0
6922,10,0,0,10,10,0,0,0,True,False,0
6923,8,0,0,8,8,0,0,0,True,False,0
6924,8,0,0,8,8,0,0,0,True,False,0
6925,8,0,0,8,8,0,0,0,True,False,0
6926,6,0,0,6,6,0,0,0,True,False,0
6927,8,0,0,8,8,0,0,0,True,False,0
6928,6,0,0,6,6,0,0,0,True,False,0
6929,6,0,0,6,6,0,0,0,True,False,0
6930,11,0,0,11,11,0,0,0,True,False,0
6931,15,0,0,15,15,0,0,0,True,False,0
6932,15,0,0,15,15,0,0,0,True,False,0
6933,14,0,0,14,14,0,0,0,True,False,0
6934,14,0,0,14,14,0,0,0,True,False,0
6935,12,0,0,12,12,0,0,0,True,False,0
6936,14,0,0,14,14,0,0,0,True,False,0
6937,15,0,0,15,15,0,0,0,True,False,0
6938,12,0,0,12,12,0,0,0,True,False,0
6939,6,0,0,6,6,0,0,0,True,False,0
6940,4,0,0,4,4,0,0,0,True,False,0
6941,6,0,0,6,6,0,0,0,True,False,0
6942,4,0,0,4,4,0,0,0,True,False,0
6943,4,0,0,4,4,0,0,0,True,False,0
6944,4,0,0,4,4,0,0,0,True,False,0
6945,12,0,0,12,12,0,0,0,True,False,0
6946,9,0,0,9,9,0,0,0,True,False,0
6947,10,0,0,10,10,0,0,0,True,False,0
6948,14,0,0,14,14,0,0,0,True,False,0
6949,9,0,0,9,9,0,0,0,True,False,0
6950,6,0,0,6,6,0,0,0,True,False,0
6951,8,0,0,8,8,0,0,0,True,False,0
6952,5,0,0,5,5,0,0,0,True,False,0
6953,12,0,0,12,12,0,0,0,True,False,0
6954,12,0,0,12,12,0,0,0,True,False,0
6955,10,0,0,10,10,0,0,0,True,False,0
6956,10,0,0,10,10,0,0,0,True,False,0
6957,8,0,0,8,8,0,0,0,True,False,0
6958,11,0,0,11,11,0,0,0,True,False,0
6959,12,0,0,12,12,0,0,0,True,False,0
6960,11,0,0,11,11,0,0,0,True,False,0
6961,12,0,0,12,12,0,0,0,True,False,0
6962,8,0,0,8,8,0,0,0,True,False,0
6963,8,8,8,8,8,0,0,0,True,False,0
6964,5,0,0,5,5,0,0,0,True,False,0
6965,9,0,0,9,9,0,0,0,True,False,0
6966,9,0,0,9,9,0,0,0,True,False,0
6967,0,115,0,0,0,0,0,0,True,False,0
6968,0,0,0,0,0,0,0,0,True,False,0
6969,92,0,0,92,92,0,0,0,True,False,0
6970,50,0,0,50,50,0,0,0,True,False,0
6971,76,0,0,76,76,0,0,0,True,False,0
6972,11,0,0,11,11,0,0,0,True,False,0
6973,7,0,0,7,7,0,0,0,True,False,0
6974,8,0,0,8,8,0,0,0,True,False,0
6975,8,0,0,8,8,0,0,0,True,False,0
6976,10,0,0,10,10,0,0,0,True,False,0
6977,8,0,0,8,8,0,0,0,True,False,0
6978,6,0,0,6,6,0,0,0,True,False,0
6979,8,0,0,8,8,0,0,0,True,False,0
6980,7,0,0,7,7,0,0,0,True,False,0
6981,7,0,0,7,7,0,0,0,True,False,0
6982,7,0,0,7,7,0,0,0,True,False,0
6983,9,0,0,9,9,0,0,0,True,False,0
6984,7,0,0,7,7,0,0,0,True,False,0
6985,7,0,0,7,7,0,0,0,True,False,0
6986,5,0,0,5,5,0,0,0,True,False,0
6987,6,0,0,6,6,0,0,0,True,False,0
6988,8,0,0,8,8,0,0,0,True,False,0
6989,9,0,0,9,9,0,0,0,True,False,0
6990,8,0,0,8,8,0,0,0,True,False,0
6991,9,0,0,9,9,0,0,0,True,False,0
6992,7,0,0,7,7,0,0,0,True,False,0
6993,13,0,0,13,13,0,0,0,True,False,0
6994,13,0,0,13,13,0,0,0,True,False,0
6995,14,0,0,14,14,0,0,0,True,False,0
6996,11,0,0,11,11,0,0,0,True,False,0
6997,15,0,0,15,15,0,0,0,True,False,0
6998,13,0,0,13,13,0,0,0,True,False,0
6999,13,0,0,13,13,0,0,0,True,False,0
7000,15,0,0,15,15,0,0,0,True,False,0
7001,12,0,0,12,12,0,0,0,True,False,0
7002,6,0,0,6,6,0,0,0,True,False,0
7003,4,0,0,4,4,0,0,0,True,False,0
7004,6,0,0,6,6,0,0,0,True,False,0
7005,4,0,0,4,4,0,0,0,True,False,0
7006,4,0,0,4,4,0,0,0,True,False,0
7007,4,0,0,4,4,0,0,0,True,False,0
7008,12,0,0,12,12,0,0,0,True,False,0
7009,11,0,0,11,11,0,0,0,True,False,0
7010,9,0,0,9,9,0,0,0,True,False,0
7011,6,0,0,6,6,0,0,0,True,False,0
7012,4,0,0,4,4,0,0,0,True,False,0
7013,11,0,0,11,11,0,0,0,True,False,0
7014,10,0,0,10,10,0,0,0,True,False,0
7015,12,0,0,12,12,0,0,0,True,False,0
7016,10,0,0,10,10,0,0,0,True,False,0
7017,1,0,0,1,1,0,0,0,True,True,0
7018,1,0,0,1,1,0,0,0,True,True,0
7019,1,0,0,1,1,0,0,0,True,True,0
7020,1,0,0,1,1,0,0,0,True,True,0
7021,11,0,0,11,11,0,0,0,True,False,0
7022,13,0,0,13,13,0,0,0,True,False,0
7023,12,0,0,12,12,0,0,0,True,False,0
7024,10,0,0,10,10,0,0,0,True,False,0
7025,13,0,0,13,13,0,0,0,True,False,0
7026,9,0,0,9,9,0,0,0,True,False,0
7027,10,0,0,10,10,0,0,0,True,False,0
7028,10,0,0,10,10,0,0,0,True,False,0
7029,8,0,0,8,8,0,0,0,True,False,0
7030,7,7,7,7,7,0,0,0,True,False,0
7031,5,0,0,5,5,0,0,0,True,False,0
7032,8,0,0,8,8,0,0,0,True,False,0
7033,10,0,0,10,10,0,0,0,True,False,0
7034,0,126,0,0,0,0,0,0,True,False,0
7035,0,0,0,0,0,0,0,0,True,False,0
7036,91,0,0,91,91,0,0,0,True,False,0
7037,47,0,0,47,47,0,0,0,True,False,0
7038,77,0,0,77,77,0,0,0,True,False,0
7039,8,0,0,8,8,0,0,0,True,False,0
7040,9,0,0,9,9,0,0,0,True,False,0
7041,10,0,0,10,10,0,0,0,True,False,0
7042,7,0,0,7,7,0,0,0,True,False,0
7043,7,0,0,7,7,0,0,0,True,False,0
7044,9,0,0,9,9,0,0,0,True,False,0
7045,8,0,0,8,8,0,0,0,True,False,0
7046,8,0,0,8,8,0,0,0,True,False,0
7047,6,0,0,6,6,0,0,0,True,False,0
7048,7,0,0,7,7,0,0,0,True,False,0
7049,9,0,0,9,9,0,0,0,True,False,0
7050,7,0,0,7,7,0,0,0,True,False,0
7051,7,0,0,7,7,0,0,0,True,False,0
7052,8,0,0,8,8,0,0,0,True,False,0
7053,7,0,0,7,7,0,0,0,True,False,0
7054,10,0,0,10,10,0,0,0,True,False,0
7055,7,0,0,7,7,0,0,0,True,False,0
7056,6,0,0,6,6,0,0,0,True,False,0
7057,8,0,0,8,8,0,0,0,True,False,0
7058,7,0,0,7,7,0,0,0,True,False,0
7059,8,0,0,8,8,0,0,0,True,False,0
7060,15,0,0,15,15,0,0,0,True,False,0
7061,13,0,0,13,13,0,0,0,True,False,0
7062,12,0,0,12,12,0,0,0,True,False,0
7063,13,0,0,13,13,0,0,0,True,False,0
7064,14,0,0,14,14,0,0,0,True,False,0
7065,14,0,0,14,14,0,0,0,True,False,0
7066,13,0,0,13,13,0,0,0,True,False,0
7067,14,0,0,14,14,0,0,0,True,False,0
7068,12,0,0,12,12,0,0,0,True,False,0
7069,6,0,0,6,6,0,0,0,True,False,0
7070,4,0,0,4,4,0,0,0,True,False,0
7071,6,0,0,6,6,0,0,0,True,False,0
7072,4,0,0,4,4,0,0,0,True,False,0
7073,4,0,0,4,4,0,0,0,True,False,0
7074,4,0,0,4,4,0,0,0,True,False,0
7075,12,0,0,12,12,0,0,0,True,False,0
7076,10,0,0,10,10,0,0,0,True,False,0
7077,8,0,0,8,8,0,0,0,True,False,0
7078,9,0,0,9,9,0,0,0,True,False,0
7079,14,0,0,14,14,0,0,0,True,False,0
7080,9,0,0,9,9,0,0,0,True,False,0
7081,9,0,0,9,9,0,0,0,True,False,0
7082,15,0,0,15,15,0,0,0,True,False,0
7083,9,0,0,9,9,0,0,0,True,False,0
7084,1,0,0,1,1,0,0,0,True,True,0
7085,1,0,0,1,1,0,0,0,True,True,0
7086,1,0,0,1,1,0,0,0,True,True,0
7087,3,0,0,3,3,0,0,0,True,False,0
7088,2,0,0,2,2,0,0,0,True,True,0
7089,2,0,0,2,2,0,0,0,True,True,0
7090,2,0,0,2,2,0,0,0,True,True,0
7091,2,0,0,2,2,0,0,0,True,True,0
7092,2,0,0,2,2,0,0,0,True,True,0
7093,2,0,0,2,2,0,0,0,True,True,0
7094,2,0,0,2,2,0,0,0,True,True,0
7095,1,0,0,1,1,0,0,0,True,True,0
7096,2,2,2,2,2,0,0,0,True,True,0
7097,1,0,0,1,1,0,0,0,True,True,0
7098,2,0,0,2,2,0,0,0,True,True,0
7099,1,0,0,1,1,0,0,0,True,True,0
7100,0,23,0,0,0,0,0,0,True,False,0
7101,0,0,0,0,0,0,0,0,True,False,0
7102,16,0,0,16,16,0,0,0,True,False,0
7103,10,0,0,10,10,0,0,0,True,False,0
7104,13,0,0,13,13,0,0,0,True,False,0
7105,2,0,0,2,2,0,0,0,True,True,0
7106,1,0,0,1,1,0,0,0,True,True,0
7107,3,0,0,3,3,0,0,0,True,False,0
7108,2,0,0,2,2,0,0,0,True,True,0
7109,1,0,0,1,1,0,0,0,True,True,0
7110,2,0,0,2,2,0,0,0,True,True,0
7111,1,0,0,1,1,0,0,0,True,True,0
7112,1,0,0,1,1,0,0,0,True,True,0
7113,1,0,0,1,1,0,0,0,True,True,0
7114,2,0,0,2,2,0,0,0,True,True,0
7115,1,0,0,1,1,0,0,0,True,True,0
7116,2,0,0,2,2,0,0,0,True,True,0
7117,2,0,0,2,2,0,0,0,True,True,0
7118,1,0,0,1,1,0,0,0,True,True,0
7119,2,0,0,2,2,0,0,0,True,True,0
7120,1,0,0,1,1,0,0,0,True,True,0
7121,1,0,0,1,1,0,0,0,True,True,0
7122,1,0,0,1,1,0,0,0,True,True,0
7123,1,0,0,1,1,0,0,0,True,True,0
7124,1,0,0,1,1,0,0,0,True,True,0
7125,1,0,0,1,1,0,0,0,True,True,0
7126,2,0,0,2,2,0,0,0,True,True,0
7127,2,0,0,2,2,0,0,0,True,True,0
7128,2,0,0,2,2,0,0,0,True,True,0
7129,4,0,0,4,4,0,0,0,True,False,0
7130,2,0,0,2,2,0,0,0,True,True,0
7131,4,0,0,4,4,0,0,0,True,False,0
7132,2,0,0,2,2,0,0,0,True,True,0
7133,3,0,0,3,3,0,0,0,True,False,0
7134,2,0,0,2,2,0,0,0,True,True,0
7135,1,0,0,1,1,0,0,0,True,True,0
7136,2,0,0,2,2,0,0,0,True,True,0
7137,1,0,0,1,1,0,0,0,True,True,0
7138,2,0,0,2,2,0,0,0,True,True,0
7139,1,0,0,1,1,0,0,0,True,True,0
7140,1,0,0,1,1,0,0,0,True,True,0
7141,4,0,0,4,4,0,0,0,True,False,0
7142,1,0,0,1,1,0,0,0,True,True,0
7143,5,0,0,5,5,0,0,0,True,False,0
7144,5,0,0,5,5,0,0,0,True,False,0
7145,1,0,0,1,1,0,0,0,True,True,0
7146,7,0,0,7,7,0,0,0,True,False,0
7147,1,0,0,1,1,0,0,0,True,True,0
7148,8,0,0,8,8,0,0,0,False,False,0
7149,9,0,0,9,9,0,0,0,False,False,0
7150,9,0,0,9,9,0,0,0,False,False,0
7151,9,0,0,9,9,0,0,0,False,False,0
7152,11,0,0,11,11,0,0,0,False,False,0
7153,10,0,0,10,10,0,0,0,False,False,0
7154,8,0,0,8,8,0,0,0,False,False,0
7155,7,0,0,7,7,0,0,0,False,False,0
7156,9,0,0,9,9,0,0,0,False,False,0
7157,7,6,6,7,7,0,0,0,False,False,0
7158,5,0,0,5,5,0,0,0,False,False,0
7159,10,0,0,10,10,0,0,0,False,False,0
7160,10,0,0,10,10,0,0,0,False,False,0
7161,11,96,10,11,11,0,0,0,False,False,0
7162,200,0,0,200,200,0,0,0,False,False,0
7163,69,0,0,69,69,0,0,0,False,False,0
7164,36,0,0,36,36,0,0,0,False,False,0
7165,57,0,0,57,57,0,0,0,False,False,0
7166,8,0,0,8,8,0,0,0,False,False,0
7167,9,0,0,9,9,0,0,0,False,False,0
7168,10,0,0,10,10,0,0,0,False,False,0
7169,8,0,0,8,8,0,0,0,False,False,0
7170,9,0,0,9,9,0,0,0,False,False,0
7171,7,3,3,7,7,0,0,0,False,False,0
7172,7,4,4,7,7,0,0,0,False,False,0
7173,7,3,3,7,7,0,0,0,False,False,0
7174,8,3,3,8,8,0,0,0,False,False,0
7175,7,4,4,7,7,0,0,0,False,False,0
7176,6,3,3,6,6,0,0,0,False,False,0
7177,5,4,4,5,5,0,0,0,False,False,0
7178,7,4,4,7,7,0,0,0,False,False,0
7179,8,0,0,8,8,0,0,0,False,False,0
7180,5,0,0,5,5,0,0,0,False,False,0
7181,7,0,0,7,7,0,0,0,False,False,0
7182,8,0,0,8,8,0,0,0,False,False,0
7183,7,0,0,7,7,0,0,0,False,False,0
7184,8,0,0,8,8,0,0,0,False,False,0
7185,5,0,0,5,5,0,0,0,False,False,0
7186,6,0,0,6,6,0,0,0,False,False,0
7187,11,0,0,11,11,0,0,0,False,False,0
7188,13,0,0,13,13,0,0,0,False,False,0
7189,11,0,0,11,11,0,0,0,False,False,0
7190,9,0,0,9,9,0,0,0,False,False,0
7191,11,0,0,11,11,0,0,0,False,False,0
7192,12,0,0,12,12,0,0,0,False,False,0
7193,13,0,0,13,13,0,0,0,False,False,0
7194,12,0,0,12,12,0,0,0,False,False,0
7195,6,0,0,6,6,0,0,0,False,False,0
7196,4,0,0,4,4,0,0,0,False,False,0
7197,4,0,0,4,4,0,0,0,False,False,0
7198,6,0,0,6,6,0,0,0,False,False,0
7199,10,0,0,10,10,0,0,0,False,False,0
7200,6,0,0,6,6,0,0,0,False,False,0
7201,10,0,0,10,10,0,0,0,False,False,0
7202,4,0,0,4,4,0,0,0,False,False,0
7203,12,0,0,12,12,0,0,0,False,False,0
7204,4,0,0,4,4,0,0,0,False,False,0
7205,8,0,0,8,8,0,0,0,False,False,0
7206,10,0,0,10,10,0,0,0,False,False,0
7207,7,0,0,7,7,0,0,0,False,False,0
7208,7,0,0,7,7,0,0,0,False,False,0
7209,5,0,0,5,5,0,0,0,False,False,0
7210,10,0,0,10,10,0,0,0,False,False,0
7211,2,0,0,2,2,0,0,0,False,True,0
7212,2,0,0,2,2,0,0,0,False,True,0
7213,2,0,0,2,2,0,0,0,False,True,0
7214,2,0,0,2,2,0,0,0,False,True,0
7215,2,0,0,2,2,0,0,0,False,True,0
7216,2,0,0,2,2,0,0,0,False,True,0
7217,2,0,0,2,2,0,0,0,False,True,0
7218,2,0,0,2,2,0,0,0,False,True,0
7219,2,0,0,2,2,0,0,0,False,True,0
7220,2,0,0,2,2,0,0,0,False,True,0
7221,2,0,0,2,2,0,0,0,False,True,0
7222,2,0,0,2,2,0,0,0,False,True,0
7223,2,0,0,2,2,0,0,0,False,True,0
7224,2,0,0,2,2,0,0,0,False,True,0
7225,2,0,0,2,2,0,0,0,False,True,0
7226,2,0,0,2,2,0,0,0,False,True,0
7227,12,0,0,12,12,0,0,0,True,False,0
7228,11,0,0,11,11,0,0,0,True,False,0
7229,10,0,0,10,10,0,0,0,True,False,0
7230,11,0,0,11,11,0,0,0,True,False,0
7231,10,0,0,10,10,0,0,0,True,False,0
7232,10,0,0,10,10,0,0,0,True,False,0
7233,9,0,0,9,9,0,0,0,True,False,0
7234,10,0,0,10,10,0,0,0,True,False,0
7235,10,0,0,10,10,0,0,0,True,False,0
7236,8,8,8,8,8,0,0,0,True,False,0
7237,5,0,0,5,5,0,0,0,True,False,0
7238,11,0,0,11,11,0,0,0,True,False,0
7239,11,0,0,11,11,0,0,0,True,False,0
7240,0,123,0,0,0,0,0,0,True,False,0
7241,0,0,0,0,0,0,0,0,True,False,0
7242,95,0,0,95,95,0,0,0,True,False,0
7243,48,0,0,48,48,0,0,0,True,False,0
7244,73,0,0,73,73,0,0,0,True,False,0
7245,12,0,0,12,12,0,0,0,True,False,0
7246,11,0,0,11,11,0,0,0,True,False,0
7247,11,0,0,11,11,0,0,0,True,False,0
7248,13,0,0,13,13,0,0,0,True,False,0
7249,13,0,0,13,13,0,0,0,True,False,0
7250,6,0,0,6,6,0,0,0,True,False,0
7251,9,0,0,9,9,0,0,0,True,False,0
7252,8,0,0,8,8,0,0,0,True,False,0
7253,8,0,0,8,8,0,0,0,True,False,0
7254,9,0,0,9,9,0,0,0,True,False,0
7255,6,0,0,6,6,0,0,0,True,False,0
7256,8,0,0,8,8,0,0,0,True,False,0
7257,6,0,0,6,6,0,0,0,True,False,0
7258,5,0,0,5,5,0,0,0,True,False,0
7259,10,0,0,10,10,0,0,0,True,False,0
7260,9,0,0,9,9,0,0,0,True,False,0
7261,6,0,0,6,6,0,0,0,True,False,0
7262,6,0,0,6,6,0,0,0,True,False,0
7263,8,0,0,8,8,0,0,0,True,False,0
7264,8,0,0,8,8,0,0,0,True,False,0
7265,6,0,0,6,6,0,0,0,True,False,0
7266,12,0,0,12,12,0,0,0,True,False,0
7267,13,0,0,13,13,0,0,0,True,False,0
7268,15,0,0,15,15,0,0,0,True,False,0
7269,12,0,0,12,12,0,0,0,True,False,0
7270,12,0,0,12,12,0,0,0,True,False,0
7271,15,0,0,15,15,0,0,0,True,False,0
7272,12,0,0,12,12,0,0,0,True,False,0
7273,12,0,0,12,12,0,0,0,True,False,0
7274,6,0,0,6,6,0,0,0,True,False,0
7275,4,0,0,4,4,0,0,0,True,False,0
7276,4,0,0,4,4,0,0,0,True,False,0
7277,6,0,0,6,6,0,0,0,True,False,0
7278,12,0,0,12,12,0,0,0,True,False,0
7279,6,0,0,6,6,0,0,0,True,False,0
7280,12,0,0,12,12,0,0,0,True,False,0
7281,4,0,0,4,4,0,0,0,True,False,0
7282,14,0,0,14,14,0,0,0,True,False,0
7283,6,0,0,6,6,0,0,0,True,False,0
7284,9,0,0,9,9,0,0,0,True,False,0
7285,9,0,0,9,9,0,0,0,True,False,0
7286,11,0,0,11,11,0,0,0,True,False,0
7287,8,0,0,8,8,0,0,0,True,False,0
7288,8,0,0,8,8,0,0,0,True,False,0
7289,9,0,0,9,9,0,0,0,True,False,0
7290,11,0,0,11,11,0,0,0,True,False,0
7291,10,0,0,10,10,0,0,0,True,False,0
7292,9,0,0,9,9,0,0,0,True,False,0
7293,10,0,0,10,10,0,0,0,True,False,0
7294,9,0,0,9,9,0,0,0,True,False,0
7295,10,0,0,10,10,0,0,0,True,False,0
7296,9,0,0,9,9,0,0,0,True,False,0
7297,11,0,0,11,11,0,0,0,True,False,0
7298,11,0,0,11,11,0,0,0,True,False,0
7299,7,7,7,7,7,0,0,0,True,False,0
7300,5,0,0,5,5,0,0,0,True,False,0
7301,13,0,0,13,13,0,0,0,True,False,0
7302,10,0,0,10,10,0,0,0,True,False,0
7303,0,119,0,0,0,0,0,0,True,False,0
7304,0,0,0,0,0,0,0,0,True,False,0
7305,92,0,0,92,92,0,0,0,True,False,0
7306,49,0,0,49,49,0,0,0,True,False,0
7307,76,0,0,76,76,0,0,0,True,False,0
7308,11,0,0,11,11,0,0,0,True,False,0
7309,12,0,0,12,12,0,0,0,True,False,0
7310,11,0,0,11,11,0,0,0,True,False,0
7311,11,0,0,11,11,0,0,0,True,False,0
7312,10,0,0,10,10,0,0,0,True,False,0
7313,8,0,0,8,8,0,0,0,True,False,0
7314,6,0,0,6,6,0,0,0,True,False,0
7315,8,0,0,8,8,0,0,0,True,False,0
7316,7,0,0,7,7,0,0,0,True,False,0
7317,7,0,0,7,7,0,0,0,True,False,0
7318,9,0,0,9,9,0,0,0,True,False,0
7319,8,0,0,8,8,0,0,0,True,False,0
7320,9,0,0,9,9,0,0,0,True,False,0
7321,7,0,0,7,7,0,0,0,True,False,0
7322,9,0,0,9,9,0,0,0,True,False,0
7323,8,0,0,8,8,0,0,0,True,False,0
7324,9,0,0,9,9,0,0,0,True,False,0
7325,5,0,0,5,5,0,0,0,True,False,0
7326,7,0,0,7,7,0,0,0,True,False,0
7327,8,0,0,8,8,0,0,0,True,False,0
7328,7,0,0,7,7,0,0,0,True,False,0
7329,14,0,0,14,14,0,0,0,True,False,0
7330,16,0,0,16,16,0,0,0,True,False,0
7331,14,0,0,14,14,0,0,0,True,False,0
7332,16,0,0,16,16,0,0,0,True,False,0
7333,13,0,0,13,13,0,0,0,True,False,0
7334,12,0,0,12,12,0,0,0,True,False,0
7335,12,0,0,12,12,0,0,0,True,False,0
7336,13,0,0,13,13,0,0,0,True,False,0
7337,6,0,0,6,6,0,0,0,True,False,0
7338,4,0,0,4,4,0,0,0,True,False,0
7339,4,0,0,4,4,0,0,0,True,False,0
7340,6,0,0,6,6,0,0,0,True,False,0
7341,12,0,0,12,12,0,0,0,True,False,0
7342,6,0,0,6,6,0,0,0,True,False,0
7343,12,0,0,12,12,0,0,0,True,False,0
7344,4,0,0,4,4,0,0,0,True,False,0
7345,13,0,0,13,13,0,0,0,True,False,0
7346,14,0,0,14,14,0,0,0,True,False,0
7347,9,0,0,9,9,0,0,0,True,False,0
7348,13,0,0,13,13,0,0,0,True,False,0
7349,14,0,0,14,14,0,0,0,True,False,0
7350,8,0,0,8,8,0,0,0,True,False,0
7351,12,0,0,12,12,0,0,0,True,False,0
7352,8,0,0,8,8,0,0,0,True,False,0
7353,11,0,0,11,11,0,0,0,True,False,0
7354,11,0,0,11,11,0,0,0,True,False,0
7355,11,0,0,11,11,0,0,0,True,False,0
7356,11,0,0,11,11,0,0,0,True,False,0
7357,11,0,0,11,11,0,0,0,True,False,0
7358,10,0,0,10,10,0,0,0,True,False,0
7359,12,0,0,12,12,0,0,0,True,False,0
7360,9,0,0,9,9,0,0,0,True,False,0
7361,10,0,0,10,10,0,0,0,True,False,0
7362,8,8,8,8,8,0,0,0,True,False,0
7363,5,0,0,5,5,0,0,0,True,False,0
7364,12,0,0,12,12,0,0,0,True,False,0
7365,12,0,0,12,12,0,0,0,True,False,0
7366,0,120,0,0,0,0,0,0,True,False,0
7367,0,0,0,0,0,0,0,0,True,False,0
7368,97,0,0,97,97,0,0,0,True,False,0
7369,47,0,0,47,47,0,0,0,True,False,0
7370,76,0,0,76,76,0,0,0,True,False,0
7371,11,0,0,11,11,0,0,0,True,False,0
7372,10,0,0,10,10,0,0,0,True,False,0
7373,9,0,0,9,9,0,0,0,True,False,0
7374,11,0,0,11,11,0,0,0,True,False,0
7375,10,0,0,10,10,0,0,0,True,False,0
7376,9,0,0,9,9,0,0,0,True,False,0
7377,8,0,0,8,8,0,0,0,True,False,0
7378,9,0,0,9,9,0,0,0,True,False,0
7379,7,0,0,7,7,0,0,0,True,False,0
7380,8,0,0,8,8,0,0,0,True,False,0
7381,6,0,0,6,6,0,0,0,True,False,0
7382,8,0,0,8,8,0,0,0,True,False,0
7383,8,0,0,8,8,0,0,0,True,False,0
7384,9,0,0,9,9,0,0,0,True,False,0
7385,7,0,0,7,7,0,0,0,True,False,0
7386,7,0,0,7,7,0,0,0,True,False,0
7387,6,0,0,6,6,0,0,0,True,False,0
7388,7,0,0,7,7,0,0,0,True,False,0
7389,7,0,0,7,7,0,0,0,True,False,0
7390,9,0,0,9,9,0,0,0,True,False,0
7391,8,0,0,8,8,0,0,0,True,False,0
7392,13,0,0,13,13,0,0,0,True,False,0
7393,11,0,0,11,11,0,0,0,True,False,0
7394,13,0,0,13,13,0,0,0,True,False,0
7395,15,0,0,15,15,0,0,0,True,False,0
7396,13,0,0,13,13,0,0,0,True,False,0
7397,15,0,0,15,15,0,0,0,True,False,0
7398,13,0,0,13,13,0,0,0,True,False,0
7399,14,0,0,14,14,0,0,0,True,False,0
7400,6,0,0,6,6,0,0,0,True,False,0
7401,4,0,0,4,4,0,0,0,True,False,0
7402,4,0,0,4,4,0,0,0,True,False,0
7403,6,0,0,6,6,0,0,0,True,False,0
7404,13,0,0,13,13,0,0,0,True,False,0
7405,6,0,0,6,6,0,0,0,True,False,0
7406,12,0,0,12,12,0,0,0,True,False,0
7407,4,0,0,4,4,0,0,0,True,False,0
7408,12,0,0,12,12,0,0,0,True,False,0
7409,7,0,0,7,7,0,0,0,True,False,0
7410,10,0,0,10,10,0,0,0,True,False,0
7411,11,0,0,11,11,0,0,0,True,False,0
7412,9,0,0,9,9,0,0,0,True,False,0
7413,11,0,0,11,11,0,0,0,True,False,0
7414,11,0,0,11,11,0,0,0,True,False,0
7415,15,0,0,15,15,0,0,0,True,False,0
7416,11,0,0,11,11,0,0,0,True,False,0
7417,11,0,0,11,11,0,0,0,True,False,0
7418,10,0,0,10,10,0,0,0,True,False,0
7419,13,0,0,13,13,0,0,0,True,False,0
7420,9,0,0,9,9,0,0,0,True,False,0
7421,11,0,0,11,11,0,0,0,True,False,0
7422,11,0,0,11,11,0,0,0,True,False,0
7423,11,0,0,11,11,0,0,0,True,False,0
7424,10,1,1,10,10,0,0,0,True,False,0
7425,7,7,7,7,7,0,0,0,True,False,0
7426,5,0,0,5,5,0,0,0,True,False,0
7427,10,1,1,10,10,0,0,0,True,False,0
7428,9,1,1,9,9,0,0,0,True,False,0
7429,0,116,0,0,0,0,0,0,True,False,0
7430,0,0,0,0,0,0,0,0,True,False,0
7431,89,0,0,89,89,0,0,0,True,False,0
7432,51,0,0,51,51,0,0,0,True,False,0
7433,77,0,0,77,77,0,0,0,True,False,0
7434,11,1,1,11,11,0,0,0,True,False,0
7435,10,1,1,10,10,0,0,0,True,False,0
7436,9,1,1,9,9,0,0,0,True,False,0
7437,10,1,1,10,10,0,0,0,True,False,0
7438,10,1,1,10,10,0,0,0,True,False,0
7439,7,0,0,7,7,0,0,0,True,False,0
7440,9,0,0,9,9,0,0,0,True,False,0
7441,8,0,0,8,8,0,0,0,True,False,0
7442,9,0,0,9,9,0,0,0,True,False,0
7443,6,0,0,6,6,0,0,0,True,False,0
7444,7,0,0,7,7,0,0,0,True,False,0
7445,7,0,0,7,7,0,0,0,True,False,0
7446,10,0,0,10,10,0,0,0,True,False,0
7447,8,0,0,8,8,0,0,0,True,False,0
7448,6,0,0,6,6,0,0,0,True,False,0
7449,6,0,0,6,6,0,0,0,True,False,0
7450,7,0,0,7,7,0,0,0,True,False,0
7451,8,0,0,8,8,0,0,0,True,False,0
7452,8,0,0,8,8,0,0,0,True,False,0
7453,6,0,0,6,6,0,0,0,True,False,0
7454,5,0,0,5,5,0,0,0,True,False,0
7455,12,0,0,12,12,0,0,0,True,False,0
7456,15,0,0,15,15,0,0,0,True,False,0
7457,13,0,0,13,13,0,0,0,True,False,0
7458,14,0,0,14,14,0,0,0,True,False,0
7459,11,0,0,11,11,0,0,0,True,False,0
7460,14,0,0,14,14,0,0,0,True,False,0
7461,15,0,0,15,15,0,0,0,True,False,0
7462,14,0,0,14,14,0,0,0,True,False,0
7463,6,0,0,6,6,0,0,0,True,False,0
7464,4,0,0,4,4,0,0,0,True,False,0
7465,4,0,0,4,4,0,0,0,True,False,0
7466,6,0,0,6,6,0,0,0,True,False,0
7467,12,0,0,12,12,0,0,0,True,False,0
7468,6,0,0,6,6,0,0,0,True,False,0
7469,12,0,0,12,12,0,0,0,True,False,0
7470,4,0,0,4,4,0,0,0,True,False,0
7471,3,0,0,3,3,0,0,0,True,False,0
7472,12,0,0,12,12,0,0,0,True,False,0
7473,12,0,0,12,12,0,0,0,True,False,0
7474,9,0,0,9,9,0,0,0,True,False,0
7475,11,0,0,11,11,0,0,0,True,False,0
7476,9,0,0,9,9,0,0,0,True,False,0
7477,13,0,0,13,13,0,0,0,True,False,0
7478,9,0,0,9,9,0,0,0,True,False,0
7479,12,0,0,12,12,0,0,0,True,False,0
7480,9,0,0,9,9,0,0,0,True,False,0
7481,10,0,0,10,10,0,0,0,True,False,0
7482,10,0,0,10,10,0,0,0,True,False,0
7483,9,0,0,9,9,0,0,0,True,False,0
7484,11,0,0,11,11,0,0,0,True,False,0
7485,10,0,0,10,10,0,0,0,True,False,0
7486,10,0,0,10,10,0,0,0,True,False,0
7487,9,0,0,9,9,0,0,0,True,False,0
7488,8,8,8,8,8,0,0,0,True,False,0
7489,5,0,0,5,5,0,0,0,True,False,0
7490,10,0,0,10,10,0,0,0,True,False,0
7491,9,0,0,9,9,0,0,0,True,False,0
7492,10,120,10,10,10,0,0,0,True,False,0
7493,200,0,0,200,200,0,0,0,True,False,0
7494,90,0,0,90,90,0,0,0,True,False,0
7495,51,0,0,51,51,0,0,0,True,False,0
7496,76,0,0,76,76,0,0,0,True,False,0
7497,8,0,0,8,8,0,0,0,True,False,0
7498,7,0,0,7,7,0,0,0,True,False,0
7499,9,0,0,9,9,0,0,0,True,False,0
7500,9,0,0,9,9,0,0,0,True,False,0
7501,8,0,0,8,8,0,0,0,True,False,0
7502,7,0,0,7,7,0,0,0,True,False,0
7503,8,0,0,8,8,0,0,0,True,False,0
7504,8,0,0,8,8,0,0,0,True,False,0
7505,7,0,0,7,7,0,0,0,True,False,0
7506,8,0,0,8,8,0,0,0,True,False,0
7507,8,0,0,8,8,0,0,0,True,False,0
7508,7,0,0,7,7,0,0,0,True,False,0
7509,8,0,0,8,8,0,0,0,True,False,0
7510,8,0,0,8,8,0,0,0,True,False,0
7511,7,0,0,7,7,0,0,0,True,False,0
7512,6,0,0,6,6,0,0,0,True,False,0
7513,7,0,0,7,7,0,0,0,True,False,0
7514,7,0,0,7,7,0,0,0,True,False,0
7515,6,0,0,6,6,0,0,0,True,False,0
7516,6,0,0,6,6,0,0,0,True,False,0
7517,8,0,0,8,8,0,0,0,True,False,0
7518,12,0,0,12,12,0,0,0,True,False,0
7519,12,0,0,12,12,0,0,0,True,False,0
7520,14,0,0,14,14,0,0,0,True,False,0
7521,14,0,0,14,14,0,0,0,True,False,0
7522,14,0,0,14,14,0,0,0,True,False,0
7523,13,0,0,13,13,0,0,0,True,False,0
7524,12,0,0,12,12,0,0,0,True,False,0
7525,11,0,0,11,11,0,0,0,True,False,0
7526,6,0,0,6,6,0,0,0,True,False,0
7527,4,0,0,4,4,0,0,0,True,False,0
7528,4,0,0,4,4,0,0,0,True,False,0
7529,6,0,0,6,6,0,0,0,True,False,0
7530,12,0,0,12,12,0,0,0,True,False,0
7531,6,0,0,6,6,0,0,0,True,False,0
7532,13,0,0,13,13,0,0,0,True,False,0
7533,4,0,0,4,4,0,0,0,True,False,0
7534,10,0,0,10,10,0,0,0,True,False,0
7535,9,0,0,9,9,0,0,0,True,False,0
7536,7,0,0,7,7,0,0,0,True,False,0
7537,10,0,0,10,10,0,0,0,True,False,0
7538,12,0,0,12,12,0,0,0,True,False,0
7539,8,0,0,8,8,0,0,0,True,False,0
7540,8,0,0,8,8,0,0,0,True,False,0
7541,11,0,0,11,11,0,0,0,True,False,0
7542,8,0,0,8,8,0,0,0,True,False,0
7543,12,0,0,12,12,0,0,0,True,False,0
7544,11,0,0,11,11,0,0,0,True,False,0
7545,11,0,0,11,11,0,0,0,True,False,0
7546,12,0,0,12,12,0,0,0,True,False,0
7547,12,0,0,12,12,0,0,0,True,False,0
7548,11,0,0,11,11,0,0,0,True,False,0
7549,13,0,0,13,13,0,0,0,True,False,0
7550,9,0,0,9,9,0,0,0,True,False,0
7551,7,7,7,7,7,0,0,0,True,False,0
7552,5,0,0,5,5,0,0,0,True,False,0
7553,8,0,0,8,8,0,0,0,True,False,0
7554,8,0,0,8,8,0,0,0,True,False,0
7555,0,118,0,0,0,0,0,0,True,False,0
7556,0,0,0,0,0,0,0,0,True,False,0
7557,88,0,0,88,88,0,0,0,True,False,0
7558,49,0,0,49,49,0,0,0,True,False,0
7559,71,0,0,71,71,0,0,0,True,False,0
7560,8,0,0,8,8,0,0,0,True,False,0
7561,7,0,0,7,7,0,0,0,True,False,0
7562,8,0,0,8,8,0,0,0,True,False,0
7563,7,0,0,7,7,0,0,0,True,False,0
7564,9,0,0,9,9,0,0,0,True,False,0
7565,8,0,0,8,8,0,0,0,True,False,0
7566,8,0,0,8,8,0,0,0,True,False,0
7567,7,0,0,7,7,0,0,0,True,False,0
7568,7,0,0,7,7,0,0,0,True,False,0
7569,8,0,0,8,8,0,0,0,True,False,0
7570,8,0,0,8,8,0,0,0,True,False,0
7571,8,0,0,8,8,0,0,0,True,False,0
7572,7,0,0,7,7,0,0,0,True,False,0
7573,7,0,0,7,7,0,0,0,True,False,0
7574,6,0,0,6,6,0,0,0,True,False,0
7575,7,0,0,7,7,0,0,0,True,False,0
7576,7,0,0,7,7,0,0,0,True,False,0
7577,6,0,0,6,6,0,0,0,True,False,0
7578,5,0,0,5,5,0,0,0,True,False,0
7579,6,0,0,6,6,0,0,0,True,False,0
7580,8,0,0,8,8,0,0,0,True,False,0
7581,12,0,0,12,12,0,0,0,True,False,0
7582,15,0,0,15,15,0,0,0,True,False,0
7583,13,0,0,13,13,0,0,0,True,False,0
7584,14,0,0,14,14,0,0,0,True,False,0
7585,15,0,0,15,15,0,0,0,True,False,0
7586,16,0,0,16,16,0,0,0,True,False,0
7587,14,0,0,14,14,0,0,0,True,False,0
7588,13,0,0,13,13,0,0,0,True,False,0
7589,6,0,0,6,6,0,0,0,True,False,0
7590,4,0,0,4,4,0,0,0,True,False,0
7591,4,0,0,4,4,0,0,0,True,False,0
7592,6,0,0,6,6,0,0,0,True,False,0
7593,12,0,0,12,12,0,0,0,True,False,0
7594,6,0,0,6,6,0,0,0,True,False,0
7595,12,0,0,12,12,0,0,0,True,False,0
7596,4,0,0,4,4,0,0,0,True,False,0
7597,18,0,0,18,18,0,0,0,True,False,0
7598,11,0,0,11,11,0,0,0,True,False,0
7599,7,0,0,7,7,0,0,0,True,False,0
7600,12,0,0,12,12,0,0,0,True,False,0
7601,4,0,0,4,4,0,0,0,True,False,0
7602,4,0,0,4,4,0,0,0,True,False,0
7603,11,0,0,11,11,0,0,0,True,False,0
7604,13,0,0,13,13,0,0,0,True,False,0
7605,10,0,0,10,10,0,0,0,True,False,0
7606,9,0,0,9,9,0,0,0,True,False,0
7607,13,0,0,13,13,0,0,0,True,False,0
7608,10,0,0,10,10,0,0,0,True,False,0
7609,11,0,0,11,11,0,0,0,True,False,0
7610,11,0,0,11,11,0,0,0,True,False,0
7611,10,0,0,10,10,0,0,0,True,False,0
7612,11,0,0,11,11,0,0,0,True,False,0
7613,10,0,0,10,10,0,0,0,True,False,0
7614,8,8,8,8,8,0,0,0,True,False,0
7615,5,0,0,5,5,0,0,0,True,False,0
7616,10,0,0,10,10,0,0,0,True,False,0
7617,9,0,0,9,9,0,0,0,True,False,0
7618,0,122,0,0,0,0,0,0,True,False,0
7619,0,0,0,0,0,0,0,0,True,False,0
7620,95,0,0,95,95,0,0,0,True,False,0
7621,51,0,0,51,51,0,0,0,True,False,0
7622,78,0,0,78,78,0,0,0,True,False,0
7623,8,0,0,8,8,0,0,0,True,False,0
7624,10,0,0,10,10,0,0,0,True,False,0
7625,8,0,0,8,8,0,0,0,True,False,0
7626,10,0,0,10,10,0,0,0,True,False,0
7627,8,0,0,8,8,0,0,0,True,False,0
7628,8,0,0,8,8,0,0,0,True,False,0
7629,7,0,0,7,7,0,0,0,True,False,0
7630,9,0,0,9,9,0,0,0,True,False,0
7631,7,0,0,7,7,0,0,0,True,False,0
7632,8,0,0,8,8,0,0,0,True,False,0
7633,7,0,0,7,7,0,0,0,True,False,0
7634,8,0,0,8,8,0,0,0,True,False,0
7635,7,0,0,7,7,0,0,0,True,False,0
7636,7,0,0,7,7,0,0,0,True,False,0
7637,6,0,0,6,6,0,0,0,True,False,0
7638,5,0,0,5,5,0,0,0,True,False,0
7639,6,0,0,6,6,0,0,0,True,False,0
7640,7,0,0,7,7,0,0,0,True,False,0
7641,6,0,0,6,6,0,0,0,True,False,0
7642,7,0,0,7,7,0,0,0,True,False,0
7643,7,0,0,7,7,0,0,0,True,False,0
7644,13,0,0,13,13,0,0,0,True,False,0
7645,12,0,0,12,12,0,0,0,True,False,0
7646,14,0,0,14,14,0,0,0,True,False,0
7647,15,0,0,15,15,0,0,0,True,False,0
7648,13,0,0,13,13,0,0,0,True,False,0
7649,14,0,0,14,14,0,0,0,True,False,0
7650,12,0,0,12,12,0,0,0,True,False,0
7651,14,0,0,14,14,0,0,0,True,False,0
7652,6,0,0,6,6,0,0,0,True,False,0
7653,4,0,0,4,4,0,0,0,True,False,0
7654,4,0,0,4,4,0,0,0,True,False,0
7655,6,0,0,6,6,0,0,0,True,False,0
7656,12,0,0,12,12,0,0,0,True,False,0
7657,6,0,0,6,6,0,0,0,True,False,0
7658,12,0,0,12,12,0,0,0,True,False,0
7659,4,0,0,4,4,0,0,0,True,False,0
7660,11,0,0,11,11,0,0,0,True,False,0
7661,12,0,0,12,12,0,0,0,True,False,0
7662,6,0,0,6,6,0,0,0,True,False,0
7663,16,0,0,16,16,0,0,0,True,False,0
7664,12,0,0,12,12,0,0,0,True,False,0
7665,9,0,0,9,9,0,0,0,True,False,0
7666,4,0,0,4,4,0,0,0,True,False,0
7667,13,0,0,13,13,0,0,0,True,False,0
7668,1,0,0,1,1,0,0,0,True,True,0
7669,10,0,0,10,10,0,0,0,True,False,0
7670,9,0,0,9,9,0,0,0,True,False,0
7671,10,0,0,10,10,0,0,0,True,False,0
7672,11,0,0,11,11,0,0,0,True,False,0
7673,10,0,0,10,10,0,0,0,True,False,0
7674,11,0,0,11,11,0,0,0,True,False,0
7675,11,0,0,11,11,0,0,0,True,False,0
7676,10,0,0,10,10,0,0,0,True,False,0
7677,8,0,0,8,8,0,0,0,True,False,0
7678,8,8,8,8,8,0,0,0,True,False,0
7679,5,0,0,5,5,0,0,0,True,False,0
7680,9,0,0,9,9,0,0,0,True,False,0
7681,7,0,0,7,7,0,0,0,True,False,0
7682,0,119,0,0,0,0,0,0,True,False,0
7683,0,0,0,0,0,0,0,0,True,False,0
7684,90,0,0,90,90,0,0,0,True,False,0
7685,48,0,0,48,48,0,0,0,True,False,0
7686,76,0,0,76,76,0,0,0,True,False,0
7687,7,0,0,7,7,0,0,0,True,False,0
7688,7,0,0,7,7,0,0,0,True,False,0
7689,7,0,0,7,7,0,0,0,True,False,0
7690,9,0,0,9,9,0,0,0,True,False,0
7691,9,0,0,9,9,0,0,0,True,False,0
7692,9,0,0,9,9,0,0,0,True,False,0
7693,8,0,0,8,8,0,0,0,True,False,0
7694,8,0,0,8,8,0,0,0,True,False,0
7695,9,0,0,9,9,0,0,0,True,False,0
7696,7,0,0,7,7,0,0,0,True,False,0
7697,8,0,0,8,8,0,0,0,True,False,0
7698,7,0,0,7,7,0,0,0,True,False,0
7699,8,0,0,8,8,0,0,0,True,False,0
7700,6,0,0,6,6,0,0,0,True,False,0
7701,6,0,0,6,6,0,0,0,True,False,0
7702,8,0,0,8,8,0,0,0,True,False,0
7703,8,0,0,8,8,0,0,0,True,False,0
7704,6,0,0,6,6,0,0,0,True,False,0
7705,9,0,0,9,9,0,0,0,True,False,0
7706,7,0,0,7,7,0,0,0,True,False,0
7707,7,0,0,7,7,0,0,0,True,False,0
7708,15,0,0,15,15,0,0,0,True,False,0
7709,13,0,0,13,13,0,0,0,True,False,0
7710,13,0,0,13,13,0,0,0,True,False,0
7711,13,0,0,13,13,0,0,0,True,False,0
7712,13,0,0,13,13,0,0,0,True,False,0
7713,13,0,0,13,13,0,0,0,True,False,0
7714,14,0,0,14,14,0,0,0,True,False,0
7715,15,0,0,15,15,0,0,0,True,False,0
7716,6,0,0,6,6,0,0,0,True,False,0
7717,4,0,0,4,4,0,0,0,True,False,0
7718,4,0,0,4,4,0,0,0,True,False,0
7719,6,0,0,6,6,0,0,0,True,False,0
7720,12,0,0,12,12,0,0,0,True,False,0
7721,6,0,0,6,6,0,0,0,True,False,0
7722,12,0,0,12,12,0,0,0,True,False,0
7723,4,0,0,4,4,0,0,0,True,False,0
7724,15,0,0,15,15,0,0,0,True,False,0
7725,15,0,0,15,15,0,0,0,True,False,0
7726,14,0,0,14,14,0,0,0,True,False,0
7727,7,0,0,7,7,0,0,0,True,False,0
7728,7,0,0,7,7,0,0,0,True,False,0
7729,8,0,0,8,8,0,0,0,True,False,0
7730,8,0,0,8,8,0,0,0,True,False,0
7731,8,0,0,8,8,0,0,0,True,False,0
7732,1,0,0,1,1,0,0,0,True,True,0
7733,1,0,0,1,1,0,0,0,True,True,0
7734,1,0,0,1,1,0,0,0,True,True,0
7735,10,0,0,10,10,0,0,0,True,False,0
7736,11,0,0,11,11,0,0,0,True,False,0
7737,11,0,0,11,11,0,0,0,True,False,0
7738,11,0,0,11,11,0,0,0,True,False,0
7739,10,0,0,10,10,0,0,0,True,False,0
7740,9,0,0,9,9,0,0,0,True,False,0
7741,11,0,0,11,11,0,0,0,True,False,0
7742,11,0,0,11,11,0,0,0,True,False,0
7743,9,0,0,9,9,0,0,0,True,False,0
7744,7,7,7,7,7,0,0,0,True,False,0
7745,5,0,0,5,5,0,0,0,True,False,0
7746,10,0,0,10,10,0,0,0,True,False,0
7747,7,0,0,7,7,0,0,0,True,False,0
7748,0,119,0,0,0,0,0,0,True,False,0
7749,0,0,0,0,0,0,0,0,True,False,0
7750,93,0,0,93,93,0,0,0,True,False,0
7751,48,0,0,48,48,0,0,0,True,False,0
7752,77,0,0,77,77,0,0,0,True,False,0
7753,8,0,0,8,8,0,0,0,True,False,0
7754,7,0,0,7,7,0,0,0,True,False,0
7755,10,0,0,10,10,0,0,0,True,False,0
7756,8,0,0,8,8,0,0,0,True,False,0
7757,8,0,0,8,8,0,0,0,True,False,0
7758,7,0,0,7,7,0,0,0,True,False,0
7759,8,0,0,8,8,0,0,0,True,False,0
7760,7,0,0,7,7,0,0,0,True,False,0
7761,6,0,0,6,6,0,0,0,True,False,0
7762,8,0,0,8,8,0,0,0,True,False,0
7763,6,0,0,6,6,0,0,0,True,False,0
7764,7,0,0,7,7,0,0,0,True,False,0
7765,8,0,0,8,8,0,0,0,True,False,0
7766,6,0,0,6,6,0,0,0,True,False,0
7767,5,0,0,5,5,0,0,0,True,False,0
7768,5,0,0,5,5,0,0,0,True,False,0
7769,10,0,0,10,10,0,0,0,True,False,0
7770,7,0,0,7,7,0,0,0,True,False,0
7771,8,0,0,8,8,0,0,0,True,False,0
7772,9,0,0,9,9,0,0,0,True,False,0
7773,7,0,0,7,7,0,0,0,True,False,0
7774,14,0,0,14,14,0,0,0,True,False,0
7775,13,0,0,13,13,0,0,0,True,False,0
7776,13,0,0,13,13,0,0,0,True,False,0
7777,15,0,0,15,15,0,0,0,True,False,0
7778,14,0,0,14,14,0,0,0,True,False,0
7779,12,0,0,12,12,0,0,0,True,False,0
7780,11,0,0,11,11,0,0,0,True,False,0
7781,14,0,0,14,14,0,0,0,True,False,0
7782,6,0,0,6,6,0,0,0,True,False,0
7783,4,0,0,4,4,0,0,0,True,False,0
7784,4,0,0,4,4,0,0,0,True,False,0
7785,6,0,0,6,6,0,0,0,True,False,0
7786,12,0,0,12,12,0,0,0,True,False,0
7787,6,0,0,6,6,0,0,0,True,False,0
7788,12,0,0,12,12,0,0,0,True,False,0
7789,4,0,0,4,4,0,0,0,True,False,0
7790,9,0,0,9,9,0,0,0,True,False,0
7791,12,0,0,12,12,0,0,0,True,False,0
7792,11,0,0,11,11,0,0,0,True,False,0
7793,8,0,0,8,8,0,0,0,True,False,0
7794,15,0,0,15,15,0,0,0,True,False,0
7795,8,0,0,8,8,0,0,0,True,False,0
7796,8,0,0,8,8,0,0,0,True,False,0
7797,13,0,0,13,13,0,0,0,True,False,0
7798,1,0,0,1,1,0,0,0,True,True,0
7799,1,0,0,1,1,0,0,0,True,True,0
7800,1,0,0,1,1,0,0,0,True,True,0
7801,1,0,0,1,1,0,0,0,True,True,0
7802,3,0,0,3,3,0,0,0,True,False,0
7803,3,0,0,3,3,0,0,0,True,False,0
7804,3,0,0,3,3,0,0,0,True,False,0
7805,2,0,0,2,2,0,0,0,True,True,0
7806,4,0,0,4,4,0,0,0,True,False,0
7807,3,0,0,3,3,0,0,0,True,False,0
7808,2,0,0,2,2,0,0,0,True,True,0
7809,3,0,0,3,3,0,0,0,True,False,0
7810,2,0,0,2,2,0,0,0,True,True,0
7811,2,2,2,2,2,0,0,0,True,True,0
7812,1,0,0,1,1,0,0,0,True,True,0
7813,3,0,0,3,3,0,0,0,True,False,0
7814,3,0,0,3,3,0,0,0,True,False,0
7815,0,31,0,0,0,0,0,0,True,False,0
7816,0,0,0,0,0,0,0,0,True,False,0
7817,26,0,0,26,26,0,0,0,True,False,0
7818,10,0,0,10,10,0,0,0,True,False,0
7819,21,0,0,21,21,0,0,0,True,False,0
7820,3,0,0,3,3,0,0,0,True,False,0
7821,2,0,0,2,2,0,0,0,True,True,0
7822,2,0,0,2,2,0,0,0,True,True,0
7823,2,0,0,2,2,0,0,0,True,True,0
7824,2,0,0,2,2,0,0,0,True,True,0
7825,2,0,0,2,2,0,0,0,True,True,0
7826,2,0,0,2,2,0,0,0,True,True,0
7827,2,0,0,2,2,0,0,0,True,True,0
7828,2,0,0,2,2,0,0,0,True,True,0
7829,2,0,0,2,2,0,0,0,True,True,0
7830,3,0,0,3,3,0,0,0,True,False,0
7831,1,0,0,1,1,0,0,0,True,True,0
7832,1,0,0,1,1,0,0,0,True,True,0
7833,3,0,0,3,3,0,0,0,True,False,0
7834,2,0,0,2,2,0,0,0,True,True,0
7835,2,0,0,2,2,0,0,0,True,True,0
7836,1,0,0,1,1,0,0,0,True,True,0
7837,1,0,0,1,1,0,0,0,True,True,0
7838,2,0,0,2,2,0,0,0,True,True,0
7839,2,0,0,2,2,0,0,0,True,True,0
7840,2,0,0,2,2,0,0,0,True,True,0
7841,4,0,0,4,4,0,0,0,True,False,0
7842,4,0,0,4,4,0,0,0,True,False,0
7843,3,0,0,3,3,0,0,0,True,False,0
7844,3,0,0,3,3,0,0,0,True,False,0
7845,3,0,0,3,3,0,0,0,True,False,0
7846,4,0,0,4,4,0,0,0,True,False,0
7847,4,0,0,4,4,0,0,0,True,False,0
7848,4,0,0,4,4,0,0,0,True,False,0
7849,2,0,0,2,2,0,0,0,True,True,0
7850,2,0,0,2,2,0,0,0,True,True,0
7851,1,0,0,1,1,0,0,0,True,True,0
7852,1,0,0,1,1,0,0,0,True,True,0
7853,3,0,0,3,3,0,0,0,True,False,0
7854,2,0,0,2,2,0,0,0,True,True,0
7855,3,0,0,3,3,0,0,0,True,False,0
7856,2,0,0,2,2,0,0,0,True,True,0
7857,4,0,0,4,4,0,0,0,True,False,0
7858,8,0,0,8,8,0,0,0,True,False,0
7859,2,0,0,2,2,0,0,0,True,True,0
7860,2,0,0,2,2,0,0,0,True,True,0
7861,6,0,0,6,6,0,0,0,True,False,0
7862,6,0,0,6,6,0,0,0,True,False,0
7863,1,0,0,1,1,0,0,0,True,True,0
7864,10,0,0,10,10,0,0,0,True,False,0
7865,7,0,0,7,7,0,0,0,False,False,0
7866,7,0,0,7,7,0,0,0,False,False,0
7867,9,0,0,9,9,0,0,0,False,False,0
7868,7,0,0,7,7,0,0,0,False,False,0
7869,11,0,0,11,11,0,0,0,False,False,0
7870,9,0,0,9,9,0,0,0,False,False,0
7871,10,0,0,10,10,0,0,0,False,False,0
7872,7,0,0,7,7,0,0,0,False,False,0
7873,10,0,0,10,10,0,0,0,False,False,0
7874,6,5,5,6,6,0,0,0,False,False,0
7875,5,0,0,5,5,0,0,0,False,False,0
7876,8,0,0,8,8,0,0,0,False,False,0
7877,9,0,0,9,9,0,0,0,False,False,0
7878,11,78,10,11,11,0,0,0,False,False,0
7879,200,0,0,200,200,0,0,0,False,False,0
7880,62,0,0,62,62,0,0,0,False,False,0
7881,32,0,0,32,32,0,0,0,False,False,0
7882,48,0,0,48,48,0,0,0,False,False,0
7883,8,0,0,8,8,0,0,0,False,False,0
7884,8,0,0,8,8,0,0,0,False,False,0
7885,9,0,0,9,9,0,0,0,False,False,0
7886,10,0,0,10,10,0,0,0,False,False,0
7887,9,0,0,9,9,0,0,0,False,False,0
7888,5,4,4,5,5,0,0,0,False,False,0
7889,7,3,3,7,7,0,0,0,False,False,0
7890,6,4,4,6,6,0,0,0,False,False,0
7891,6,4,4,6,6,0,0,0,False,False,0
7892,6,3,3,6,6,0,0,0,False,False,0
7893,6,4,4,6,6,0,0,0,False,False,0
7894,7,3,3,7,7,0,0,0,False,False,0
7895,6,3,3,6,6,0,0,0,False,False,0
7896,7,0,0,7,7,0,0,0,False,False,0
7897,6,0,0,6,6,0,0,0,False,False,0
7898,5,0,0,5,5,0,0,0,False,False,0
7899,6,0,0,6,6,0,0,0,False,False,0
7900,6,0,0,6,6,0,0,0,False,False,0
7901,4,0,0,4,4,0,0,0,False,False,0
7902,6,0,0,6,6,0,0,0,False,False,0
7903,6,0,0,6,6,0,0,0,False,False,0
7904,9,0,0,9,9,0,0,0,False,False,0
7905,12,0,0,12,12,0,0,0,False,False,0
7906,11,0,0,11,11,0,0,0,False,False,0
7907,10,0,0,10,10,0,0,0,False,False,0
7908,10,0,0,10,10,0,0,0,False,False,0
7909,11,0,0,11,11,0,0,0,False,False,0
7910,10,0,0,10,10,0,0,0,False,False,0
7911,11,0,0,11,11,0,0,0,False,False,0
7912,5,0,0,5,5,0,0,0,False,False,0
7913,9,0,0,9,9,0,0,0,False,False,0
7914,4,0,0,4,4,0,0,0,False,False,0
7915,5,0,0,5,5,0,0,0,False,False,0
7916,9,0,0,9,9,0,0,0,False,False,0
7917,5,0,0,5,5,0,0,0,False,False,0
7918,5,0,0,5,5,0,0,0,False,False,0
7919,4,0,0,4,4,0,0,0,False,False,0
7920,11,0,0,11,11,0,0,0,False,False,0
7921,9,0,0,9,9,0,0,0,False,False,0
7922,4,0,0,4,4,0,0,0,False,False,0
7923,9,0,0,9,9,0,0,0,False,False,0
7924,5,0,0,5,5,0,0,0,False,False,0
7925,7,0,0,7,7,0,0,0,False,False,0
7926,9,0,0,9,9,0,0,0,False,False,0
7927,4,0,0,4,4,0,0,0,False,False,0
7928,2,0,0,2,2,0,0,0,False,True,0
7929,2,0,0,2,2,0,0,0,False,True,0
7930,2,0,0,2,2,0,0,0,False,True,0
7931,2,0,0,2,2,0,0,0,False,True,0
7932,2,0,0,2,2,0,0,0,False,True,0
7933,2,0,0,2,2,0,0,0,False,True,0
7934,2,0,0,2,2,0,0,0,False,True,0
7935,2,0,0,2,2,0,0,0,False,True,0
7936,2,0,0,2,2,0,0,0,False,True,0
7937,2,0,0,2,2,0,0,0,False,True,0
7938,2,0,0,2,2,0,0,0,False,True,0
7939,2,0,0,2,2,0,0,0,False,True,0
7940,2,0,0,2,2,0,0,0,False,True,0
7941,2,0,0,2,2,0,0,0,False,True,0
7942,2,0,0,2,2,0,0,0,False,True,0
7943,2,0,0,2,2,0,0,0,False,True,0
7944,10,0,0,10,10,0,0,0,True,False,0
7945,11,0,0,11,11,0,0,0,True,False,0
7946,12,0,0,12,12,0,0,0,True,False,0
7947,10,0,0,10,10,0,0,0,True,False,0
7948,11,0,0,11,11,0,0,0,True,False,0
7949,8,0,0,8,8,0,0,0,True,False,0
7950,10,0,0,10,10,0,0,0,True,False,0
7951,10,0,0,10,10,0,0,0,True,False,0
7952,13,0,0,13,13,0,0,0,True,False,0
7953,8,8,8,8,8,0,0,0,True,False,0
7954,5,0,0,5,5,0,0,0,True,False,0
7955,12,0,0,12,12,0,0,0,True,False,0
7956,13,0,0,13,13,0,0,0,True,False,0
7957,0,114,0,0,0,0,0,0,True,False,0
7958,0,0,0,0,0,0,0,0,True,False,0
7959,96,0,0,96,96,0,0,0,True,False,0
7960,51,0,0,51,51,0,0,0,True,False,0
7961,77,0,0,77,77,0,0,0,True,False,0
7962,11,0,0,11,11,0,0,0,True,False,0
7963,13,0,0,13,13,0,0,0,True,False,0
7964,10,0,0,10,10,0,0,0,True,False,0
7965,13,0,0,13,13,0,0,0,True,False,0
7966,11,0,0,11,11,0,0,0,True,False,0
7967,6,0,0,6,6,0,0,0,True,False,0
7968,7,0,0,7,7,0,0,0,True,False,0
7969,6,0,0,6,6,0,0,0,True,False,0
7970,8,0,0,8,8,0,0,0,True,False,0
7971,8,0,0,8,8,0,0,0,True,False,0
7972,8,0,0,8,8,0,0,0,True,False,0
7973,7,0,0,7,7,0,0,0,True,False,0
7974,8,0,0,8,8,0,0,0,True,False,0
7975,6,0,0,6,6,0,0,0,True,False,0
7976,5,0,0,5,5,0,0,0,True,False,0
7977,8,0,0,8,8,0,0,0,True,False,0
7978,8,0,0,8,8,0,0,0,True,False,0
7979,8,0,0,8,8,0,0,0,True,False,0
7980,9,0,0,9,9,0,0,0,True,False,0
7981,8,0,0,8,8,0,0,0,True,False,0
7982,6,0,0,6,6,0,0,0,True,False,0
7983,13,0,0,13,13,0,0,0,True,False,0
7984,13,0,0,13,13,0,0,0,True,False,0
7985,12,0,0,12,12,0,0,0,True,False,0
7986,12,0,0,12,12,0,0,0,True,False,0
7987,12,0,0,12,12,0,0,0,True,False,0
7988,15,0,0,15,15,0,0,0,True,False,0
7989,14,0,0,14,14,0,0,0,True,False,0
7990,15,0,0,15,15,0,0,0,True,False,0
7991,6,0,0,6,6,0,0,0,True,False,0
7992,12,0,0,12,12,0,0,0,True,False,0
7993,4,0,0,4,4,0,0,0,True,False,0
7994,6,0,0,6,6,0,0,0,True,False,0
7995,12,0,0,12,12,0,0,0,True,False,0
7996,6,0,0,6,6,0,0,0,True,False,0
7997,6,0,0,6,6,0,0,0,True,False,0
7998,4,0,0,4,4,0,0,0,True,False,0
7999,3,0,0,3,3,0,0,0,True,False,0
8000,15,0,0,15,15,0,0,0,True,False,0
8001,15,0,0,15,15,0,0,0,True,False,0
8002,6,0,0,6,6,0,0,0,True,False,0
8003,10,0,0,10,10,0,0,0,True,False,0
8004,6,0,0,6,6,0,0,0,True,False,0
8005,14,0,0,14,14,0,0,0,True,False,0
8006,13,0,0,13,13,0,0,0,True,False,0
8007,13,0,0,13,13,0,0,0,True,False,0
8008,8,0,0,8,8,0,0,0,True,False,0
8009,11,0,0,11,11,0,0,0,True,False,0
8010,9,0,0,9,9,0,0,0,True,False,0
8011,11,0,0,11,11,0,0,0,True,False,0
8012,12,0,0,12,12,0,0,0,True,False,0
8013,11,0,0,11,11,0,0,0,True,False,0
8014,10,0,0,10,10,0,0,0,True,False,0
8015,12,0,0,12,12,0,0,0,True,False,0
8016,7,7,7,7,7,0,0,0,True,False,0
8017,5,0,0,5,5,0,0,0,True,False,0
8018,10,0,0,10,10,0,0,0,True,False,0
8019,9,0,0,9,9,0,0,0,True,False,0
8020,0,117,0,0,0,0,0,0,True,False,0
8021,0,0,0,0,0,0,0,0,True,False,0
8022,89,0,0,89,89,0,0,0,True,False,0
8023,49,0,0,49,49,0,0,0,True,False,0
8024,80,0,0,80,80,0,0,0,True,False,0
8025,9,0,0,9,9,0,0,0,True,False,0
8026,11,0,0,11,11,0,0,0,True,False,0
8027,11,0,0,11,11,0,0,0,True,False,0
8028,12,0,0,12,12,0,0,0,True,False,0
8029,9,0,0,9,9,0,0,0,True,False,0
8030,8,0,0,8,8,0,0,0,True,False,0
8031,9,0,0,9,9,0,0,0,True,False,0
8032,7,0,0,7,7,0,0,0,True,False,0
8033,10,0,0,10,10,0,0,0,True,False,0
8034,7,0,0,7,7,0,0,0,True,False,0
8035,8,0,0,8,8,0,0,0,True,False,0
8036,8,0,0,8,8,0,0,0,True,False,0
8037,9,0,0,9,9,0,0,0,True,False,0
8038,9,0,0,9,9,0,0,0,True,False,0
8039,7,0,0,7,7,0,0,0,True,False,0
8040,7,0,0,7,7,0,0,0,True,False,0
8041,7,0,0,7,7,0,0,0,True,False,0
8042,10,0,0,10,10,0,0,0,True,False,0
8043,7,0,0,7,7,0,0,0,True,False,0
8044,9,0,0,9,9,0,0,0,True,False,0
8045,8,0,0,8,8,0,0,0,True,False,0
8046,14,0,0,14,14,0,0,0,True,False,0
8047,15,0,0,15,15,0,0,0,True,False,0
8048,12,0,0,12,12,0,0,0,True,False,0
8049,13,0,0,13,13,0,0,0,True,False,0
8050,14,0,0,14,14,0,0,0,True,False,0
8051,13,0,0,13,13,0,0,0,True,False,0
8052,14,0,0,14,14,0,0,0,True,False,0
8053,16,0,0,16,16,0,0,0,True,False,0
8054,6,0,0,6,6,0,0,0,True,False,0
8055,12,0,0,12,12,0,0,0,True,False,0
8056,4,0,0,4,4,0,0,0,True,False,0
8057,6,0,0,6,6,0,0,0,True,False,0
8058,12,0,0,12,12,0,0,0,True,False,0
8059,6,0,0,6,6,0,0,0,True,False,0
8060,6,0,0,6,6,0,0,0,True,False,0
8061,4,0,0,4,4,0,0,0,True,False,0
8062,7,0,0,7,7,0,0,0,True,False,0
8063,13,0,0,13,13,0,0,0,True,False,0
8064,6,0,0,6,6,0,0,0,True,False,0
8065,11,0,0,11,11,0,0,0,True,False,0
8066,11,0,0,11,11,0,0,0,True,False,0
8067,15,0,0,15,15,0,0,0,True,False,0
8068,10,0,0,10,10,0,0,0,True,False,0
8069,14,0,0,14,14,0,0,0,True,False,0
8070,13,0,0,13,13,0,0,0,True,False,0
8071,10,0,0,10,10,0,0,0,True,False,0
8072,10,0,0,10,10,0,0,0,True,False,0
8073,10,0,0,10,10,0,0,0,True,False,0
8074,10,0,0,10,10,0,0,0,True,False,0
8075,10,0,0,10,10,0,0,0,True,False,0
8076,11,0,0,11,11,0,0,0,True,False,0
8077,10,0,0,10,10,0,0,0,True,False,0
8078,14,0,0,14,14,0,0,0,True,False,0
8079,8,8,8,8,8,0,0,0,True,False,0
8080,5,0,0,5,5,0,0,0,True,False,0
8081,11,0,0,11,11,0,0,0,True,False,0
8082,9,0,0,9,9,0,0,0,True,False,0
8083,0,117,0,0,0,0,0,0,True,False,0
8084,0,0,0,0,0,0,0,0,True,False,0
8085,88,0,0,88,88,0,0,0,True,False,0
8086,45,0,0,45,45,0,0,0,True,False,0
8087,75,0,0,75,75,0,0,0,True,False,0
8088,10,0,0,10,10,0,0,0,True,False,0
8089,13,0,0,13,13,0,0,0,True,False,0
8090,12,0,0,12,12,0,0,0,True,False,0
8091,10,0,0,10,10,0,0,0,True,False,0
8092,10,0,0,10,10,0,0,0,True,False,0
8093,6,0,0,6,6,0,0,0,True,False,0
8094,8,0,0,8,8,0,0,0,True,False,0
8095,9,0,0,9,9,0,0,0,True,False,0
8096,8,0,0,8,8,0,0,0,True,False,0
8097,7,0,0,7,7,0,0,0,True,False,0
8098,8,0,0,8,8,0,0,0,True,False,0
8099,7,0,0,7,7,0,0,0,True,False,0
8100,8,0,0,8,8,0,0,0,True,False,0
8101,6,0,0,6,6,0,0,0,True,False,0
8102,5,0,0,5,5,0,0,0,True,False,0
8103,8,0,0,8,8,0,0,0,True,False,0
8104,8,0,0,8,8,0,0,0,True,False,0
8105,5,0,0,5,5,0,0,0,True,False,0
8106,6,0,0,6,6,0,0,0,True,False,0
8107,8,0,0,8,8,0,0,0,True,False,0
8108,7,0,0,7,7,0,0,0,True,False,0
8109,15,0,0,15,15,0,0,0,True,False,0
8110,11,0,0,11,11,0,0,0,True,False,0
8111,16,0,0,16,16,0,0,0,True,False,0
8112,13,0,0,13,13,0,0,0,True,False,0
8113,13,0,0,13,13,0,0,0,True,False,0
8114,14,0,0,14,14,0,0,0,True,False,0
8115,13,0,0,13,13,0,0,0,True,False,0
8116,11,0,0,11,11,0,0,0,True,False,0
8117,6,0,0,6,6,0,0,0,True,False,0
8118,12,0,0,12,12,0,0,0,True,False,0
8119,4,0,0,4,4,0,0,0,True,False,0
8120,6,0,0,6,6,0,0,0,True,False,0
8121,12,0,0,12,12,0,0,0,True,False,0
8122,6,0,0,6,6,0,0,0,True,False,0
8123,6,0,0,6,6,0,0,0,True,False,0
8124,4,0,0,4,4,0,0,0,True,False,0
8125,15,0,0,15,15,0,0,0,True,False,0
8126,13,0,0,13,13,0,0,0,True,False,0
8127,13,0,0,13,13,0,0,0,True,False,0
8128,9,0,0,9,9,0,0,0,True,False,0
8129,11,0,0,11,11,0,0,0,True,False,0
8130,6,0,0,6,6,0,0,0,True,False,0
8131,9,0,0,9,9,0,0,0,True,False,0
8132,8,0,0,8,8,0,0,0,True,False,0
8133,12,0,0,12,12,0,0,0,True,False,0
8134,10,0,0,10,10,0,0,0,True,False,0
8135,10,0,0,10,10,0,0,0,True,False,0
8136,11,0,0,11,11,0,0,0,True,False,0
8137,12,0,0,12,12,0,0,0,True,False,0
8138,10,0,0,10,10,0,0,0,True,False,0
8139,11,0,0,11,11,0,0,0,True,False,0
8140,10,0,0,10,10,0,0,0,True,False,0
8141,9,1,1,9,9,0,0,0,True,False,0
8142,8,8,8,8,8,0,0,0,True,False,0
8143,5,0,0,5,5,0,0,0,True,False,0
8144,11,1,1,11,11,0,0,0,True,False,0
8145,9,1,1,9,9,0,0,0,True,False,0
8146,0,120,0,0,0,0,0,0,True,False,0
8147,0,0,0,0,0,0,0,0,True,False,0
8148,88,0,0,88,88,0,0,0,True,False,0
8149,48,0,0,48,48,0,0,0,True,False,0
8150,77,0,0,77,77,0,0,0,True,False,0
8151,11,1,1,11,11,0,0,0,True,False,0
8152,10,1,1,10,10,0,0,0,True,False,0
8153,11,1,1,11,11,0,0,0,True,False,0
8154,10,1,1,10,10,0,0,0,True,False,0
8155,12,1,1,12,12,0,0,0,True,False,0
8156,7,0,0,7,7,0,0,0,True,False,0
8157,7,0,0,7,7,0,0,0,True,False,0
8158,6,0,0,6,6,0,0,0,True,False,0
8159,8,0,0,8,8,0,0,0,True,False,0
8160,7,0,0,7,7,0,0,0,True,False,0
8161,7,0,0,7,7,0,0,0,True,False,0
8162,6,0,0,6,6,0,0,0,True,False,0
8163,9,0,0,9,9,0,0,0,True,False,0
8164,9,0,0,9,9,0,0,0,True,False,0
8165,10,0,0,10,10,0,0,0,True,False,0
8166,6,0,0,6,6,0,0,0,True,False,0
8167,7,0,0,7,7,0,0,0,True,False,0
8168,8,0,0,8,8,0,0,0,True,False,0
8169,8,0,0,8,8,0,0,0,True,False,0
8170,6,0,0,6,6,0,0,0,True,False,0
8171,10,0,0,10,10,0,0,0,True,False,0
8172,15,0,0,15,15,0,0,0,True,False,0
8173,12,0,0,12,12,0,0,0,True,False,0
8174,14,0,0,14,14,0,0,0,True,False,0
8175,13,0,0,13,13,0,0,0,True,False,0
8176,12,0,0,12,12,0,0,0,True,False,0
8177,14,0,0,14,14,0,0,0,True,False,0
8178,15,0,0,15,15,0,0,0,True,False,0
8179,12,0,0,12,12,0,0,0,True,False,0
8180,6,0,0,6,6,0,0,0,True,False,0
8181,12,0,0,12,12,0,0,0,True,False,0
8182,4,0,0,4,4,0,0,0,True,False,0
8183,6,0,0,6,6,0,0,0,True,False,0
8184,12,0,0,12,12,0,0,0,True,False,0
8185,6,0,0,6,6,0,0,0,True,False,0
8186,6,0,0,6,6,0,0,0,True,False,0
8187,4,0,0,4,4,0,0,0,True,False,0
8188,6,0,0,6,6,0,0,0,True,False,0
8189,6,0,0,6,6,0,0,0,True,False,0
8190,8,0,0,8,8,0,0,0,True,False,0
8191,11,0,0,11,11,0,0,0,True,False,0
8192,14,0,0,14,14,0,0,0,True,False,0
8193,13,0,0,13,13,0,0,0,True,False,0
8194,9,0,0,9,9,0,0,0,True,False,0
8195,6,0,0,6,6,0,0,0,True,False,0
8196,14,0,0,14,14,0,0,0,True,False,0
8197,10,0,0,10,10,0,0,0,True,False,0
8198,10,0,0,10,10,0,0,0,True,False,0
8199,11,0,0,11,11,0,0,0,True,False,0
8200,11,0,0,11,11,0,0,0,True,False,0
8201,11,0,0,11,11,0,0,0,True,False,0
8202,10,0,0,10,10,0,0,0,True,False,0
8203,11,0,0,11,11,0,0,0,True,False,0
8204,8,0,0,8,8,0,0,0,True,False,0
8205,7,7,7,7,7,0,0,0,True,False,0
8206,5,0,0,5,5,0,0,0,True,False,0
8207,9,0,0,9,9,0,0,0,True,False,0
8208,8,0,0,8,8,0,0,0,True,False,0
8209,10,120,10,10,10,0,0,0,True,False,0
8210,200,0,0,200,200,0,0,0,True,False,0
8211,93,0,0,93,93,0,0,0,True,False,0
8212,47,0,0,47,47,0,0,0,True,False,0
8213,76,0,0,76,76,0,0,0,True,False,0
8214,8,0,0,8,8,0,0,0,True,False,0
8215,9,0,0,9,9,0,0,0,True,False,0
8216,9,0,0,9,9,0,0,0,True,False,0
8217,9,0,0,9,9,0,0,0,True,False,0
8218,7,0,0,7,7,0,0,0,True,False,0
8219,7,0,0,7,7,0,0,0,True,False,0
8220,7,0,0,7,7,0,0,0,True,False,0
8221,7,0,0,7,7,0,0,0,True,False,0
8222,7,0,0,7,7,0,0,0,True,False,0
8223,8,0,0,8,8,0,0,0,True,False,0
8224,7,0,0,7,7,0,0,0,True,False,0
8225,7,0,0,7,7,0,0,0,True,False,0
8226,7,0,0,7,7,0,0,0,True,False,0
8227,7,0,0,7,7,0,0,0,True,False,0
8228,8,0,0,8,8,0,0,0,True,False,0
8229,7,0,0,7,7,0,0,0,True,False,0
8230,7,0,0,7,7,0,0,0,True,False,0
8231,6,0,0,6,6,0,0,0,True,False,0
8232,7,0,0,7,7,0,0,0,True,False,0
8233,8,0,0,8,8,0,0,0,True,False,0
8234,8,0,0,8,8,0,0,0,True,False,0
8235,14,0,0,14,14,0,0,0,True,False,0
8236,12,0,0,12,12,0,0,0,True,False,0
8237,13,0,0,13,13,0,0,0,True,False,0
8238,12,0,0,12,12,0,0,0,True,False,0
8239,14,0,0,14,14,0,0,0,True,False,0
8240,13,0,0,13,13,0,0,0,True,False,0
8241,14,0,0,14,14,0,0,0,True,False,0
8242,16,0,0,16,16,0,0,0,True,False,0
8243,6,0,0,6,6,0,0,0,True,False,0
8244,12,0,0,12,12,0,0,0,True,False,0
8245,4,0,0,4,4,0,0,0,True,False,0
8246,6,0,0,6,6,0,0,0,True,False,0
8247,12,0,0,12,12,0,0,0,True,False,0
8248,6,0,0,6,6,0,0,0,True,False,0
8249,6,0,0,6,6,0,0,0,True,False,0
8250,4,0,0,4,4,0,0,0,True,False,0
8251,9,0,0,9,9,0,0,0,True,False,0
8252,7,0,0,7,7,0,0,0,True,False,0
8253,13,0,0,13,13,0,0,0,True,False,0
8254,9,0,0,9,9,0,0,0,True,False,0
8255,8,0,0,8,8,0,0,0,True,False,0
8256,4,0,0,4,4,0,0,0,True,False,0
8257,10,0,0,10,10,0,0,0,True,False,0
8258,15,0,0,15,15,0,0,0,True,False,0
8259,12,0,0,12,12,0,0,0,True,False,0
8260,13,0,0,13,13,0,0,0,True,False,0
8261,13,0,0,13,13,0,0,0,True,False,0
8262,9,0,0,9,9,0,0,0,True,False,0
8263,12,0,0,12,12,0,0,0,True,False,0
8264,9,0,0,9,9,0,0,0,True,False,0
8265,9,0,0,9,9,0,0,0,True,False,0
8266,9,0,0,9,9,0,0,0,True,False,0
8267,9,0,0,9,9,0,0,0,True,False,0
8268,8,8,8,8,8,0,0,0,True,False,0
8269,5,0,0,5,5,0,0,0,True,False,0
8270,10,0,0,10,10,0,0,0,True,False,0
8271,8,0,0,8,8,0,0,0,True,False,0
8272,0,116,0,0,0,0,0,0,True,False,0
8273,0,0,0,0,0,0,0,0,True,False,0
8274,90,0,0,90,90,0,0,0,True,False,0
8275,52,0,0,52,52,0,0,0,True,False,0
8276,73,0,0,73,73,0,0,0,True,False,0
8277,9,0,0,9,9,0,0,0,True,False,0
8278,7,0,0,7,7,0,0,0,True,False,0
8279,9,0,0,9,9,0,0,0,True,False,0
8280,10,0,0,10,10,0,0,0,True,False,0
8281,7,0,0,7,7,0,0,0,True,False,0
8282,7,0,0,7,7,0,0,0,True,False,0
8283,7,0,0,7,7,0,0,0,True,False,0
8284,7,0,0,7,7,0,0,0,True,False,0
8285,8,0,0,8,8,0,0,0,True,False,0
8286,7,0,0,7,7,0,0,0,True,False,0
8287,7,0,0,7,7,0,0,0,True,False,0
8288,6,0,0,6,6,0,0,0,True,False,0
8289,9,0,0,9,9,0,0,0,True,False,0
8290,9,0,0,9,9,0,0,0,True,False,0
8291,6,0,0,6,6,0,0,0,True,False,0
8292,7,0,0,7,7,0,0,0,True,False,0
8293,6,0,0,6,6,0,0,0,True,False,0
8294,7,0,0,7,7,0,0,0,True,False,0
8295,7,0,0,7,7,0,0,0,True,False,0
8296,7,0,0,7,7,0,0,0,True,False,0
8297,8,0,0,8,8,0,0,0,True,False,0
8298,12,0,0,12,12,0,0,0,True,False,0
8299,13,0,0,13,13,0,0,0,True,False,0
8300,13,0,0,13,13,0,0,0,True,False,0
8301,13,0,0,13,13,0,0,0,True,False,0
8302,12,0,0,12,12,0,0,0,True,False,0
8303,16,0,0,16,16,0,0,0,True,False,0
8304,12,0,0,12,12,0,0,0,True,False,0
8305,15,0,0,15,15,0,0,0,True,False,0
8306,6,0,0,6,6,0,0,0,True,False,0
8307,13,0,0,13,13,0,0,0,True,False,0
8308,4,0,0,4,4,0,0,0,True,False,0
8309,6,0,0,6,6,0,0,0,True,False,0
8310,12,0,0,12,12,0,0,0,True,False,0
8311,6,0,0,6,6,0,0,0,True,False,0
8312,6,0,0,6,6,0,0,0,True,False,0
8313,4,0,0,4,4,0,0,0,True,False,0
8314,13,0,0,13,13,0,0,0,True,False,0
8315,13,0,0,13,13,0,0,0,True,False,0
8316,14,0,0,14,14,0,0,0,True,False,0
8317,4,0,0,4,4,0,0,0,True,False,0
8318,16,0,0,16,16,0,0,0,True,False,0
8319,7,0,0,7,7,0,0,0,True,False,0
8320,16,0,0,16,16,0,0,0,True,False,0
8321,8,0,0,8,8,0,0,0,True,False,0
8322,13,0,0,13,13,0,0,0,True,False,0
8323,13,0,0,13,13,0,0,0,True,False,0
8324,10,0,0,10,10,0,0,0,True,False,0
8325,10,0,0,10,10,0,0,0,True,False,0
8326,12,0,0,12,12,0,0,0,True,False,0
8327,9,0,0,9,9,0,0,0,True,False,0
8328,12,0,0,12,12,0,0,0,True,False,0
8329,11,0,0,11,11,0,0,0,True,False,0
8330,9,0,0,9,9,0,0,0,True,False,0
8331,7,7,7,7,7,0,0,0,True,False,0
8332,5,0,0,5,5,0,0,0,True,False,0
8333,8,0,0,8,8,0,0,0,True,False,0
8334,8,0,0,8,8,0,0,0,True,False,0
8335,0,123,0,0,0,0,0,0,True,False,0
8336,0,0,0,0,0,0,0,0,True,False,0
8337,96,0,0,96,96,0,0,0,True,False,0
8338,50,0,0,50,50,0,0,0,True,False,0
8339,75,0,0,75,75,0,0,0,True,False,0
8340,8,0,0,8,8,0,0,0,True,False,0
8341,8,0,0,8,8,0,0,0,True,False,0
8342,11,0,0,11,11,0,0,0,True,False,0
8343,8,0,0,8,8,0,0,0,True,False,0
8344,10,0,0,10,10,0,0,0,True,False,0
8345,7,0,0,7,7,0,0,0,True,False,0
8346,8,0,0,8,8,0,0,0,True,False,0
8347,9,0,0,9,9,0,0,0,True,False,0
8348,7,0,0,7,7,0,0,0,True,False,0
8349,6,0,0,6,6,0,0,0,True,False,0
8350,7,0,0,7,7,0,0,0,True,False,0
8351,8,0,0,8,8,0,0,0,True,False,0
8352,8,0,0,8,8,0,0,0,True,False,0
8353,8,0,0,8,8,0,0,0,True,False,0
8354,7,0,0,7,7,0,0,0,True,False,0
8355,8,0,0,8,8,0,0,0,True,False,0
8356,6,0,0,6,6,0,0,0,True,False,0
8357,8,0,0,8,8,0,0,0,True,False,0
8358,9,0,0,9,9,0,0,0,True,False,0
8359,7,0,0,7,7,0,0,0,True,False,0
8360,6,0,0,6,6,0,0,0,True,False,0
8361,14,0,0,14,14,0,0,0,True,False,0
8362,13,0,0,13,13,0,0,0,True,False,0
8363,11,0,0,11,11,0,0,0,True,False,0
8364,13,0,0,13,13,0,0,0,True,False,0
8365,12,0,0,12,12,0,0,0,True,False,0
8366,14,0,0,14,14,0,0,0,True,False,0
8367,13,0,0,13,13,0,0,0,True,False,0
8368,11,0,0,11,11,0,0,0,True,False,0
8369,6,0,0,6,6,0,0,0,True,False,0
8370,11,0,0,11,11,0,0,0,True,False,0
8371,4,0,0,4,4,0,0,0,True,False,0
8372,6,0,0,6,6,0,0,0,True,False,0
8373,12,0,0,12,12,0,0,0,True,False,0
8374,6,0,0,6,6,0,0,0,True,False,0
8375,6,0,0,6,6,0,0,0,True,False,0
8376,4,0,0,4,4,0,0,0,True,False,0
8377,6,0,0,6,6,0,0,0,True,False,0
8378,11,0,0,11,11,0,0,0,True,False,0
8379,8,0,0,8,8,0,0,0,True,False,0
8380,11,0,0,11,11,0,0,0,True,False,0
8381,7,0,0,7,7,0,0,0,True,False,0
8382,10,0,0,10,10,0,0,0,True,False,0
8383,14,0,0,14,14,0,0,0,True,False,0
8384,8,0,0,8,8,0,0,0,True,False,0
8385,10,0,0,10,10,0,0,0,True,False,0
8386,10,0,0,10,10,0,0,0,True,False,0
8387,11,0,0,11,11,0,0,0,True,False,0
8388,13,0,0,13,13,0,0,0,True,False,0
8389,11,0,0,11,11,0,0,0,True,False,0
8390,12,0,0,12,12,0,0,0,True,False,0
8391,9,0,0,9,9,0,0,0,True,False,0
8392,10,0,0,10,10,0,0,0,True,False,0
8393,7,0,0,7,7,0,0,0,True,False,0
8394,8,8,8,8,8,0,0,0,True,False,0
8395,5,0,0,5,5,0,0,0,True,False,0
8396,8,0,0,8,8,0,0,0,True,False,0
8397,9,0,0,9,9,0,0,0,True,False,0
8398,0,116,0,0,0,0,0,0,True,False,0
8399,0,0,0,0,0,0,0,0,True,False,0
8400,97,0,0,97,97,0,0,0,True,False,0
8401,47,0,0,47,47,0,0,0,True,False,0
8402,76,0,0,76,76,0,0,0,True,False,0
8403,9,0,0,9,9,0,0,0,True,False,0
8404,8,0,0,8,8,0,0,0,True,False,0
8405,7,0,0,7,7,0,0,0,True,False,0
8406,11,0,0,11,11,0,0,0,True,False,0
8407,10,0,0,10,10,0,0,0,True,False,0
8408,7,0,0,7,7,0,0,0,True,False,0
8409,7,0,0,7,7,0,0,0,True,False,0
8410,6,0,0,6,6,0,0,0,True,False,0
8411,7,0,0,7,7,0,0,0,True,False,0
8412,9,0,0,9,9,0,0,0,True,False,0
8413,8,0,0,8,8,0,0,0,True,False,0
8414,7,0,0,7,7,0,0,0,True,False,0
8415,7,0,0,7,7,0,0,0,True,False,0
8416,8,0,0,8,8,0,0,0,True,False,0
8417,8,0,0,8,8,0,0,0,True,False,0
8418,7,0,0,7,7,0,0,0,True,False,0
8419,6,0,0,6,6,0,0,0,True,False,0
8420,9,0,0,9,9,0,0,0,True,False,0
8421,5,0,0,5,5,0,0,0,True,False,0
8422,9,0,0,9,9,0,0,0,True,False,0
8423,9,0,0,9,9,0,0,0,True,False,0
8424,13,0,0,13,13,0,0,0,True,False,0
8425,14,0,0,14,14,0,0,0,True,False,0
8426,14,0,0,14,14,0,0,0,True,False,0
8427,14,0,0,14,14,0,0,0,True,False,0
8428,13,0,0,13,13,0,0,0,True,False,0
8429,14,0,0,14,14,0,0,0,True,False,0
8430,12,0,0,12,12,0,0,0,True,False,0
8431,13,0,0,13,13,0,0,0,True,False,0
8432,6,0,0,6,6,0,0,0,True,False,0
8433,13,0,0,13,13,0,0,0,True,False,0
8434,4,0,0,4,4,0,0,0,True,False,0
8435,6,0,0,6,6,0,0,0,True,False,0
8436,12,0,0,12,12,0,0,0,True,False,0
8437,6,0,0,6,6,0,0,0,True,False,0
8438,6,0,0,6,6,0,0,0,True,False,0
8439,4,0,0,4,4,0,0,0,True,False,0
8440,6,0,0,6,6,0,0,0,True,False,0
8441,13,0,0,13,13,0,0,0,True,False,0
8442,11,0,0,11,11,0,0,0,True,False,0
8443,9,0,0,9,9,0,0,0,True,False,0
8444,12,0,0,12,12,0,0,0,True,False,0
8445,4,0,0,4,4,0,0,0,True,False,0
8446,4,0,0,4,4,0,0,0,True,False,0
8447,6,0,0,6,6,0,0,0,True,False,0
8448,1,0,0,1,1,0,0,0,True,True,0
8449,1,0,0,1,1,0,0,0,True,True,0
8450,1,0,0,1,1,0,0,0,True,True,0
8451,1,0,0,1,1,0,0,0,True,True,0
8452,1,0,0,1,1,0,0,0,True,True,0
8453,12,0,0,12,12,0,0,0,True,False,0
8454,12,0,0,12,12,0,0,0,True,False,0
8455,10,0,0,10,10,0,0,0,True,False,0
8456,9,0,0,9,9,0,0,0,True,False,0
8457,12,0,0,12,12,0,0,0,True,False,0
8458,10,0,0,10,10,0,0,0,True,False,0
8459,9,0,0,9,9,0,0,0,True,False,0
8460,11,0,0,11,11,0,0,0,True,False,0
8461,7,0,0,7,7,0,0,0,True,False,0
8462,7,7,7,7,7,0,0,0,True,False,0
8463,5,0,0,5,5,0,0,0,True,False,0
8464,9,0,0,9,9,0,0,0,True,False,0
8465,11,0,0,11,11,0,0,0,True,False,0
8466,0,119,0,0,0,0,0,0,True,False,0
8467,0,0,0,0,0,0,0,0,True,False,0
8468,97,0,0,97,97,0,0,0,True,False,0
8469,48,0,0,48,48,0,0,0,True,False,0
8470,74,0,0,74,74,0,0,0,True,False,0
8471,8,0,0,8,8,0,0,0,True,False,0
8472,9,0,0,9,9,0,0,0,True,False,0
8473,7,0,0,7,7,0,0,0,True,False,0
8474,8,0,0,8,8,0,0,0,True,False,0
8475,9,0,0,9,9,0,0,0,True,False,0
8476,7,0,0,7,7,0,0,0,True,False,0
8477,7,0,0,7,7,0,0,0,True,False,0
8478,7,0,0,7,7,0,0,0,True,False,0
8479,8,0,0,8,8,0,0,0,True,False,0
8480,8,0,0,8,8,0,0,0,True,False,0
8481,7,0,0,7,7,0,0,0,True,False,0
8482,7,0,0,7,7,0,0,0,True,False,0
8483,6,0,0,6,6,0,0,0,True,False,0
8484,6,0,0,6,6,0,0,0,True,False,0
8485,8,0,0,8,8,0,0,0,True,False,0
8486,7,0,0,7,7,0,0,0,True,False,0
8487,9,0,0,9,9,0,0,0,True,False,0
8488,6,0,0,6,6,0,0,0,True,False,0
8489,7,0,0,7,7,0,0,0,True,False,0
8490,6,0,0,6,6,0,0,0,True,False,0
8491,6,0,0,6,6,0,0,0,True,False,0
8492,13,0,0,13,13,0,0,0,True,False,0
8493,16,0,0,16,16,0,0,0,True,False,0
8494,14,0,0,14,14,0,0,0,True,False,0
8495,14,0,0,14,14,0,0,0,True,False,0
8496,14,0,0,14,14,0,0,0,True,False,0
8497,14,0,0,14,14,0,0,0,True,False,0
8498,14,0,0,14,14,0,0,0,True,False,0
8499,13,0,0,13,13,0,0,0,True,False,0
8500,6,0,0,6,6,0,0,0,True,False,0
8501,12,0,0,12,12,0,0,0,True,False,0
8502,4,0,0,4,4,0,0,0,True,False,0
8503,6,0,0,6,6,0,0,0,True,False,0
8504,12,0,0,12,12,0,0,0,True,False,0
8505,6,0,0,6,6,0,0,0,True,False,0
8506,6,0,0,6,6,0,0,0,True,False,0
8507,4,0,0,4,4,0,0,0,True,False,0
8508,12,0,0,12,12,0,0,0,True,False,0
8509,9,0,0,9,9,0,0,0,True,False,0
8510,8,0,0,8,8,0,0,0,True,False,0
8511,7,0,0,7,7,0,0,0,True,False,0
8512,7,0,0,7,7,0,0,0,True,False,0
8513,19,0,0,19,19,0,0,0,True,False,0
8514,11,0,0,11,11,0,0,0,True,False,0
8515,10,0,0,10,10,0,0,0,True,False,0
8516,1,0,0,1,1,0,0,0,True,True,0
8517,1,0,0,1,1,0,0,0,True,True,0
8518,4,0,0,4,4,0,0,0,True,False,0
8519,4,0,0,4,4,0,0,0,True,False,0
8520,3,0,0,3,3,0,0,0,True,False,0
8521,4,0,0,4,4,0,0,0,True,False,0
8522,4,0,0,4,4,0,0,0,True,False,0
8523,4,0,0,4,4,0,0,0,True,False,0
8524,3,0,0,3,3,0,0,0,True,False,0
8525,4,0,0,4,4,0,0,0,True,False,0
8526,4,0,0,4,4,0,0,0,True,False,0
8527,3,3,3,3,3,0,0,0,True,False,0
8528,2,0,0,2,2,0,0,0,True,True,0
8529,3,0,0,3,3,0,0,0,True,False,0
8530,3,0,0,3,3,0,0,0,True,False,0
8531,0,41,0,0,0,0,0,0,True,False,0
8532,0,0,0,0,0,0,0,0,True,False,0
8533,37,0,0,37,37,0,0,0,True,False,0
8534,16,0,0,16,16,0,0,0,True,False,0
8535,26,0,0,26,26,0,0,0,True,False,0
8536,4,0,0,4,4,0,0,0,True,False,0
8537,4,0,0,4,4,0,0,0,True,False,0
8538,3,0,0,3,3,0,0,0,True,False,0
8539,3,0,0,3,3,0,0,0,True,False,0
8540,4,0,0,4,4,0,0,0,True,False,0
8541,3,0,0,3,3,0,0,0,True,False,0
8542,4,0,0,4,4,0,0,0,True,False,0
8543,4,0,0,4,4,0,0,0,True,False,0
8544,3,0,0,3,3,0,0,0,True,False,0
8545,2,0,0,2,2,0,0,0,True,True,0
8546,3,0,0,3,3,0,0,0,True,False,0
8547,2,0,0,2,2,0,0,0,True,True,0
8548,2,0,0,2,2,0,0,0,True,True,0
8549,2,0,0,2,2,0,0,0,True,True,0
8550,3,0,0,3,3,0,0,0,True,False,0
8551,1,0,0,1,1,0,0,0,True,True,0
8552,3,0,0,3,3,0,0,0,True,False,0
8553,3,0,0,3,3,0,0,0,True,False,0
8554,2,0,0,2,2,0,0,0,True,True,0
8555,2,0,0,2,2,0,0,0,True,True,0
8556,3,0,0,3,3,0,0,0,True,False,0
8557,4,0,0,4,4,0,0,0,True,False,0
8558,4,0,0,4,4,0,0,0,True,False,0
8559,4,0,0,4,4,0,0,0,True,False,0
8560,3,0,0,3,3,0,0,0,True,False,0
8561,5,0,0,5,5,0,0,0,True,False,0
8562,5,0,0,5,5,0,0,0,True,False,0
8563,4,0,0,4,4,0,0,0,True,False,0
8564,4,0,0,4,4,0,0,0,True,False,0
8565,3,0,0,3,3,0,0,0,True,False,0
8566,4,0,0,4,4,0,0,0,True,False,0
8567,1,0,0,1,1,0,0,0,True,True,0
8568,3,0,0,3,3,0,0,0,True,False,0
8569,4,0,0,4,4,0,0,0,True,False,0
8570,2,0,0,2,2,0,0,0,True,True,0
8571,2,0,0,2,2,0,0,0,True,True,0
8572,2,0,0,2,2,0,0,0,True,True,0
8573,2,0,0,2,2,0,0,0,True,True,0
8574,4,0,0,4,4,0,0,0,True,False,0
8575,11,0,0,11,11,0,0,0,True,False,0
8576,2,0,0,2,2,0,0,0,True,True,0
8577,2,0,0,2,2,0,0,0,True,True,0
8578,8,0,0,8,8,0,0,0,True,False,0
8579,5,0,0,5,5,0,0,0,True,False,0
8580,10,0,0,10,10,0,0,0,True,False,0
8581,1,0,0,1,1,0,0,0,True,True,0
8582,8,0,0,8,8,0,0,0,False,False,0
8583,8,0,0,8,8,0,0,0,False,False,0
8584,7,0,0,7,7,0,0,0,False,False,0
8585,7,0,0,7,7,0,0,0,False,False,0
8586,8,0,0,8,8,0,0,0,False,False,0
8587,6,0,0,6,6,0,0,0,False,False,0
8588,6,0,0,6,6,0,0,0,False,False,0
8589,7,0,0,7,7,0,0,0,False,False,0
8590,7,0,0,7,7,0,0,0,False,False,0
8591,6,5,5,6,6,0,0,0,False,False,0
8592,4,0,0,4,4,0,0,0,False,False,0
8593,8,0,0,8,8,0,0,0,False,False,0
8594,9,0,0,9,9,0,0,0,False,False,0
8595,11,64,10,11,11,0,0,0,False,False,0
8596,200,0,0,200,200,0,0,0,False,False,0
8597,60,0,0,60,60,0,0,0,False,False,0
8598,28,0,0,28,28,0,0,0,False,False,0
8599,42,0,0,42,42,0,0,0,False,False,0
8600,8,0,0,8,8,0,0,0,False,False,0
8601,9,0,0,9,9,0,0,0,False,False,0
8602,8,0,0,8,8,0,0,0,False,False,0
8603,7,0,0,7,7,0,0,0,False,False,0
8604,8,0,0,8,8,0,0,0,False,False,0
8605,5,3,3,5,5,0,0,0,False,False,0
8606,6,3,3,6,6,0,0,0,False,False,0
8607,6,4,4,6,6,0,0,0,False,False,0
8608,6,4,4,6,6,0,0,0,False,False,0
8609,6,3,3,6,6,0,0,0,False,False,0
8610,5,3,3,5,5,0,0,0,False,False,0
8611,6,4,4,6,6,0,0,0,False,False,0
8612,6,3,3,6,6,0,0,0,False,False,0
8613,6,0,0,6,6,0,0,0,False,False,0
8614,6,0,0,6,6,0,0,0,False,False,0
8615,6,0,0,6,6,0,0,0,False,False,0
8616,5,0,0,5,5,0,0,0,False,False,0
8617,6,0,0,6,6,0,0,0,False,False,0
8618,6,0,0,6,6,0,0,0,False,False,0
8619,5,0,0,5,5,0,0,0,False,False,0
8620,5,0,0,5,5,0,0,0,False,False,0
8621,9,0,0,9,9,0,0,0,False,False,0
8622,10,0,0,10,10,0,0,0,False,False,0
8623,10,0,0,10,10,0,0,0,False,False,0
8624,8,0,0,8,8,0,0,0,False,False,0
8625,9,0,0,9,9,0,0,0,False,False,0
8626,10,0,0,10,10,0,0,0,False,False,0
8627,11,0,0,11,11,0,0,0,False,False,0
8628,8,0,0,8,8,0,0,0,False,False,0
8629,5,0,0,5,5,0,0,0,False,False,0
8630,8,0,0,8,8,0,0,0,False,False,0
8631,5,0,0,5,5,0,0,0,False,False,0
8632,5,0,0,5,5,0,0,0,False,False,0
8633,5,0,0,5,5,0,0,0,False,False,0
8634,4,0,0,4,4,0,0,0,False,False,0
8635,5,0,0,5,5,0,0,0,False,False,0
8636,4,0,0,4,4,0,0,0,False,False,0
8637,9,0,0,9,9,0,0,0,False,False,0
8638,9,0,0,9,9,0,0,0,False,False,0
8639,7,0,0,7,7,0,0,0,False,False,0
8640,9,0,0,9,9,0,0,0,False,False,0
8641,9,0,0,9,9,0,0,0,False,False,0
8642,8,0,0,8,8,0,0,0,False,False,0
8643,7,0,0,7,7,0,0,0,False,False,0
8644,7,0,0,7,7,0,0,0,False,False,0
8645,2,0,0,2,2,0,0,0,False,True,0
8646,2,0,0,2,2,0,0,0,False,True,0
8647,2,0,0,2,2,0,0,0,False,True,0
8648,2,0,0,2,2,0,0,0,False,True,0
8649,2,0,0,2,2,0,0,0,False,True,0
8650,2,0,0,2,2,0,0,0,False,True,0
8651,2,0,0,2,2,0,0,0,False,True,0
8652,2,0,0,2,2,0,0,0,False,True,0
8653,2,0,0,2,2,0,0,0,False,True,0
8654,2,0,0,2,2,0,0,0,False,True,0
8655,2,0,0,2,2,0,0,0,False,True,0
8656,2,0,0,2,2,0,0,0,False,True,0
8657,2,0,0,2,2,0,0,0,False,True,0
8658,2,0,0,2,2,0,0,0,False,True,0
8659,2,0,0,2,2,0,0,0,False,True,0
8660,2,0,0,2,2,0,0,0,False,True,0
8661,9,0,0,9,9,0,0,0,True,False,0
8662,10,0,0,10,10,0,0,0,True,False,0
8663,9,0,0,9,9,0,0,0,True,False,0
8664,13,0,0,13,13,0,0,0,True,False,0
8665,10,0,0,10,10,0,0,0,True,False,0
8666,12,0,0,12,12,0,0,0,True,False,0
8667,11,0,0,11,11,0,0,0,True,False,0
8668,12,0,0,12,12,0,0,0,True,False,0
8669,12,0,0,12,12,0,0,0,True,False,0
8670,7,7,7,7,7,0,0,0,True,False,0
8671,6,0,0,6,6,0,0,0,True,False,0
8672,13,0,0,13,13,0,0,0,True,False,0
8673,14,0,0,14,14,0,0,0,True,False,0
8674,0,127,0,0,0,0,0,0,True,False,0
8675,0,0,0,0,0,0,0,0,True,False,0
8676,94,0,0,94,94,0,0,0,True,False,0
8677,48,0,0,48,48,0,0,0,True,False,0
8678,72,0,0,72,72,0,0,0,True,False,0
8679,12,0,0,12,12,0,0,0,True,False,0
8680,11,0,0,11,11,0,0,0,True,False,0
8681,12,0,0,12,12,0,0,0,True,False,0
8682,10,0,0,10,10,0,0,0,True,False,0
8683,11,0,0,11,11,0,0,0,True,False,0
8684,7,0,0,7,7,0,0,0,True,False,0
8685,8,0,0,8,8,0,0,0,True,False,0
8686,9,0,0,9,9,0,0,0,True,False,0
8687,7,0,0,7,7,0,0,0,True,False,0
8688,8,0,0,8,8,0,0,0,True,False,0
8689,8,0,0,8,8,0,0,0,True,False,0
8690,7,0,0,7,7,0,0,0,True,False,0
8691,8,0,0,8,8,0,0,0,True,False,0
8692,7,0,0,7,7,0,0,0,True,False,0
8693,10,0,0,10,10,0,0,0,True,False,0
8694,7,0,0,7,7,0,0,0,True,False,0
8695,8,0,0,8,8,0,0,0,True,False,0
8696,6,0,0,6,6,0,0,0,True,False,0
8697,7,0,0,7,7,0,0,0,True,False,0
8698,6,0,0,6,6,0,0,0,True,False,0
8699,8,0,0,8,8,0,0,0,True,False,0
8700,15,0,0,15,15,0,0,0,True,False,0
8701,13,0,0,13,13,0,0,0,True,False,0
8702,14,0,0,14,14,0,0,0,True,False,0
8703,12,0,0,12,12,0,0,0,True,False,0
8704,13,0,0,13,13,0,0,0,True,False,0
8705,15,0,0,15,15,0,0,0,True,False,0
8706,13,0,0,13,13,0,0,0,True,False,0
8707,13,0,0,13,13,0,0,0,True,False,0
8708,6,0,0,6,6,0,0,0,True,False,0
8709,12,0,0,12,12,0,0,0,True,False,0
8710,6,0,0,6,6,0,0,0,True,False,0
8711,6,0,0,6,6,0,0,0,True,False,0
8712,6,0,0,6,6,0,0,0,True,False,0
8713,4,0,0,4,4,0,0,0,True,False,0
8714,6,0,0,6,6,0,0,0,True,False,0
8715,4,0,0,4,4,0,0,0,True,False,0
8716,8,0,0,8,8,0,0,0,True,False,0
8717,14,0,0,14,14,0,0,0,True,False,0
8718,7,0,0,7,7,0,0,0,True,False,0
8719,8,0,0,8,8,0,0,0,True,False,0
8720,13,0,0,13,13,0,0,0,True,False,0
8721,11,0,0,11,11,0,0,0,True,False,0
8722,12,0,0,12,12,0,0,0,True,False,0
8723,10,0,0,10,10,0,0,0,True,False,0
8724,11,0,0,11,11,0,0,0,True,False,0
8725,11,0,0,11,11,0,0,0,True,False,0
8726,10,0,0,10,10,0,0,0,True,False,0
8727,10,0,0,10,10,0,0,0,True,False,0
8728,8,0,0,8,8,0,0,0,True,False,0
8729,11,0,0,11,11,0,0,0,True,False,0
8730,10,0,0,10,10,0,0,0,True,False,0
8731,9,0,0,9,9,0,0,0,True,False,0
8732,10,0,0,10,10,0,0,0,True,False,0
8733,8,8,8,8,8,0,0,0,True,False,0
8734,4,0,0,4,4,0,0,0,True,False,0
8735,12,0,0,12,12,0,0,0,True,False,0
8736,11,0,0,11,11,0,0,0,True,False,0
8737,0,119,0,0,0,0,0,0,True,False,0
8738,0,0,0,0,0,0,0,0,True,False,0
8739,89,0,0,89,89,0,0,0,True,False,0
8740,46,0,0,46,46,0,0,0,True,False,0
8741,75,0,0,75,75,0,0,0,True,False,0
8742,9,0,0,9,9,0,0,0,True,False,0
8743,10,0,0,10,10,0,0,0,True,False,0
8744,10,0,0,10,10,0,0,0,True,False,0
8745,13,0,0,13,13,0,0,0,True,False,0
8746,12,0,0,12,12,0,0,0,True,False,0
8747,7,0,0,7,7,0,0,0,True,False,0
8748,7,0,0,7,7,0,0,0,True,False,0
8749,7,0,0,7,7,0,0,0,True,False,0
8750,7,0,0,7,7,0,0,0,True,False,0
8751,6,0,0,6,6,0,0,0,True,False,0
8752,6,0,0,6,6,0,0,0,True,False,0
8753,9,0,0,9,9,0,0,0,True,False,0
8754,7,0,0,7,7,0,0,0,True,False,0
8755,6,0,0,6,6,0,0,0,True,False,0
8756,7,0,0,7,7,0,0,0,True,False,0
8757,5,0,0,5,5,0,0,0,True,False,0
8758,6,0,0,6,6,0,0,0,True,False,0
8759,8,0,0,8,8,0,0,0,True,False,0
8760,8,0,0,8,8,0,0,0,True,False,0
8761,5,0,0,5,5,0,0,0,True,False,0
8762,6,0,0,6,6,0,0,0,True,False,0
8763,14,0,0,14,14,0,0,0,True,False,0
8764,14,0,0,14,14,0,0,0,True,False,0
8765,12,0,0,12,12,0,0,0,True,False,0
8766,14,0,0,14,14,0,0,0,True,False,0
8767,13,0,0,13,13,0,0,0,True,False,0
8768,15,0,0,15,15,0,0,0,True,False,0
8769,14,0,0,14,14,0,0,0,True,False,0
8770,14,0,0,14,14,0,0,0,True,False,0
8771,6,0,0,6,6,0,0,0,True,False,0
8772,12,0,0,12,12,0,0,0,True,False,0
8773,6,0,0,6,6,0,0,0,True,False,0
8774,6,0,0,6,6,0,0,0,True,False,0
8775,6,0,0,6,6,0,0,0,True,False,0
8776,4,0,0,4,4,0,0,0,True,False,0
8777,6,0,0,6,6,0,0,0,True,False,0
8778,4,0,0,4,4,0,0,0,True,False,0
8779,6,0,0,6,6,0,0,0,True,False,0
8780,6,0,0,6,6,0,0,0,True,False,0
8781,8,0,0,8,8,0,0,0,True,False,0
8782,8,0,0,8,8,0,0,0,True,False,0
8783,4,0,0,4,4,0,0,0,True,False,0
8784,4,0,0,4,4,0,0,0,True,False,0
8785,14,0,0,14,14,0,0,0,True,False,0
8786,8,0,0,8,8,0,0,0,True,False,0
8787,11,0,0,11,11,0,0,0,True,False,0
8788,10,0,0,10,10,0,0,0,True,False,0
8789,9,0,0,9,9,0,0,0,True,False,0
8790,9,0,0,9,9,0,0,0,True,False,0
8791,13,0,0,13,13,0,0,0,True,False,0
8792,12,0,0,12,12,0,0,0,True,False,0
8793,9,0,0,9,9,0,0,0,True,False,0
8794,9,0,0,9,9,0,0,0,True,False,0
8795,12,0,0,12,12,0,0,0,True,False,0
8796,7,7,7,7,7,0,0,0,True,False,0
8797,5,0,0,5,5,0,0,0,True,False,0
8798,11,0,0,11,11,0,0,0,True,False,0
8799,12,0,0,12,12,0,0,0,True,False,0
8800,0,118,0,0,0,0,0,0,True,False,0
8801,0,0,0,0,0,0,0,0,True,False,0
8802,89,0,0,89,89,0,0,0,True,False,0
8803,51,0,0,51,51,0,0,0,True,False,0
8804,74,0,0,74,74,0,0,0,True,False,0
8805,11,0,0,11,11,0,0,0,True,False,0
8806,11,0,0,11,11,0,0,0,True,False,0
8807,13,0,0,13,13,0,0,0,True,False,0
8808,12,0,0,12,12,0,0,0,True,False,0
8809,11,0,0,11,11,0,0,0,True,False,0
8810,8,0,0,8,8,0,0,0,True,False,0
8811,8,0,0,8,8,0,0,0,True,False,0
8812,6,0,0,6,6,0,0,0,True,False,0
8813,8,0,0,8,8,0,0,0,True,False,0
8814,8,0,0,8,8,0,0,0,True,False,0
8815,7,0,0,7,7,0,0,0,True,False,0
8816,9,0,0,9,9,0,0,0,True,False,0
8817,7,0,0,7,7,0,0,0,True,False,0
8818,6,0,0,6,6,0,0,0,True,False,0
8819,7,0,0,7,7,0,0,0,True,False,0
8820,8,0,0,8,8,0,0,0,True,False,0
8821,6,0,0,6,6,0,0,0,True,False,0
8822,7,0,0,7,7,0,0,0,True,False,0
8823,5,0,0,5,5,0,0,0,True,False,0
8824,7,0,0,7,7,0,0,0,True,False,0
8825,9,0,0,9,9,0,0,0,True,False,0
8826,13,0,0,13,13,0,0,0,True,False,0
8827,13,0,0,13,13,0,0,0,True,False,0
8828,11,0,0,11,11,0,0,0,True,False,0
8829,13,0,0,13,13,0,0,0,True,False,0
8830,12,0,0,12,12,0,0,0,True,False,0
8831,13,0,0,13,13,0,0,0,True,False,0
8832,15,0,0,15,15,0,0,0,True,False,0
8833,15,0,0,15,15,0,0,0,True,False,0
8834,6,0,0,6,6,0,0,0,True,False,0
8835,12,0,0,12,12,0,0,0,True,False,0
8836,6,0,0,6,6,0,0,0,True,False,0
8837,6,0,0,6,6,0,0,0,True,False,0
8838,6,0,0,6,6,0,0,0,True,False,0
8839,4,0,0,4,4,0,0,0,True,False,0
8840,6,0,0,6,6,0,0,0,True,False,0
8841,4,0,0,4,4,0,0,0,True,False,0
8842,9,0,0,9,9,0,0,0,True,False,0
8843,13,0,0,13,13,0,0,0,True,False,0
8844,9,0,0,9,9,0,0,0,True,False,0
8845,14,0,0,14,14,0,0,0,True,False,0
8846,14,0,0,14,14,0,0,0,True,False,0
8847,11,0,0,11,11,0,0,0,True,False,0
8848,10,0,0,10,10,0,0,0,True,False,0
8849,9,0,0,9,9,0,0,0,True,False,0
8850,12,0,0,12,12,0,0,0,True,False,0
8851,11,0,0,11,11,0,0,0,True,False,0
8852,14,0,0,14,14,0,0,0,True,False,0
8853,12,0,0,12,12,0,0,0,True,False,0
8854,12,0,0,12,12,0,0,0,True,False,0
8855,9,0,0,9,9,0,0,0,True,False,0
8856,11,0,0,11,11,0,0,0,True,False,0
8857,10,0,0,10,10,0,0,0,True,False,0
8858,9,1,1,9,9,0,0,0,True,False,0
8859,8,8,8,8,8,0,0,0,True,False,0
8860,5,0,0,5,5,0,0,0,True,False,0
8861,10,1,1,10,10,0,0,0,True,False,0
8862,10,1,1,10,10,0,0,0,True,False,0
8863,0,121,0,0,0,0,0,0,True,False,0
8864,0,0,0,0,0,0,0,0,True,False,0
8865,93,0,0,93,93,0,0,0,True,False,0
8866,47,0,0,47,47,0,0,0,True,False,0
8867,75,0,0,75,75,0,0,0,True,False,0
8868,9,1,1,9,9,0,0,0,True,False,0
8869,12,1,1,12,12,0,0,0,True,False,0
8870,12,1,1,12,12,0,0,0,True,False,0
8871,7,1,1,7,7,0,0,0,True,False,0
8872,9,1,1,9,9,0,0,0,True,False,0
8873,6,0,0,6,6,0,0,0,True,False,0
8874,9,0,0,9,9,0,0,0,True,False,0
8875,8,0,0,8,8,0,0,0,True,False,0
8876,7,0,0,7,7,0,0,0,True,False,0
8877,7,0,0,7,7,0,0,0,True,False,0
8878,10,0,0,10,10,0,0,0,True,False,0
8879,8,0,0,8,8,0,0,0,True,False,0
8880,9,0,0,9,9,0,0,0,True,False,0
8881,8,0,0,8,8,0,0,0,True,False,0
8882,6,0,0,6,6,0,0,0,True,False,0
8883,7,0,0,7,7,0,0,0,True,False,0
8884,8,0,0,8,8,0,0,0,True,False,0
8885,7,0,0,7,7,0,0,0,True,False,0
8886,6,0,0,6,6,0,0,0,True,False,0
8887,6,0,0,6,6,0,0,0,True,False,0
8888,6,0,0,6,6,0,0,0,True,False,0
8889,15,0,0,15,15,0,0,0,True,False,0
8890,14,0,0,14,14,0,0,0,True,False,0
8891,14,0,0,14,14,0,0,0,True,False,0
8892,12,0,0,12,12,0,0,0,True,False,0
8893,13,0,0,13,13,0,0,0,True,False,0
8894,12,0,0,12,12,0,0,0,True,False,0
8895,11,0,0,11,11,0,0,0,True,False,0
8896,14,0,0,14,14,0,0,0,True,False,0
8897,6,0,0,6,6,0,0,0,True,False,0
8898,12,0,0,12,12,0,0,0,True,False,0
8899,6,0,0,6,6,0,0,0,True,False,0
8900,6,0,0,6,6,0,0,0,True,False,0
8901,6,0,0,6,6,0,0,0,True,False,0
8902,4,0,0,4,4,0,0,0,True,False,0
8903,6,0,0,6,6,0,0,0,True,False,0
8904,4,0,0,4,4,0,0,0,True,False,0
8905,12,0,0,12,12,0,0,0,True,False,0
8906,11,0,0,11,11,0,0,0,True,False,0
8907,17,0,0,17,17,0,0,0,True,False,0
8908,9,0,0,9,9,0,0,0,True,False,0
8909,13,0,0,13,13,0,0,0,True,False,0
8910,11,0,0,11,11,0,0,0,True,False,0
8911,12,0,0,12,12,0,0,0,True,False,0
8912,3,0,0,3,3,0,0,0,True,False,0
8913,11,0,0,11,11,0,0,0,True,False,0
8914,9,0,0,9,9,0,0,0,True,False,0
8915,9,0,0,9,9,0,0,0,True,False,0
8916,10,0,0,10,10,0,0,0,True,False,0
8917,9,0,0,9,9,0,0,0,True,False,0
8918,9,0,0,9,9,0,0,0,True,False,0
8919,10,0,0,10,10,0,0,0,True,False,0
8920,12,0,0,12,12,0,0,0,True,False,0
8921,9,0,0,9,9,0,0,0,True,False,0
8922,7,7,7,7,7,0,0,0,True,False,0
8923,5,0,0,5,5,0,0,0,True,False,0
8924,8,0,0,8,8,0,0,0,True,False,0
8925,7,0,0,7,7,0,0,0,True,False,0
8926,10,121,10,10,10,0,0,0,True,False,0
8927,200,0,0,200,200,0,0,0,True,False,0
8928,98,0,0,98,98,0,0,0,True,False,0
8929,49,0,0,49,49,0,0,0,True,False,0
8930,75,0,0,75,75,0,0,0,True,False,0
8931,7,0,0,7,7,0,0,0,True,False,0
8932,7,0,0,7,7,0,0,0,True,False,0
8933,9,0,0,9,9,0,0,0,True,False,0
8934,8,0,0,8,8,0,0,0,True,False,0
8935,9,0,0,9,9,0,0,0,True,False,0
8936,7,0,0,7,7,0,0,0,True,False,0
8937,7,0,0,7,7,0,0,0,True,False,0
8938,6,0,0,6,6,0,0,0,True,False,0
8939,8,0,0,8,8,0,0,0,True,False,0
8940,8,0,0,8,8,0,0,0,True,False,0
8941,7,0,0,7,7,0,0,0,True,False,0
8942,7,0,0,7,7,0,0,0,True,False,0
8943,7,0,0,7,7,0,0,0,True,False,0
8944,6,0,0,6,6,0,0,0,True,False,0
8945,7,0,0,7,7,0,0,0,True,False,0
8946,6,0,0,6,6,0,0,0,True,False,0
8947,6,0,0,6,6,0,0,0,True,False,0
8948,9,0,0,9,9,0,0,0,True,False,0
8949,6,0,0,6,6,0,0,0,True,False,0
8950,9,0,0,9,9,0,0,0,True,False,0
8951,8,0,0,8,8,0,0,0,True,False,0
8952,11,0,0,11,11,0,0,0,True,False,0
8953,14,0,0,14,14,0,0,0,True,False,0
8954,17,0,0,17,17,0,0,0,True,False,0
8955,14,0,0,14,14,0,0,0,True,False,0
8956,14,0,0,14,14,0,0,0,True,False,0
8957,12,0,0,12,12,0,0,0,True,False,0
8958,16,0,0,16,16,0,0,0,True,False,0
8959,14,0,0,14,14,0,0,0,True,False,0
8960,6,0,0,6,6,0,0,0,True,False,0
8961,12,0,0,12,12,0,0,0,True,False,0
8962,6,0,0,6,6,0,0,0,True,False,0
8963,6,0,0,6,6,0,0,0,True,False,0
8964,6,0,0,6,6,0,0,0,True,False,0
8965,4,0,0,4,4,0,0,0,True,False,0
8966,6,0,0,6,6,0,0,0,True,False,0
8967,4,0,0,4,4,0,0,0,True,False,0
8968,10,0,0,10,10,0,0,0,True,False,0
8969,18,0,0,18,18,0,0,0,True,False,0
8970,9,0,0,9,9,0,0,0,True,False,0
8971,13,0,0,13,13,0,0,0,True,False,0
8972,14,0,0,14,14,0,0,0,True,False,0
8973,13,0,0,13,13,0,0,0,True,False,0
8974,13,0,0,13,13,0,0,0,True,False,0
8975,13,0,0,13,13,0,0,0,True,False,0
8976,10,0,0,10,10,0,0,0,True,False,0
8977,10,0,0,10,10,0,0,0,True,False,0
8978,10,0,0,10,10,0,0,0,True,False,0
8979,9,0,0,9,9,0,0,0,True,False,0
8980,12,0,0,12,12,0,0,0,True,False,0
8981,9,0,0,9,9,0,0,0,True,False,0
8982,12,0,0,12,12,0,0,0,True,False,0
8983,11,0,0,11,11,0,0,0,True,False,0
8984,9,0,0,9,9,0,0,0,True,False,0
8985,8,8,8,8,8,0,0,0,True,False,0
8986,5,0,0,5,5,0,0,0,True,False,0
8987,10,0,0,10,10,0,0,0,True,False,0
8988,10,0,0,10,10,0,0,0,True,False,0
8989,0,121,0,0,0,0,0,0,True,False,0
8990,0,0,0,0,0,0,0,0,True,False,0
8991,96,0,0,96,96,0,0,0,True,False,0
8992,48,0,0,48,48,0,0,0,True,False,0
8993,79,0,0,79,79,0,0,0,True,False,0
8994,10,0,0,10,10,0,0,0,True,False,0
8995,11,0,0,11,11,0,0,0,True,False,0
8996,9,0,0,9,9,0,0,0,True,False,0
8997,10,0,0,10,10,0,0,0,True,False,0
8998,9,0,0,9,9,0,0,0,True,False,0
8999,7,0,0,7,7,0,0,0,True,False,0
9000,7,0,0,7,7,0,0,0,True,False,0
9001,7,0,0,7,7,0,0,0,True,False,0
9002,9,0,0,9,9,0,0,0,True,False,0
9003,7,0,0,7,7,0,0,0,True,False,0
9004,8,0,0,8,8,0,0,0,True,False,0
9005,7,0,0,7,7,0,0,0,True,False,0
9006,7,0,0,7,7,0,0,0,True,False,0
9007,7,0,0,7,7,0,0,0,True,False,0
9008,7,0,0,7,7,0,0,0,True,False,0
9009,9,0,0,9,9,0,0,0,True,False,0
9010,6,0,0,6,6,0,0,0,True,False,0
9011,7,0,0,7,7,0,0,0,True,False,0
9012,7,0,0,7,7,0,0,0,True,False,0
9013,7,0,0,7,7,0,0,0,True,False,0
9014,6,0,0,6,6,0,0,0,True,False,0
9015,14,0,0,14,14,0,0,0,True,False,0
9016,15,0,0,15,15,0,0,0,True,False,0
9017,14,0,0,14,14,0,0,0,True,False,0
9018,13,0,0,13,13,0,0,0,True,False,0
9019,13,0,0,13,13,0,0,0,True,False,0
9020,13,0,0,13,13,0,0,0,True,False,0
9021,14,0,0,14,14,0,0,0,True,False,0
9022,13,0,0,13,13,0,0,0,True,False,0
9023,6,0,0,6,6,0,0,0,True,False,0
9024,12,0,0,12,12,0,0,0,True,False,0
9025,6,0,0,6,6,0,0,0,True,False,0
9026,6,0,0,6,6,0,0,0,True,False,0
9027,6,0,0,6,6,0,0,0,True,False,0
9028,4,0,0,4,4,0,0,0,True,False,0
9029,6,0,0,6,6,0,0,0,True,False,0
9030,4,0,0,4,4,0,0,0,True,False,0
9031,6,0,0,6,6,0,0,0,True,False,0
9032,6,0,0,6,6,0,0,0,True,False,0
9033,6,0,0,6,6,0,0,0,True,False,0
9034,12,0,0,12,12,0,0,0,True,False,0
9035,14,0,0,14,14,0,0,0,True,False,0
9036,14,0,0,14,14,0,0,0,True,False,0
9037,9,0,0,9,9,0,0,0,True,False,0
9038,14,0,0,14,14,0,0,0,True,False,0
9039,9,0,0,9,9,0,0,0,True,False,0
9040,13,0,0,13,13,0,0,0,True,False,0
9041,10,0,0,10,10,0,0,0,True,False,0
9042,11,0,0,11,11,0,0,0,True,False,0
9043,10,0,0,10,10,0,0,0,True,False,0
9044,10,0,0,10,10,0,0,0,True,False,0
9045,13,0,0,13,13,0,0,0,True,False,0
9046,12,0,0,12,12,0,0,0,True,False,0
9047,8,0,0,8,8,0,0,0,True,False,0
9048,7,7,7,7,7,0,0,0,True,False,0
9049,5,0,0,5,5,0,0,0,True,False,0
9050,8,0,0,8,8,0,0,0,True,False,0
9051,8,0,0,8,8,0,0,0,True,False,0
9052,0,114,0,0,0,0,0,0,True,False,0
9053,0,0,0,0,0,0,0,0,True,False,0
9054,96,0,0,96,96,0,0,0,True,False,0
9055,49,0,0,49,49,0,0,0,True,False,0
9056,75,0,0,75,75,0,0,0,True,False,0
9057,7,0,0,7,7,0,0,0,True,False,0
9058,9,0,0,9,9,0,0,0,True,False,0
9059,7,0,0,7,7,0,0,0,True,False,0
9060,9,0,0,9,9,0,0,0,True,False,0
9061,8,0,0,8,8,0,0,0,True,False,0
9062,7,0,0,7,7,0,0,0,True,False,0
9063,9,0,0,9,9,0,0,0,True,False,0
9064,7,0,0,7,7,0,0,0,True,False,0
9065,7,0,0,7,7,0,0,0,True,False,0
9066,7,0,0,7,7,0,0,0,True,False,0
9067,7,0,0,7,7,0,0,0,True,False,0
9068,8,0,0,8,8,0,0,0,True,False,0
9069,9,0,0,9,9,0,0,0,True,False,0
9070,9,0,0,9,9,0,0,0,True,False,0
9071,6,0,0,6,6,0,0,0,True,False,0
9072,8,0,0,8,8,0,0,0,True,False,0
9073,6,0,0,6,6,0,0,0,True,False,0
9074,6,0,0,6,6,0,0,0,True,False,0
9075,6,0,0,6,6,0,0,0,True,False,0
9076,7,0,0,7,7,0,0,0,True,False,0
9077,6,0,0,6,6,0,0,0,True,False,0
9078,13,0,0,13,13,0,0,0,True,False,0
9079,13,0,0,13,13,0,0,0,True,False,0
9080,13,0,0,13,13,0,0,0,True,False,0
9081,13,0,0,13,13,0,0,0,True,False,0
9082,16,0,0,16,16,0,0,0,True,False,0
9083,14,0,0,14,14,0,0,0,True,False,0
9084,12,0,0,12,12,0,0,0,True,False,0
9085,13,0,0,13,13,0,0,0,True,False,0
9086,6,0,0,6,6,0,0,0,True,False,0
9087,13,0,0,13,13,0,0,0,True,False,0
9088,6,0,0,6,6,0,0,0,True,False,0
9089,6,0,0,6,6,0,0,0,True,False,0
9090,6,0,0,6,6,0,0,0,True,False,0
9091,4,0,0,4,4,0,0,0,True,False,0
9092,6,0,0,6,6,0,0,0,True,False,0
9093,4,0,0,4,4,0,0,0,True,False,0
9094,9,0,0,9,9,0,0,0,True,False,0
9095,7,0,0,7,7,0,0,0,True,False,0
9096,7,0,0,7,7,0,0,0,True,False,0
9097,7,0,0,7,7,0,0,0,True,False,0
9098,9,0,0,9,9,0,0,0,True,False,0
9099,13,0,0,13,13,0,0,0,True,False,0
9100,12,0,0,12,12,0,0,0,True,False,0
9101,13,0,0,13,13,0,0,0,True,False,0
9102,14,0,0,14,14,0,0,0,True,False,0
9103,9,0,0,9,9,0,0,0,True,False,0
9104,12,0,0,12,12,0,0,0,True,False,0
9105,12,0,0,12,12,0,0,0,True,False,0
9106,11,0,0,11,11,0,0,0,True,False,0
9107,10,0,0,10,10,0,0,0,True,False,0
9108,8,0,0,8,8,0,0,0,True,False,0
9109,11,0,0,11,11,0,0,0,True,False,0
9110,10,0,0,10,10,0,0,0,True,False,0
9111,8,8,8,8,8,0,0,0,True,False,0
9112,5,0,0,5,5,0,0,0,True,False,0
9113,8,0,0,8,8,0,0,0,True,False,0
9114,9,0,0,9,9,0,0,0,True,False,0
9115,0,122,0,0,0,0,0,0,True,False,0
9116,0,0,0,0,0,0,0,0,True,False,0
9117,94,0,0,94,94,0,0,0,True,False,0
9118,42,0,0,42,42,0,0,0,True,False,0
9119,74,0,0,74,74,0,0,0,True,False,0
9120,8,0,0,8,8,0,0,0,True,False,0
9121,9,0,0,9,9,0,0,0,True,False,0
9122,8,0,0,8,8,0,0,0,True,False,0
9123,9,0,0,9,9,0,0,0,True,False,0
9124,9,0,0,9,9,0,0,0,True,False,0
9125,7,0,0,7,7,0,0,0,True,False,0
9126,6,0,0,6,6,0,0,0,True,False,0
9127,6,0,0,6,6,0,0,0,True,False,0
9128,7,0,0,7,7,0,0,0,True,False,0
9129,7,0,0,7,7,0,0,0,True,False,0
9130,8,0,0,8,8,0,0,0,True,False,0
9131,8,0,0,8,8,0,0,0,True,False,0
9132,8,0,0,8,8,0,0,0,True,False,0
9133,6,0,0,6,6,0,0,0,True,False,0
9134,6,0,0,6,6,0,0,0,True,False,0
9135,6,0,0,6,6,0,0,0,True,False,0
9136,8,0,0,8,8,0,0,0,True,False,0
9137,7,0,0,7,7,0,0,0,True,False,0
9138,8,0,0,8,8,0,0,0,True,False,0
9139,6,0,0,6,6,0,0,0,True,False,0
9140,7,0,0,7,7,0,0,0,True,False,0
9141,12,0,0,12,12,0,0,0,True,False,0
9142,14,0,0,14,14,0,0,0,True,False,0
9143,12,0,0,12,12,0,0,0,True,False,0
9144,11,0,0,11,11,0,0,0,True,False,0
9145,12,0,0,12,12,0,0,0,True,False,0
9146,13,0,0,13,13,0,0,0,True,False,0
9147,13,0,0,13,13,0,0,0,True,False,0
9148,11,0,0,11,11,0,0,0,True,False,0
9149,6,0,0,6,6,0,0,0,True,False,0
9150,11,0,0,11,11,0,0,0,True,False,0
9151,6,0,0,6,6,0,0,0,True,False,0
9152,6,0,0,6,6,0,0,0,True,False,0
9153,6,0,0,6,6,0,0,0,True,False,0
9154,4,0,0,4,4,0,0,0,True,False,0
9155,6,0,0,6,6,0,0,0,True,False,0
9156,4,0,0,4,4,0,0,0,True,False,0
9157,9,0,0,9,9,0,0,0,True,False,0
9158,12,0,0,12,12,0,0,0,True,False,0
9159,10,0,0,10,10,0,0,0,True,False,0
9160,10,0,0,10,10,0,0,0,True,False,0
9161,3,0,0,3,3,0,0,0,True,False,0
9162,7,0,0,7,7,0,0,0,True,False,0
9163,3,0,0,3,3,0,0,0,True,False,0
9164,9,0,0,9,9,0,0,0,True,False,0
9165,1,0,0,1,1,0,0,0,True,True,0
9166,1,0,0,1,1,0,0,0,True,True,0
9167,1,0,0,1,1,0,0,0,True,True,0
9168,11,0,0,11,11,0,0,0,True,False,0
9169,11,0,0,11,11,0,0,0,True,False,0
9170,9,0,0,9,9,0,0,0,True,False,0
9171,14,0,0,14,14,0,0,0,True,False,0
9172,11,0,0,11,11,0,0,0,True,False,0
9173,10,0,0,10,10,0,0,0,True,False,0
9174,11,0,0,11,11,0,0,0,True,False,0
9175,9,0,0,9,9,0,0,0,True,False,0
9176,8,0,0,8,8,0,0,0,True,False,0
9177,7,7,7,7,7,0,0,0,True,False,0
9178,5,0,0,5,5,0,0,0,True,False,0
9179,9,0,0,9,9,0,0,0,True,False,0
9180,10,0,0,10,10,0,0,0,True,False,0
9181,0,122,0,0,0,0,0,0,True,False,0
9182,0,0,0,0,0,0,0,0,True,False,0
9183,96,0,0,96,96,0,0,0,True,False,0
9184,50,0,0,50,50,0,0,0,True,False,0
9185,72,0,0,72,72,0,0,0,True,False,0
9186,9,0,0,9,9,0,0,0,True,False,0
9187,8,0,0,8,8,0,0,0,True,False,0
9188,8,0,0,8,8,0,0,0,True,False,0
9189,10,0,0,10,10,0,0,0,True,False,0
9190,9,0,0,9,9,0,0,0,True,False,0
9191,8,0,0,8,8,0,0,0,True,False,0
9192,8,0,0,8,8,0,0,0,True,False,0
9193,8,0,0,8,8,0,0,0,True,False,0
9194,8,0,0,8,8,0,0,0,True,False,0
9195,8,0,0,8,8,0,0,0,True,False,0
9196,7,0,0,7,7,0,0,0,True,False,0
9197,7,0,0,7,7,0,0,0,True,False,0
9198,7,0,0,7,7,0,0,0,True,False,0
9199,6,0,0,6,6,0,0,0,True,False,0
9200,6,0,0,6,6,0,0,0,True,False,0
9201,5,0,0,5,5,0,0,0,True,False,0
9202,8,0,0,8,8,0,0,0,True,False,0
9203,5,0,0,5,5,0,0,0,True,False,0
9204,6,0,0,6,6,0,0,0,True,False,0
9205,8,0,0,8,8,0,0,0,True,False,0
9206,7,0,0,7,7,0,0,0,True,False,0
9207,12,0,0,12,12,0,0,0,True,False,0
9208,13,0,0,13,13,0,0,0,True,False,0
9209,14,0,0,14,14,0,0,0,True,False,0
9210,13,0,0,13,13,0,0,0,True,False,0
9211,15,0,0,15,15,0,0,0,True,False,0
9212,13,0,0,13,13,0,0,0,True,False,0
9213,15,0,0,15,15,0,0,0,True,False,0
9214,14,0,0,14,14,0,0,0,True,False,0
9215,6,0,0,6,6,0,0,0,True,False,0
9216,12,0,0,12,12,0,0,0,True,False,0
9217,6,0,0,6,6,0,0,0,True,False,0
9218,6,0,0,6,6,0,0,0,True,False,0
9219,6,0,0,6,6,0,0,0,True,False,0
9220,4,0,0,4,4,0,0,0,True,False,0
9221,6,0,0,6,6,0,0,0,True,False,0
9222,4,0,0,4,4,0,0,0,True,False,0
9223,10,0,0,10,10,0,0,0,True,False,0
9224,11,0,0,11,11,0,0,0,True,False,0
9225,9,0,0,9,9,0,0,0,True,False,0
9226,10,0,0,10,10,0,0,0,True,False,0
9227,14,0,0,14,14,0,0,0,True,False,0
9228,14,0,0,14,14,0,0,0,True,False,0
9229,7,0,0,7,7,0,0,0,True,False,0
9230,7,0,0,7,7,0,0,0,True,False,0
9231,1,0,0,1,1,0,0,0,True,True,0
9232,1,0,0,1,1,0,0,0,True,True,0
9233,1,0,0,1,1,0,0,0,True,True,0
9234,5,0,0,5,5,0,0,0,True,False,0
9235,3,0,0,3,3,0,0,0,True,False,0
9236,4,0,0,4,4,0,0,0,True,False,0
9237,4,0,0,4,4,0,0,0,True,False,0
9238,5,0,0,5,5,0,0,0,True,False,0
9239,5,0,0,5,5,0,0,0,True,False,0
9240,3,0,0,3,3,0,0,0,True,False,0
9241,4,0,0,4,4,0,0,0,True,False,0
9242,3,0,0,3,3,0,0,0,True,False,0
9243,3,3,3,3,3,0,0,0,True,False,0
9244,2,0,0,2,2,0,0,0,True,True,0
9245,2,0,0,2,2,0,0,0,True,True,0
9246,4,0,0,4,4,0,0,0,True,False,0
9247,0,48,0,0,0,0,0,0,True,False,0
9248,0,0,0,0,0,0,0,0,True,False,0
9249,36,0,0,36,36,0,0,0,True,False,0
9250,20,0,0,20,20,0,0,0,True,False,0
9251,34,0,0,34,34,0,0,0,True,False,0
9252,3,0,0,3,3,0,0,0,True,False,0
9253,4,0,0,4,4,0,0,0,True,False,0
9254,3,0,0,3,3,0,0,0,True,False,0
9255,4,0,0,4,4,0,0,0,True,False,0
9256,5,0,0,5,5,0,0,0,True,False,0
9257,3,0,0,3,3,0,0,0,True,False,0
9258,3,0,0,3,3,0,0,0,True,False,0
9259,4,0,0,4,4,0,0,0,True,False,0
9260,4,0,0,4,4,0,0,0,True,False,0
9261,2,0,0,2,2,0,0,0,True,True,0
9262,3,0,0,3,3,0,0,0,True,False,0
9263,4,0,0,4,4,0,0,0,True,False,0
9264,4,0,0,4,4,0,0,0,True,False,0
9265,2,0,0,2,2,0,0,0,True,True,0
9266,3,0,0,3,3,0,0,0,True,False,0
9267,3,0,0,3,3,0,0,0,True,False,0
9268,3,0,0,3,3,0,0,0,True,False,0
9269,3,0,0,3,3,0,0,0,True,False,0
9270,3,0,0,3,3,0,0,0,True,False,0
9271,3,0,0,3,3,0,0,0,True,False,0
9272,2,0,0,2,2,0,0,0,True,True,0
9273,6,0,0,6,6,0,0,0,True,False,0
9274,6,0,0,6,6,0,0,0,True,False,0
9275,5,0,0,5,5,0,0,0,True,False,0
9276,6,0,0,6,6,0,0,0,True,False,0
9277,7,0,0,7,7,0,0,0,True,False,0
9278,5,0,0,5,5,0,0,0,True,False,0
9279,5,0,0,5,5,0,0,0,True,False,0
9280,5,0,0,5,5,0,0,0,True,False,0
9281,3,0,0,3,3,0,0,0,True,False,0
9282,6,0,0,6,6,0,0,0,True,False,0
9283,3,0,0,3,3,0,0,0,True,False,0
9284,2,0,0,2,2,0,0,0,True,True,0
9285,2,0,0,2,2,0,0,0,True,True,0
9286,1,0,0,1,1,0,0,0,True,True,0
9287,2,0,0,2,2,0,0,0,True,True,0
9288,2,0,0,2,2,0,0,0,True,True,0
9289,4,0,0,4,4,0,0,0,True,False,0
9290,5,0,0,5,5,0,0,0,True,False,0
9291,7,0,0,7,7,0,0,0,True,False,0
9292,1,0,0,1,1,0,0,0,True,True,0
9293,7,0,0,7,7,0,0,0,True,False,0
9294,1,0,0,1,1,0,0,0,True,True,0
9295,5,0,0,5,5,0,0,0,True,False,0
9296,4,0,0,4,4,0,0,0,True,False,0
9297,1,0,0,1,1,0,0,0,True,True,0
9298,1,0,0,1,1,0,0,0,True,True,0
9299,7,0,0,7,7,0,0,0,False,False,0
9300,6,0,0,6,6,0,0,0,False,False,0
9301,7,0,0,7,7,0,0,0,False,False,0
9302,6,0,0,6,6,0,0,0,False,False,0
9303,7,0,0,7,7,0,0,0,False,False,0
9304,6,0,0,6,6,0,0,0,False,False,0
9305,7,0,0,7,7,0,0,0,False,False,0
9306,7,0,0,7,7,0,0,0,False,False,0
9307,8,0,0,8,8,0,0,0,False,False,0
9308,5,4,4,5,5,0,0,0,False,False,0
9309,4,0,0,4,4,0,0,0,False,False,0
9310,7,0,0,7,7,0,0,0,False,False,0
9311,6,0,0,6,6,0,0,0,False,False,0
9312,11,68,10,11,11,0,0,0,False,False,0
9313,200,0,0,200,200,0,0,0,False,False,0
9314,48,0,0,48,48,0,0,0,False,False,0
9315,25,0,0,25,25,0,0,0,False,False,0
9316,40,0,0,40,40,0,0,0,False,False,0
9317,9,0,0,9,9,0,0,0,False,False,0
9318,7,0,0,7,7,0,0,0,False,False,0
9319,6,0,0,6,6,0,0,0,False,False,0
9320,6,0,0,6,6,0,0,0,False,False,0
9321,7,0,0,7,7,0,0,0,False,False,0
9322,4,3,3,4,4,0,0,0,False,False,0
9323,6,4,4,6,6,0,0,0,False,False,0
9324,6,4,4,6,6,0,0,0,False,False,0
9325,5,4,4,5,5,0,0,0,False,False,0
9326,5,3,3,5,5,0,0,0,False,False,0
9327,6,3,3,6,6,0,0,0,False,False,0
9328,5,3,3,5,5,0,0,0,False,False,0
9329,5,3,3,5,5,0,0,0,False,False,0
9330,5,0,0,5,5,0,0,0,False,False,0
9331,4,0,0,4,4,0,0,0,False,False,0
9332,5,0,0,5,5,0,0,0,False,False,0
9333,6,0,0,6,6,0,0,0,False,False,0
9334,6,0,0,6,6,0,0,0,False,False,0
9335,5,0,0,5,5,0,0,0,False,False,0
9336,6,0,0,6,6,0,0,0,False,False,0
9337,6,0,0,6,6,0,0,0,False,False,0
9338,7,0,0,7,7,0,0,0,False,False,0
9339,8,0,0,8,8,0,0,0,False,False,0
9340,8,0,0,8,8,0,0,0,False,False,0
9341,8,0,0,8,8,0,0,0,False,False,0
9342,8,0,0,8,8,0,0,0,False,False,0
9343,8,0,0,8,8,0,0,0,False,False,0
9344,7,0,0,7,7,0,0,0,False,False,0
9345,9,0,0,9,9,0,0,0,False,False,0
9346,4,0,0,4,4,0,0,0,False,False,0
9347,8,0,0,8,8,0,0,0,False,False,0
9348,8,0,0,8,8,0,0,0,False,False,0
9349,4,0,0,4,4,0,0,0,False,False,0
9350,4,0,0,4,4,0,0,0,False,False,0
9351,5,0,0,5,5,0,0,0,False,False,0
9352,4,0,0,4,4,0,0,0,False,False,0
9353,8,0,0,8,8,0,0,0,False,False,0
9354,7,0,0,7,7,0,0,0,False,False,0
9355,4,0,0,4,4,0,0,0,False,False,0
9356,7,0,0,7,7,0,0,0,False,False,0
9357,8,0,0,8,8,0,0,0,False,False,0
9358,8,0,0,8,8,0,0,0,False,False,0
9359,8,0,0,8,8,0,0,0,False,False,0
9360,6,0,0,6,6,0,0,0,False,False,0
9361,8,0,0,8,8,0,0,0,False,False,0
9362,2,0,0,2,2,0,0,0,False,True,0
9363,2,0,0,2,2,0,0,0,False,True,0
9364,2,0,0,2,2,0,0,0,False,True,0
9365,2,0,0,2,2,0,0,0,False,True,0
9366,2,0,0,2,2,0,0,0,False,True,0
9367,2,0,0,2,2,0,0,0,False,True,0
9368,2,0,0,2,2,0,0,0,False,True,0
9369,2,0,0,2,2,0,0,0,False,True,0
9370,2,0,0,2,2,0,0,0,False,True,0
9371,2,0,0,2,2,0,0,0,False,True,0
9372,2,0,0,2,2,0,0,0,False,True,0
9373,2,0,0,2,2,0,0,0,False,True,0
9374,2,0,0,2,2,0,0,0,False,True,0
9375,2,0,0,2,2,0,0,0,False,True,0
9376,2,0,0,2,2,0,0,0,False,True,0
9377,2,0,0,2,2,0,0,0,False,True,0
9378,8,0,0,8,8,0,0,0,True,False,0
9379,11,0,0,11,11,0,0,0,True,False,0
9380,8,0,0,8,8,0,0,0,True,False,0
9381,10,0,0,10,10,0,0,0,True,False,0
9382,13,0,0,13,13,0,0,0,True,False,0
9383,11,0,0,11,11,0,0,0,True,False,0
9384,9,0,0,9,9,0,0,0,True,False,0
9385,10,0,0,10,10,0,0,0,True,False,0
9386,9,0,0,9,9,0,0,0,True,False,0
9387,8,8,8,8,8,0,0,0,True,False,0
9388,5,0,0,5,5,0,0,0,True,False,0
9389,9,0,0,9,9,0,0,0,True,False,0
9390,12,0,0,12,12,0,0,0,True,False,0
9391,0,114,0,0,0,0,0,0,True,False,0
9392,0,0,0,0,0,0,0,0,True,False,0
9393,91,0,0,91,91,0,0,0,True,False,0
9394,49,0,0,49,49,0,0,0,True,False,0
9395,75,0,0,75,75,0,0,0,True,False,0
9396,11,0,0,11,11,0,0,0,True,False,0
9397,10,0,0,10,10,0,0,0,True,False,0
9398,12,0,0,12,12,0,0,0,True,False,0
9399,11,0,0,11,11,0,0,0,True,False,0
9400,11,0,0,11,11,0,0,0,True,False,0
9401,8,1,1,8,8,0,0,0,True,False,0
9402,9,0,0,9,9,0,0,0,True,False,0
9403,8,0,0,8,8,0,0,0,True,False,0
9404,7,0,0,7,7,0,0,0,True,False,0
9405,7,0,0,7,7,0,0,0,True,False,0
9406,7,0,0,7,7,0,0,0,True,False,0
9407,9,0,0,9,9,0,0,0,True,False,0
9408,7,0,0,7,7,0,0,0,True,False,0
9409,7,0,0,7,7,0,0,0,True,False,0
9410,7,0,0,7,7,0,0,0,True,False,0
9411,7,0,0,7,7,0,0,0,True,False,0
9412,9,0,0,9,9,0,0,0,True,False,0
9413,8,0,0,8,8,0,0,0,True,False,0
9414,7,0,0,7,7,0,0,0,True,False,0
9415,7,0,0,7,7,0,0,0,True,False,0
9416,9,0,0,9,9,0,0,0,True,False,0
9417,15,0,0,15,15,0,0,0,True,False,0
9418,14,0,0,14,14,0,0,0,True,False,0
9419,14,0,0,14,14,0,0,0,True,False,0
9420,14,0,0,14,14,0,0,0,True,False,0
9421,13,0,0,13,13,0,0,0,True,False,0
9422,14,0,0,14,14,0,0,0,True,False,0
9423,13,0,0,13,13,0,0,0,True,False,0
9424,13,0,0,13,13,0,0,0,True,False,0
9425,4,0,0,4,4,0,0,0,True,False,0
9426,12,0,0,12,12,0,0,0,True,False,0
9427,12,0,0,12,12,0,0,0,True,False,0
9428,4,0,0,4,4,0,0,0,True,False,0
9429,4,0,0,4,4,0,0,0,True,False,0
9430,6,0,0,6,6,0,0,0,True,False,0
9431,4,0,0,4,4,0,0,0,True,False,0
9432,12,0,0,12,12,0,0,0,True,False,0
9433,11,0,0,11,11,0,0,0,True,False,0
9434,16,0,0,16,16,0,0,0,True,False,0
9435,10,0,0,10,10,0,0,0,True,False,0
9436,9,0,0,9,9,0,0,0,True,False,0
9437,10,0,0,10,10,0,0,0,True,False,0
9438,8,0,0,8,8,0,0,0,True,False,0
9439,9,0,0,9,9,0,0,0,True,False,0
9440,8,0,0,8,8,0,0,0,True,False,0
9441,10,0,0,10,10,0,0,0,True,False,0
9442,9,0,0,9,9,0,0,0,True,False,0
9443,10,0,0,10,10,0,0,0,True,False,0
9444,11,0,0,11,11,0,0,0,True,False,0
9445,9,0,0,9,9,0,0,0,True,False,0
9446,10,0,0,10,10,0,0,0,True,False,0
9447,9,0,0,9,9,0,0,0,True,False,0
9448,11,0,0,11,11,0,0,0,True,False,0
9449,11,0,0,11,11,0,0,0,True,False,0
9450,7,7,7,7,7,0,0,0,True,False,0
9451,5,0,0,5,5,0,0,0,True,False,0
9452,15,0,0,15,15,0,0,0,True,False,0
9453,11,0,0,11,11,0,0,0,True,False,0
9454,0,122,0,0,0,0,0,0,True,False,0
9455,0,0,0,0,0,0,0,0,True,False,0
9456,89,0,0,89,89,0,0,0,True,False,0
9457,49,0,0,49,49,0,0,0,True,False,0
9458,80,0,0,80,80,0,0,0,True,False,0
9459,11,0,0,11,11,0,0,0,True,False,0
9460,9,0,0,9,9,0,0,0,True,False,0
9461,13,0,0,13,13,0,0,0,True,False,0
9462,10,0,0,10,10,0,0,0,True,False,0
9463,9,0,0,9,9,0,0,0,True,False,0
9464,8,0,0,8,8,0,0,0,True,False,0
9465,7,0,0,7,7,0,0,0,True,False,0
9466,7,0,0,7,7,0,0,0,True,False,0
9467,8,0,0,8,8,0,0,0,True,False,0
9468,9,0,0,9,9,0,0,0,True,False,0
9469,8,0,0,8,8,0,0,0,True,False,0
9470,8,0,0,8,8,0,0,0,True,False,0
9471,8,0,0,8,8,0,0,0,True,False,0
9472,6,0,0,6,6,0,0,0,True,False,0
9473,7,0,0,7,7,0,0,0,True,False,0
9474,7,0,0,7,7,0,0,0,True,False,0
9475,7,0,0,7,7,0,0,0,True,False,0
9476,7,0,0,7,7,0,0,0,True,False,0
9477,7,0,0,7,7,0,0,0,True,False,0
9478,7,0,0,7,7,0,0,0,True,False,0
9479,8,0,0,8,8,0,0,0,True,False,0
9480,15,0,0,15,15,0,0,0,True,False,0
9481,13,0,0,13,13,0,0,0,True,False,0
9482,14,0,0,14,14,0,0,0,True,False,0
9483,14,0,0,14,14,0,0,0,True,False,0
9484,15,0,0,15,15,0,0,0,True,False,0
9485,13,0,0,13,13,0,0,0,True,False,0
9486,15,0,0,15,15,0,0,0,True,False,0
9487,12,0,0,12,12,0,0,0,True,False,0
9488,4,0,0,4,4,0,0,0,True,False,0
9489,12,0,0,12,12,0,0,0,True,False,0
9490,12,0,0,12,12,0,0,0,True,False,0
9491,4,0,0,4,4,0,0,0,True,False,0
9492,4,0,0,4,4,0,0,0,True,False,0
9493,6,0,0,6,6,0,0,0,True,False,0
9494,4,0,0,4,4,0,0,0,True,False,0
9495,12,0,0,12,12,0,0,0,True,False,0
9496,4,0,0,4,4,0,0,0,True,False,0
9497,9,0,0,9,9,0,0,0,True,False,0
9498,7,0,0,7,7,0,0,0,True,False,0
9499,6,0,0,6,6,0,0,0,True,False,0
9500,9,0,0,9,9,0,0,0,True,False,0
9501,12,0,0,12,12,0,0,0,True,False,0
9502,6,0,0,6,6,0,0,0,True,False,0
9503,12,0,0,12,12,0,0,0,True,False,0
9504,11,0,0,11,11,0,0,0,True,False,0
9505,12,0,0,12,12,0,0,0,True,False,0
9506,10,0,0,10,10,0,0,0,True,False,0
9507,10,0,0,10,10,0,0,0,True,False,0
9508,11,0,0,11,11,0,0,0,True,False,0
9509,10,0,0,10,10,0,0,0,True,False,0
9510,11,0,0,11,11,0,0,0,True,False,0
9511,10,0,0,10,10,0,0,0,True,False,0
9512,10,0,0,10,10,0,0,0,True,False,0
9513,8,8,8,8,8,0,0,0,True,False,0
9514,5,0,0,5,5,0,0,0,True,False,0
9515,10,0,0,10,10,0,0,0,True,False,0
9516,11,0,0,11,11,0,0,0,True,False,0
9517,0,120,0,0,0,0,0,0,True,False,0
9518,0,0,0,0,0,0,0,0,True,False,0
9519,91,0,0,91,91,0,0,0,True,False,0
9520,51,0,0,51,51,0,0,0,True,False,0
9521,76,0,0,76,76,0,0,0,True,False,0
9522,10,0,0,10,10,0,0,0,True,False,0
9523,12,0,0,12,12,0,0,0,True,False,0
9524,9,0,0,9,9,0,0,0,True,False,0
9525,12,0,0,12,12,0,0,0,True,False,0
9526,11,0,0,11,11,0,0,0,True,False,0
9527,9,0,0,9,9,0,0,0,True,False,0
9528,8,0,0,8,8,0,0,0,True,False,0
9529,7,0,0,7,7,0,0,0,True,False,0
9530,7,0,0,7,7,0,0,0,True,False,0
9531,6,0,0,6,6,0,0,0,True,False,0
9532,8,0,0,8,8,0,0,0,True,False,0
9533,7,0,0,7,7,0,0,0,True,False,0
9534,8,0,0,8,8,0,0,0,True,False,0
9535,6,0,0,6,6,0,0,0,True,False,0
9536,6,0,0,6,6,0,0,0,True,False,0
9537,7,0,0,7,7,0,0,0,True,False,0
9538,10,0,0,10,10,0,0,0,True,False,0
9539,7,0,0,7,7,0,0,0,True,False,0
9540,6,0,0,6,6,0,0,0,True,False,0
9541,5,0,0,5,5,0,0,0,True,False,0
9542,8,0,0,8,8,0,0,0,True,False,0
9543,12,0,0,12,12,0,0,0,True,False,0
9544,14,0,0,14,14,0,0,0,True,False,0
9545,11,0,0,11,11,0,0,0,True,False,0
9546,14,0,0,14,14,0,0,0,True,False,0
9547,13,0,0,13,13,0,0,0,True,False,0
9548,16,0,0,16,16,0,0,0,True,False,0
9549,15,0,0,15,15,0,0,0,True,False,0
9550,15,0,0,15,15,0,0,0,True,False,0
9551,4,0,0,4,4,0,0,0,True,False,0
9552,12,0,0,12,12,0,0,0,True,False,0
9553,12,0,0,12,12,0,0,0,True,False,0
9554,4,0,0,4,4,0,0,0,True,False,0
9555,4,0,0,4,4,0,0,0,True,False,0
9556,6,0,0,6,6,0,0,0,True,False,0
9557,4,0,0,4,4,0,0,0,True,False,0
9558,12,0,0,12,12,0,0,0,True,False,0
9559,11,0,0,11,11,0,0,0,True,False,0
9560,7,0,0,7,7,0,0,0,True,False,0
9561,8,0,0,8,8,0,0,0,True,False,0
9562,12,0,0,12,12,0,0,0,True,False,0
9563,9,0,0,9,9,0,0,0,True,False,0
9564,16,0,0,16,16,0,0,0,True,False,0
9565,9,0,0,9,9,0,0,0,True,False,0
9566,11,0,0,11,11,0,0,0,True,False,0
9567,9,0,0,9,9,0,0,0,True,False,0
9568,10,0,0,10,10,0,0,0,True,False,0
9569,10,0,0,10,10,0,0,0,True,False,0
9570,11,0,0,11,11,0,0,0,True,False,0
9571,10,0,0,10,10,0,0,0,True,False,0
9572,11,0,0,11,11,0,0,0,True,False,0
9573,11,0,0,11,11,0,0,0,True,False,0
9574,11,0,0,11,11,0,0,0,True,False,0
9575,10,1,1,10,10,0,0,0,True,False,0
9576,7,7,7,7,7,0,0,0,True,False,0
9577,5,0,0,5,5,0,0,0,True,False,0
9578,9,1,1,9,9,0,0,0,True,False,0
9579,11,1,1,11,11,0,0,0,True,False,0
9580,0,123,0,0,0,0,0,0,True,False,0
9581,0,0,0,0,0,0,0,0,True,False,0
9582,95,0,0,95,95,0,0,0,True,False,0
9583,47,0,0,47,47,0,0,0,True,False,0
9584,76,0,0,76,76,0,0,0,True,False,0
9585,11,1,1,11,11,0,0,0,True,False,0
9586,10,1,1,10,10,0,0,0,True,False,0
9587,11,1,1,11,11,0,0,0,True,False,0
9588,11,1,1,11,11,0,0,0,True,False,0
9589,11,1,1,11,11,0,0,0,True,False,0
9590,7,0,0,7,7,0,0,0,True,False,0
9591,7,0,0,7,7,0,0,0,True,False,0
9592,8,0,0,8,8,0,0,0,True,False,0
9593,6,0,0,6,6,0,0,0,True,False,0
9594,8,0,0,8,8,0,0,0,True,False,0
9595,7,0,0,7,7,0,0,0,True,False,0
9596,8,0,0,8,8,0,0,0,True,False,0
9597,8,0,0,8,8,0,0,0,True,False,0
9598,6,0,0,6,6,0,0,0,True,False,0
9599,8,0,0,8,8,0,0,0,True,False,0
9600,8,0,0,8,8,0,0,0,True,False,0
9601,9,0,0,9,9,0,0,0,True,False,0
9602,6,0,0,6,6,0,0,0,True,False,0
9603,7,0,0,7,7,0,0,0,True,False,0
9604,8,0,0,8,8,0,0,0,True,False,0
9605,7,0,0,7,7,0,0,0,True,False,0
9606,15,0,0,15,15,0,0,0,True,False,0
9607,16,0,0,16,16,0,0,0,True,False,0
9608,14,0,0,14,14,0,0,0,True,False,0
9609,15,0,0,15,15,0,0,0,True,False,0
9610,12,0,0,12,12,0,0,0,True,False,0
9611,13,0,0,13,13,0,0,0,True,False,0
9612,13,0,0,13,13,0,0,0,True,False,0
9613,15,0,0,15,15,0,0,0,True,False,0
9614,4,0,0,4,4,0,0,0,True,False,0
9615,12,0,0,12,12,0,0,0,True,False,0
9616,12,0,0,12,12,0,0,0,True,False,0
9617,4,0,0,4,4,0,0,0,True,False,0
9618,4,0,0,4,4,0,0,0,True,False,0
9619,6,0,0,6,6,0,0,0,True,False,0
9620,4,0,0,4,4,0,0,0,True,False,0
9621,12,0,0,12,12,0,0,0,True,False,0
9622,8,0,0,8,8,0,0,0,True,False,0
9623,9,0,0,9,9,0,0,0,True,False,0
9624,7,0,0,7,7,0,0,0,True,False,0
9625,6,0,0,6,6,0,0,0,True,False,0
9626,15,0,0,15,15,0,0,0,True,False,0
9627,7,0,0,7,7,0,0,0,True,False,0
9628,13,0,0,13,13,0,0,0,True,False,0
9629,12,0,0,12,12,0,0,0,True,False,0
9630,13,0,0,13,13,0,0,0,True,False,0
9631,10,0,0,10,10,0,0,0,True,False,0
9632,12,0,0,12,12,0,0,0,True,False,0
9633,9,0,0,9,9,0,0,0,True,False,0
9634,11,0,0,11,11,0,0,0,True,False,0
9635,10,0,0,10,10,0,0,0,True,False,0
9636,13,0,0,13,13,0,0,0,True,False,0
9637,10,0,0,10,10,0,0,0,True,False,0
9638,7,0,0,7,7,0,0,0,True,False,0
9639,7,7,7,7,7,0,0,0,True,False,0
9640,5,0,0,5,5,0,0,0,True,False,0
9641,8,0,0,8,8,0,0,0,True,False,0
9642,9,0,0,9,9,0,0,0,True,False,0
9643,10,117,10,10,10,0,0,0,True,False,0
9644,200,0,0,200,200,0,0,0,True,False,0
9645,93,0,0,93,93,0,0,0,True,False,0
9646,50,0,0,50,50,0,0,0,True,False,0
9647,82,0,0,82,82,0,0,0,True,False,0
9648,7,0,0,7,7,0,0,0,True,False,0
9649,8,0,0,8,8,0,0,0,True,False,0
9650,7,0,0,7,7,0,0,0,True,False,0
9651,7,0,0,7,7,0,0,0,True,False,0
9652,10,0,0,10,10,0,0,0,True,False,0
9653,8,0,0,8,8,0,0,0,True,False,0
9654,6,0,0,6,6,0,0,0,True,False,0
9655,7,0,0,7,7,0,0,0,True,False,0
9656,7,0,0,7,7,0,0,0,True,False,0
9657,7,0,0,7,7,0,0,0,True,False,0
9658,9,0,0,9,9,0,0,0,True,False,0
9659,7,0,0,7,7,0,0,0,True,False,0
9660,8,0,0,8,8,0,0,0,True,False,0
9661,6,0,0,6,6,0,0,0,True,False,0
9662,8,0,0,8,8,0,0,0,True,False,0
9663,7,0,0,7,7,0,0,0,True,False,0
9664,7,0,0,7,7,0,0,0,True,False,0
9665,6,0,0,6,6,0,0,0,True,False,0
9666,8,0,0,8,8,0,0,0,True,False,0
9667,5,0,0,5,5,0,0,0,True,False,0
9668,7,0,0,7,7,0,0,0,True,False,0
9669,13,0,0,13,13,0,0,0,True,False,0
9670,13,0,0,13,13,0,0,0,True,False,0
9671,15,0,0,15,15,0,0,0,True,False,0
9672,13,0,0,13,13,0,0,0,True,False,0
9673,13,0,0,13,13,0,0,0,True,False,0
9674,15,0,0,15,15,0,0,0,True,False,0
9675,12,0,0,12,12,0,0,0,True,False,0
9676,13,0,0,13,13,0,0,0,True,False,0
9677,4,0,0,4,4,0,0,0,True,False,0
9678,12,0,0,12,12,0,0,0,True,False,0
9679,12,0,0,12,12,0,0,0,True,False,0
9680,4,0,0,4,4,0,0,0,True,False,0
9681,4,0,0,4,4,0,0,0,True,False,0
9682,6,0,0,6,6,0,0,0,True,False,0
9683,4,0,0,4,4,0,0,0,True,False,0
9684,12,0,0,12,12,0,0,0,True,False,0
9685,13,0,0,13,13,0,0,0,True,False,0
9686,4,0,0,4,4,0,0,0,True,False,0
9687,12,0,0,12,12,0,0,0,True,False,0
9688,10,0,0,10,10,0,0,0,True,False,0
9689,6,0,0,6,6,0,0,0,True,False,0
9690,13,0,0,13,13,0,0,0,True,False,0
9691,17,0,0,17,17,0,0,0,True,False,0
9692,7,0,0,7,7,0,0,0,True,False,0
9693,10,0,0,10,10,0,0,0,True,False,0
9694,9,0,0,9,9,0,0,0,True,False,0
9695,12,0,0,12,12,0,0,0,True,False,0
9696,11,0,0,11,11,0,0,0,True,False,0
9697,12,0,0,12,12,0,0,0,True,False,0
9698,9,0,0,9,9,0,0,0,True,False,0
9699,10,0,0,10,10,0,0,0,True,False,0
9700,11,0,0,11,11,0,0,0,True,False,0
9701,9,0,0,9,9,0,0,0,True,False,0
9702,8,8,8,8,8,0,0,0,True,False,0
9703,5,0,0,5,5,0,0,0,True,False,0
9704,7,0,0,7,7,0,0,0,True,False,0
9705,9,0,0,9,9,0,0,0,True,False,0
9706,0,120,0,0,0,0,0,0,True,False,0
9707,0,0,0,0,0,0,0,0,True,False,0
9708,94,0,0,94,94,0,0,0,True,False,0
9709,48,0,0,48,48,0,0,0,True,False,0
9710,78,0,0,78,78,0,0,0,True,False,0
9711,7,0,0,7,7,0,0,0,True,False,0
9712,9,0,0,9,9,0,0,0,True,False,0
9713,8,0,0,8,8,0,0,0,True,False,0
9714,8,0,0,8,8,0,0,0,True,False,0
9715,10,0,0,10,10,0,0,0,True,False,0
9716,8,0,0,8,8,0,0,0,True,False,0
9717,7,0,0,7,7,0,0,0,True,False,0
9718,6,0,0,6,6,0,0,0,True,False,0
9719,7,0,0,7,7,0,0,0,True,False,0
9720,7,0,0,7,7,0,0,0,True,False,0
9721,7,0,0,7,7,0,0,0,True,False,0
9722,7,0,0,7,7,0,0,0,True,False,0
9723,7,0,0,7,7,0,0,0,True,False,0
9724,6,0,0,6,6,0,0,0,True,False,0
9725,8,0,0,8,8,0,0,0,True,False,0
9726,7,0,0,7,7,0,0,0,True,False,0
9727,7,0,0,7,7,0,0,0,True,False,0
9728,6,0,0,6,6,0,0,0,True,False,0
9729,7,0,0,7,7,0,0,0,True,False,0
9730,7,0,0,7,7,0,0,0,True,False,0
9731,6,0,0,6,6,0,0,0,True,False,0
9732,13,0,0,13,13,0,0,0,True,False,0
9733,11,0,0,11,11,0,0,0,True,False,0
9734,11,0,0,11,11,0,0,0,True,False,0
9735,13,0,0,13,13,0,0,0,True,False,0
9736,15,0,0,15,15,0,0,0,True,False,0
9737,15,0,0,15,15,0,0,0,True,False,0
9738,15,0,0,15,15,0,0,0,True,False,0
9739,14,0,0,14,14,0,0,0,True,False,0
9740,4,0,0,4,4,0,0,0,True,False,0
9741,12,0,0,12,12,0,0,0,True,False,0
9742,12,0,0,12,12,0,0,0,True,False,0
9743,4,0,0,4,4,0,0,0,True,False,0
9744,4,0,0,4,4,0,0,0,True,False,0
9745,6,0,0,6,6,0,0,0,True,False,0
9746,4,0,0,4,4,0,0,0,True,False,0
9747,12,0,0,12,12,0,0,0,True,False,0
9748,9,0,0,9,9,0,0,0,True,False,0
9749,11,0,0,11,11,0,0,0,True,False,0
9750,12,0,0,12,12,0,0,0,True,False,0
9751,8,0,0,8,8,0,0,0,True,False,0
9752,10,0,0,10,10,0,0,0,True,False,0
9753,7,0,0,7,7,0,0,0,True,False,0
9754,7,0,0,7,7,0,0,0,True,False,0
9755,9,0,0,9,9,0,0,0,True,False,0
9756,11,0,0,11,11,0,0,0,True,False,0
9757,12,0,0,12,12,0,0,0,True,False,0
9758,15,0,0,15,15,0,0,0,True,False,0
9759,11,0,0,11,11,0,0,0,True,False,0
9760,11,0,0,11,11,0,0,0,True,False,0
9761,9,0,0,9,9,0,0,0,True,False,0
9762,8,0,0,8,8,0,0,0,True,False,0
9763,10,0,0,10,10,0,0,0,True,False,0
9764,9,0,0,9,9,0,0,0,True,False,0
9765,8,8,8,8,8,0,0,0,True,False,0
9766,5,0,0,5,5,0,0,0,True,False,0
9767,10,0,0,10,10,0,0,0,True,False,0
9768,9,0,0,9,9,0,0,0,True,False,0
9769,0,119,0,0,0,0,0,0,True,False,0
9770,0,0,0,0,0,0,0,0,True,False,0
9771,93,0,0,93,93,0,0,0,True,False,0
9772,45,0,0,45,45,0,0,0,True,False,0
9773,74,0,0,74,74,0,0,0,True,False,0
9774,10,0,0,10,10,0,0,0,True,False,0
9775,9,0,0,9,9,0,0,0,True,False,0
9776,8,0,0,8,8,0,0,0,True,False,0
9777,9,0,0,9,9,0,0,0,True,False,0
9778,8,0,0,8,8,0,0,0,True,False,0
9779,8,0,0,8,8,0,0,0,True,False,0
9780,7,0,0,7,7,0,0,0,True,False,0
9781,8,0,0,8,8,0,0,0,True,False,0
9782,8,0,0,8,8,0,0,0,True,False,0
9783,8,0,0,8,8,0,0,0,True,False,0
9784,8,0,0,8,8,0,0,0,True,False,0
9785,7,0,0,7,7,0,0,0,True,False,0
9786,6,0,0,6,6,0,0,0,True,False,0
9787,9,0,0,9,9,0,0,0,True,False,0
9788,7,0,0,7,7,0,0,0,True,False,0
9789,6,0,0,6,6,0,0,0,True,False,0
9790,6,0,0,6,6,0,0,0,True,False,0
9791,7,0,0,7,7,0,0,0,True,False,0
9792,10,0,0,10,10,0,0,0,True,False,0
9793,9,0,0,9,9,0,0,0,True,False,0
9794,7,0,0,7,7,0,0,0,True,False,0
9795,13,0,0,13,13,0,0,0,True,False,0
9796,14,0,0,14,14,0,0,0,True,False,0
9797,12,0,0,12,12,0,0,0,True,False,0
9798,14,0,0,14,14,0,0,0,True,False,0
9799,14,0,0,14,14,0,0,0,True,False,0
9800,13,0,0,13,13,0,0,0,True,False,0
9801,13,0,0,13,13,0,0,0,True,False,0
9802,13,0,0,13,13,0,0,0,True,False,0
9803,4,0,0,4,4,0,0,0,True,False,0
9804,12,0,0,12,12,0,0,0,True,False,0
9805,12,0,0,12,12,0,0,0,True,False,0
9806,4,0,0,4,4,0,0,0,True,False,0
9807,4,0,0,4,4,0,0,0,True,False,0
9808,6,0,0,6,6,0,0,0,True,False,0
9809,4,0,0,4,4,0,0,0,True,False,0
9810,12,0,0,12,12,0,0,0,True,False,0
9811,10,0,0,10,10,0,0,0,True,False,0
9812,12,0,0,12,12,0,0,0,True,False,0
9813,8,0,0,8,8,0,0,0,True,False,0
9814,4,0,0,4,4,0,0,0,True,False,0
9815,8,0,0,8,8,0,0,0,True,False,0
9816,16,0,0,16,16,0,0,0,True,False,0
9817,8,0,0,8,8,0,0,0,True,False,0
9818,7,0,0,7,7,0,0,0,True,False,0
9819,10,0,0,10,10,0,0,0,True,False,0
9820,10,0,0,10,10,0,0,0,True,False,0
9821,12,0,0,12,12,0,0,0,True,False,0
9822,8,0,0,8,8,0,0,0,True,False,0
9823,13,0,0,13,13,0,0,0,True,False,0
9824,11,0,0,11,11,0,0,0,True,False,0
9825,12,0,0,12,12,0,0,0,True,False,0
9826,11,0,0,11,11,0,0,0,True,False,0
9827,8,0,0,8,8,0,0,0,True,False,0
9828,7,7,7,7,7,0,0,0,True,False,0
9829,5,0,0,5,5,0,0,0,True,False,0
9830,9,0,0,9,9,0,0,0,True,False,0
9831,8,0,0,8,8,0,0,0,True,False,0
9832,0,116,0,0,0,0,0,0,True,False,0
9833,0,0,0,0,0,0,0,0,True,False,0
9834,89,0,0,89,89,0,0,0,True,False,0
9835,50,0,0,50,50,0,0,0,True,False,0
9836,80,0,0,80,80,0,0,0,True,False,0
9837,9,0,0,9,9,0,0,0,True,False,0
9838,8,0,0,8,8,0,0,0,True,False,0
9839,8,0,0,8,8,0,0,0,True,False,0
9840,8,0,0,8,8,0,0,0,True,False,0
9841,10,0,0,10,10,0,0,0,True,False,0
9842,6,0,0,6,6,0,0,0,True,False,0
9843,7,0,0,7,7,0,0,0,True,False,0
9844,8,0,0,8,8,0,0,0,True,False,0
9845,6,0,0,6,6,0,0,0,True,False,0
9846,7,0,0,7,7,0,0,0,True,False,0
9847,7,0,0,7,7,0,0,0,True,False,0
9848,9,0,0,9,9,0,0,0,True,False,0
9849,7,0,0,7,7,0,0,0,True,False,0
9850,6,0,0,6,6,0,0,0,True,False,0
9851,8,0,0,8,8,0,0,0,True,False,0
9852,7,0,0,7,7,0,0,0,True,False,0
9853,6,0,0,6,6,0,0,0,True,False,0
9854,9,0,0,9,9,0,0,0,True,False,0
9855,6,0,0,6,6,0,0,0,True,False,0
9856,9,0,0,9,9,0,0,0,True,False,0
9857,6,0,0,6,6,0,0,0,True,False,0
9858,13,0,0,13,13,0,0,0,True,False,0
9859,13,0,0,13,13,0,0,0,True,False,0
9860,16,0,0,16,16,0,0,0,True,False,0
9861,12,0,0,12,12,0,0,0,True,False,0
9862,15,0,0,15,15,0,0,0,True,False,0
9863,13,0,0,13,13,0,0,0,True,False,0
9864,14,0,0,14,14,0,0,0,True,False,0
9865,11,0,0,11,11,0,0,0,True,False,0
9866,4,0,0,4,4,0,0,0,True,False,0
9867,12,0,0,12,12,0,0,0,True,False,0
9868,12,0,0,12,12,0,0,0,True,False,0
9869,4,0,0,4,4,0,0,0,True,False,0
9870,4,0,0,4,4,0,0,0,True,False,0
9871,6,0,0,6,6,0,0,0,True,False,0
9872,4,0,0,4,4,0,0,0,True,False,0
9873,12,0,0,12,12,0,0,0,True,False,0
9874,4,0,0,4,4,0,0,0,True,False,0
9875,13,0,0,13,13,0,0,0,True,False,0
9876,6,0,0,6,6,0,0,0,True,False,0
9877,5,0,0,5,5,0,0,0,True,False,0
9878,6,0,0,6,6,0,0,0,True,False,0
9879,9,0,0,9,9,0,0,0,True,False,0
9880,13,0,0,13,13,0,0,0,True,False,0
9881,11,0,0,11,11,0,0,0,True,False,0
9882,1,0,0,1,1,0,0,0,True,True,0
9883,11,0,0,11,11,0,0,0,True,False,0
9884,11,0,0,11,11,0,0,0,True,False,0
9885,12,0,0,12,12,0,0,0,True,False,0
9886,11,0,0,11,11,0,0,0,True,False,0
9887,10,0,0,10,10,0,0,0,True,False,0
9888,12,0,0,12,12,0,0,0,True,False,0
9889,10,0,0,10,10,0,0,0,True,False,0
9890,11,0,0,11,11,0,0,0,True,False,0
9891,9,0,0,9,9,0,0,0,True,False,0
9892,8,8,8,8,8,0,0,0,True,False,0
9893,5,0,0,5,5,0,0,0,True,False,0
9894,8,0,0,8,8,0,0,0,True,False,0
9895,10,0,0,10,10,0,0,0,True,False,0
9896,0,116,0,0,0,0,0,0,True,False,0
9897,0,0,0,0,0,0,0,0,True,False,0
9898,94,0,0,94,94,0,0,0,True,False,0
9899,52,0,0,52,52,0,0,0,True,False,0
9900,73,0,0,73,73,0,0,0,True,False,0
9901,9,0,0,9,9,0,0,0,True,False,0
9902,8,0,0,8,8,0,0,0,True,False,0
9903,9,0,0,9,9,0,0,0,True,False,0
9904,8,0,0,8,8,0,0,0,True,False,0
9905,8,0,0,8,8,0,0,0,True,False,0
9906,8,0,0,8,8,0,0,0,True,False,0
9907,7,0,0,7,7,0,0,0,True,False,0
9908,8,0,0,8,8,0,0,0,True,False,0
9909,7,0,0,7,7,0,0,0,True,False,0
9910,6,0,0,6,6,0,0,0,True,False,0
9911,8,0,0,8,8,0,0,0,True,False,0
9912,8,0,0,8,8,0,0,0,True,False,0
9913,6,0,0,6,6,0,0,0,True,False,0
9914,8,0,0,8,8,0,0,0,True,False,0
9915,7,0,0,7,7,0,0,0,True,False,0
9916,7,0,0,7,7,0,0,0,True,False,0
9917,9,0,0,9,9,0,0,0,True,False,0
9918,6,0,0,6,6,0,0,0,True,False,0
9919,9,0,0,9,9,0,0,0,True,False,0
9920,6,0,0,6,6,0,0,0,True,False,0
9921,6,0,0,6,6,0,0,0,True,False,0
9922,11,0,0,11,11,0,0,0,True,False,0
9923,15,0,0,15,15,0,0,0,True,False,0
9924,13,0,0,13,13,0,0,0,True,False,0
9925,13,0,0,13,13,0,0,0,True,False,0
9926,14,0,0,14,14,0,0,0,True,False,0
9927,14,0,0,14,14,0,0,0,True,False,0
9928,14,0,0,14,14,0,0,0,True,False,0
9929,12,0,0,12,12,0,0,0,True,False,0
9930,4,0,0,4,4,0,0,0,True,False,0
9931,12,0,0,12,12,0,0,0,True,False,0
9932,12,0,0,12,12,0,0,0,True,False,0
9933,4,0,0,4,4,0,0,0,True,False,0
9934,4,0,0,4,4,0,0,0,True,False,0
9935,6,0,0,6,6,0,0,0,True,False,0
9936,4,0,0,4,4,0,0,0,True,False,0
9937,12,0,0,12,12,0,0,0,True,False,0
9938,9,0,0,9,9,0,0,0,True,False,0
9939,11,0,0,11,11,0,0,0,True,False,0
9940,9,0,0,9,9,0,0,0,True,False,0
9941,8,0,0,8,8,0,0,0,True,False,0
9942,8,0,0,8,8,0,0,0,True,False,0
9943,13,0,0,13,13,0,0,0,True,False,0
9944,10,0,0,10,10,0,0,0,True,False,0
9945,8,0,0,8,8,0,0,0,True,False,0
9946,1,0,0,1,1,0,0,0,True,True,0
9947,1,0,0,1,1,0,0,0,True,True,0
9948,1,0,0,1,1,0,0,0,True,True,0
9949,1,0,0,1,1,0,0,0,True,True,0
9950,7,0,0,7,7,0,0,0,True,False,0
9951,6,0,0,6,6,0,0,0,True,False,0
9952,5,0,0,5,5,0,0,0,True,False,0
9953,5,0,0,5,5,0,0,0,True,False,0
9954,5,0,0,5,5,0,0,0,True,False,0
9955,6,0,0,6,6,0,0,0,True,False,0
9956,6,0,0,6,6,0,0,0,True,False,0
9957,4,0,0,4,4,0,0,0,True,False,0
9958,5,0,0,5,5,0,0,0,True,False,0
9959,3,3,3,3,3,0,0,0,True,False,0
9960,3,0,0,3,3,0,0,0,True,False,0
9961,5,0,0,5,5,0,0,0,True,False,0
9962,4,0,0,4,4,0,0,0,True,False,0
9963,0,57,0,0,0,0,0,0,True,False,0
9964,0,0,0,0,0,0,0,0,True,False,0
9965,41,0,0,41,41,0,0,0,True,False,0
9966,28,0,0,28,28,0,0,0,True,False,0
9967,35,0,0,35,35,0,0,0,True,False,0
9968,4,0,0,4,4,0,0,0,True,False,0
9969,5,0,0,5,5,0,0,0,True,False,0
9970,4,0,0,4,4,0,0,0,True,False,0
9971,4,0,0,4,4,0,0,0,True,False,0
9972,5,0,0,5,5,0,0,0,True,False,0
9973,3,0,0,3,3,0,0,0,True,False,0
9974,4,0,0,4,4,0,0,0,True,False,0
9975,4,0,0,4,4,0,0,0,True,False,0
9976,3,0,0,3,3,0,0,0,True,False,0
9977,4,0,0,4,4,0,0,0,True,False,0
9978,3,0,0,3,3,0,0,0,True,False,0
9979,4,0,0,4,4,0,0,0,True,False,0
9980,4,0,0,4,4,0,0,0,True,False,0
9981,3,0,0,3,3,0,0,0,True,False,0
9982,2,0,0,2,2,0,0,0,True,True,0
9983,4,0,0,4,4,0,0,0,True,False,0
9984,3,0,0,3,3,0,0,0,True,False,0
9985,3,0,0,3,3,0,0,0,True,False,0
9986,4,0,0,4,4,0,0,0,True,False,0
9987,4,0,0,4,4,0,0,0,True,False,0
9988,3,0,0,3,3,0,0,0,True,False,0
9989,6,0,0,6,6,0,0,0,True,False,0
9990,7,0,0,7,7,0,0,0,True,False,0
9991,6,0,0,6,6,0,0,0,True,False,0
9992,6,0,0,6,6,0,0,0,True,False,0
9993,5,0,0,5,5,0,0,0,True,False,0
9994,10,0,0,10,10,0,0,0,True,False,0
9995,7,0,0,7,7,0,0,0,True,False,0
9996,7,0,0,7,7,0,0,0,True,False,0
9997,1,0,0,1,1,0,0,0,True,True,0
9998,6,0,0,6,6,0,0,0,True,False,0
9999,5,0,0,5,5,0,0,0,True,False,0
10000,1,0,0,1,1,0,0,0,True,True,0
10001,1,0,0,1,1,0,0,0,True,True,0
10002,2,0,0,2,2,0,0,0,True,True,0
10003,1,0,0,1,1,0,0,0,True,True,0
10004,6,0,0,6,6,0,0,0,True,False,0
10005,7,0,0,7,7,0,0,0,True,False,0
10006,2,0,0,2,2,0,0,0,True,True,0
10007,8,0,0,8,8,0,0,0,True,False,0
10008,5,0,0,5,5,0,0,0,True,False,0
10009,8,0,0,8,8,0,0,0,True,False,0
10010,2,0,0,2,2,0,0,0,True,True,0
10011,5,0,0,5,5,0,0,0,True,False,0
10012,7,0,0,7,7,0,0,0,True,False,0
10013,1,0,0,1,1,0,0,0,True,True,0
10014,1,0,0,1,1,0,0,0,True,True,0
10015,1,0,0,1,1,0,0,0,True,True,0
10016,6,0,0,6,6,0,0,0,False,False,0
10017,7,0,0,7,7,0,0,0,False,False,0
10018,6,0,0,6,6,0,0,0,False,False,0
10019,7,0,0,7,7,0,0,0,False,False,0
10020,6,0,0,6,6,0,0,0,False,False,0
10021,6,0,0,6,6,0,0,0,False,False,0
10022,5,0,0,5,5,0,0,0,False,False,0
10023,8,0,0,8,8,0,0,0,False,False,0
10024,7,0,0,7,7,0,0,0,False,False,0
10025,5,4,4,5,5,0,0,0,False,False,0
10026,4,0,0,4,4,0,0,0,False,False,0
10027,5,0,0,5,5,0,0,0,False,False,0
10028,6,0,0,6,6,0,0,0,False,False,0
10029,11,56,10,11,11,0,0,0,False,False,0
10030,200,0,0,200,200,0,0,0,False,False,0
10031,42,0,0,42,42,0,0,0,False,False,0
10032,24,0,0,24,24,0,0,0,False,False,0
10033,33,0,0,33,33,0,0,0,False,False,0
10034,5,0,0,5,5,0,0,0,False,False,0
10035,6,0,0,6,6,0,0,0,False,False,0
10036,6,0,0,6,6,0,0,0,False,False,0
10037,6,0,0,6,6,0,0,0,False,False,0
10038,7,0,0,7,7,0,0,0,False,False,0
10039,4,3,3,4,4,0,0,0,False,False,0
10040,5,3,3,5,5,0,0,0,False,False,0
10041,4,3,3,4,4,0,0,0,False,False,0
10042,4,3,3,4,4,0,0,0,False,False,0
10043,5,4,4,5,5,0,0,0,False,False,0
10044,5,4,4,5,5,0,0,0,False,False,0
10045,4,3,3,4,4,0,0,0,False,False,0
10046,4,3,3,4,4,0,0,0,False,False,0
10047,5,0,0,5,5,0,0,0,False,False,0
10048,5,0,0,5,5,0,0,0,False,False,0
10049,4,0,0,4,4,0,0,0,False,False,0
10050,4,0,0,4,4,0,0,0,False,False,0
10051,5,0,0,5,5,0,0,0,False,False,0
10052,5,0,0,5,5,0,0,0,False,False,0
10053,6,0,0,6,6,0,0,0,False,False,0
10054,5,0,0,5,5,0,0,0,False,False,0
10055,9,0,0,9,9,0,0,0,False,False,0
10056,7,0,0,7,7,0,0,0,False,False,0
10057,7,0,0,7,7,0,0,0,False,False,0
10058,7,0,0,7,7,0,0,0,False,False,0
10059,8,0,0,8,8,0,0,0,False,False,0
10060,7,0,0,7,7,0,0,0,False,False,0
10061,9,0,0,9,9,0,0,0,False,False,0
10062,7,0,0,7,7,0,0,0,False,False,0
10063,7,0,0,7,7,0,0,0,False,False,0
10064,3,0,0,3,3,0,0,0,False,False,0
10065,3,0,0,3,3,0,0,0,False,False,0
10066,3,0,0,3,3,0,0,0,False,False,0
10067,7,0,0,7,7,0,0,0,False,False,0
10068,4,0,0,4,4,0,0,0,False,False,0
10069,4,0,0,4,4,0,0,0,False,False,0
10070,4,0,0,4,4,0,0,0,False,False,0
10071,8,0,0,8,8,0,0,0,False,False,0
10072,3,0,0,3,3,0,0,0,False,False,0
10073,5,0,0,5,5,0,0,0,False,False,0
10074,5,0,0,5,5,0,0,0,False,False,0
10075,8,0,0,8,8,0,0,0,False,False,0
10076,4,0,0,4,4,0,0,0,False,False,0
10077,4,0,0,4,4,0,0,0,False,False,0
10078,3,0,0,3,3,0,0,0,False,False,0
10079,2,0,0,2,2,0,0,0,False,True,0
10080,2,0,0,2,2,0,0,0,False,True,0
10081,2,0,0,2,2,0,0,0,False,True,0
10082,2,0,0,2,2,0,0,0,False,True,0
10083,2,0,0,2,2,0,0,0,False,True,0
10084,2,0,0,2,2,0,0,0,False,True,0
10085,2,0,0,2,2,0,0,0,False,True,0
10086,2,0,0,2,2,0,0,0,False,True,0
10087,2,0,0,2,2,0,0,0,False,True,0
10088,2,0,0,2,2,0,0,0,False,True,0
10089,2,0,0,2,2,0,0,0,False,True,0
10090,2,0,0,2,2,0,0,0,False,True,0
10091,2,0,0,2,2,0,0,0,False,True,0
10092,2,0,0,2,2,0,0,0,False,True,0
10093,2,0,0,2,2,0,0,0,False,True,0
10094,2,0,0,2,2,0,0,0,False,True,0
10095,10,0,0,10,10,0,0,0,True,False,0
10096,10,0,0,10,10,0,0,0,True,False,0
10097,10,0,0,10,10,0,0,0,True,False,0
10098,9,0,0,9,9,0,0,0,True,False,0
10099,10,0,0,10,10,0,0,0,True,False,0
10100,10,0,0,10,10,0,0,0,True,False,0
10101,11,0,0,11,11,0,0,0,True,False,0
10102,12,0,0,12,12,0,0,0,True,False,0
10103,11,0,0,11,11,0,0,0,True,False,0
10104,7,7,7,7,7,0,0,0,True,False,0
10105,5,0,0,5,5,0,0,0,True,False,0
10106,13,0,0,13,13,0,0,0,True,False,0
10107,11,0,0,11,11,0,0,0,True,False,0
10108,0,119,0,0,0,0,0,0,True,False,0
10109,0,0,0,0,0,0,0,0,True,False,0
10110,95,0,0,95,95,0,0,0,True,False,0
10111,49,0,0,49,49,0,0,0,True,False,0
10112,77,0,0,77,77,0,0,0,True,False,0
10113,11,0,0,11,11,0,0,0,True,False,0
10114,12,0,0,12,12,0,0,0,True,False,0
10115,11,0,0,11,11,0,0,0,True,False,0
10116,13,0,0,13,13,0,0,0,True,False,0
10117,11,0,0,11,11,0,0,0,True,False,0
10118,8,0,0,8,8,0,0,0,True,False,0
10119,7,0,0,7,7,0,0,0,True,False,0
10120,7,0,0,7,7,0,0,0,True,False,0
10121,7,1,1,7,7,0,0,0,True,False,0
10122,7,0,0,7,7,0,0,0,True,False,0
10123,9,0,0,9,9,0,0,0,True,False,0
10124,7,0,0,7,7,0,0,0,True,False,0
10125,8,0,0,8,8,0,0,0,True,False,0
10126,6,0,0,6,6,0,0,0,True,False,0
10127,7,0,0,7,7,0,0,0,True,False,0
10128,8,0,0,8,8,0,0,0,True,False,0
10129,5,0,0,5,5,0,0,0,True,False,0
10130,9,0,0,9,9,0,0,0,True,False,0
10131,6,0,0,6,6,0,0,0,True,False,0
10132,6,0,0,6,6,0,0,0,True,False,0
10133,8,0,0,8,8,0,0,0,True,False,0
10134,11,0,0,11,11,0,0,0,True,False,0
10135,15,0,0,15,15,0,0,0,True,False,0
10136,13,0,0,13,13,0,0,0,True,False,0
10137,15,0,0,15,15,0,0,0,True,False,0
10138,14,0,0,14,14,0,0,0,True,False,0
10139,14,0,0,14,14,0,0,0,True,False,0
10140,11,0,0,11,11,0,0,0,True,False,0
10141,14,0,0,14,14,0,0,0,True,False,0
10142,12,0,0,12,12,0,0,0,True,False,0
10143,4,0,0,4,4,0,0,0,True,False,0
10144,4,0,0,4,4,0,0,0,True,False,0
10145,4,0,0,4,4,0,0,0,True,False,0
10146,12,0,0,12,12,0,0,0,True,False,0
10147,6,0,0,6,6,0,0,0,True,False,0
10148,6,0,0,6,6,0,0,0,True,False,0
10149,6,0,0,6,6,0,0,0,True,False,0
10150,15,0,0,15,15,0,0,0,True,False,0
10151,12,0,0,12,12,0,0,0,True,False,0
10152,10,0,0,10,10,0,0,0,True,False,0
10153,9,0,0,9,9,0,0,0,True,False,0
10154,9,0,0,9,9,0,0,0,True,False,0
10155,13,0,0,13,13,0,0,0,True,False,0
10156,6,0,0,6,6,0,0,0,True,False,0
10157,13,0,0,13,13,0,0,0,True,False,0
10158,11,0,0,11,11,0,0,0,True,False,0
10159,11,0,0,11,11,0,0,0,True,False,0
10160,9,0,0,9,9,0,0,0,True,False,0
10161,10,0,0,10,10,0,0,0,True,False,0
10162,10,0,0,10,10,0,0,0,True,False,0
10163,11,0,0,11,11,0,0,0,True,False,0
10164,10,0,0,10,10,0,0,0,True,False,0
10165,12,0,0,12,12,0,0,0,True,False,0
10166,12,0,0,12,12,0,0,0,True,False,0
10167,8,8,8,8,8,0,0,0,True,False,0
10168,5,0,0,5,5,0,0,0,True,False,0
10169,10,0,0,10,10,0,0,0,True,False,0
10170,11,0,0,11,11,0,0,0,True,False,0
10171,0,116,0,0,0,0,0,0,True,False,0
10172,0,0,0,0,0,0,0,0,True,False,0
10173,90,0,0,90,90,0,0,0,True,False,0
10174,46,0,0,46,46,0,0,0,True,False,0
10175,72,0,0,72,72,0,0,0,True,False,0
10176,11,0,0,11,11,0,0,0,True,False,0
10177,11,0,0,11,11,0,0,0,True,False,0
10178,12,0,0,12,12,0,0,0,True,False,0
10179,11,0,0,11,11,0,0,0,True,False,0
10180,11,0,0,11,11,0,0,0,True,False,0
10181,8,0,0,8,8,0,0,0,True,False,0
10182,6,0,0,6,6,0,0,0,True,False,0
10183,8,0,0,8,8,0,0,0,True,False,0
10184,7,0,0,7,7,0,0,0,True,False,0
10185,7,0,0,7,7,0,0,0,True,False,0
10186,8,0,0,8,8,0,0,0,True,False,0
10187,6,0,0,6,6,0,0,0,True,False,0
10188,7,0,0,7,7,0,0,0,True,False,0
10189,7,0,0,7,7,0,0,0,True,False,0
10190,6,0,0,6,6,0,0,0,True,False,0
10191,8,0,0,8,8,0,0,0,True,False,0
10192,5,0,0,5,5,0,0,0,True,False,0
10193,6,0,0,6,6,0,0,0,True,False,0
10194,7,0,0,7,7,0,0,0,True,False,0
10195,8,0,0,8,8,0,0,0,True,False,0
10196,7,0,0,7,7,0,0,0,True,False,0
10197,15,0,0,15,15,0,0,0,True,False,0
10198,12,0,0,12,12,0,0,0,True,False,0
10199,13,0,0,13,13,0,0,0,True,False,0
10200,11,0,0,11,11,0,0,0,True,False,0
10201,15,0,0,15,15,0,0,0,True,False,0
10202,13,0,0,13,13,0,0,0,True,False,0
10203,13,0,0,13,13,0,0,0,True,False,0
10204,14,0,0,14,14,0,0,0,True,False,0
10205,12,0,0,12,12,0,0,0,True,False,0
10206,4,0,0,4,4,0,0,0,True,False,0
10207,4,0,0,4,4,0,0,0,True,False,0
10208,4,0,0,4,4,0,0,0,True,False,0
10209,12,0,0,12,12,0,0,0,True,False,0
10210,6,0,0,6,6,0,0,0,True,False,0
10211,6,0,0,6,6,0,0,0,True,False,0
10212,6,0,0,6,6,0,0,0,True,False,0
10213,7,0,0,7,7,0,0,0,True,False,0
10214,7,0,0,7,7,0,0,0,True,False,0
10215,14,0,0,14,14,0,0,0,True,False,0
10216,7,0,0,7,7,0,0,0,True,False,0
10217,9,0,0,9,9,0,0,0,True,False,0
10218,8,0,0,8,8,0,0,0,True,False,0
10219,15,0,0,15,15,0,0,0,True,False,0
10220,7,0,0,7,7,0,0,0,True,False,0
10221,8,0,0,8,8,0,0,0,True,False,0
10222,11,0,0,11,11,0,0,0,True,False,0
10223,10,0,0,10,10,0,0,0,True,False,0
10224,9,0,0,9,9,0,0,0,True,False,0
10225,10,0,0,10,10,0,0,0,True,False,0
10226,9,0,0,9,9,0,0,0,True,False,0
10227,8,0,0,8,8,0,0,0,True,False,0
10228,10,0,0,10,10,0,0,0,True,False,0
10229,11,0,0,11,11,0,0,0,True,False,0
10230,7,7,7,7,7,0,0,0,True,False,0
10231,5,0,0,5,5,0,0,0,True,False,0
10232,12,0,0,12,12,0,0,0,True,False,0
10233,13,0,0,13,13,0,0,0,True,False,0
10234,0,119,0,0,0,0,0,0,True,False,0
10235,0,0,0,0,0,0,0,0,True,False,0
10236,90,0,0,90,90,0,0,0,True,False,0
10237,51,0,0,51,51,0,0,0,True,False,0
10238,76,0,0,76,76,0,0,0,True,False,0
10239,10,0,0,10,10,0,0,0,True,False,0
10240,11,0,0,11,11,0,0,0,True,False,0
10241,12,0,0,12,12,0,0,0,True,False,0
10242,10,0,0,10,10,0,0,0,True,False,0
10243,10,0,0,10,10,0,0,0,True,False,0
10244,9,0,0,9,9,0,0,0,True,False,0
10245,8,0,0,8,8,0,0,0,True,False,0
10246,6,0,0,6,6,0,0,0,True,False,0
10247,6,0,0,6,6,0,0,0,True,False,0
10248,8,0,0,8,8,0,0,0,True,False,0
10249,7,0,0,7,7,0,0,0,True,False,0
10250,9,0,0,9,9,0,0,0,True,False,0
10251,9,0,0,9,9,0,0,0,True,False,0
10252,7,0,0,7,7,0,0,0,True,False,0
10253,7,0,0,7,7,0,0,0,True,False,0
10254,7,0,0,7,7,0,0,0,True,False,0
10255,8,0,0,8,8,0,0,0,True,False,0
10256,7,0,0,7,7,0,0,0,True,False,0
10257,9,0,0,9,9,0,0,0,True,False,0
10258,6,0,0,6,6,0,0,0,True,False,0
10259,6,0,0,6,6,0,0,0,True,False,0
10260,14,0,0,14,14,0,0,0,True,False,0
10261,12,0,0,12,12,0,0,0,True,False,0
10262,15,0,0,15,15,0,0,0,True,False,0
10263,13,0,0,13,13,0,0,0,True,False,0
10264,12,0,0,12,12,0,0,0,True,False,0
10265,14,0,0,14,14,0,0,0,True,False,0
10266,12,0,0,12,12,0,0,0,True,False,0
10267,12,0,0,12,12,0,0,0,True,False,0
10268,12,0,0,12,12,0,0,0,True,False,0
10269,4,0,0,4,4,0,0,0,True,False,0
10270,4,0,0,4,4,0,0,0,True,False,0
10271,4,0,0,4,4,0,0,0,True,False,0
10272,12,0,0,12,12,0,0,0,True,False,0
10273,6,0,0,6,6,0,0,0,True,False,0
10274,6,0,0,6,6,0,0,0,True,False,0
10275,6,0,0,6,6,0,0,0,True,False,0
10276,20,0,0,20,20,0,0,0,True,False,0
10277,15,0,0,15,15,0,0,0,True,False,0
10278,7,0,0,7,7,0,0,0,True,False,0
10279,17,0,0,17,17,0,0,0,True,False,0
10280,7,0,0,7,7,0,0,0,True,False,0
10281,20,0,0,20,20,0,0,0,True,False,0
10282,11,0,0,11,11,0,0,0,True,False,0
10283,6,0,0,6,6,0,0,0,True,False,0
10284,12,0,0,12,12,0,0,0,True,False,0
10285,10,0,0,10,10,0,0,0,True,False,0
10286,11,0,0,11,11,0,0,0,True,False,0
10287,11,0,0,11,11,0,0,0,True,False,0
10288,11,0,0,11,11,0,0,0,True,False,0
10289,12,0,0,12,12,0,0,0,True,False,0
10290,11,0,0,11,11,0,0,0,True,False,0
10291,11,0,0,11,11,0,0,0,True,False,0
10292,10,1,1,10,10,0,0,0,True,False,0
10293,8,8,8,8,8,0,0,0,True,False,0
10294,5,0,0,5,5,0,0,0,True,False,0
10295,11,1,1,11,11,0,0,0,True,False,0
10296,10,1,1,10,10,0,0,0,True,False,0
10297,0,120,0,0,0,0,0,0,True,False,0
10298,0,0,0,0,0,0,0,0,True,False,0
10299,90,0,0,90,90,0,0,0,True,False,0
10300,50,0,0,50,50,0,0,0,True,False,0
10301,71,0,0,71,71,0,0,0,True,False,0
10302,13,1,1,13,13,0,0,0,True,False,0
10303,9,1,1,9,9,0,0,0,True,False,0
10304,11,1,1,11,11,0,0,0,True,False,0
10305,14,1,1,14,14,0,0,0,True,False,0
10306,11,1,1,11,11,0,0,0,True,False,0
10307,7,0,0,7,7,0,0,0,True,False,0
10308,8,0,0,8,8,0,0,0,True,False,0
10309,6,0,0,6,6,0,0,0,True,False,0
10310,7,0,0,7,7,0,0,0,True,False,0
10311,9,0,0,9,9,0,0,0,True,False,0
10312,7,0,0,7,7,0,0,0,True,False,0
10313,7,0,0,7,7,0,0,0,True,False,0
10314,8,0,0,8,8,0,0,0,True,False,0
10315,8,0,0,8,8,0,0,0,True,False,0
10316,7,0,0,7,7,0,0,0,True,False,0
10317,8,0,0,8,8,0,0,0,True,False,0
10318,6,0,0,6,6,0,0,0,True,False,0
10319,7,0,0,7,7,0,0,0,True,False,0
10320,6,0,0,6,6,0,0,0,True,False,0
10321,7,0,0,7,7,0,0,0,True,False,0
10322,6,0,0,6,6,0,0,0,True,False,0
10323,13,0,0,13,13,0,0,0,True,False,0
10324,15,0,0,15,15,0,0,0,True,False,0
10325,14,0,0,14,14,0,0,0,True,False,0
10326,13,0,0,13,13,0,0,0,True,False,0
10327,14,0,0,14,14,0,0,0,True,False,0
10328,13,0,0,13,13,0,0,0,True,False,0
10329,13,0,0,13,13,0,0,0,True,False,0
10330,15,0,0,15,15,0,0,0,True,False,0
10331,12,0,0,12,12,0,0,0,True,False,0
10332,4,0,0,4,4,0,0,0,True,False,0
10333,4,0,0,4,4,0,0,0,True,False,0
10334,4,0,0,4,4,0,0,0,True,False,0
10335,12,0,0,12,12,0,0,0,True,False,0
10336,6,0,0,6,6,0,0,0,True,False,0
10337,6,0,0,6,6,0,0,0,True,False,0
10338,6,0,0,6,6,0,0,0,True,False,0
10339,4,0,0,4,4,0,0,0,True,False,0
10340,13,0,0,13,13,0,0,0,True,False,0
10341,4,0,0,4,4,0,0,0,True,False,0
10342,10,0,0,10,10,0,0,0,True,False,0
10343,6,0,0,6,6,0,0,0,True,False,0
10344,6,0,0,6,6,0,0,0,True,False,0
10345,6,0,0,6,6,0,0,0,True,False,0
10346,12,0,0,12,12,0,0,0,True,False,0
10347,10,0,0,10,10,0,0,0,True,False,0
10348,12,0,0,12,12,0,0,0,True,False,0
10349,10,0,0,10,10,0,0,0,True,False,0
10350,12,0,0,12,12,0,0,0,True,False,0
10351,11,0,0,11,11,0,0,0,True,False,0
10352,10,0,0,10,10,0,0,0,True,False,0
10353,10,0,0,10,10,0,0,0,True,False,0
10354,11,0,0,11,11,0,0,0,True,False,0
10355,10,0,0,10,10,0,0,0,True,False,0
10356,7,7,7,7,7,0,0,0,True,False,0
10357,5,0,0,5,5,0,0,0,True,False,0
10358,10,0,0,10,10,0,0,0,True,False,0
10359,8,0,0,8,8,0,0,0,True,False,0
10360,10,117,10,10,10,0,0,0,True,False,0
10361,200,0,0,200,200,0,0,0,True,False,0
10362,95,0,0,95,95,0,0,0,True,False,0
10363,48,0,0,48,48,0,0,0,True,False,0
10364,77,0,0,77,77,0,0,0,True,False,0
10365,8,0,0,8,8,0,0,0,True,False,0
10366,8,0,0,8,8,0,0,0,True,False,0
10367,9,0,0,9,9,0,0,0,True,False,0
10368,12,0,0,12,12,0,0,0,True,False,0
10369,8,0,0,8,8,0,0,0,True,False,0
10370,8,0,0,8,8,0,0,0,True,False,0
10371,8,0,0,8,8,0,0,0,True,False,0
10372,8,0,0,8,8,0,0,0,True,False,0
10373,7,0,0,7,7,0,0,0,True,False,0
10374,7,0,0,7,7,0,0,0,True,False,0
10375,9,0,0,9,9,0,0,0,True,False,0
10376,7,0,0,7,7,0,0,0,True,False,0
10377,8,0,0,8,8,0,0,0,True,False,0
10378,7,0,0,7,7,0,0,0,True,False,0
10379,6,0,0,6,6,0,0,0,True,False,0
10380,6,0,0,6,6,0,0,0,True,False,0
10381,6,0,0,6,6,0,0,0,True,False,0
10382,8,0,0,8,8,0,0,0,True,False,0
10383,8,0,0,8,8,0,0,0,True,False,0
10384,7,0,0,7,7,0,0,0,True,False,0
10385,9,0,0,9,9,0,0,0,True,False,0
10386,13,0,0,13,13,0,0,0,True,False,0
10387,13,0,0,13,13,0,0,0,True,False,0
10388,13,0,0,13,13,0,0,0,True,False,0
10389,15,0,0,15,15,0,0,0,True,False,0
10390,13,0,0,13,13,0,0,0,True,False,0
10391,15,0,0,15,15,0,0,0,True,False,0
10392,13,0,0,13,13,0,0,0,True,False,0
10393,12,0,0,12,12,0,0,0,True,False,0
10394,12,0,0,12,12,0,0,0,True,False,0
10395,4,0,0,4,4,0,0,0,True,False,0
10396,4,0,0,4,4,0,0,0,True,False,0
10397,4,0,0,4,4,0,0,0,True,False,0
10398,12,0,0,12,12,0,0,0,True,False,0
10399,6,0,0,6,6,0,0,0,True,False,0
10400,6,0,0,6,6,0,0,0,True,False,0
10401,6,0,0,6,6,0,0,0,True,False,0
10402,4,0,0,4,4,0,0,0,True,False,0
10403,6,0,0,6,6,0,0,0,True,False,0
10404,7,0,0,7,7,0,0,0,True,False,0
10405,9,0,0,9,9,0,0,0,True,False,0
10406,12,0,0,12,12,0,0,0,True,False,0
10407,6,0,0,6,6,0,0,0,True,False,0
10408,15,0,0,15,15,0,0,0,True,False,0
10409,6,0,0,6,6,0,0,0,True,False,0
10410,9,0,0,9,9,0,0,0,True,False,0
10411,10,0,0,10,10,0,0,0,True,False,0
10412,8,0,0,8,8,0,0,0,True,False,0
10413,10,0,0,10,10,0,0,0,True,False,0
10414,10,0,0,10,10,0,0,0,True,False,0
10415,9,0,0,9,9,0,0,0,True,False,0
10416,9,0,0,9,9,0,0,0,True,False,0
10417,10,0,0,10,10,0,0,0,True,False,0
10418,9,0,0,9,9,0,0,0,True,False,0
10419,8,8,8,8,8,0,0,0,True,False,0
10420,5,0,0,5,5,0,0,0,True,False,0
10421,8,0,0,8,8,0,0,0,True,False,0
10422,9,0,0,9,9,0,0,0,True,False,0
10423,0,123,0,0,0,0,0,0,True,False,0
10424,0,0,0,0,0,0,0,0,True,False,0
10425,91,0,0,91,91,0,0,0,True,False,0
10426,47,0,0,47,47,0,0,0,True,False,0
10427,75,0,0,75,75,0,0,0,True,False,0
10428,10,0,0,10,10,0,0,0,True,False,0
10429,9,0,0,9,9,0,0,0,True,False,0
10430,8,0,0,8,8,0,0,0,True,False,0
10431,10,0,0,10,10,0,0,0,True,False,0
10432,8,0,0,8,8,0,0,0,True,False,0
10433,8,0,0,8,8,0,0,0,True,False,0
10434,8,0,0,8,8,0,0,0,True,False,0
10435,8,0,0,8,8,0,0,0,True,False,0
10436,9,0,0,9,9,0,0,0,True,False,0
10437,8,0,0,8,8,0,0,0,True,False,0
10438,7,0,0,7,7,0,0,0,True,False,0
10439,8,0,0,8,8,0,0,0,True,False,0
10440,6,0,0,6,6,0,0,0,True,False,0
10441,6,0,0,6,6,0,0,0,True,False,0
10442,8,0,0,8,8,0,0,0,True,False,0
10443,7,0,0,7,7,0,0,0,True,False,0
10444,8,0,0,8,8,0,0,0,True,False,0
10445,6,0,0,6,6,0,0,0,True,False,0
10446,8,0,0,8,8,0,0,0,True,False,0
10447,7,0,0,7,7,0,0,0,True,False,0
10448,6,0,0,6,6,0,0,0,True,False,0
10449,14,0,0,14,14,0,0,0,True,False,0
10450,15,0,0,15,15,0,0,0,True,False,0
10451,13,0,0,13,13,0,0,0,True,False,0
10452,13,0,0,13,13,0,0,0,True,False,0
10453,15,0,0,15,15,0,0,0,True,False,0
10454,13,0,0,13,13,0,0,0,True,False,0
10455,13,0,0,13,13,0,0,0,True,False,0
10456,13,0,0,13,13,0,0,0,True,False,0
10457,12,0,0,12,12,0,0,0,True,False,0
10458,4,0,0,4,4,0,0,0,True,False,0
10459,4,0,0,4,4,0,0,0,True,False,0
10460,4,0,0,4,4,0,0,0,True,False,0
10461,12,0,0,12,12,0,0,0,True,False,0
10462,6,0,0,6,6,0,0,0,True,False,0
10463,6,0,0,6,6,0,0,0,True,False,0
10464,6,0,0,6,6,0,0,0,True,False,0
10465,14,0,0,14,14,0,0,0,True,False,0
10466,12,0,0,12,12,0,0,0,True,False,0
10467,7,0,0,7,7,0,0,0,True,False,0
10468,9,0,0,9,9,0,0,0,True,False,0
10469,10,0,0,10,10,0,0,0,True,False,0
10470,11,0,0,11,11,0,0,0,True,False,0
10471,7,0,0,7,7,0,0,0,True,False,0
10472,13,0,0,13,13,0,0,0,True,False,0
10473,11,0,0,11,11,0,0,0,True,False,0
10474,10,0,0,10,10,0,0,0,True,False,0
10475,12,0,0,12,12,0,0,0,True,False,0
10476,10,0,0,10,10,0,0,0,True,False,0
10477,12,0,0,12,12,0,0,0,True,False,0
10478,12,0,0,12,12,0,0,0,True,False,0
10479,12,0,0,12,12,0,0,0,True,False,0
10480,12,0,0,12,12,0,0,0,True,False,0
10481,8,0,0,8,8,0,0,0,True,False,0
10482,7,7,7,7,7,0,0,0,True,False,0
10483,5,0,0,5,5,0,0,0,True,False,0
10484,9,0,0,9,9,0,0,0,True,False,0
10485,8,0,0,8,8,0,0,0,True,False,0
10486,0,123,0,0,0,0,0,0,True,False,0
10487,0,0,0,0,0,0,0,0,True,False,0
10488,93,0,0,93,93,0,0,0,True,False,0
10489,46,0,0,46,46,0,0,0,True,False,0
10490,72,0,0,72,72,0,0,0,True,False,0
10491,9,0,0,9,9,0,0,0,True,False,0
10492,8,0,0,8,8,0,0,0,True,False,0
10493,10,0,0,10,10,0,0,0,True,False,0
10494,9,0,0,9,9,0,0,0,True,False,0
10495,9,0,0,9,9,0,0,0,True,False,0
10496,8,0,0,8,8,0,0,0,True,False,0
10497,7,0,0,7,7,0,0,0,True,False,0
10498,8,0,0,8,8,0,0,0,True,False,0
10499,6,0,0,6,6,0,0,0,True,False,0
10500,7,0,0,7,7,0,0,0,True,False,0
10501,7,0,0,7,7,0,0,0,True,False,0
10502,7,0,0,7,7,0,0,0,True,False,0
10503,8,0,0,8,8,0,0,0,True,False,0
10504,7,0,0,7,7,0,0,0,True,False,0
10505,8,0,0,8,8,0,0,0,True,False,0
10506,8,0,0,8,8,0,0,0,True,False,0
10507,8,0,0,8,8,0,0,0,True,False,0
10508,9,0,0,9,9,0,0,0,True,False,0
10509,7,0,0,7,7,0,0,0,True,False,0
10510,7,0,0,7,7,0,0,0,True,False,0
10511,6,0,0,6,6,0,0,0,True,False,0
10512,13,0,0,13,13,0,0,0,True,False,0
10513,13,0,0,13,13,0,0,0,True,False,0
10514,13,0,0,13,13,0,0,0,True,False,0
10515,14,0,0,14,14,0,0,0,True,False,0
10516,13,0,0,13,13,0,0,0,True,False,0
10517,13,0,0,13,13,0,0,0,True,False,0
10518,15,0,0,15,15,0,0,0,True,False,0
10519,13,0,0,13,13,0,0,0,True,False,0
10520,12,0,0,12,12,0,0,0,True,False,0
10521,4,0,0,4,4,0,0,0,True,False,0
10522,4,0,0,4,4,0,0,0,True,False,0
10523,4,0,0,4,4,0,0,0,True,False,0
10524,12,0,0,12,12,0,0,0,True,False,0
10525,6,0,0,6,6,0,0,0,True,False,0
10526,6,0,0,6,6,0,0,0,True,False,0
10527,6,0,0,6,6,0,0,0,True,False,0
10528,11,0,0,11,11,0,0,0,True,False,0
10529,11,0,0,11,11,0,0,0,True,False,0
10530,12,0,0,12,12,0,0,0,True,False,0
10531,9,0,0,9,9,0,0,0,True,False,0
10532,7,0,0,7,7,0,0,0,True,False,0
10533,14,0,0,14,14,0,0,0,True,False,0
10534,14,0,0,14,14,0,0,0,True,False,0
10535,6,0,0,6,6,0,0,0,True,False,0
10536,11,0,0,11,11,0,0,0,True,False,0
10537,10,0,0,10,10,0,0,0,True,False,0
10538,9,0,0,9,9,0,0,0,True,False,0
10539,11,0,0,11,11,0,0,0,True,False,0
10540,9,0,0,9,9,0,0,0,True,False,0
10541,10,0,0,10,10,0,0,0,True,False,0
10542,10,0,0,10,10,0,0,0,True,False,0
10543,10,0,0,10,10,0,0,0,True,False,0
10544,10,0,0,10,10,0,0,0,True,False,0
10545,8,8,8,8,8,0,0,0,True,False,0
10546,5,0,0,5,5,0,0,0,True,False,0
10547,7,0,0,7,7,0,0,0,True,False,0
10548,8,0,0,8,8,0,0,0,True,False,0
10549,0,119,0,0,0,0,0,0,True,False,0
10550,0,0,0,0,0,0,0,0,True,False,0
10551,96,0,0,96,96,0,0,0,True,False,0
10552,49,0,0,49,49,0,0,0,True,False,0
10553,80,0,0,80,80,0,0,0,True,False,0
10554,9,0,0,9,9,0,0,0,True,False,0
10555,9,0,0,9,9,0,0,0,True,False,0
10556,8,0,0,8,8,0,0,0,True,False,0
10557,6,0,0,6,6,0,0,0,True,False,0
10558,9,0,0,9,9,0,0,0,True,False,0
10559,8,0,0,8,8,0,0,0,True,False,0
10560,7,0,0,7,7,0,0,0,True,False,0
10561,8,0,0,8,8,0,0,0,True,False,0
10562,9,0,0,9,9,0,0,0,True,False,0
10563,7,0,0,7,7,0,0,0,True,False,0
10564,7,0,0,7,7,0,0,0,True,False,0
10565,7,0,0,7,7,0,0,0,True,False,0
10566,8,0,0,8,8,0,0,0,True,False,0
10567,5,0,0,5,5,0,0,0,True,False,0
10568,6,0,0,6,6,0,0,0,True,False,0
10569,8,0,0,8,8,0,0,0,True,False,0
10570,6,0,0,6,6,0,0,0,True,False,0
10571,6,0,0,6,6,0,0,0,True,False,0
10572,7,0,0,7,7,0,0,0,True,False,0
10573,8,0,0,8,8,0,0,0,True,False,0
10574,7,0,0,7,7,0,0,0,True,False,0
10575,15,0,0,15,15,0,0,0,True,False,0
10576,14,0,0,14,14,0,0,0,True,False,0
10577,13,0,0,13,13,0,0,0,True,False,0
10578,13,0,0,13,13,0,0,0,True,False,0
10579,14,0,0,14,14,0,0,0,True,False,0
10580,16,0,0,16,16,0,0,0,True,False,0
10581,12,0,0,12,12,0,0,0,True,False,0
10582,14,0,0,14,14,0,0,0,True,False,0
10583,12,0,0,12,12,0,0,0,True,False,0
10584,4,0,0,4,4,0,0,0,True,False,0
10585,4,0,0,4,4,0,0,0,True,False,0
10586,4,0,0,4,4,0,0,0,True,False,0
10587,12,0,0,12,12,0,0,0,True,False,0
10588,6,0,0,6,6,0,0,0,True,False,0
10589,6,0,0,6,6,0,0,0,True,False,0
10590,6,0,0,6,6,0,0,0,True,False,0
10591,13,0,0,13,13,0,0,0,True,False,0
10592,10,0,0,10,10,0,0,0,True,False,0
10593,7,0,0,7,7,0,0,0,True,False,0
10594,10,0,0,10,10,0,0,0,True,False,0
10595,9,0,0,9,9,0,0,0,True,False,0
10596,14,0,0,14,14,0,0,0,True,False,0
10597,7,0,0,7,7,0,0,0,True,False,0
10598,12,0,0,12,12,0,0,0,True,False,0
10599,1,0,0,1,1,0,0,0,True,True,0
10600,1,0,0,1,1,0,0,0,True,True,0
10601,1,0,0,1,1,0,0,0,True,True,0
10602,11,0,0,11,11,0,0,0,True,False,0
10603,12,0,0,12,12,0,0,0,True,False,0
10604,10,0,0,10,10,0,0,0,True,False,0
10605,10,0,0,10,10,0,0,0,True,False,0
10606,11,0,0,11,11,0,0,0,True,False,0
10607,10,0,0,10,10,0,0,0,True,False,0
10608,11,0,0,11,11,0,0,0,True,False,0
10609,8,0,0,8,8,0,0,0,True,False,0
10610,9,0,0,9,9,0,0,0,True,False,0
10611,7,7,7,7,7,0,0,0,True,False,0
10612,5,0,0,5,5,0,0,0,True,False,0
10613,10,0,0,10,10,0,0,0,True,False,0
10614,9,0,0,9,9,0,0,0,True,False,0
10615,0,121,0,0,0,0,0,0,True,False,0
10616,0,0,0,0,0,0,0,0,True,False,0
10617,96,0,0,96,96,0,0,0,True,False,0
10618,50,0,0,50,50,0,0,0,True,False,0
10619,71,0,0,71,71,0,0,0,True,False,0
10620,9,0,0,9,9,0,0,0,True,False,0
10621,8,0,0,8,8,0,0,0,True,False,0
10622,8,0,0,8,8,0,0,0,True,False,0
10623,9,0,0,9,9,0,0,0,True,False,0
10624,8,0,0,8,8,0,0,0,True,False,0
10625,8,0,0,8,8,0,0,0,True,False,0
10626,7,0,0,7,7,0,0,0,True,False,0
10627,7,0,0,7,7,0,0,0,True,False,0
10628,8,0,0,8,8,0,0,0,True,False,0
10629,8,0,0,8,8,0,0,0,True,False,0
10630,9,0,0,9,9,0,0,0,True,False,0
10631,8,0,0,8,8,0,0,0,True,False,0
10632,8,0,0,8,8,0,0,0,True,False,0
10633,8,0,0,8,8,0,0,0,True,False,0
10634,7,0,0,7,7,0,0,0,True,False,0
10635,6,0,0,6,6,0,0,0,True,False,0
10636,8,0,0,8,8,0,0,0,True,False,0
10637,6,0,0,6,6,0,0,0,True,False,0
10638,7,0,0,7,7,0,0,0,True,False,0
10639,8,0,0,8,8,0,0,0,True,False,0
10640,9,0,0,9,9,0,0,0,True,False,0
10641,14,0,0,14,14,0,0,0,True,False,0
10642,12,0,0,12,12,0,0,0,True,False,0
10643,12,0,0,12,12,0,0,0,True,False,0
10644,12,0,0,12,12,0,0,0,True,False,0
10645,13,0,0,13,13,0,0,0,True,False,0
10646,13,0,0,13,13,0,0,0,True,False,0
10647,13,0,0,13,13,0,0,0,True,False,0
10648,13,0,0,13,13,0,0,0,True,False,0
10649,12,0,0,12,12,0,0,0,True,False,0
10650,4,0,0,4,4,0,0,0,True,False,0
10651,4,0,0,4,4,0,0,0,True,False,0
10652,4,0,0,4,4,0,0,0,True,False,0
10653,12,0,0,12,12,0,0,0,True,False,0
10654,6,0,0,6,6,0,0,0,True,False,0
10655,6,0,0,6,6,0,0,0,True,False,0
10656,6,0,0,6,6,0,0,0,True,False,0
10657,10,0,0,10,10,0,0,0,True,False,0
10658,8,0,0,8,8,0,0,0,True,False,0
10659,15,0,0,15,15,0,0,0,True,False,0
10660,13,0,0,13,13,0,0,0,True,False,0
10661,12,0,0,12,12,0,0,0,True,False,0
10662,9,0,0,9,9,0,0,0,True,False,0
10663,10,0,0,10,10,0,0,0,True,False,0
10664,5,0,0,5,5,0,0,0,True,False,0
10665,1,0,0,1,1,0,0,0,True,True,0
10666,1,0,0,1,1,0,0,0,True,True,0
10667,1,0,0,1,1,0,0,0,True,True,0
10668,6,0,0,6,6,0,0,0,True,False,0
10669,5,0,0,5,5,0,0,0,True,False,0
10670,7,0,0,7,7,0,0,0,True,False,0
10671,8,0,0,8,8,0,0,0,True,False,0
10672,6,0,0,6,6,0,0,0,True,False,0
10673,6,0,0,6,6,0,0,0,True,False,0
10674,5,0,0,5,5,0,0,0,True,False,0
10675,5,0,0,5,5,0,0,0,True,False,0
10676,6,0,0,6,6,0,0,0,True,False,0
10677,5,5,5,5,5,0,0,0,True,False,0
10678,2,0,0,2,2,0,0,0,True,True,0
10679,5,0,0,5,5,0,0,0,True,False,0
10680,5,0,0,5,5,0,0,0,True,False,0
10681,0,67,0,0,0,0,0,0,True,False,0
10682,0,0,0,0,0,0,0,0,True,False,0
10683,52,0,0,52,52,0,0,0,True,False,0
10684,28,0,0,28,28,0,0,0,True,False,0
10685,45,0,0,45,45,0,0,0,True,False,0
10686,5,0,0,5,5,0,0,0,True,False,0
10687,4,0,0,4,4,0,0,0,True,False,0
10688,4,0,0,4,4,0,0,0,True,False,0
10689,5,0,0,5,5,0,0,0,True,False,0
10690,6,0,0,6,6,0,0,0,True,False,0
10691,5,0,0,5,5,0,0,0,True,False,0
10692,4,0,0,4,4,0,0,0,True,False,0
10693,4,0,0,4,4,0,0,0,True,False,0
10694,4,0,0,4,4,0,0,0,True,False,0
10695,5,0,0,5,5,0,0,0,True,False,0
10696,5,0,0,5,5,0,0,0,True,False,0
10697,4,0,0,4,4,0,0,0,True,False,0
10698,3,0,0,3,3,0,0,0,True,False,0
10699,4,0,0,4,4,0,0,0,True,False,0
10700,5,0,0,5,5,0,0,0,True,False,0
10701,3,0,0,3,3,0,0,0,True,False,0
10702,3,0,0,3,3,0,0,0,True,False,0
10703,3,0,0,3,3,0,0,0,True,False,0
10704,4,0,0,4,4,0,0,0,True,False,0
10705,4,0,0,4,4,0,0,0,True,False,0
10706,3,0,0,3,3,0,0,0,True,False,0
10707,6,0,0,6,6,0,0,0,True,False,0
10708,7,0,0,7,7,0,0,0,True,False,0
10709,7,0,0,7,7,0,0,0,True,False,0
10710,8,0,0,8,8,0,0,0,True,False,0
10711,8,0,0,8,8,0,0,0,True,False,0
10712,6,0,0,6,6,0,0,0,True,False,0
10713,10,0,0,10,10,0,0,0,True,False,0
10714,7,0,0,7,7,0,0,0,True,False,0
10715,7,0,0,7,7,0,0,0,True,False,0
10716,2,0,0,2,2,0,0,0,True,True,0
10717,3,0,0,3,3,0,0,0,True,False,0
10718,3,0,0,3,3,0,0,0,True,False,0
10719,7,0,0,7,7,0,0,0,True,False,0
10720,3,0,0,3,3,0,0,0,True,False,0
10721,4,0,0,4,4,0,0,0,True,False,0
10722,3,0,0,3,3,0,0,0,True,False,0
10723,6,0,0,6,6,0,0,0,True,False,0
10724,8,0,0,8,8,0,0,0,True,False,0
10725,6,0,0,6,6,0,0,0,True,False,0
10726,4,0,0,4,4,0,0,0,True,False,0
10727,3,0,0,3,3,0,0,0,True,False,0
10728,5,0,0,5,5,0,0,0,True,False,0
10729,7,0,0,7,7,0,0,0,True,False,0
10730,7,0,0,7,7,0,0,0,True,False,0
10731,1,0,0,1,1,0,0,0,True,True,0
10732,1,0,0,1,1,0,0,0,True,True,0
10733,6,0,0,6,6,0,0,0,False,False,0
10734,4,0,0,4,4,0,0,0,False,False,0
10735,6,0,0,6,6,0,0,0,False,False,0
10736,4,0,0,4,4,0,0,0,False,False,0
10737,4,0,0,4,4,0,0,0,False,False,0
10738,5,0,0,5,5,0,0,0,False,False,0
10739,5,0,0,5,5,0,0,0,False,False,0
10740,5,0,0,5,5,0,0,0,False,False,0
10741,6,0,0,6,6,0,0,0,False,False,0
10742,4,3,3,4,4,0,0,0,False,False,0
10743,3,0,0,3,3,0,0,0,False,False,0
10744,5,0,0,5,5,0,0,0,False,False,0
10745,5,0,0,5,5,0,0,0,False,False,0
10746,11,42,10,11,11,0,0,0,False,False,0
10747,200,0,0,200,200,0,0,0,False,False,0
10748,34,0,0,34,34,0,0,0,False,False,0
10749,20,0,0,20,20,0,0,0,False,False,0
10750,30,0,0,30,30,0,0,0,False,False,0
10751,6,0,0,6,6,0,0,0,False,False,0
10752,5,0,0,5,5,0,0,0,False,False,0
10753,5,0,0,5,5,0,0,0,False,False,0
10754,5,0,0,5,5,0,0,0,False,False,0
10755,5,0,0,5,5,0,0,0,False,False,0
10756,3,2,2,3,3,0,0,0,False,False,0
10757,3,2,2,3,3,0,0,0,False,False,0
10758,3,2,2,3,3,0,0,0,False,False,0
10759,3,2,2,3,3,0,0,0,False,False,0
10760,3,2,2,3,3,0,0,0,False,False,0
10761,3,2,2,3,3,0,0,0,False,False,0
10762,3,2,2,3,3,0,0,0,False,False,0
10763,3,2,2,3,3,0,0,0,False,False,0
10764,4,0,0,4,4,0,0,0,False,False,0
10765,5,0,0,5,5,0,0,0,False,False,0
10766,4,0,0,4,4,0,0,0,False,False,0
10767,4,0,0,4,4,0,0,0,False,False,0
10768,5,0,0,5,5,0,0,0,False,False,0
10769,4,0,0,4,4,0,0,0,False,False,0
10770,4,0,0,4,4,0,0,0,False,False,0
10771,4,0,0,4,4,0,0,0,False,False,0
10772,8,0,0,8,8,0,0,0,False,False,0
10773,6,0,0,6,6,0,0,0,False,False,0
10774,6,0,0,6,6,0,0,0,False,False,0
10775,7,0,0,7,7,0,0,0,False,False,0
10776,7,0,0,7,7,0,0,0,False,False,0
10777,7,0,0,7,7,0,0,0,False,False,0
10778,6,0,0,6,6,0,0,0,False,False,0
10779,7,0,0,7,7,0,0,0,False,False,0
10780,4,0,0,4,4,0,0,0,False,False,0
10781,3,0,0,3,3,0,0,0,False,False,0
10782,6,0,0,6,6,0,0,0,False,False,0
10783,4,0,0,4,4,0,0,0,False,False,0
10784,3,0,0,3,3,0,0,0,False,False,0
10785,3,0,0,3,3,0,0,0,False,False,0
10786,6,0,0,6,6,0,0,0,False,False,0
10787,6,0,0,6,6,0,0,0,False,False,0
10788,7,0,0,7,7,0,0,0,False,False,0
10789,3,0,0,3,3,0,0,0,False,False,0
10790,3,0,0,3,3,0,0,0,False,False,0
10791,3,0,0,3,3,0,0,0,False,False,0
10792,5,0,0,5,5,0,0,0,False,False,0
10793,6,0,0,6,6,0,0,0,False,False,0
10794,5,0,0,5,5,0,0,0,False,False,0
10795,3,0,0,3,3,0,0,0,False,False,0
10796,2,0,0,2,2,0,0,0,False,True,0
10797,2,0,0,2,2,0,0,0,False,True,0
10798,2,0,0,2,2,0,0,0,False,True,0
10799,2,0,0,2,2,0,0,0,False,True,0
10800,2,0,0,2,2,0,0,0,False,True,0
10801,2,0,0,2,2,0,0,0,False,True,0
10802,2,0,0,2,2,0,0,0,False,True,0
10803,2,0,0,2,2,0,0,0,False,True,0
10804,2,0,0,2,2,0,0,0,False,True,0
10805,2,0,0,2,2,0,0,0,False,True,0
10806,2,0,0,2,2,0,0,0,False,True,0
10807,2,0,0,2,2,0,0,0,False,True,0
10808,2,0,0,2,2,0,0,0,False,True,0
10809,2,0,0,2,2,0,0,0,False,True,0
10810,2,0,0,2,2,0,0,0,False,True,0
10811,2,0,0,2,2,0,0,0,False,True,0
10812,9,0,0,9,9,0,0,0,True,False,0
10813,9,0,0,9,9,0,0,0,True,False,0
10814,10,0,0,10,10,0,0,0,True,False,0
10815,10,0,0,10,10,0,0,0,True,False,0
10816,11,0,0,11,11,0,0,0,True,False,0
10817,8,0,0,8,8,0,0,0,True,False,0
10818,12,0,0,12,12,0,0,0,True,False,0
10819,10,0,0,10,10,0,0,0,True,False,0
10820,11,0,0,11,11,0,0,0,True,False,0
10821,8,8,8,8,8,0,0,0,True,False,0
10822,5,0,0,5,5,0,0,0,True,False,0
10823,10,0,0,10,10,0,0,0,True,False,0
10824,12,0,0,12,12,0,0,0,True,False,0
10825,0,113,0,0,0,0,0,0,True,False,0
10826,0,0,0,0,0,0,0,0,True,False,0
10827,95,0,0,95,95,0,0,0,True,False,0
10828,47,0,0,47,47,0,0,0,True,False,0
10829,73,0,0,73,73,0,0,0,True,False,0
10830,10,0,0,10,10,0,0,0,True,False,0
10831,10,0,0,10,10,0,0,0,True,False,0
10832,12,0,0,12,12,0,0,0,True,False,0
10833,11,0,0,11,11,0,0,0,True,False,0
10834,10,0,0,10,10,0,0,0,True,False,0
10835,8,2,2,8,8,0,0,0,True,False,0
10836,7,2,2,7,7,0,0,0,True,False,0
10837,9,2,2,9,9,0,0,0,True,False,0
10838,8,1,1,8,8,0,0,0,True,False,0
10839,7,2,2,7,7,0,0,0,True,False,0
10840,8,2,2,8,8,0,0,0,True,False,0
10841,9,1,1,9,9,0,0,0,True,False,0
10842,9,1,1,9,9,0,0,0,True,False,0
10843,8,0,0,8,8,0,0,0,True,False,0
10844,6,0,0,6,6,0,0,0,True,False,0
10845,7,0,0,7,7,0,0,0,True,False,0
10846,9,0,0,9,9,0,0,0,True,False,0
10847,8,0,0,8,8,0,0,0,True,False,0
10848,9,0,0,9,9,0,0,0,True,False,0
10849,6,0,0,6,6,0,0,0,True,False,0
10850,7,0,0,7,7,0,0,0,True,False,0
10851,13,0,0,13,13,0,0,0,True,False,0
10852,13,0,0,13,13,0,0,0,True,False,0
10853,15,0,0,15,15,0,0,0,True,False,0
10854,13,0,0,13,13,0,0,0,True,False,0
10855,12,0,0,12,12,0,0,0,True,False,0
10856,10,0,0,10,10,0,0,0,True,False,0
10857,14,0,0,14,14,0,0,0,True,False,0
10858,14,0,0,14,14,0,0,0,True,False,0
10859,6,0,0,6,6,0,0,0,True,False,0
10860,4,0,0,4,4,0,0,0,True,False,0
10861,12,0,0,12,12,0,0,0,True,False,0
10862,6,0,0,6,6,0,0,0,True,False,0
10863,4,0,0,4,4,0,0,0,True,False,0
10864,4,0,0,4,4,0,0,0,True,False,0
10865,12,0,0,12,12,0,0,0,True,False,0
10866,12,0,0,12,12,0,0,0,True,False,0
10867,15,0,0,15,15,0,0,0,True,False,0
10868,6,0,0,6,6,0,0,0,True,False,0
10869,10,0,0,10,10,0,0,0,True,False,0
10870,8,0,0,8,8,0,0,0,True,False,0
10871,9,0,0,9,9,0,0,0,True,False,0
10872,6,0,0,6,6,0,0,0,True,False,0
10873,9,0,0,9,9,0,0,0,True,False,0
10874,13,0,0,13,13,0,0,0,True,False,0
10875,12,0,0,12,12,0,0,0,True,False,0
10876,12,0,0,12,12,0,0,0,True,False,0
10877,12,0,0,12,12,0,0,0,True,False,0
10878,11,0,0,11,11,0,0,0,True,False,0
10879,10,0,0,10,10,0,0,0,True,False,0
10880,10,0,0,10,10,0,0,0,True,False,0
10881,11,0,0,11,11,0,0,0,True,False,0
10882,13,0,0,13,13,0,0,0,True,False,0
10883,11,0,0,11,11,0,0,0,True,False,0
10884,7,7,7,7,7,0,0,0,True,False,0
10885,6,0,0,6,6,0,0,0,True,False,0
10886,12,0,0,12,12,0,0,0,True,False,0
10887,12,0,0,12,12,0,0,0,True,False,0
10888,0,113,0,0,0,0,0,0,True,False,0
10889,0,0,0,0,0,0,0,0,True,False,0
10890,93,0,0,93,93,0,0,0,True,False,0
10891,48,0,0,48,48,0,0,0,True,False,0
10892,78,0,0,78,78,0,0,0,True,False,0
10893,12,0,0,12,12,0,0,0,True,False,0
10894,10,0,0,10,10,0,0,0,True,False,0
10895,9,0,0,9,9,0,0,0,True,False,0
10896,11,0,0,11,11,0,0,0,True,False,0
10897,10,0,0,10,10,0,0,0,True,False,0
10898,8,0,0,8,8,0,0,0,True,False,0
10899,9,0,0,9,9,0,0,0,True,False,0
10900,8,0,0,8,8,0,0,0,True,False,0
10901,8,0,0,8,8,0,0,0,True,False,0
10902,7,0,0,7,7,0,0,0,True,False,0
10903,7,0,0,7,7,0,0,0,True,False,0
10904,8,0,0,8,8,0,0,0,True,False,0
10905,8,0,0,8,8,0,0,0,True,False,0
10906,7,0,0,7,7,0,0,0,True,False,0
10907,9,0,0,9,9,0,0,0,True,False,0
10908,8,0,0,8,8,0,0,0,True,False,0
10909,6,0,0,6,6,0,0,0,True,False,0
10910,7,0,0,7,7,0,0,0,True,False,0
10911,5,0,0,5,5,0,0,0,True,False,0
10912,7,0,0,7,7,0,0,0,True,False,0
10913,5,0,0,5,5,0,0,0,True,False,0
10914,15,0,0,15,15,0,0,0,True,False,0
10915,13,0,0,13,13,0,0,0,True,False,0
10916,12,0,0,12,12,0,0,0,True,False,0
10917,14,0,0,14,14,1,0,0,True,False,0
10918,15,0,0,15,15,0,0,0,True,False,0
10919,14,0,0,14,14,0,0,0,True,False,0
10920,14,0,0,14,14,0,0,0,True,False,0
10921,11,0,0,11,11,0,0,0,True,False,0
10922,6,0,0,6,6,0,0,0,True,False,0
10923,4,0,0,4,4,0,0,0,True,False,0
10924,12,0,0,12,12,0,0,0,True,False,0
10925,6,0,0,6,6,0,0,0,True,False,0
10926,4,0,0,4,4,0,0,0,True,False,0
10927,4,0,0,4,4,0,0,0,True,False,0
10928,12,0,0,12,12,0,0,0,True,False,0
10929,12,0,0,12,12,0,0,0,True,False,0
10930,11,0,0,11,11,0,0,0,True,False,0
10931,9,0,0,9,9,0,0,0,True,False,0
10932,15,0,0,15,15,0,0,0,True,False,0
10933,11,0,0,11,11,0,0,0,True,False,0
10934,9,0,0,9,9,0,0,0,True,False,0
10935,10,0,0,10,10,0,0,0,True,False,0
10936,13,0,0,13,13,0,0,0,True,False,0
10937,7,0,0,7,7,0,0,0,True,False,0
10938,10,0,0,10,10,0,0,0,True,False,0
10939,10,0,0,10,10,0,0,0,True,False,0
10940,10,0,0,10,10,0,0,0,True,False,0
10941,13,0,0,13,13,0,0,0,True,False,0
10942,11,0,0,11,11,0,0,0,True,False,0
10943,11,0,0,11,11,0,0,0,True,False,0
10944,11,0,0,11,11,0,0,0,True,False,0
10945,10,0,0,10,10,0,0,0,True,False,0
10946,10,0,0,10,10,0,0,0,True,False,0
10947,8,8,8,8,8,0,0,0,True,False,0
10948,4,0,0,4,4,0,0,0,True,False,0
10949,11,0,0,11,11,0,0,0,True,False,0
10950,12,0,0,12,12,0,0,0,True,False,0
10951,0,113,0,0,0,0,0,0,True,False,0
10952,0,0,0,0,0,0,0,0,True,False,0
10953,98,0,0,98,98,0,0,0,True,False,0
10954,48,0,0,48,48,0,0,0,True,False,0
10955,75,0,0,75,75,0,0,0,True,False,0
10956,10,0,0,10,10,0,0,0,True,False,0
10957,9,0,0,9,9,0,0,0,True,False,0
10958,12,0,0,12,12,0,0,0,True,False,0
10959,11,0,0,11,11,0,0,0,True,False,0
10960,9,0,0,9,9,0,0,0,True,False,0
10961,7,0,0,7,7,0,0,0,True,False,0
10962,6,0,0,6,6,0,0,0,True,False,0
10963,7,0,0,7,7,0,0,0,True,False,0
10964,8,0,0,8,8,0,0,0,True,False,0
10965,9,0,0,9,9,0,0,0,True,False,0
10966,6,0,0,6,6,0,0,0,True,False,0
10967,9,0,0,9,9,0,0,0,True,False,0
10968,6,0,0,6,6,0,0,0,True,False,0
10969,6,0,0,6,6,0,0,0,True,False,0
10970,6,0,0,6,6,0,0,0,True,False,0
10971,6,0,0,6,6,0,0,0,True,False,0
10972,8,0,0,8,8,0,0,0,True,False,0
10973,5,0,0,5,5,0,0,0,True,False,0
10974,7,0,0,7,7,0,0,0,True,False,0
10975,9,0,0,9,9,0,0,0,True,False,0
10976,8,0,0,8,8,0,0,0,True,False,0
10977,11,0,0,11,11,0,0,0,True,False,0
10978,12,0,0,12,12,0,0,0,True,False,0
10979,13,0,0,13,13,0,0,0,True,False,0
10980,14,0,0,14,14,0,0,0,True,False,0
10981,12,0,0,12,12,0,0,0,True,False,0
10982,14,0,0,14,14,0,0,0,True,False,0
10983,13,0,0,13,13,0,0,0,True,False,0
10984,12,0,0,12,12,0,0,0,True,False,0
10985,6,0,0,6,6,0,0,0,True,False,0
10986,4,0,0,4,4,0,0,0,True,False,0
10987,12,0,0,12,12,0,0,0,True,False,0
10988,6,0,0,6,6,0,0,0,True,False,0
10989,4,0,0,4,4,0,0,0,True,False,0
10990,4,0,0,4,4,0,0,0,True,False,0
10991,12,0,0,12,12,0,0,0,True,False,0
10992,12,0,0,12,12,0,0,0,True,False,0
10993,8,0,0,8,8,0,0,0,True,False,0
10994,11,0,0,11,11,0,0,0,True,False,0
10995,8,0,0,8,8,0,0,0,True,False,0
10996,7,0,0,7,7,0,0,0,True,False,0
10997,9,0,0,9,9,0,0,0,True,False,0
10998,6,0,0,6,6,0,0,0,True,False,0
10999,6,0,0,6,6,0,0,0,True,False,0
11000,7,0,0,7,7,0,0,0,True,False,0
11001,9,0,0,9,9,0,0,0,True,False,0
11002,10,0,0,10,10,0,0,0,True,False,0
11003,10,0,0,10,10,0,0,0,True,False,0
11004,11,0,0,11,11,0,0,0,True,False,0
11005,10,0,0,10,10,0,0,0,True,False,0
11006,11,0,0,11,11,0,0,0,True,False,0
11007,11,0,0,11,11,0,0,0,True,False,0
11008,10,0,0,10,10,0,0,0,True,False,0
11009,12,1,1,12,12,0,0,0,True,False,0
11010,7,7,7,7,7,0,0,0,True,False,0
11011,6,0,0,6,6,0,0,0,True,False,0
11012,10,1,1,10,10,0,0,0,True,False,0
11013,9,1,1,9,9,0,0,0,True,False,0
11014,0,118,0,0,0,0,0,0,True,False,0
11015,0,0,0,0,0,0,0,0,True,False,0
11016,95,0,0,95,95,0,0,0,True,False,0
11017,46,0,0,46,46,0,0,0,True,False,0
11018,77,0,0,77,77,0,0,0,True,False,0
11019,12,1,1,12,12,0,0,0,True,False,0
11020,10,1,1,10,10,0,0,0,True,False,0
11021,10,1,1,10,10,0,0,0,True,False,0
11022,11,1,1,11,11,0,0,0,True,False,0
11023,11,1,1,11,11,0,0,0,True,False,0
11024,8,0,0,8,8,0,0,0,True,False,0
11025,6,0,0,6,6,0,0,0,True,False,0
11026,6,0,0,6,6,0,0,0,True,False,0
11027,6,0,0,6,6,0,0,0,True,False,0
11028,6,0,0,6,6,0,0,0,True,False,0
11029,7,0,0,7,7,0,0,0,True,False,0
11030,7,0,0,7,7,0,0,0,True,False,0
11031,9,0,0,9,9,0,0,0,True,False,0
11032,6,0,0,6,6,0,0,0,True,False,0
11033,7,0,0,7,7,0,0,0,True,False,0
11034,7,0,0,7,7,0,0,0,True,False,0
11035,7,0,0,7,7,0,0,0,True,False,0
11036,7,0,0,7,7,0,0,0,True,False,0
11037,8,0,0,8,8,0,0,0,True,False,0
11038,7,0,0,7,7,0,0,0,True,False,0
11039,7,0,0,7,7,0,0,0,True,False,0
11040,17,0,0,17,17,0,0,0,True,False,0
11041,11,0,0,11,11,0,0,0,True,False,0
11042,13,0,0,13,13,0,0,0,True,False,0
11043,13,0,0,13,13,0,0,0,True,False,0
11044,14,0,0,14,14,0,0,0,True,False,0
11045,13,0,0,13,13,0,0,0,True,False,0
11046,13,0,0,13,13,0,0,0,True,False,0
11047,13,0,0,13,13,0,0,0,True,False,0
11048,6,0,0,6,6,0,0,0,True,False,0
11049,4,0,0,4,4,0,0,0,True,False,0
11050,12,0,0,12,12,0,0,0,True,False,0
11051,6,0,0,6,6,0,0,0,True,False,0
11052,4,0,0,4,4,0,0,0,True,False,0
11053,4,0,0,4,4,0,0,0,True,False,0
11054,12,0,0,12,12,0,0,0,True,False,0
11055,12,0,0,12,12,0,0,0,True,False,0
11056,9,0,0,9,9,0,0,0,True,False,0
11057,3,0,0,3,3,0,0,0,True,False,0
11058,11,0,0,11,11,0,0,0,True,False,0
11059,6,0,0,6,6,0,0,0,True,False,0
11060,9,0,0,9,9,0,0,0,True,False,0
11061,8,0,0,8,8,0,0,0,True,False,0
11062,16,0,0,16,16,0,0,0,True,False,0
11063,8,0,0,8,8,0,0,0,True,False,0
11064,11,0,0,11,11,0,0,0,True,False,0
11065,10,0,0,10,10,0,0,0,True,False,0
11066,10,0,0,10,10,0,0,0,True,False,0
11067,12,0,0,12,12,0,0,0,True,False,0
11068,11,0,0,11,11,0,0,0,True,False,0
11069,12,0,0,12,12,0,0,0,True,False,0
11070,10,0,0,10,10,0,0,0,True,False,0
11071,10,0,0,10,10,0,0,0,True,False,0
11072,7,0,0,7,7,0,0,0,True,False,0
11073,8,8,8,8,8,0,0,0,True,False,0
11074,5,0,0,5,5,0,0,0,True,False,0
11075,8,0,0,8,8,0,0,0,True,False,0
11076,7,0,0,7,7,0,0,0,True,False,0
11077,10,124,10,10,10,0,0,0,True,False,0
11078,200,0,0,200,200,0,0,0,True,False,0
11079,89,0,0,89,89,0,0,0,True,False,0
11080,46,0,0,46,46,0,0,0,True,False,0
11081,74,0,0,74,74,0,0,0,True,False,0
11082,8,0,0,8,8,0,0,0,True,False,0
11083,8,0,0,8,8,0,0,0,True,False,0
11084,9,0,0,9,9,0,0,0,True,False,0
11085,8,0,0,8,8,0,0,0,True,False,0
11086,9,0,0,9,9,0,0,0,True,False,0
11087,8,0,0,8,8,0,0,0,True,False,0
11088,7,0,0,7,7,0,0,0,True,False,0
11089,7,0,0,7,7,0,0,0,True,False,0
11090,7,0,0,7,7,0,0,0,True,False,0
11091,8,0,0,8,8,0,0,0,True,False,0
11092,7,0,0,7,7,0,0,0,True,False,0
11093,7,0,0,7,7,0,0,0,True,False,0
11094,7,0,0,7,7,0,0,0,True,False,0
11095,7,0,0,7,7,0,0,0,True,False,0
11096,7,0,0,7,7,0,0,0,True,False,0
11097,7,0,0,7,7,0,0,0,True,False,0
11098,8,0,0,8,8,0,0,0,True,False,0
11099,8,0,0,8,8,0,0,0,True,False,0
11100,8,0,0,8,8,0,0,0,True,False,0
11101,7,0,0,7,7,0,0,0,True,False,0
11102,5,0,0,5,5,0,0,0,True,False,0
11103,16,0,0,16,16,0,0,0,True,False,0
11104,15,0,0,15,15,0,0,0,True,False,0
11105,13,0,0,13,13,0,0,0,True,False,0
11106,15,0,0,15,15,0,0,0,True,False,0
11107,14,0,0,14,14,0,0,0,True,False,0
11108,14,0,0,14,14,0,0,0,True,False,0
11109,15,0,0,15,15,0,0,0,True,False,0
11110,14,0,0,14,14,0,0,0,True,False,0
11111,6,0,0,6,6,0,0,0,True,False,0
11112,4,0,0,4,4,0,0,0,True,False,0
11113,12,0,0,12,12,0,0,0,True,False,0
11114,6,0,0,6,6,0,0,0,True,False,0
11115,4,0,0,4,4,0,0,0,True,False,0
11116,4,0,0,4,4,0,0,0,True,False,0
11117,12,0,0,12,12,0,0,0,True,False,0
11118,12,0,0,12,12,0,0,0,True,False,0
11119,8,0,0,8,8,0,0,0,True,False,0
11120,8,0,0,8,8,0,0,0,True,False,0
11121,13,0,0,13,13,0,0,0,True,False,0
11122,12,0,0,12,12,0,0,0,True,False,0
11123,5,0,0,5,5,0,0,0,True,False,0
11124,13,0,0,13,13,0,0,0,True,False,0
11125,13,0,0,13,13,0,0,0,True,False,0
11126,7,0,0,7,7,0,0,0,True,False,0
11127,8,0,0,8,8,0,0,0,True,False,0
11128,12,0,0,12,12,0,0,0,True,False,0
11129,14,0,0,14,14,0,0,0,True,False,0
11130,10,0,0,10,10,0,0,0,True,False,0
11131,12,0,0,12,12,0,0,0,True,False,0
11132,11,0,0,11,11,0,0,0,True,False,0
11133,9,0,0,9,9,0,0,0,True,False,0
11134,12,0,0,12,12,0,0,0,True,False,0
11135,7,0,0,7,7,0,0,0,True,False,0
11136,7,7,7,7,7,0,0,0,True,False,0
11137,5,0,0,5,5,0,0,0,True,False,0
11138,7,0,0,7,7,0,0,0,True,False,0
11139,9,0,0,9,9,0,0,0,True,False,0
11140,0,120,0,0,0,0,0,0,True,False,0
11141,0,0,0,0,0,0,0,0,True,False,0
11142,93,0,0,93,93,0,0,0,True,False,0
11143,45,0,0,45,45,0,0,0,True,False,0
11144,75,0,0,75,75,0,0,0,True,False,0
11145,9,0,0,9,9,0,0,0,True,False,0
11146,7,0,0,7,7,0,0,0,True,False,0
11147,6,0,0,6,6,0,0,0,True,False,0
11148,8,0,0,8,8,0,0,0,True,False,0
11149,10,0,0,10,10,0,0,0,True,False,0
11150,7,0,0,7,7,0,0,0,True,False,0
11151,8,0,0,8,8,0,0,0,True,False,0
11152,9,0,0,9,9,0,0,0,True,False,0
11153,8,0,0,8,8,0,0,0,True,False,0
11154,9,0,0,9,9,0,0,0,True,False,0
11155,7,0,0,7,7,0,0,0,True,False,0
11156,7,0,0,7,7,0,0,0,True,False,0
11157,8,0,0,8,8,0,0,0,True,False,0
11158,9,0,0,9,9,0,0,0,True,False,0
11159,7,0,0,7,7,0,0,0,True,False,0
11160,9,0,0,9,9,0,0,0,True,False,0
11161,7,0,0,7,7,0,0,0,True,False,0
11162,8,0,0,8,8,0,0,0,True,False,0
11163,5,0,0,5,5,0,0,0,True,False,0
11164,9,0,0,9,9,0,0,0,True,False,0
11165,6,0,0,6,6,0,0,0,True,False,0
11166,14,0,0,14,14,0,0,0,True,False,0
11167,14,0,0,14,14,0,0,0,True,False,0
11168,13,0,0,13,13,0,0,0,True,False,0
11169,14,0,0,14,14,0,0,0,True,False,0
11170,12,0,0,12,12,0,0,0,True,False,0
11171,12,0,0,12,12,0,0,0,True,False,0
11172,15,0,0,15,15,0,0,0,True,False,0
11173,14,0,0,14,14,0,0,0,True,False,0
11174,6,0,0,6,6,0,0,0,True,False,0
11175,4,0,0,4,4,0,0,0,True,False,0
11176,12,0,0,12,12,0,0,0,True,False,0
11177,6,0,0,6,6,0,0,0,True,False,0
11178,4,0,0,4,4,0,0,0,True,False,0
11179,4,0,0,4,4,0,0,0,True,False,0
11180,12,0,0,12,12,0,0,0,True,False,0
11181,12,0,0,12,12,0,0,0,True,False,0
11182,15,0,0,15,15,0,0,0,True,False,0
11183,14,0,0,14,14,0,0,0,True,False,0
11184,11,0,0,11,11,0,0,0,True,False,0
11185,7,0,0,7,7,0,0,0,True,False,0
11186,4,0,0,4,4,0,0,0,True,False,0
11187,8,0,0,8,8,0,0,0,True,False,0
11188,13,0,0,13,13,0,0,0,True,False,0
11189,13,0,0,13,13,0,0,0,True,False,0
11190,12,0,0,12,12,0,0,0,True,False,0
11191,9,0,0,9,9,0,0,0,True,False,0
11192,9,0,0,9,9,0,0,0,True,False,0
11193,11,0,0,11,11,0,0,0,True,False,0
11194,12,0,0,12,12,0,0,0,True,False,0
11195,9,0,0,9,9,0,0,0,True,False,0
11196,11,0,0,11,11,0,0,0,True,False,0
11197,11,0,0,11,11,0,0,0,True,False,0
11198,9,0,0,9,9,0,0,0,True,False,0
11199,7,7,7,7,7,0,0,0,True,False,0
11200,5,0,0,5,5,0,0,0,True,False,0
11201,8,0,0,8,8,0,0,0,True,False,0
11202,8,0,0,8,8,0,0,0,True,False,0
11203,0,123,0,0,0,0,0,0,True,False,0
11204,0,0,0,0,0,0,0,0,True,False,0
11205,95,0,0,95,95,0,0,0,True,False,0
11206,48,0,0,48,48,0,0,0,True,False,0
11207,73,0,0,73,73,0,0,0,True,False,0
11208,9,0,0,9,9,0,0,0,True,False,0
11209,7,0,0,7,7,0,0,0,True,False,0
11210,8,0,0,8,8,0,0,0,True,False,0
11211,8,0,0,8,8,0,0,0,True,False,0
11212,8,0,0,8,8,0,0,0,True,False,0
11213,7,0,0,7,7,0,0,0,True,False,0
11214,7,0,0,7,7,0,0,0,True,False,0
11215,8,0,0,8,8,0,0,0,True,False,0
11216,7,0,0,7,7,0,0,0,True,False,0
11217,8,0,0,8,8,0,0,0,True,False,0
11218,8,0,0,8,8,0,0,0,True,False,0
11219,8,0,0,8,8,0,0,0,True,False,0
11220,7,0,0,7,7,0,0,0,True,False,0
11221,5,0,0,5,5,0,0,0,True,False,0
11222,7,0,0,7,7,0,0,0,True,False,0
11223,6,0,0,6,6,0,0,0,True,False,0
11224,7,0,0,7,7,0,0,0,True,False,0
11225,8,0,0,8,8,0,0,0,True,False,0
11226,7,0,0,7,7,0,0,0,True,False,0
11227,7,0,0,7,7,0,0,0,True,False,0
11228,6,0,0,6,6,0,0,0,True,False,0
11229,12,0,0,12,12,0,0,0,True,False,0
11230,14,0,0,14,14,0,0,0,True,False,0
11231,11,0,0,11,11,0,0,0,True,False,0
11232,14,0,0,14,14,0,0,0,True,False,0
11233,12,0,0,12,12,0,0,0,True,False,0
11234,14,0,0,14,14,0,0,0,True,False,0
11235,12,0,0,12,12,0,0,0,True,False,0
11236,13,0,0,13,13,0,0,0,True,False,0
11237,6,0,0,6,6,0,0,0,True,False,0
11238,4,0,0,4,4,0,0,0,True,False,0
11239,12,0,0,12,12,0,0,0,True,False,0
11240,6,0,0,6,6,0,0,0,True,False,0
11241,4,0,0,4,4,0,0,0,True,False,0
11242,4,0,0,4,4,0,0,0,True,False,0
11243,12,0,0,12,12,0,0,0,True,False,0
11244,12,0,0,12,12,0,0,0,True,False,0
11245,7,0,0,7,7,0,0,0,True,False,0
11246,17,0,0,17,17,0,0,0,True,False,0
11247,11,0,0,11,11,0,0,0,True,False,0
11248,4,0,0,4,4,0,0,0,True,False,0
11249,9,0,0,9,9,0,0,0,True,False,0
11250,13,0,0,13,13,0,0,0,True,False,0
11251,6,0,0,6,6,0,0,0,True,False,0
11252,13,0,0,13,13,0,0,0,True,False,0
11253,10,0,0,10,10,0,0,0,True,False,0
11254,9,0,0,9,9,0,0,0,True,False,0
11255,11,0,0,11,11,0,0,0,True,False,0
11256,10,0,0,10,10,0,0,0,True,False,0
11257,11,0,0,11,11,0,0,0,True,False,0
11258,12,0,0,12,12,0,0,0,True,False,0
11259,11,0,0,11,11,0,0,0,True,False,0
11260,11,0,0,11,11,0,0,0,True,False,0
11261,9,0,0,9,9,0,0,0,True,False,0
11262,8,8,8,8,8,0,0,0,True,False,0
11263,5,0,0,5,5,0,0,0,True,False,0
11264,9,0,0,9,9,0,0,0,True,False,0
11265,8,0,0,8,8,0,0,0,True,False,0
11266,0,115,0,0,0,0,0,0,True,False,0
11267,0,0,0,0,0,0,0,0,True,False,0
11268,91,0,0,91,91,0,0,0,True,False,0
11269,44,0,0,44,44,0,0,0,True,False,0
11270,73,0,0,73,73,0,0,0,True,False,0
11271,9,0,0,9,9,0,0,0,True,False,0
11272,8,0,0,8,8,0,0,0,True,False,0
11273,9,0,0,9,9,0,0,0,True,False,0
11274,9,0,0,9,9,0,0,0,True,False,0
11275,7,0,0,7,7,0,0,0,True,False,0
11276,8,0,0,8,8,0,0,0,True,False,0
11277,7,0,0,7,7,0,0,0,True,False,0
11278,7,0,0,7,7,0,0,0,True,False,0
11279,6,0,0,6,6,0,0,0,True,False,0
11280,7,0,0,7,7,0,0,0,True,False,0
11281,8,0,0,8,8,0,0,0,True,False,0
11282,8,0,0,8,8,0,0,0,True,False,0
11283,9,0,0,9,9,0,0,0,True,False,0
11284,7,0,0,7,7,0,0,0,True,False,0
11285,6,0,0,6,6,0,0,0,True,False,0
11286,7,0,0,7,7,0,0,0,True,False,0
11287,5,0,0,5,5,0,0,0,True,False,0
11288,7,0,0,7,7,0,0,0,True,False,0
11289,7,0,0,7,7,0,0,0,True,False,0
11290,6,0,0,6,6,0,0,0,True,False,0
11291,7,0,0,7,7,0,0,0,True,False,0
11292,14,0,0,14,14,0,0,0,True,False,0
11293,13,0,0,13,13,0,0,0,True,False,0
11294,11,0,0,11,11,0,0,0,True,False,0
11295,13,0,0,13,13,0,0,0,True,False,0
11296,14,0,0,14,14,0,0,0,True,False,0
11297,12,0,0,12,12,0,0,0,True,False,0
11298,12,0,0,12,12,0,0,0,True,False,0
11299,15,0,0,15,15,0,0,0,True,False,0
11300,6,0,0,6,6,0,0,0,True,False,0
11301,4,0,0,4,4,0,0,0,True,False,0
11302,12,0,0,12,12,0,0,0,True,False,0
11303,6,0,0,6,6,0,0,0,True,False,0
11304,4,0,0,4,4,0,0,0,True,False,0
11305,4,0,0,4,4,0,0,0,True,False,0
11306,12,0,0,12,12,0,0,0,True,False,0
11307,12,0,0,12,12,0,0,0,True,False,0
11308,11,0,0,11,11,0,0,0,True,False,0
11309,8,0,0,8,8,0,0,0,True,False,0
11310,12,0,0,12,12,0,0,0,True,False,0
11311,9,0,0,9,9,0,0,0,True,False,0
11312,12,0,0,12,12,0,0,0,True,False,0
11313,8,0,0,8,8,0,0,0,True,False,0
11314,12,0,0,12,12,0,0,0,True,False,0
11315,9,0,0,9,9,0,0,0,True,False,0
11316,1,0,0,1,1,0,0,0,True,True,0
11317,1,0,0,1,1,0,0,0,True,True,0
11318,10,0,0,10,10,0,0,0,True,False,0
11319,12,0,0,12,12,0,0,0,True,False,0
11320,13,0,0,13,13,0,0,0,True,False,0
11321,10,0,0,10,10,0,0,0,True,False,0
11322,11,0,0,11,11,0,0,0,True,False,0
11323,9,0,0,9,9,0,0,0,True,False,0
11324,11,0,0,11,11,0,0,0,True,False,0
11325,9,0,0,9,9,0,0,0,True,False,0
11326,8,0,0,8,8,0,0,0,True,False,0
11327,7,7,7,7,7,0,0,0,True,False,0
11328,5,0,0,5,5,0,0,0,True,False,0
11329,9,0,0,9,9,0,0,0,True,False,0
11330,9,0,0,9,9,0,0,0,True,False,0
11331,0,111,0,0,0,0,0,0,True,False,0
11332,0,0,0,0,0,0,0,0,True,False,0
11333,93,0,0,93,93,0,0,0,True,False,0
11334,48,0,0,48,48,0,0,0,True,False,0
11335,71,0,0,71,71,0,0,0,True,False,0
11336,9,0,0,9,9,0,0,0,True,False,0
11337,8,0,0,8,8,0,0,0,True,False,0
11338,8,0,0,8,8,0,0,0,True,False,0
11339,7,0,0,7,7,0,0,0,True,False,0
11340,9,0,0,9,9,0,0,0,True,False,0
11341,7,0,0,7,7,0,0,0,True,False,0
11342,5,0,0,5,5,0,0,0,True,False,0
11343,8,0,0,8,8,0,0,0,True,False,0
11344,8,0,0,8,8,0,0,0,True,False,0
11345,7,0,0,7,7,0,0,0,True,False,0
11346,8,0,0,8,8,0,0,0,True,False,0
11347,8,0,0,8,8,0,0,0,True,False,0
11348,7,0,0,7,7,0,0,0,True,False,0
11349,7,0,0,7,7,0,0,0,True,False,0
11350,6,0,0,6,6,0,0,0,True,False,0
11351,6,0,0,6,6,0,0,0,True,False,0
11352,7,0,0,7,7,0,0,0,True,False,0
11353,8,0,0,8,8,0,0,0,True,False,0
11354,6,0,0,6,6,0,0,0,True,False,0
11355,5,0,0,5,5,0,0,0,True,False,0
11356,6,0,0,6,6,0,0,0,True,False,0
11357,14,0,0,14,14,0,0,0,True,False,0
11358,12,0,0,12,12,0,0,0,True,False,0
11359,12,0,0,12,12,0,0,0,True,False,0
11360,15,0,0,15,15,0,0,0,True,False,0
11361,14,0,0,14,14,0,0,0,True,False,0
11362,17,0,0,17,17,0,0,0,True,False,0
11363,12,0,0,12,12,0,0,0,True,False,0
11364,12,0,0,12,12,0,0,0,True,False,0
11365,6,0,0,6,6,0,0,0,True,False,0
11366,4,0,0,4,4,0,0,0,True,False,0
11367,12,0,0,12,12,0,0,0,True,False,0
11368,6,0,0,6,6,0,0,0,True,False,0
11369,4,0,0,4,4,0,0,0,True,False,0
11370,4,0,0,4,4,0,0,0,True,False,0
11371,12,0,0,12,12,0,0,0,True,False,0
11372,12,0,0,12,12,0,0,0,True,False,0
11373,17,0,0,17,17,0,0,0,True,False,0
11374,14,0,0,14,14,0,0,0,True,False,0
11375,12,0,0,12,12,0,0,0,True,False,0
11376,12,0,0,12,12,0,0,0,True,False,0
11377,11,0,0,11,11,0,0,0,True,False,0
11378,7,0,0,7,7,0,0,0,True,False,0
11379,11,0,0,11,11,0,0,0,True,False,0
11380,12,0,0,12,12,0,0,0,True,False,0
11381,1,0,0,1,1,0,0,0,True,True,0
11382,1,0,0,1,1,0,0,0,True,True,0
11383,1,0,0,1,1,0,0,0,True,True,0
11384,1,0,0,1,1,0,0,0,True,True,0
11385,6,0,0,6,6,0,0,0,True,False,0
11386,6,0,0,6,6,0,0,0,True,False,0
11387,9,0,0,9,9,0,0,0,True,False,0
11388,5,0,0,5,5,0,0,0,True,False,0
11389,5,0,0,5,5,0,0,0,True,False,0
11390,7,0,0,7,7,0,0,0,True,False,0
11391,6,0,0,6,6,0,0,0,True,False,0
11392,8,0,0,8,8,0,0,0,True,False,0
11393,7,0,0,7,7,0,0,0,True,False,0
11394,5,5,5,5,5,0,0,0,True,False,0
11395,3,0,0,3,3,0,0,0,True,False,0
11396,6,0,0,6,6,0,0,0,True,False,0
11397,4,0,0,4,4,0,0,0,True,False,0
11398,0,75,0,0,0,0,0,0,True,False,0
11399,0,0,0,0,0,0,0,0,True,False,0
11400,60,0,0,60,60,0,0,0,True,False,0
11401,26,0,0,26,26,0,0,0,True,False,0
11402,49,0,0,49,49,0,0,0,True,False,0
11403,5,0,0,5,5,0,0,0,True,False,0
11404,5,0,0,5,5,0,0,0,True,False,0
11405,4,0,0,4,4,0,0,0,True,False,0
11406,7,0,0,7,7,0,0,0,True,False,0
11407,7,0,0,7,7,0,0,0,True,False,0
11408,4,0,0,4,4,0,0,0,True,False,0
11409,5,0,0,5,5,0,0,0,True,False,0
11410,4,0,0,4,4,0,0,0,True,False,0
11411,4,0,0,4,4,0,0,0,True,False,0
11412,4,0,0,4,4,0,0,0,True,False,0
11413,4,0,0,4,4,0,0,0,True,False,0
11414,5,0,0,5,5,0,0,0,True,False,0
11415,4,0,0,4,4,0,0,0,True,False,0
11416,4,0,0,4,4,0,0,0,True,False,0
11417,6,0,0,6,6,0,0,0,True,False,0
11418,4,0,0,4,4,0,0,0,True,False,0
11419,4,0,0,4,4,0,0,0,True,False,0
11420,4,0,0,4,4,0,0,0,True,False,0
11421,5,0,0,5,5,0,0,0,True,False,0
11422,5,0,0,5,5,0,0,0,True,False,0
11423,4,0,0,4,4,0,0,0,True,False,0
11424,6,0,0,6,6,0,0,0,True,False,0
11425,11,0,0,11,11,0,0,0,True,False,0
11426,10,0,0,10,10,0,0,0,True,False,0
11427,9,0,0,9,9,0,0,0,True,False,0
11428,7,0,0,7,7,0,0,0,True,False,0
11429,10,0,0,10,10,0,0,0,True,False,0
11430,9,0,0,9,9,0,0,0,True,False,0
11431,8,0,0,8,8,0,0,0,True,False,0
11432,3,0,0,3,3,0,0,0,True,False,0
11433,2,0,0,2,2,0,0,0,True,True,0
11434,8,0,0,8,8,0,0,0,True,False,0
11435,4,0,0,4,4,0,0,0,True,False,0
11436,3,0,0,3,3,0,0,0,True,False,0
11437,3,0,0,3,3,0,0,0,True,False,0
11438,7,0,0,7,7,0,0,0,True,False,0
11439,7,0,0,7,7,0,0,0,True,False,0
11440,8,0,0,8,8,0,0,0,True,False,0
11441,5,0,0,5,5,0,0,0,True,False,0
11442,9,0,0,9,9,0,0,0,True,False,0
11443,7,0,0,7,7,0,0,0,True,False,0
11444,10,0,0,10,10,0,0,0,True,False,0
11445,7,0,0,7,7,0,0,0,True,False,0
11446,5,0,0,5,5,0,0,0,True,False,0
11447,8,0,0,8,8,0,0,0,True,False,0
11448,1,0,0,1,1,0,0,0,True,True,0
11449,1,0,0,1,1,0,0,0,True,True,0
11450,4,0,0,4,4,0,0,0,False,False,0
11451,4,0,0,4,4,0,0,0,False,False,0
11452,6,0,0,6,6,0,0,0,False,False,0
11453,5,0,0,5,5,0,0,0,False,False,0
11454,5,0,0,5,5,0,0,0,False,False,0
11455,4,0,0,4,4,0,0,0,False,False,0
11456,5,0,0,5,5,0,0,0,False,False,0
11457,4,0,0,4,4,0,0,0,False,False,0
11458,5,0,0,5,5,0,0,0,False,False,0
11459,4,3,3,4,4,0,0,0,False,False,0
11460,3,0,0,3,3,0,0,0,False,False,0
11461,5,0,0,5,5,0,0,0,False,False,0
11462,4,0,0,4,4,0,0,0,False,False,0
11463,11,37,10,11,11,0,0,0,False,False,0
11464,200,0,0,200,200,0,0,0,False,False,0
11465,27,0,0,27,27,0,0,0,False,False,0
11466,16,0,0,16,16,0,0,0,False,False,0
11467,26,0,0,26,26,0,0,0,False,False,0
11468,6,0,0,6,6,0,0,0,False,False,0
11469,5,0,0,5,5,0,0,0,False,False,0
11470,4,0,0,4,4,0,0,0,False,False,0
11471,5,0,0,5,5,0,0,0,False,False,0
11472,4,0,0,4,4,0,0,0,False,False,0
11473,4,3,3,4,4,0,0,0,False,False,0
11474,4,3,3,4,4,0,0,0,False,False,0
11475,3,2,2,3,3,0,0,0,False,False,0
11476,4,3,3,4,4,0,0,0,False,False,0
11477,3,2,2,3,3,0,0,0,False,False,0
11478,3,2,2,3,3,0,0,0,False,False,0
11479,3,2,2,3,3,0,0,0,False,False,0
11480,3,2,2,3,3,0,0,0,False,False,0
11481,3,0,0,3,3,0,0,0,False,False,0
11482,3,0,0,3,3,0,0,0,False,False,0
11483,4,0,0,4,4,0,0,0,False,False,0
11484,3,0,0,3,3,0,0,0,False,False,0
11485,4,0,0,4,4,0,0,0,False,False,0
11486,5,0,0,5,5,0,0,0,False,False,0
11487,4,0,0,4,4,0,0,0,False,False,0
11488,5,0,0,5,5,0,0,0,False,False,0
11489,6,0,0,6,6,0,0,0,False,False,0
11490,7,0,0,7,7,0,0,0,False,False,0
11491,5,0,0,5,5,0,0,0,False,False,0
11492,5,0,0,5,5,0,0,0,False,False,0
11493,6,0,0,6,6,0,0,0,False,False,0
11494,6,0,0,6,6,0,0,0,False,False,0
11495,6,0,0,6,6,0,0,0,False,False,0
11496,5,0,0,5,5,0,0,0,False,False,0
11497,5,0,0,5,5,0,0,0,False,False,0
11498,3,0,0,3,3,0,0,0,False,False,0
11499,3,0,0,3,3,0,0,0,False,False,0
11500,5,0,0,5,5,0,0,0,False,False,0
11501,3,0,0,3,3,0,0,0,False,False,0
11502,3,0,0,3,3,0,0,0,False,False,0
11503,3,0,0,3,3,0,0,0,False,False,0
11504,3,0,0,3,3,0,0,0,False,False,0
11505,2,0,0,2,2,0,0,0,False,True,0
11506,7,0,0,7,7,0,0,0,False,False,0
11507,3,0,0,3,3,0,0,0,False,False,0
11508,5,0,0,5,5,0,0,0,False,False,0
11509,3,0,0,3,3,0,0,0,False,False,0
11510,3,0,0,3,3,0,0,0,False,False,0
11511,2,0,0,2,2,0,0,0,False,True,0
11512,7,0,0,7,7,0,0,0,False,False,0
11513,2,0,0,2,2,0,0,0,False,True,0
11514,2,0,0,2,2,0,0,0,False,True,0
11515,2,0,0,2,2,0,0,0,False,True,0
11516,2,0,0,2,2,0,0,0,False,True,0
11517,2,0,0,2,2,0,0,0,False,True,0
11518,2,0,0,2,2,0,0,0,False,True,0
11519,2,0,0,2,2,0,0,0,False,True,0
11520,2,0,0,2,2,0,0,0,False,True,0
11521,2,0,0,2,2,0,0,0,False,True,0
11522,2,0,0,2,2,0,0,0,False,True,0
11523,2,0,0,2,2,0,0,0,False,True,0
11524,2,0,0,2,2,0,0,0,False,True,0
11525,2,0,0,2,2,0,0,0,False,True,0
11526,2,0,0,2,2,0,0,0,False,True,0
11527,2,0,0,2,2,0,0,0,False,True,0
11528,2,0,0,2,2,0,0,0,False,True,0
11529,9,0,0,9,9,0,0,0,True,False,0
11530,11,0,0,11,11,0,0,0,True,False,0
11531,9,0,0,9,9,0,0,0,True,False,0
11532,10,0,0,10,10,0,0,0,True,False,0
11533,11,0,0,11,11,0,0,0,True,False,0
11534,10,0,0,10,10,0,0,0,True,False,0
11535,10,0,0,10,10,0,0,0,True,False,0
11536,10,0,0,10,10,0,0,0,True,False,0
11537,12,0,0,12,12,0,0,0,True,False,0
11538,7,7,7,7,7,0,0,0,True,False,0
11539,5,0,0,5,5,0,0,0,True,False,0
11540,12,0,0,12,12,0,0,0,True,False,0
11541,10,0,0,10,10,0,0,0,True,False,0
11542,0,119,0,0,0,0,0,0,True,False,0
11543,0,0,0,0,0,0,0,0,True,False,0
11544,94,0,0,94,94,0,0,0,True,False,0
11545,53,0,0,53,53,0,0,0,True,False,0
11546,80,0,0,80,80,0,0,0,True,False,0
11547,11,0,0,11,11,0,0,0,True,False,0
11548,11,0,0,11,11,0,0,0,True,False,0
11549,13,0,0,13,13,0,0,0,True,False,0
11550,12,0,0,12,12,0,0,0,True,False,0
11551,11,0,0,11,11,0,0,0,True,False,0
11552,8,1,1,8,8,0,0,0,True,False,0
11553,7,1,1,7,7,0,0,0,True,False,0
11554,7,1,1,7,7,0,0,0,True,False,0
11555,8,0,0,8,8,0,0,0,True,False,0
11556,8,1,1,8,8,0,0,0,True,False,0
11557,7,2,2,7,7,0,0,0,True,False,0
11558,8,1,1,8,8,0,0,0,True,False,0
11559,9,2,2,9,9,0,0,0,True,False,0
11560,8,0,0,8,8,0,0,0,True,False,0
11561,7,0,0,7,7,0,0,0,True,False,0
11562,5,0,0,5,5,0,0,0,True,False,0
11563,7,0,0,7,7,0,0,0,True,False,0
11564,5,0,0,5,5,0,0,0,True,False,0
11565,7,0,0,7,7,0,0,0,True,False,0
11566,8,0,0,8,8,0,0,0,True,False,0
11567,9,0,0,9,9,0,0,0,True,False,0
11568,14,0,0,14,14,0,0,0,True,False,0
11569,13,0,0,13,13,0,0,0,True,False,0
11570,13,0,0,13,13,0,0,0,True,False,0
11571,14,0,0,14,14,0,0,0,True,False,0
11572,14,0,0,14,14,0,0,0,True,False,0
11573,15,0,0,15,15,0,0,0,True,False,0
11574,13,0,0,13,13,0,0,0,True,False,0
11575,14,0,0,14,14,0,0,0,True,False,0
11576,12,0,0,12,12,0,0,0,True,False,0
11577,4,0,0,4,4,0,0,0,True,False,0
11578,4,0,0,4,4,0,0,0,True,False,0
11579,12,0,0,12,12,0,0,0,True,False,0
11580,4,0,0,4,4,0,0,0,True,False,0
11581,6,0,0,6,6,0,0,0,True,False,0
11582,4,0,0,4,4,0,0,0,True,False,0
11583,6,0,0,6,6,0,0,0,True,False,0
11584,7,0,0,7,7,0,0,0,True,False,0
11585,7,0,0,7,7,0,0,0,True,False,0
11586,7,0,0,7,7,0,0,0,True,False,0
11587,11,0,0,11,11,0,0,0,True,False,0
11588,9,0,0,9,9,0,0,0,True,False,0
11589,13,0,0,13,13,0,0,0,True,False,0
11590,7,0,0,7,7,0,0,0,True,False,0
11591,9,0,0,9,9,0,0,0,True,False,0
11592,10,0,0,10,10,0,0,0,True,False,0
11593,10,0,0,10,10,0,0,0,True,False,0
11594,12,0,0,12,12,0,0,0,True,False,0
11595,11,0,0,11,11,0,0,0,True,False,0
11596,11,0,0,11,11,0,0,0,True,False,0
11597,10,0,0,10,10,0,0,0,True,False,0
11598,11,0,0,11,11,0,0,0,True,False,0
11599,12,0,0,12,12,0,0,0,True,False,0
11600,12,0,0,12,12,0,0,0,True,False,0
11601,8,8,8,8,8,0,0,0,True,False,0
11602,5,0,0,5,5,0,0,0,True,False,0
11603,9,0,0,9,9,0,0,0,True,False,0
11604,10,0,0,10,10,0,0,0,True,False,0
11605,0,120,0,0,0,0,0,0,True,False,0
11606,0,0,0,0,0,0,0,0,True,False,0
11607,93,0,0,93,93,0,0,0,True,False,0
11608,49,0,0,49,49,0,0,0,True,False,0
11609,75,0,0,75,75,0,0,0,True,False,0
11610,10,0,0,10,10,0,0,0,True,False,0
11611,11,0,0,11,11,0,0,0,True,False,0
11612,8,0,0,8,8,0,0,0,True,False,0
11613,9,0,0,9,9,0,0,0,True,False,0
11614,11,0,0,11,11,0,0,0,True,False,0
11615,7,0,0,7,7,0,0,0,True,False,0
11616,7,0,0,7,7,0,0,0,True,False,0
11617,7,0,0,7,7,0,0,0,True,False,0
11618,8,0,0,8,8,0,0,0,True,False,0
11619,7,0,0,7,7,0,0,0,True,False,0
11620,8,0,0,8,8,0,0,0,True,False,0
11621,6,0,0,6,6,0,0,0,True,False,0
11622,7,0,0,7,7,0,0,0,True,False,0
11623,7,0,0,7,7,0,0,0,True,False,0
11624,6,0,0,6,6,0,0,0,True,False,0
11625,6,0,0,6,6,0,0,0,True,False,0
11626,8,0,0,8,8,0,0,0,True,False,0
11627,6,0,0,6,6,0,0,0,True,False,0
11628,8,0,0,8,8,0,0,0,True,False,0
11629,6,0,0,6,6,0,0,0,True,False,0
11630,5,0,0,5,5,0,0,0,True,False,0
11631,13,0,0,13,13,0,0,0,True,False,0
11632,16,0,0,16,16,0,0,0,True,False,0
11633,14,0,0,14,14,0,0,0,True,False,0
11634,15,0,0,15,15,0,0,0,True,False,0
11635,15,0,0,15,15,0,0,0,True,False,0
11636,14,0,0,14,14,0,0,0,True,False,0
11637,12,0,0,12,12,0,0,0,True,False,0
11638,13,0,0,13,13,0,0,0,True,False,0
11639,12,0,0,12,12,0,0,0,True,False,0
11640,4,0,0,4,4,0,0,0,True,False,0
11641,4,0,0,4,4,0,0,0,True,False,0
11642,12,0,0,12,12,0,0,0,True,False,0
11643,4,0,0,4,4,0,0,0,True,False,0
11644,6,0,0,6,6,0,0,0,True,False,0
11645,4,0,0,4,4,0,0,0,True,False,0
11646,6,0,0,6,6,0,0,0,True,False,0
11647,13,0,0,13,13,0,0,0,True,False,0
11648,15,0,0,15,15,0,0,0,True,False,0
11649,6,0,0,6,6,0,0,0,True,False,0
11650,9,0,0,9,9,0,0,0,True,False,0
11651,5,0,0,5,5,0,0,0,True,False,0
11652,11,0,0,11,11,0,0,0,True,False,0
11653,18,0,0,18,18,0,0,0,True,False,0
11654,13,0,0,13,13,0,0,0,True,False,0
11655,10,0,0,10,10,0,0,0,True,False,0
11656,10,0,0,10,10,0,0,0,True,False,0
11657,11,0,0,11,11,0,0,0,True,False,0
11658,11,0,0,11,11,0,0,0,True,False,0
11659,11,0,0,11,11,0,0,0,True,False,0
11660,11,0,0,11,11,0,0,0,True,False,0
11661,9,0,0,9,9,0,0,0,True,False,0
11662,10,0,0,10,10,0,0,0,True,False,0
11663,10,0,0,10,10,0,0,0,True,False,0
11664,7,7,7,7,7,0,0,0,True,False,0
11665,5,0,0,5,5,0,0,0,True,False,0
11666,12,0,0,12,12,0,0,0,True,False,0
11667,9,0,0,9,9,0,0,0,True,False,0
11668,0,115,0,0,0,0,0,0,True,False,0
11669,0,0,0,0,0,0,0,0,True,False,0
11670,99,0,0,99,99,0,0,0,True,False,0
11671,46,0,0,46,46,0,0,0,True,False,0
11672,76,0,0,76,76,0,0,0,True,False,0
11673,12,0,0,12,12,0,0,0,True,False,0
11674,11,0,0,11,11,0,0,0,True,False,0
11675,12,0,0,12,12,0,0,0,True,False,0
11676,11,0,0,11,11,0,0,0,True,False,0
11677,9,0,0,9,9,0,0,0,True,False,0
11678,7,0,0,7,7,0,0,0,True,False,0
11679,7,0,0,7,7,0,0,0,True,False,0
11680,8,0,0,8,8,0,0,0,True,False,0
11681,8,0,0,8,8,0,0,0,True,False,0
11682,8,0,0,8,8,0,0,0,True,False,0
11683,7,0,0,7,7,0,0,0,True,False,0
11684,7,0,0,7,7,0,0,0,True,False,0
11685,6,0,0,6,6,0,0,0,True,False,0
11686,6,0,0,6,6,0,0,0,True,False,0
11687,7,0,0,7,7,0,0,0,True,False,0
11688,7,0,0,7,7,0,0,0,True,False,0
11689,9,0,0,9,9,0,0,0,True,False,0
11690,8,0,0,8,8,0,0,0,True,False,0
11691,5,0,0,5,5,0,0,0,True,False,0
11692,9,0,0,9,9,0,0,0,True,False,0
11693,7,0,0,7,7,0,0,0,True,False,0
11694,13,0,0,13,13,0,0,0,True,False,0
11695,12,0,0,12,12,0,0,0,True,False,0
11696,12,0,0,12,12,0,0,0,True,False,0
11697,15,0,0,15,15,0,0,0,True,False,0
11698,14,0,0,14,14,0,0,0,True,False,0
11699,11,0,0,11,11,0,0,0,True,False,0
11700,11,0,0,11,11,0,0,0,True,False,0
11701,14,0,0,14,14,0,0,0,True,False,0
11702,12,0,0,12,12,0,0,0,True,False,0
11703,4,0,0,4,4,0,0,0,True,False,0
11704,4,0,0,4,4,0,0,0,True,False,0
11705,12,0,0,12,12,0,0,0,True,False,0
11706,4,0,0,4,4,0,0,0,True,False,0
11707,6,0,0,6,6,0,0,0,True,False,0
11708,4,0,0,4,4,0,0,0,True,False,0
11709,6,0,0,6,6,0,0,0,True,False,0
11710,8,0,0,8,8,0,0,0,True,False,0
11711,8,0,0,8,8,0,0,0,True,False,0
11712,7,0,0,7,7,0,0,0,True,False,0
11713,14,0,0,14,14,0,0,0,True,False,0
11714,10,0,0,10,10,0,0,0,True,False,0
11715,6,0,0,6,6,0,0,0,True,False,0
11716,7,0,0,7,7,0,0,0,True,False,0
11717,9,0,0,9,9,0,0,0,True,False,0
11718,11,0,0,11,11,0,0,0,True,False,0
11719,10,0,0,10,10,0,0,0,True,False,0
11720,9,0,0,9,9,0,0,0,True,False,0
11721,11,0,0,11,11,0,0,0,True,False,0
11722,8,0,0,8,8,0,0,0,True,False,0
11723,12,0,0,12,12,0,0,0,True,False,0
11724,11,0,0,11,11,0,0,0,True,False,0
11725,10,0,0,10,10,0,0,0,True,False,0
11726,11,1,1,11,11,0,0,0,True,False,0
11727,8,8,8,8,8,0,0,0,True,False,0
11728,5,0,0,5,5,0,0,0,True,False,0
11729,13,1,1,13,13,0,0,0,True,False,0
11730,12,1,1,12,12,0,0,0,True,False,0
11731,0,116,0,0,0,0,0,0,True,False,0
11732,0,0,0,0,0,0,0,0,True,False,0
11733,88,0,0,88,88,0,0,0,True,False,0
11734,48,0,0,48,48,0,0,0,True,False,0
11735,77,0,0,77,77,0,0,0,True,False,0
11736,10,1,1,10,10,0,0,0,True,False,0
11737,11,1,1,11,11,0,0,0,True,False,0
11738,11,1,1,11,11,0,0,0,True,False,0
11739,11,1,1,11,11,0,0,0,True,False,0
11740,10,1,1,10,10,0,0,0,True,False,0
11741,8,0,0,8,8,0,0,0,True,False,0
11742,8,0,0,8,8,0,0,0,True,False,0
11743,7,0,0,7,7,0,0,0,True,False,0
11744,9,0,0,9,9,0,0,0,True,False,0
11745,7,0,0,7,7,0,0,0,True,False,0
11746,6,0,0,6,6,0,0,0,True,False,0
11747,8,0,0,8,8,0,0,0,True,False,0
11748,7,0,0,7,7,0,0,0,True,False,0
11749,5,0,0,5,5,0,0,0,True,False,0
11750,7,0,0,7,7,0,0,0,True,False,0
11751,9,0,0,9,9,0,0,0,True,False,0
11752,6,0,0,6,6,0,0,0,True,False,0
11753,6,0,0,6,6,0,0,0,True,False,0
11754,8,0,0,8,8,0,0,0,True,False,0
11755,7,0,0,7,7,0,0,0,True,False,0
11756,7,0,0,7,7,0,0,0,True,False,0
11757,14,0,0,14,14,0,0,0,True,False,0
11758,13,0,0,13,13,0,0,0,True,False,0
11759,14,0,0,14,14,0,0,0,True,False,0
11760,12,0,0,12,12,0,0,0,True,False,0
11761,11,0,0,11,11,0,0,0,True,False,0
11762,12,0,0,12,12,0,0,0,True,False,0
11763,13,0,0,13,13,0,0,0,True,False,0
11764,15,0,0,15,15,0,0,0,True,False,0
11765,12,0,0,12,12,0,0,0,True,False,0
11766,4,0,0,4,4,0,0,0,True,False,0
11767,4,0,0,4,4,0,0,0,True,False,0
11768,12,0,0,12,12,0,0,0,True,False,0
11769,4,0,0,4,4,0,0,0,True,False,0
11770,6,0,0,6,6,0,0,0,True,False,0
11771,4,0,0,4,4,0,0,0,True,False,0
11772,6,0,0,6,6,0,0,0,True,False,0
11773,11,0,0,11,11,0,0,0,True,False,0
11774,14,0,0,14,14,0,0,0,True,False,0
11775,4,0,0,4,4,0,0,0,True,False,0
11776,3,0,0,3,3,0,0,0,True,False,0
11777,10,0,0,10,10,0,0,0,True,False,0
11778,8,0,0,8,8,0,0,0,True,False,0
11779,11,0,0,11,11,0,0,0,True,False,0
11780,9,0,0,9,9,0,0,0,True,False,0
11781,12,0,0,12,12,0,0,0,True,False,0
11782,11,0,0,11,11,0,0,0,True,False,0
11783,11,0,0,11,11,0,0,0,True,False,0
11784,10,0,0,10,10,0,0,0,True,False,0
11785,10,0,0,10,10,0,0,0,True,False,0
11786,11,0,0,11,11,0,0,0,True,False,0
11787,9,0,0,9,9,0,0,0,True,False,0
11788,9,0,0,9,9,0,0,0,True,False,0
11789,9,0,0,9,9,0,0,0,True,False,0
11790,7,7,7,7,7,0,0,0,True,False,0
11791,5,0,0,5,5,0,0,0,True,False,0
11792,7,0,0,7,7,0,0,0,True,False,0
11793,10,0,0,10,10,0,0,0,True,False,0
11794,10,119,10,10,10,0,0,0,True,False,0
11795,159,0,0,159,159,0,0,0,True,False,0
11796,99,0,0,99,99,0,0,0,True,False,0
11797,51,0,0,51,51,0,0,0,True,False,0
11798,76,0,0,76,76,0,0,0,True,False,0
11799,8,0,0,8,8,0,0,0,True,False,0
11800,9,0,0,9,9,0,0,0,True,False,0
11801,8,0,0,8,8,0,0,0,True,False,0
11802,8,0,0,8,8,0,0,0,True,False,0
11803,8,0,0,8,8,0,0,0,True,False,0
11804,7,0,0,7,7,0,0,0,True,False,0
11805,8,0,0,8,8,0,0,0,True,False,0
11806,7,0,0,7,7,0,0,0,True,False,0
11807,7,0,0,7,7,0,0,0,True,False,0
11808,7,0,0,7,7,0,0,0,True,False,0
11809,7,0,0,7,7,0,0,0,True,False,0
11810,7,0,0,7,7,0,0,0,True,False,0
11811,9,0,0,9,9,0,0,0,True,False,0
11812,6,0,0,6,6,0,0,0,True,False,0
11813,8,0,0,8,8,0,0,0,True,False,0
11814,6,0,0,6,6,0,0,0,True,False,0
11815,6,0,0,6,6,0,0,0,True,False,0
11816,6,0,0,6,6,0,0,0,True,False,0
11817,9,0,0,9,9,0,0,0,True,False,0
11818,6,0,0,6,6,0,0,0,True,False,0
11819,6,0,0,6,6,0,0,0,True,False,0
11820,15,0,0,15,15,0,0,0,True,False,0
11821,14,0,0,14,14,0,0,0,True,False,0
11822,14,0,0,14,14,0,0,0,True,False,0
11823,15,0,0,15,15,0,0,0,True,False,0
11824,13,0,0,13,13,0,0,0,True,False,0
11825,12,0,0,12,12,0,0,0,True,False,0
11826,12,0,0,12,12,0,0,0,True,False,0
11827,13,0,0,13,13,0,0,0,True,False,0
11828,12,0,0,12,12,0,0,0,True,False,0
11829,4,0,0,4,4,0,0,0,True,False,0
11830,4,0,0,4,4,0,0,0,True,False,0
11831,12,0,0,12,12,0,0,0,True,False,0
11832,4,0,0,4,4,0,0,0,True,False,0
11833,6,0,0,6,6,0,0,0,True,False,0
11834,4,0,0,4,4,0,0,0,True,False,0
11835,6,0,0,6,6,0,0,0,True,False,0
11836,9,0,0,9,9,0,0,0,True,False,0
11837,13,0,0,13,13,0,0,0,True,False,0
11838,9,0,0,9,9,0,0,0,True,False,0
11839,13,0,0,13,13,0,0,0,True,False,0
11840,12,0,0,12,12,0,0,0,True,False,0
11841,9,0,0,9,9,0,0,0,True,False,0
11842,10,0,0,10,10,0,0,0,True,False,0
11843,15,0,0,15,15,0,0,0,True,False,0
11844,9,0,0,9,9,0,0,0,True,False,0
11845,10,0,0,10,10,0,0,0,True,False,0
11846,12,0,0,12,12,0,0,0,True,False,0
11847,11,0,0,11,11,0,0,0,True,False,0
11848,9,0,0,9,9,0,0,0,True,False,0
11849,11,0,0,11,11,0,0,0,True,False,0
11850,11,0,0,11,11,0,0,0,True,False,0
11851,10,0,0,10,10,0,0,0,True,False,0
11852,8,0,0,8,8,0,0,0,True,False,0
11853,8,8,8,8,8,0,0,0,True,False,0
11854,5,0,0,5,5,0,0,0,True,False,0
11855,8,0,0,8,8,0,0,0,True,False,0
11856,9,0,0,9,9,0,0,0,True,False,0
11857,0,118,0,0,0,0,0,0,True,False,0
11858,41,0,0,41,41,0,0,0,True,False,0
11859,87,0,0,87,87,0,0,0,True,False,0
11860,47,0,0,47,47,0,0,0,True,False,0
11861,76,0,0,76,76,0,0,0,True,False,0
11862,8,0,0,8,8,0,0,0,True,False,0
11863,9,0,0,9,9,0,0,0,True,False,0
11864,10,0,0,10,10,0,0,0,True,False,0
11865,8,0,0,8,8,0,0,0,True,False,0
11866,9,0,0,9,9,0,0,0,True,False,0
11867,8,0,0,8,8,0,0,0,True,False,0
11868,7,0,0,7,7,0,0,0,True,False,0
11869,8,0,0,8,8,0,0,0,True,False,0
11870,6,0,0,6,6,0,0,0,True,False,0
11871,8,0,0,8,8,0,0,0,True,False,0
11872,8,0,0,8,8,0,0,0,True,False,0
11873,7,0,0,7,7,0,0,0,True,False,0
11874,7,0,0,7,7,0,0,0,True,False,0
11875,11,0,0,11,11,0,0,0,True,False,0
11876,6,0,0,6,6,0,0,0,True,False,0
11877,7,0,0,7,7,0,0,0,True,False,0
11878,6,0,0,6,6,0,0,0,True,False,0
11879,8,0,0,8,8,0,0,0,True,False,0
11880,7,0,0,7,7,0,0,0,True,False,0
11881,5,0,0,5,5,0,0,0,True,False,0
11882,6,0,0,6,6,0,0,0,True,False,0
11883,14,0,0,14,14,0,0,0,True,False,0
11884,14,0,0,14,14,0,0,0,True,False,0
11885,12,0,0,12,12,0,0,0,True,False,0
11886,12,0,0,12,12,0,0,0,True,False,0
11887,12,0,0,12,12,0,0,0,True,False,0
11888,12,0,0,12,12,0,0,0,True,False,0
11889,14,0,0,14,14,0,0,0,True,False,0
11890,14,0,0,14,14,0,0,0,True,False,0
11891,12,0,0,12,12,0,0,0,True,False,0
11892,4,0,0,4,4,0,0,0,True,False,0
11893,4,0,0,4,4,0,0,0,True,False,0
11894,12,0,0,12,12,0,0,0,True,False,0
11895,4,0,0,4,4,0,0,0,True,False,0
11896,6,0,0,6,6,0,0,0,True,False,0
11897,4,0,0,4,4,0,0,0,True,False,0
11898,6,0,0,6,6,0,0,0,True,False,0
11899,8,0,0,8,8,0,0,0,True,False,0
11900,13,0,0,13,13,0,0,0,True,False,0
11901,13,0,0,13,13,0,0,0,True,False,0
11902,7,0,0,7,7,0,0,0,True,False,0
11903,7,0,0,7,7,0,0,0,True,False,0
11904,10,0,0,10,10,0,0,0,True,False,0
11905,8,0,0,8,8,0,0,0,True,False,0
11906,6,0,0,6,6,0,0,0,True,False,0
11907,9,0,0,9,9,0,0,0,True,False,0
11908,12,0,0,12,12,0,0,0,True,False,0
11909,9,0,0,9,9,0,0,0,True,False,0
11910,11,0,0,11,11,0,0,0,True,False,0
11911,10,0,0,10,10,0,0,0,True,False,0
11912,11,0,0,11,11,0,0,0,True,False,0
11913,8,0,0,8,8,0,0,0,True,False,0
11914,13,0,0,13,13,0,0,0,True,False,0
11915,10,0,0,10,10,0,0,0,True,False,0
11916,7,7,7,7,7,0,0,0,True,False,0
11917,5,0,0,5,5,0,0,0,True,False,0
11918,9,0,0,9,9,0,0,0,True,False,0
11919,9,0,0,9,9,0,0,0,True,False,0
11920,0,118,0,0,0,0,0,0,True,False,0
11921,0,0,0,0,0,0,0,0,True,False,0
11922,92,0,0,92,92,0,0,0,True,False,0
11923,48,0,0,48,48,0,0,0,True,False,0
11924,72,0,0,72,72,0,0,0,True,False,0
11925,8,0,0,8,8,0,0,0,True,False,0
11926,11,0,0,11,11,0,0,0,True,False,0
11927,8,0,0,8,8,0,0,0,True,False,0
11928,8,0,0,8,8,0,0,0,True,False,0
11929,10,0,0,10,10,0,0,0,True,False,0
11930,6,0,0,6,6,0,0,0,True,False,0
11931,7,0,0,7,7,0,0,0,True,False,0
11932,7,0,0,7,7,0,0,0,True,False,0
11933,7,0,0,7,7,0,0,0,True,False,0
11934,7,0,0,7,7,0,0,0,True,False,0
11935,9,0,0,9,9,0,0,0,True,False,0
11936,9,0,0,9,9,0,0,0,True,False,0
11937,7,0,0,7,7,0,0,0,True,False,0
11938,7,0,0,7,7,0,0,0,True,False,0
11939,6,0,0,6,6,0,0,0,True,False,0
11940,6,0,0,6,6,0,0,0,True,False,0
11941,8,0,0,8,8,0,0,0,True,False,0
11942,7,0,0,7,7,0,0,0,True,False,0
11943,7,0,0,7,7,0,0,0,True,False,0
11944,7,0,0,7,7,0,0,0,True,False,0
11945,6,0,0,6,6,0,0,0,True,False,0
11946,12,0,0,12,12,0,0,0,True,False,0
11947,13,0,0,13,13,0,0,0,True,False,0
11948,13,0,0,13,13,0,0,0,True,False,0
11949,14,0,0,14,14,0,0,0,True,False,0
11950,14,0,0,14,14,0,0,0,True,False,0
11951,16,0,0,16,16,0,0,0,True,False,0
11952,13,0,0,13,13,0,0,0,True,False,0
11953,13,0,0,13,13,0,0,0,True,False,0
11954,12,0,0,12,12,0,0,0,True,False,0
11955,4,0,0,4,4,0,0,0,True,False,0
11956,4,0,0,4,4,0,0,0,True,False,0
11957,12,0,0,12,12,0,0,0,True,False,0
11958,4,0,0,4,4,0,0,0,True,False,0
11959,6,0,0,6,6,0,0,0,True,False,0
11960,4,0,0,4,4,0,0,0,True,False,0
11961,6,0,0,6,6,0,0,0,True,False,0
11962,13,0,0,13,13,0,0,0,True,False,0
11963,10,0,0,10,10,0,0,0,True,False,0
11964,11,0,0,11,11,0,0,0,True,False,0
11965,12,0,0,12,12,0,0,0,True,False,0
11966,15,0,0,15,15,0,0,0,True,False,0
11967,6,0,0,6,6,0,0,0,True,False,0
11968,14,0,0,14,14,0,0,0,True,False,0
11969,10,0,0,10,10,0,0,0,True,False,0
11970,10,0,0,10,10,0,0,0,True,False,0
11971,11,0,0,11,11,0,0,0,True,False,0
11972,12,0,0,12,12,0,0,0,True,False,0
11973,10,0,0,10,10,0,0,0,True,False,0
11974,11,0,0,11,11,0,0,0,True,False,0
11975,11,0,0,11,11,0,0,0,True,False,0
11976,12,0,0,12,12,0,0,0,True,False,0
11977,12,0,0,12,12,0,0,0,True,False,0
11978,9,0,0,9,9,0,0,0,True,False,0
11979,8,8,8,8,8,0,0,0,True,False,0
11980,5,0,0,5,5,0,0,0,True,False,0
11981,10,0,0,10,10,0,0,0,True,False,0
11982,9,0,0,9,9,0,0,0,True,False,0
11983,0,123,0,0,0,0,0,0,True,False,0
11984,0,0,0,0,0,0,0,0,True,False,0
11985,88,0,0,88,88,0,0,0,True,False,0
11986,45,0,0,45,45,0,0,0,True,False,0
11987,77,0,0,77,77,0,0,0,True,False,0
11988,8,0,0,8,8,0,0,0,True,False,0
11989,7,0,0,7,7,0,0,0,True,False,0
11990,10,0,0,10,10,0,0,0,True,False,0
11991,10,0,0,10,10,0,0,0,True,False,0
11992,9,0,0,9,9,0,0,0,True,False,0
11993,7,0,0,7,7,0,0,0,True,False,0
11994,8,0,0,8,8,0,0,0,True,False,0
11995,7,0,0,7,7,0,0,0,True,False,0
11996,7,0,0,7,7,0,0,0,True,False,0
11997,8,0,0,8,8,0,0,0,True,False,0
11998,8,0,0,8,8,0,0,0,True,False,0
11999,9,0,0,9,9,0,0,0,True,False,0
12000,7,0,0,7,7,0,0,0,True,False,0
12001,7,0,0,7,7,0,0,0,True,False,0
12002,6,0,0,6,6,0,0,0,True,False,0
12003,6,0,0,6,6,0,0,0,True,False,0
12004,6,0,0,6,6,0,0,0,True,False,0
12005,6,0,0,6,6,0,0,0,True,False,0
12006,7,0,0,7,7,0,0,0,True,False,0
12007,8,0,0,8,8,0,0,0,True,False,0
12008,6,0,0,6,6,0,0,0,True,False,0
12009,12,0,0,12,12,0,0,0,True,False,0
12010,11,0,0,11,11,0,0,0,True,False,0
12011,14,0,0,14,14,0,0,0,True,False,0
12012,12,0,0,12,12,0,0,0,True,False,0
12013,13,0,0,13,13,0,0,0,True,False,0
12014,12,0,0,12,12,0,0,0,True,False,0
12015,14,0,0,14,14,0,0,0,True,False,0
12016,13,0,0,13,13,0,0,0,True,False,0
12017,12,0,0,12,12,0,0,0,True,False,0
12018,4,0,0,4,4,0,0,0,True,False,0
12019,4,0,0,4,4,0,0,0,True,False,0
12020,12,0,0,12,12,0,0,0,True,False,0
12021,4,0,0,4,4,0,0,0,True,False,0
12022,6,0,0,6,6,0,0,0,True,False,0
12023,4,0,0,4,4,0,0,0,True,False,0
12024,6,0,0,6,6,0,0,0,True,False,0
12025,7,0,0,7,7,0,0,0,True,False,0
12026,8,0,0,8,8,0,0,0,True,False,0
12027,7,0,0,7,7,0,0,0,True,False,0
12028,3,0,0,3,3,0,0,0,True,False,0
12029,13,0,0,13,13,0,0,0,True,False,0
12030,8,0,0,8,8,0,0,0,True,False,0
12031,11,0,0,11,11,0,0,0,True,False,0
12032,10,0,0,10,10,0,0,0,True,False,0
12033,1,0,0,1,1,0,0,0,True,True,0
12034,1,0,0,1,1,0,0,0,True,True,0
12035,1,0,0,1,1,0,0,0,True,True,0
12036,1,0,0,1,1,0,0,0,True,True,0
12037,11,0,0,11,11,0,0,0,True,False,0
12038,9,0,0,9,9,0,0,0,True,False,0
12039,9,0,0,9,9,0,0,0,True,False,0
12040,10,0,0,10,10,0,0,0,True,False,0
12041,10,0,0,10,10,0,0,0,True,False,0
12042,10,0,0,10,10,0,0,0,True,False,0
12043,10,0,0,10,10,0,0,0,True,False,0
12044,9,0,0,9,9,0,0,0,True,False,0
12045,8,0,0,8,8,0,0,0,True,False,0
12046,7,7,7,7,7,0,0,0,True,False,0
12047,5,0,0,5,5,0,0,0,True,False,0
12048,10,0,0,10,10,0,0,0,True,False,0
12049,8,0,0,8,8,0,0,0,True,False,0
12050,0,122,0,0,0,0,0,0,True,False,0
12051,0,0,0,0,0,0,0,0,True,False,0
12052,90,0,0,90,90,0,0,0,True,False,0
12053,51,0,0,51,51,0,0,0,True,False,0
12054,77,0,0,77,77,0,0,0,True,False,0
12055,9,0,0,9,9,0,0,0,True,False,0
12056,7,0,0,7,7,0,0,0,True,False,0
12057,9,0,0,9,9,0,0,0,True,False,0
12058,8,0,0,8,8,0,0,0,True,False,0
12059,7,0,0,7,7,0,0,0,True,False,0
12060,8,0,0,8,8,0,0,0,True,False,0
12061,8,0,0,8,8,0,0,0,True,False,0
12062,7,0,0,7,7,0,0,0,True,False,0
12063,7,0,0,7,7,0,0,0,True,False,0
12064,7,0,0,7,7,0,0,0,True,False,0
12065,7,0,0,7,7,0,0,0,True,False,0
12066,9,0,0,9,9,0,0,0,True,False,0
12067,9,0,0,9,9,0,0,0,True,False,0
12068,6,0,0,6,6,0,0,0,True,False,0
12069,8,0,0,8,8,0,0,0,True,False,0
12070,7,0,0,7,7,0,0,0,True,False,0
12071,7,0,0,7,7,0,0,0,True,False,0
12072,9,0,0,9,9,0,0,0,True,False,0
12073,6,0,0,6,6,0,0,0,True,False,0
12074,6,0,0,6,6,0,0,0,True,False,0
12075,6,0,0,6,6,0,0,0,True,False,0
12076,15,0,0,15,15,0,0,0,True,False,0
12077,13,0,0,13,13,0,0,0,True,False,0
12078,14,0,0,14,14,0,0,0,True,False,0
12079,11,0,0,11,11,0,0,0,True,False,0
12080,13,0,0,13,13,0,0,0,True,False,0
12081,13,0,0,13,13,0,0,0,True,False,0
12082,13,0,0,13,13,0,0,0,True,False,0
12083,15,0,0,15,15,0,0,0,True,False,0
12084,12,0,0,12,12,0,0,0,True,False,0
12085,4,0,0,4,4,0,0,0,True,False,0
12086,4,0,0,4,4,0,0,0,True,False,0
12087,12,0,0,12,12,0,0,0,True,False,0
12088,4,0,0,4,4,0,0,0,True,False,0
12089,6,0,0,6,6,0,0,0,True,False,0
12090,4,0,0,4,4,0,0,0,True,False,0
12091,6,0,0,6,6,0,0,0,True,False,0
12092,4,0,0,4,4,0,0,0,True,False,0
12093,6,0,0,6,6,0,0,0,True,False,0
12094,8,0,0,8,8,0,0,0,True,False,0
12095,9,0,0,9,9,0,0,0,True,False,0
12096,9,0,0,9,9,0,0,0,True,False,0
12097,11,0,0,11,11,0,0,0,True,False,0
12098,9,0,0,9,9,0,0,0,True,False,0
12099,10,0,0,10,10,0,0,0,True,False,0
12100,1,0,0,1,1,0,0,0,True,True,0
12101,1,0,0,1,1,0,0,0,True,True,0
12102,1,0,0,1,1,0,0,0,True,True,0
12103,8,0,0,8,8,0,0,0,True,False,0
12104,7,0,0,7,7,0,0,0,True,False,0
12105,8,0,0,8,8,0,0,0,True,False,0
12106,7,0,0,7,7,0,0,0,True,False,0
12107,8,0,0,8,8,0,0,0,True,False,0
12108,8,0,0,8,8,0,0,0,True,False,0
12109,7,0,0,7,7,0,0,0,True,False,0
12110,8,0,0,8,8,0,0,0,True,False,0
12111,7,0,0,7,7,0,0,0,True,False,0
12112,6,6,6,6,6,0,0,0,True,False,0
12113,3,0,0,3,3,0,0,0,True,False,0
12114,5,0,0,5,5,0,0,0,True,False,0
12115,5,0,0,5,5,0,0,0,True,False,0
12116,0,82,0,0,0,0,0,0,True,False,0
12117,0,0,0,0,0,0,0,0,True,False,0
12118,62,0,0,62,62,0,0,0,True,False,0
12119,34,0,0,34,34,0,0,0,True,False,0
12120,54,0,0,54,54,0,0,0,True,False,0
12121,6,0,0,6,6,0,0,0,True,False,0
12122,6,0,0,6,6,0,0,0,True,False,0
12123,7,0,0,7,7,0,0,0,True,False,0
12124,7,0,0,7,7,0,0,0,True,False,0
12125,6,0,0,6,6,0,0,0,True,False,0
12126,6,0,0,6,6,0,0,0,True,False,0
12127,5,0,0,5,5,0,0,0,True,False,0
12128,4,0,0,4,4,0,0,0,True,False,0
12129,5,0,0,5,5,0,0,0,True,False,0
12130,6,0,0,6,6,0,0,0,True,False,0
12131,5,0,0,5,5,0,0,0,True,False,0
12132,4,0,0,4,4,0,0,0,True,False,0
12133,5,0,0,5,5,0,0,0,True,False,0
12134,7,0,0,7,7,0,0,0,True,False,0
12135,4,0,0,4,4,0,0,0,True,False,0
12136,6,0,0,6,6,0,0,0,True,False,0
12137,4,0,0,4,4,0,0,0,True,False,0
12138,4,0,0,4,4,0,0,0,True,False,0
12139,5,0,0,5,5,0,0,0,True,False,0
12140,5,0,0,5,5,0,0,0,True,False,0
12141,5,0,0,5,5,0,0,0,True,False,0
12142,9,0,0,9,9,0,0,0,True,False,0
12143,10,0,0,10,10,0,0,0,True,False,0
12144,10,0,0,10,10,0,0,0,True,False,0
12145,8,0,0,8,8,0,0,0,True,False,0
12146,10,0,0,10,10,0,0,0,True,False,0
12147,9,0,0,9,9,0,0,0,True,False,0
12148,11,0,0,11,11,0,0,0,True,False,0
12149,9,0,0,9,9,0,0,0,True,False,0
12150,8,0,0,8,8,0,0,0,True,False,0
12151,3,0,0,3,3,0,0,0,True,False,0
12152,2,0,0,2,2,0,0,0,True,True,0
12153,9,0,0,9,9,0,0,0,True,False,0
12154,2,0,0,2,2,0,0,0,True,True,0
12155,5,0,0,5,5,0,0,0,True,False,0
12156,3,0,0,3,3,0,0,0,True,False,0
12157,4,0,0,4,4,0,0,0,True,False,0
12158,12,0,0,12,12,0,0,0,True,False,0
12159,7,0,0,7,7,0,0,0,True,False,0
12160,12,0,0,12,12,0,0,0,True,False,0
12161,4,0,0,4,4,0,0,0,True,False,0
12162,9,0,0,9,9,0,0,0,True,False,0
12163,8,0,0,8,8,0,0,0,True,False,0
12164,12,0,0,12,12,0,0,0,True,False,0
12165,9,0,0,9,9,0,0,0,True,False,0
12166,1,0,0,1,1,0,0,0,True,True,0
12167,3,0,0,3,3,0,0,0,False,False,0
12168,3,0,0,3,3,0,0,0,False,False,0
12169,3,0,0,3,3,0,0,0,False,False,0
12170,3,0,0,3,3,0,0,0,False,False,0
12171,3,0,0,3,3,0,0,0,False,False,0
12172,3,0,0,3,3,0,0,0,False,False,0
12173,3,0,0,3,3,0,0,0,False,False,0
12174,5,0,0,5,5,0,0,0,False,False,0
12175,4,0,0,4,4,0,0,0,False,False,0
12176,3,2,2,3,3,0,0,0,False,False,0
12177,3,0,0,3,3,0,0,0,False,False,0
12178,4,0,0,4,4,0,0,0,False,False,0
12179,4,0,0,4,4,0,0,0,False,False,0
12180,11,26,10,11,11,0,0,0,False,False,0
12181,200,0,0,200,200,0,0,0,False,False,0
12182,23,0,0,23,23,0,0,0,False,False,0
12183,12,0,0,12,12,0,0,0,False,False,0
12184,17,0,0,17,17,0,0,0,False,False,0
12185,4,0,0,4,4,0,0,0,False,False,0
12186,3,0,0,3,3,0,0,0,False,False,0
12187,4,0,0,4,4,0,0,0,False,False,0
12188,5,0,0,5,5,0,0,0,False,False,0
12189,4,0,0,4,4,0,0,0,False,False,0
12190,3,2,2,3,3,0,0,0,False,False,0
12191,2,1,1,2,2,0,0,0,False,True,0
12192,3,2,2,3,3,0,0,0,False,False,0
12193,3,2,2,3,3,0,0,0,False,False,0
12194,3,2,2,3,3,0,0,0,False,False,0
12195,2,1,1,2,2,0,0,0,False,True,0
12196,2,1,1,2,2,0,0,0,False,True,0
12197,2,1,1,2,2,0,0,0,False,True,0
12198,2,0,0,2,2,0,0,0,False,True,0
12199,3,0,0,3,3,0,0,0,False,False,0
12200,3,0,0,3,3,0,0,0,False,False,0
12201,3,0,0,3,3,0,0,0,False,False,0
12202,4,0,0,4,4,0,0,0,False,False,0
12203,3,0,0,3,3,0,0,0,False,False,0
12204,3,0,0,3,3,0,0,0,False,False,0
12205,3,0,0,3,3,0,0,0,False,False,0
12206,4,0,0,4,4,0,0,0,False,False,0
12207,5,0,0,5,5,0,0,0,False,False,0
12208,4,0,0,4,4,0,0,0,False,False,0
12209,5,0,0,5,5,0,0,0,False,False,0
12210,5,0,0,5,5,0,0,0,False,False,0
12211,5,0,0,5,5,0,0,0,False,False,0
12212,5,0,0,5,5,0,0,0,False,False,0
12213,3,0,0,3,3,0,0,0,False,False,0
12214,2,0,0,2,2,0,0,0,False,True,0
12215,2,0,0,2,2,0,0,0,False,True,0
12216,2,0,0,2,2,0,0,0,False,True,0
12217,3,0,0,3,3,0,0,0,False,False,0
12218,2,0,0,2,2,0,0,0,False,True,0
12219,3,0,0,3,3,0,0,0,False,False,0
12220,2,0,0,2,2,0,0,0,False,True,0
12221,4,0,0,4,4,0,0,0,False,False,0
12222,2,0,0,2,2,0,0,0,False,True,0
12223,3,0,0,3,3,0,0,0,False,False,0
12224,2,0,0,2,2,0,0,0,False,True,0
12225,2,0,0,2,2,0,0,0,False,True,0
12226,2,0,0,2,2,0,0,0,False,True,0
12227,2,0,0,2,2,0,0,0,False,True,0
12228,3,0,0,3,3,0,0,0,False,False,0
12229,2,0,0,2,2,0,0,0,False,True,0
12230,2,0,0,2,2,0,0,0,False,True,0
12231,2,0,0,2,2,0,0,0,False,True,0
12232,2,0,0,2,2,0,0,0,False,True,0
12233,2,0,0,2,2,0,0,0,False,True,0
12234,2,0,0,2,2,0,0,0,False,True,0
12235,2,0,0,2,2,0,0,0,False,True,0
12236,2,0,0,2,2,0,0,0,False,True,0
12237,2,0,0,2,2,0,0,0,False,True,0
12238,2,0,0,2,2,0,0,0,False,True,0
12239,2,0,0,2,2,0,0,0,False,True,0
12240,2,0,0,2,2,0,0,0,False,True,0
12241,2,0,0,2,2,0,0,0,False,True,0
12242,2,0,0,2,2,0,0,0,False,True,0
12243,2,0,0,2,2,0,0,0,False,True,0
12244,2,0,0,2,2,0,0,0,False,True,0
12245,2,0,0,2,2,0,0,0,False,True,0
12246,13,0,0,13,13,0,0,0,True,False,0
12247,10,0,0,10,10,0,0,0,True,False,0
12248,10,0,0,10,10,0,0,0,True,False,0
12249,9,0,0,9,9,0,0,0,True,False,0
12250,11,0,0,11,11,0,0,0,True,False,0
12251,11,0,0,11,11,0,0,0,True,False,0
12252,10,0,0,10,10,0,0,0,True,False,0
12253,7,0,0,7,7,0,0,0,True,False,0
12254,11,0,0,11,11,0,0,0,True,False,0
12255,8,8,8,8,8,0,0,0,True,False,0
12256,5,0,0,5,5,0,0,0,True,False,0
12257,9,0,0,9,9,0,0,0,True,False,0
12258,10,0,0,10,10,0,0,0,True,False,0
12259,0,125,0,0,0,0,0,0,True,False,0
12260,0,0,0,0,0,0,0,0,True,False,0
12261,94,0,0,94,94,0,0,0,True,False,0
12262,46,0,0,46,46,0,0,0,True,False,0
12263,78,0,0,78,78,0,0,0,True,False,0
12264,13,0,0,13,13,0,0,0,True,False,0
12265,11,0,0,11,11,0,0,0,True,False,0
12266,11,0,0,11,11,0,0,0,True,False,0
12267,11,0,0,11,11,0,0,0,True,False,0
12268,13,0,0,13,13,0,0,0,True,False,0
12269,7,1,1,7,7,0,0,0,True,False,0
12270,7,2,2,7,7,0,0,0,True,False,0
12271,8,2,2,8,8,0,0,0,True,False,0
12272,7,1,1,7,7,0,0,0,True,False,0
12273,9,2,2,9,9,0,0,0,True,False,0
12274,10,3,3,10,10,0,0,0,True,False,0
12275,7,3,3,7,7,0,0,0,True,False,0
12276,9,3,3,9,9,0,0,0,True,False,0
12277,9,0,0,9,9,0,0,0,True,False,0
12278,7,0,0,7,7,0,0,0,True,False,0
12279,8,0,0,8,8,0,0,0,True,False,0
12280,6,0,0,6,6,0,0,0,True,False,0
12281,6,0,0,6,6,0,0,0,True,False,0
12282,7,0,0,7,7,0,0,0,True,False,0
12283,6,0,0,6,6,0,0,0,True,False,0
12284,8,0,0,8,8,0,0,0,True,False,0
12285,12,0,0,12,12,0,0,0,True,False,0
12286,15,0,0,15,15,0,0,0,True,False,0
12287,12,0,0,12,12,0,0,0,True,False,0
12288,14,0,0,14,14,0,0,0,True,False,0
12289,13,0,0,13,13,0,0,0,True,False,0
12290,14,0,0,14,14,0,0,0,True,False,0
12291,13,0,0,13,13,0,0,0,True,False,0
12292,13,0,0,13,13,0,0,0,True,False,0
12293,4,0,0,4,4,0,0,0,True,False,0
12294,4,0,0,4,4,0,0,0,True,False,0
12295,4,0,0,4,4,0,0,0,True,False,0
12296,6,0,0,6,6,0,0,0,True,False,0
12297,4,0,0,4,4,0,0,0,True,False,0
12298,6,0,0,6,6,0,0,0,True,False,0
12299,4,0,0,4,4,0,0,0,True,False,0
12300,12,0,0,12,12,0,0,0,True,False,0
12301,12,0,0,12,12,0,0,0,True,False,0
12302,10,0,0,10,10,0,0,0,True,False,0
12303,13,0,0,13,13,0,0,0,True,False,0
12304,9,0,0,9,9,0,0,0,True,False,0
12305,8,0,0,8,8,0,0,0,True,False,0
12306,11,0,0,11,11,0,0,0,True,False,0
12307,6,0,0,6,6,0,0,0,True,False,0
12308,9,0,0,9,9,0,0,0,True,False,0
12309,10,0,0,10,10,0,0,0,True,False,0
12310,13,0,0,13,13,0,0,0,True,False,0
12311,9,0,0,9,9,0,0,0,True,False,0
12312,10,0,0,10,10,0,0,0,True,False,0
12313,13,0,0,13,13,0,0,0,True,False,0
12314,11,0,0,11,11,0,0,0,True,False,0
12315,11,0,0,11,11,0,0,0,True,False,0
12316,10,0,0,10,10,0,0,0,True,False,0
12317,13,0,0,13,13,0,0,0,True,False,0
12318,7,7,7,7,7,0,0,0,True,False,0
12319,5,0,0,5,5,0,0,0,True,False,0
12320,10,0,0,10,10,0,0,0,True,False,0
12321,13,0,0,13,13,0,0,0,True,False,0
12322,0,121,0,0,0,0,0,0,True,False,0
12323,0,0,0,0,0,0,0,0,True,False,0
12324,95,0,0,95,95,0,0,0,True,False,0
12325,51,0,0,51,51,0,0,0,True,False,0
12326,74,0,0,74,74,0,0,0,True,False,0
12327,11,0,0,11,11,0,0,0,True,False,0
12328,13,0,0,13,13,0,0,0,True,False,0
12329,11,0,0,11,11,0,0,0,True,False,0
12330,12,0,0,12,12,0,0,0,True,False,0
12331,12,0,0,12,12,0,0,0,True,False,0
12332,8,0,0,8,8,0,0,0,True,False,0
12333,7,0,0,7,7,0,0,0,True,False,0
12334,7,0,0,7,7,0,0,0,True,False,0
12335,9,0,0,9,9,0,0,0,True,False,0
12336,9,0,0,9,9,0,0,0,True,False,0
12337,8,0,0,8,8,0,0,0,True,False,0
12338,9,0,0,9,9,0,0,0,True,False,0
12339,8,0,0,8,8,0,0,0,True,False,0
12340,7,0,0,7,7,0,0,0,True,False,0
12341,8,0,0,8,8,0,0,0,True,False,0
12342,6,0,0,6,6,0,0,0,True,False,0
12343,6,0,0,6,6,0,0,0,True,False,0
12344,8,0,0,8,8,0,0,0,True,False,0
12345,6,0,0,6,6,0,0,0,True,False,0
12346,7,0,0,7,7,0,0,0,True,False,0
12347,6,0,0,6,6,0,0,0,True,False,0
12348,15,0,0,15,15,0,0,0,True,False,0
12349,12,0,0,12,12,0,0,0,True,False,0
12350,12,0,0,12,12,0,0,0,True,False,0
12351,13,0,0,13,13,0,0,0,True,False,0
12352,15,0,0,15,15,0,0,0,True,False,0
12353,11,0,0,11,11,0,0,0,True,False,0
12354,15,0,0,15,15,0,0,0,True,False,0
12355,13,0,0,13,13,0,0,0,True,False,0
12356,4,0,0,4,4,0,0,0,True,False,0
12357,4,0,0,4,4,0,0,0,True,False,0
12358,4,0,0,4,4,0,0,0,True,False,0
12359,6,0,0,6,6,0,0,0,True,False,0
12360,4,0,0,4,4,0,0,0,True,False,0
12361,6,0,0,6,6,0,0,0,True,False,0
12362,4,0,0,4,4,0,0,0,True,False,0
12363,12,0,0,12,12,0,0,0,True,False,0
12364,11,0,0,11,11,0,0,0,True,False,0
12365,8,0,0,8,8,0,0,0,True,False,0
12366,6,0,0,6,6,0,0,0,True,False,0
12367,12,0,0,12,12,0,0,0,True,False,0
12368,7,0,0,7,7,0,0,0,True,False,0
12369,10,0,0,10,10,0,0,0,True,False,0
12370,4,0,0,4,4,0,0,0,True,False,0
12371,9,0,0,9,9,0,0,0,True,False,0
12372,10,0,0,10,10,0,0,0,True,False,0
12373,11,0,0,11,11,0,0,0,True,False,0
12374,11,0,0,11,11,0,0,0,True,False,0
12375,12,0,0,12,12,0,0,0,True,False,0
12376,9,0,0,9,9,0,0,0,True,False,0
12377,10,0,0,10,10,0,0,0,True,False,0
12378,12,0,0,12,12,0,0,0,True,False,0
12379,9,0,0,9,9,0,0,0,True,False,0
12380,12,0,0,12,12,0,0,0,True,False,0
12381,7,7,7,7,7,0,0,0,True,False,0
12382,5,0,0,5,5,0,0,0,True,False,0
12383,11,0,0,11,11,0,0,0,True,False,0
12384,10,0,0,10,10,0,0,0,True,False,0
12385,0,120,0,0,0,0,0,0,True,False,0
12386,0,0,0,0,0,0,0,0,True,False,0
12387,97,0,0,97,97,0,0,0,True,False,0
12388,50,0,0,50,50,0,0,0,True,False,0
12389,69,0,0,69,69,0,0,0,True,False,0
12390,11,0,0,11,11,0,0,0,True,False,0
12391,10,0,0,10,10,0,0,0,True,False,0
12392,12,0,0,12,12,0,0,0,True,False,0
12393,10,0,0,10,10,0,0,0,True,False,0
12394,11,0,0,11,11,0,0,0,True,False,0
12395,8,0,0,8,8,0,0,0,True,False,0
12396,8,0,0,8,8,0,0,0,True,False,0
12397,8,0,0,8,8,0,0,0,True,False,0
12398,6,0,0,6,6,0,0,0,True,False,0
12399,6,0,0,6,6,0,0,0,True,False,0
12400,7,0,0,7,7,0,0,0,True,False,0
12401,6,0,0,6,6,0,0,0,True,False,0
12402,8,0,0,8,8,0,0,0,True,False,0
12403,6,0,0,6,6,0,0,0,True,False,0
12404,7,0,0,7,7,0,0,0,True,False,0
12405,6,0,0,6,6,0,0,0,True,False,0
12406,7,0,0,7,7,0,0,0,True,False,0
12407,6,0,0,6,6,0,0,0,True,False,0
12408,8,0,0,8,8,0,0,0,True,False,0
12409,8,0,0,8,8,0,0,0,True,False,0
12410,6,0,0,6,6,0,0,0,True,False,0
12411,15,0,0,15,15,0,0,0,True,False,0
12412,15,0,0,15,15,0,0,0,True,False,0
12413,14,0,0,14,14,0,0,0,True,False,0
12414,11,0,0,11,11,0,0,0,True,False,0
12415,13,0,0,13,13,0,0,0,True,False,0
12416,15,0,0,15,15,0,0,0,True,False,0
12417,12,0,0,12,12,0,0,0,True,False,0
12418,14,0,0,14,14,0,0,0,True,False,0
12419,4,0,0,4,4,0,0,0,True,False,0
12420,4,0,0,4,4,0,0,0,True,False,0
12421,4,0,0,4,4,0,0,0,True,False,0
12422,6,0,0,6,6,0,0,0,True,False,0
12423,4,0,0,4,4,0,0,0,True,False,0
12424,6,0,0,6,6,0,0,0,True,False,0
12425,4,0,0,4,4,0,0,0,True,False,0
12426,12,0,0,12,12,0,0,0,True,False,0
12427,12,0,0,12,12,0,0,0,True,False,0
12428,12,0,0,12,12,0,0,0,True,False,0
12429,7,0,0,7,7,0,0,0,True,False,0
12430,12,0,0,12,12,0,0,0,True,False,0
12431,7,0,0,7,7,0,0,0,True,False,0
12432,9,0,0,9,9,0,0,0,True,False,0
12433,9,0,0,9,9,0,0,0,True,False,0
12434,8,0,0,8,8,0,0,0,True,False,0
12435,9,0,0,9,9,0,0,0,True,False,0
12436,10,0,0,10,10,0,0,0,True,False,0
12437,10,0,0,10,10,0,0,0,True,False,0
12438,10,0,0,10,10,0,0,0,True,False,0
12439,11,0,0,11,11,0,0,0,True,False,0
12440,11,0,0,11,11,0,0,0,True,False,0
12441,10,0,0,10,10,0,0,0,True,False,0
12442,10,0,0,10,10,0,0,0,True,False,0
12443,12,1,1,12,12,0,0,0,True,False,0
12444,8,8,8,8,8,0,0,0,True,False,0
12445,5,0,0,5,5,0,0,0,True,False,0
12446,10,1,1,10,10,0,0,0,True,False,0
12447,11,1,1,11,11,0,0,0,True,False,0
12448,0,127,0,0,0,0,0,0,True,False,0
12449,0,0,0,0,0,0,0,0,True,False,0
12450,90,0,0,90,90,0,0,0,True,False,0
12451,47,0,0,47,47,0,0,0,True,False,0
12452,74,0,0,74,74,0,0,0,True,False,0
12453,12,1,1,12,12,0,0,0,True,False,0
12454,9,1,1,9,9,0,0,0,True,False,0
12455,11,1,1,11,11,0,0,0,True,False,0
12456,13,1,1,13,13,0,0,0,True,False,0
12457,11,1,1,11,11,0,0,0,True,False,0
12458,8,0,0,8,8,0,0,0,True,False,0
12459,6,0,0,6,6,0,0,0,True,False,0
12460,7,0,0,7,7,0,0,0,True,False,0
12461,7,0,0,7,7,0,0,0,True,False,0
12462,8,0,0,8,8,0,0,0,True,False,0
12463,8,0,0,8,8,0,0,0,True,False,0
12464,8,0,0,8,8,0,0,0,True,False,0
12465,7,0,0,7,7,0,0,0,True,False,0
12466,7,0,0,7,7,0,0,0,True,False,0
12467,7,0,0,7,7,0,0,0,True,False,0
12468,7,0,0,7,7,0,0,0,True,False,0
12469,8,0,0,8,8,0,0,0,True,False,0
12470,8,0,0,8,8,0,0,0,True,False,0
12471,7,0,0,7,7,0,0,0,True,False,0
12472,6,0,0,6,6,0,0,0,True,False,0
12473,8,0,0,8,8,0,0,0,True,False,0
12474,15,0,0,15,15,0,0,0,True,False,0
12475,13,0,0,13,13,0,0,0,True,False,0
12476,14,0,0,14,14,0,0,0,True,False,0
12477,16,0,0,16,16,0,0,0,True,False,0
12478,14,0,0,14,14,0,0,0,True,False,0
12479,12,0,0,12,12,0,0,0,True,False,0
12480,16,0,0,16,16,0,0,0,True,False,0
12481,14,0,0,14,14,0,0,0,True,False,0
12482,4,0,0,4,4,0,0,0,True,False,0
12483,4,0,0,4,4,0,0,0,True,False,0
12484,4,0,0,4,4,0,0,0,True,False,0
12485,6,0,0,6,6,0,0,0,True,False,0
12486,4,0,0,4,4,0,0,0,True,False,0
12487,6,0,0,6,6,0,0,0,True,False,0
12488,4,0,0,4,4,0,0,0,True,False,0
12489,12,0,0,12,12,0,0,0,True,False,0
12490,8,0,0,8,8,0,0,0,True,False,0
12491,11,0,0,11,11,0,0,0,True,False,0
12492,7,0,0,7,7,0,0,0,True,False,0
12493,12,0,0,12,12,0,0,0,True,False,0
12494,12,0,0,12,12,0,0,0,True,False,0
12495,11,0,0,11,11,0,0,0,True,False,0
12496,12,0,0,12,12,0,0,0,True,False,0
12497,8,0,0,8,8,0,0,0,True,False,0
12498,10,0,0,10,10,0,0,0,True,False,0
12499,8,0,0,8,8,0,0,0,True,False,0
12500,11,0,0,11,11,0,0,0,True,False,0
12501,8,0,0,8,8,0,0,0,True,False,0
12502,10,0,0,10,10,0,0,0,True,False,0
12503,10,0,0,10,10,0,0,0,True,False,0
12504,11,0,0,11,11,0,0,0,True,False,0
12505,10,0,0,10,10,0,0,0,True,False,0
12506,9,0,0,9,9,0,0,0,True,False,0
12507,7,7,7,7,7,0,0,0,True,False,0
12508,5,0,0,5,5,0,0,0,True,False,0
12509,8,0,0,8,8,0,0,0,True,False,0
12510,9,0,0,9,9,0,0,0,True,False,0
12511,10,116,10,10,10,0,0,0,True,False,0
12512,50,0,0,50,50,0,0,0,True,False,0
12513,93,0,0,93,93,0,0,0,True,False,0
12514,47,0,0,47,47,0,0,0,True,False,0
12515,72,0,0,72,72,0,0,0,True,False,0
12516,9,0,0,9,9,0,0,0,True,False,0
12517,10,0,0,10,10,0,0,0,True,False,0
12518,7,0,0,7,7,0,0,0,True,False,0
12519,9,0,0,9,9,0,0,0,True,False,0
12520,9,0,0,9,9,0,0,0,True,False,0
12521,8,0,0,8,8,0,0,0,True,False,0
12522,7,0,0,7,7,0,0,0,True,False,0
12523,7,0,0,7,7,0,0,0,True,False,0
12524,8,0,0,8,8,0,0,0,True,False,0
12525,8,0,0,8,8,0,0,0,True,False,0
12526,8,0,0,8,8,0,0,0,True,False,0
12527,7,0,0,7,7,0,0,0,True,False,0
12528,7,0,0,7,7,0,0,0,True,False,0
12529,7,0,0,7,7,0,0,0,True,False,0
12530,7,0,0,7,7,0,0,0,True,False,0
12531,6,0,0,6,6,0,0,0,True,False,0
12532,7,0,0,7,7,0,0,0,True,False,0
12533,8,0,0,8,8,0,0,0,True,False,0
12534,6,0,0,6,6,0,0,0,True,False,0
12535,7,0,0,7,7,0,0,0,True,False,0
12536,6,0,0,6,6,0,0,0,True,False,0
12537,15,0,0,15,15,0,0,0,True,False,0
12538,13,0,0,13,13,0,0,0,True,False,0
12539,12,0,0,12,12,0,0,0,True,False,0
12540,13,0,0,13,13,0,0,0,True,False,0
12541,13,0,0,13,13,0,0,0,True,False,0
12542,17,0,0,17,17,0,0,0,True,False,0
12543,11,0,0,11,11,0,0,0,True,False,0
12544,13,0,0,13,13,0,0,0,True,False,0
12545,4,0,0,4,4,0,0,0,True,False,0
12546,4,0,0,4,4,0,0,0,True,False,0
12547,4,0,0,4,4,0,0,0,True,False,0
12548,6,0,0,6,6,0,0,0,True,False,0
12549,4,0,0,4,4,0,0,0,True,False,0
12550,6,0,0,6,6,0,0,0,True,False,0
12551,4,0,0,4,4,0,0,0,True,False,0
12552,12,0,0,12,12,0,0,0,True,False,0
12553,12,0,0,12,12,0,0,0,True,False,0
12554,7,0,0,7,7,0,0,0,True,False,0
12555,4,0,0,4,4,0,0,0,True,False,0
12556,4,0,0,4,4,0,0,0,True,False,0
12557,9,0,0,9,9,0,0,0,True,False,0
12558,6,0,0,6,6,0,0,0,True,False,0
12559,13,0,0,13,13,0,0,0,True,False,0
12560,7,0,0,7,7,0,0,0,True,False,0
12561,12,0,0,12,12,0,0,0,True,False,0
12562,9,0,0,9,9,0,0,0,True,False,0
12563,10,0,0,10,10,0,0,0,True,False,0
12564,11,0,0,11,11,0,0,0,True,False,0
12565,12,0,0,12,12,0,0,0,True,False,0
12566,9,0,0,9,9,0,0,0,True,False,0
12567,11,0,0,11,11,0,0,0,True,False,0
12568,12,0,0,12,12,0,0,0,True,False,0
12569,10,0,0,10,10,0,0,0,True,False,0
12570,8,8,8,8,8,0,0,0,True,False,0
12571,5,0,0,5,5,0,0,0,True,False,0
12572,7,0,0,7,7,0,0,0,True,False,0
12573,7,0,0,7,7,0,0,0,True,False,0
12574,0,123,0,0,0,0,0,0,True,False,0
12575,150,0,0,150,150,0,0,0,True,False,0
12576,92,0,0,92,92,0,0,0,True,False,0
12577,52,0,0,52,52,0,0,0,True,False,0
12578,72,0,0,72,72,0,0,0,True,False,0
12579,8,0,0,8,8,0,0,0,True,False,0
12580,8,0,0,8,8,0,0,0,True,False,0
12581,9,0,0,9,9,0,0,0,True,False,0
12582,9,0,0,9,9,0,0,0,True,False,0
12583,9,0,0,9,9,0,0,0,True,False,0
12584,9,0,0,9,9,0,0,0,True,False,0
12585,7,0,0,7,7,0,0,0,True,False,0
12586,7,0,0,7,7,0,0,0,True,False,0
12587,7,0,0,7,7,0,0,0,True,False,0
12588,8,0,0,8,8,0,0,0,True,False,0
12589,7,0,0,7,7,0,0,0,True,False,0
12590,7,0,0,7,7,0,0,0,True,False,0
12591,9,0,0,9,9,0,0,0,True,False,0
12592,7,0,0,7,7,0,0,0,True,False,0
12593,7,0,0,7,7,0,0,0,True,False,0
12594,8,0,0,8,8,0,0,0,True,False,0
12595,6,0,0,6,6,0,0,0,True,False,0
12596,7,0,0,7,7,0,0,0,True,False,0
12597,7,0,0,7,7,0,0,0,True,False,0
12598,9,0,0,9,9,0,0,0,True,False,0
12599,8,0,0,8,8,0,0,0,True,False,0
12600,14,0,0,14,14,0,0,0,True,False,0
12601,13,0,0,13,13,0,0,0,True,False,0
12602,12,0,0,12,12,0,0,0,True,False,0
12603,13,0,0,13,13,0,0,0,True,False,0
12604,13,0,0,13,13,0,0,0,True,False,0
12605,15,0,0,15,15,0,0,0,True,False,0
12606,13,0,0,13,13,0,0,0,True,False,0
12607,13,0,0,13,13,0,0,0,True,False,0
12608,4,0,0,4,4,0,0,0,True,False,0
12609,4,0,0,4,4,0,0,0,True,False,0
12610,4,0,0,4,4,0,0,0,True,False,0
12611,6,0,0,6,6,0,0,0,True,False,0
12612,4,0,0,4,4,0,0,0,True,False,0
12613,6,0,0,6,6,0,0,0,True,False,0
12614,4,0,0,4,4,0,0,0,True,False,0
12615,12,0,0,12,12,0,0,0,True,False,0
12616,5,0,0,5,5,0,0,0,True,False,0
12617,16,0,0,16,16,0,0,0,True,False,0
12618,9,0,0,9,9,0,0,0,True,False,0
12619,14,0,0,14,14,0,0,0,True,False,0
12620,6,0,0,6,6,0,0,0,True,False,0
12621,5,0,0,5,5,0,0,0,True,False,0
12622,11,0,0,11,11,0,0,0,True,False,0
12623,6,0,0,6,6,0,0,0,True,False,0
12624,11,0,0,11,11,0,0,0,True,False,0
12625,9,0,0,9,9,0,0,0,True,False,0
12626,10,0,0,10,10,0,0,0,True,False,0
12627,8,0,0,8,8,0,0,0,True,False,0
12628,10,0,0,10,10,0,0,0,True,False,0
12629,12,0,0,12,12,0,0,0,True,False,0
12630,12,0,0,12,12,0,0,0,True,False,0
12631,9,0,0,9,9,0,0,0,True,False,0
12632,10,0,0,10,10,0,0,0,True,False,0
12633,7,7,7,7,7,0,0,0,True,False,0
12634,5,0,0,5,5,0,0,0,True,False,0
12635,10,0,0,10,10,0,0,0,True,False,0
12636,8,0,0,8,8,0,0,0,True,False,0
12637,0,117,0,0,0,0,0,0,True,False,0
12638,0,0,0,0,0,0,0,0,True,False,0
12639,95,0,0,95,95,0,0,0,True,False,0
12640,43,0,0,43,43,0,0,0,True,False,0
12641,78,0,0,78,78,0,0,0,True,False,0
12642,10,0,0,10,10,0,0,0,True,False,0
12643,7,0,0,7,7,0,0,0,True,False,0
12644,9,0,0,9,9,0,0,0,True,False,0
12645,10,0,0,10,10,0,0,0,True,False,0
12646,8,0,0,8,8,0,0,0,True,False,0
12647,7,0,0,7,7,0,0,0,True,False,0
12648,7,0,0,7,7,0,0,0,True,False,0
12649,7,0,0,7,7,0,0,0,True,False,0
12650,9,0,0,9,9,0,0,0,True,False,0
12651,7,0,0,7,7,0,0,0,True,False,0
12652,7,0,0,7,7,0,0,0,True,False,0
12653,7,0,0,7,7,0,0,0,True,False,0
12654,6,0,0,6,6,0,0,0,True,False,0
12655,6,0,0,6,6,0,0,0,True,False,0
12656,5,0,0,5,5,0,0,0,True,False,0
12657,8,0,0,8,8,0,0,0,True,False,0
12658,6,0,0,6,6,0,0,0,True,False,0
12659,7,0,0,7,7,0,0,0,True,False,0
12660,8,0,0,8,8,0,0,0,True,False,0
12661,8,0,0,8,8,0,0,0,True,False,0
12662,7,0,0,7,7,0,0,0,True,False,0
12663,13,0,0,13,13,0,0,0,True,False,0
12664,13,0,0,13,13,0,0,0,True,False,0
12665,15,0,0,15,15,0,0,0,True,False,0
12666,14,0,0,14,14,0,0,0,True,False,0
12667,15,0,0,15,15,0,0,0,True,False,0
12668,14,0,0,14,14,0,0,0,True,False,0
12669,11,0,0,11,11,0,0,0,True,False,0
12670,14,0,0,14,14,0,0,0,True,False,0
12671,4,0,0,4,4,0,0,0,True,False,0
12672,4,0,0,4,4,0,0,0,True,False,0
12673,4,0,0,4,4,0,0,0,True,False,0
12674,6,0,0,6,6,0,0,0,True,False,0
12675,4,0,0,4,4,0,0,0,True,False,0
12676,6,0,0,6,6,0,0,0,True,False,0
12677,4,0,0,4,4,0,0,0,True,False,0
12678,12,0,0,12,12,0,0,0,True,False,0
12679,13,0,0,13,13,0,0,0,True,False,0
12680,8,0,0,8,8,0,0,0,True,False,0
12681,7,0,0,7,7,0,0,0,True,False,0
12682,20,0,0,20,20,0,0,0,True,False,0
12683,13,0,0,13,13,0,0,0,True,False,0
12684,10,0,0,10,10,0,0,0,True,False,0
12685,10,0,0,10,10,0,0,0,True,False,0
12686,7,0,0,7,7,0,0,0,True,False,0
12687,10,0,0,10,10,0,0,0,True,False,0
12688,11,0,0,11,11,0,0,0,True,False,0
12689,10,0,0,10,10,0,0,0,True,False,0
12690,11,0,0,11,11,0,0,0,True,False,0
12691,12,0,0,12,12,0,0,0,True,False,0
12692,11,0,0,11,11,0,0,0,True,False,0
12693,10,0,0,10,10,0,0,0,True,False,0
12694,10,0,0,10,10,0,0,0,True,False,0
12695,7,0,0,7,7,0,0,0,True,False,0
12696,8,8,8,8,8,0,0,0,True,False,0
12697,4,0,0,4,4,0,0,0,True,False,0
12698,9,0,0,9,9,0,0,0,True,False,0
12699,10,0,0,10,10,0,0,0,True,False,0
12700,0,113,0,0,0,0,0,0,True,False,0
12701,0,0,0,0,0,0,0,0,True,False,0
12702,89,0,0,89,89,0,0,0,True,False,0
12703,47,0,0,47,47,0,0,0,True,False,0
12704,74,0,0,74,74,0,0,0,True,False,0
12705,8,0,0,8,8,0,0,0,True,False,0
12706,10,0,0,10,10,0,0,0,True,False,0
12707,7,0,0,7,7,0,0,0,True,False,0
12708,9,0,0,9,9,0,0,0,True,False,0
12709,9,0,0,9,9,0,0,0,True,False,0
12710,8,0,0,8,8,0,0,0,True,False,0
12711,9,0,0,9,9,0,0,0,True,False,0
12712,8,0,0,8,8,0,0,0,True,False,0
12713,8,0,0,8,8,0,0,0,True,False,0
12714,8,0,0,8,8,0,0,0,True,False,0
12715,7,0,0,7,7,0,0,0,True,False,0
12716,7,0,0,7,7,0,0,0,True,False,0
12717,7,0,0,7,7,0,0,0,True,False,0
12718,7,0,0,7,7,0,0,0,True,False,0
12719,8,0,0,8,8,0,0,0,True,False,0
12720,6,0,0,6,6,0,0,0,True,False,0
12721,5,0,0,5,5,0,0,0,True,False,0
12722,7,0,0,7,7,0,0,0,True,False,0
12723,8,0,0,8,8,0,0,0,True,False,0
12724,7,0,0,7,7,0,0,0,True,False,0
12725,5,0,0,5,5,0,0,0,True,False,0
12726,14,0,0,14,14,0,0,0,True,False,0
12727,17,0,0,17,17,0,0,0,True,False,0
12728,15,0,0,15,15,0,0,0,True,False,0
12729,12,0,0,12,12,0,0,0,True,False,0
12730,15,0,0,15,15,0,0,0,True,False,0
12731,13,0,0,13,13,0,0,0,True,False,0
12732,11,0,0,11,11,0,0,0,True,False,0
12733,13,0,0,13,13,0,0,0,True,False,0
12734,4,0,0,4,4,0,0,0,True,False,0
12735,4,0,0,4,4,0,0,0,True,False,0
12736,4,0,0,4,4,0,0,0,True,False,0
12737,6,0,0,6,6,0,0,0,True,False,0
12738,4,0,0,4,4,0,0,0,True,False,0
12739,6,0,0,6,6,0,0,0,True,False,0
12740,4,0,0,4,4,0,0,0,True,False,0
12741,12,0,0,12,12,0,0,0,True,False,0
12742,9,0,0,9,9,0,0,0,True,False,0
12743,10,0,0,10,10,0,0,0,True,False,0
12744,8,0,0,8,8,0,0,0,True,False,0
12745,12,0,0,12,12,0,0,0,True,False,0
12746,13,0,0,13,13,0,0,0,True,False,0
12747,4,0,0,4,4,0,0,0,True,False,0
12748,6,0,0,6,6,0,0,0,True,False,0
12749,11,0,0,11,11,0,0,0,True,False,0
12750,1,0,0,1,1,0,0,0,True,True,0
12751,11,0,0,11,11,0,0,0,True,False,0
12752,11,0,0,11,11,0,0,0,True,False,0
12753,9,0,0,9,9,0,0,0,True,False,0
12754,11,0,0,11,11,0,0,0,True,False,0
12755,10,0,0,10,10,0,0,0,True,False,0
12756,9,0,0,9,9,0,0,0,True,False,0
12757,12,0,0,12,12,0,0,0,True,False,0
12758,8,0,0,8,8,0,0,0,True,False,0
12759,9,0,0,9,9,0,0,0,True,False,0
12760,7,7,7,7,7,0,0,0,True,False,0
12761,6,0,0,6,6,0,0,0,True,False,0
12762,11,0,0,11,11,0,0,0,True,False,0
12763,8,0,0,8,8,0,0,0,True,False,0
12764,0,122,0,0,0,0,0,0,True,False,0
12765,0,0,0,0,0,0,0,0,True,False,0
12766,89,0,0,89,89,0,0,0,True,False,0
12767,50,0,0,50,50,0,0,0,True,False,0
12768,78,0,0,78,78,0,0,0,True,False,0
12769,10,0,0,10,10,0,0,0,True,False,0
12770,10,0,0,10,10,0,0,0,True,False,0
12771,8,0,0,8,8,0,0,0,True,False,0
12772,7,0,0,7,7,0,0,0,True,False,0
12773,9,0,0,9,9,0,0,0,True,False,0
12774,8,0,0,8,8,0,0,0,True,False,0
12775,7,0,0,7,7,0,0,0,True,False,0
12776,7,0,0,7,7,0,0,0,True,False,0
12777,7,0,0,7,7,0,0,0,True,False,0
12778,7,0,0,7,7,0,0,0,True,False,0
12779,7,0,0,7,7,0,0,0,True,False,0
12780,8,0,0,8,8,0,0,0,True,False,0
12781,6,0,0,6,6,0,0,0,True,False,0
12782,5,0,0,5,5,0,0,0,True,False,0
12783,7,0,0,7,7,0,0,0,True,False,0
12784,9,0,0,9,9,0,0,0,True,False,0
12785,7,0,0,7,7,0,0,0,True,False,0
12786,8,0,0,8,8,0,0,0,True,False,0
12787,7,0,0,7,7,0,0,0,True,False,0
12788,7,0,0,7,7,0,0,0,True,False,0
12789,8,0,0,8,8,0,0,0,True,False,0
12790,14,0,0,14,14,0,0,0,True,False,0
12791,13,0,0,13,13,0,0,0,True,False,0
12792,13,0,0,13,13,0,0,0,True,False,0
12793,13,0,0,13,13,0,0,0,True,False,0
12794,15,0,0,15,15,0,0,0,True,False,0
12795,14,0,0,14,14,0,0,0,True,False,0
12796,13,0,0,13,13,0,0,0,True,False,0
12797,14,0,0,14,14,0,0,0,True,False,0
12798,4,0,0,4,4,0,0,0,True,False,0
12799,4,0,0,4,4,0,0,0,True,False,0
12800,4,0,0,4,4,0,0,0,True,False,0
12801,6,0,0,6,6,0,0,0,True,False,0
12802,4,0,0,4,4,0,0,0,True,False,0
12803,6,0,0,6,6,0,0,0,True,False,0
12804,4,0,0,4,4,0,0,0,True,False,0
12805,12,0,0,12,12,0,0,0,True,False,0
12806,12,0,0,12,12,0,0,0,True,False,0
12807,12,0,0,12,12,0,0,0,True,False,0
12808,4,0,0,4,4,0,0,0,True,False,0
12809,14,0,0,14,14,0,0,0,True,False,0
12810,10,0,0,10,10,0,0,0,True,False,0
12811,10,0,0,10,10,0,0,0,True,False,0
12812,3,0,0,3,3,0,0,0,True,False,0
12813,15,0,0,15,15,0,0,0,True,False,0
12814,1,0,0,1,1,0,0,0,True,True,0
12815,1,0,0,1,1,0,0,0,True,True,0
12816,1,0,0,1,1,0,0,0,True,True,0
12817,1,0,0,1,1,0,0,0,True,True,0
12818,1,0,0,1,1,0,0,0,True,True,0
12819,8,0,0,8,8,0,0,0,True,False,0
12820,9,0,0,9,9,0,0,0,True,False,0
12821,7,0,0,7,7,0,0,0,True,False,0
12822,10,0,0,10,10,0,0,0,True,False,0
12823,7,0,0,7,7,0,0,0,True,False,0
12824,8,0,0,8,8,0,0,0,True,False,0
12825,9,0,0,9,9,0,0,0,True,False,0
12826,7,0,0,7,7,0,0,0,True,False,0
12827,7,0,0,7,7,0,0,0,True,False,0
12828,6,6,6,6,6,0,0,0,True,False,0
12829,3,0,0,3,3,0,0,0,True,False,0
12830,7,0,0,7,7,0,0,0,True,False,0
12831,6,0,0,6,6,0,0,0,True,False,0
12832,0,94,0,0,0,0,0,0,True,False,0
12833,0,0,0,0,0,0,0,0,True,False,0
12834,74,0,0,74,74,0,0,0,True,False,0
12835,39,0,0,39,39,0,0,0,True,False,0
12836,52,0,0,52,52,0,0,0,True,False,0
12837,7,0,0,7,7,0,0,0,True,False,0
12838,6,0,0,6,6,0,0,0,True,False,0
12839,7,0,0,7,7,0,0,0,True,False,0
12840,7,0,0,7,7,0,0,0,True,False,0
12841,8,0,0,8,8,0,0,0,True,False,0
12842,6,0,0,6,6,0,0,0,True,False,0
12843,7,0,0,7,7,0,0,0,True,False,0
12844,5,0,0,5,5,0,0,0,True,False,0
12845,7,0,0,7,7,0,0,0,True,False,0
12846,6,0,0,6,6,0,0,0,True,False,0
12847,6,0,0,6,6,0,0,0,True,False,0
12848,5,0,0,5,5,0,0,0,True,False,0
12849,7,0,0,7,7,0,0,0,True,False,0
12850,6,0,0,6,6,0,0,0,True,False,0
12851,7,0,0,7,7,0,0,0,True,False,0
12852,6,0,0,6,6,0,0,0,True,False,0
12853,6,0,0,6,6,0,0,0,True,False,0
12854,6,0,0,6,6,0,0,0,True,False,0
12855,6,0,0,6,6,0,0,0,True,False,0
12856,6,0,0,6,6,0,0,0,True,False,0
12857,5,0,0,5,5,0,0,0,True,False,0
12858,10,0,0,10,10,0,0,0,True,False,0
12859,10,0,0,10,10,0,0,0,True,False,0
12860,12,0,0,12,12,0,0,0,True,False,0
12861,10,0,0,10,10,0,0,0,True,False,0
12862,10,0,0,10,10,0,0,0,True,False,0
12863,10,0,0,10,10,0,0,0,True,False,0
12864,11,0,0,11,11,0,0,0,True,False,0
12865,12,0,0,12,12,0,0,0,True,False,0
12866,3,0,0,3,3,0,0,0,True,False,0
12867,3,0,0,3,3,0,0,0,True,False,0
12868,3,0,0,3,3,0,0,0,True,False,0
12869,5,0,0,5,5,0,0,0,True,False,0
12870,3,0,0,3,3,0,0,0,True,False,0
12871,4,0,0,4,4,0,0,0,True,False,0
12872,4,0,0,4,4,0,0,0,True,False,0
12873,9,0,0,9,9,0,0,0,True,False,0
12874,12,0,0,12,12,0,0,0,True,False,0
12875,12,0,0,12,12,0,0,0,True,False,0
12876,12,0,0,12,12,0,0,0,True,False,0
12877,9,0,0,9,9,0,0,0,True,False,0
12878,8,0,0,8,8,0,0,0,True,False,0
12879,8,0,0,8,8,0,0,0,True,False,0
12880,13,0,0,13,13,0,0,0,True,False,0
12881,6,0,0,6,6,0,0,0,True,False,0
12882,1,0,0,1,1,0,0,0,True,True,0
12883,1,0,0,1,1,0,0,0,True,True,0
12884,2,0,0,2,2,0,0,0,False,True,0
12885,2,0,0,2,2,0,0,0,False,True,0
12886,3,0,0,3,3,0,0,0,False,False,0
12887,2,0,0,2,2,0,0,0,False,True,0
12888,2,0,0,2,2,0,0,0,False,True,0
12889,2,0,0,2,2,0,0,0,False,True,0
12890,2,0,0,2,2,0,0,0,False,True,0
12891,2,0,0,2,2,0,0,0,False,True,0
12892,2,0,0,2,2,0,0,0,False,True,0
12893,2,1,1,2,2,0,0,0,False,True,0
12894,2,0,0,2,2,0,0,0,False,True,0
12895,3,0,0,3,3,0,0,0,False,False,0
12896,2,0,0,2,2,0,0,0,False,True,0
12897,11,10,10,11,11,0,0,0,False,False,0
12898,104,0,0,104,104,0,0,0,False,False,0
12899,9,0,0,9,9,0,0,0,False,False,0
12900,6,0,0,6,6,0,0,0,False,False,0
12901,8,0,0,8,8,0,0,0,False,False,0
12902,2,0,0,2,2,0,0,0,False,True,0
12903,3,0,0,3,3,0,0,0,False,False,0
12904,3,0,0,3,3,0,0,0,False,False,0
12905,2,0,0,2,2,0,0,0,False,True,0
12906,3,0,0,3,3,0,0,0,False,False,0
12907,2,1,1,2,2,0,0,0,False,True,0
12908,2,1,1,2,2,0,0,0,False,True,0
12909,2,1,1,2,2,0,0,0,False,True,0
12910,2,1,1,2,2,0,0,0,False,True,0
12911,2,1,1,2,2,0,0,0,False,True,0
12912,2,1,1,2,2,0,0,0,False,True,0
12913,2,1,1,2,2,0,0,0,False,True,0
12914,2,1,1,2,2,0,0,0,False,True,0
12915,2,0,0,2,2,0,0,0,False,True,0
12916,2,0,0,2,2,0,0,0,False,True,0
12917,2,0,0,2,2,0,0,0,False,True,0
12918,2,0,0,2,2,0,0,0,False,True,0
12919,3,0,0,3,3,0,0,0,False,False,0
12920,2,0,0,2,2,0,0,0,False,True,0
12921,3,0,0,3,3,0,0,0,False,False,0
12922,2,0,0,2,2,0,0,0,False,True,0
12923,3,0,0,3,3,0,0,0,False,False,0
12924,3,0,0,3,3,0,0,0,False,False,0
12925,3,0,0,3,3,0,0,0,False,False,0
12926,3,0,0,3,3,0,0,0,False,False,0
12927,2,0,0,2,2,0,0,0,False,True,0
12928,3,0,0,3,3,0,0,0,False,False,0
12929,3,0,0,3,3,0,0,0,False,False,0
12930,3,0,0,3,3,0,0,0,False,False,0
12931,2,0,0,2,2,0,0,0,False,True,0
12932,2,0,0,2,2,0,0,0,False,True,0
12933,2,0,0,2,2,0,0,0,False,True,0
12934,2,0,0,2,2,0,0,0,False,True,0
12935,3,0,0,3,3,0,0,0,False,False,0
12936,2,0,0,2,2,0,0,0,False,True,0
12937,2,0,0,2,2,0,0,0,False,True,0
12938,2,0,0,2,2,0,0,0,False,True,0
12939,2,0,0,2,2,0,0,0,False,True,0
12940,2,0,0,2,2,0,0,0,False,True,0
12941,2,0,0,2,2,0,0,0,False,True,0
12942,2,0,0,2,2,0,0,0,False,True,0
12943,2,0,0,2,2,0,0,0,False,True,0
12944,2,0,0,2,2,0,0,0,False,True,0
12945,2,0,0,2,2,0,0,0,False,True,0
12946,2,0,0,2,2,0,0,0,False,True,0
12947,2,0,0,2,2,0,0,0,False,True,0
12948,2,0,0,2,2,0,0,0,False,True,0
12949,1,0,0,1,1,0,0,0,False,True,0
12950,2,0,0,2,2,0,0,0,False,True,0
12951,2,0,0,2,2,0,0,0,False,True,0
12952,2,0,0,2,2,0,0,0,False,True,0
12953,2,0,0,2,2,0,0,0,False,True,0
12954,1,0,0,1,1,0,0,0,False,True,0
12955,2,0,0,2,2,0,0,0,False,True,0
12956,2,0,0,2,2,0,0,0,False,True,0
12957,2,0,0,2,2,0,0,0,False,True,0
12958,2,0,0,2,2,0,0,0,False,True,0
12959,2,0,0,2,2,0,0,0,False,True,0
12960,2,0,0,2,2,0,0,0,False,True,0
12961,2,0,0,2,2,0,0,0,False,True,0
12962,2,0,0,2,2,0,0,0,False,True,0
12963,9,0,0,9,9,0,0,0,True,False,0
12964,10,0,0,10,10,0,0,0,True,False,0
12965,12,0,0,12,12,0,0,0,True,False,0
12966,10,0,0,10,10,0,0,0,True,False,0
12967,11,0,0,11,11,0,0,0,True,False,0
12968,13,0,0,13,13,0,0,0,True,False,0
12969,11,0,0,11,11,0,0,0,True,False,0
12970,9,0,0,9,9,0,0,0,True,False,0
12971,10,0,0,10,10,0,0,0,True,False,0
12972,8,8,8,8,8,0,0,0,True,False,0
12973,5,0,0,5,5,0,0,0,True,False,0
12974,9,0,0,9,9,0,0,0,True,False,0
12975,10,0,0,10,10,0,0,0,True,False,0
12976,0,118,0,0,0,0,0,0,True,False,0
12977,96,0,0,96,96,0,0,0,True,False,0
12978,94,0,0,94,94,0,0,0,True,False,0
12979,45,0,0,45,45,0,0,0,True,False,0
12980,76,0,0,76,76,0,0,0,True,False,0
12981,10,0,0,10,10,0,0,0,True,False,0
12982,9,0,0,9,9,0,0,0,True,False,0
12983,8,0,0,8,8,0,0,0,True,False,0
12984,12,0,0,12,12,0,0,0,True,False,0
12985,10,0,0,10,10,0,0,0,True,False,0
12986,7,2,2,7,7,0,0,0,True,False,0
12987,7,3,3,7,7,0,0,0,True,False,0
12988,8,3,3,8,8,0,0,0,True,False,0
12989,7,2,2,7,7,0,0,0,True,False,0
12990,7,3,3,7,7,0,0,0,True,False,0
12991,7,3,3,7,7,0,0,0,True,False,0
12992,8,2,2,8,8,0,0,0,True,False,0
12993,8,3,3,8,8,0,0,0,True,False,0
12994,8,0,0,8,8,0,0,0,True,False,0
12995,7,0,0,7,7,0,0,0,True,False,0
12996,6,0,0,6,6,0,0,0,True,False,0
12997,5,0,0,5,5,0,0,0,True,False,0
12998,7,0,0,7,7,0,0,0,True,False,0
12999,6,0,0,6,6,0,0,0,True,False,0
13000,7,0,0,7,7,0,0,0,True,False,0
13001,9,0,0,9,9,0,0,0,True,False,0
13002,12,0,0,12,12,0,0,0,True,False,0
13003,14,0,0,14,14,0,0,0,True,False,0
13004,12,0,0,12,12,0,0,0,True,False,0
13005,12,0,0,12,12,0,0,0,True,False,0
13006,14,0,0,14,14,0,0,0,True,False,0
13007,13,0,0,13,13,0,0,0,True,False,0
13008,12,0,0,12,12,0,0,0,True,False,0
13009,14,0,0,14,14,0,0,0,True,False,0
13010,4,0,0,4,4,0,0,0,True,False,0
13011,4,0,0,4,4,0,0,0,True,False,0
13012,6,0,0,6,6,0,0,0,True,False,0
13013,4,0,0,4,4,0,0,0,True,False,0
13014,12,0,0,12,12,0,0,0,True,False,0
13015,6,0,0,6,6,0,0,0,True,False,0
13016,6,0,0,6,6,0,0,0,True,False,0
13017,6,0,0,6,6,0,0,0,True,False,0
13018,7,0,0,7,7,0,0,0,True,False,0
13019,7,0,0,7,7,0,0,0,True,False,0
13020,10,0,0,10,10,0,0,0,True,False,0
13021,14,0,0,14,14,0,0,0,True,False,0
13022,4,0,0,4,4,0,0,0,True,False,0
13023,13,0,0,13,13,0,0,0,True,False,0
13024,7,0,0,7,7,0,0,0,True,False,0
13025,7,0,0,7,7,0,0,0,True,False,0
13026,1,0,0,1,1,0,0,0,True,True,0
13027,1,0,0,1,1,0,0,0,True,True,0
13028,10,0,0,10,10,0,0,0,True,False,0
13029,11,0,0,11,11,0,0,0,True,False,0
13030,10,0,0,10,10,0,0,0,True,False,0
13031,12,0,0,12,12,0,0,0,True,False,0
13032,8,0,0,8,8,0,0,0,True,False,0
13033,10,0,0,10,10,0,0,0,True,False,0
13034,11,0,0,11,11,0,0,0,True,False,0
13035,10,0,0,10,10,0,0,0,True,False,0
13036,10,0,0,10,10,0,0,0,True,False,0
13037,7,7,7,7,7,0,0,0,True,False,0
13038,5,0,0,5,5,0,0,0,True,False,0
13039,10,0,0,10,10,0,0,0,True,False,0
13040,11,0,0,11,11,0,0,0,True,False,0
13041,0,123,0,0,0,0,0,0,True,False,0
13042,0,0,0,0,0,0,0,0,True,False,0
13043,90,0,0,90,90,0,0,0,True,False,0
13044,46,0,0,46,46,0,0,0,True,False,0
13045,76,0,0,76,76,0,0,0,True,False,0
13046,11,0,0,11,11,0,0,0,True,False,0
13047,10,0,0,10,10,0,0,0,True,False,0
13048,10,0,0,10,10,0,0,0,True,False,0
13049,10,0,0,10,10,0,0,0,True,False,0
13050,12,0,0,12,12,0,0,0,True,False,0
13051,9,0,0,9,9,0,0,0,True,False,0
13052,7,0,0,7,7,0,0,0,True,False,0
13053,10,0,0,10,10,0,0,0,True,False,0
13054,7,0,0,7,7,0,0,0,True,False,0
13055,7,0,0,7,7,0,0,0,True,False,0
13056,6,0,0,6,6,0,0,0,True,False,0
13057,7,0,0,7,7,0,0,0,True,False,0
13058,7,0,0,7,7,0,0,0,True,False,0
13059,6,0,0,6,6,0,0,0,True,False,0
13060,7,0,0,7,7,0,0,0,True,False,0
13061,8,0,0,8,8,0,0,0,True,False,0
13062,6,0,0,6,6,0,0,0,True,False,0
13063,6,0,0,6,6,0,0,0,True,False,0
13064,7,0,0,7,7,0,0,0,True,False,0
13065,10,0,0,10,10,0,0,0,True,False,0
13066,7,0,0,7,7,0,0,0,True,False,0
13067,14,0,0,14,14,0,0,0,True,False,0
13068,12,0,0,12,12,0,0,0,True,False,0
13069,13,0,0,13,13,0,0,0,True,False,0
13070,12,0,0,12,12,0,0,0,True,False,0
13071,13,0,0,13,13,0,0,0,True,False,0
13072,14,0,0,14,14,0,0,0,True,False,0
13073,14,0,0,14,14,0,0,0,True,False,0
13074,14,0,0,14,14,0,0,0,True,False,0
13075,4,0,0,4,4,0,0,0,True,False,0
13076,4,0,0,4,4,0,0,0,True,False,0
13077,6,0,0,6,6,0,0,0,True,False,0
13078,4,0,0,4,4,0,0,0,True,False,0
13079,12,0,0,12,12,0,0,0,True,False,0
13080,6,0,0,6,6,0,0,0,True,False,0
13081,6,0,0,6,6,0,0,0,True,False,0
13082,6,0,0,6,6,0,0,0,True,False,0
13083,10,0,0,10,10,0,0,0,True,False,0
13084,9,0,0,9,9,0,0,0,True,False,0
13085,5,0,0,5,5,0,0,0,True,False,0
13086,8,0,0,8,8,0,0,0,True,False,0
13087,15,0,0,15,15,0,0,0,True,False,0
13088,10,0,0,10,10,0,0,0,True,False,0
13089,12,0,0,12,12,0,0,0,True,False,0
13090,10,0,0,10,10,0,0,0,True,False,0
13091,10,0,0,10,10,0,0,0,True,False,0
13092,9,0,0,9,9,0,0,0,True,False,0
13093,12,0,0,12,12,0,0,0,True,False,0
13094,10,0,0,10,10,0,0,0,True,False,0
13095,11,0,0,11,11,0,0,0,True,False,0
13096,11,0,0,11,11,0,0,0,True,False,0
13097,9,0,0,9,9,0,0,0,True,False,0
13098,9,0,0,9,9,0,0,0,True,False,0
13099,9,0,0,9,9,0,0,0,True,False,0
13100,8,8,8,8,8,0,0,0,True,False,0
13101,5,0,0,5,5,0,0,0,True,False,0
13102,10,0,0,10,10,0,0,0,True,False,0
13103,11,0,0,11,11,0,0,0,True,False,0
13104,0,118,0,0,0,0,0,0,True,False,0
13105,0,0,0,0,0,0,0,0,True,False,0
13106,99,0,0,99,99,0,0,0,True,False,0
13107,46,0,0,46,46,0,0,0,True,False,0
13108,77,0,0,77,77,0,0,0,True,False,0
13109,11,0,0,11,11,0,0,0,True,False,0
13110,11,0,0,11,11,0,0,0,True,False,0
13111,13,0,0,13,13,0,0,0,True,False,0
13112,12,0,0,12,12,0,0,0,True,False,0
13113,12,0,0,12,12,0,0,0,True,False,0
13114,7,0,0,7,7,0,0,0,True,False,0
13115,6,0,0,6,6,0,0,0,True,False,0
13116,8,0,0,8,8,0,0,0,True,False,0
13117,9,0,0,9,9,0,0,0,True,False,0
13118,7,0,0,7,7,0,0,0,True,False,0
13119,7,0,0,7,7,0,0,0,True,False,0
13120,9,0,0,9,9,0,0,0,True,False,0
13121,9,0,0,9,9,0,0,0,True,False,0
13122,9,0,0,9,9,0,0,0,True,False,0
13123,6,0,0,6,6,0,0,0,True,False,0
13124,7,0,0,7,7,0,0,0,True,False,0
13125,6,0,0,6,6,0,0,0,True,False,0
13126,7,0,0,7,7,0,0,0,True,False,0
13127,8,0,0,8,8,0,0,0,True,False,0
13128,7,0,0,7,7,0,0,0,True,False,0
13129,7,0,0,7,7,0,0,0,True,False,0
13130,14,0,0,14,14,0,0,0,True,False,0
13131,14,0,0,14,14,0,0,0,True,False,0
13132,12,0,0,12,12,0,0,0,True,False,0
13133,12,0,0,12,12,0,0,0,True,False,0
13134,13,0,0,13,13,0,0,0,True,False,0
13135,13,0,0,13,13,0,0,0,True,False,0
13136,13,0,0,13,13,0,0,0,True,False,0
13137,14,0,0,14,14,0,0,0,True,False,0
13138,4,0,0,4,4,0,0,0,True,False,0
13139,4,0,0,4,4,0,0,0,True,False,0
13140,6,0,0,6,6,0,0,0,True,False,0
13141,4,0,0,4,4,0,0,0,True,False,0
13142,12,0,0,12,12,0,0,0,True,False,0
13143,6,0,0,6,6,0,0,0,True,False,0
13144,6,0,0,6,6,0,0,0,True,False,0
13145,6,0,0,6,6,0,0,0,True,False,0
13146,11,0,0,11,11,0,0,0,True,False,0
13147,10,0,0,10,10,0,0,0,True,False,0
13148,13,0,0,13,13,0,0,0,True,False,0
13149,11,0,0,11,11,0,0,0,True,False,0
13150,14,0,0,14,14,0,0,0,True,False,0
13151,12,0,0,12,12,0,0,0,True,False,0
13152,13,0,0,13,13,0,0,0,True,False,0
13153,7,0,0,7,7,0,0,0,True,False,0
13154,11,0,0,11,11,0,0,0,True,False,0
13155,11,0,0,11,11,0,0,0,True,False,0
13156,10,0,0,10,10,0,0,0,True,False,0
13157,10,0,0,10,10,0,0,0,True,False,0
13158,11,0,0,11,11,0,0,0,True,False,0
13159,11,0,0,11,11,0,0,0,True,False,0
13160,10,0,0,10,10,0,0,0,True,False,0
13161,10,0,0,10,10,0,0,0,True,False,0
13162,11,1,1,11,11,0,0,0,True,False,0
13163,7,7,7,7,7,0,0,0,True,False,0
13164,5,0,0,5,5,0,0,0,True,False,0
13165,9,0,0,9,9,0,0,0,True,False,0
13166,14,1,1,14,14,0,0,0,True,False,0
13167,0,122,0,0,0,0,0,0,True,False,0
13168,0,0,0,0,0,0,0,0,True,False,0
13169,91,0,0,91,91,0,0,0,True,False,0
13170,47,0,0,47,47,0,0,0,True,False,0
13171,74,0,0,74,74,0,0,0,True,False,0
13172,9,0,0,9,9,0,0,0,True,False,0
13173,12,1,1,12,12,0,0,0,True,False,0
13174,13,1,1,13,13,0,0,0,True,False,0
13175,13,1,1,13,13,0,0,0,True,False,0
13176,11,1,1,11,11,0,0,0,True,False,0
13177,7,0,0,7,7,0,0,0,True,False,0
13178,9,0,0,9,9,0,0,0,True,False,0
13179,9,0,0,9,9,0,0,0,True,False,0
13180,8,0,0,8,8,0,0,0,True,False,0
13181,8,0,0,8,8,0,0,0,True,False,0
13182,8,0,0,8,8,0,0,0,True,False,0
13183,7,0,0,7,7,0,0,0,True,False,0
13184,8,0,0,8,8,0,0,0,True,False,0
13185,8,0,0,8,8,0,0,0,True,False,0
13186,6,0,0,6,6,0,0,0,True,False,0
13187,6,0,0,6,6,0,0,0,True,False,0
13188,6,0,0,6,6,0,0,0,True,False,0
13189,7,0,0,7,7,0,0,0,True,False,0
13190,6,0,0,6,6,0,0,0,True,False,0
13191,8,0,0,8,8,0,0,0,True,False,0
13192,6,0,0,6,6,0,0,0,True,False,0
13193,12,0,0,12,12,0,0,0,True,False,0
13194,14,0,0,14,14,0,0,0,True,False,0
13195,12,0,0,12,12,0,0,0,True,False,0
13196,15,0,0,15,15,0,0,0,True,False,0
13197,14,0,0,14,14,0,0,0,True,False,0
13198,14,0,0,14,14,0,0,0,True,False,0
13199,15,0,0,15,15,0,0,0,True,False,0
13200,16,0,0,16,16,0,0,0,True,False,0
13201,4,0,0,4,4,0,0,0,True,False,0
13202,4,0,0,4,4,0,0,0,True,False,0
13203,6,0,0,6,6,0,0,0,True,False,0
13204,4,0,0,4,4,0,0,0,True,False,0
13205,12,0,0,12,12,0,0,0,True,False,0
13206,6,0,0,6,6,0,0,0,True,False,0
13207,6,0,0,6,6,0,0,0,True,False,0
13208,6,0,0,6,6,0,0,0,True,False,0
13209,11,0,0,11,11,0,0,0,True,False,0
13210,5,0,0,5,5,0,0,0,True,False,0
13211,10,0,0,10,10,0,0,0,True,False,0
13212,11,0,0,11,11,0,0,0,True,False,0
13213,7,0,0,7,7,0,0,0,True,False,0
13214,12,0,0,12,12,0,0,0,True,False,0
13215,19,0,0,19,19,0,0,0,True,False,0
13216,7,0,0,7,7,0,0,0,True,False,0
13217,9,0,0,9,9,0,0,0,True,False,0
13218,9,0,0,9,9,0,0,0,True,False,0
13219,13,0,0,13,13,0,0,0,True,False,0
13220,10,0,0,10,10,0,0,0,True,False,0
13221,12,0,0,12,12,0,0,0,True,False,0
13222,9,0,0,9,9,0,0,0,True,False,0
13223,11,0,0,11,11,0,0,0,True,False,0
13224,10,0,0,10,10,0,0,0,True,False,0
13225,8,0,0,8,8,0,0,0,True,False,0
13226,8,8,8,8,8,0,0,0,True,False,0
13227,5,0,0,5,5,0,0,0,True,False,0
13228,10,1,1,10,10,0,0,0,True,False,0
13229,9,0,0,9,9,0,0,0,True,False,0
13230,1,123,1,1,1,0,0,0,True,False,0
13231,0,0,0,0,0,0,0,0,True,False,0
13232,88,0,0,88,88,0,0,0,True,False,0
13233,52,0,0,52,52,0,0,0,True,False,0
13234,77,0,0,77,77,0,0,0,True,False,0
13235,8,1,1,8,8,0,0,0,True,False,0
13236,8,0,0,8,8,0,0,0,True,False,0
13237,8,0,0,8,8,0,0,0,True,False,0
13238,9,0,0,9,9,0,0,0,True,False,0
13239,8,0,0,8,8,0,0,0,True,False,0
13240,8,0,0,8,8,0,0,0,True,False,0
13241,7,0,0,7,7,0,0,0,True,False,0
13242,7,0,0,7,7,0,0,0,True,False,0
13243,8,0,0,8,8,0,0,0,True,False,0
13244,7,0,0,7,7,0,0,0,True,False,0
13245,8,0,0,8,8,0,0,0,True,False,0
13246,6,0,0,6,6,0,0,0,True,False,0
13247,8,0,0,8,8,0,0,0,True,False,0
13248,6,0,0,6,6,0,0,0,True,False,0
13249,9,0,0,9,9,0,0,0,True,False,0
13250,7,0,0,7,7,0,0,0,True,False,0
13251,6,0,0,6,6,0,0,0,True,False,0
13252,8,0,0,8,8,0,0,0,True,False,0
13253,6,0,0,6,6,0,0,0,True,False,0
13254,8,0,0,8,8,0,0,0,True,False,0
13255,7,0,0,7,7,0,0,0,True,False,0
13256,15,0,0,15,15,0,0,0,True,False,0
13257,15,0,0,15,15,0,0,0,True,False,0
13258,13,0,0,13,13,0,0,0,True,False,0
13259,12,0,0,12,12,0,0,0,True,False,0
13260,13,0,0,13,13,0,0,0,True,False,0
13261,13,0,0,13,13,0,0,0,True,False,0
13262,13,0,0,13,13,0,0,0,True,False,0
13263,14,0,0,14,14,0,0,0,True,False,0
13264,4,0,0,4,4,0,0,0,True,False,0
13265,4,0,0,4,4,0,0,0,True,False,0
13266,6,0,0,6,6,0,0,0,True,False,0
13267,4,0,0,4,4,0,0,0,True,False,0
13268,12,0,0,12,12,0,0,0,True,False,0
13269,6,0,0,6,6,0,0,0,True,False,0
13270,6,0,0,6,6,0,0,0,True,False,0
13271,6,0,0,6,6,0,0,0,True,False,0
13272,7,0,0,7,7,0,0,0,True,False,0
13273,4,0,0,4,4,0,0,0,True,False,0
13274,12,0,0,12,12,0,0,0,True,False,0
13275,14,0,0,14,14,0,0,0,True,False,0
13276,12,0,0,12,12,0,0,0,True,False,0
13277,4,0,0,4,4,0,0,0,True,False,0
13278,8,0,0,8,8,0,0,0,True,False,0
13279,8,0,0,8,8,0,0,0,True,False,0
13280,8,0,0,8,8,0,0,0,True,False,0
13281,10,0,0,10,10,0,0,0,True,False,0
13282,10,0,0,10,10,0,0,0,True,False,0
13283,12,0,0,12,12,0,0,0,True,False,0
13284,8,0,0,8,8,0,0,0,True,False,0
13285,13,0,0,13,13,0,0,0,True,False,0
13286,11,0,0,11,11,0,0,0,True,False,0
13287,12,0,0,12,12,0,0,0,True,False,0
13288,9,0,0,9,9,0,0,0,True,False,0
13289,7,7,7,7,7,0,0,0,True,False,0
13290,5,0,0,5,5,0,0,0,True,False,0
13291,10,0,0,10,10,0,0,0,True,False,0
13292,9,0,0,9,9,0,0,0,True,False,0
13293,9,128,9,9,9,0,0,0,True,False,0
13294,200,0,0,200,200,0,0,0,True,False,0
13295,94,0,0,94,94,0,0,0,True,False,0
13296,48,0,0,48,48,0,0,0,True,False,0
13297,76,0,0,76,76,0,0,0,True,False,0
13298,8,0,0,8,8,0,0,0,True,False,0
13299,7,0,0,7,7,0,0,0,True,False,0
13300,14,0,0,14,14,0,0,0,True,False,0
13301,7,0,0,7,7,0,0,0,True,False,0
13302,9,0,0,9,9,0,0,0,True,False,0
13303,10,0,0,10,10,0,0,0,True,False,0
13304,8,0,0,8,8,0,0,0,True,False,0
13305,8,0,0,8,8,0,0,0,True,False,0
13306,8,0,0,8,8,0,0,0,True,False,0
13307,6,0,0,6,6,0,0,0,True,False,0
13308,7,0,0,7,7,0,0,0,True,False,0
13309,8,0,0,8,8,0,0,0,True,False,0
13310,7,0,0,7,7,0,0,0,True,False,0
13311,8,0,0,8,8,0,0,0,True,False,0
13312,6,0,0,6,6,0,0,0,True,False,0
13313,9,0,0,9,9,0,0,0,True,False,0
13314,7,0,0,7,7,0,0,0,True,False,0
13315,7,0,0,7,7,0,0,0,True,False,0
13316,9,0,0,9,9,0,0,0,True,False,0
13317,6,0,0,6,6,0,0,0,True,False,0
13318,6,0,0,6,6,0,0,0,True,False,0
13319,13,0,0,13,13,0,0,0,True,False,0
13320,13,0,0,13,13,0,0,0,True,False,0
13321,13,0,0,13,13,0,0,0,True,False,0
13322,12,0,0,12,12,0,0,0,True,False,0
13323,14,0,0,14,14,0,0,0,True,False,0
13324,13,0,0,13,13,0,0,0,True,False,0
13325,13,0,0,13,13,0,0,0,True,False,0
13326,13,0,0,13,13,0,0,0,True,False,0
13327,4,0,0,4,4,0,0,0,True,False,0
13328,4,0,0,4,4,0,0,0,True,False,0
13329,6,0,0,6,6,0,0,0,True,False,0
13330,4,0,0,4,4,0,0,0,True,False,0
13331,12,0,0,12,12,0,0,0,True,False,0
13332,6,0,0,6,6,0,0,0,True,False,0
13333,6,0,0,6,6,0,0,0,True,False,0
13334,6,0,0,6,6,0,0,0,True,False,0
13335,11,0,0,11,11,0,0,0,True,False,0
13336,9,0,0,9,9,0,0,0,True,False,0
13337,13,0,0,13,13,0,0,0,True,False,0
13338,5,0,0,5,5,0,0,0,True,False,0
13339,10,0,0,10,10,0,0,0,True,False,0
13340,7,0,0,7,7,0,0,0,True,False,0
13341,14,0,0,14,14,0,0,0,True,False,0
13342,12,0,0,12,12,0,0,0,True,False,0
13343,9,0,0,9,9,0,0,0,True,False,0
13344,12,0,0,12,12,0,0,0,True,False,0
13345,10,0,0,10,10,0,0,0,True,False,0
13346,10,0,0,10,10,0,0,0,True,False,0
13347,9,0,0,9,9,0,0,0,True,False,0
13348,12,0,0,12,12,0,0,0,True,False,0
13349,9,0,0,9,9,0,0,0,True,False,0
13350,10,0,0,10,10,0,0,0,True,False,0
13351,8,0,0,8,8,0,0,0,True,False,0
13352,8,8,8,8,8,0,0,0,True,False,0
13353,5,0,0,5,5,0,0,0,True,False,0
13354,8,0,0,8,8,0,0,0,True,False,0
13355,9,0,0,9,9,0,0,0,True,False,0
13356,0,116,0,0,0,0,0,0,True,False,0
13357,0,0,0,0,0,0,0,0,True,False,0
13358,94,0,0,94,94,0,0,0,True,False,0
13359,53,0,0,53,53,0,0,0,True,False,0
13360,77,0,0,77,77,0,0,0,True,False,0
13361,7,0,0,7,7,0,0,0,True,False,0
13362,9,0,0,9,9,0,0,0,True,False,0
13363,8,0,0,8,8,0,0,0,True,False,0
13364,9,0,0,9,9,0,0,0,True,False,0
13365,11,0,0,11,11,0,0,0,True,False,0
13366,8,0,0,8,8,0,0,0,True,False,0
13367,7,0,0,7,7,0,0,0,True,False,0
13368,6,0,0,6,6,0,0,0,True,False,0
13369,9,0,0,9,9,0,0,0,True,False,0
13370,8,0,0,8,8,0,0,0,True,False,0
13371,8,0,0,8,8,0,0,0,True,False,0
13372,7,0,0,7,7,0,0,0,True,False,0
13373,7,0,0,7,7,0,0,0,True,False,0
13374,7,0,0,7,7,0,0,0,True,False,0
13375,7,0,0,7,7,0,0,0,True,False,0
13376,5,0,0,5,5,0,0,0,True,False,0
13377,6,0,0,6,6,0,0,0,True,False,0
13378,9,0,0,9,9,0,0,0,True,False,0
13379,6,0,0,6,6,0,0,0,True,False,0
13380,6,0,0,6,6,0,0,0,True,False,0
13381,6,0,0,6,6,0,0,0,True,False,0
13382,16,0,0,16,16,0,0,0,True,False,0
13383,14,0,0,14,14,0,0,0,True,False,0
13384,13,0,0,13,13,0,0,0,True,False,0
13385,14,0,0,14,14,0,0,0,True,False,0
13386,14,0,0,14,14,0,0,0,True,False,0
13387,14,0,0,14,14,0,0,0,True,False,0
13388,13,0,0,13,13,0,0,0,True,False,0
13389,15,0,0,15,15,0,0,0,True,False,0
13390,4,0,0,4,4,0,0,0,True,False,0
13391,4,0,0,4,4,0,0,0,True,False,0
13392,6,0,0,6,6,0,0,0,True,False,0
13393,4,0,0,4,4,0,0,0,True,False,0
13394,11,0,0,11,11,0,0,0,True,False,0
13395,6,0,0,6,6,0,0,0,True,False,0
13396,6,0,0,6,6,0,0,0,True,False,0
13397,6,0,0,6,6,0,0,0,True,False,0
13398,14,0,0,14,14,0,0,0,True,False,0
13399,7,0,0,7,7,0,0,0,True,False,0
13400,9,0,0,9,9,0,0,0,True,False,0
13401,4,0,0,4,4,0,0,0,True,False,0
13402,11,0,0,11,11,0,0,0,True,False,0
13403,12,0,0,12,12,0,0,0,True,False,0
13404,13,0,0,13,13,0,0,0,True,False,0
13405,4,0,0,4,4,0,0,0,True,False,0
13406,11,0,0,11,11,0,0,0,True,False,0
13407,10,0,0,10,10,0,0,0,True,False,0
13408,10,0,0,10,10,0,0,0,True,False,0
13409,11,0,0,11,11,0,0,0,True,False,0
13410,10,0,0,10,10,0,0,0,True,False,0
13411,10,0,0,10,10,0,0,0,True,False,0
13412,11,0,0,11,11,0,0,0,True,False,0
13413,10,0,0,10,10,0,0,0,True,False,0
13414,9,0,0,9,9,0,0,0,True,False,0
13415,7,7,7,7,7,0,0,0,True,False,0
13416,5,0,0,5,5,0,0,0,True,False,0
13417,9,0,0,9,9,0,0,0,True,False,0
13418,10,0,0,10,10,0,0,0,True,False,0
13419,0,121,0,0,0,0,0,0,True,False,0
13420,0,0,0,0,0,0,0,0,True,False,0
13421,90,0,0,90,90,0,0,0,True,False,0
13422,51,0,0,51,51,0,0,0,True,False,0
13423,71,0,0,71,71,0,0,0,True,False,0
13424,8,0,0,8,8,0,0,0,True,False,0
13425,9,0,0,9,9,0,0,0,True,False,0
13426,10,0,0,10,10,0,0,0,True,False,0
13427,9,0,0,9,9,0,0,0,True,False,0
13428,10,0,0,10,10,0,0,0,True,False,0
13429,8,0,0,8,8,0,0,0,True,False,0
13430,7,0,0,7,7,0,0,0,True,False,0
13431,8,0,0,8,8,0,0,0,True,False,0
13432,8,0,0,8,8,0,0,0,True,False,0
13433,7,0,0,7,7,0,0,0,True,False,0
13434,8,0,0,8,8,0,0,0,True,False,0
13435,8,0,0,8,8,0,0,0,True,False,0
13436,8,0,0,8,8,0,0,0,True,False,0
13437,7,0,0,7,7,0,0,0,True,False,0
13438,8,0,0,8,8,0,0,0,True,False,0
13439,9,0,0,9,9,0,0,0,True,False,0
13440,8,0,0,8,8,0,0,0,True,False,0
13441,9,0,0,9,9,0,0,0,True,False,0
13442,7,0,0,7,7,0,0,0,True,False,0
13443,7,0,0,7,7,0,0,0,True,False,0
13444,8,0,0,8,8,0,0,0,True,False,0
13445,11,0,0,11,11,0,0,0,True,False,0
13446,13,0,0,13,13,0,0,0,True,False,0
13447,16,0,0,16,16,0,0,0,True,False,0
13448,12,0,0,12,12,0,0,0,True,False,0
13449,15,0,0,15,15,0,0,0,True,False,0
13450,14,0,0,14,14,0,0,0,True,False,0
13451,14,0,0,14,14,0,0,0,True,False,0
13452,14,0,0,14,14,0,0,0,True,False,0
13453,4,0,0,4,4,0,0,0,True,False,0
13454,4,0,0,4,4,0,0,0,True,False,0
13455,6,0,0,6,6,0,0,0,True,False,0
13456,4,0,0,4,4,0,0,0,True,False,0
13457,12,0,0,12,12,0,0,0,True,False,0
13458,6,0,0,6,6,0,0,0,True,False,0
13459,6,0,0,6,6,0,0,0,True,False,0
13460,6,0,0,6,6,0,0,0,True,False,0
13461,9,0,0,9,9,0,0,0,True,False,0
13462,8,0,0,8,8,0,0,0,True,False,0
13463,14,0,0,14,14,0,0,0,True,False,0
13464,11,0,0,11,11,0,0,0,True,False,0
13465,13,0,0,13,13,0,0,0,True,False,0
13466,9,0,0,9,9,0,0,0,True,False,0
13467,10,0,0,10,10,0,0,0,True,False,0
13468,8,0,0,8,8,0,0,0,True,False,0
13469,1,0,0,1,1,0,0,0,True,True,0
13470,10,0,0,10,10,0,0,0,True,False,0
13471,13,0,0,13,13,0,0,0,True,False,0
13472,11,0,0,11,11,0,0,0,True,False,0
13473,11,0,0,11,11,0,0,0,True,False,0
13474,10,0,0,10,10,0,0,0,True,False,0
13475,11,0,0,11,11,0,0,0,True,False,0
13476,11,0,0,11,11,0,0,0,True,False,0
13477,11,0,0,11,11,0,0,0,True,False,0
13478,9,0,0,9,9,0,0,0,True,False,0
13479,8,8,8,8,8,0,0,0,True,False,0
13480,5,0,0,5,5,0,0,0,True,False,0
13481,9,0,0,9,9,0,0,0,True,False,0
13482,9,0,0,9,9,0,0,0,True,False,0
13483,0,118,0,0,0,0,0,0,True,False,0
13484,0,0,0,0,0,0,0,0,True,False,0
13485,92,0,0,92,92,0,0,0,True,False,0
13486,47,0,0,47,47,0,0,0,True,False,0
13487,75,0,0,75,75,0,0,0,True,False,0
13488,9,0,0,9,9,0,0,0,True,False,0
13489,11,0,0,11,11,0,0,0,True,False,0
13490,8,0,0,8,8,0,0,0,True,False,0
13491,11,0,0,11,11,0,0,0,True,False,0
13492,8,0,0,8,8,0,0,0,True,False,0
13493,7,0,0,7,7,0,0,0,True,False,0
13494,8,0,0,8,8,0,0,0,True,False,0
13495,7,0,0,7,7,0,0,0,True,False,0
13496,8,0,0,8,8,0,0,0,True,False,0
13497,8,0,0,8,8,0,0,0,True,False,0
13498,6,0,0,6,6,0,0,0,True,False,0
13499,7,0,0,7,7,0,0,0,True,False,0
13500,7,0,0,7,7,0,0,0,True,False,0
13501,9,0,0,9,9,0,0,0,True,False,0
13502,7,0,0,7,7,0,0,0,True,False,0
13503,8,0,0,8,8,0,0,0,True,False,0
13504,8,0,0,8,8,0,0,0,True,False,0
13505,8,0,0,8,8,0,0,0,True,False,0
13506,7,0,0,7,7,0,0,0,True,False,0
13507,6,0,0,6,6,0,0,0,True,False,0
13508,7,0,0,7,7,0,0,0,True,False,0
13509,14,0,0,14,14,0,0,0,True,False,0
13510,14,0,0,14,14,0,0,0,True,False,0
13511,14,0,0,14,14,0,0,0,True,False,0
13512,12,0,0,12,12,0,0,0,True,False,0
13513,14,0,0,14,14,0,0,0,True,False,0
13514,14,0,0,14,14,0,0,0,True,False,0
13515,13,0,0,13,13,0,0,0,True,False,0
13516,12,0,0,12,12,0,0,0,True,False,0
13517,4,0,0,4,4,0,0,0,True,False,0
13518,4,0,0,4,4,0,0,0,True,False,0
13519,6,0,0,6,6,0,0,0,True,False,0
13520,4,0,0,4,4,0,0,0,True,False,0
13521,12,0,0,12,12,0,0,0,True,False,0
13522,6,0,0,6,6,0,0,0,True,False,0
13523,6,0,0,6,6,0,0,0,True,False,0
13524,6,0,0,6,6,0,0,0,True,False,0
13525,9,0,0,9,9,0,0,0,True,False,0
13526,10,0,0,10,10,0,0,0,True,False,0
13527,8,0,0,8,8,0,0,0,True,False,0
13528,9,0,0,9,9,0,0,0,True,False,0
13529,10,0,0,10,10,0,0,0,True,False,0
13530,15,0,0,15,15,0,0,0,True,False,0
13531,9,0,0,9,9,0,0,0,True,False,0
13532,12,0,0,12,12,0,0,0,True,False,0
13533,1,0,0,1,1,0,0,0,True,True,0
13534,1,0,0,1,1,0,0,0,True,True,0
13535,1,0,0,1,1,0,0,0,True,True,0
13536,1,0,0,1,1,0,0,0,True,True,0
13537,1,0,0,1,1,0,0,0,True,True,0
13538,1,0,0,1,1,0,0,0,True,True,0
13539,1,0,0,1,1,0,0,0,True,True,0
13540,10,0,0,10,10,0,0,0,True,False,0
13541,9,0,0,9,9,0,0,0,True,False,0
13542,8,0,0,8,8,0,0,0,True,False,0
13543,11,0,0,11,11,0,0,0,True,False,0
13544,10,0,0,10,10,0,0,0,True,False,0
13545,9,0,0,9,9,0,0,0,True,False,0
13546,8,0,0,8,8,0,0,0,True,False,0
13547,10,0,0,10,10,0,0,0,True,False,0
13548,7,0,0,7,7,0,0,0,True,False,0
13549,6,6,6,6,6,0,0,0,True,False,0
13550,5,0,0,5,5,0,0,0,True,False,0
13551,6,0,0,6,6,0,0,0,True,False,0
13552,7,0,0,7,7,0,0,0,True,False,0
13553,0,105,0,0,0,0,0,0,True,False,0
13554,0,0,0,0,0,0,0,0,True,False,0
13555,83,0,0,83,83,0,0,0,True,False,0
13556,48,0,0,48,48,0,0,0,True,False,0
13557,71,0,0,71,71,0,0,0,True,False,0
13558,7,0,0,7,7,0,0,0,True,False,0
13559,9,0,0,9,9,0,0,0,True,False,0
13560,7,0,0,7,7,0,0,0,True,False,0
13561,8,0,0,8,8,0,0,0,True,False,0
13562,7,0,0,7,7,0,0,0,True,False,0
13563,6,0,0,6,6,0,0,0,True,False,0
13564,6,0,0,6,6,0,0,0,True,False,0
13565,8,0,0,8,8,0,0,0,True,False,0
13566,8,0,0,8,8,0,0,0,True,False,0
13567,6,0,0,6,6,0,0,0,True,False,0
13568,7,0,0,7,7,0,0,0,True,False,0
13569,6,0,0,6,6,0,0,0,True,False,0
13570,6,0,0,6,6,0,0,0,True,False,0
13571,6,0,0,6,6,0,0,0,True,False,0
13572,5,0,0,5,5,0,0,0,True,False,0
13573,7,0,0,7,7,0,0,0,True,False,0
13574,7,0,0,7,7,0,0,0,True,False,0
13575,6,0,0,6,6,0,0,0,True,False,0
13576,4,0,0,4,4,0,0,0,True,False,0
13577,6,0,0,6,6,0,0,0,True,False,0
13578,7,0,0,7,7,0,0,0,True,False,0
13579,14,0,0,14,14,0,0,0,True,False,0
13580,11,0,0,11,11,0,0,0,True,False,0
13581,13,0,0,13,13,0,0,0,True,False,0
13582,12,0,0,12,12,0,0,0,True,False,0
13583,11,0,0,11,11,0,0,0,True,False,0
13584,12,0,0,12,12,0,0,0,True,False,0
13585,11,0,0,11,11,0,0,0,True,False,0
13586,11,0,0,11,11,0,0,0,True,False,0
13587,4,0,0,4,4,0,0,0,True,False,0
13588,3,0,0,3,3,0,0,0,True,False,0
13589,5,0,0,5,5,0,0,0,True,False,0
13590,4,0,0,4,4,0,0,0,True,False,0
13591,11,0,0,11,11,0,0,0,True,False,0
13592,6,0,0,6,6,0,0,0,True,False,0
13593,6,0,0,6,6,0,0,0,True,False,0
13594,5,0,0,5,5,0,0,0,True,False,0
13595,8,0,0,8,8,0,0,0,True,False,0
13596,14,0,0,14,14,0,0,0,True,False,0
13597,9,0,0,9,9,0,0,0,True,False,0
13598,15,0,0,15,15,0,0,0,True,False,0
13599,8,0,0,8,8,0,0,0,True,False,0
13600,7,0,0,7,7,0,0,0,True,False,0
13601,8,0,0,8,8,0,0,0,True,False,0
13602,12,0,0,12,12,0,0,0,True,False,0
13603,4,0,0,4,4,0,0,0,True,False,0
13604,2,0,0,2,2,0,0,0,False,True,0
13605,2,0,0,2,2,0,0,0,False,True,0
13606,2,0,0,2,2,0,0,0,False,True,0
13607,2,0,0,2,2,0,0,0,False,True,0
13608,2,0,0,2,2,0,0,0,False,True,0
13609,2,0,0,2,2,0,0,0,False,True,0
13610,2,0,0,2,2,0,0,0,False,True,0
13611,2,0,0,2,2,0,0,0,False,True,0
13612,2,0,0,2,2,0,0,0,False,True,0
13613,2,1,1,2,2,0,0,0,False,True,0
13614,2,0,0,2,2,0,0,0,False,True,0
13615,2,0,0,2,2,0,0,0,False,True,0
13616,2,0,0,2,2,0,0,0,False,True,0
13617,8,7,7,8,8,0,0,0,False,False,0
13618,54,0,0,54,54,0,0,0,False,False,0
13619,5,0,0,5,5,0,0,0,False,False,0
13620,5,0,0,5,5,0,0,0,False,False,0
13621,4,0,0,4,4,0,0,0,False,False,0
13622,2,0,0,2,2,0,0,0,False,True,0
13623,2,0,0,2,2,0,0,0,False,True,0
13624,2,0,0,2,2,0,0,0,False,True,0
13625,2,0,0,2,2,0,0,0,False,True,0
13626,2,0,0,2,2,0,0,0,False,True,0
13627,1,0,0,1,1,0,0,0,False,True,0
13628,2,1,1,2,2,0,0,0,False,True,0
13629,2,1,1,2,2,0,0,0,False,True,0
13630,2,1,1,2,2,0,0,0,False,True,0
13631,2,1,1,2,2,0,0,0,False,True,0
13632,2,1,1,2,2,0,0,0,False,True,0
13633,1,0,0,1,1,0,0,0,False,True,0
13634,1,0,0,1,1,0,0,0,False,True,0
13635,2,0,0,2,2,0,0,0,False,True,0
13636,2,0,0,2,2,0,0,0,False,True,0
13637,2,0,0,2,2,0,0,0,False,True,0
13638,2,0,0,2,2,0,0,0,False,True,0
13639,2,0,0,2,2,0,0,0,False,True,0
13640,2,0,0,2,2,0,0,0,False,True,0
13641,2,0,0,2,2,0,0,0,False,True,0
13642,2,0,0,2,2,0,0,0,False,True,0
13643,2,0,0,2,2,0,0,0,False,True,0
13644,2,0,0,2,2,0,0,0,False,True,0
13645,2,0,0,2,2,0,0,0,False,True,0
13646,2,0,0,2,2,0,0,0,False,True,0
13647,2,0,0,2,2,0,0,0,False,True,0
13648,2,0,0,2,2,0,0,0,False,True,0
13649,2,0,0,2,2,0,0,0,False,True,0
13650,2,0,0,2,2,0,0,0,False,True,0
13651,2,0,0,2,2,0,0,0,False,True,0
13652,2,0,0,2,2,0,0,0,False,True,0
13653,2,0,0,2,2,0,0,0,False,True,0
13654,2,0,0,2,2,0,0,0,False,True,0
13655,2,0,0,2,2,0,0,0,False,True,0
13656,2,0,0,2,2,0,0,0,False,True,0
13657,2,0,0,2,2,0,0,0,False,True,0
13658,2,0,0,2,2,0,0,0,False,True,0
13659,2,0,0,2,2,0,0,0,False,True,0
13660,2,0,0,2,2,0,0,0,False,True,0
13661,2,0,0,2,2,0,0,0,False,True,0
13662,2,0,0,2,2,0,0,0,False,True,0
13663,2,0,0,2,2,0,0,0,False,True,0
13664,2,0,0,2,2,0,0,0,False,True,0
13665,2,0,0,2,2,0,0,0,False,True,0
13666,2,0,0,2,2,0,0,0,False,True,0
13667,1,0,0,1,1,0,0,0,False,True,0
13668,2,0,0,2,2,0,0,0,False,True,0
13669,2,0,0,2,2,0,0,0,False,True,0
13670,1,0,0,1,1,0,0,0,False,True,0
13671,1,0,0,1,1,0,0,0,False,True,0
13672,1,0,0,1,1,0,0,0,False,True,0
13673,1,0,0,1,1,0,0,0,False,True,0
13674,1,0,0,1,1,0,0,0,False,True,0
13675,1,0,0,1,1,0,0,0,False,True,0
13676,1,0,0,1,1,0,0,0,False,True,0
13677,1,0,0,1,1,0,0,0,False,True,0
13678,1,0,0,1,1,0,0,0,False,True,0
13679,1,0,0,1,1,0,0,0,False,True,0
13680,1,0,0,1,1,0,0,0,False,True,0
13681,1,0,0,1,1,0,0,0,False,True,0
13682,2,0,0,2,2,0,0,0,False,True,0
13683,10,0,0,10,10,0,0,0,True,False,0
13684,10,0,0,10,10,0,0,0,True,False,0
13685,11,0,0,11,11,0,0,0,True,False,0
13686,12,0,0,12,12,0,0,0,True,False,0
13687,8,0,0,8,8,0,0,0,True,False,0
13688,12,0,0,12,12,0,0,0,True,False,0
13689,11,0,0,11,11,0,0,0,True,False,0
13690,9,0,0,9,9,0,0,0,True,False,0
13691,12,0,0,12,12,0,0,0,True,False,0
13692,7,7,7,7,7,0,0,0,True,False,0
13693,5,0,0,5,5,0,0,0,True,False,0
13694,13,0,0,13,13,0,0,0,True,False,0
13695,9,0,0,9,9,0,0,0,True,False,0
13696,3,127,3,3,3,0,0,0,True,False,0
13697,146,0,0,146,146,0,0,0,True,False,0
13698,94,0,0,94,94,0,0,0,True,False,0
13699,48,0,0,48,48,0,0,0,True,False,0
13700,73,0,0,73,73,0,0,0,True,False,0
13701,10,0,0,10,10,0,0,0,True,False,0
13702,10,0,0,10,10,0,0,0,True,False,0
13703,13,0,0,13,13,0,0,0,True,False,0
13704,11,0,0,11,11,0,0,0,True,False,0
13705,10,0,0,10,10,0,0,0,True,False,0
13706,7,4,4,7,7,0,0,0,True,False,0
13707,7,3,3,7,7,0,0,0,True,False,0
13708,8,3,3,8,8,0,0,0,True,False,0
13709,7,3,3,7,7,0,0,0,True,False,0
13710,7,3,3,7,7,0,0,0,True,False,0
13711,6,2,2,6,6,0,0,0,True,False,0
13712,9,3,3,9,9,0,0,0,True,False,0
13713,7,3,3,7,7,0,0,0,True,False,0
13714,6,0,0,6,6,0,0,0,True,False,0
13715,7,0,0,7,7,0,0,0,True,False,0
13716,7,0,0,7,7,0,0,0,True,False,0
13717,6,0,0,6,6,0,0,0,True,False,0
13718,7,0,0,7,7,0,0,0,True,False,0
13719,8,0,0,8,8,0,0,0,True,False,0
13720,6,0,0,6,6,0,0,0,True,False,0
13721,7,0,0,7,7,0,0,0,True,False,0
13722,13,0,0,13,13,0,0,0,True,False,0
13723,12,0,0,12,12,0,0,0,True,False,0
13724,14,0,0,14,14,0,0,0,True,False,0
13725,13,0,0,13,13,0,0,0,True,False,0
13726,17,0,0,17,17,0,0,0,True,False,0
13727,13,0,0,13,13,0,0,0,True,False,0
13728,14,0,0,14,14,0,0,0,True,False,0
13729,12,0,0,12,12,0,0,0,True,False,0
13730,6,0,0,6,6,0,0,0,True,False,0
13731,6,0,0,6,6,0,0,0,True,False,0
13732,4,0,0,4,4,0,0,0,True,False,0
13733,12,0,0,12,12,0,0,0,True,False,0
13734,12,0,0,12,12,0,0,0,True,False,0
13735,4,0,0,4,4,0,0,0,True,False,0
13736,4,0,0,4,4,0,0,0,True,False,0
13737,4,0,0,4,4,0,0,0,True,False,0
13738,7,0,0,7,7,0,0,0,True,False,0
13739,7,0,0,7,7,0,0,0,True,False,0
13740,4,0,0,4,4,0,0,0,True,False,0
13741,9,0,0,9,9,0,0,0,True,False,0
13742,9,0,0,9,9,0,0,0,True,False,0
13743,4,0,0,4,4,0,0,0,True,False,0
13744,13,0,0,13,13,0,0,0,True,False,0
13745,8,0,0,8,8,0,0,0,True,False,0
13746,1,0,0,1,1,0,0,0,True,True,0
13747,1,0,0,1,1,0,0,0,True,True,0
13748,1,0,0,1,1,0,0,0,True,True,0
13749,1,0,0,1,1,0,0,0,True,True,0
13750,1,0,0,1,1,0,0,0,True,True,0
13751,1,0,0,1,1,0,0,0,True,True,0
13752,1,0,0,1,1,0,0,0,True,True,0
13753,1,0,0,1,1,0,0,0,True,True,0
13754,1,0,0,1,1,0,0,0,True,True,0
13755,1,0,0,1,1,0,0,0,True,True,0
13756,1,0,0,1,1,0,0,0,True,True,0
13757,1,0,0,1,1,0,0,0,True,True,0
13758,1,0,0,1,1,0,0,0,True,True,0
13759,11,0,0,11,11,0,0,0,True,False,0
13760,11,0,0,11,11,0,0,0,True,False,0
13761,10,0,0,10,10,0,0,0,True,False,0
13762,11,0,0,11,11,0,0,0,True,False,0
13763,11,0,0,11,11,0,0,0,True,False,0
13764,9,0,0,9,9,0,0,0,True,False,0
13765,11,0,0,11,11,0,0,0,True,False,0
13766,11,0,0,11,11,0,0,0,True,False,0
13767,10,0,0,10,10,0,0,0,True,False,0
13768,8,8,8,8,8,0,0,0,True,False,0
13769,5,0,0,5,5,0,0,0,True,False,0
13770,12,0,0,12,12,0,0,0,True,False,0
13771,9,0,0,9,9,0,0,0,True,False,0
13772,0,125,0,0,0,0,0,0,True,False,0
13773,0,0,0,0,0,0,0,0,True,False,0
13774,92,0,0,92,92,0,0,0,True,False,0
13775,49,0,0,49,49,0,0,0,True,False,0
13776,78,0,0,78,78,0,0,0,True,False,0
13777,12,0,0,12,12,0,0,0,True,False,0
13778,10,0,0,10,10,0,0,0,True,False,0
13779,9,0,0,9,9,0,0,0,True,False,0
13780,9,0,0,9,9,0,0,0,True,False,0
13781,11,0,0,11,11,0,0,0,True,False,0
13782,8,0,0,8,8,0,0,0,True,False,0
13783,7,0,0,7,7,0,0,0,True,False,0
13784,10,0,0,10,10,0,0,0,True,False,0
13785,7,0,0,7,7,0,0,0,True,False,0
13786,7,0,0,7,7,0,0,0,True,False,0
13787,8,0,0,8,8,0,0,0,True,False,0
13788,7,0,0,7,7,0,0,0,True,False,0
13789,8,0,0,8,8,0,0,0,True,False,0
13790,6,0,0,6,6,0,0,0,True,False,0
13791,7,0,0,7,7,0,0,0,True,False,0
13792,7,0,0,7,7,0,0,0,True,False,0
13793,8,0,0,8,8,0,0,0,True,False,0
13794,7,0,0,7,7,0,0,0,True,False,0
13795,8,0,0,8,8,0,0,0,True,False,0
13796,5,0,0,5,5,0,0,0,True,False,0
13797,6,0,0,6,6,0,0,0,True,False,0
13798,12,0,0,12,12,0,0,0,True,False,0
13799,12,0,0,12,12,0,0,0,True,False,0
13800,11,0,0,11,11,0,0,0,True,False,0
13801,13,0,0,13,13,0,0,0,True,False,0
13802,13,0,0,13,13,0,0,0,True,False,0
13803,13,0,0,13,13,0,0,0,True,False,0
13804,13,0,0,13,13,0,0,0,True,False,0
13805,15,0,0,15,15,0,0,0,True,False,0
13806,6,0,0,6,6,0,0,0,True,False,0
13807,6,0,0,6,6,0,0,0,True,False,0
13808,4,0,0,4,4,0,0,0,True,False,0
13809,12,0,0,12,12,0,0,0,True,False,0
13810,12,0,0,12,12,0,0,0,True,False,0
13811,4,0,0,4,4,0,0,0,True,False,0
13812,4,0,0,4,4,0,0,0,True,False,0
13813,4,0,0,4,4,0,0,0,True,False,0
13814,15,0,0,15,15,0,0,0,True,False,0
13815,17,0,0,17,17,0,0,0,True,False,0
13816,10,0,0,10,10,0,0,0,True,False,0
13817,7,0,0,7,7,0,0,0,True,False,0
13818,8,0,0,8,8,0,0,0,True,False,0
13819,10,0,0,10,10,0,0,0,True,False,0
13820,7,0,0,7,7,0,0,0,True,False,0
13821,18,0,0,18,18,0,0,0,True,False,0
13822,12,0,0,12,12,0,0,0,True,False,0
13823,11,0,0,11,11,0,0,0,True,False,0
13824,11,0,0,11,11,0,0,0,True,False,0
13825,10,0,0,10,10,0,0,0,True,False,0
13826,7,0,0,7,7,0,0,0,True,False,0
13827,12,0,0,12,12,0,0,0,True,False,0
13828,10,0,0,10,10,0,0,0,True,False,0
13829,11,0,0,11,11,0,0,0,True,False,0
13830,10,0,0,10,10,0,0,0,True,False,0
13831,7,7,7,7,7,0,0,0,True,False,0
13832,5,0,0,5,5,0,0,0,True,False,0
13833,9,0,0,9,9,0,0,0,True,False,0
13834,11,0,0,11,11,0,0,0,True,False,0
13835,0,115,0,0,0,0,0,0,True,False,0
13836,0,0,0,0,0,0,0,0,True,False,0
13837,93,0,0,93,93,0,0,0,True,False,0
13838,48,0,0,48,48,0,0,0,True,False,0
13839,73,0,0,73,73,0,0,0,True,False,0
13840,10,0,0,10,10,0,0,0,True,False,0
13841,14,0,0,14,14,0,0,0,True,False,0
13842,10,0,0,10,10,0,0,0,True,False,0
13843,10,0,0,10,10,0,0,0,True,False,0
13844,10,0,0,10,10,0,0,0,True,False,0
13845,7,0,0,7,7,0,0,0,True,False,0
13846,7,0,0,7,7,0,0,0,True,False,0
13847,8,0,0,8,8,0,0,0,True,False,0
13848,6,0,0,6,6,0,0,0,True,False,0
13849,7,0,0,7,7,0,0,0,True,False,0
13850,8,0,0,8,8,0,0,0,True,False,0
13851,7,0,0,7,7,0,0,0,True,False,0
13852,9,0,0,9,9,0,0,0,True,False,0
13853,6,0,0,6,6,0,0,0,True,False,0
13854,6,0,0,6,6,0,0,0,True,False,0
13855,6,0,0,6,6,0,0,0,True,False,0
13856,7,0,0,7,7,0,0,0,True,False,0
13857,7,0,0,7,7,0,0,0,True,False,0
13858,6,0,0,6,6,0,0,0,True,False,0
13859,6,0,0,6,6,0,0,0,True,False,0
13860,8,0,0,8,8,0,0,0,True,False,0
13861,12,0,0,12,12,0,0,0,True,False,0
13862,15,0,0,15,15,0,0,0,True,False,0
13863,13,0,0,13,13,0,0,0,True,False,0
13864,16,0,0,16,16,0,0,0,True,False,0
13865,15,0,0,15,15,0,0,0,True,False,0
13866,15,0,0,15,15,0,0,0,True,False,0
13867,15,0,0,15,15,0,0,0,True,False,0
13868,13,0,0,13,13,0,0,0,True,False,0
13869,6,0,0,6,6,0,0,0,True,False,0
13870,6,0,0,6,6,0,0,0,True,False,0
13871,4,0,0,4,4,0,0,0,True,False,0
13872,12,0,0,12,12,0,0,0,True,False,0
13873,12,0,0,12,12,0,0,0,True,False,0
13874,4,0,0,4,4,0,0,0,True,False,0
13875,4,0,0,4,4,0,0,0,True,False,0
13876,4,0,0,4,4,0,0,0,True,False,0
13877,8,0,0,8,8,0,0,0,True,False,0
13878,7,0,0,7,7,0,0,0,True,False,0
13879,8,0,0,8,8,0,0,0,True,False,0
13880,14,0,0,14,14,0,0,0,True,False,0
13881,7,0,0,7,7,0,0,0,True,False,0
13882,6,0,0,6,6,0,0,0,True,False,0
13883,10,0,0,10,10,0,0,0,True,False,0
13884,12,0,0,12,12,0,0,0,True,False,0
13885,10,0,0,10,10,0,0,0,True,False,0
13886,11,0,0,11,11,0,0,0,True,False,0
13887,10,0,0,10,10,0,0,0,True,False,0
13888,9,0,0,9,9,0,0,0,True,False,0
13889,11,0,0,11,11,0,0,0,True,False,0
13890,11,0,0,11,11,0,0,0,True,False,0
13891,13,0,0,13,13,0,0,0,True,False,0
13892,11,0,0,11,11,0,0,0,True,False,0
13893,11,0,0,11,11,0,0,0,True,False,0
13894,8,8,8,8,8,0,0,0,True,False,0
13895,5,0,0,5,5,0,0,0,True,False,0
13896,10,0,0,10,10,0,0,0,True,False,0
13897,12,0,0,12,12,0,0,0,True,False,0
13898,0,129,0,0,0,0,0,0,True,False,0
13899,0,0,0,0,0,0,0,0,True,False,0
13900,91,0,0,91,91,0,0,0,True,False,0
13901,45,0,0,45,45,0,0,0,True,False,0
13902,72,0,0,72,72,0,0,0,True,False,0
13903,9,0,0,9,9,0,0,0,True,False,0
13904,12,0,0,12,12,0,0,0,True,False,0
13905,9,0,0,9,9,0,0,0,True,False,0
13906,11,0,0,11,11,0,0,0,True,False,0
13907,10,0,0,10,10,0,0,0,True,False,0
13908,7,0,0,7,7,0,0,0,True,False,0
13909,8,0,0,8,8,0,0,0,True,False,0
13910,7,0,0,7,7,0,0,0,True,False,0
13911,7,0,0,7,7,0,0,0,True,False,0
13912,7,0,0,7,7,0,0,0,True,False,0
13913,7,0,0,7,7,0,0,0,True,False,0
13914,9,0,0,9,9,0,0,0,True,False,0
13915,7,0,0,7,7,0,0,0,True,False,0
13916,7,0,0,7,7,0,0,0,True,False,0
13917,7,0,0,7,7,0,0,0,True,False,0
13918,7,0,0,7,7,0,0,0,True,False,0
13919,7,0,0,7,7,0,0,0,True,False,0
13920,7,0,0,7,7,0,0,0,True,False,0
13921,8,0,0,8,8,0,0,0,True,False,0
13922,6,0,0,6,6,0,0,0,True,False,0
13923,5,0,0,5,5,0,0,0,True,False,0
13924,13,0,0,13,13,0,0,0,True,False,0
13925,13,0,0,13,13,0,0,0,True,False,0
13926,12,0,0,12,12,0,0,0,True,False,0
13927,14,0,0,14,14,0,0,0,True,False,0
13928,13,0,0,13,13,0,0,0,True,False,0
13929,14,0,0,14,14,0,0,0,True,False,0
13930,14,0,0,14,14,0,0,0,True,False,0
13931,12,0,0,12,12,0,0,0,True,False,0
13932,6,0,0,6,6,0,0,0,True,False,0
13933,6,0,0,6,6,0,0,0,True,False,0
13934,4,0,0,4,4,0,0,0,True,False,0
13935,12,0,0,12,12,0,0,0,True,False,0
13936,12,0,0,12,12,0,0,0,True,False,0
13937,4,0,0,4,4,0,0,0,True,False,0
13938,4,0,0,4,4,0,0,0,True,False,0
13939,4,0,0,4,4,0,0,0,True,False,0
13940,15,0,0,15,15,0,0,0,True,False,0
13941,11,0,0,11,11,0,0,0,True,False,0
13942,10,0,0,10,10,0,0,0,True,False,0
13943,14,0,0,14,14,0,0,0,True,False,0
13944,8,0,0,8,8,0,0,0,True,False,0
13945,13,0,0,13,13,0,0,0,True,False,0
13946,7,0,0,7,7,0,0,0,True,False,0
13947,6,0,0,6,6,0,0,0,True,False,0
13948,11,0,0,11,11,0,0,0,True,False,0
13949,11,0,0,11,11,0,0,0,True,False,0
13950,8,0,0,8,8,0,0,0,True,False,0
13951,10,0,0,10,10,0,0,0,True,False,0
13952,10,0,0,10,10,0,0,0,True,False,0
13953,10,0,0,10,10,0,0,0,True,False,0
13954,9,0,0,9,9,0,0,0,True,False,0
13955,11,0,0,11,11,0,0,0,True,False,0
13956,9,1,1,9,9,0,0,0,True,False,0
13957,7,7,7,7,7,0,0,0,True,False,0
13958,5,0,0,5,5,0,0,0,True,False,0
13959,10,1,1,10,10,0,0,0,True,False,0
13960,10,1,1,10,10,0,0,0,True,False,0
13961,0,123,0,0,0,0,0,0,True,False,0
13962,0,0,0,0,0,0,0,0,True,False,0
13963,92,0,0,92,92,0,0,0,True,False,0
13964,46,0,0,46,46,0,0,0,True,False,0
13965,69,0,0,69,69,0,0,0,True,False,0
13966,11,1,1,11,11,0,0,0,True,False,0
13967,9,1,1,9,9,0,0,0,True,False,0
13968,10,1,1,10,10,0,0,0,True,False,0
13969,8,1,1,8,8,0,0,0,True,False,0
13970,10,1,1,10,10,0,0,0,True,False,0
13971,6,0,0,6,6,0,0,0,True,False,0
13972,7,0,0,7,7,0,0,0,True,False,0
13973,7,0,0,7,7,0,0,0,True,False,0
13974,9,0,0,9,9,0,0,0,True,False,0
13975,7,0,0,7,7,0,0,0,True,False,0
13976,7,0,0,7,7,0,0,0,True,False,0
13977,7,0,0,7,7,0,0,0,True,False,0
13978,6,0,0,6,6,0,0,0,True,False,0
13979,7,0,0,7,7,0,0,0,True,False,0
13980,7,0,0,7,7,0,0,0,True,False,0
13981,6,0,0,6,6,0,0,0,True,False,0
13982,6,0,0,6,6,0,0,0,True,False,0
13983,8,0,0,8,8,0,0,0,True,False,0
13984,6,0,0,6,6,0,0,0,True,False,0
13985,7,0,0,7,7,0,0,0,True,False,0
13986,7,0,0,7,7,0,0,0,True,False,0
13987,13,0,0,13,13,0,0,0,True,False,0
13988,11,0,0,11,11,0,0,0,True,False,0
13989,14,0,0,14,14,0,0,0,True,False,0
13990,15,0,0,15,15,0,0,0,True,False,0
13991,13,0,0,13,13,0,0,0,True,False,0
13992,13,0,0,13,13,0,0,0,True,False,0
13993,13,0,0,13,13,0,0,0,True,False,0
13994,13,0,0,13,13,0,0,0,True,False,0
13995,6,0,0,6,6,0,0,0,True,False,0
13996,6,0,0,6,6,0,0,0,True,False,0
13997,4,0,0,4,4,0,0,0,True,False,0
13998,12,0,0,12,12,0,0,0,True,False,0
13999,12,0,0,12,12,0,0,0,True,False,0
14000,4,0,0,4,4,0,0,0,True,False,0
14001,4,0,0,4,4,0,0,0,True,False,0
14002,4,0,0,4,4,0,0,0,True,False,0
14003,14,0,0,14,14,0,0,0,True,False,0
14004,13,0,0,13,13,0,0,0,True,False,0
14005,15,0,0,15,15,0,0,0,True,False,0
14006,17,0,0,17,17,0,0,0,True,False,0
14007,9,0,0,9,9,0,0,0,True,False,0
14008,7,0,0,7,7,0,0,0,True,False,0
14009,12,0,0,12,12,0,0,0,True,False,0
14010,6,0,0,6,6,0,0,0,True,False,0
14011,12,0,0,12,12,0,0,0,True,False,0
14012,11,0,0,11,11,0,0,0,True,False,0
14013,10,0,0,10,10,0,0,0,True,False,0
14014,11,0,0,11,11,0,0,0,True,False,0
14015,9,0,0,9,9,0,0,0,True,False,0
14016,10,0,0,10,10,0,0,0,True,False,0
14017,10,0,0,10,10,0,0,0,True,False,0
14018,11,0,0,11,11,0,0,0,True,False,0
14019,7,0,0,7,7,0,0,0,True,False,0
14020,8,8,8,8,8,0,0,0,True,False,0
14021,5,0,0,5,5,0,0,0,True,False,0
14022,10,0,0,10,10,0,0,0,True,False,0
14023,8,0,0,8,8,0,0,0,True,False,0
14024,10,120,10,10,10,0,0,0,True,False,0
14025,200,0,0,200,200,0,0,0,True,False,0
14026,94,0,0,94,94,0,0,0,True,False,0
14027,50,0,0,50,50,0,0,0,True,False,0
14028,74,0,0,74,74,0,0,0,True,False,0
14029,10,0,0,10,10,0,0,0,True,False,0
14030,9,0,0,9,9,0,0,0,True,False,0
14031,8,0,0,8,8,0,0,0,True,False,0
14032,9,0,0,9,9,0,0,0,True,False,0
14033,7,0,0,7,7,0,0,0,True,False,0
14034,6,0,0,6,6,0,0,0,True,False,0
14035,9,0,0,9,9,0,0,0,True,False,0
14036,7,0,0,7,7,0,0,0,True,False,0
14037,9,0,0,9,9,0,0,0,True,False,0
14038,7,0,0,7,7,0,0,0,True,False,0
14039,8,0,0,8,8,0,0,0,True,False,0
14040,8,0,0,8,8,0,0,0,True,False,0
14041,7,0,0,7,7,0,0,0,True,False,0
14042,6,0,0,6,6,0,0,0,True,False,0
14043,6,0,0,6,6,0,0,0,True,False,0
14044,7,0,0,7,7,0,0,0,True,False,0
14045,9,0,0,9,9,0,0,0,True,False,0
14046,9,0,0,9,9,0,0,0,True,False,0
14047,6,0,0,6,6,0,0,0,True,False,0
14048,7,0,0,7,7,0,0,0,True,False,0
14049,7,0,0,7,7,0,0,0,True,False,0
14050,14,0,0,14,14,0,0,0,True,False,0
14051,15,0,0,15,15,0,0,0,True,False,0
14052,13,0,0,13,13,0,0,0,True,False,0
14053,12,0,0,12,12,0,0,0,True,False,0
14054,13,0,0,13,13,0,0,0,True,False,0
14055,13,0,0,13,13,0,0,0,True,False,0
14056,14,0,0,14,14,0,0,0,True,False,0
14057,14,0,0,14,14,0,0,0,True,False,0
14058,6,0,0,6,6,0,0,0,True,False,0
14059,6,0,0,6,6,0,0,0,True,False,0
14060,4,0,0,4,4,0,0,0,True,False,0
14061,12,0,0,12,12,0,0,0,True,False,0
14062,12,0,0,12,12,0,0,0,True,False,0
14063,4,0,0,4,4,0,0,0,True,False,0
14064,4,0,0,4,4,0,0,0,True,False,0
14065,4,0,0,4,4,0,0,0,True,False,0
14066,7,0,0,7,7,0,0,0,True,False,0
14067,14,0,0,14,14,0,0,0,True,False,0
14068,6,0,0,6,6,0,0,0,True,False,0
14069,12,0,0,12,12,0,0,0,True,False,0
14070,13,0,0,13,13,0,0,0,True,False,0
14071,11,0,0,11,11,0,0,0,True,False,0
14072,7,0,0,7,7,0,0,0,True,False,0
14073,9,0,0,9,9,0,0,0,True,False,0
14074,9,0,0,9,9,0,0,0,True,False,0
14075,11,0,0,11,11,0,0,0,True,False,0
14076,10,0,0,10,10,0,0,0,True,False,0
14077,10,0,0,10,10,0,0,0,True,False,0
14078,11,0,0,11,11,0,0,0,True,False,0
14079,12,0,0,12,12,0,0,0,True,False,0
14080,11,0,0,11,11,0,0,0,True,False,0
14081,10,0,0,10,10,0,0,0,True,False,0
14082,8,0,0,8,8,0,0,0,True,False,0
14083,7,7,7,7,7,0,0,0,True,False,0
14084,5,0,0,5,5,0,0,0,True,False,0
14085,8,0,0,8,8,0,0,0,True,False,0
14086,7,0,0,7,7,0,0,0,True,False,0
14087,0,117,0,0,0,0,0,0,True,False,0
14088,0,0,0,0,0,0,0,0,True,False,0
14089,98,0,0,98,98,0,0,0,True,False,0
14090,49,0,0,49,49,0,0,0,True,False,0
14091,77,0,0,77,77,0,0,0,True,False,0
14092,8,0,0,8,8,0,0,0,True,False,0
14093,8,0,0,8,8,0,0,0,True,False,0
14094,9,0,0,9,9,0,0,0,True,False,0
14095,9,0,0,9,9,0,0,0,True,False,0
14096,9,0,0,9,9,0,0,0,True,False,0
14097,7,0,0,7,7,0,0,0,True,False,0
14098,5,0,0,5,5,0,0,0,True,False,0
14099,8,0,0,8,8,0,0,0,True,False,0
14100,7,0,0,7,7,0,0,0,True,False,0
14101,8,0,0,8,8,0,0,0,True,False,0
14102,8,0,0,8,8,0,0,0,True,False,0
14103,8,0,0,8,8,0,0,0,True,False,0
14104,6,0,0,6,6,0,0,0,True,False,0
14105,8,0,0,8,8,0,0,0,True,False,0
14106,7,0,0,7,7,0,0,0,True,False,0
14107,7,0,0,7,7,0,0,0,True,False,0
14108,8,0,0,8,8,0,0,0,True,False,0
14109,6,0,0,6,6,0,0,0,True,False,0
14110,7,0,0,7,7,0,0,0,True,False,0
14111,6,0,0,6,6,0,0,0,True,False,0
14112,7,0,0,7,7,0,0,0,True,False,0
14113,14,0,0,14,14,0,0,0,True,False,0
14114,13,0,0,13,13,0,0,0,True,False,0
14115,13,0,0,13,13,0,0,0,True,False,0
14116,14,0,0,14,14,0,0,0,True,False,0
14117,14,0,0,14,14,0,0,0,True,False,0
14118,13,0,0,13,13,0,0,0,True,False,0
14119,13,0,0,13,13,0,0,0,True,False,0
14120,12,0,0,12,12,0,0,0,True,False,0
14121,6,0,0,6,6,0,0,0,True,False,0
14122,6,0,0,6,6,0,0,0,True,False,0
14123,4,0,0,4,4,0,0,0,True,False,0
14124,12,0,0,12,12,0,0,0,True,False,0
14125,12,0,0,12,12,0,0,0,True,False,0
14126,4,0,0,4,4,0,0,0,True,False,0
14127,4,0,0,4,4,0,0,0,True,False,0
14128,4,0,0,4,4,0,0,0,True,False,0
14129,4,0,0,4,4,0,0,0,True,False,0
14130,7,0,0,7,7,0,0,0,True,False,0
14131,13,0,0,13,13,0,0,0,True,False,0
14132,10,0,0,10,10,0,0,0,True,False,0
14133,11,0,0,11,11,0,0,0,True,False,0
14134,8,0,0,8,8,0,0,0,True,False,0
14135,10,0,0,10,10,0,0,0,True,False,0
14136,10,0,0,10,10,0,0,0,True,False,0
14137,12,0,0,12,12,0,0,0,True,False,0
14138,9,0,0,9,9,0,0,0,True,False,0
14139,9,0,0,9,9,0,0,0,True,False,0
14140,14,0,0,14,14,0,0,0,True,False,0
14141,12,0,0,12,12,0,0,0,True,False,0
14142,10,0,0,10,10,0,0,0,True,False,0
14143,10,0,0,10,10,0,0,0,True,False,0
14144,11,0,0,11,11,0,0,0,True,False,0
14145,7,0,0,7,7,0,0,0,True,False,0
14146,8,8,8,8,8,0,0,0,True,False,0
14147,5,0,0,5,5,0,0,0,True,False,0
14148,8,0,0,8,8,0,0,0,True,False,0
14149,9,0,0,9,9,0,0,0,True,False,0
14150,0,117,0,0,0,0,0,0,True,False,0
14151,0,0,0,0,0,0,0,0,True,False,0
14152,89,0,0,89,89,0,0,0,True,False,0
14153,46,0,0,46,46,0,0,0,True,False,0
14154,75,0,0,75,75,0,0,0,True,False,0
14155,9,0,0,9,9,0,0,0,True,False,0
14156,7,0,0,7,7,0,0,0,True,False,0
14157,8,0,0,8,8,0,0,0,True,False,0
14158,9,0,0,9,9,0,0,0,True,False,0
14159,8,0,0,8,8,0,0,0,True,False,0
14160,7,0,0,7,7,0,0,0,True,False,0
14161,8,0,0,8,8,0,0,0,True,False,0
14162,8,0,0,8,8,0,0,0,True,False,0
14163,7,0,0,7,7,0,0,0,True,False,0
14164,9,0,0,9,9,0,0,0,True,False,0
14165,8,0,0,8,8,0,0,0,True,False,0
14166,8,0,0,8,8,0,0,0,True,False,0
14167,6,0,0,6,6,0,0,0,True,False,0
14168,7,0,0,7,7,0,0,0,True,False,0
14169,7,0,0,7,7,0,0,0,True,False,0
14170,7,0,0,7,7,0,0,0,True,False,0
14171,6,0,0,6,6,0,0,0,True,False,0
14172,6,0,0,6,6,0,0,0,True,False,0
14173,7,0,0,7,7,0,0,0,True,False,0
14174,7,0,0,7,7,0,0,0,True,False,0
14175,7,0,0,7,7,0,0,0,True,False,0
14176,15,0,0,15,15,0,0,0,True,False,0
14177,14,0,0,14,14,0,0,0,True,False,0
14178,13,0,0,13,13,0,0,0,True,False,0
14179,13,0,0,13,13,0,0,0,True,False,0
14180,16,0,0,16,16,0,0,0,True,False,0
14181,17,0,0,17,17,0,0,0,True,False,0
14182,14,0,0,14,14,0,0,0,True,False,0
14183,13,0,0,13,13,0,0,0,True,False,0
14184,6,0,0,6,6,0,0,0,True,False,0
14185,6,0,0,6,6,0,0,0,True,False,0
14186,4,0,0,4,4,0,0,0,True,False,0
14187,12,0,0,12,12,0,0,0,True,False,0
14188,12,0,0,12,12,0,0,0,True,False,0
14189,4,0,0,4,4,0,0,0,True,False,0
14190,4,0,0,4,4,0,0,0,True,False,0
14191,4,0,0,4,4,0,0,0,True,False,0
14192,8,0,0,8,8,0,0,0,True,False,0
14193,12,0,0,12,12,0,0,0,True,False,0
14194,6,0,0,6,6,0,0,0,True,False,0
14195,11,0,0,11,11,0,0,0,True,False,0
14196,9,0,0,9,9,0,0,0,True,False,0
14197,9,0,0,9,9,0,0,0,True,False,0
14198,9,0,0,9,9,0,0,0,True,False,0
14199,13,0,0,13,13,0,0,0,True,False,0
14200,1,0,0,1,1,0,0,0,True,True,0
14201,1,0,0,1,1,0,0,0,True,True,0
14202,8,0,0,8,8,0,0,0,True,False,0
14203,11,0,0,11,11,0,0,0,True,False,0
14204,9,0,0,9,9,0,0,0,True,False,0
14205,10,0,0,10,10,0,0,0,True,False,0
14206,9,0,0,9,9,0,0,0,True,False,0
14207,10,0,0,10,10,0,0,0,True,False,0
14208,12,0,0,12,12,0,0,0,True,False,0
14209,11,0,0,11,11,0,0,0,True,False,0
14210,7,0,0,7,7,0,0,0,True,False,0
14211,7,7,7,7,7,0,0,0,True,False,0
14212,5,0,0,5,5,0,0,0,True,False,0
14213,8,0,0,8,8,0,0,0,True,False,0
14214,8,0,0,8,8,0,0,0,True,False,0
14215,0,111,0,0,0,0,0,0,True,False,0
14216,0,0,0,0,0,0,0,0,True,False,0
14217,91,0,0,91,91,0,0,0,True,False,0
14218,48,0,0,48,48,0,0,0,True,False,0
14219,73,0,0,73,73,0,0,0,True,False,0
14220,8,0,0,8,8,0,0,0,True,False,0
14221,10,0,0,10,10,0,0,0,True,False,0
14222,8,0,0,8,8,0,0,0,True,False,0
14223,8,0,0,8,8,0,0,0,True,False,0
14224,9,0,0,9,9,0,0,0,True,False,0
14225,9,0,0,9,9,0,0,0,True,False,0
14226,6,0,0,6,6,0,0,0,True,False,0
14227,8,0,0,8,8,0,0,0,True,False,0
14228,7,0,0,7,7,0,0,0,True,False,0
14229,6,0,0,6,6,0,0,0,True,False,0
14230,9,0,0,9,9,0,0,0,True,False,0
14231,7,0,0,7,7,0,0,0,True,False,0
14232,8,0,0,8,8,0,0,0,True,False,0
14233,6,0,0,6,6,0,0,0,True,False,0
14234,7,0,0,7,7,0,0,0,True,False,0
14235,7,0,0,7,7,0,0,0,True,False,0
14236,10,0,0,10,10,0,0,0,True,False,0
14237,6,0,0,6,6,0,0,0,True,False,0
14238,9,0,0,9,9,0,0,0,True,False,0
14239,7,0,0,7,7,0,0,0,True,False,0
14240,7,0,0,7,7,0,0,0,True,False,0
14241,13,0,0,13,13,0,0,0,True,False,0
14242,13,0,0,13,13,0,0,0,True,False,0
14243,13,0,0,13,13,0,0,0,True,False,0
14244,15,0,0,15,15,0,0,0,True,False,0
14245,11,0,0,11,11,0,0,0,True,False,0
14246,13,0,0,13,13,0,0,0,True,False,0
14247,12,0,0,12,12,0,0,0,True,False,0
14248,13,0,0,13,13,0,0,0,True,False,0
14249,6,0,0,6,6,0,0,0,True,False,0
14250,6,0,0,6,6,0,0,0,True,False,0
14251,4,0,0,4,4,0,0,0,True,False,0
14252,12,0,0,12,12,0,0,0,True,False,0
14253,12,0,0,12,12,0,0,0,True,False,0
14254,4,0,0,4,4,0,0,0,True,False,0
14255,4,0,0,4,4,0,0,0,True,False,0
14256,4,0,0,4,4,0,0,0,True,False,0
14257,14,0,0,14,14,0,0,0,True,False,0
14258,9,0,0,9,9,0,0,0,True,False,0
14259,4,0,0,4,4,0,0,0,True,False,0
14260,15,0,0,15,15,0,0,0,True,False,0
14261,7,0,0,7,7,0,0,0,True,False,0
14262,9,0,0,9,9,0,0,0,True,False,0
14263,16,0,0,16,16,0,0,0,True,False,0
14264,14,0,0,14,14,0,0,0,True,False,0
14265,1,0,0,1,1,0,0,0,True,True,0
14266,1,0,0,1,1,0,0,0,True,True,0
14267,1,0,0,1,1,0,0,0,True,True,0
14268,1,0,0,1,1,0,0,0,True,True,0
14269,1,0,0,1,1,0,0,0,True,True,0
14270,10,0,0,10,10,0,0,0,True,False,0
14271,10,0,0,10,10,0,0,0,True,False,0
14272,10,0,0,10,10,0,0,0,True,False,0
14273,9,0,0,9,9,0,0,0,True,False,0
14274,11,0,0,11,11,0,0,0,True,False,0
14275,9,0,0,9,9,0,0,0,True,False,0
14276,8,0,0,8,8,0,0,0,True,False,0
14277,8,0,0,8,8,0,0,0,True,False,0
14278,9,0,0,9,9,0,0,0,True,False,0
14279,8,8,8,8,8,0,0,0,True,False,0
14280,4,0,0,4,4,0,0,0,True,False,0
14281,7,0,0,7,7,0,0,0,True,False,0
14282,6,0,0,6,6,0,0,0,True,False,0
14283,0,114,0,0,0,0,0,0,True,False,0
14284,0,0,0,0,0,0,0,0,True,False,0
14285,90,0,0,90,90,0,0,0,True,False,0
14286,43,0,0,43,43,0,0,0,True,False,0
14287,74,0,0,74,74,0,0,0,True,False,0
14288,8,0,0,8,8,0,0,0,True,False,0
14289,9,0,0,9,9,0,0,0,True,False,0
14290,9,0,0,9,9,0,0,0,True,False,0
14291,9,0,0,9,9,0,0,0,True,False,0
14292,7,0,0,7,7,0,0,0,True,False,0
14293,7,0,0,7,7,0,0,0,True,False,0
14294,7,0,0,7,7,0,0,0,True,False,0
14295,7,0,0,7,7,0,0,0,True,False,0
14296,8,0,0,8,8,0,0,0,True,False,0
14297,8,0,0,8,8,0,0,0,True,False,0
14298,6,0,0,6,6,0,0,0,True,False,0
14299,7,0,0,7,7,0,0,0,True,False,0
14300,8,0,0,8,8,0,0,0,True,False,0
14301,7,0,0,7,7,0,0,0,True,False,0
14302,8,0,0,8,8,0,0,0,True,False,0
14303,8,0,0,8,8,0,0,0,True,False,0
14304,8,0,0,8,8,0,0,0,True,False,0
14305,10,0,0,10,10,0,0,0,True,False,0
14306,7,0,0,7,7,0,0,0,True,False,0
14307,7,0,0,7,7,0,0,0,True,False,0
14308,7,0,0,7,7,0,0,0,True,False,0
14309,13,0,0,13,13,0,0,0,True,False,0
14310,12,0,0,12,12,0,0,0,True,False,0
14311,13,0,0,13,13,0,0,0,True,False,0
14312,15,0,0,15,15,0,0,0,True,False,0
14313,15,0,0,15,15,0,0,0,True,False,0
14314,11,0,0,11,11,0,0,0,True,False,0
14315,13,0,0,13,13,0,0,0,True,False,0
14316,12,0,0,12,12,0,0,0,True,False,0
14317,5,0,0,5,5,0,0,0,True,False,0
14318,5,0,0,5,5,0,0,0,True,False,0
14319,3,0,0,3,3,0,0,0,True,False,0
14320,11,0,0,11,11,0,0,0,True,False,0
14321,12,0,0,12,12,0,0,0,True,False,0
14322,4,0,0,4,4,0,0,0,True,False,0
14323,4,0,0,4,4,0,0,0,True,False,0
14324,3,0,0,3,3,0,0,0,True,False,0
14325,13,0,0,13,13,0,0,0,True,False,0
14326,14,0,0,14,14,0,0,0,True,False,0
14327,12,0,0,12,12,0,0,0,True,False,0
14328,12,0,0,12,12,0,0,0,True,False,0
14329,12,0,0,12,12,0,0,0,True,False,0
14330,13,0,0,13,13,0,0,0,True,False,0
14331,10,0,0,10,10,0,0,0,True,False,0
14332,16,0,0,16,16,0,0,0,True,False,0
14333,1,0,0,1,1,0,0,0,True,True,0
14334,4,0,0,4,4,0,0,0,True,False,0
14335,3,0,0,3,3,0,0,0,True,False,0
14336,6,0,0,6,6,0,0,0,True,False,0
14337,10,0,0,10,10,0,0,0,True,False,0
14338,10,0,0,10,10,0,0,0,True,False,0
14339,9,0,0,9,9,0,0,0,True,False,0
14340,12,0,0,12,12,0,0,0,True,False,0
14341,12,0,0,12,12,0,0,0,True,False,0
14342,11,0,0,11,11,0,0,0,True,False,0
14343,11,0,0,11,11,0,0,0,True,False,0
14344,12,0,0,12,12,0,0,0,True,False,0
14345,11,0,0,11,11,0,0,0,True,False,0
14346,9,8,8,9,9,0,0,0,True,False,0
14347,6,0,0,6,6,0,0,0,True,False,0
14348,11,0,0,11,11,0,0,0,True,False,0
14349,12,0,0,12,12,0,0,0,True,False,0
14350,11,111,10,11,11,0,0,0,True,False,0
14351,200,0,0,200,200,0,0,0,True,False,0
14352,95,0,0,95,95,0,0,0,True,False,0
14353,47,0,0,47,47,0,0,0,True,False,0
14354,73,0,0,73,73,0,0,0,True,False,0
14355,11,0,0,11,11,0,0,0,True,False,0
14356,13,0,0,13,13,0,0,0,True,False,0
14357,12,0,0,12,12,0,0,0,True,False,0
14358,12,0,0,12,12,0,0,0,True,False,0
14359,10,0,0,10,10,0,0,0,True,False,0
14360,7,3,3,7,7,0,0,0,True,False,0
14361,7,4,4,7,7,0,0,0,True,False,0
14362,8,4,4,8,8,0,0,0,True,False,0
14363,9,3,3,9,9,0,0,0,True,False,0
14364,8,4,4,8,8,0,0,0,True,False,0
14365,9,4,4,9,9,0,0,0,True,False,0
14366,8,4,4,8,8,0,0,0,True,False,0
14367,8,3,3,8,8,0,0,0,True,False,0
14368,8,0,0,8,8,0,0,0,True,False,0
14369,7,0,0,7,7,0,0,0,True,False,0
14370,9,0,0,9,9,0,0,0,True,False,0
14371,9,0,0,9,9,0,0,0,True,False,0
14372,8,0,0,8,8,0,0,0,True,False,0
14373,8,0,0,8,8,0,0,0,True,False,0
14374,8,0,0,8,8,0,0,0,True,False,0
14375,7,0,0,7,7,0,0,0,True,False,0
14376,16,0,0,16,16,0,0,0,True,False,0
14377,14,0,0,14,14,0,0,0,True,False,0
14378,14,0,0,14,14,0,0,0,True,False,0
14379,15,0,0,15,15,0,0,0,True,False,0
14380,16,0,0,16,16,0,0,0,True,False,0
14381,15,0,0,15,15,0,0,0,True,False,0
14382,13,0,0,13,13,0,0,0,True,False,0
14383,14,0,0,14,14,0,0,0,True,False,0
14384,13,0,0,13,13,0,0,0,True,False,0
14385,13,0,0,13,13,0,0,0,True,False,0
14386,7,0,0,7,7,0,0,0,True,False,0
14387,5,0,0,5,5,0,0,0,True,False,0
14388,7,0,0,7,7,0,0,0,True,False,0
14389,5,0,0,5,5,0,0,0,True,False,0
14390,7,0,0,7,7,0,0,0,True,False,0
14391,7,0,0,7,7,0,0,0,True,False,0
14392,11,0,0,11,11,0,0,0,True,False,0
14393,13,0,0,13,13,0,0,0,True,False,0
14394,13,0,0,13,13,0,0,0,True,False,0
14395,10,0,0,10,10,0,0,0,True,False,0
14396,9,0,0,9,9,0,0,0,True,False,0
14397,14,0,0,14,14,0,0,0,True,False,0
14398,15,0,0,15,15,0,0,0,True,False,0
14399,14,0,0,14,14,0,0,0,True,False,0
14400,2,0,0,2,2,0,0,0,True,True,0
14401,2,0,0,2,2,0,0,0,True,True,0
14402,2,0,0,2,2,0,0,0,True,True,0
14403,2,0,0,2,2,0,0,0,True,True,0
14404,2,0,0,2,2,0,0,0,True,True,0
14405,2,0,0,2,2,0,0,0,True,True,0
14406,2,0,0,2,2,0,0,0,True,True,0
14407,2,0,0,2,2,0,0,0,True,True,0
14408,2,0,0,2,2,0,0,0,True,True,0
14409,2,0,0,2,2,0,0,0,True,True,0
14410,2,0,0,2,2,0,0,0,True,True,0
14411,2,0,0,2,2,0,0,0,True,True,0
14412,2,0,0,2,2,0,0,0,True,True,0
14413,2,0,0,2,2,0,0,0,True,True,0
14414,2,0,0,2,2,0,0,0,True,True,0
14415,2,0,0,2,2,0,0,0,True,True,0
14416,10,0,0,10,10,0,0,0,True,False,0
14417,11,0,0,11,11,0,0,0,True,False,0
14418,10,0,0,10,10,0,0,0,True,False,0
14419,10,0,0,10,10,0,0,0,True,False,0
14420,9,0,0,9,9,0,0,0,True,False,0
14421,11,0,0,11,11,0,0,0,True,False,0
14422,12,0,0,12,12,0,0,0,True,False,0
14423,11,0,0,11,11,0,0,0,True,False,0
14424,11,0,0,11,11,0,0,0,True,False,0
14425,7,7,7,7,7,0,0,0,True,False,0
14426,5,0,0,5,5,0,0,0,True,False,0
14427,11,0,0,11,11,0,0,0,True,False,0
14428,11,0,0,11,11,0,0,0,True,False,0
14429,0,119,0,0,0,0,0,0,True,False,0
14430,0,0,0,0,0,0,0,0,True,False,0
14431,92,0,0,92,92,0,0,0,True,False,0
14432,48,0,0,48,48,0,0,0,True,False,0
14433,74,0,0,74,74,0,0,0,True,False,0
14434,10,0,0,10,10,0,0,0,True,False,0
14435,11,0,0,11,11,0,0,0,True,False,0
14436,11,0,0,11,11,0,0,0,True,False,0
14437,11,0,0,11,11,0,0,0,True,False,0
14438,11,0,0,11,11,0,0,0,True,False,0
14439,7,0,0,7,7,0,0,0,True,False,0
14440,8,0,0,8,8,0,0,0,True,False,0
14441,6,0,0,6,6,0,0,0,True,False,0
14442,7,0,0,7,7,0,0,0,True,False,0
14443,8,0,0,8,8,0,0,0,True,False,0
14444,8,0,0,8,8,0,0,0,True,False,0
14445,8,0,0,8,8,0,0,0,True,False,0
14446,9,0,0,9,9,0,0,0,True,False,0
14447,8,0,0,8,8,0,0,0,True,False,0
14448,7,0,0,7,7,0,0,0,True,False,0
14449,8,0,0,8,8,0,0,0,True,False,0
14450,6,0,0,6,6,0,0,0,True,False,0
14451,6,0,0,6,6,0,0,0,True,False,0
14452,9,0,0,9,9,0,0,0,True,False,0
14453,6,0,0,6,6,0,0,0,True,False,0
14454,6,0,0,6,6,0,0,0,True,False,0
14455,12,0,0,12,12,0,0,0,True,False,0
14456,14,0,0,14,14,0,0,0,True,False,0
14457,13,0,0,13,13,0,0,0,True,False,0
14458,12,0,0,12,12,0,0,0,True,False,0
14459,12,0,0,12,12,0,0,0,True,False,0
14460,13,0,0,13,13,0,0,0,True,False,0
14461,13,0,0,13,13,0,0,0,True,False,0
14462,14,0,0,14,14,0,0,0,True,False,0
14463,12,0,0,12,12,0,0,0,True,False,0
14464,12,0,0,12,12,0,0,0,True,False,0
14465,6,0,0,6,6,0,0,0,True,False,0
14466,4,0,0,4,4,0,0,0,True,False,0
14467,6,0,0,6,6,0,0,0,True,False,0
14468,4,0,0,4,4,0,0,0,True,False,0
14469,6,0,0,6,6,0,0,0,True,False,0
14470,6,0,0,6,6,0,0,0,True,False,0
14471,12,0,0,12,12,0,0,0,True,False,0
14472,11,0,0,11,11,0,0,0,True,False,0
14473,12,0,0,12,12,0,0,0,True,False,0
14474,15,0,0,15,15,0,0,0,True,False,0
14475,7,0,0,7,7,0,0,0,True,False,0
14476,8,0,0,8,8,0,0,0,True,False,0
14477,11,0,0,11,11,0,0,0,True,False,0
14478,14,0,0,14,14,0,0,0,True,False,0
14479,11,0,0,11,11,0,0,0,True,False,0
14480,10,0,0,10,10,0,0,0,True,False,0
14481,11,0,0,11,11,0,0,0,True,False,0
14482,11,0,0,11,11,0,0,0,True,False,0
14483,13,0,0,13,13,0,0,0,True,False,0
14484,11,0,0,11,11,0,0,0,True,False,0
14485,11,0,0,11,11,0,0,0,True,False,0
14486,11,0,0,11,11,0,0,0,True,False,0
14487,11,0,0,11,11,0,0,0,True,False,0
14488,8,8,8,8,8,0,0,0,True,False,0
14489,5,0,0,5,5,0,0,0,True,False,0
14490,12,0,0,12,12,0,0,0,True,False,0
14491,12,0,0,12,12,0,0,0,True,False,0
14492,0,127,0,0,0,0,0,0,True,False,0
14493,0,0,0,0,0,0,0,0,True,False,0
14494,88,0,0,88,88,0,0,0,True,False,0
14495,47,0,0,47,47,0,0,0,True,False,0
14496,71,0,0,71,71,0,0,0,True,False,0
14497,11,0,0,11,11,0,0,0,True,False,0
14498,12,0,0,12,12,0,0,0,True,False,0
14499,10,0,0,10,10,0,0,0,True,False,0
14500,12,0,0,12,12,0,0,0,True,False,0
14501,12,0,0,12,12,0,0,0,True,False,0
14502,6,0,0,6,6,0,0,0,True,False,0
14503,7,0,0,7,7,0,0,0,True,False,0
14504,7,0,0,7,7,0,0,0,True,False,0
14505,8,0,0,8,8,0,0,0,True,False,0
14506,8,0,0,8,8,0,0,0,True,False,0
14507,7,0,0,7,7,0,0,0,True,False,0
14508,6,0,0,6,6,0,0,0,True,False,0
14509,7,0,0,7,7,0,0,0,True,False,0
14510,8,0,0,8,8,0,0,0,True,False,0
14511,8,0,0,8,8,0,0,0,True,False,0
14512,6,0,0,6,6,0,0,0,True,False,0
14513,8,0,0,8,8,0,0,0,True,False,0
14514,7,0,0,7,7,0,0,0,True,False,0
14515,7,0,0,7,7,0,0,0,True,False,0
14516,8,0,0,8,8,0,0,0,True,False,0
14517,6,0,0,6,6,0,0,0,True,False,0
14518,16,0,0,16,16,0,0,0,True,False,0
14519,14,0,0,14,14,0,0,0,True,False,0
14520,16,0,0,16,16,0,0,0,True,False,0
14521,12,0,0,12,12,0,0,0,True,False,0
14522,13,0,0,13,13,0,0,0,True,False,0
14523,11,0,0,11,11,0,0,0,True,False,0
14524,15,0,0,15,15,0,0,0,True,False,0
14525,13,0,0,13,13,0,0,0,True,False,0
14526,12,0,0,12,12,0,0,0,True,False,0
14527,12,0,0,12,12,0,0,0,True,False,0
14528,6,0,0,6,6,0,0,0,True,False,0
14529,4,0,0,4,4,0,0,0,True,False,0
14530,6,0,0,6,6,0,0,0,True,False,0
14531,4,0,0,4,4,0,0,0,True,False,0
14532,6,0,0,6,6,0,0,0,True,False,0
14533,6,0,0,6,6,0,0,0,True,False,0
14534,9,0,0,9,9,0,0,0,True,False,0
14535,13,0,0,13,13,0,0,0,True,False,0
14536,10,0,0,10,10,0,0,0,True,False,0
14537,5,0,0,5,5,0,0,0,True,False,0
14538,9,0,0,9,9,0,0,0,True,False,0
14539,11,0,0,11,11,0,0,0,True,False,0
14540,7,0,0,7,7,0,0,0,True,False,0
14541,4,0,0,4,4,0,0,0,True,False,0
14542,13,0,0,13,13,0,0,0,True,False,0
14543,10,0,0,10,10,0,0,0,True,False,0
14544,9,0,0,9,9,0,0,0,True,False,0
14545,11,0,0,11,11,0,0,0,True,False,0
14546,9,0,0,9,9,0,0,0,True,False,0
14547,8,0,0,8,8,0,0,0,True,False,0
14548,12,0,0,12,12,0,0,0,True,False,0
14549,12,0,0,12,12,0,0,0,True,False,0
14550,14,0,0,14,14,0,0,0,True,False,0
14551,7,7,7,7,7,0,0,0,True,False,0
14552,5,0,0,5,5,0,0,0,True,False,0
14553,9,0,0,9,9,0,0,0,True,False,0
14554,10,0,0,10,10,0,0,0,True,False,0
14555,0,120,0,0,0,0,0,0,True,False,0
14556,0,0,0,0,0,0,0,0,True,False,0
14557,91,0,0,91,91,0,0,0,True,False,0
14558,48,0,0,48,48,0,0,0,True,False,0
14559,71,0,0,71,71,0,0,0,True,False,0
14560,10,0,0,10,10,0,0,0,True,False,0
14561,10,0,0,10,10,0,0,0,True,False,0
14562,14,0,0,14,14,0,0,0,True,False,0
14563,11,0,0,11,11,0,0,0,True,False,0
14564,11,0,0,11,11,0,0,0,True,False,0
14565,7,0,0,7,7,0,0,0,True,False,0
14566,7,0,0,7,7,0,0,0,True,False,0
14567,9,0,0,9,9,0,0,0,True,False,0
14568,7,0,0,7,7,0,0,0,True,False,0
14569,8,0,0,8,8,0,0,0,True,False,0
14570,8,0,0,8,8,0,0,0,True,False,0
14571,8,0,0,8,8,0,0,0,True,False,0
14572,8,0,0,8,8,0,0,0,True,False,0
14573,8,0,0,8,8,0,0,0,True,False,0
14574,7,0,0,7,7,0,0,0,True,False,0
14575,6,0,0,6,6,0,0,0,True,False,0
14576,7,0,0,7,7,0,0,0,True,False,0
14577,6,0,0,6,6,0,0,0,True,False,0
14578,7,0,0,7,7,0,0,0,True,False,0
14579,7,0,0,7,7,0,0,0,True,False,0
14580,7,0,0,7,7,0,0,0,True,False,0
14581,13,0,0,13,13,0,0,0,True,False,0
14582,12,0,0,12,12,0,0,0,True,False,0
14583,12,0,0,12,12,0,0,0,True,False,0
14584,11,0,0,11,11,0,0,0,True,False,0
14585,14,0,0,14,14,0,0,0,True,False,0
14586,13,0,0,13,13,0,0,0,True,False,0
14587,12,0,0,12,12,0,0,0,True,False,0
14588,15,0,0,15,15,0,0,0,True,False,0
14589,12,0,0,12,12,0,0,0,True,False,0
14590,12,0,0,12,12,0,0,0,True,False,0
14591,6,0,0,6,6,0,0,0,True,False,0
14592,4,0,0,4,4,0,0,0,True,False,0
14593,6,0,0,6,6,0,0,0,True,False,0
14594,4,0,0,4,4,0,0,0,True,False,0
14595,6,0,0,6,6,0,0,0,True,False,0
14596,6,0,0,6,6,0,0,0,True,False,0
14597,6,0,0,6,6,0,0,0,True,False,0
14598,12,0,0,12,12,0,0,0,True,False,0
14599,8,0,0,8,8,0,0,0,True,False,0
14600,14,0,0,14,14,0,0,0,True,False,0
14601,10,0,0,10,10,0,0,0,True,False,0
14602,12,0,0,12,12,0,0,0,True,False,0
14603,8,0,0,8,8,0,0,0,True,False,0
14604,10,0,0,10,10,0,0,0,True,False,0
14605,10,0,0,10,10,0,0,0,True,False,0
14606,8,0,0,8,8,0,0,0,True,False,0
14607,11,0,0,11,11,0,0,0,True,False,0
14608,9,0,0,9,9,0,0,0,True,False,0
14609,10,0,0,10,10,0,0,0,True,False,0
14610,10,0,0,10,10,0,0,0,True,False,0
14611,10,0,0,10,10,0,0,0,True,False,0
14612,13,0,0,13,13,0,0,0,True,False,0
14613,10,1,1,10,10,0,0,0,True,False,0
14614,8,8,8,8,8,0,0,0,True,False,0
14615,5,0,0,5,5,0,0,0,True,False,0
14616,8,1,1,8,8,0,0,0,True,False,0
14617,10,1,1,10,10,0,0,0,True,False,0
14618,0,123,0,0,0,0,0,0,True,False,0
14619,0,0,0,0,0,0,0,0,True,False,0
14620,94,0,0,94,94,0,0,0,True,False,0
14621,51,0,0,51,51,0,0,0,True,False,0
14622,77,0,0,77,77,0,0,0,True,False,0
14623,9,1,1,9,9,0,0,0,True,False,0
14624,9,1,1,9,9,0,0,0,True,False,0
14625,7,1,1,7,7,0,0,0,True,False,0
14626,11,1,1,11,11,0,0,0,True,False,0
14627,8,1,1,8,8,0,0,0,True,False,0
14628,9,0,0,9,9,0,0,0,True,False,0
14629,9,0,0,9,9,0,0,0,True,False,0
14630,7,0,0,7,7,0,0,0,True,False,0
14631,7,0,0,7,7,0,0,0,True,False,0
14632,7,0,0,7,7,0,0,0,True,False,0
14633,7,0,0,7,7,0,0,0,True,False,0
14634,8,0,0,8,8,0,0,0,True,False,0
14635,8,0,0,8,8,0,0,0,True,False,0
14636,6,0,0,6,6,0,0,0,True,False,0
14637,7,0,0,7,7,0,0,0,True,False,0
14638,8,0,0,8,8,0,0,0,True,False,0
14639,6,0,0,6,6,0,0,0,True,False,0
14640,7,0,0,7,7,0,0,0,True,False,0
14641,9,0,0,9,9,0,0,0,True,False,0
14642,6,0,0,6,6,0,0,0,True,False,0
14643,6,0,0,6,6,0,0,0,True,False,0
14644,11,0,0,11,11,0,0,0,True,False,0
14645,13,0,0,13,13,0,0,0,True,False,0
14646,11,0,0,11,11,0,0,0,True,False,0
14647,10,0,0,10,10,0,0,0,True,False,0
14648,13,0,0,13,13,0,0,0,True,False,0
14649,12,0,0,12,12,0,0,0,True,False,0
14650,15,0,0,15,15,0,0,0,True,False,0
14651,14,0,0,14,14,0,0,0,True,False,0
14652,12,0,0,12,12,0,0,0,True,False,0
14653,12,0,0,12,12,0,0,0,True,False,0
14654,6,0,0,6,6,0,0,0,True,False,0
14655,4,0,0,4,4,0,0,0,True,False,0
14656,6,0,0,6,6,0,0,0,True,False,0
14657,4,0,0,4,4,0,0,0,True,False,0
14658,6,0,0,6,6,0,0,0,True,False,0
14659,6,0,0,6,6,0,0,0,True,False,0
14660,8,0,0,8,8,0,0,0,True,False,0
14661,12,0,0,12,12,0,0,0,True,False,0
14662,10,0,0,10,10,0,0,0,True,False,0
14663,4,0,0,4,4,0,0,0,True,False,0
14664,12,0,0,12,12,0,0,0,True,False,0
14665,15,0,0,15,15,0,0,0,True,False,0
14666,10,0,0,10,10,0,0,0,True,False,0
14667,16,0,0,16,16,0,0,0,True,False,0
14668,12,0,0,12,12,0,0,0,True,False,0
14669,13,0,0,13,13,0,0,0,True,False,0
14670,9,0,0,9,9,0,0,0,True,False,0
14671,10,0,0,10,10,0,0,0,True,False,0
14672,10,0,0,10,10,0,0,0,True,False,0
14673,11,0,0,11,11,0,0,0,True,False,0
14674,11,0,0,11,11,0,0,0,True,False,0
14675,11,0,0,11,11,0,0,0,True,False,0
14676,10,0,0,10,10,0,0,0,True,False,0
14677,8,8,8,8,8,0,0,0,True,False,0
14678,5,0,0,5,5,0,0,0,True,False,0
14679,9,0,0,9,9,0,0,0,True,False,0
14680,9,0,0,9,9,0,0,0,True,False,0
14681,10,124,10,10,10,0,0,0,True,False,0
14682,200,0,0,200,200,0,0,0,True,False,0
14683,96,0,0,96,96,0,0,0,True,False,0
14684,45,0,0,45,45,0,0,0,True,False,0
14685,78,0,0,78,78,0,0,0,True,False,0
14686,8,0,0,8,8,0,0,0,True,False,0
14687,9,0,0,9,9,0,0,0,True,False,0
14688,8,0,0,8,8,0,0,0,True,False,0
14689,10,0,0,10,10,0,0,0,True,False,0
14690,8,0,0,8,8,0,0,0,True,False,0
14691,8,0,0,8,8,0,0,0,True,False,0
14692,8,0,0,8,8,0,0,0,True,False,0
14693,9,0,0,9,9,0,0,0,True,False,0
14694,8,0,0,8,8,0,0,0,True,False,0
14695,7,0,0,7,7,0,0,0,True,False,0
14696,7,0,0,7,7,0,0,0,True,False,0
14697,7,0,0,7,7,0,0,0,True,False,0
14698,7,0,0,7,7,0,0,0,True,False,0
14699,8,0,0,8,8,0,0,0,True,False,0
14700,7,0,0,7,7,0,0,0,True,False,0
14701,6,0,0,6,6,0,0,0,True,False,0
14702,9,0,0,9,9,0,0,0,True,False,0
14703,7,0,0,7,7,0,0,0,True,False,0
14704,6,0,0,6,6,0,0,0,True,False,0
14705,7,0,0,7,7,0,0,0,True,False,0
14706,7,0,0,7,7,0,0,0,True,False,0
14707,13,0,0,13,13,0,0,0,True,False,0
14708,14,0,0,14,14,0,0,0,True,False,0
14709,14,0,0,14,14,0,0,0,True,False,0
14710,17,0,0,17,17,0,0,0,True,False,0
14711,12,0,0,12,12,0,0,0,True,False,0
14712,13,0,0,13,13,0,0,0,True,False,0
14713,14,0,0,14,14,0,0,0,True,False,0
14714,14,0,0,14,14,0,0,0,True,False,0
14715,12,0,0,12,12,0,0,0,True,False,0
14716,12,0,0,12,12,0,0,0,True,False,0
14717,6,0,0,6,6,0,0,0,True,False,0
14718,4,0,0,4,4,0,0,0,True,False,0
14719,6,0,0,6,6,0,0,0,True,False,0
14720,4,0,0,4,4,0,0,0,True,False,0
14721,6,0,0,6,6,0,0,0,True,False,0
14722,6,0,0,6,6,0,0,0,True,False,0
14723,12,0,0,12,12,0,0,0,True,False,0
14724,10,0,0,10,10,0,0,0,True,False,0
14725,11,0,0,11,11,0,0,0,True,False,0
14726,11,0,0,11,11,0,0,0,True,False,0
14727,11,0,0,11,11,0,0,0,True,False,0
14728,15,0,0,15,15,0,0,0,True,False,0
14729,10,0,0,10,10,0,0,0,True,False,0
14730,12,0,0,12,12,0,0,0,True,False,0
14731,11,0,0,11,11,0,0,0,True,False,0
14732,11,0,0,11,11,0,0,0,True,False,0
14733,9,0,0,9,9,0,0,0,True,False,0
14734,11,0,0,11,11,0,0,0,True,False,0
14735,12,0,0,12,12,0,0,0,True,False,0
14736,11,0,0,11,11,0,0,0,True,False,0
14737,11,0,0,11,11,0,0,0,True,False,0
14738,12,0,0,12,12,0,0,0,True,False,0
14739,8,0,0,8,8,0,0,0,True,False,0
14740,7,7,7,7,7,0,0,0,True,False,0
14741,5,0,0,5,5,0,0,0,True,False,0
14742,9,0,0,9,9,0,0,0,True,False,0
14743,9,0,0,9,9,0,0,0,True,False,0
14744,0,115,0,0,0,0,0,0,True,False,0
14745,0,0,0,0,0,0,0,0,True,False,0
14746,93,0,0,93,93,0,0,0,True,False,0
14747,45,0,0,45,45,0,0,0,True,False,0
14748,80,0,0,80,80,0,0,0,True,False,0
14749,8,0,0,8,8,0,0,0,True,False,0
14750,9,0,0,9,9,0,0,0,True,False,0
14751,10,0,0,10,10,0,0,0,True,False,0
14752,8,0,0,8,8,0,0,0,True,False,0
14753,9,0,0,9,9,0,0,0,True,False,0
14754,8,0,0,8,8,0,0,0,True,False,0
14755,7,0,0,7,7,0,0,0,True,False,0
14756,6,0,0,6,6,0,0,0,True,False,0
14757,7,0,0,7,7,0,0,0,True,False,0
14758,7,0,0,7,7,0,0,0,True,False,0
14759,8,0,0,8,8,0,0,0,True,False,0
14760,7,0,0,7,7,0,0,0,True,False,0
14761,8,0,0,8,8,0,0,0,True,False,0
14762,7,0,0,7,7,0,0,0,True,False,0
14763,6,0,0,6,6,0,0,0,True,False,0
14764,7,0,0,7,7,0,0,0,True,False,0
14765,8,0,0,8,8,0,0,0,True,False,0
14766,5,0,0,5,5,0,0,0,True,False,0
14767,6,0,0,6,6,0,0,0,True,False,0
14768,7,0,0,7,7,0,0,0,True,False,0
14769,8,0,0,8,8,0,0,0,True,False,0
14770,12,0,0,12,12,0,0,0,True,False,0
14771,14,0,0,14,14,0,0,0,True,False,0
14772,12,0,0,12,12,0,0,0,True,False,0
14773,14,0,0,14,14,0,0,0,True,False,0
14774,13,0,0,13,13,0,0,0,True,False,0
14775,15,0,0,15,15,0,0,0,True,False,0
14776,12,0,0,12,12,0,0,0,True,False,0
14777,14,0,0,14,14,0,0,0,True,False,0
14778,12,0,0,12,12,0,0,0,True,False,0
14779,12,0,0,12,12,0,0,0,True,False,0
14780,6,0,0,6,6,0,0,0,True,False,0
14781,4,0,0,4,4,0,0,0,True,False,0
14782,6,0,0,6,6,0,0,0,True,False,0
14783,4,0,0,4,4,0,0,0,True,False,0
14784,6,0,0,6,6,0,0,0,True,False,0
14785,6,0,0,6,6,0,0,0,True,False,0
14786,7,0,0,7,7,0,0,0,True,False,0
14787,11,0,0,11,11,0,0,0,True,False,0
14788,8,0,0,8,8,0,0,0,True,False,0
14789,7,0,0,7,7,0,0,0,True,False,0
14790,16,0,0,16,16,0,0,0,True,False,0
14791,11,0,0,11,11,0,0,0,True,False,0
14792,10,0,0,10,10,0,0,0,True,False,0
14793,12,0,0,12,12,0,0,0,True,False,0
14794,9,0,0,9,9,0,0,0,True,False,0
14795,11,0,0,11,11,0,0,0,True,False,0
14796,11,0,0,11,11,0,0,0,True,False,0
14797,10,0,0,10,10,0,0,0,True,False,0
14798,9,0,0,9,9,0,0,0,True,False,0
14799,9,0,0,9,9,0,0,0,True,False,0
14800,9,0,0,9,9,0,0,0,True,False,0
14801,12,0,0,12,12,0,0,0,True,False,0
14802,7,0,0,7,7,0,0,0,True,False,0
14803,8,8,8,8,8,0,0,0,True,False,0
14804,5,0,0,5,5,0,0,0,True,False,0
14805,8,0,0,8,8,0,0,0,True,False,0
14806,8,0,0,8,8,0,0,0,True,False,0
14807,0,113,0,0,0,0,0,0,True,False,0
14808,0,0,0,0,0,0,0,0,True,False,0
14809,97,0,0,97,97,0,0,0,True,False,0
14810,49,0,0,49,49,0,0,0,True,False,0
14811,76,0,0,76,76,0,0,0,True,False,0
14812,7,0,0,7,7,0,0,0,True,False,0
14813,9,0,0,9,9,0,0,0,True,False,0
14814,8,0,0,8,8,0,0,0,True,False,0
14815,9,0,0,9,9,0,0,0,True,False,0
14816,7,0,0,7,7,0,0,0,True,False,0
14817,9,0,0,9,9,0,0,0,True,False,0
14818,7,0,0,7,7,0,0,0,True,False,0
14819,7,0,0,7,7,0,0,0,True,False,0
14820,8,0,0,8,8,0,0,0,True,False,0
14821,7,0,0,7,7,0,0,0,True,False,0
14822,8,0,0,8,8,0,0,0,True,False,0
14823,8,0,0,8,8,0,0,0,True,False,0
14824,8,0,0,8,8,0,0,0,True,False,0
14825,9,0,0,9,9,0,0,0,True,False,0
14826,7,0,0,7,7,0,0,0,True,False,0
14827,8,0,0,8,8,0,0,0,True,False,0
14828,7,0,0,7,7,0,0,0,True,False,0
14829,7,0,0,7,7,0,0,0,True,False,0
14830,8,0,0,8,8,0,0,0,True,False,0
14831,8,0,0,8,8,0,0,0,True,False,0
14832,7,0,0,7,7,0,0,0,True,False,0
14833,13,0,0,13,13,0,0,0,True,False,0
14834,16,0,0,16,16,0,0,0,True,False,0
14835,16,0,0,16,16,0,0,0,True,False,0
14836,11,0,0,11,11,0,0,0,True,False,0
14837,12,0,0,12,12,0,0,0,True,False,0
14838,13,0,0,13,13,0,0,0,True,False,0
14839,15,0,0,15,15,0,0,0,True,False,0
14840,16,0,0,16,16,0,0,0,True,False,0
14841,12,0,0,12,12,0,0,0,True,False,0
14842,12,0,0,12,12,0,0,0,True,False,0
14843,6,0,0,6,6,0,0,0,True,False,0
14844,4,0,0,4,4,0,0,0,True,False,0
14845,6,0,0,6,6,0,0,0,True,False,0
14846,4,0,0,4,4,0,0,0,True,False,0
14847,6,0,0,6,6,0,0,0,True,False,0
14848,6,0,0,6,6,0,0,0,True,False,0
14849,13,0,0,13,13,0,0,0,True,False,0
14850,7,0,0,7,7,0,0,0,True,False,0
14851,13,0,0,13,13,0,0,0,True,False,0
14852,11,0,0,11,11,0,0,0,True,False,0
14853,7,0,0,7,7,0,0,0,True,False,0
14854,13,0,0,13,13,0,0,0,True,False,0
14855,7,0,0,7,7,0,0,0,True,False,0
14856,12,0,0,12,12,0,0,0,True,False,0
14857,1,0,0,1,1,0,0,0,True,True,0
14858,1,0,0,1,1,0,0,0,True,True,0
14859,12,0,0,12,12,0,0,0,True,False,0
14860,8,0,0,8,8,0,0,0,True,False,0
14861,11,0,0,11,11,0,0,0,True,False,0
14862,11,0,0,11,11,0,0,0,True,False,0
14863,13,0,0,13,13,0,0,0,True,False,0
14864,10,0,0,10,10,0,0,0,True,False,0
14865,10,0,0,10,10,0,0,0,True,False,0
14866,11,0,0,11,11,0,0,0,True,False,0
14867,8,0,0,8,8,0,0,0,True,False,0
14868,7,7,7,7,7,0,0,0,True,False,0
14869,5,0,0,5,5,0,0,0,True,False,0
14870,7,0,0,7,7,0,0,0,True,False,0
14871,10,0,0,10,10,0,0,0,True,False,0
14872,0,120,0,0,0,0,0,0,True,False,0
14873,0,0,0,0,0,0,0,0,True,False,0
14874,91,0,0,91,91,0,0,0,True,False,0
14875,46,0,0,46,46,0,0,0,True,False,0
14876,81,0,0,81,81,0,0,0,True,False,0
14877,8,0,0,8,8,0,0,0,True,False,0
14878,10,0,0,10,10,0,0,0,True,False,0
14879,8,0,0,8,8,0,0,0,True,False,0
14880,7,0,0,7,7,0,0,0,True,False,0
14881,9,0,0,9,9,0,0,0,True,False,0
14882,8,0,0,8,8,0,0,0,True,False,0
14883,8,0,0,8,8,0,0,0,True,False,0
14884,9,0,0,9,9,0,0,0,True,False,0
14885,7,0,0,7,7,0,0,0,True,False,0
14886,7,0,0,7,7,0,0,0,True,False,0
14887,7,0,0,7,7,0,0,0,True,False,0
14888,7,0,0,7,7,0,0,0,True,False,0
14889,7,0,0,7,7,0,0,0,True,False,0
14890,6,0,0,6,6,0,0,0,True,False,0
14891,10,0,0,10,10,0,0,0,True,False,0
14892,8,0,0,8,8,0,0,0,True,False,0
14893,6,0,0,6,6,0,0,0,True,False,0
14894,7,0,0,7,7,0,0,0,True,False,0
14895,6,0,0,6,6,0,0,0,True,False,0
14896,7,0,0,7,7,0,0,0,True,False,0
14897,8,0,0,8,8,0,0,0,True,False,0
14898,13,0,0,13,13,0,0,0,True,False,0
14899,13,0,0,13,13,0,0,0,True,False,0
14900,16,0,0,16,16,0,0,0,True,False,0
14901,13,0,0,13,13,0,0,0,True,False,0
14902,13,0,0,13,13,0,0,0,True,False,0
14903,12,0,0,12,12,0,0,0,True,False,0
14904,13,0,0,13,13,0,0,0,True,False,0
14905,14,0,0,14,14,0,0,0,True,False,0
14906,12,0,0,12,12,0,0,0,True,False,0
14907,12,0,0,12,12,0,0,0,True,False,0
14908,6,0,0,6,6,0,0,0,True,False,0
14909,4,0,0,4,4,0,0,0,True,False,0
14910,6,0,0,6,6,0,0,0,True,False,0
14911,4,0,0,4,4,0,0,0,True,False,0
14912,6,0,0,6,6,0,0,0,True,False,0
14913,6,0,0,6,6,0,0,0,True,False,0
14914,9,0,0,9,9,0,0,0,True,False,0
14915,9,0,0,9,9,0,0,0,True,False,0
14916,10,0,0,10,10,0,0,0,True,False,0
14917,4,0,0,4,4,0,0,0,True,False,0
14918,7,0,0,7,7,0,0,0,True,False,0
14919,13,0,0,13,13,0,0,0,True,False,0
14920,10,0,0,10,10,0,0,0,True,False,0
14921,8,0,0,8,8,0,0,0,True,False,0
14922,1,0,0,1,1,0,0,0,True,True,0
14923,1,0,0,1,1,0,0,0,True,True,0
14924,1,0,0,1,1,0,0,0,True,True,0
14925,1,0,0,1,1,0,0,0,True,True,0
14926,11,0,0,11,11,0,0,0,True,False,0
14927,11,0,0,11,11,0,0,0,True,False,0
14928,11,0,0,11,11,0,0,0,True,False,0
14929,11,0,0,11,11,0,0,0,True,False,0
14930,11,0,0,11,11,0,0,0,True,False,0
14931,13,0,0,13,13,0,0,0,True,False,0
14932,11,0,0,11,11,0,0,0,True,False,0
14933,12,0,0,12,12,0,0,0,True,False,0
14934,9,0,0,9,9,0,0,0,True,False,0
14935,8,8,8,8,8,0,0,0,True,False,0
14936,5,0,0,5,5,0,0,0,True,False,0
14937,8,0,0,8,8,0,0,0,True,False,0
14938,10,0,0,10,10,0,0,0,True,False,0
14939,0,123,0,0,0,0,0,0,True,False,0
14940,0,0,0,0,0,0,0,0,True,False,0
14941,95,0,0,95,95,0,0,0,True,False,0
14942,48,0,0,48,48,0,0,0,True,False,0
14943,73,0,0,73,73,0,0,0,True,False,0
14944,10,0,0,10,10,0,0,0,True,False,0
14945,9,0,0,9,9,0,0,0,True,False,0
14946,7,0,0,7,7,0,0,0,True,False,0
14947,7,0,0,7,7,0,0,0,True,False,0
14948,9,0,0,9,9,0,0,0,True,False,0
14949,8,0,0,8,8,0,0,0,True,False,0
14950,7,0,0,7,7,0,0,0,True,False,0
14951,7,0,0,7,7,0,0,0,True,False,0
14952,7,0,0,7,7,0,0,0,True,False,0
14953,8,0,0,8,8,0,0,0,True,False,0
14954,7,0,0,7,7,0,0,0,True,False,0
14955,7,0,0,7,7,0,0,0,True,False,0
14956,7,0,0,7,7,0,0,0,True,False,0
14957,6,0,0,6,6,0,0,0,True,False,0
14958,6,0,0,6,6,0,0,0,True,False,0
14959,7,0,0,7,7,0,0,0,True,False,0
14960,6,0,0,6,6,0,0,0,True,False,0
14961,6,0,0,6,6,0,0,0,True,False,0
14962,7,0,0,7,7,0,0,0,True,False,0
14963,9,0,0,9,9,0,0,0,True,False,0
14964,6,0,0,6,6,0,0,0,True,False,0
14965,13,0,0,13,13,0,0,0,True,False,0
14966,11,0,0,11,11,0,0,0,True,False,0
14967,12,0,0,12,12,0,0,0,True,False,0
14968,15,0,0,15,15,0,0,0,True,False,0
14969,15,0,0,15,15,0,0,0,True,False,0
14970,14,0,0,14,14,0,0,0,True,False,0
14971,15,0,0,15,15,0,0,0,True,False,0
14972,12,0,0,12,12,0,0,0,True,False,0
14973,12,0,0,12,12,0,0,0,True,False,0
14974,12,0,0,12,12,0,0,0,True,False,0
14975,6,0,0,6,6,0,0,0,True,False,0
14976,4,0,0,4,4,0,0,0,True,False,0
14977,6,0,0,6,6,0,0,0,True,False,0
14978,4,0,0,4,4,0,0,0,True,False,0
14979,6,0,0,6,6,0,0,0,True,False,0
14980,6,0,0,6,6,0,0,0,True,False,0
14981,11,0,0,11,11,0,0,0,True,False,0
14982,11,0,0,11,11,0,0,0,True,False,0
14983,11,0,0,11,11,0,0,0,True,False,0
14984,14,0,0,14,14,0,0,0,True,False,0
14985,13,0,0,13,13,0,0,0,True,False,0
14986,11,0,0,11,11,0,0,0,True,False,0
14987,9,0,0,9,9,0,0,0,True,False,0
14988,7,0,0,7,7,0,0,0,True,False,0
14989,1,0,0,1,1,0,0,0,True,True,0
14990,1,0,0,1,1,0,0,0,True,True,0
14991,1,0,0,1,1,0,0,0,True,True,0
14992,1,0,0,1,1,0,0,0,True,True,0
14993,1,0,0,1,1,0,0,0,True,True,0
14994,1,0,0,1,1,0,0,0,True,True,0
14995,0,4,0,0,0,0,0,0,True,False,0
14996,0,0,0,0,0,0,0,0,True,False,0
14997,4,0,0,4,4,0,0,0,True,False,0
14998,2,0,0,2,2,0,0,0,True,True,0
14999,3,0,0,3,3,0,0,0,True,False,0
15000,1,0,0,1,1,0,0,0,True,True,0
15001,1,0,0,1,1,0,0,0,True,True,0
15002,1,0,0,1,1,0,0,0,True,True,0
15003,1,0,0,1,1,0,0,0,True,True,0
15004,1,0,0,1,1,0,0,0,True,True,0
15005,1,0,0,1,1,0,0,0,True,True,0
15006,1,0,0,1,1,0,0,0,True,True,0
15007,1,0,0,1,1,0,0,0,True,True,0
15008,1,0,0,1,1,0,0,0,True,True,0
15009,1,0,0,1,1,0,0,0,True,True,0
15010,1,0,0,1,1,0,0,0,True,True,0
15011,1,0,0,1,1,0,0,0,True,True,0
15012,1,0,0,1,1,0,0,0,True,True,0
15013,1,0,0,1,1,0,0,0,True,True,0
15014,6,0,0,6,6,0,0,0,True,False,0
15015,3,0,0,3,3,0,0,0,True,False,0
15016,6,0,0,6,6,0,0,0,True,False,0
15017,11,0,0,11,11,0,0,0,True,False,0
15018,10,0,0,10,10,0,0,0,True,False,0
15019,14,0,0,14,14,0,0,0,True,False,0
15020,11,0,0,11,11,0,0,0,True,False,0
15021,9,0,0,9,9,0,0,0,True,False,0
15022,10,0,0,10,10,0,0,0,True,False,0
15023,13,0,0,13,13,0,0,0,True,False,0
15024,12,0,0,12,12,0,0,0,True,False,0
15025,11,0,0,11,11,0,0,0,True,False,0
15026,8,7,7,8,8,0,0,0,True,False,0
15027,6,0,0,6,6,0,0,0,True,False,0
15028,11,0,0,11,11,0,0,0,True,False,0
15029,13,0,0,13,13,0,0,0,True,False,0
15030,11,101,10,11,11,0,0,0,True,False,0
15031,200,0,0,200,200,0,0,0,True,False,0
15032,86,0,0,86,86,0,0,0,True,False,0
15033,40,0,0,40,40,0,0,0,True,False,0
15034,70,0,0,70,70,0,0,0,True,False,0
15035,11,0,0,11,11,0,0,0,True,False,0
15036,11,0,0,11,11,0,0,0,True,False,0
15037,10,0,0,10,10,0,0,0,True,False,0
15038,11,0,0,11,11,0,0,0,True,False,0
15039,9,0,0,9,9,0,0,0,True,False,0
15040,7,4,4,7,7,0,0,0,True,False,0
15041,7,4,4,7,7,0,0,0,True,False,0
15042,8,3,3,8,8,0,0,0,True,False,0
15043,9,3,3,9,9,0,0,0,True,False,0
15044,7,3,3,7,7,0,0,0,True,False,0
15045,8,3,3,8,8,0,0,0,True,False,0
15046,8,3,3,8,8,0,0,0,True,False,0
15047,10,4,4,10,10,0,0,0,True,False,0
15048,8,0,0,8,8,0,0,0,True,False,0
15049,7,0,0,7,7,0,0,0,True,False,0
15050,8,0,0,8,8,0,0,0,True,False,0
15051,8,0,0,8,8,0,0,0,True,False,0
15052,9,0,0,9,9,0,0,0,True,False,0
15053,7,0,0,7,7,0,0,0,True,False,0
15054,7,0,0,7,7,0,0,0,True,False,0
15055,9,0,0,9,9,0,0,0,True,False,0
15056,15,0,0,15,15,0,0,0,True,False,0
15057,13,0,0,13,13,0,0,0,True,False,0
15058,12,0,0,12,12,0,0,0,True,False,0
15059,14,0,0,14,14,0,0,0,True,False,0
15060,13,0,0,13,13,0,0,0,True,False,0
15061,13,0,0,13,13,0,0,0,True,False,0
15062,14,0,0,14,14,0,0,0,True,False,0
15063,12,0,0,12,12,0,0,0,True,False,0
15064,12,0,0,12,12,0,0,0,True,False,0
15065,7,0,0,7,7,0,0,0,True,False,0
15066,7,0,0,7,7,0,0,0,True,False,0
15067,5,0,0,5,5,0,0,0,True,False,0
15068,12,0,0,12,12,0,0,0,True,False,0
15069,12,0,0,12,12,0,0,0,True,False,0
15070,12,0,0,12,12,0,0,0,True,False,0
15071,12,0,0,12,12,0,0,0,True,False,0
15072,12,0,0,12,12,0,0,0,True,False,0
15073,13,0,0,13,13,0,0,0,True,False,0
15074,11,0,0,11,11,0,0,0,True,False,0
15075,11,0,0,11,11,0,0,0,True,False,0
15076,14,0,0,14,14,0,0,0,True,False,0
15077,7,0,0,7,7,0,0,0,True,False,0
15078,11,0,0,11,11,0,0,0,True,False,0
15079,10,0,0,10,10,0,0,0,True,False,0
15080,2,0,0,2,2,0,0,0,True,True,0
15081,2,0,0,2,2,0,0,0,True,True,0
15082,2,0,0,2,2,0,0,0,True,True,0
15083,2,0,0,2,2,0,0,0,True,True,0
15084,2,0,0,2,2,0,0,0,True,True,0
15085,2,0,0,2,2,0,0,0,True,True,0
15086,2,0,0,2,2,0,0,0,True,True,0
15087,2,0,0,2,2,0,0,0,True,True,0
15088,2,0,0,2,2,0,0,0,True,True,0
15089,2,0,0,2,2,0,0,0,True,True,0
15090,2,0,0,2,2,0,0,0,True,True,0
15091,2,0,0,2,2,0,0,0,True,True,0
15092,2,0,0,2,2,0,0,0,True,True,0
15093,2,0,0,2,2,0,0,0,True,True,0
15094,2,0,0,2,2,0,0,0,True,True,0
15095,2,0,0,2,2,0,0,0,True,True,0
15096,9,0,0,9,9,0,0,0,True,False,0
15097,9,0,0,9,9,0,0,0,True,False,0
15098,11,0,0,11,11,0,0,0,True,False,0
15099,8,0,0,8,8,0,0,0,True,False,0
15100,12,0,0,12,12,0,0,0,True,False,0
15101,13,0,0,13,13,0,0,0,True,False,0
15102,10,0,0,10,10,0,0,0,True,False,0
15103,11,0,0,11,11,0,0,0,True,False,0
15104,11,0,0,11,11,0,0,0,True,False,0
15105,8,8,8,8,8,0,0,0,True,False,0
15106,5,0,0,5,5,0,0,0,True,False,0
15107,11,0,0,11,11,0,0,0,True,False,0
15108,14,0,0,14,14,0,0,0,True,False,0
15109,0,121,0,0,0,0,0,0,True,False,0
15110,0,0,0,0,0,0,0,0,True,False,0
15111,89,0,0,89,89,0,0,0,True,False,0
15112,50,0,0,50,50,0,0,0,True,False,0
15113,73,0,0,73,73,0,0,0,True,False,0
15114,13,0,0,13,13,0,0,0,True,False,0
15115,11,0,0,11,11,0,0,0,True,False,0
15116,12,0,0,12,12,0,0,0,True,False,0
15117,11,0,0,11,11,0,0,0,True,False,0
15118,10,0,0,10,10,0,0,0,True,False,0
15119,6,0,0,6,6,0,0,0,True,False,0
15120,8,0,0,8,8,0,0,0,True,False,0
15121,8,0,0,8,8,0,0,0,True,False,0
15122,7,0,0,7,7,0,0,0,True,False,0
15123,7,0,0,7,7,0,0,0,True,False,0
15124,7,0,0,7,7,0,0,0,True,False,0
15125,7,0,0,7,7,0,0,0,True,False,0
15126,9,0,0,9,9,0,0,0,True,False,0
15127,9,0,0,9,9,0,0,0,True,False,0
15128,7,0,0,7,7,0,0,0,True,False,0
15129,8,0,0,8,8,0,0,0,True,False,0
15130,7,0,0,7,7,0,0,0,True,False,0
15131,7,0,0,7,7,0,0,0,True,False,0
15132,7,0,0,7,7,0,0,0,True,False,0
15133,7,0,0,7,7,0,0,0,True,False,0
15134,6,0,0,6,6,0,0,0,True,False,0
15135,13,0,0,13,13,0,0,0,True,False,0
15136,13,0,0,13,13,0,0,0,True,False,0
15137,14,0,0,14,14,0,0,0,True,False,0
15138,15,0,0,15,15,0,0,0,True,False,0
15139,13,0,0,13,13,0,0,0,True,False,0
15140,14,0,0,14,14,0,0,0,True,False,0
15141,13,0,0,13,13,0,0,0,True,False,0
15142,14,0,0,14,14,0,0,0,True,False,0
15143,12,0,0,12,12,0,0,0,True,False,0
15144,6,0,0,6,6,0,0,0,True,False,0
15145,6,0,0,6,6,0,0,0,True,False,0
15146,4,0,0,4,4,0,0,0,True,False,0
15147,12,0,0,12,12,0,0,0,True,False,0
15148,12,0,0,12,12,0,0,0,True,False,0
15149,12,0,0,12,12,0,0,0,True,False,0
15150,12,0,0,12,12,0,0,0,True,False,0
15151,4,0,0,4,4,0,0,0,True,False,0
15152,10,0,0,10,10,0,0,0,True,False,0
15153,15,0,0,15,15,0,0,0,True,False,0
15154,8,0,0,8,8,0,0,0,True,False,0
15155,13,0,0,13,13,0,0,0,True,False,0
15156,14,0,0,14,14,0,0,0,True,False,0
15157,4,0,0,4,4,0,0,0,True,False,0
15158,12,0,0,12,12,0,0,0,True,False,0
15159,10,0,0,10,10,0,0,0,True,False,0
15160,11,0,0,11,11,0,0,0,True,False,0
15161,11,0,0,11,11,0,0,0,True,False,0
15162,12,0,0,12,12,0,0,0,True,False,0
15163,8,0,0,8,8,0,0,0,True,False,0
15164,9,0,0,9,9,0,0,0,True,False,0
15165,12,0,0,12,12,0,0,0,True,False,0
15166,10,0,0,10,10,0,0,0,True,False,0
15167,10,0,0,10,10,0,0,0,True,False,0
15168,7,7,7,7,7,0,0,0,True,False,0
15169,5,0,0,5,5,0,0,0,True,False,0
15170,11,0,0,11,11,0,0,0,True,False,0
15171,11,0,0,11,11,0,0,0,True,False,0
15172,0,117,0,0,0,0,0,0,True,False,0
15173,0,0,0,0,0,0,0,0,True,False,0
15174,97,0,0,97,97,0,0,0,True,False,0
15175,45,0,0,45,45,0,0,0,True,False,0
15176,71,0,0,71,71,0,0,0,True,False,0
15177,10,0,0,10,10,0,0,0,True,False,0
15178,12,0,0,12,12,0,0,0,True,False,0
15179,10,0,0,10,10,0,0,0,True,False,0
15180,9,0,0,9,9,0,0,0,True,False,0
15181,9,0,0,9,9,0,0,0,True,False,0
15182,8,0,0,8,8,0,0,0,True,False,0
15183,8,0,0,8,8,0,0,0,True,False,0
15184,7,0,0,7,7,0,0,0,True,False,0
15185,7,0,0,7,7,0,0,0,True,False,0
15186,8,0,0,8,8,0,0,0,True,False,0
15187,6,0,0,6,6,0,0,0,True,False,0
15188,8,0,0,8,8,0,0,0,True,False,0
15189,9,0,0,9,9,0,0,0,True,False,0
15190,8,0,0,8,8,0,0,0,True,False,0
15191,8,0,0,8,8,0,0,0,True,False,0
15192,7,0,0,7,7,0,0,0,True,False,0
15193,7,0,0,7,7,0,0,0,True,False,0
15194,7,0,0,7,7,0,0,0,True,False,0
15195,7,0,0,7,7,0,0,0,True,False,0
15196,6,0,0,6,6,0,0,0,True,False,0
15197,7,0,0,7,7,0,0,0,True,False,0
15198,12,0,0,12,12,0,0,0,True,False,0
15199,13,0,0,13,13,0,0,0,True,False,0
15200,14,0,0,14,14,0,0,0,True,False,0
15201,11,0,0,11,11,0,0,0,True,False,0
15202,14,0,0,14,14,0,0,0,True,False,0
15203,16,0,0,16,16,0,0,0,True,False,0
15204,15,0,0,15,15,0,0,0,True,False,0
15205,11,0,0,11,11,0,0,0,True,False,0
15206,12,0,0,12,12,0,0,0,True,False,0
15207,6,0,0,6,6,0,0,0,True,False,0
15208,6,0,0,6,6,0,0,0,True,False,0
15209,4,0,0,4,4,0,0,0,True,False,0
15210,12,0,0,12,12,0,0,0,True,False,0
15211,12,0,0,12,12,0,0,0,True,False,0
15212,12,0,0,12,12,0,0,0,True,False,0
15213,12,0,0,12,12,0,0,0,True,False,0
15214,10,0,0,10,10,0,0,0,True,False,0
15215,11,0,0,11,11,0,0,0,True,False,0
15216,12,0,0,12,12,0,0,0,True,False,0
15217,10,0,0,10,10,0,0,0,True,False,0
15218,7,0,0,7,7,0,0,0,True,False,0
15219,11,0,0,11,11,0,0,0,True,False,0
15220,12,0,0,12,12,0,0,0,True,False,0
15221,11,0,0,11,11,0,0,0,True,False,0
15222,10,0,0,10,10,0,0,0,True,False,0
15223,9,0,0,9,9,0,0,0,True,False,0
15224,8,0,0,8,8,0,0,0,True,False,0
15225,12,0,0,12,12,0,0,0,True,False,0
15226,12,0,0,12,12,0,0,0,True,False,0
15227,11,0,0,11,11,0,0,0,True,False,0
15228,10,0,0,10,10,0,0,0,True,False,0
15229,10,0,0,10,10,0,0,0,True,False,0
15230,12,0,0,12,12,0,0,0,True,False,0
15231,8,8,8,8,8,0,0,0,True,False,0
15232,5,0,0,5,5,0,0,0,True,False,0
15233,12,0,0,12,12,0,0,0,True,False,0
15234,9,0,0,9,9,0,0,0,True,False,0
15235,0,124,0,0,0,0,0,0,True,False,0
15236,0,0,0,0,0,0,0,0,True,False,0
15237,94,0,0,94,94,0,0,0,True,False,0
15238,49,0,0,49,49,0,0,0,True,False,0
15239,72,0,0,72,72,0,0,0,True,False,0
15240,10,0,0,10,10,0,0,0,True,False,0
15241,9,0,0,9,9,0,0,0,True,False,0
15242,11,0,0,11,11,0,0,0,True,False,0
15243,12,0,0,12,12,0,0,0,True,False,0
15244,12,0,0,12,12,0,0,0,True,False,0
15245,8,0,0,8,8,0,0,0,True,False,0
15246,6,0,0,6,6,0,0,0,True,False,0
15247,8,0,0,8,8,0,0,0,True,False,0
15248,6,0,0,6,6,0,0,0,True,False,0
15249,8,0,0,8,8,0,0,0,True,False,0
15250,8,0,0,8,8,0,0,0,True,False,0
15251,7,0,0,7,7,0,0,0,True,False,0
15252,7,0,0,7,7,0,0,0,True,False,0
15253,7,0,0,7,7,0,0,0,True,False,0
15254,7,0,0,7,7,0,0,0,True,False,0
15255,7,0,0,7,7,0,0,0,True,False,0
15256,7,0,0,7,7,0,0,0,True,False,0
15257,8,0,0,8,8,0,0,0,True,False,0
15258,8,0,0,8,8,0,0,0,True,False,0
15259,7,0,0,7,7,0,0,0,True,False,0
15260,8,0,0,8,8,0,0,0,True,False,0
15261,14,0,0,14,14,0,0,0,True,False,0
15262,13,0,0,13,13,0,0,0,True,False,0
15263,12,0,0,12,12,0,0,0,True,False,0
15264,15,0,0,15,15,0,0,0,True,False,0
15265,13,0,0,13,13,0,0,0,True,False,0
15266,13,0,0,13,13,0,0,0,True,False,0
15267,14,0,0,14,14,0,0,0,True,False,0
15268,14,0,0,14,14,0,0,0,True,False,0
15269,12,0,0,12,12,0,0,0,True,False,0
15270,6,0,0,6,6,0,0,0,True,False,0
15271,6,0,0,6,6,0,0,0,True,False,0
15272,4,0,0,4,4,0,0,0,True,False,0
15273,12,0,0,12,12,0,0,0,True,False,0
15274,12,0,0,12,12,0,0,0,True,False,0
15275,12,0,0,12,12,0,0,0,True,False,0
15276,12,0,0,12,12,0,0,0,True,False,0
15277,13,0,0,13,13,0,0,0,True,False,0
15278,9,0,0,9,9,0,0,0,True,False,0
15279,6,0,0,6,6,0,0,0,True,False,0
15280,14,0,0,14,14,0,0,0,True,False,0
15281,4,0,0,4,4,0,0,0,True,False,0
15282,8,0,0,8,8,0,0,0,True,False,0
15283,14,0,0,14,14,0,0,0,True,False,0
15284,13,0,0,13,13,0,0,0,True,False,0
15285,12,0,0,12,12,0,0,0,True,False,0
15286,12,0,0,12,12,0,0,0,True,False,0
15287,11,0,0,11,11,0,0,0,True,False,0
15288,11,0,0,11,11,0,0,0,True,False,0
15289,9,0,0,9,9,0,0,0,True,False,0
15290,9,0,0,9,9,0,0,0,True,False,0
15291,11,0,0,11,11,0,0,0,True,False,0
15292,13,0,0,13,13,0,0,0,True,False,0
15293,9,1,1,9,9,0,0,0,True,False,0
15294,7,7,7,7,7,0,0,0,True,False,0
15295,5,0,0,5,5,0,0,0,True,False,0
15296,9,1,1,9,9,0,0,0,True,False,0
15297,10,1,1,10,10,0,0,0,True,False,0
15298,0,113,0,0,0,0,0,0,True,False,0
15299,0,0,0,0,0,0,0,0,True,False,0
15300,97,0,0,97,97,0,0,0,True,False,0
15301,46,0,0,46,46,0,0,0,True,False,0
15302,77,0,0,77,77,0,0,0,True,False,0
15303,9,1,1,9,9,0,0,0,True,False,0
15304,9,1,1,9,9,0,0,0,True,False,0
15305,12,1,1,12,12,0,0,0,True,False,0
15306,10,1,1,10,10,0,0,0,True,False,0
15307,8,1,1,8,8,0,0,0,True,False,0
15308,8,0,0,8,8,0,0,0,True,False,0
15309,8,0,0,8,8,0,0,0,True,False,0
15310,7,0,0,7,7,0,0,0,True,False,0
15311,9,0,0,9,9,0,0,0,True,False,0
15312,9,0,0,9,9,0,0,0,True,False,0
15313,6,0,0,6,6,0,0,0,True,False,0
15314,8,0,0,8,8,0,0,0,True,False,0
15315,7,0,0,7,7,0,0,0,True,False,0
15316,6,0,0,6,6,0,0,0,True,False,0
15317,7,0,0,7,7,0,0,0,True,False,0
15318,8,0,0,8,8,0,0,0,True,False,0
15319,6,0,0,6,6,0,0,0,True,False,0
15320,7,0,0,7,7,0,0,0,True,False,0
15321,7,0,0,7,7,0,0,0,True,False,0
15322,11,0,0,11,11,0,0,0,True,False,0
15323,8,0,0,8,8,0,0,0,True,False,0
15324,12,0,0,12,12,0,0,0,True,False,0
15325,14,0,0,14,14,0,0,0,True,False,0
15326,13,0,0,13,13,0,0,0,True,False,0
15327,11,0,0,11,11,0,0,0,True,False,0
15328,16,0,0,16,16,0,0,0,True,False,0
15329,12,0,0,12,12,0,0,0,True,False,0
15330,13,0,0,13,13,0,0,0,True,False,0
15331,13,0,0,13,13,0,0,0,True,False,0
15332,12,0,0,12,12,0,0,0,True,False,0
15333,6,0,0,6,6,0,0,0,True,False,0
15334,6,0,0,6,6,0,0,0,True,False,0
15335,4,0,0,4,4,0,0,0,True,False,0
15336,12,0,0,12,12,0,0,0,True,False,0
15337,12,0,0,12,12,0,0,0,True,False,0
15338,12,0,0,12,12,0,0,0,True,False,0
15339,12,0,0,12,12,0,0,0,True,False,0
15340,9,0,0,9,9,0,0,0,True,False,0
15341,7,0,0,7,7,0,0,0,True,False,0
15342,4,0,0,4,4,0,0,0,True,False,0
15343,12,0,0,12,12,0,0,0,True,False,0
15344,15,0,0,15,15,0,0,0,True,False,0
15345,4,0,0,4,4,0,0,0,True,False,0
15346,14,0,0,14,14,0,0,0,True,False,0
15347,7,0,0,7,7,0,0,0,True,False,0
15348,10,0,0,10,10,0,0,0,True,False,0
15349,11,0,0,11,11,0,0,0,True,False,0
15350,10,0,0,10,10,0,0,0,True,False,0
15351,10,0,0,10,10,0,0,0,True,False,0
15352,12,0,0,12,12,0,0,0,True,False,0
15353,9,0,0,9,9,0,0,0,True,False,0
15354,11,0,0,11,11,0,0,0,True,False,0
15355,12,0,0,12,12,0,0,0,True,False,0
15356,9,0,0,9,9,0,0,0,True,False,0
15357,7,7,7,7,7,0,0,0,True,False,0
15358,5,0,0,5,5,0,0,0,True,False,0
15359,10,0,0,10,10,0,0,0,True,False,0
15360,10,0,0,10,10,0,0,0,True,False,0
15361,10,122,10,10,10,0,0,0,True,False,0
15362,200,0,0,200,200,0,0,0,True,False,0
15363,95,0,0,95,95,0,0,0,True,False,0
15364,45,0,0,45,45,0,0,0,True,False,0
15365,78,0,0,78,78,0,0,0,True,False,0
15366,8,0,0,8,8,0,0,0,True,False,0
15367,8,0,0,8,8,0,0,0,True,False,0
15368,8,0,0,8,8,0,0,0,True,False,0
15369,10,0,0,10,10,0,0,0,True,False,0
15370,10,0,0,10,10,0,0,0,True,False,0
15371,7,0,0,7,7,0,0,0,True,False,0
15372,7,0,0,7,7,0,0,0,True,False,0
15373,8,0,0,8,8,0,0,0,True,False,0
15374,6,0,0,6,6,0,0,0,True,False,0
15375,6,0,0,6,6,0,0,0,True,False,0
15376,7,0,0,7,7,0,0,0,True,False,0
15377,9,0,0,9,9,0,0,0,True,False,0
15378,7,0,0,7,7,0,0,0,True,False,0
15379,7,0,0,7,7,0,0,0,True,False,0
15380,8,0,0,8,8,0,0,0,True,False,0
15381,7,0,0,7,7,0,0,0,True,False,0
15382,7,0,0,7,7,0,0,0,True,False,0
15383,8,0,0,8,8,0,0,0,True,False,0
15384,6,0,0,6,6,0,0,0,True,False,0
15385,7,0,0,7,7,0,0,0,True,False,0
15386,7,0,0,7,7,0,0,0,True,False,0
15387,15,0,0,15,15,0,0,0,True,False,0
15388,13,0,0,13,13,0,0,0,True,False,0
15389,12,0,0,12,12,0,0,0,True,False,0
15390,16,0,0,16,16,0,0,0,True,False,0
15391,14,0,0,14,14,0,0,0,True,False,0
15392,16,0,0,16,16,0,0,0,True,False,0
15393,16,0,0,16,16,0,0,0,True,False,0
15394,14,0,0,14,14,0,0,0,True,False,0
15395,12,0,0,12,12,0,0,0,True,False,0
15396,6,0,0,6,6,0,0,0,True,False,0
15397,6,0,0,6,6,0,0,0,True,False,0
15398,4,0,0,4,4,0,0,0,True,False,0
15399,12,0,0,12,12,0,0,0,True,False,0
15400,12,0,0,12,12,0,0,0,True,False,0
15401,12,0,0,12,12,0,0,0,True,False,0
15402,12,0,0,12,12,0,0,0,True,False,0
15403,4,0,0,4,4,0,0,0,True,False,0
15404,8,0,0,8,8,0,0,0,True,False,0
15405,12,0,0,12,12,0,0,0,True,False,0
15406,9,0,0,9,9,0,0,0,True,False,0
15407,9,0,0,9,9,0,0,0,True,False,0
15408,12,0,0,12,12,0,0,0,True,False,0
15409,10,0,0,10,10,0,0,0,True,False,0
15410,17,0,0,17,17,0,0,0,True,False,0
15411,12,0,0,12,12,0,0,0,True,False,0
15412,10,0,0,10,10,0,0,0,True,False,0
15413,12,0,0,12,12,0,0,0,True,False,0
15414,11,0,0,11,11,0,0,0,True,False,0
15415,8,0,0,8,8,0,0,0,True,False,0
15416,10,0,0,10,10,0,0,0,True,False,0
15417,9,0,0,9,9,0,0,0,True,False,0
15418,10,0,0,10,10,0,0,0,True,False,0
15419,9,0,0,9,9,0,0,0,True,False,0
15420,8,8,8,8,8,0,0,0,True,False,0
15421,5,0,0,5,5,0,0,0,True,False,0
15422,8,0,0,8,8,0,0,0,True,False,0
15423,7,0,0,7,7,0,0,0,True,False,0
15424,0,114,0,0,0,0,0,0,True,False,0
15425,0,0,0,0,0,0,0,0,True,False,0
15426,94,0,0,94,94,0,0,0,True,False,0
15427,48,0,0,48,48,0,0,0,True,False,0
15428,75,0,0,75,75,0,0,0,True,False,0
15429,8,0,0,8,8,0,0,0,True,False,0
15430,8,0,0,8,8,0,0,0,True,False,0
15431,9,0,0,9,9,0,0,0,True,False,0
15432,9,0,0,9,9,0,0,0,True,False,0
15433,9,0,0,9,9,0,0,0,True,False,0
15434,7,0,0,7,7,0,0,0,True,False,0
15435,8,0,0,8,8,0,0,0,True,False,0
15436,7,0,0,7,7,0,0,0,True,False,0
15437,6,0,0,6,6,0,0,0,True,False,0
15438,8,0,0,8,8,0,0,0,True,False,0
15439,8,0,0,8,8,0,0,0,True,False,0
15440,7,0,0,7,7,0,0,0,True,False,0
15441,6,0,0,6,6,0,0,0,True,False,0
15442,8,0,0,8,8,0,0,0,True,False,0
15443,6,0,0,6,6,0,0,0,True,False,0
15444,7,0,0,7,7,0,0,0,True,False,0
15445,6,0,0,6,6,0,0,0,True,False,0
15446,7,0,0,7,7,0,0,0,True,False,0
15447,7,0,0,7,7,0,0,0,True,False,0
15448,8,0,0,8,8,0,0,0,True,False,0
15449,7,0,0,7,7,0,0,0,True,False,0
15450,14,0,0,14,14,0,0,0,True,False,0
15451,12,0,0,12,12,0,0,0,True,False,0
15452,14,0,0,14,14,0,0,0,True,False,0
15453,12,0,0,12,12,0,0,0,True,False,0
15454,13,0,0,13,13,0,0,0,True,False,0
15455,14,0,0,14,14,0,0,0,True,False,0
15456,16,0,0,16,16,0,0,0,True,False,0
15457,14,0,0,14,14,0,0,0,True,False,0
15458,12,0,0,12,12,0,0,0,True,False,0
15459,6,0,0,6,6,0,0,0,True,False,0
15460,6,0,0,6,6,0,0,0,True,False,0
15461,4,0,0,4,4,0,0,0,True,False,0
15462,12,0,0,12,12,0,0,0,True,False,0
15463,12,0,0,12,12,0,0,0,True,False,0
15464,12,0,0,12,12,0,0,0,True,False,0
15465,12,0,0,12,12,0,0,0,True,False,0
15466,10,0,0,10,10,0,0,0,True,False,0
15467,10,0,0,10,10,0,0,0,True,False,0
15468,13,0,0,13,13,0,0,0,True,False,0
15469,10,0,0,10,10,0,0,0,True,False,0
15470,10,0,0,10,10,0,0,0,True,False,0
15471,12,0,0,12,12,0,0,0,True,False,0
15472,12,0,0,12,12,0,0,0,True,False,0
15473,9,0,0,9,9,0,0,0,True,False,0
15474,10,0,0,10,10,0,0,0,True,False,0
15475,11,0,0,11,11,0,0,0,True,False,0
15476,9,0,0,9,9,0,0,0,True,False,0
15477,11,0,0,11,11,0,0,0,True,False,0
15478,11,0,0,11,11,0,0,0,True,False,0
15479,10,0,0,10,10,0,0,0,True,False,0
15480,12,0,0,12,12,0,0,0,True,False,0
15481,10,0,0,10,10,0,0,0,True,False,0
15482,8,0,0,8,8,0,0,0,True,False,0
15483,7,7,7,7,7,0,0,0,True,False,0
15484,5,0,0,5,5,0,0,0,True,False,0
15485,9,0,0,9,9,0,0,0,True,False,0
15486,8,0,0,8,8,0,0,0,True,False,0
15487,0,120,0,0,0,0,0,0,True,False,0
15488,0,0,0,0,0,0,0,0,True,False,0
15489,93,0,0,93,93,0,0,0,True,False,0
15490,51,0,0,51,51,0,0,0,True,False,0
15491,76,0,0,76,76,0,0,0,True,False,0
15492,9,0,0,9,9,0,0,0,True,False,0
15493,8,0,0,8,8,0,0,0,True,False,0
15494,8,0,0,8,8,0,0,0,True,False,0
15495,7,0,0,7,7,0,0,0,True,False,0
15496,7,0,0,7,7,0,0,0,True,False,0
15497,8,0,0,8,8,0,0,0,True,False,0
15498,8,0,0,8,8,0,0,0,True,False,0
15499,7,0,0,7,7,0,0,0,True,False,0
15500,8,0,0,8,8,0,0,0,True,False,0
15501,7,0,0,7,7,0,0,0,True,False,0
15502,7,0,0,7,7,0,0,0,True,False,0
15503,7,0,0,7,7,0,0,0,True,False,0
15504,8,0,0,8,8,0,0,0,True,False,0
15505,8,0,0,8,8,0,0,0,True,False,0
15506,8,0,0,8,8,0,0,0,True,False,0
15507,8,0,0,8,8,0,0,0,True,False,0
15508,7,0,0,7,7,0,0,0,True,False,0
15509,7,0,0,7,7,0,0,0,True,False,0
15510,5,0,0,5,5,0,0,0,True,False,0
15511,7,0,0,7,7,0,0,0,True,False,0
15512,6,0,0,6,6,0,0,0,True,False,0
15513,14,0,0,14,14,0,0,0,True,False,0
15514,14,0,0,14,14,0,0,0,True,False,0
15515,13,0,0,13,13,0,0,0,True,False,0
15516,15,0,0,15,15,0,0,0,True,False,0
15517,14,0,0,14,14,0,0,0,True,False,0
15518,12,0,0,12,12,0,0,0,True,False,0
15519,15,0,0,15,15,0,0,0,True,False,0
15520,14,0,0,14,14,0,0,0,True,False,0
15521,12,0,0,12,12,0,0,0,True,False,0
15522,6,0,0,6,6,0,0,0,True,False,0
15523,6,0,0,6,6,0,0,0,True,False,0
15524,4,0,0,4,4,0,0,0,True,False,0
15525,12,0,0,12,12,0,0,0,True,False,0
15526,12,0,0,12,12,0,0,0,True,False,0
15527,12,0,0,12,12,0,0,0,True,False,0
15528,12,0,0,12,12,0,0,0,True,False,0
15529,8,0,0,8,8,0,0,0,True,False,0
15530,10,0,0,10,10,0,0,0,True,False,0
15531,11,0,0,11,11,0,0,0,True,False,0
15532,11,0,0,11,11,0,0,0,True,False,0
15533,10,0,0,10,10,0,0,0,True,False,0
15534,13,0,0,13,13,0,0,0,True,False,0
15535,10,0,0,10,10,0,0,0,True,False,0
15536,7,0,0,7,7,0,0,0,True,False,0
15537,8,0,0,8,8,0,0,0,True,False,0
15538,10,0,0,10,10,0,0,0,True,False,0
15539,12,0,0,12,12,0,0,0,True,False,0
15540,10,0,0,10,10,0,0,0,True,False,0
15541,9,0,0,9,9,0,0,0,True,False,0
15542,11,0,0,11,11,0,0,0,True,False,0
15543,11,0,0,11,11,0,0,0,True,False,0
15544,12,0,0,12,12,0,0,0,True,False,0
15545,7,0,0,7,7,0,0,0,True,False,0
15546,8,8,8,8,8,0,0,0,True,False,0
15547,5,0,0,5,5,0,0,0,True,False,0
15548,8,0,0,8,8,0,0,0,True,False,0
15549,8,0,0,8,8,0,0,0,True,False,0
15550,0,117,0,0,0,0,0,0,True,False,0
15551,0,0,0,0,0,0,0,0,True,False,0
15552,96,0,0,96,96,0,0,0,True,False,0
15553,52,0,0,52,52,0,0,0,True,False,0
15554,74,0,0,74,74,0,0,0,True,False,0
15555,8,0,0,8,8,0,0,0,True,False,0
15556,9,0,0,9,9,0,0,0,True,False,0
15557,6,0,0,6,6,0,0,0,True,False,0
15558,9,0,0,9,9,0,0,0,True,False,0
15559,9,0,0,9,9,0,0,0,True,False,0
15560,7,0,0,7,7,0,0,0,True,False,0
15561,8,0,0,8,8,0,0,0,True,False,0
15562,7,0,0,7,7,0,0,0,True,False,0
15563,8,0,0,8,8,0,0,0,True,False,0
15564,7,0,0,7,7,0,0,0,True,False,0
15565,8,0,0,8,8,0,0,0,True,False,0
15566,9,0,0,9,9,0,0,0,True,False,0
15567,7,0,0,7,7,0,0,0,True,False,0
15568,7,0,0,7,7,0,0,0,True,False,0
15569,7,0,0,7,7,0,0,0,True,False,0
15570,6,0,0,6,6,0,0,0,True,False,0
15571,6,0,0,6,6,0,0,0,True,False,0
15572,8,0,0,8,8,0,0,0,True,False,0
15573,8,0,0,8,8,0,0,0,True,False,0
15574,8,0,0,8,8,0,0,0,True,False,0
15575,7,0,0,7,7,0,0,0,True,False,0
15576,12,0,0,12,12,0,0,0,True,False,0
15577,15,0,0,15,15,0,0,0,True,False,0
15578,12,0,0,12,12,0,0,0,True,False,0
15579,15,0,0,15,15,0,0,0,True,False,0
15580,14,0,0,14,14,0,0,0,True,False,0
15581,12,0,0,12,12,0,0,0,True,False,0
15582,12,0,0,12,12,0,0,0,True,False,0
15583,14,0,0,14,14,0,0,0,True,False,0
15584,12,0,0,12,12,0,0,0,True,False,0
15585,6,0,0,6,6,0,0,0,True,False,0
15586,6,0,0,6,6,0,0,0,True,False,0
15587,4,0,0,4,4,0,0,0,True,False,0
15588,12,0,0,12,12,0,0,0,True,False,0
15589,12,0,0,12,12,0,0,0,True,False,0
15590,12,0,0,12,12,0,0,0,True,False,0
15591,12,0,0,12,12,0,0,0,True,False,0
15592,10,0,0,10,10,0,0,0,True,False,0
15593,9,0,0,9,9,0,0,0,True,False,0
15594,13,0,0,13,13,0,0,0,True,False,0
15595,9,0,0,9,9,0,0,0,True,False,0
15596,9,0,0,9,9,0,0,0,True,False,0
15597,10,0,0,10,10,0,0,0,True,False,0
15598,9,0,0,9,9,0,0,0,True,False,0
15599,10,0,0,10,10,0,0,0,True,False,0
15600,1,0,0,1,1,0,0,0,True,True,0
15601,1,0,0,1,1,0,0,0,True,True,0
15602,1,0,0,1,1,0,0,0,True,True,0
15603,1,0,0,1,1,0,0,0,True,True,0
15604,1,0,0,1,1,0,0,0,True,True,0
15605,8,0,0,8,8,0,0,0,True,False,0
15606,10,0,0,10,10,0,0,0,True,False,0
15607,9,0,0,9,9,0,0,0,True,False,0
15608,10,0,0,10,10,0,0,0,True,False,0
15609,11,0,0,11,11,0,0,0,True,False,0
15610,10,0,0,10,10,0,0,0,True,False,0
15611,12,0,0,12,12,0,0,0,True,False,0
15612,11,0,0,11,11,0,0,0,True,False,0
15613,8,0,0,8,8,0,0,0,True,False,0
15614,7,7,7,7,7,0,0,0,True,False,0
15615,5,0,0,5,5,0,0,0,True,False,0
15616,8,0,0,8,8,0,0,0,True,False,0
15617,8,0,0,8,8,0,0,0,True,False,0
15618,0,122,0,0,0,0,0,0,True,False,0
15619,0,0,0,0,0,0,0,0,True,False,0
15620,94,0,0,94,94,0,0,0,True,False,0
15621,45,0,0,45,45,0,0,0,True,False,0
15622,72,0,0,72,72,0,0,0,True,False,0
15623,11,0,0,11,11,0,0,0,True,False,0
15624,6,0,0,6,6,0,0,0,True,False,0
15625,9,0,0,9,9,0,0,0,True,False,0
15626,12,0,0,12,12,0,0,0,True,False,0
15627,8,0,0,8,8,0,0,0,True,False,0
15628,7,0,0,7,7,0,0,0,True,False,0
15629,7,0,0,7,7,0,0,0,True,False,0
15630,7,0,0,7,7,0,0,0,True,False,0
15631,8,0,0,8,8,0,0,0,True,False,0
15632,7,0,0,7,7,0,0,0,True,False,0
15633,7,0,0,7,7,0,0,0,True,False,0
15634,6,0,0,6,6,0,0,0,True,False,0
15635,8,0,0,8,8,0,0,0,True,False,0
15636,7,0,0,7,7,0,0,0,True,False,0
15637,8,0,0,8,8,0,0,0,True,False,0
15638,8,0,0,8,8,0,0,0,True,False,0
15639,7,0,0,7,7,0,0,0,True,False,0
15640,7,0,0,7,7,0,0,0,True,False,0
15641,8,0,0,8,8,0,0,0,True,False,0
15642,7,0,0,7,7,0,0,0,True,False,0
15643,8,0,0,8,8,0,0,0,True,False,0
15644,14,0,0,14,14,0,0,0,True,False,0
15645,12,0,0,12,12,0,0,0,True,False,0
15646,16,0,0,16,16,0,0,0,True,False,0
15647,12,0,0,12,12,0,0,0,True,False,0
15648,12,0,0,12,12,0,0,0,True,False,0
15649,13,0,0,13,13,0,0,0,True,False,0
15650,16,0,0,16,16,0,0,0,True,False,0
15651,13,0,0,13,13,0,0,0,True,False,0
15652,12,0,0,12,12,0,0,0,True,False,0
15653,6,0,0,6,6,0,0,0,True,False,0
15654,6,0,0,6,6,0,0,0,True,False,0
15655,4,0,0,4,4,0,0,0,True,False,0
15656,12,0,0,12,12,0,0,0,True,False,0
15657,12,0,0,12,12,0,0,0,True,False,0
15658,12,0,0,12,12,0,0,0,True,False,0
15659,12,0,0,12,12,0,0,0,True,False,0
15660,13,0,0,13,13,0,0,0,True,False,0
15661,9,0,0,9,9,0,0,0,True,False,0
15662,19,0,0,19,19,0,0,0,True,False,0
15663,9,0,0,9,9,0,0,0,True,False,0
15664,10,0,0,10,10,0,0,0,True,False,0
15665,14,0,0,14,14,0,0,0,True,False,0
15666,12,0,0,12,12,0,0,0,True,False,0
15667,15,0,0,15,15,0,0,0,True,False,0
15668,1,0,0,1,1,0,0,0,True,True,0
15669,1,0,0,1,1,0,0,0,True,True,0
15670,1,0,0,1,1,0,0,0,True,True,0
15671,1,0,0,1,1,0,0,0,True,True,0
15672,2,0,0,2,2,0,0,0,True,True,0
15673,3,0,0,3,3,0,0,0,True,False,0
15674,1,0,0,1,1,0,0,0,True,True,0
15675,1,0,0,1,1,0,0,0,True,True,0
15676,1,0,0,1,1,0,0,0,True,True,0
15677,1,0,0,1,1,0,0,0,True,True,0
15678,1,0,0,1,1,0,0,0,True,True,0
15679,1,0,0,1,1,0,0,0,True,True,0
15680,1,1,1,1,1,0,0,0,True,True,0
15681,1,0,0,1,1,0,0,0,True,True,0
15682,1,0,0,1,1,0,0,0,True,True,0
15683,0,14,0,0,0,0,0,0,True,False,0
15684,0,0,0,0,0,0,0,0,True,False,0
15685,12,0,0,12,12,0,0,0,True,False,0
15686,6,0,0,6,6,0,0,0,True,False,0
15687,7,0,0,7,7,0,0,0,True,False,0
15688,1,0,0,1,1,0,0,0,True,True,0
15689,2,0,0,2,2,0,0,0,True,True,0
15690,1,0,0,1,1,0,0,0,True,True,0
15691,1,0,0,1,1,0,0,0,True,True,0
15692,1,0,0,1,1,0,0,0,True,True,0
15693,1,0,0,1,1,0,0,0,True,True,0
15694,1,0,0,1,1,0,0,0,True,True,0
15695,1,0,0,1,1,0,0,0,True,True,0
15696,1,0,0,1,1,0,0,0,True,True,0
15697,1,0,0,1,1,0,0,0,True,True,0
15698,1,0,0,1,1,0,0,0,True,True,0
15699,1,0,0,1,1,0,0,0,True,True,0
15700,2,0,0,2,2,0,0,0,True,True,0
15701,1,0,0,1,1,0,0,0,True,True,0
15702,2,0,0,2,2,0,0,0,True,True,0
15703,1,0,0,1,1,0,0,0,True,True,0
15704,1,0,0,1,1,0,0,0,True,True,0
15705,1,0,0,1,1,0,0,0,True,True,0
15706,2,0,0,2,2,0,0,0,True,True,0
15707,1,0,0,1,1,0,0,0,True,True,0
15708,1,0,0,1,1,0,0,0,True,True,0
15709,3,0,0,3,3,0,0,0,True,False,0
15710,1,0,0,1,1,0,0,0,True,True,0
15711,1,0,0,1,1,0,0,0,True,True,0
15712,2,0,0,2,2,0,0,0,True,True,0
15713,1,0,0,1,1,0,0,0,True,True,0
15714,1,0,0,1,1,0,0,0,True,True,0
15715,1,0,0,1,1,0,0,0,True,True,0
15716,2,0,0,2,2,0,0,0,True,True,0
15717,1,0,0,1,1,0,0,0,True,True,0
15718,2,0,0,2,2,0,0,0,True,True,0
15719,3,0,0,3,3,0,0,0,True,False,0
15720,5,0,0,5,5,0,0,0,True,False,0
15721,1,0,0,1,1,0,0,0,True,True,0
15722,11,0,0,11,11,0,0,0,False,False,0
15723,10,0,0,10,10,0,0,0,False,False,0
15724,8,0,0,8,8,0,0,0,False,False,0
15725,9,0,0,9,9,0,0,0,False,False,0
15726,10,0,0,10,10,0,0,0,False,False,0
15727,11,0,0,11,11,0,0,0,False,False,0
15728,9,0,0,9,9,0,0,0,False,False,0
15729,9,0,0,9,9,0,0,0,False,False,0
15730,13,0,0,13,13,0,0,0,False,False,0
15731,7,6,6,7,7,0,0,0,False,False,0
15732,6,0,0,6,6,0,0,0,False,False,0
15733,11,0,0,11,11,0,0,0,False,False,0
15734,10,0,0,10,10,0,0,0,False,False,0
15735,11,94,10,11,11,0,0,0,False,False,0
15736,200,0,0,200,200,0,0,0,False,False,0
15737,76,0,0,76,76,0,0,0,False,False,0
15738,40,0,0,40,40,0,0,0,False,False,0
15739,63,0,0,63,63,0,0,0,False,False,0
15740,12,0,0,12,12,0,0,0,False,False,0
15741,11,0,0,11,11,0,0,0,False,False,0
15742,10,0,0,10,10,0,0,0,False,False,0
15743,10,0,0,10,10,0,0,0,False,False,0
15744,10,0,0,10,10,0,0,0,False,False,0
15745,7,3,3,7,7,0,0,0,False,False,0
15746,7,4,4,7,7,0,0,0,False,False,0
15747,6,3,3,6,6,0,0,0,False,False,0
15748,8,4,4,8,8,0,0,0,False,False,0
15749,9,4,4,9,9,0,0,0,False,False,0
15750,7,4,4,7,7,0,0,0,False,False,0
15751,8,4,4,8,8,0,0,0,False,False,0
15752,7,3,3,7,7,0,0,0,False,False,0
15753,7,0,0,7,7,0,0,0,False,False,0
15754,7,0,0,7,7,0,0,0,False,False,0
15755,7,0,0,7,7,0,0,0,False,False,0
15756,7,0,0,7,7,0,0,0,False,False,0
15757,6,0,0,6,6,0,0,0,False,False,0
15758,6,0,0,6,6,0,0,0,False,False,0
15759,7,0,0,7,7,0,0,0,False,False,0
15760,6,0,0,6,6,0,0,0,False,False,0
15761,14,0,0,14,14,0,0,0,False,False,0
15762,12,0,0,12,12,0,0,0,False,False,0
15763,13,0,0,13,13,0,0,0,False,False,0
15764,13,0,0,13,13,0,0,0,False,False,0
15765,11,0,0,11,11,0,0,0,False,False,0
15766,11,0,0,11,11,0,0,0,False,False,0
15767,11,0,0,11,11,0,0,0,False,False,0
15768,13,0,0,13,13,0,0,0,False,False,0
15769,11,0,0,11,11,0,0,0,False,False,0
15770,5,0,0,5,5,0,0,0,False,False,0
15771,11,0,0,11,11,0,0,0,False,False,0
15772,11,0,0,11,11,0,0,0,False,False,0
15773,5,0,0,5,5,0,0,0,False,False,0
15774,5,0,0,5,5,0,0,0,False,False,0
15775,6,0,0,6,6,0,0,0,False,False,0
15776,11,0,0,11,11,0,0,0,False,False,0
15777,8,0,0,8,8,0,0,0,False,False,0
15778,5,0,0,5,5,0,0,0,False,False,0
15779,8,0,0,8,8,0,0,0,False,False,0
15780,9,0,0,9,9,0,0,0,False,False,0
15781,11,0,0,11,11,0,0,0,False,False,0
15782,14,0,0,14,14,0,0,0,False,False,0
15783,14,0,0,14,14,0,0,0,False,False,0
15784,5,0,0,5,5,0,0,0,False,False,0
15785,2,0,0,2,2,0,0,0,False,True,0
15786,2,0,0,2,2,0,0,0,False,True,0
15787,2,0,0,2,2,0,0,0,False,True,0
15788,2,0,0,2,2,0,0,0,False,True,0
15789,2,0,0,2,2,0,0,0,False,True,0
15790,2,0,0,2,2,0,0,0,False,True,0
15791,2,0,0,2,2,0,0,0,False,True,0
15792,2,0,0,2,2,0,0,0,False,True,0
15793,2,0,0,2,2,0,0,0,False,True,0
15794,2,0,0,2,2,0,0,0,False,True,0
15795,2,0,0,2,2,0,0,0,False,True,0
15796,2,0,0,2,2,0,0,0,False,True,0
15797,2,0,0,2,2,0,0,0,False,True,0
15798,2,0,0,2,2,0,0,0,False,True,0
15799,2,0,0,2,2,0,0,0,False,True,0
15800,2,0,0,2,2,0,0,0,False,True,0
15801,11,0,0,11,11,0,0,0,True,False,0
15802,11,0,0,11,11,0,0,0,True,False,0
15803,10,0,0,10,10,0,0,0,True,False,0
15804,10,0,0,10,10,0,0,0,True,False,0
15805,9,0,0,9,9,0,0,0,True,False,0
15806,11,0,0,11,11,0,0,0,True,False,0
15807,12,0,0,12,12,0,0,0,True,False,0
15808,9,0,0,9,9,0,0,0,True,False,0
15809,11,0,0,11,11,0,0,0,True,False,0
15810,8,8,8,8,8,0,0,0,True,False,0
15811,5,0,0,5,5,0,0,0,True,False,0
15812,12,0,0,12,12,0,0,0,True,False,0
15813,13,0,0,13,13,0,0,0,True,False,0
15814,0,121,0,0,0,0,0,0,True,False,0
15815,0,0,0,0,0,0,0,0,True,False,0
15816,95,0,0,95,95,0,0,0,True,False,0
15817,46,0,0,46,46,0,0,0,True,False,0
15818,74,0,0,74,74,0,0,0,True,False,0
15819,11,0,0,11,11,0,0,0,True,False,0
15820,10,0,0,10,10,0,0,0,True,False,0
15821,12,0,0,12,12,0,0,0,True,False,0
15822,11,0,0,11,11,0,0,0,True,False,0
15823,9,0,0,9,9,0,0,0,True,False,0
15824,9,0,0,9,9,0,0,0,True,False,0
15825,8,0,0,8,8,0,0,0,True,False,0
15826,6,0,0,6,6,0,0,0,True,False,0
15827,8,0,0,8,8,0,0,0,True,False,0
15828,6,0,0,6,6,0,0,0,True,False,0
15829,7,0,0,7,7,0,0,0,True,False,0
15830,7,0,0,7,7,0,0,0,True,False,0
15831,8,0,0,8,8,0,0,0,True,False,0
15832,8,0,0,8,8,0,0,0,True,False,0
15833,6,0,0,6,6,0,0,0,True,False,0
15834,7,0,0,7,7,0,0,0,True,False,0
15835,6,0,0,6,6,0,0,0,True,False,0
15836,7,0,0,7,7,0,0,0,True,False,0
15837,7,0,0,7,7,0,0,0,True,False,0
15838,7,0,0,7,7,0,0,0,True,False,0
15839,7,0,0,7,7,0,0,0,True,False,0
15840,15,0,0,15,15,0,0,0,True,False,0
15841,14,0,0,14,14,0,0,0,True,False,0
15842,15,0,0,15,15,0,0,0,True,False,0
15843,13,0,0,13,13,0,0,0,True,False,0
15844,13,0,0,13,13,0,0,0,True,False,0
15845,14,0,0,14,14,0,0,0,True,False,0
15846,16,0,0,16,16,0,0,0,True,False,0
15847,15,0,0,15,15,0,0,0,True,False,0
15848,12,0,0,12,12,0,0,0,True,False,0
15849,4,0,0,4,4,0,0,0,True,False,0
15850,12,0,0,12,12,0,0,0,True,False,0
15851,12,0,0,12,12,0,0,0,True,False,0
15852,4,0,0,4,4,0,0,0,True,False,0
15853,4,0,0,4,4,0,0,0,True,False,0
15854,6,0,0,6,6,0,0,0,True,False,0
15855,12,0,0,12,12,0,0,0,True,False,0
15856,15,0,0,15,15,0,0,0,True,False,0
15857,8,0,0,8,8,0,0,0,True,False,0
15858,9,0,0,9,9,0,0,0,True,False,0
15859,9,0,0,9,9,0,0,0,True,False,0
15860,9,0,0,9,9,0,0,0,True,False,0
15861,9,0,0,9,9,0,0,0,True,False,0
15862,17,0,0,17,17,0,0,0,True,False,0
15863,4,0,0,4,4,0,0,0,True,False,0
15864,10,0,0,10,10,0,0,0,True,False,0
15865,8,0,0,8,8,0,0,0,True,False,0
15866,10,0,0,10,10,0,0,0,True,False,0
15867,9,0,0,9,9,0,0,0,True,False,0
15868,10,0,0,10,10,0,0,0,True,False,0
15869,10,0,0,10,10,0,0,0,True,False,0
15870,10,0,0,10,10,0,0,0,True,False,0
15871,10,0,0,10,10,0,0,0,True,False,0
15872,11,0,0,11,11,0,0,0,True,False,0
15873,8,8,8,8,8,0,0,0,True,False,0
15874,5,0,0,5,5,0,0,0,True,False,0
15875,8,0,0,8,8,0,0,0,True,False,0
15876,11,0,0,11,11,0,0,0,True,False,0
15877,0,132,0,0,0,0,0,0,True,False,0
15878,0,0,0,0,0,0,0,0,True,False,0
15879,91,0,0,91,91,0,0,0,True,False,0
15880,48,0,0,48,48,0,0,0,True,False,0
15881,73,0,0,73,73,0,0,0,True,False,0
15882,11,0,0,11,11,0,0,0,True,False,0
15883,9,0,0,9,9,0,0,0,True,False,0
15884,10,0,0,10,10,0,0,0,True,False,0
15885,9,0,0,9,9,0,0,0,True,False,0
15886,10,0,0,10,10,0,0,0,True,False,0
15887,7,0,0,7,7,0,0,0,True,False,0
15888,7,0,0,7,7,0,0,0,True,False,0
15889,8,0,0,8,8,0,0,0,True,False,0
15890,8,0,0,8,8,0,0,0,True,False,0
15891,7,0,0,7,7,0,0,0,True,False,0
15892,8,0,0,8,8,0,0,0,True,False,0
15893,8,0,0,8,8,0,0,0,True,False,0
15894,9,0,0,9,9,0,0,0,True,False,0
15895,6,0,0,6,6,0,0,0,True,False,0
15896,6,0,0,6,6,0,0,0,True,False,0
15897,7,0,0,7,7,0,0,0,True,False,0
15898,7,0,0,7,7,0,0,0,True,False,0
15899,7,0,0,7,7,0,0,0,True,False,0
15900,10,0,0,10,10,0,0,0,True,False,0
15901,7,0,0,7,7,0,0,0,True,False,0
15902,6,0,0,6,6,0,0,0,True,False,0
15903,15,0,0,15,15,0,0,0,True,False,0
15904,15,0,0,15,15,0,0,0,True,False,0
15905,14,0,0,14,14,0,0,0,True,False,0
15906,16,0,0,16,16,0,0,0,True,False,0
15907,13,0,0,13,13,0,0,0,True,False,0
15908,12,0,0,12,12,0,0,0,True,False,0
15909,12,0,0,12,12,0,0,0,True,False,0
15910,12,0,0,12,12,0,0,0,True,False,0
15911,12,0,0,12,12,0,0,0,True,False,0
15912,4,0,0,4,4,0,0,0,True,False,0
15913,12,0,0,12,12,0,0,0,True,False,0
15914,12,0,0,12,12,0,0,0,True,False,0
15915,4,0,0,4,4,0,0,0,True,False,0
15916,4,0,0,4,4,0,0,0,True,False,0
15917,6,0,0,6,6,0,0,0,True,False,0
15918,12,0,0,12,12,0,0,0,True,False,0
15919,12,0,0,12,12,0,0,0,True,False,0
15920,7,0,0,7,7,0,0,0,True,False,0
15921,9,0,0,9,9,0,0,0,True,False,0
15922,4,0,0,4,4,0,0,0,True,False,0
15923,7,0,0,7,7,0,0,0,True,False,0
15924,12,0,0,12,12,0,0,0,True,False,0
15925,9,0,0,9,9,0,0,0,True,False,0
15926,10,0,0,10,10,0,0,0,True,False,0
15927,11,0,0,11,11,0,0,0,True,False,0
15928,11,0,0,11,11,0,0,0,True,False,0
15929,9,0,0,9,9,0,0,0,True,False,0
15930,10,0,0,10,10,0,0,0,True,False,0
15931,10,0,0,10,10,0,0,0,True,False,0
15932,10,0,0,10,10,0,0,0,True,False,0
15933,10,0,0,10,10,0,0,0,True,False,0
15934,10,0,0,10,10,0,0,0,True,False,0
15935,11,0,0,11,11,0,0,0,True,False,0
15936,7,7,7,7,7,0,0,0,True,False,0
15937,5,0,0,5,5,0,0,0,True,False,0
15938,10,0,0,10,10,0,0,0,True,False,0
15939,11,0,0,11,11,0,0,0,True,False,0
15940,0,127,0,0,0,0,0,0,True,False,0
15941,0,0,0,0,0,0,0,0,True,False,0
15942,86,0,0,86,86,0,0,0,True,False,0
15943,46,0,0,46,46,0,0,0,True,False,0
15944,76,0,0,76,76,0,0,0,True,False,0
15945,11,0,0,11,11,0,0,0,True,False,0
15946,14,0,0,14,14,0,0,0,True,False,0
15947,11,0,0,11,11,0,0,0,True,False,0
15948,10,0,0,10,10,0,0,0,True,False,0
15949,13,0,0,13,13,0,0,0,True,False,0
15950,8,0,0,8,8,0,0,0,True,False,0
15951,7,0,0,7,7,0,0,0,True,False,0
15952,8,0,0,8,8,0,0,0,True,False,0
15953,8,0,0,8,8,0,0,0,True,False,0
15954,6,0,0,6,6,0,0,0,True,False,0
15955,6,0,0,6,6,0,0,0,True,False,0
15956,8,0,0,8,8,0,0,0,True,False,0
15957,7,0,0,7,7,0,0,0,True,False,0
15958,8,0,0,8,8,0,0,0,True,False,0
15959,7,0,0,7,7,0,0,0,True,False,0
15960,7,0,0,7,7,0,0,0,True,False,0
15961,6,0,0,6,6,0,0,0,True,False,0
15962,9,0,0,9,9,0,0,0,True,False,0
15963,7,0,0,7,7,0,0,0,True,False,0
15964,8,0,0,8,8,0,0,0,True,False,0
15965,7,0,0,7,7,0,0,0,True,False,0
15966,13,0,0,13,13,0,0,0,True,False,0
15967,13,0,0,13,13,0,0,0,True,False,0
15968,13,0,0,13,13,0,0,0,True,False,0
15969,12,0,0,12,12,0,0,0,True,False,0
15970,13,0,0,13,13,0,0,0,True,False,0
15971,12,0,0,12,12,0,0,0,True,False,0
15972,15,0,0,15,15,0,0,0,True,False,0
15973,17,0,0,17,17,0,0,0,True,False,0
15974,12,0,0,12,12,0,0,0,True,False,0
15975,4,0,0,4,4,0,0,0,True,False,0
15976,12,0,0,12,12,0,0,0,True,False,0
15977,12,0,0,12,12,0,0,0,True,False,0
15978,4,0,0,4,4,0,0,0,True,False,0
15979,4,0,0,4,4,0,0,0,True,False,0
15980,6,0,0,6,6,0,0,0,True,False,0
15981,12,0,0,12,12,0,0,0,True,False,0
15982,14,0,0,14,14,0,0,0,True,False,0
15983,11,0,0,11,11,0,0,0,True,False,0
15984,8,0,0,8,8,0,0,0,True,False,0
15985,10,0,0,10,10,0,0,0,True,False,0
15986,12,0,0,12,12,0,0,0,True,False,0
15987,9,0,0,9,9,0,0,0,True,False,0
15988,5,0,0,5,5,0,0,0,True,False,0
15989,11,0,0,11,11,0,0,0,True,False,0
15990,10,0,0,10,10,0,0,0,True,False,0
15991,13,0,0,13,13,0,0,0,True,False,0
15992,10,0,0,10,10,0,0,0,True,False,0
15993,10,0,0,10,10,0,0,0,True,False,0
15994,10,0,0,10,10,0,0,0,True,False,0
15995,10,0,0,10,10,0,0,0,True,False,0
15996,10,0,0,10,10,0,0,0,True,False,0
15997,11,0,0,11,11,0,0,0,True,False,0
15998,9,1,1,9,9,0,0,0,True,False,0
15999,7,7,7,7,7,0,0,0,True,False,0
16000,5,0,0,5,5,0,0,0,True,False,0
16001,10,1,1,10,10,0,0,0,True,False,0
16002,10,1,1,10,10,0,0,0,True,False,0
16003,0,119,0,0,0,0,0,0,True,False,0
16004,0,0,0,0,0,0,0,0,True,False,0
16005,91,0,0,91,91,0,0,0,True,False,0
16006,48,0,0,48,48,0,0,0,True,False,0
16007,76,0,0,76,76,0,0,0,True,False,0
16008,9,1,1,9,9,0,0,0,True,False,0
16009,11,1,1,11,11,0,0,0,True,False,0
16010,12,1,1,12,12,0,0,0,True,False,0
16011,11,1,1,11,11,0,0,0,True,False,0
16012,8,1,1,8,8,0,0,0,True,False,0
16013,8,0,0,8,8,0,0,0,True,False,0
16014,6,0,0,6,6,0,0,0,True,False,0
16015,9,0,0,9,9,0,0,0,True,False,0
16016,7,0,0,7,7,0,0,0,True,False,0
16017,8,0,0,8,8,0,0,0,True,False,0
16018,7,0,0,7,7,0,0,0,True,False,0
16019,8,0,0,8,8,0,0,0,True,False,0
16020,6,0,0,6,6,0,0,0,True,False,0
16021,7,0,0,7,7,0,0,0,True,False,0
16022,7,0,0,7,7,0,0,0,True,False,0
16023,6,0,0,6,6,0,0,0,True,False,0
16024,5,0,0,5,5,0,0,0,True,False,0
16025,7,0,0,7,7,0,0,0,True,False,0
16026,5,0,0,5,5,0,0,0,True,False,0
16027,8,0,0,8,8,0,0,0,True,False,0
16028,7,0,0,7,7,0,0,0,True,False,0
16029,15,0,0,15,15,0,0,0,True,False,0
16030,12,0,0,12,12,0,0,0,True,False,0
16031,14,0,0,14,14,0,0,0,True,False,0
16032,13,0,0,13,13,0,0,0,True,False,0
16033,14,0,0,14,14,0,0,0,True,False,0
16034,12,0,0,12,12,0,0,0,True,False,0
16035,12,0,0,12,12,0,0,0,True,False,0
16036,12,0,0,12,12,0,0,0,True,False,0
16037,12,0,0,12,12,0,0,0,True,False,0
16038,4,0,0,4,4,0,0,0,True,False,0
16039,12,0,0,12,12,0,0,0,True,False,0
16040,12,0,0,12,12,0,0,0,True,False,0
16041,4,0,0,4,4,0,0,0,True,False,0
16042,4,0,0,4,4,0,0,0,True,False,0
16043,6,0,0,6,6,0,0,0,True,False,0
16044,12,0,0,12,12,0,0,0,True,False,0
16045,16,0,0,16,16,0,0,0,True,False,0
16046,12,0,0,12,12,0,0,0,True,False,0
16047,12,0,0,12,12,0,0,0,True,False,0
16048,14,0,0,14,14,0,0,0,True,False,0
16049,9,0,0,9,9,0,0,0,True,False,0
16050,8,0,0,8,8,0,0,0,True,False,0
16051,14,0,0,14,14,0,0,0,True,False,0
16052,9,0,0,9,9,0,0,0,True,False,0
16053,11,0,0,11,11,0,0,0,True,False,0
16054,11,0,0,11,11,0,0,0,True,False,0
16055,12,0,0,12,12,0,0,0,True,False,0
16056,10,0,0,10,10,0,0,0,True,False,0
16057,10,0,0,10,10,0,0,0,True,False,0
16058,8,0,0,8,8,0,0,0,True,False,0
16059,10,0,0,10,10,0,0,0,True,False,0
16060,10,0,0,10,10,0,0,0,True,False,0
16061,8,0,0,8,8,0,0,0,True,False,0
16062,8,8,8,8,8,0,0,0,True,False,0
16063,5,0,0,5,5,0,0,0,True,False,0
16064,10,0,0,10,10,0,0,0,True,False,0
16065,7,0,0,7,7,0,0,0,True,False,0
16066,10,120,10,10,10,0,0,0,True,False,0
16067,200,0,0,200,200,0,0,0,True,False,0
16068,92,0,0,92,92,0,0,0,True,False,0
16069,50,0,0,50,50,0,0,0,True,False,0
16070,74,0,0,74,74,0,0,0,True,False,0
16071,9,0,0,9,9,0,0,0,True,False,0
16072,9,0,0,9,9,0,0,0,True,False,0
16073,10,0,0,10,10,0,0,0,True,False,0
16074,10,0,0,10,10,0,0,0,True,False,0
16075,8,0,0,8,8,0,0,0,True,False,0
16076,6,0,0,6,6,0,0,0,True,False,0
16077,8,0,0,8,8,0,0,0,True,False,0
16078,7,0,0,7,7,0,0,0,True,False,0
16079,7,0,0,7,7,0,0,0,True,False,0
16080,8,0,0,8,8,0,0,0,True,False,0
16081,8,0,0,8,8,0,0,0,True,False,0
16082,9,0,0,9,9,0,0,0,True,False,0
16083,9,0,0,9,9,0,0,0,True,False,0
16084,7,0,0,7,7,0,0,0,True,False,0
16085,7,0,0,7,7,0,0,0,True,False,0
16086,8,0,0,8,8,0,0,0,True,False,0
16087,8,0,0,8,8,0,0,0,True,False,0
16088,7,0,0,7,7,0,0,0,True,False,0
16089,6,0,0,6,6,0,0,0,True,False,0
16090,6,0,0,6,6,0,0,0,True,False,0
16091,9,0,0,9,9,0,0,0,True,False,0
16092,14,0,0,14,14,0,0,0,True,False,0
16093,14,0,0,14,14,0,0,0,True,False,0
16094,14,0,0,14,14,0,0,0,True,False,0
16095,14,0,0,14,14,0,0,0,True,False,0
16096,12,0,0,12,12,0,0,0,True,False,0
16097,15,0,0,15,15,0,0,0,True,False,0
16098,11,0,0,11,11,0,0,0,True,False,0
16099,13,0,0,13,13,0,0,0,True,False,0
16100,12,0,0,12,12,0,0,0,True,False,0
16101,4,0,0,4,4,0,0,0,True,False,0
16102,12,0,0,12,12,0,0,0,True,False,0
16103,12,0,0,12,12,0,0,0,True,False,0
16104,4,0,0,4,4,0,0,0,True,False,0
16105,4,0,0,4,4,0,0,0,True,False,0
16106,6,0,0,6,6,0,0,0,True,False,0
16107,12,0,0,12,12,0,0,0,True,False,0
16108,7,0,0,7,7,0,0,0,True,False,0
16109,5,0,0,5,5,0,0,0,True,False,0
16110,8,0,0,8,8,0,0,0,True,False,0
16111,9,0,0,9,9,0,0,0,True,False,0
16112,13,0,0,13,13,0,0,0,True,False,0
16113,11,0,0,11,11,0,0,0,True,False,0
16114,12,0,0,12,12,0,0,0,True,False,0
16115,14,0,0,14,14,0,0,0,True,False,0
16116,10,0,0,10,10,0,0,0,True,False,0
16117,10,0,0,10,10,0,0,0,True,False,0
16118,12,0,0,12,12,0,0,0,True,False,0
16119,8,0,0,8,8,0,0,0,True,False,0
16120,11,0,0,11,11,0,0,0,True,False,0
16121,8,0,0,8,8,0,0,0,True,False,0
16122,9,0,0,9,9,0,0,0,True,False,0
16123,9,0,0,9,9,0,0,0,True,False,0
16124,8,0,0,8,8,0,0,0,True,False,0
16125,8,8,8,8,8,0,0,0,True,False,0
16126,5,0,0,5,5,0,0,0,True,False,0
16127,9,0,0,9,9,0,0,0,True,False,0
16128,8,0,0,8,8,0,0,0,True,False,0
16129,0,115,0,0,0,0,0,0,True,False,0
16130,0,0,0,0,0,0,0,0,True,False,0
16131,93,0,0,93,93,0,0,0,True,False,0
16132,47,0,0,47,47,0,0,0,True,False,0
16133,72,0,0,72,72,0,0,0,True,False,0
16134,9,0,0,9,9,0,0,0,True,False,0
16135,7,0,0,7,7,0,0,0,True,False,0
16136,10,0,0,10,10,0,0,0,True,False,0
16137,10,0,0,10,10,0,0,0,True,False,0
16138,8,0,0,8,8,0,0,0,True,False,0
16139,8,0,0,8,8,0,0,0,True,False,0
16140,7,0,0,7,7,0,0,0,True,False,0
16141,6,0,0,6,6,0,0,0,True,False,0
16142,8,0,0,8,8,0,0,0,True,False,0
16143,6,0,0,6,6,0,0,0,True,False,0
16144,6,0,0,6,6,0,0,0,True,False,0
16145,7,0,0,7,7,0,0,0,True,False,0
16146,8,0,0,8,8,0,0,0,True,False,0
16147,8,0,0,8,8,0,0,0,True,False,0
16148,6,0,0,6,6,0,0,0,True,False,0
16149,5,0,0,5,5,0,0,0,True,False,0
16150,9,0,0,9,9,0,0,0,True,False,0
16151,7,0,0,7,7,0,0,0,True,False,0
16152,7,0,0,7,7,0,0,0,True,False,0
16153,7,0,0,7,7,0,0,0,True,False,0
16154,7,0,0,7,7,0,0,0,True,False,0
16155,13,0,0,13,13,0,0,0,True,False,0
16156,13,0,0,13,13,0,0,0,True,False,0
16157,13,0,0,13,13,0,0,0,True,False,0
16158,13,0,0,13,13,0,0,0,True,False,0
16159,15,0,0,15,15,0,0,0,True,False,0
16160,12,0,0,12,12,0,0,0,True,False,0
16161,12,0,0,12,12,0,0,0,True,False,0
16162,11,0,0,11,11,0,0,0,True,False,0
16163,12,0,0,12,12,0,0,0,True,False,0
16164,4,0,0,4,4,0,0,0,True,False,0
16165,12,0,0,12,12,0,0,0,True,False,0
16166,12,0,0,12,12,0,0,0,True,False,0
16167,4,0,0,4,4,0,0,0,True,False,0
16168,4,0,0,4,4,0,0,0,True,False,0
16169,6,0,0,6,6,0,0,0,True,False,0
16170,12,0,0,12,12,0,0,0,True,False,0
16171,15,0,0,15,15,0,0,0,True,False,0
16172,12,0,0,12,12,0,0,0,True,False,0
16173,7,0,0,7,7,0,0,0,True,False,0
16174,11,0,0,11,11,0,0,0,True,False,0
16175,9,0,0,9,9,0,0,0,True,False,0
16176,12,0,0,12,12,0,0,0,True,False,0
16177,4,0,0,4,4,0,0,0,True,False,0
16178,10,0,0,10,10,0,0,0,True,False,0
16179,10,0,0,10,10,0,0,0,True,False,0
16180,11,0,0,11,11,0,0,0,True,False,0
16181,14,0,0,14,14,0,0,0,True,False,0
16182,9,0,0,9,9,0,0,0,True,False,0
16183,9,0,0,9,9,0,0,0,True,False,0
16184,10,0,0,10,10,0,0,0,True,False,0
16185,12,0,0,12,12,0,0,0,True,False,0
16186,12,0,0,12,12,0,0,0,True,False,0
16187,9,0,0,9,9,0,0,0,True,False,0
16188,7,7,7,7,7,0,0,0,True,False,0
16189,5,0,0,5,5,0,0,0,True,False,0
16190,9,0,0,9,9,0,0,0,True,False,0
16191,8,0,0,8,8,0,0,0,True,False,0
16192,0,124,0,0,0,0,0,0,True,False,0
16193,0,0,0,0,0,0,0,0,True,False,0
16194,92,0,0,92,92,0,0,0,True,False,0
16195,49,0,0,49,49,0,0,0,True,False,0
16196,78,0,0,78,78,0,0,0,True,False,0
16197,9,0,0,9,9,0,0,0,True,False,0
16198,8,0,0,8,8,0,0,0,True,False,0
16199,8,0,0,8,8,0,0,0,True,False,0
16200,9,0,0,9,9,0,0,0,True,False,0
16201,10,0,0,10,10,0,0,0,True,False,0
16202,6,0,0,6,6,0,0,0,True,False,0
16203,7,0,0,7,7,0,0,0,True,False,0
16204,8,0,0,8,8,0,0,0,True,False,0
16205,9,0,0,9,9,0,0,0,True,False,0
16206,8,0,0,8,8,0,0,0,True,False,0
16207,8,0,0,8,8,0,0,0,True,False,0
16208,8,0,0,8,8,0,0,0,True,False,0
16209,8,0,0,8,8,0,0,0,True,False,0
16210,9,0,0,9,9,0,0,0,True,False,0
16211,9,0,0,9,9,0,0,0,True,False,0
16212,8,0,0,8,8,0,0,0,True,False,0
16213,8,0,0,8,8,0,0,0,True,False,0
16214,7,0,0,7,7,0,0,0,True,False,0
16215,9,0,0,9,9,0,0,0,True,False,0
16216,6,0,0,6,6,0,0,0,True,False,0
16217,8,0,0,8,8,0,0,0,True,False,0
16218,16,0,0,16,16,0,0,0,True,False,0
16219,13,0,0,13,13,0,0,0,True,False,0
16220,11,0,0,11,11,0,0,0,True,False,0
16221,15,0,0,15,15,0,0,0,True,False,0
16222,12,0,0,12,12,0,0,0,True,False,0
16223,14,0,0,14,14,0,0,0,True,False,0
16224,13,0,0,13,13,0,0,0,True,False,0
16225,14,0,0,14,14,0,0,0,True,False,0
16226,12,0,0,12,12,0,0,0,True,False,0
16227,4,0,0,4,4,0,0,0,True,False,0
16228,12,0,0,12,12,0,0,0,True,False,0
16229,12,0,0,12,12,0,0,0,True,False,0
16230,4,0,0,4,4,0,0,0,True,False,0
16231,4,0,0,4,4,0,0,0,True,False,0
16232,6,0,0,6,6,0,0,0,True,False,0
16233,12,0,0,12,12,0,0,0,True,False,0
16234,4,0,0,4,4,0,0,0,True,False,0
16235,9,0,0,9,9,0,0,0,True,False,0
16236,8,0,0,8,8,0,0,0,True,False,0
16237,12,0,0,12,12,0,0,0,True,False,0
16238,9,0,0,9,9,0,0,0,True,False,0
16239,11,0,0,11,11,0,0,0,True,False,0
16240,10,0,0,10,10,0,0,0,True,False,0
16241,12,0,0,12,12,0,0,0,True,False,0
16242,1,0,0,1,1,0,0,0,True,True,0
16243,12,0,0,12,12,0,0,0,True,False,0
16244,9,0,0,9,9,0,0,0,True,False,0
16245,10,0,0,10,10,0,0,0,True,False,0
16246,9,0,0,9,9,0,0,0,True,False,0
16247,13,0,0,13,13,0,0,0,True,False,0
16248,10,0,0,10,10,0,0,0,True,False,0
16249,10,0,0,10,10,0,0,0,True,False,0
16250,10,0,0,10,10,0,0,0,True,False,0
16251,8,0,0,8,8,0,0,0,True,False,0
16252,8,8,8,8,8,0,0,0,True,False,0
16253,5,0,0,5,5,0,0,0,True,False,0
16254,8,0,0,8,8,0,0,0,True,False,0
16255,8,0,0,8,8,0,0,0,True,False,0
16256,0,119,0,0,0,0,0,0,True,False,0
16257,0,0,0,0,0,0,0,0,True,False,0
16258,90,0,0,90,90,0,0,0,True,False,0
16259,46,0,0,46,46,0,0,0,True,False,0
16260,72,0,0,72,72,0,0,0,True,False,0
16261,9,0,0,9,9,0,0,0,True,False,0
16262,10,0,0,10,10,0,0,0,True,False,0
16263,9,0,0,9,9,0,0,0,True,False,0
16264,8,0,0,8,8,0,0,0,True,False,0
16265,8,0,0,8,8,0,0,0,True,False,0
16266,7,0,0,7,7,0,0,0,True,False,0
16267,7,0,0,7,7,0,0,0,True,False,0
16268,7,0,0,7,7,0,0,0,True,False,0
16269,7,0,0,7,7,0,0,0,True,False,0
16270,9,0,0,9,9,0,0,0,True,False,0
16271,8,0,0,8,8,0,0,0,True,False,0
16272,7,0,0,7,7,0,0,0,True,False,0
16273,8,0,0,8,8,0,0,0,True,False,0
16274,7,0,0,7,7,0,0,0,True,False,0
16275,6,0,0,6,6,0,0,0,True,False,0
16276,6,0,0,6,6,0,0,0,True,False,0
16277,8,0,0,8,8,0,0,0,True,False,0
16278,6,0,0,6,6,0,0,0,True,False,0
16279,8,0,0,8,8,0,0,0,True,False,0
16280,6,0,0,6,6,0,0,0,True,False,0
16281,6,0,0,6,6,0,0,0,True,False,0
16282,11,0,0,11,11,0,0,0,True,False,0
16283,15,0,0,15,15,0,0,0,True,False,0
16284,12,0,0,12,12,0,0,0,True,False,0
16285,12,0,0,12,12,0,0,0,True,False,0
16286,14,0,0,14,14,0,0,0,True,False,0
16287,13,0,0,13,13,0,0,0,True,False,0
16288,14,0,0,14,14,0,0,0,True,False,0
16289,13,0,0,13,13,0,0,0,True,False,0
16290,12,0,0,12,12,0,0,0,True,False,0
16291,4,0,0,4,4,0,0,0,True,False,0
16292,12,0,0,12,12,0,0,0,True,False,0
16293,12,0,0,12,12,0,0,0,True,False,0
16294,4,0,0,4,4,0,0,0,True,False,0
16295,4,0,0,4,4,0,0,0,True,False,0
16296,6,0,0,6,6,0,0,0,True,False,0
16297,12,0,0,12,12,0,0,0,True,False,0
16298,14,0,0,14,14,0,0,0,True,False,0
16299,13,0,0,13,13,0,0,0,True,False,0
16300,14,0,0,14,14,0,0,0,True,False,0
16301,9,0,0,9,9,0,0,0,True,False,0
16302,9,0,0,9,9,0,0,0,True,False,0
16303,12,0,0,12,12,0,0,0,True,False,0
16304,10,0,0,10,10,0,0,0,True,False,0
16305,7,0,0,7,7,0,0,0,True,False,0
16306,1,0,0,1,1,0,0,0,True,True,0
16307,1,0,0,1,1,0,0,0,True,True,0
16308,12,0,0,12,12,0,0,0,True,False,0
16309,10,0,0,10,10,0,0,0,True,False,0
16310,11,0,0,11,11,0,0,0,True,False,0
16311,11,0,0,11,11,0,0,0,True,False,0
16312,10,0,0,10,10,0,0,0,True,False,0
16313,9,0,0,9,9,0,0,0,True,False,0
16314,11,0,0,11,11,0,0,0,True,False,0
16315,11,0,0,11,11,0,0,0,True,False,0
16316,9,0,0,9,9,0,0,0,True,False,0
16317,7,7,7,7,7,0,0,0,True,False,0
16318,5,0,0,5,5,0,0,0,True,False,0
16319,9,0,0,9,9,0,0,0,True,False,0
16320,7,0,0,7,7,0,0,0,True,False,0
16321,0,122,0,0,0,0,0,0,True,False,0
16322,0,0,0,0,0,0,0,0,True,False,0
16323,96,0,0,96,96,0,0,0,True,False,0
16324,48,0,0,48,48,0,0,0,True,False,0
16325,78,0,0,78,78,0,0,0,True,False,0
16326,10,0,0,10,10,0,0,0,True,False,0
16327,8,0,0,8,8,0,0,0,True,False,0
16328,8,0,0,8,8,0,0,0,True,False,0
16329,8,0,0,8,8,0,0,0,True,False,0
16330,8,0,0,8,8,0,0,0,True,False,0
16331,7,0,0,7,7,0,0,0,True,False,0
16332,7,0,0,7,7,0,0,0,True,False,0
16333,8,0,0,8,8,0,0,0,True,False,0
16334,6,0,0,6,6,0,0,0,True,False,0
16335,6,0,0,6,6,0,0,0,True,False,0
16336,6,0,0,6,6,0,0,0,True,False,0
16337,7,0,0,7,7,0,0,0,True,False,0
16338,7,0,0,7,7,0,0,0,True,False,0
16339,8,0,0,8,8,0,0,0,True,False,0
16340,7,0,0,7,7,0,0,0,True,False,0
16341,7,0,0,7,7,0,0,0,True,False,0
16342,7,0,0,7,7,0,0,0,True,False,0
16343,8,0,0,8,8,0,0,0,True,False,0
16344,7,0,0,7,7,0,0,0,True,False,0
16345,8,0,0,8,8,0,0,0,True,False,0
16346,7,0,0,7,7,0,0,0,True,False,0
16347,14,0,0,14,14,0,0,0,True,False,0
16348,13,0,0,13,13,0,0,0,True,False,0
16349,14,0,0,14,14,0,0,0,True,False,0
16350,13,0,0,13,13,0,0,0,True,False,0
16351,14,0,0,14,14,0,0,0,True,False,0
16352,13,0,0,13,13,0,0,0,True,False,0
16353,13,0,0,13,13,0,0,0,True,False,0
16354,13,0,0,13,13,0,0,0,True,False,0
16355,12,0,0,12,12,0,0,0,True,False,0
16356,4,0,0,4,4,0,0,0,True,False,0
16357,12,0,0,12,12,0,0,0,True,False,0
16358,12,0,0,12,12,0,0,0,True,False,0
16359,4,0,0,4,4,0,0,0,True,False,0
16360,4,0,0,4,4,0,0,0,True,False,0
16361,6,0,0,6,6,0,0,0,True,False,0
16362,12,0,0,12,12,0,0,0,True,False,0
16363,7,0,0,7,7,0,0,0,True,False,0
16364,9,0,0,9,9,0,0,0,True,False,0
16365,3,0,0,3,3,0,0,0,True,False,0
16366,6,0,0,6,6,0,0,0,True,False,0
16367,5,0,0,5,5,0,0,0,True,False,0
16368,15,0,0,15,15,0,0,0,True,False,0
16369,9,0,0,9,9,0,0,0,True,False,0
16370,12,0,0,12,12,0,0,0,True,False,0
16371,1,0,0,1,1,0,0,0,True,True,0
16372,1,0,0,1,1,0,0,0,True,True,0
16373,1,0,0,1,1,0,0,0,True,True,0
16374,3,0,0,3,3,0,0,0,True,False,0
16375,2,0,0,2,2,0,0,0,True,True,0
16376,2,0,0,2,2,0,0,0,True,True,0
16377,2,0,0,2,2,0,0,0,True,True,0
16378,1,0,0,1,1,0,0,0,True,True,0
16379,3,0,0,3,3,0,0,0,True,False,0
16380,2,0,0,2,2,0,0,0,True,True,0
16381,2,0,0,2,2,0,0,0,True,True,0
16382,2,0,0,2,2,0,0,0,True,True,0
16383,1,1,1,1,1,0,0,0,True,True,0
16384,1,0,0,1,1,0,0,0,True,True,0
16385,1,0,0,1,1,0,0,0,True,True,0
16386,1,0,0,1,1,0,0,0,True,True,0
16387,0,23,0,0,0,0,0,0,True,False,0
16388,0,0,0,0,0,0,0,0,True,False,0
16389,16,0,0,16,16,0,0,0,True,False,0
16390,10,0,0,10,10,0,0,0,True,False,0
16391,15,0,0,15,15,0,0,0,True,False,0
16392,2,0,0,2,2,0,0,0,True,True,0
16393,2,0,0,2,2,0,0,0,True,True,0
16394,2,0,0,2,2,0,0,0,True,True,0
16395,2,0,0,2,2,0,0,0,True,True,0
16396,2,0,0,2,2,0,0,0,True,True,0
16397,1,0,0,1,1,0,0,0,True,True,0
16398,1,0,0,1,1,0,0,0,True,True,0
16399,1,0,0,1,1,0,0,0,True,True,0
16400,2,0,0,2,2,0,0,0,True,True,0
16401,2,0,0,2,2,0,0,0,True,True,0
16402,1,0,0,1,1,0,0,0,True,True,0
16403,2,0,0,2,2,0,0,0,True,True,0
16404,1,0,0,1,1,0,0,0,True,True,0
16405,3,0,0,3,3,0,0,0,True,False,0
16406,2,0,0,2,2,0,0,0,True,True,0
16407,1,0,0,1,1,0,0,0,True,True,0
16408,1,0,0,1,1,0,0,0,True,True,0
16409,2,0,0,2,2,0,0,0,True,True,0
16410,1,0,0,1,1,0,0,0,True,True,0
16411,1,0,0,1,1,0,0,0,True,True,0
16412,1,0,0,1,1,0,0,0,True,True,0
16413,2,0,0,2,2,0,0,0,True,True,0
16414,3,0,0,3,3,0,0,0,True,False,0
16415,4,0,0,4,4,0,0,0,True,False,0
16416,3,0,0,3,3,0,0,0,True,False,0
16417,3,0,0,3,3,0,0,0,True,False,0
16418,3,0,0,3,3,0,0,0,True,False,0
16419,2,0,0,2,2,0,0,0,True,True,0
16420,3,0,0,3,3,0,0,0,True,False,0
16421,2,0,0,2,2,0,0,0,True,True,0
16422,1,0,0,1,1,0,0,0,True,True,0
16423,2,0,0,2,2,0,0,0,True,True,0
16424,3,0,0,3,3,0,0,0,True,False,0
16425,1,0,0,1,1,0,0,0,True,True,0
16426,1,0,0,1,1,0,0,0,True,True,0
16427,2,0,0,2,2,0,0,0,True,True,0
16428,2,0,0,2,2,0,0,0,True,True,0
16429,5,0,0,5,5,0,0,0,True,False,0
16430,5,0,0,5,5,0,0,0,True,False,0
16431,5,0,0,5,5,0,0,0,True,False,0
16432,1,0,0,1,1,0,0,0,True,True,0
16433,5,0,0,5,5,0,0,0,True,False,0
16434,5,0,0,5,5,0,0,0,True,False,0
16435,1,0,0,1,1,0,0,0,True,True,0
16436,3,0,0,3,3,0,0,0,True,False,0
16437,1,0,0,1,1,0,0,0,True,True,0
16438,1,0,0,1,1,0,0,0,True,True,0
