row_id,split,group_key
1,train,run2|da0ac19aeb4dd17af13223b6
2,train,run2|7a134559991d1890694ec88a
3,train,run2|3546626ec7ea7ebe12514293
4,train,run2|d922e6c1f87c8503eae6dcf1
5,train,run2|2e1ca746bb8a88ea44f76598
6,test,run2|e3e6cd89a6d9b64a76362910
7,test,run2|afb34b99f11cf73707b37f91
8,train,run2|714926a2f66fde5eb0141b77
9,train,run2|a8378c00369355b71ca4a740
10,test,run2|5d2fecfb00efa3dbb74eb6bd
11,test,run2|6735b6efc11ce6c55023b666
12,val,run2|738a3a2c4de9dd56c42e04b2
13,train,run2|9dac0483a8616d9acd146041
14,test,run2|cc7a2a76ab9775380ffbfa6d
15,test,run2|d983b2a03d6bc18a4ce22475
16,test,run2|9add6371ed177ad513889c9c
17,test,run2|54ef328eac6ea5fbc7efcac0
18,test,run2|9826f71b07ffc0aa4151771c
19,val,run2|dc004f92b5c572f08812d87a
20,test,run2|aadc20f2c3de5ffb28418fde
21,train,run2|f49e0e02c940d43c9a030d7b
22,train,run2|62797f01198f3d2f440d74a8
23,test,run2|9485cfd43904e9fec1965606
24,val,run2|a38af1ae2f5d20ca4ada064f
25,train,run2|8a749b48b1aad565b9351404
26,test,run2|c9d17513446fff7f1fbc56fa
27,val,run2|ae48001b3a51c13d9fe39311
28,train,run2|70096e767796b2db773d203b
29,test,run2|3d08fee436f32cb3180f97f6
30,train,run2|1e9a2ca1194707a30b862421
31,test,run2|662ec13447fc2ba10d072491
32,train,run2|705439a19fad4165b6bfaa2f
33,train,run2|1473e53d878180eb984abd32
34,train,run2|7af8fa411068f990af7c30e7
35,train,run2|ccda4cae70561694cba91108
36,train,run2|3c967699869c1e88faad5b7c
37,train,run2|d5edde036040cb01fa5fd175
38,train,run2|b562074b475c7201ec8c6933
39,train,run2|487032b6828699f8248ded0f
40,train,run2|87c4bb0723674e06dd47ba8f
41,train,run2|dcfdb2e0148a0dd535a11c8e
42,val,run2|0b1978fe215a9f4c97dc7d54
43,val,run2|9771688d0910acf6d0db762e
44,train,run2|0fcead7e13f10181bf085a70
45,train,run2|4cfbdbb4923d37ccf8bee8ea
46,train,run2|07c37b1affe43b6979c68069
47,test,run2|180e9ec18c5662a0159516bc
48,train,run2|2151b12f0ee415b2279b5cf3
49,train,run2|e49fb0d290383bcafb0b1e48
50,train,run2|d5723c4b1f5ed907a1f54bbf
51,val,run2|be2f7d8777a2b2dbb25b3abd
52,train,run2|eb9f09185a552e089ec78d00
53,test,run2|de698aa0507bc018b80af29b
54,train,run2|72e1f4e211cbedbf81e51bac
55,val,run2|f71aea0367ea089356affc14
56,test,run2|75a93e2d4350e5071d16c6f2
57,train,run2|7ff991bac17595baa2649382
58,train,run2|4a7f89273eb45ab48fe41933
59,val,run2|bf45656fcfb426b8c7792777
60,train,run2|0c3e42105cd076b5f8458cf0
61,test,run2|1b1ab853c13daeff4b9498b5
62,train,run2|096397c023d6fac465c5b340
63,train,run2|df5440dc4a3465e0bf50d6bc
64,train,run2|4c22fc835cecf9ca884d135b
65,val,run2|4c2abbf069ecd9056089ccbe
66,test,run2|7f48d3f36fdd6eeef4d9148b
67,train,run2|cdd836619f8d4dac3004ab95
68,train,run2|b8e25b4895f5fc99a3425b95
69,test,run2|4aff7d8026ff35ef4e4eedc4
70,test,run2|c9702dc939f1e3510cbb488a
71,val,run2|fd2103433d26ed4a039eb75f
72,train,run2|2870c394ad478441611dea23
73,test,run2|b16307c4094bbd080b6fe9a7
74,train,run2|03364c1282fb536273dc133f
75,train,run2|cd2b34be885e20c5eaecbc39
76,val,run2|78afab31de5303fd8c1ebac9
77,train,run2|8a39ab8cbb7d0519ce69ebcb
78,train,run2|333afbc8eaf83d126fdb40fb
79,train,run2|fc71206d26f62ecf4c9b80b9
80,train,run2|da0ac19aeb4dd17af13223b6
81,train,run2|7a134559991d1890694ec88a
82,train,run2|3546626ec7ea7ebe12514293
83,train,run2|d922e6c1f87c8503eae6dcf1
84,train,run2|2e1ca746bb8a88ea44f76598
85,test,run2|e3e6cd89a6d9b64a76362910
86,test,run2|afb34b99f11cf73707b37f91
87,train,run2|714926a2f66fde5eb0141b77
88,train,run2|a8378c00369355b71ca4a740
89,test,run2|5d2fecfb00efa3dbb74eb6bd
90,test,run2|6735b6efc11ce6c55023b666
91,val,run2|738a3a2c4de9dd56c42e04b2
92,train,run2|9dac0483a8616d9acd146041
93,test,run2|cc7a2a76ab9775380ffbfa6d
94,test,run2|d983b2a03d6bc18a4ce22475
95,test,run2|9add6371ed177ad513889c9c
96,test,run2|54ef328eac6ea5fbc7efcac0
97,test,run2|9826f71b07ffc0aa4151771c
98,val,run2|dc004f92b5c572f08812d87a
99,test,run2|aadc20f2c3de5ffb28418fde
100,train,run2|f49e0e02c940d43c9a030d7b
101,train,run2|62797f01198f3d2f440d74a8
102,test,run2|9485cfd43904e9fec1965606
103,val,run2|a38af1ae2f5d20ca4ada064f
104,train,run2|8a749b48b1aad565b9351404
105,test,run2|c9d17513446fff7f1fbc56fa
106,val,run2|ae48001b3a51c13d9fe39311
107,train,run2|70096e767796b2db773d203b
108,test,run2|3d08fee436f32cb3180f97f6
109,train,run2|1e9a2ca1194707a30b862421
110,test,run2|662ec13447fc2ba10d072491
111,train,run2|705439a19fad4165b6bfaa2f
112,train,run2|1473e53d878180eb984abd32
113,train,run2|7af8fa411068f990af7c30e7
114,train,run2|ccda4cae70561694cba91108
115,train,run2|3c967699869c1e88faad5b7c
116,train,run2|d5edde036040cb01fa5fd175
117,train,run2|b562074b475c7201ec8c6933
118,train,run2|487032b6828699f8248ded0f
119,train,run2|87c4bb0723674e06dd47ba8f
120,train,run2|dcfdb2e0148a0dd535a11c8e
121,val,run2|0b1978fe215a9f4c97dc7d54
122,val,run2|9771688d0910acf6d0db762e
123,train,run2|0fcead7e13f10181bf085a70
124,train,run2|4cfbdbb4923d37ccf8bee8ea
125,train,run2|07c37b1affe43b6979c68069
126,test,run2|180e9ec18c5662a0159516bc
127,train,run2|2151b12f0ee415b2279b5cf3
128,train,run2|e49fb0d290383bcafb0b1e48
129,train,run2|d5723c4b1f5ed907a1f54bbf
130,val,run2|be2f7d8777a2b2dbb25b3abd
131,train,run2|eb9f09185a552e089ec78d00
132,test,run2|de698aa0507bc018b80af29b
133,train,run2|72e1f4e211cbedbf81e51bac
134,val,run2|f71aea0367ea089356affc14
135,test,run2|75a93e2d4350e5071d16c6f2
136,train,run2|7ff991bac17595baa2649382
137,train,run2|4a7f89273eb45ab48fe41933
138,val,run2|bf45656fcfb426b8c7792777
139,train,run2|0c3e42105cd076b5f8458cf0
140,test,run2|1b1ab853c13daeff4b9498b5
141,train,run2|096397c023d6fac465c5b340
142,train,run2|df5440dc4a3465e0bf50d6bc
143,train,run2|da0ac19aeb4dd17af13223b6
144,train,run2|7a134559991d1890694ec88a
145,train,run2|3546626ec7ea7ebe12514293
146,train,run2|d922e6c1f87c8503eae6dcf1
147,train,run2|2e1ca746bb8a88ea44f76598
148,test,run2|e3e6cd89a6d9b64a76362910
149,test,run2|afb34b99f11cf73707b37f91
150,train,run2|714926a2f66fde5eb0141b77
151,train,run2|a8378c00369355b71ca4a740
152,test,run2|5d2fecfb00efa3dbb74eb6bd
153,test,run2|6735b6efc11ce6c55023b666
154,val,run2|738a3a2c4de9dd56c42e04b2
155,train,run2|9dac0483a8616d9acd146041
156,test,run2|cc7a2a76ab9775380ffbfa6d
157,test,run2|d983b2a03d6bc18a4ce22475
158,test,run2|9add6371ed177ad513889c9c
159,test,run2|54ef328eac6ea5fbc7efcac0
160,test,run2|9826f71b07ffc0aa4151771c
161,val,run2|dc004f92b5c572f08812d87a
162,test,run2|aadc20f2c3de5ffb28418fde
163,train,run2|f49e0e02c940d43c9a030d7b
164,train,run2|62797f01198f3d2f440d74a8
165,test,run2|9485cfd43904e9fec1965606
166,val,run2|a38af1ae2f5d20ca4ada064f
167,train,run2|8a749b48b1aad565b9351404
168,test,run2|c9d17513446fff7f1fbc56fa
169,val,run2|ae48001b3a51c13d9fe39311
170,train,run2|70096e767796b2db773d203b
171,test,run2|3d08fee436f32cb3180f97f6
172,train,run2|1e9a2ca1194707a30b862421
173,test,run2|662ec13447fc2ba10d072491
174,train,run2|705439a19fad4165b6bfaa2f
175,train,run2|1473e53d878180eb984abd32
176,train,run2|7af8fa411068f990af7c30e7
177,train,run2|ccda4cae70561694cba91108
178,train,run2|3c967699869c1e88faad5b7c
179,train,run2|d5edde036040cb01fa5fd175
180,train,run2|b562074b475c7201ec8c6933
181,train,run2|487032b6828699f8248ded0f
182,train,run2|87c4bb0723674e06dd47ba8f
183,train,run2|dcfdb2e0148a0dd535a11c8e
184,val,run2|0b1978fe215a9f4c97dc7d54
185,val,run2|9771688d0910acf6d0db762e
186,train,run2|0fcead7e13f10181bf085a70
187,train,run2|4cfbdbb4923d37ccf8bee8ea
188,train,run2|07c37b1affe43b6979c68069
189,test,run2|180e9ec18c5662a0159516bc
190,train,run2|2151b12f0ee415b2279b5cf3
191,train,run2|e49fb0d290383bcafb0b1e48
192,train,run2|d5723c4b1f5ed907a1f54bbf
193,val,run2|be2f7d8777a2b2dbb25b3abd
194,train,run2|eb9f09185a552e089ec78d00
195,test,run2|de698aa0507bc018b80af29b
196,train,run2|72e1f4e211cbedbf81e51bac
197,val,run2|f71aea0367ea089356affc14
198,test,run2|75a93e2d4350e5071d16c6f2
199,train,run2|7ff991bac17595baa2649382
200,train,run2|4a7f89273eb45ab48fe41933
201,val,run2|bf45656fcfb426b8c7792777
202,train,run2|0c3e42105cd076b5f8458cf0
203,test,run2|1b1ab853c13daeff4b9498b5
204,train,run2|096397c023d6fac465c5b340
205,train,run2|df5440dc4a3465e0bf50d6bc
206,train,run2|da0ac19aeb4dd17af13223b6
207,train,run2|7a134559991d1890694ec88a
208,train,run2|3546626ec7ea7ebe12514293
209,train,run2|d922e6c1f87c8503eae6dcf1
210,train,run2|2e1ca746bb8a88ea44f76598
211,test,run2|e3e6cd89a6d9b64a76362910
212,test,run2|afb34b99f11cf73707b37f91
213,train,run2|714926a2f66fde5eb0141b77
214,train,run2|a8378c00369355b71ca4a740
215,test,run2|5d2fecfb00efa3dbb74eb6bd
216,test,run2|6735b6efc11ce6c55023b666
217,val,run2|738a3a2c4de9dd56c42e04b2
218,train,run2|9dac0483a8616d9acd146041
219,test,run2|cc7a2a76ab9775380ffbfa6d
220,test,run2|d983b2a03d6bc18a4ce22475
221,test,run2|9add6371ed177ad513889c9c
222,test,run2|54ef328eac6ea5fbc7efcac0
223,test,run2|9826f71b07ffc0aa4151771c
224,val,run2|dc004f92b5c572f08812d87a
225,test,run2|aadc20f2c3de5ffb28418fde
226,train,run2|f49e0e02c940d43c9a030d7b
227,train,run2|62797f01198f3d2f440d74a8
228,test,run2|9485cfd43904e9fec1965606
229,val,run2|a38af1ae2f5d20ca4ada064f
230,train,run2|8a749b48b1aad565b9351404
231,test,run2|c9d17513446fff7f1fbc56fa
232,val,run2|ae48001b3a51c13d9fe39311
233,train,run2|70096e767796b2db773d203b
234,test,run2|3d08fee436f32cb3180f97f6
235,train,run2|1e9a2ca1194707a30b862421
236,test,run2|662ec13447fc2ba10d072491
237,train,run2|705439a19fad4165b6bfaa2f
238,train,run2|1473e53d878180eb984abd32
239,train,run2|7af8fa411068f990af7c30e7
240,train,run2|ccda4cae70561694cba91108
241,train,run2|3c967699869c1e88faad5b7c
242,train,run2|d5edde036040cb01fa5fd175
243,train,run2|b562074b475c7201ec8c6933
244,train,run2|487032b6828699f8248ded0f
245,train,run2|87c4bb0723674e06dd47ba8f
246,train,run2|dcfdb2e0148a0dd535a11c8e
247,val,run2|0b1978fe215a9f4c97dc7d54
248,val,run2|9771688d0910acf6d0db762e
249,train,run2|0fcead7e13f10181bf085a70
250,train,run2|4cfbdbb4923d37ccf8bee8ea
251,train,run2|07c37b1affe43b6979c68069
252,test,run2|180e9ec18c5662a0159516bc
253,train,run2|2151b12f0ee415b2279b5cf3
254,train,run2|e49fb0d290383bcafb0b1e48
255,train,run2|d5723c4b1f5ed907a1f54bbf
256,val,run2|be2f7d8777a2b2dbb25b3abd
257,train,run2|eb9f09185a552e089ec78d00
258,test,run2|de698aa0507bc018b80af29b
259,train,run2|72e1f4e211cbedbf81e51bac
260,val,run2|f71aea0367ea089356affc14
261,test,run2|75a93e2d4350e5071d16c6f2
262,train,run2|7ff991bac17595baa2649382
263,train,run2|4a7f89273eb45ab48fe41933
264,val,run2|bf45656fcfb426b8c7792777
265,train,run2|0c3e42105cd076b5f8458cf0
266,test,run2|1b1ab853c13daeff4b9498b5
267,train,run2|096397c023d6fac465c5b340
268,train,run2|df5440dc4a3465e0bf50d6bc
269,train,run2|da0ac19aeb4dd17af13223b6
270,train,run2|7a134559991d1890694ec88a
271,train,run2|3546626ec7ea7ebe12514293
272,train,run2|d922e6c1f87c8503eae6dcf1
273,train,run2|2e1ca746bb8a88ea44f76598
274,test,run2|e3e6cd89a6d9b64a76362910
275,test,run2|afb34b99f11cf73707b37f91
276,train,run2|714926a2f66fde5eb0141b77
277,train,run2|a8378c00369355b71ca4a740
278,test,run2|5d2fecfb00efa3dbb74eb6bd
279,test,run2|6735b6efc11ce6c55023b666
280,val,run2|738a3a2c4de9dd56c42e04b2
281,train,run2|9dac0483a8616d9acd146041
282,test,run2|cc7a2a76ab9775380ffbfa6d
283,test,run2|d983b2a03d6bc18a4ce22475
284,test,run2|9add6371ed177ad513889c9c
285,test,run2|54ef328eac6ea5fbc7efcac0
286,test,run2|9826f71b07ffc0aa4151771c
287,val,run2|dc004f92b5c572f08812d87a
288,test,run2|aadc20f2c3de5ffb28418fde
289,train,run2|f49e0e02c940d43c9a030d7b
290,train,run2|62797f01198f3d2f440d74a8
291,test,run2|9485cfd43904e9fec1965606
292,val,run2|a38af1ae2f5d20ca4ada064f
293,train,run2|8a749b48b1aad565b9351404
294,test,run2|c9d17513446fff7f1fbc56fa
295,val,run2|ae48001b3a51c13d9fe39311
296,train,run2|70096e767796b2db773d203b
297,test,run2|3d08fee436f32cb3180f97f6
298,train,run2|1e9a2ca1194707a30b862421
299,test,run2|662ec13447fc2ba10d072491
300,train,run2|705439a19fad4165b6bfaa2f
301,train,run2|1473e53d878180eb984abd32
302,train,run2|7af8fa411068f990af7c30e7
303,train,run2|ccda4cae70561694cba91108
304,train,run2|3c967699869c1e88faad5b7c
305,train,run2|d5edde036040cb01fa5fd175
306,train,run2|b562074b475c7201ec8c6933
307,train,run2|487032b6828699f8248ded0f
308,train,run2|87c4bb0723674e06dd47ba8f
309,train,run2|dcfdb2e0148a0dd535a11c8e
310,val,run2|0b1978fe215a9f4c97dc7d54
311,val,run2|9771688d0910acf6d0db762e
312,train,run2|0fcead7e13f10181bf085a70
313,train,run2|4cfbdbb4923d37ccf8bee8ea
314,train,run2|07c37b1affe43b6979c68069
315,test,run2|180e9ec18c5662a0159516bc
316,train,run2|2151b12f0ee415b2279b5cf3
317,train,run2|e49fb0d290383bcafb0b1e48
318,train,run2|d5723c4b1f5ed907a1f54bbf
319,val,run2|be2f7d8777a2b2dbb25b3abd
320,train,run2|eb9f09185a552e089ec78d00
321,test,run2|de698aa0507bc018b80af29b
322,train,run2|72e1f4e211cbedbf81e51bac
323,val,run2|f71aea0367ea089356affc14
324,test,run2|75a93e2d4350e5071d16c6f2
325,train,run2|7ff991bac17595baa2649382
326,train,run2|4a7f89273eb45ab48fe41933
327,val,run2|bf45656fcfb426b8c7792777
328,train,run2|0c3e42105cd076b5f8458cf0
329,test,run2|1b1ab853c13daeff4b9498b5
330,train,run2|096397c023d6fac465c5b340
331,train,run2|df5440dc4a3465e0bf50d6bc
332,train,run2|da0ac19aeb4dd17af13223b6
333,train,run2|7a134559991d1890694ec88a
334,train,run2|3546626ec7ea7ebe12514293
335,train,run2|d922e6c1f87c8503eae6dcf1
336,train,run2|2e1ca746bb8a88ea44f76598
337,test,run2|e3e6cd89a6d9b64a76362910
338,test,run2|afb34b99f11cf73707b37f91
339,train,run2|714926a2f66fde5eb0141b77
340,train,run2|a8378c00369355b71ca4a740
341,test,run2|5d2fecfb00efa3dbb74eb6bd
342,test,run2|6735b6efc11ce6c55023b666
343,val,run2|738a3a2c4de9dd56c42e04b2
344,train,run2|9dac0483a8616d9acd146041
345,test,run2|cc7a2a76ab9775380ffbfa6d
346,test,run2|d983b2a03d6bc18a4ce22475
347,test,run2|9add6371ed177ad513889c9c
348,test,run2|54ef328eac6ea5fbc7efcac0
349,test,run2|9826f71b07ffc0aa4151771c
350,val,run2|dc004f92b5c572f08812d87a
351,test,run2|aadc20f2c3de5ffb28418fde
352,train,run2|f49e0e02c940d43c9a030d7b
353,train,run2|62797f01198f3d2f440d74a8
354,test,run2|9485cfd43904e9fec1965606
355,val,run2|a38af1ae2f5d20ca4ada064f
356,train,run2|8a749b48b1aad565b9351404
357,test,run2|c9d17513446fff7f1fbc56fa
358,val,run2|ae48001b3a51c13d9fe39311
359,train,run2|70096e767796b2db773d203b
360,test,run2|3d08fee436f32cb3180f97f6
361,train,run2|1e9a2ca1194707a30b862421
362,test,run2|662ec13447fc2ba10d072491
363,train,run2|705439a19fad4165b6bfaa2f
364,train,run2|1473e53d878180eb984abd32
365,train,run2|7af8fa411068f990af7c30e7
366,train,run2|ccda4cae70561694cba91108
367,train,run2|3c967699869c1e88faad5b7c
368,train,run2|d5edde036040cb01fa5fd175
369,train,run2|b562074b475c7201ec8c6933
370,train,run2|487032b6828699f8248ded0f
371,train,run2|87c4bb0723674e06dd47ba8f
372,train,run2|dcfdb2e0148a0dd535a11c8e
373,val,run2|0b1978fe215a9f4c97dc7d54
374,val,run2|9771688d0910acf6d0db762e
375,train,run2|0fcead7e13f10181bf085a70
376,train,run2|4cfbdbb4923d37ccf8bee8ea
377,train,run2|07c37b1affe43b6979c68069
378,test,run2|180e9ec18c5662a0159516bc
379,train,run2|2151b12f0ee415b2279b5cf3
380,train,run2|e49fb0d290383bcafb0b1e48
381,train,run2|d5723c4b1f5ed907a1f54bbf
382,val,run2|be2f7d8777a2b2dbb25b3abd
383,train,run2|eb9f09185a552e089ec78d00
384,test,run2|de698aa0507bc018b80af29b
385,train,run2|72e1f4e211cbedbf81e51bac
386,val,run2|f71aea0367ea089356affc14
387,test,run2|75a93e2d4350e5071d16c6f2
388,train,run2|7ff991bac17595baa2649382
389,train,run2|4a7f89273eb45ab48fe41933
390,val,run2|bf45656fcfb426b8c7792777
391,train,run2|0c3e42105cd076b5f8458cf0
392,test,run2|1b1ab853c13daeff4b9498b5
393,train,run2|096397c023d6fac465c5b340
394,train,run2|df5440dc4a3465e0bf50d6bc
395,train,run2|da0ac19aeb4dd17af13223b6
396,train,run2|7a134559991d1890694ec88a
397,train,run2|3546626ec7ea7ebe12514293
398,train,run2|d922e6c1f87c8503eae6dcf1
399,train,run2|2e1ca746bb8a88ea44f76598
400,test,run2|e3e6cd89a6d9b64a76362910
401,test,run2|afb34b99f11cf73707b37f91
402,train,run2|714926a2f66fde5eb0141b77
403,train,run2|a8378c00369355b71ca4a740
404,test,run2|5d2fecfb00efa3dbb74eb6bd
405,test,run2|6735b6efc11ce6c55023b666
406,val,run2|738a3a2c4de9dd56c42e04b2
407,train,run2|9dac0483a8616d9acd146041
408,test,run2|cc7a2a76ab9775380ffbfa6d
409,test,run2|d983b2a03d6bc18a4ce22475
410,test,run2|9add6371ed177ad513889c9c
411,test,run2|54ef328eac6ea5fbc7efcac0
412,test,run2|9826f71b07ffc0aa4151771c
413,val,run2|dc004f92b5c572f08812d87a
414,test,run2|aadc20f2c3de5ffb28418fde
415,train,run2|f49e0e02c940d43c9a030d7b
416,train,run2|62797f01198f3d2f440d74a8
417,test,run2|9485cfd43904e9fec1965606
418,val,run2|a38af1ae2f5d20ca4ada064f
419,train,run2|8a749b48b1aad565b9351404
420,test,run2|c9d17513446fff7f1fbc56fa
421,val,run2|ae48001b3a51c13d9fe39311
422,train,run2|70096e767796b2db773d203b
423,test,run2|3d08fee436f32cb3180f97f6
424,train,run2|1e9a2ca1194707a30b862421
425,test,run2|662ec13447fc2ba10d072491
426,train,run2|705439a19fad4165b6bfaa2f
427,train,run2|1473e53d878180eb984abd32
428,train,run2|7af8fa411068f990af7c30e7
429,train,run2|ccda4cae70561694cba91108
430,train,run2|3c967699869c1e88faad5b7c
431,train,run2|d5edde036040cb01fa5fd175
432,train,run2|b562074b475c7201ec8c6933
433,train,run2|487032b6828699f8248ded0f
434,train,run2|87c4bb0723674e06dd47ba8f
435,train,run2|dcfdb2e0148a0dd535a11c8e
436,val,run2|0b1978fe215a9f4c97dc7d54
437,val,run2|9771688d0910acf6d0db762e
438,train,run2|0fcead7e13f10181bf085a70
439,train,run2|4cfbdbb4923d37ccf8bee8ea
440,train,run2|07c37b1affe43b6979c68069
441,test,run2|180e9ec18c5662a0159516bc
442,train,run2|2151b12f0ee415b2279b5cf3
443,train,run2|e49fb0d290383bcafb0b1e48
444,train,run2|d5723c4b1f5ed907a1f54bbf
445,val,run2|be2f7d8777a2b2dbb25b3abd
446,train,run2|eb9f09185a552e089ec78d00
447,test,run2|de698aa0507bc018b80af29b
448,train,run2|72e1f4e211cbedbf81e51bac
449,val,run2|f71aea0367ea089356affc14
450,test,run2|75a93e2d4350e5071d16c6f2
451,train,run2|7ff991bac17595baa2649382
452,train,run2|4a7f89273eb45ab48fe41933
453,val,run2|bf45656fcfb426b8c7792777
454,train,run2|0c3e42105cd076b5f8458cf0
455,test,run2|1b1ab853c13daeff4b9498b5
456,train,run2|096397c023d6fac465c5b340
457,train,run2|df5440dc4a3465e0bf50d6bc
458,train,run2|da0ac19aeb4dd17af13223b6
459,train,run2|7a134559991d1890694ec88a
460,train,run2|3546626ec7ea7ebe12514293
461,train,run2|d922e6c1f87c8503eae6dcf1
462,train,run2|2e1ca746bb8a88ea44f76598
463,test,run2|e3e6cd89a6d9b64a76362910
464,test,run2|afb34b99f11cf73707b37f91
465,train,run2|714926a2f66fde5eb0141b77
466,train,run2|a8378c00369355b71ca4a740
467,test,run2|5d2fecfb00efa3dbb74eb6bd
468,test,run2|6735b6efc11ce6c55023b666
469,val,run2|738a3a2c4de9dd56c42e04b2
470,train,run2|9dac0483a8616d9acd146041
471,test,run2|cc7a2a76ab9775380ffbfa6d
472,test,run2|d983b2a03d6bc18a4ce22475
473,test,run2|9add6371ed177ad513889c9c
474,test,run2|54ef328eac6ea5fbc7efcac0
475,test,run2|9826f71b07ffc0aa4151771c
476,val,run2|dc004f92b5c572f08812d87a
477,test,run2|aadc20f2c3de5ffb28418fde
478,train,run2|f49e0e02c940d43c9a030d7b
479,train,run2|62797f01198f3d2f440d74a8
480,test,run2|9485cfd43904e9fec1965606
481,val,run2|a38af1ae2f5d20ca4ada064f
482,train,run2|8a749b48b1aad565b9351404
483,test,run2|c9d17513446fff7f1fbc56fa
484,val,run2|ae48001b3a51c13d9fe39311
485,train,run2|70096e767796b2db773d203b
486,test,run2|3d08fee436f32cb3180f97f6
487,train,run2|1e9a2ca1194707a30b862421
488,test,run2|662ec13447fc2ba10d072491
489,train,run2|705439a19fad4165b6bfaa2f
490,train,run2|1473e53d878180eb984abd32
491,train,run2|7af8fa411068f990af7c30e7
492,train,run2|ccda4cae70561694cba91108
493,train,run2|3c967699869c1e88faad5b7c
494,train,run2|d5edde036040cb01fa5fd175
495,train,run2|b562074b475c7201ec8c6933
496,train,run2|487032b6828699f8248ded0f
497,train,run2|87c4bb0723674e06dd47ba8f
498,train,run2|dcfdb2e0148a0dd535a11c8e
499,val,run2|0b1978fe215a9f4c97dc7d54
500,val,run2|9771688d0910acf6d0db762e
501,train,run2|0fcead7e13f10181bf085a70
502,train,run2|4cfbdbb4923d37ccf8bee8ea
503,train,run2|07c37b1affe43b6979c68069
504,test,run2|180e9ec18c5662a0159516bc
505,train,run2|2151b12f0ee415b2279b5cf3
506,train,run2|e49fb0d290383bcafb0b1e48
507,train,run2|d5723c4b1f5ed907a1f54bbf
508,val,run2|be2f7d8777a2b2dbb25b3abd
509,train,run2|eb9f09185a552e089ec78d00
510,test,run2|de698aa0507bc018b80af29b
511,train,run2|72e1f4e211cbedbf81e51bac
512,val,run2|f71aea0367ea089356affc14
513,test,run2|75a93e2d4350e5071d16c6f2
514,train,run2|7ff991bac17595baa2649382
515,train,run2|4a7f89273eb45ab48fe41933
516,val,run2|bf45656fcfb426b8c7792777
517,train,run2|0c3e42105cd076b5f8458cf0
518,test,run2|1b1ab853c13daeff4b9498b5
519,train,run2|096397c023d6fac465c5b340
520,train,run2|df5440dc4a3465e0bf50d6bc
521,train,run2|da0ac19aeb4dd17af13223b6
522,train,run2|7a134559991d1890694ec88a
523,train,run2|3546626ec7ea7ebe12514293
524,train,run2|d922e6c1f87c8503eae6dcf1
525,train,run2|2e1ca746bb8a88ea44f76598
526,test,run2|e3e6cd89a6d9b64a76362910
527,test,run2|afb34b99f11cf73707b37f91
528,train,run2|714926a2f66fde5eb0141b77
529,train,run2|a8378c00369355b71ca4a740
530,test,run2|5d2fecfb00efa3dbb74eb6bd
531,test,run2|6735b6efc11ce6c55023b666
532,val,run2|738a3a2c4de9dd56c42e04b2
533,train,run2|9dac0483a8616d9acd146041
534,test,run2|cc7a2a76ab9775380ffbfa6d
535,test,run2|d983b2a03d6bc18a4ce22475
536,test,run2|9add6371ed177ad513889c9c
537,test,run2|54ef328eac6ea5fbc7efcac0
538,test,run2|9826f71b07ffc0aa4151771c
539,val,run2|dc004f92b5c572f08812d87a
540,test,run2|aadc20f2c3de5ffb28418fde
541,train,run2|f49e0e02c940d43c9a030d7b
542,train,run2|62797f01198f3d2f440d74a8
543,test,run2|9485cfd43904e9fec1965606
544,val,run2|a38af1ae2f5d20ca4ada064f
545,train,run2|8a749b48b1aad565b9351404
546,test,run2|c9d17513446fff7f1fbc56fa
547,val,run2|ae48001b3a51c13d9fe39311
548,train,run2|70096e767796b2db773d203b
549,test,run2|3d08fee436f32cb3180f97f6
550,train,run2|1e9a2ca1194707a30b862421
551,test,run2|662ec13447fc2ba10d072491
552,train,run2|705439a19fad4165b6bfaa2f
553,train,run2|1473e53d878180eb984abd32
554,train,run2|7af8fa411068f990af7c30e7
555,train,run2|ccda4cae70561694cba91108
556,train,run2|3c967699869c1e88faad5b7c
557,train,run2|d5edde036040cb01fa5fd175
558,train,run2|b562074b475c7201ec8c6933
559,train,run2|487032b6828699f8248ded0f
560,train,run2|87c4bb0723674e06dd47ba8f
561,train,run2|dcfdb2e0148a0dd535a11c8e
562,val,run2|0b1978fe215a9f4c97dc7d54
563,val,run2|9771688d0910acf6d0db762e
564,train,run2|0fcead7e13f10181bf085a70
565,train,run2|4cfbdbb4923d37ccf8bee8ea
566,train,run2|07c37b1affe43b6979c68069
567,test,run2|180e9ec18c5662a0159516bc
568,train,run2|2151b12f0ee415b2279b5cf3
569,train,run2|e49fb0d290383bcafb0b1e48
570,train,run2|d5723c4b1f5ed907a1f54bbf
571,val,run2|be2f7d8777a2b2dbb25b3abd
572,train,run2|eb9f09185a552e089ec78d00
573,test,run2|de698aa0507bc018b80af29b
574,train,run2|72e1f4e211cbedbf81e51bac
575,val,run2|f71aea0367ea089356affc14
576,test,run2|75a93e2d4350e5071d16c6f2
577,train,run2|7ff991bac17595baa2649382
578,train,run2|4a7f89273eb45ab48fe41933
579,val,run2|bf45656fcfb426b8c7792777
580,train,run2|0c3e42105cd076b5f8458cf0
581,test,run2|1b1ab853c13daeff4b9498b5
582,train,run2|096397c023d6fac465c5b340
583,train,run2|df5440dc4a3465e0bf50d6bc
584,train,run2|2870c394ad478441611dea23
585,val,run2|78afab31de5303fd8c1ebac9
586,train,run2|333afbc8eaf83d126fdb40fb
587,train,run2|da0ac19aeb4dd17af13223b6
588,train,run2|7a134559991d1890694ec88a
589,train,run2|3546626ec7ea7ebe12514293
590,train,run2|d922e6c1f87c8503eae6dcf1
591,train,run2|2e1ca746bb8a88ea44f76598
592,test,run2|e3e6cd89a6d9b64a76362910
593,test,run2|afb34b99f11cf73707b37f91
594,train,run2|714926a2f66fde5eb0141b77
595,train,run2|a8378c00369355b71ca4a740
596,test,run2|5d2fecfb00efa3dbb74eb6bd
597,test,run2|6735b6efc11ce6c55023b666
598,val,run2|738a3a2c4de9dd56c42e04b2
599,train,run2|9dac0483a8616d9acd146041
600,test,run2|cc7a2a76ab9775380ffbfa6d
601,test,run2|d983b2a03d6bc18a4ce22475
602,test,run2|9add6371ed177ad513889c9c
603,test,run2|54ef328eac6ea5fbc7efcac0
604,test,run2|9826f71b07ffc0aa4151771c
605,val,run2|dc004f92b5c572f08812d87a
606,test,run2|aadc20f2c3de5ffb28418fde
607,train,run2|f49e0e02c940d43c9a030d7b
608,train,run2|62797f01198f3d2f440d74a8
609,test,run2|9485cfd43904e9fec1965606
610,val,run2|a38af1ae2f5d20ca4ada064f
611,train,run2|8a749b48b1aad565b9351404
612,test,run2|c9d17513446fff7f1fbc56fa
613,val,run2|ae48001b3a51c13d9fe39311
614,train,run2|70096e767796b2db773d203b
615,test,run2|3d08fee436f32cb3180f97f6
616,train,run2|1e9a2ca1194707a30b862421
617,test,run2|662ec13447fc2ba10d072491
618,train,run2|705439a19fad4165b6bfaa2f
619,train,run2|1473e53d878180eb984abd32
620,train,run2|7af8fa411068f990af7c30e7
621,train,run2|ccda4cae70561694cba91108
622,train,run2|3c967699869c1e88faad5b7c
623,train,run2|d5edde036040cb01fa5fd175
624,train,run2|b562074b475c7201ec8c6933
625,train,run2|487032b6828699f8248ded0f
626,train,run2|87c4bb0723674e06dd47ba8f
627,train,run2|dcfdb2e0148a0dd535a11c8e
628,val,run2|0b1978fe215a9f4c97dc7d54
629,val,run2|9771688d0910acf6d0db762e
630,train,run2|0fcead7e13f10181bf085a70
631,train,run2|4cfbdbb4923d37ccf8bee8ea
632,train,run2|07c37b1affe43b6979c68069
633,test,run2|180e9ec18c5662a0159516bc
634,train,run2|2151b12f0ee415b2279b5cf3
635,train,run2|e49fb0d290383bcafb0b1e48
636,train,run2|d5723c4b1f5ed907a1f54bbf
637,val,run2|be2f7d8777a2b2dbb25b3abd
638,train,run2|eb9f09185a552e089ec78d00
639,test,run2|de698aa0507bc018b80af29b
640,train,run2|72e1f4e211cbedbf81e51bac
641,val,run2|f71aea0367ea089356affc14
642,test,run2|75a93e2d4350e5071d16c6f2
643,train,run2|7ff991bac17595baa2649382
644,train,run2|4a7f89273eb45ab48fe41933
645,val,run2|bf45656fcfb426b8c7792777
646,train,run2|0c3e42105cd076b5f8458cf0
647,test,run2|1b1ab853c13daeff4b9498b5
648,train,run2|096397c023d6fac465c5b340
649,train,run2|df5440dc4a3465e0bf50d6bc
650,train,run2|03364c1282fb536273dc133f
651,train,run2|fc71206d26f62ecf4c9b80b9
652,train,run2|da0ac19aeb4dd17af13223b6
653,train,run2|7a134559991d1890694ec88a
654,train,run2|3546626ec7ea7ebe12514293
655,train,run2|d922e6c1f87c8503eae6dcf1
656,train,run2|2e1ca746bb8a88ea44f76598
657,test,run2|e3e6cd89a6d9b64a76362910
658,test,run2|afb34b99f11cf73707b37f91
659,train,run2|714926a2f66fde5eb0141b77
660,train,run2|a8378c00369355b71ca4a740
661,test,run2|5d2fecfb00efa3dbb74eb6bd
662,test,run2|6735b6efc11ce6c55023b666
663,val,run2|738a3a2c4de9dd56c42e04b2
664,train,run2|9dac0483a8616d9acd146041
665,test,run2|cc7a2a76ab9775380ffbfa6d
666,test,run2|d983b2a03d6bc18a4ce22475
667,test,run2|9add6371ed177ad513889c9c
668,test,run2|54ef328eac6ea5fbc7efcac0
669,test,run2|9826f71b07ffc0aa4151771c
670,val,run2|dc004f92b5c572f08812d87a
671,test,run2|aadc20f2c3de5ffb28418fde
672,train,run2|f49e0e02c940d43c9a030d7b
673,train,run2|62797f01198f3d2f440d74a8
674,test,run2|9485cfd43904e9fec1965606
675,val,run2|a38af1ae2f5d20ca4ada064f
676,train,run2|8a749b48b1aad565b9351404
677,test,run2|c9d17513446fff7f1fbc56fa
678,val,run2|ae48001b3a51c13d9fe39311
679,train,run2|70096e767796b2db773d203b
680,test,run2|3d08fee436f32cb3180f97f6
681,train,run2|1e9a2ca1194707a30b862421
682,test,run2|662ec13447fc2ba10d072491
683,train,run2|705439a19fad4165b6bfaa2f
684,train,run2|1473e53d878180eb984abd32
685,train,run2|7af8fa411068f990af7c30e7
686,train,run2|ccda4cae70561694cba91108
687,train,run2|3c967699869c1e88faad5b7c
688,train,run2|d5edde036040cb01fa5fd175
689,train,run2|b562074b475c7201ec8c6933
690,train,run2|487032b6828699f8248ded0f
691,train,run2|87c4bb0723674e06dd47ba8f
692,train,run2|dcfdb2e0148a0dd535a11c8e
693,val,run2|0b1978fe215a9f4c97dc7d54
694,val,run2|9771688d0910acf6d0db762e
695,train,run2|0fcead7e13f10181bf085a70
696,train,run2|4cfbdbb4923d37ccf8bee8ea
697,train,run2|07c37b1affe43b6979c68069
698,test,run2|180e9ec18c5662a0159516bc
699,train,run2|2151b12f0ee415b2279b5cf3
700,train,run2|e49fb0d290383bcafb0b1e48
701,train,run2|d5723c4b1f5ed907a1f54bbf
702,val,run2|be2f7d8777a2b2dbb25b3abd
703,train,run2|eb9f09185a552e089ec78d00
704,test,run2|de698aa0507bc018b80af29b
705,train,run2|72e1f4e211cbedbf81e51bac
706,val,run2|f71aea0367ea089356affc14
707,test,run2|75a93e2d4350e5071d16c6f2
708,train,run2|7ff991bac17595baa2649382
709,train,run2|4a7f89273eb45ab48fe41933
710,val,run2|bf45656fcfb426b8c7792777
711,train,run2|0c3e42105cd076b5f8458cf0
712,test,run2|1b1ab853c13daeff4b9498b5
713,train,run2|096397c023d6fac465c5b340
714,train,run2|df5440dc4a3465e0bf50d6bc
715,test,run2|b16307c4094bbd080b6fe9a7
716,train,run2|cd2b34be885e20c5eaecbc39
717,train,run2|8a39ab8cbb7d0519ce69ebcb
718,val,run3|fb811315cfc4ad4e937daca5
719,val,run3|c5041792a77b2783470c6913
720,train,run3|6fc0a957d1c82db9b242be09
721,test,run3|809a0142d86bd6ec79476670
722,train,run3|fca522ec89f60a128061fed5
723,train,run3|8bb51f26d58227eca4715997
724,test,run3|b58603fa8b4abb3a86028d37
725,train,run3|7cb93d24e6c6c8d5a365aeb1
726,train,run3|86b03d70a6db09a2f7536489
727,test,run3|abf580f466bd37fb51edd096
728,test,run3|22fd66219705a898dd4c29a9
729,test,run3|2a351d8ea633f0e54b6ebcbe
730,val,run3|4e8c0794c94e143505136010
731,val,run3|70d47356026526fe4f683712
732,val,run3|6d80ec346a591b92f4d5dfb0
733,test,run3|e6b8ba8105cc29b181612e8f
734,test,run3|bab02500a35bdf940b1baaee
735,test,run3|ace023e5024937b8effe04a7
736,train,run3|c527ecb5a7fbc0e86891a5d6
737,train,run3|3b5b6f6beb5578344e953288
738,train,run3|9053c9ff4f727b1ec45c7278
739,train,run3|b645bdac3bb45d96465db0c1
740,test,run3|39fa64bdabd7bd8d1488f52c
741,train,run3|2bb81272db4c5207b8266b14
742,train,run3|85fff53724172e22d9974680
743,train,run3|9c05864ec72139349d1a1630
744,val,run3|c453d5b6a8ea7a7e6f1a8dce
745,test,run3|cf6d11a21418f8f597dd53e4
746,train,run3|faae9f18df62ba9c13883737
747,train,run3|067e0aa5388458be78630fca
748,train,run3|4a999500f9b01aa5752338c3
749,train,run3|7299e6e3d988780209bd1b6f
750,test,run3|b2cc4bb7eedb4c0061010ea2
751,train,run3|2475c84218e903308780b00b
752,test,run3|6577fa5ffe36e3bdde7ffc32
753,test,run3|c2c0692df8331ae0e20ee1e9
754,test,run3|49f7c5431de9765e1ab2defd
755,train,run3|dff866a60df5101b76342cf2
756,train,run3|3baf49a1945bb09bb7951735
757,test,run3|5def897ce8b960eca0238838
758,train,run3|cf4b35fa50cc71c02f02a7c0
759,val,run3|0a6feda15c3e4be5f46d48c2
760,train,run3|6d24163d2f6b1eefca7b4c61
761,train,run3|9af0691b41a218c635f1b52f
762,test,run3|13fd6756c71b18732ffef19d
763,val,run3|2619b0fb9ad886e345b706bd
764,train,run3|5777c14d43e05919c8621f66
765,val,run3|16a952a36a260c68851d5cd4
766,train,run3|9fea1192ec8109ffc7436196
767,test,run3|9391edec1b5b4a187a505697
768,train,run3|dfcc47955813716e8196fd1e
769,train,run3|3f47d5a64784ec6139707502
770,train,run3|ac9c5ac401b11db1c5c2a33c
771,train,run3|55462901e1e9420163f73c23
772,test,run3|1c999277452805738377e683
773,val,run3|57228527af388aa1b279e931
774,val,run3|0ca1e36d8932db5e51558c6b
775,train,run3|9923ce5b036ed083421d290b
776,val,run3|3bedbc600d2f922463852373
777,val,run3|85440d7f6a033fe7e64f74bc
778,test,run3|fc17f52b255c7f2f500799d0
779,train,run3|bbf8157c3dd0ab0d6d34b10a
780,val,run3|9ec53d58217e9676f5e9c8c5
781,val,run3|196dcd2a8e59366108a84c54
782,train,run3|890a31932346ed5982bf2154
783,train,run3|dd108a9a2f83b15bffae9a5f
784,test,run3|272e3059c905a67346335cf6
785,test,run3|f756d711774c142f79c1d947
786,train,run3|83639ed4282f40e0048e47bc
787,test,run3|48729116799951fdd1fdc23f
788,test,run3|30c66ed052d39fa2e8a50bf1
789,train,run3|2a8eae0d6cd9e6a819f3c154
790,train,run3|be3f750d37c5ef4b65c5d64f
791,test,run3|b29e1422f14391bd318f3adb
792,train,run3|45465d398b9a2f0c10d90a54
793,train,run3|701e79783291dffe2200783e
794,train,run3|0bcdbf56dbf016518dc4b328
795,train,run3|dd5f6a3e36b6465c42e5a12a
796,train,run3|af46acbf188eb7a614c1c179
797,val,run3|fb811315cfc4ad4e937daca5
798,val,run3|c5041792a77b2783470c6913
799,train,run3|6fc0a957d1c82db9b242be09
800,test,run3|809a0142d86bd6ec79476670
801,train,run3|fca522ec89f60a128061fed5
802,train,run3|8bb51f26d58227eca4715997
803,test,run3|b58603fa8b4abb3a86028d37
804,train,run3|7cb93d24e6c6c8d5a365aeb1
805,train,run3|86b03d70a6db09a2f7536489
806,test,run3|abf580f466bd37fb51edd096
807,test,run3|22fd66219705a898dd4c29a9
808,test,run3|2a351d8ea633f0e54b6ebcbe
809,val,run3|4e8c0794c94e143505136010
810,val,run3|70d47356026526fe4f683712
811,val,run3|6d80ec346a591b92f4d5dfb0
812,test,run3|e6b8ba8105cc29b181612e8f
813,test,run3|bab02500a35bdf940b1baaee
814,test,run3|ace023e5024937b8effe04a7
815,train,run3|c527ecb5a7fbc0e86891a5d6
816,train,run3|3b5b6f6beb5578344e953288
817,train,run3|9053c9ff4f727b1ec45c7278
818,train,run3|b645bdac3bb45d96465db0c1
819,test,run3|39fa64bdabd7bd8d1488f52c
820,train,run3|2bb81272db4c5207b8266b14
821,train,run3|85fff53724172e22d9974680
822,train,run3|9c05864ec72139349d1a1630
823,val,run3|c453d5b6a8ea7a7e6f1a8dce
824,test,run3|cf6d11a21418f8f597dd53e4
825,train,run3|faae9f18df62ba9c13883737
826,train,run3|067e0aa5388458be78630fca
827,train,run3|4a999500f9b01aa5752338c3
828,train,run3|7299e6e3d988780209bd1b6f
829,test,run3|b2cc4bb7eedb4c0061010ea2
830,train,run3|2475c84218e903308780b00b
831,test,run3|6577fa5ffe36e3bdde7ffc32
832,test,run3|c2c0692df8331ae0e20ee1e9
833,test,run3|49f7c5431de9765e1ab2defd
834,train,run3|dff866a60df5101b76342cf2
835,train,run3|3baf49a1945bb09bb7951735
836,test,run3|5def897ce8b960eca0238838
837,train,run3|cf4b35fa50cc71c02f02a7c0
838,val,run3|0a6feda15c3e4be5f46d48c2
839,train,run3|6d24163d2f6b1eefca7b4c61
840,train,run3|9af0691b41a218c635f1b52f
841,test,run3|13fd6756c71b18732ffef19d
842,val,run3|2619b0fb9ad886e345b706bd
843,train,run3|5777c14d43e05919c8621f66
844,val,run3|16a952a36a260c68851d5cd4
845,train,run3|9fea1192ec8109ffc7436196
846,test,run3|9391edec1b5b4a187a505697
847,train,run3|dfcc47955813716e8196fd1e
848,train,run3|3f47d5a64784ec6139707502
849,train,run3|ac9c5ac401b11db1c5c2a33c
850,train,run3|55462901e1e9420163f73c23
851,test,run3|1c999277452805738377e683
852,val,run3|57228527af388aa1b279e931
853,val,run3|0ca1e36d8932db5e51558c6b
854,train,run3|9923ce5b036ed083421d290b
855,val,run3|3bedbc600d2f922463852373
856,val,run3|85440d7f6a033fe7e64f74bc
857,test,run3|fc17f52b255c7f2f500799d0
858,train,run3|bbf8157c3dd0ab0d6d34b10a
859,val,run3|9ec53d58217e9676f5e9c8c5
860,val,run3|fb811315cfc4ad4e937daca5
861,val,run3|c5041792a77b2783470c6913
862,train,run3|6fc0a957d1c82db9b242be09
863,test,run3|809a0142d86bd6ec79476670
864,train,run3|fca522ec89f60a128061fed5
865,train,run3|8bb51f26d58227eca4715997
866,test,run3|b58603fa8b4abb3a86028d37
867,train,run3|7cb93d24e6c6c8d5a365aeb1
868,train,run3|86b03d70a6db09a2f7536489
869,test,run3|abf580f466bd37fb51edd096
870,test,run3|22fd66219705a898dd4c29a9
871,test,run3|2a351d8ea633f0e54b6ebcbe
872,val,run3|4e8c0794c94e143505136010
873,val,run3|70d47356026526fe4f683712
874,val,run3|6d80ec346a591b92f4d5dfb0
875,test,run3|e6b8ba8105cc29b181612e8f
876,test,run3|bab02500a35bdf940b1baaee
877,test,run3|ace023e5024937b8effe04a7
878,train,run3|c527ecb5a7fbc0e86891a5d6
879,train,run3|3b5b6f6beb5578344e953288
880,train,run3|9053c9ff4f727b1ec45c7278
881,train,run3|b645bdac3bb45d96465db0c1
882,test,run3|39fa64bdabd7bd8d1488f52c
883,train,run3|2bb81272db4c5207b8266b14
884,train,run3|85fff53724172e22d9974680
885,train,run3|9c05864ec72139349d1a1630
886,val,run3|c453d5b6a8ea7a7e6f1a8dce
887,test,run3|cf6d11a21418f8f597dd53e4
888,train,run3|faae9f18df62ba9c13883737
889,train,run3|067e0aa5388458be78630fca
890,train,run3|4a999500f9b01aa5752338c3
891,train,run3|7299e6e3d988780209bd1b6f
892,test,run3|b2cc4bb7eedb4c0061010ea2
893,train,run3|2475c84218e903308780b00b
894,test,run3|6577fa5ffe36e3bdde7ffc32
895,test,run3|c2c0692df8331ae0e20ee1e9
896,test,run3|49f7c5431de9765e1ab2defd
897,train,run3|dff866a60df5101b76342cf2
898,train,run3|3baf49a1945bb09bb7951735
899,test,run3|5def897ce8b960eca0238838
900,train,run3|cf4b35fa50cc71c02f02a7c0
901,val,run3|0a6feda15c3e4be5f46d48c2
902,train,run3|6d24163d2f6b1eefca7b4c61
903,train,run3|9af0691b41a218c635f1b52f
904,test,run3|13fd6756c71b18732ffef19d
905,val,run3|2619b0fb9ad886e345b706bd
906,train,run3|5777c14d43e05919c8621f66
907,val,run3|16a952a36a260c68851d5cd4
908,train,run3|9fea1192ec8109ffc7436196
909,test,run3|9391edec1b5b4a187a505697
910,train,run3|dfcc47955813716e8196fd1e
911,train,run3|3f47d5a64784ec6139707502
912,train,run3|ac9c5ac401b11db1c5c2a33c
913,train,run3|55462901e1e9420163f73c23
914,test,run3|1c999277452805738377e683
915,val,run3|57228527af388aa1b279e931
916,val,run3|0ca1e36d8932db5e51558c6b
917,train,run3|9923ce5b036ed083421d290b
918,val,run3|3bedbc600d2f922463852373
919,val,run3|85440d7f6a033fe7e64f74bc
920,test,run3|fc17f52b255c7f2f500799d0
921,train,run3|bbf8157c3dd0ab0d6d34b10a
922,val,run3|9ec53d58217e9676f5e9c8c5
923,val,run3|fb811315cfc4ad4e937daca5
924,val,run3|c5041792a77b2783470c6913
925,train,run3|6fc0a957d1c82db9b242be09
926,test,run3|809a0142d86bd6ec79476670
927,train,run3|fca522ec89f60a128061fed5
928,train,run3|8bb51f26d58227eca4715997
929,test,run3|b58603fa8b4abb3a86028d37
930,train,run3|7cb93d24e6c6c8d5a365aeb1
931,train,run3|86b03d70a6db09a2f7536489
932,test,run3|abf580f466bd37fb51edd096
933,test,run3|22fd66219705a898dd4c29a9
934,test,run3|2a351d8ea633f0e54b6ebcbe
935,val,run3|4e8c0794c94e143505136010
936,val,run3|70d47356026526fe4f683712
937,val,run3|6d80ec346a591b92f4d5dfb0
938,test,run3|e6b8ba8105cc29b181612e8f
939,test,run3|bab02500a35bdf940b1baaee
940,test,run3|ace023e5024937b8effe04a7
941,train,run3|c527ecb5a7fbc0e86891a5d6
942,train,run3|3b5b6f6beb5578344e953288
943,train,run3|9053c9ff4f727b1ec45c7278
944,train,run3|b645bdac3bb45d96465db0c1
945,test,run3|39fa64bdabd7bd8d1488f52c
946,train,run3|2bb81272db4c5207b8266b14
947,train,run3|85fff53724172e22d9974680
948,train,run3|9c05864ec72139349d1a1630
949,val,run3|c453d5b6a8ea7a7e6f1a8dce
950,test,run3|cf6d11a21418f8f597dd53e4
951,train,run3|faae9f18df62ba9c13883737
952,train,run3|067e0aa5388458be78630fca
953,train,run3|4a999500f9b01aa5752338c3
954,train,run3|7299e6e3d988780209bd1b6f
955,test,run3|b2cc4bb7eedb4c0061010ea2
956,train,run3|2475c84218e903308780b00b
957,test,run3|6577fa5ffe36e3bdde7ffc32
958,test,run3|c2c0692df8331ae0e20ee1e9
959,test,run3|49f7c5431de9765e1ab2defd
960,train,run3|dff866a60df5101b76342cf2
961,train,run3|3baf49a1945bb09bb7951735
962,test,run3|5def897ce8b960eca0238838
963,train,run3|cf4b35fa50cc71c02f02a7c0
964,val,run3|0a6feda15c3e4be5f46d48c2
965,train,run3|6d24163d2f6b1eefca7b4c61
966,train,run3|9af0691b41a218c635f1b52f
967,test,run3|13fd6756c71b18732ffef19d
968,val,run3|2619b0fb9ad886e345b706bd
969,train,run3|5777c14d43e05919c8621f66
970,val,run3|16a952a36a260c68851d5cd4
971,train,run3|9fea1192ec8109ffc7436196
972,test,run3|9391edec1b5b4a187a505697
973,train,run3|dfcc47955813716e8196fd1e
974,train,run3|3f47d5a64784ec6139707502
975,train,run3|ac9c5ac401b11db1c5c2a33c
976,train,run3|55462901e1e9420163f73c23
977,test,run3|1c999277452805738377e683
978,val,run3|57228527af388aa1b279e931
979,val,run3|0ca1e36d8932db5e51558c6b
980,train,run3|9923ce5b036ed083421d290b
981,val,run3|3bedbc600d2f922463852373
982,val,run3|85440d7f6a033fe7e64f74bc
983,test,run3|fc17f52b255c7f2f500799d0
984,train,run3|bbf8157c3dd0ab0d6d34b10a
985,val,run3|9ec53d58217e9676f5e9c8c5
986,val,run3|fb811315cfc4ad4e937daca5
987,val,run3|c5041792a77b2783470c6913
988,train,run3|6fc0a957d1c82db9b242be09
989,test,run3|809a0142d86bd6ec79476670
990,train,run3|fca522ec89f60a128061fed5
991,train,run3|8bb51f26d58227eca4715997
992,test,run3|b58603fa8b4abb3a86028d37
993,train,run3|7cb93d24e6c6c8d5a365aeb1
994,train,run3|86b03d70a6db09a2f7536489
995,test,run3|abf580f466bd37fb51edd096
996,test,run3|22fd66219705a898dd4c29a9
997,test,run3|2a351d8ea633f0e54b6ebcbe
998,val,run3|4e8c0794c94e143505136010
999,val,run3|70d47356026526fe4f683712
1000,val,run3|6d80ec346a591b92f4d5dfb0
1001,test,run3|e6b8ba8105cc29b181612e8f
1002,test,run3|bab02500a35bdf940b1baaee
1003,test,run3|ace023e5024937b8effe04a7
1004,train,run3|c527ecb5a7fbc0e86891a5d6
1005,train,run3|3b5b6f6beb5578344e953288
1006,train,run3|9053c9ff4f727b1ec45c7278
1007,train,run3|b645bdac3bb45d96465db0c1
1008,test,run3|39fa64bdabd7bd8d1488f52c
1009,train,run3|2bb81272db4c5207b8266b14
1010,train,run3|85fff53724172e22d9974680
1011,train,run3|9c05864ec72139349d1a1630
1012,val,run3|c453d5b6a8ea7a7e6f1a8dce
1013,test,run3|cf6d11a21418f8f597dd53e4
1014,train,run3|faae9f18df62ba9c13883737
1015,train,run3|067e0aa5388458be78630fca
1016,train,run3|4a999500f9b01aa5752338c3
1017,train,run3|7299e6e3d988780209bd1b6f
1018,test,run3|b2cc4bb7eedb4c0061010ea2
1019,train,run3|2475c84218e903308780b00b
1020,test,run3|6577fa5ffe36e3bdde7ffc32
1021,test,run3|c2c0692df8331ae0e20ee1e9
1022,test,run3|49f7c5431de9765e1ab2defd
1023,train,run3|dff866a60df5101b76342cf2
1024,train,run3|3baf49a1945bb09bb7951735
1025,test,run3|5def897ce8b960eca0238838
1026,train,run3|cf4b35fa50cc71c02f02a7c0
1027,val,run3|0a6feda15c3e4be5f46d48c2
1028,train,run3|6d24163d2f6b1eefca7b4c61
1029,train,run3|9af0691b41a218c635f1b52f
1030,test,run3|13fd6756c71b18732ffef19d
1031,val,run3|2619b0fb9ad886e345b706bd
1032,train,run3|5777c14d43e05919c8621f66
1033,val,run3|16a952a36a260c68851d5cd4
1034,train,run3|9fea1192ec8109ffc7436196
1035,test,run3|9391edec1b5b4a187a505697
1036,train,run3|dfcc47955813716e8196fd1e
1037,train,run3|3f47d5a64784ec6139707502
1038,train,run3|ac9c5ac401b11db1c5c2a33c
1039,train,run3|55462901e1e9420163f73c23
1040,test,run3|1c999277452805738377e683
1041,val,run3|57228527af388aa1b279e931
1042,val,run3|0ca1e36d8932db5e51558c6b
1043,train,run3|9923ce5b036ed083421d290b
1044,val,run3|3bedbc600d2f922463852373
1045,val,run3|85440d7f6a033fe7e64f74bc
1046,test,run3|fc17f52b255c7f2f500799d0
1047,train,run3|bbf8157c3dd0ab0d6d34b10a
1048,val,run3|9ec53d58217e9676f5e9c8c5
1049,val,run3|fb811315cfc4ad4e937daca5
1050,val,run3|c5041792a77b2783470c6913
1051,train,run3|6fc0a957d1c82db9b242be09
1052,test,run3|809a0142d86bd6ec79476670
1053,train,run3|fca522ec89f60a128061fed5
1054,train,run3|8bb51f26d58227eca4715997
1055,test,run3|b58603fa8b4abb3a86028d37
1056,train,run3|7cb93d24e6c6c8d5a365aeb1
1057,train,run3|86b03d70a6db09a2f7536489
1058,test,run3|abf580f466bd37fb51edd096
1059,test,run3|22fd66219705a898dd4c29a9
1060,test,run3|2a351d8ea633f0e54b6ebcbe
1061,val,run3|4e8c0794c94e143505136010
1062,val,run3|70d47356026526fe4f683712
1063,val,run3|6d80ec346a591b92f4d5dfb0
1064,test,run3|e6b8ba8105cc29b181612e8f
1065,test,run3|bab02500a35bdf940b1baaee
1066,test,run3|ace023e5024937b8effe04a7
1067,train,run3|c527ecb5a7fbc0e86891a5d6
1068,train,run3|3b5b6f6beb5578344e953288
1069,train,run3|9053c9ff4f727b1ec45c7278
1070,train,run3|b645bdac3bb45d96465db0c1
1071,test,run3|39fa64bdabd7bd8d1488f52c
1072,train,run3|2bb81272db4c5207b8266b14
1073,train,run3|85fff53724172e22d9974680
1074,train,run3|9c05864ec72139349d1a1630
1075,val,run3|c453d5b6a8ea7a7e6f1a8dce
1076,test,run3|cf6d11a21418f8f597dd53e4
1077,train,run3|faae9f18df62ba9c13883737
1078,train,run3|067e0aa5388458be78630fca
1079,train,run3|4a999500f9b01aa5752338c3
1080,train,run3|7299e6e3d988780209bd1b6f
1081,test,run3|b2cc4bb7eedb4c0061010ea2
1082,train,run3|2475c84218e903308780b00b
1083,test,run3|6577fa5ffe36e3bdde7ffc32
1084,test,run3|c2c0692df8331ae0e20ee1e9
1085,test,run3|49f7c5431de9765e1ab2defd
1086,train,run3|dff866a60df5101b76342cf2
1087,train,run3|3baf49a1945bb09bb7951735
1088,test,run3|5def897ce8b960eca0238838
1089,train,run3|cf4b35fa50cc71c02f02a7c0
1090,val,run3|0a6feda15c3e4be5f46d48c2
1091,train,run3|6d24163d2f6b1eefca7b4c61
1092,train,run3|9af0691b41a218c635f1b52f
1093,test,run3|13fd6756c71b18732ffef19d
1094,val,run3|2619b0fb9ad886e345b706bd
1095,train,run3|5777c14d43e05919c8621f66
1096,val,run3|16a952a36a260c68851d5cd4
1097,train,run3|9fea1192ec8109ffc7436196
1098,test,run3|9391edec1b5b4a187a505697
1099,train,run3|dfcc47955813716e8196fd1e
1100,train,run3|3f47d5a64784ec6139707502
1101,train,run3|ac9c5ac401b11db1c5c2a33c
1102,train,run3|55462901e1e9420163f73c23
1103,test,run3|1c999277452805738377e683
1104,val,run3|57228527af388aa1b279e931
1105,val,run3|0ca1e36d8932db5e51558c6b
1106,train,run3|9923ce5b036ed083421d290b
1107,val,run3|3bedbc600d2f922463852373
1108,val,run3|85440d7f6a033fe7e64f74bc
1109,test,run3|fc17f52b255c7f2f500799d0
1110,train,run3|bbf8157c3dd0ab0d6d34b10a
1111,val,run3|9ec53d58217e9676f5e9c8c5
1112,val,run3|fb811315cfc4ad4e937daca5
1113,val,run3|c5041792a77b2783470c6913
1114,train,run3|6fc0a957d1c82db9b242be09
1115,test,run3|809a0142d86bd6ec79476670
1116,train,run3|fca522ec89f60a128061fed5
1117,train,run3|8bb51f26d58227eca4715997
1118,test,run3|b58603fa8b4abb3a86028d37
1119,train,run3|7cb93d24e6c6c8d5a365aeb1
1120,train,run3|86b03d70a6db09a2f7536489
1121,test,run3|abf580f466bd37fb51edd096
1122,test,run3|22fd66219705a898dd4c29a9
1123,test,run3|2a351d8ea633f0e54b6ebcbe
1124,val,run3|4e8c0794c94e143505136010
1125,val,run3|70d47356026526fe4f683712
1126,val,run3|6d80ec346a591b92f4d5dfb0
1127,test,run3|e6b8ba8105cc29b181612e8f
1128,test,run3|bab02500a35bdf940b1baaee
1129,test,run3|ace023e5024937b8effe04a7
1130,train,run3|c527ecb5a7fbc0e86891a5d6
1131,train,run3|3b5b6f6beb5578344e953288
1132,train,run3|9053c9ff4f727b1ec45c7278
1133,train,run3|b645bdac3bb45d96465db0c1
1134,test,run3|39fa64bdabd7bd8d1488f52c
1135,train,run3|2bb81272db4c5207b8266b14
1136,train,run3|85fff53724172e22d9974680
1137,train,run3|9c05864ec72139349d1a1630
1138,val,run3|c453d5b6a8ea7a7e6f1a8dce
1139,test,run3|cf6d11a21418f8f597dd53e4
1140,train,run3|faae9f18df62ba9c13883737
1141,train,run3|067e0aa5388458be78630fca
1142,train,run3|4a999500f9b01aa5752338c3
1143,train,run3|7299e6e3d988780209bd1b6f
1144,test,run3|b2cc4bb7eedb4c0061010ea2
1145,train,run3|2475c84218e903308780b00b
1146,test,run3|6577fa5ffe36e3bdde7ffc32
1147,test,run3|c2c0692df8331ae0e20ee1e9
1148,test,run3|49f7c5431de9765e1ab2defd
1149,train,run3|dff866a60df5101b76342cf2
1150,train,run3|3baf49a1945bb09bb7951735
1151,test,run3|5def897ce8b960eca0238838
1152,train,run3|cf4b35fa50cc71c02f02a7c0
1153,val,run3|0a6feda15c3e4be5f46d48c2
1154,train,run3|6d24163d2f6b1eefca7b4c61
1155,train,run3|9af0691b41a218c635f1b52f
1156,test,run3|13fd6756c71b18732ffef19d
1157,val,run3|2619b0fb9ad886e345b706bd
1158,train,run3|5777c14d43e05919c8621f66
1159,val,run3|16a952a36a260c68851d5cd4
1160,train,run3|9fea1192ec8109ffc7436196
1161,test,run3|9391edec1b5b4a187a505697
1162,train,run3|dfcc47955813716e8196fd1e
1163,train,run3|3f47d5a64784ec6139707502
1164,train,run3|ac9c5ac401b11db1c5c2a33c
1165,train,run3|55462901e1e9420163f73c23
1166,test,run3|1c999277452805738377e683
1167,val,run3|57228527af388aa1b279e931
1168,val,run3|0ca1e36d8932db5e51558c6b
1169,train,run3|9923ce5b036ed083421d290b
1170,val,run3|3bedbc600d2f922463852373
1171,val,run3|85440d7f6a033fe7e64f74bc
1172,test,run3|fc17f52b255c7f2f500799d0
1173,train,run3|bbf8157c3dd0ab0d6d34b10a
1174,val,run3|9ec53d58217e9676f5e9c8c5
1175,val,run3|fb811315cfc4ad4e937daca5
1176,val,run3|c5041792a77b2783470c6913
1177,train,run3|6fc0a957d1c82db9b242be09
1178,test,run3|809a0142d86bd6ec79476670
1179,train,run3|fca522ec89f60a128061fed5
1180,train,run3|8bb51f26d58227eca4715997
1181,test,run3|b58603fa8b4abb3a86028d37
1182,train,run3|7cb93d24e6c6c8d5a365aeb1
1183,train,run3|86b03d70a6db09a2f7536489
1184,test,run3|abf580f466bd37fb51edd096
1185,test,run3|22fd66219705a898dd4c29a9
1186,test,run3|2a351d8ea633f0e54b6ebcbe
1187,val,run3|4e8c0794c94e143505136010
1188,val,run3|70d47356026526fe4f683712
1189,val,run3|6d80ec346a591b92f4d5dfb0
1190,test,run3|e6b8ba8105cc29b181612e8f
1191,test,run3|bab02500a35bdf940b1baaee
1192,test,run3|ace023e5024937b8effe04a7
1193,train,run3|c527ecb5a7fbc0e86891a5d6
1194,train,run3|3b5b6f6beb5578344e953288
1195,train,run3|9053c9ff4f727b1ec45c7278
1196,train,run3|b645bdac3bb45d96465db0c1
1197,test,run3|39fa64bdabd7bd8d1488f52c
1198,train,run3|2bb81272db4c5207b8266b14
1199,train,run3|85fff53724172e22d9974680
1200,train,run3|9c05864ec72139349d1a1630
1201,val,run3|c453d5b6a8ea7a7e6f1a8dce
1202,test,run3|cf6d11a21418f8f597dd53e4
1203,train,run3|faae9f18df62ba9c13883737
1204,train,run3|067e0aa5388458be78630fca
1205,train,run3|4a999500f9b01aa5752338c3
1206,train,run3|7299e6e3d988780209bd1b6f
1207,test,run3|b2cc4bb7eedb4c0061010ea2
1208,train,run3|2475c84218e903308780b00b
1209,test,run3|6577fa5ffe36e3bdde7ffc32
1210,test,run3|c2c0692df8331ae0e20ee1e9
1211,test,run3|49f7c5431de9765e1ab2defd
1212,train,run3|dff866a60df5101b76342cf2
1213,train,run3|3baf49a1945bb09bb7951735
1214,test,run3|5def897ce8b960eca0238838
1215,train,run3|cf4b35fa50cc71c02f02a7c0
1216,val,run3|0a6feda15c3e4be5f46d48c2
1217,train,run3|6d24163d2f6b1eefca7b4c61
1218,train,run3|9af0691b41a218c635f1b52f
1219,test,run3|13fd6756c71b18732ffef19d
1220,val,run3|2619b0fb9ad886e345b706bd
1221,train,run3|5777c14d43e05919c8621f66
1222,val,run3|16a952a36a260c68851d5cd4
1223,train,run3|9fea1192ec8109ffc7436196
1224,test,run3|9391edec1b5b4a187a505697
1225,train,run3|dfcc47955813716e8196fd1e
1226,train,run3|3f47d5a64784ec6139707502
1227,train,run3|ac9c5ac401b11db1c5c2a33c
1228,train,run3|55462901e1e9420163f73c23
1229,test,run3|1c999277452805738377e683
1230,val,run3|57228527af388aa1b279e931
1231,val,run3|0ca1e36d8932db5e51558c6b
1232,train,run3|9923ce5b036ed083421d290b
1233,val,run3|3bedbc600d2f922463852373
1234,val,run3|85440d7f6a033fe7e64f74bc
1235,test,run3|fc17f52b255c7f2f500799d0
1236,train,run3|bbf8157c3dd0ab0d6d34b10a
1237,val,run3|9ec53d58217e9676f5e9c8c5
1238,val,run3|fb811315cfc4ad4e937daca5
1239,val,run3|c5041792a77b2783470c6913
1240,train,run3|6fc0a957d1c82db9b242be09
1241,test,run3|809a0142d86bd6ec79476670
1242,train,run3|fca522ec89f60a128061fed5
1243,train,run3|8bb51f26d58227eca4715997
1244,test,run3|b58603fa8b4abb3a86028d37
1245,train,run3|7cb93d24e6c6c8d5a365aeb1
1246,train,run3|86b03d70a6db09a2f7536489
1247,test,run3|abf580f466bd37fb51edd096
1248,test,run3|22fd66219705a898dd4c29a9
1249,test,run3|2a351d8ea633f0e54b6ebcbe
1250,val,run3|4e8c0794c94e143505136010
1251,val,run3|70d47356026526fe4f683712
1252,val,run3|6d80ec346a591b92f4d5dfb0
1253,test,run3|e6b8ba8105cc29b181612e8f
1254,test,run3|bab02500a35bdf940b1baaee
1255,test,run3|ace023e5024937b8effe04a7
1256,train,run3|c527ecb5a7fbc0e86891a5d6
1257,train,run3|3b5b6f6beb5578344e953288
1258,train,run3|9053c9ff4f727b1ec45c7278
1259,train,run3|b645bdac3bb45d96465db0c1
1260,test,run3|39fa64bdabd7bd8d1488f52c
1261,train,run3|2bb81272db4c5207b8266b14
1262,train,run3|85fff53724172e22d9974680
1263,train,run3|9c05864ec72139349d1a1630
1264,val,run3|c453d5b6a8ea7a7e6f1a8dce
1265,test,run3|cf6d11a21418f8f597dd53e4
1266,train,run3|faae9f18df62ba9c13883737
1267,train,run3|067e0aa5388458be78630fca
1268,train,run3|4a999500f9b01aa5752338c3
1269,train,run3|7299e6e3d988780209bd1b6f
1270,test,run3|b2cc4bb7eedb4c0061010ea2
1271,train,run3|2475c84218e903308780b00b
1272,test,run3|6577fa5ffe36e3bdde7ffc32
1273,test,run3|c2c0692df8331ae0e20ee1e9
1274,test,run3|49f7c5431de9765e1ab2defd
1275,train,run3|dff866a60df5101b76342cf2
1276,train,run3|3baf49a1945bb09bb7951735
1277,test,run3|5def897ce8b960eca0238838
1278,train,run3|cf4b35fa50cc71c02f02a7c0
1279,val,run3|0a6feda15c3e4be5f46d48c2
1280,train,run3|6d24163d2f6b1eefca7b4c61
1281,train,run3|9af0691b41a218c635f1b52f
1282,test,run3|13fd6756c71b18732ffef19d
1283,val,run3|2619b0fb9ad886e345b706bd
1284,train,run3|5777c14d43e05919c8621f66
1285,val,run3|16a952a36a260c68851d5cd4
1286,train,run3|9fea1192ec8109ffc7436196
1287,test,run3|9391edec1b5b4a187a505697
1288,train,run3|dfcc47955813716e8196fd1e
1289,train,run3|3f47d5a64784ec6139707502
1290,train,run3|ac9c5ac401b11db1c5c2a33c
1291,train,run3|55462901e1e9420163f73c23
1292,test,run3|1c999277452805738377e683
1293,val,run3|57228527af388aa1b279e931
1294,val,run3|0ca1e36d8932db5e51558c6b
1295,train,run3|9923ce5b036ed083421d290b
1296,val,run3|3bedbc600d2f922463852373
1297,val,run3|85440d7f6a033fe7e64f74bc
1298,test,run3|fc17f52b255c7f2f500799d0
1299,train,run3|bbf8157c3dd0ab0d6d34b10a
1300,val,run3|9ec53d58217e9676f5e9c8c5
1301,train,run3|701e79783291dffe2200783e
1302,train,run3|dd5f6a3e36b6465c42e5a12a
1303,val,run3|fb811315cfc4ad4e937daca5
1304,val,run3|c5041792a77b2783470c6913
1305,train,run3|6fc0a957d1c82db9b242be09
1306,test,run3|809a0142d86bd6ec79476670
1307,train,run3|fca522ec89f60a128061fed5
1308,train,run3|8bb51f26d58227eca4715997
1309,test,run3|b58603fa8b4abb3a86028d37
1310,train,run3|7cb93d24e6c6c8d5a365aeb1
1311,train,run3|86b03d70a6db09a2f7536489
1312,test,run3|abf580f466bd37fb51edd096
1313,test,run3|22fd66219705a898dd4c29a9
1314,test,run3|2a351d8ea633f0e54b6ebcbe
1315,val,run3|4e8c0794c94e143505136010
1316,val,run3|70d47356026526fe4f683712
1317,val,run3|6d80ec346a591b92f4d5dfb0
1318,test,run3|e6b8ba8105cc29b181612e8f
1319,test,run3|bab02500a35bdf940b1baaee
1320,test,run3|ace023e5024937b8effe04a7
1321,train,run3|c527ecb5a7fbc0e86891a5d6
1322,train,run3|3b5b6f6beb5578344e953288
1323,train,run3|9053c9ff4f727b1ec45c7278
1324,train,run3|b645bdac3bb45d96465db0c1
1325,test,run3|39fa64bdabd7bd8d1488f52c
1326,train,run3|2bb81272db4c5207b8266b14
1327,train,run3|85fff53724172e22d9974680
1328,train,run3|9c05864ec72139349d1a1630
1329,val,run3|c453d5b6a8ea7a7e6f1a8dce
1330,test,run3|cf6d11a21418f8f597dd53e4
1331,train,run3|faae9f18df62ba9c13883737
1332,train,run3|067e0aa5388458be78630fca
1333,train,run3|4a999500f9b01aa5752338c3
1334,train,run3|7299e6e3d988780209bd1b6f
1335,test,run3|b2cc4bb7eedb4c0061010ea2
1336,train,run3|2475c84218e903308780b00b
1337,test,run3|6577fa5ffe36e3bdde7ffc32
1338,test,run3|c2c0692df8331ae0e20ee1e9
1339,test,run3|49f7c5431de9765e1ab2defd
1340,train,run3|dff866a60df5101b76342cf2
1341,train,run3|3baf49a1945bb09bb7951735
1342,test,run3|5def897ce8b960eca0238838
1343,train,run3|cf4b35fa50cc71c02f02a7c0
1344,val,run3|0a6feda15c3e4be5f46d48c2
1345,train,run3|6d24163d2f6b1eefca7b4c61
1346,train,run3|9af0691b41a218c635f1b52f
1347,test,run3|13fd6756c71b18732ffef19d
1348,val,run3|2619b0fb9ad886e345b706bd
1349,train,run3|5777c14d43e05919c8621f66
1350,val,run3|16a952a36a260c68851d5cd4
1351,train,run3|9fea1192ec8109ffc7436196
1352,test,run3|9391edec1b5b4a187a505697
1353,train,run3|dfcc47955813716e8196fd1e
1354,train,run3|3f47d5a64784ec6139707502
1355,train,run3|ac9c5ac401b11db1c5c2a33c
1356,train,run3|55462901e1e9420163f73c23
1357,test,run3|1c999277452805738377e683
1358,val,run3|57228527af388aa1b279e931
1359,val,run3|0ca1e36d8932db5e51558c6b
1360,train,run3|9923ce5b036ed083421d290b
1361,val,run3|3bedbc600d2f922463852373
1362,val,run3|85440d7f6a033fe7e64f74bc
1363,test,run3|fc17f52b255c7f2f500799d0
1364,train,run3|bbf8157c3dd0ab0d6d34b10a
1365,val,run3|9ec53d58217e9676f5e9c8c5
1366,train,run3|2a8eae0d6cd9e6a819f3c154
1367,train,run3|45465d398b9a2f0c10d90a54
1368,train,run3|af46acbf188eb7a614c1c179
1369,val,run3|fb811315cfc4ad4e937daca5
1370,val,run3|c5041792a77b2783470c6913
1371,train,run3|6fc0a957d1c82db9b242be09
1372,test,run3|809a0142d86bd6ec79476670
1373,train,run3|fca522ec89f60a128061fed5
1374,train,run3|8bb51f26d58227eca4715997
1375,test,run3|b58603fa8b4abb3a86028d37
1376,train,run3|7cb93d24e6c6c8d5a365aeb1
1377,train,run3|86b03d70a6db09a2f7536489
1378,test,run3|abf580f466bd37fb51edd096
1379,test,run3|22fd66219705a898dd4c29a9
1380,test,run3|2a351d8ea633f0e54b6ebcbe
1381,val,run3|4e8c0794c94e143505136010
1382,val,run3|70d47356026526fe4f683712
1383,val,run3|6d80ec346a591b92f4d5dfb0
1384,test,run3|e6b8ba8105cc29b181612e8f
1385,test,run3|bab02500a35bdf940b1baaee
1386,test,run3|ace023e5024937b8effe04a7
1387,train,run3|c527ecb5a7fbc0e86891a5d6
1388,train,run3|3b5b6f6beb5578344e953288
1389,train,run3|9053c9ff4f727b1ec45c7278
1390,train,run3|b645bdac3bb45d96465db0c1
1391,test,run3|39fa64bdabd7bd8d1488f52c
1392,train,run3|2bb81272db4c5207b8266b14
1393,train,run3|85fff53724172e22d9974680
1394,train,run3|9c05864ec72139349d1a1630
1395,val,run3|c453d5b6a8ea7a7e6f1a8dce
1396,test,run3|cf6d11a21418f8f597dd53e4
1397,train,run3|faae9f18df62ba9c13883737
1398,train,run3|067e0aa5388458be78630fca
1399,train,run3|4a999500f9b01aa5752338c3
1400,train,run3|7299e6e3d988780209bd1b6f
1401,test,run3|b2cc4bb7eedb4c0061010ea2
1402,train,run3|2475c84218e903308780b00b
1403,test,run3|6577fa5ffe36e3bdde7ffc32
1404,test,run3|c2c0692df8331ae0e20ee1e9
1405,test,run3|49f7c5431de9765e1ab2defd
1406,train,run3|dff866a60df5101b76342cf2
1407,train,run3|3baf49a1945bb09bb7951735
1408,test,run3|5def897ce8b960eca0238838
1409,train,run3|cf4b35fa50cc71c02f02a7c0
1410,val,run3|0a6feda15c3e4be5f46d48c2
1411,train,run3|6d24163d2f6b1eefca7b4c61
1412,train,run3|9af0691b41a218c635f1b52f
1413,test,run3|13fd6756c71b18732ffef19d
1414,val,run3|2619b0fb9ad886e345b706bd
1415,train,run3|5777c14d43e05919c8621f66
1416,val,run3|16a952a36a260c68851d5cd4
1417,train,run3|9fea1192ec8109ffc7436196
1418,test,run3|9391edec1b5b4a187a505697
1419,train,run3|dfcc47955813716e8196fd1e
1420,train,run3|3f47d5a64784ec6139707502
1421,train,run3|ac9c5ac401b11db1c5c2a33c
1422,train,run3|55462901e1e9420163f73c23
1423,test,run3|1c999277452805738377e683
1424,val,run3|57228527af388aa1b279e931
1425,val,run3|0ca1e36d8932db5e51558c6b
1426,train,run3|9923ce5b036ed083421d290b
1427,val,run3|3bedbc600d2f922463852373
1428,val,run3|85440d7f6a033fe7e64f74bc
1429,test,run3|fc17f52b255c7f2f500799d0
1430,train,run3|bbf8157c3dd0ab0d6d34b10a
1431,val,run3|9ec53d58217e9676f5e9c8c5
1432,train,run3|be3f750d37c5ef4b65c5d64f
1433,test,run3|b29e1422f14391bd318f3adb
1434,train,run3|0bcdbf56dbf016518dc4b328
1435,train,run4|502a7c89d1f96dfe4965a0c1
1436,val,run4|d085b4bf195fdb7c6c153316
1437,train,run4|1501e2b5d92a38a8a09cb369
1438,train,run4|6746a3d78bc71a64e4fc46ad
1439,train,run4|d50622445afbe86899d11cc0
1440,train,run4|775de7276fa6d46b7e242cad
1441,train,run4|59744258a8da62924b55aeb5
1442,train,run4|a5ab59080f6fa62b7c2397fd
1443,train,run4|6cee38824df1a61e4c04770a
1444,test,run4|5a102f31b2e41f75fc2c59f2
1445,test,run4|3403513b4eee3619f87e0525
1446,test,run4|2ca77489c92e4b481528cb0d
1447,test,run4|66a128810a27ad7e8e5132ce
1448,test,run4|f8fd711f0a96558a010f0484
1449,val,run4|fa3167686bede090d5da3bd0
1450,val,run4|2a95815f1b76dcaec467081b
1451,val,run4|bb296508c212b42e018fe79a
1452,test,run4|d9bc91ded8db1b60073d55fc
1453,train,run4|7bc8b65d8d1a852549c6cde3
1454,train,run4|379a12595396e8f008eacc35
1455,train,run4|af62db4724558af959cf8c74
1456,test,run4|e2c7e89d05e23f6c4856e98e
1457,train,run4|c5d6d31a49148d1958d3d992
1458,train,run4|b6e0d6f0280c55d0a23633fe
1459,train,run4|cc1c2e713cd46ae8100cedd7
1460,test,run4|ccc28b1f91bf485d18564ad2
1461,train,run4|f1c140d722a18106dcf90a28
1462,train,run4|58fd7a953726ec83c8248734
1463,train,run4|77fc4d394c56497513ec9632
1464,train,run4|26432d05a2163a600b150095
1465,train,run4|082a986b67e443e5830ee719
1466,train,run4|bbd8fd8de5224bf1a306a37d
1467,train,run4|df4088aef94f32985b0abe29
1468,train,run4|eff77935f1be82175bee51fc
1469,test,run4|eda83d622e2fe2bf142ceb8a
1470,val,run4|4cd8da603b9bc6e845dee033
1471,train,run4|2f9ddaaac8c55ac4deb00fde
1472,train,run4|10e9a2d9ce6198b7b60f513c
1473,train,run4|549416368d6ef6387d35fe8b
1474,train,run4|9b12ab94262a9dc8f34eee84
1475,train,run4|4fa48d64f11440a5976c9808
1476,train,run4|760adf19ae759e575b8b3b4b
1477,train,run4|971cd738d43759c51357aaef
1478,val,run4|7e6a8e37fad8a71a5409dc35
1479,test,run4|4b0a3c2ec04a22ab858d7b23
1480,train,run4|7a6e453d14e5cae8191ad2ef
1481,train,run4|920fe173c377de9cd0be5c9c
1482,train,run4|a9ac5dfd6d394765f40e6a95
1483,train,run4|6973326b8ab0747964edaa7b
1484,val,run4|8d32b46e7ca4c9d34b5bfce8
1485,train,run4|8bdda4086316611b58664f02
1486,val,run4|4bb6560885f98dd1f314fe9d
1487,train,run4|623039c2d7e54843ab623723
1488,test,run4|7b0c90c7be6eb30b79a0ecad
1489,val,run4|fbe2ec2892300cd1c7d5aa84
1490,train,run4|ada8c176edd7e52e796c6156
1491,test,run4|fb1877a890b2bc7191cdc729
1492,train,run4|668f482de7b186dbb5cdd3c8
1493,train,run4|548f337a553b37a1f7ffc4e7
1494,train,run4|648ba02b1c1d1ed4cc391c24
1495,train,run4|d803c5911c1763015285c88b
1496,train,run4|b93eb2482a01c82aead982b5
1497,train,run4|ad31617938164470e4653f63
1498,train,run4|27093aa414d10fae429cedbc
1499,val,run4|4d531d45a3f6b261e4279c0a
1500,train,run4|3ad65cc537472da797254b9f
1501,val,run4|91838fe25ef53878e6ad762d
1502,train,run4|8bc5d2c77e1ba6416294f503
1503,test,run4|b9f193ad6d763aba956456e7
1504,train,run4|f92beac3a0e1719baf6405fa
1505,train,run4|304c0daa92fdb5803f9890dc
1506,val,run4|5c350ab9569abb8a7768e5a8
1507,val,run4|4328eaecc09ae004dd7f3650
1508,val,run4|5bbb4cc83bdcc0c3d4e5d1d6
1509,test,run4|b1c67ecc76aa43c4901759f4
1510,train,run4|c81b33327047f95577eb26c2
1511,test,run4|f9c46a9ebde9941ea24dfb2b
1512,train,run4|8f945dba14208d2f02280b39
1513,train,run4|00e849792f06714ced93a823
1514,train,run4|502a7c89d1f96dfe4965a0c1
1515,val,run4|d085b4bf195fdb7c6c153316
1516,train,run4|1501e2b5d92a38a8a09cb369
1517,train,run4|6746a3d78bc71a64e4fc46ad
1518,train,run4|d50622445afbe86899d11cc0
1519,train,run4|775de7276fa6d46b7e242cad
1520,train,run4|59744258a8da62924b55aeb5
1521,train,run4|a5ab59080f6fa62b7c2397fd
1522,train,run4|6cee38824df1a61e4c04770a
1523,test,run4|5a102f31b2e41f75fc2c59f2
1524,test,run4|3403513b4eee3619f87e0525
1525,test,run4|2ca77489c92e4b481528cb0d
1526,test,run4|66a128810a27ad7e8e5132ce
1527,test,run4|f8fd711f0a96558a010f0484
1528,val,run4|fa3167686bede090d5da3bd0
1529,val,run4|2a95815f1b76dcaec467081b
1530,val,run4|bb296508c212b42e018fe79a
1531,test,run4|d9bc91ded8db1b60073d55fc
1532,train,run4|7bc8b65d8d1a852549c6cde3
1533,train,run4|379a12595396e8f008eacc35
1534,train,run4|af62db4724558af959cf8c74
1535,test,run4|e2c7e89d05e23f6c4856e98e
1536,train,run4|c5d6d31a49148d1958d3d992
1537,train,run4|b6e0d6f0280c55d0a23633fe
1538,train,run4|cc1c2e713cd46ae8100cedd7
1539,test,run4|ccc28b1f91bf485d18564ad2
1540,train,run4|f1c140d722a18106dcf90a28
1541,train,run4|58fd7a953726ec83c8248734
1542,train,run4|77fc4d394c56497513ec9632
1543,train,run4|26432d05a2163a600b150095
1544,train,run4|082a986b67e443e5830ee719
1545,train,run4|bbd8fd8de5224bf1a306a37d
1546,train,run4|df4088aef94f32985b0abe29
1547,train,run4|eff77935f1be82175bee51fc
1548,test,run4|eda83d622e2fe2bf142ceb8a
1549,val,run4|4cd8da603b9bc6e845dee033
1550,train,run4|2f9ddaaac8c55ac4deb00fde
1551,train,run4|10e9a2d9ce6198b7b60f513c
1552,train,run4|549416368d6ef6387d35fe8b
1553,train,run4|9b12ab94262a9dc8f34eee84
1554,train,run4|4fa48d64f11440a5976c9808
1555,train,run4|760adf19ae759e575b8b3b4b
1556,train,run4|971cd738d43759c51357aaef
1557,val,run4|7e6a8e37fad8a71a5409dc35
1558,test,run4|4b0a3c2ec04a22ab858d7b23
1559,train,run4|7a6e453d14e5cae8191ad2ef
1560,train,run4|920fe173c377de9cd0be5c9c
1561,train,run4|a9ac5dfd6d394765f40e6a95
1562,train,run4|6973326b8ab0747964edaa7b
1563,val,run4|8d32b46e7ca4c9d34b5bfce8
1564,train,run4|8bdda4086316611b58664f02
1565,val,run4|4bb6560885f98dd1f314fe9d
1566,train,run4|623039c2d7e54843ab623723
1567,test,run4|7b0c90c7be6eb30b79a0ecad
1568,val,run4|fbe2ec2892300cd1c7d5aa84
1569,train,run4|ada8c176edd7e52e796c6156
1570,test,run4|fb1877a890b2bc7191cdc729
1571,train,run4|668f482de7b186dbb5cdd3c8
1572,train,run4|548f337a553b37a1f7ffc4e7
1573,train,run4|648ba02b1c1d1ed4cc391c24
1574,train,run4|d803c5911c1763015285c88b
1575,train,run4|b93eb2482a01c82aead982b5
1576,train,run4|ad31617938164470e4653f63
1577,train,run4|502a7c89d1f96dfe4965a0c1
1578,val,run4|d085b4bf195fdb7c6c153316
1579,train,run4|1501e2b5d92a38a8a09cb369
1580,train,run4|6746a3d78bc71a64e4fc46ad
1581,train,run4|d50622445afbe86899d11cc0
1582,train,run4|775de7276fa6d46b7e242cad
1583,train,run4|59744258a8da62924b55aeb5
1584,train,run4|a5ab59080f6fa62b7c2397fd
1585,train,run4|6cee38824df1a61e4c04770a
1586,test,run4|5a102f31b2e41f75fc2c59f2
1587,test,run4|3403513b4eee3619f87e0525
1588,test,run4|2ca77489c92e4b481528cb0d
1589,test,run4|66a128810a27ad7e8e5132ce
1590,test,run4|f8fd711f0a96558a010f0484
1591,val,run4|fa3167686bede090d5da3bd0
1592,val,run4|2a95815f1b76dcaec467081b
1593,val,run4|bb296508c212b42e018fe79a
1594,test,run4|d9bc91ded8db1b60073d55fc
1595,train,run4|7bc8b65d8d1a852549c6cde3
1596,train,run4|379a12595396e8f008eacc35
1597,train,run4|af62db4724558af959cf8c74
1598,test,run4|e2c7e89d05e23f6c4856e98e
1599,train,run4|c5d6d31a49148d1958d3d992
1600,train,run4|b6e0d6f0280c55d0a23633fe
1601,train,run4|cc1c2e713cd46ae8100cedd7
1602,test,run4|ccc28b1f91bf485d18564ad2
1603,train,run4|f1c140d722a18106dcf90a28
1604,train,run4|58fd7a953726ec83c8248734
1605,train,run4|77fc4d394c56497513ec9632
1606,train,run4|26432d05a2163a600b150095
1607,train,run4|082a986b67e443e5830ee719
1608,train,run4|bbd8fd8de5224bf1a306a37d
1609,train,run4|df4088aef94f32985b0abe29
1610,train,run4|eff77935f1be82175bee51fc
1611,test,run4|eda83d622e2fe2bf142ceb8a
1612,val,run4|4cd8da603b9bc6e845dee033
1613,train,run4|2f9ddaaac8c55ac4deb00fde
1614,train,run4|10e9a2d9ce6198b7b60f513c
1615,train,run4|549416368d6ef6387d35fe8b
1616,train,run4|9b12ab94262a9dc8f34eee84
1617,train,run4|4fa48d64f11440a5976c9808
1618,train,run4|760adf19ae759e575b8b3b4b
1619,train,run4|971cd738d43759c51357aaef
1620,val,run4|7e6a8e37fad8a71a5409dc35
1621,test,run4|4b0a3c2ec04a22ab858d7b23
1622,train,run4|7a6e453d14e5cae8191ad2ef
1623,train,run4|920fe173c377de9cd0be5c9c
1624,train,run4|a9ac5dfd6d394765f40e6a95
1625,train,run4|6973326b8ab0747964edaa7b
1626,val,run4|8d32b46e7ca4c9d34b5bfce8
1627,train,run4|8bdda4086316611b58664f02
1628,val,run4|4bb6560885f98dd1f314fe9d
1629,train,run4|623039c2d7e54843ab623723
1630,test,run4|7b0c90c7be6eb30b79a0ecad
1631,val,run4|fbe2ec2892300cd1c7d5aa84
1632,train,run4|ada8c176edd7e52e796c6156
1633,test,run4|fb1877a890b2bc7191cdc729
1634,train,run4|668f482de7b186dbb5cdd3c8
1635,train,run4|548f337a553b37a1f7ffc4e7
1636,train,run4|648ba02b1c1d1ed4cc391c24
1637,train,run4|d803c5911c1763015285c88b
1638,train,run4|b93eb2482a01c82aead982b5
1639,train,run4|ad31617938164470e4653f63
1640,train,run4|502a7c89d1f96dfe4965a0c1
1641,val,run4|d085b4bf195fdb7c6c153316
1642,train,run4|1501e2b5d92a38a8a09cb369
1643,train,run4|6746a3d78bc71a64e4fc46ad
1644,train,run4|d50622445afbe86899d11cc0
1645,train,run4|775de7276fa6d46b7e242cad
1646,train,run4|59744258a8da62924b55aeb5
1647,train,run4|a5ab59080f6fa62b7c2397fd
1648,train,run4|6cee38824df1a61e4c04770a
1649,test,run4|5a102f31b2e41f75fc2c59f2
1650,test,run4|3403513b4eee3619f87e0525
1651,test,run4|2ca77489c92e4b481528cb0d
1652,test,run4|66a128810a27ad7e8e5132ce
1653,test,run4|f8fd711f0a96558a010f0484
1654,val,run4|fa3167686bede090d5da3bd0
1655,val,run4|2a95815f1b76dcaec467081b
1656,val,run4|bb296508c212b42e018fe79a
1657,test,run4|d9bc91ded8db1b60073d55fc
1658,train,run4|7bc8b65d8d1a852549c6cde3
1659,train,run4|379a12595396e8f008eacc35
1660,train,run4|af62db4724558af959cf8c74
1661,test,run4|e2c7e89d05e23f6c4856e98e
1662,train,run4|c5d6d31a49148d1958d3d992
1663,train,run4|b6e0d6f0280c55d0a23633fe
1664,train,run4|cc1c2e713cd46ae8100cedd7
1665,test,run4|ccc28b1f91bf485d18564ad2
1666,train,run4|f1c140d722a18106dcf90a28
1667,train,run4|58fd7a953726ec83c8248734
1668,train,run4|77fc4d394c56497513ec9632
1669,train,run4|26432d05a2163a600b150095
1670,train,run4|082a986b67e443e5830ee719
1671,train,run4|bbd8fd8de5224bf1a306a37d
1672,train,run4|df4088aef94f32985b0abe29
1673,train,run4|eff77935f1be82175bee51fc
1674,test,run4|eda83d622e2fe2bf142ceb8a
1675,val,run4|4cd8da603b9bc6e845dee033
1676,train,run4|2f9ddaaac8c55ac4deb00fde
1677,train,run4|10e9a2d9ce6198b7b60f513c
1678,train,run4|549416368d6ef6387d35fe8b
1679,train,run4|9b12ab94262a9dc8f34eee84
1680,train,run4|4fa48d64f11440a5976c9808
1681,train,run4|760adf19ae759e575b8b3b4b
1682,train,run4|971cd738d43759c51357aaef
1683,val,run4|7e6a8e37fad8a71a5409dc35
1684,test,run4|4b0a3c2ec04a22ab858d7b23
1685,train,run4|7a6e453d14e5cae8191ad2ef
1686,train,run4|920fe173c377de9cd0be5c9c
1687,train,run4|a9ac5dfd6d394765f40e6a95
1688,train,run4|6973326b8ab0747964edaa7b
1689,val,run4|8d32b46e7ca4c9d34b5bfce8
1690,train,run4|8bdda4086316611b58664f02
1691,val,run4|4bb6560885f98dd1f314fe9d
1692,train,run4|623039c2d7e54843ab623723
1693,test,run4|7b0c90c7be6eb30b79a0ecad
1694,val,run4|fbe2ec2892300cd1c7d5aa84
1695,train,run4|ada8c176edd7e52e796c6156
1696,test,run4|fb1877a890b2bc7191cdc729
1697,train,run4|668f482de7b186dbb5cdd3c8
1698,train,run4|548f337a553b37a1f7ffc4e7
1699,train,run4|648ba02b1c1d1ed4cc391c24
1700,train,run4|d803c5911c1763015285c88b
1701,train,run4|b93eb2482a01c82aead982b5
1702,train,run4|ad31617938164470e4653f63
1703,train,run4|502a7c89d1f96dfe4965a0c1
1704,val,run4|d085b4bf195fdb7c6c153316
1705,train,run4|1501e2b5d92a38a8a09cb369
1706,train,run4|6746a3d78bc71a64e4fc46ad
1707,train,run4|d50622445afbe86899d11cc0
1708,train,run4|775de7276fa6d46b7e242cad
1709,train,run4|59744258a8da62924b55aeb5
1710,train,run4|a5ab59080f6fa62b7c2397fd
1711,train,run4|6cee38824df1a61e4c04770a
1712,test,run4|5a102f31b2e41f75fc2c59f2
1713,test,run4|3403513b4eee3619f87e0525
1714,test,run4|2ca77489c92e4b481528cb0d
1715,test,run4|66a128810a27ad7e8e5132ce
1716,test,run4|f8fd711f0a96558a010f0484
1717,val,run4|fa3167686bede090d5da3bd0
1718,val,run4|2a95815f1b76dcaec467081b
1719,val,run4|bb296508c212b42e018fe79a
1720,test,run4|d9bc91ded8db1b60073d55fc
1721,train,run4|7bc8b65d8d1a852549c6cde3
1722,train,run4|379a12595396e8f008eacc35
1723,train,run4|af62db4724558af959cf8c74
1724,test,run4|e2c7e89d05e23f6c4856e98e
1725,train,run4|c5d6d31a49148d1958d3d992
1726,train,run4|b6e0d6f0280c55d0a23633fe
1727,train,run4|cc1c2e713cd46ae8100cedd7
1728,test,run4|ccc28b1f91bf485d18564ad2
1729,train,run4|f1c140d722a18106dcf90a28
1730,train,run4|58fd7a953726ec83c8248734
1731,train,run4|77fc4d394c56497513ec9632
1732,train,run4|26432d05a2163a600b150095
1733,train,run4|082a986b67e443e5830ee719
1734,train,run4|bbd8fd8de5224bf1a306a37d
1735,train,run4|df4088aef94f32985b0abe29
1736,train,run4|eff77935f1be82175bee51fc
1737,test,run4|eda83d622e2fe2bf142ceb8a
1738,val,run4|4cd8da603b9bc6e845dee033
1739,train,run4|2f9ddaaac8c55ac4deb00fde
1740,train,run4|10e9a2d9ce6198b7b60f513c
1741,train,run4|549416368d6ef6387d35fe8b
1742,train,run4|9b12ab94262a9dc8f34eee84
1743,train,run4|4fa48d64f11440a5976c9808
1744,train,run4|760adf19ae759e575b8b3b4b
1745,train,run4|971cd738d43759c51357aaef
1746,val,run4|7e6a8e37fad8a71a5409dc35
1747,test,run4|4b0a3c2ec04a22ab858d7b23
1748,train,run4|7a6e453d14e5cae8191ad2ef
1749,train,run4|920fe173c377de9cd0be5c9c
1750,train,run4|a9ac5dfd6d394765f40e6a95
1751,train,run4|6973326b8ab0747964edaa7b
1752,val,run4|8d32b46e7ca4c9d34b5bfce8
1753,train,run4|8bdda4086316611b58664f02
1754,val,run4|4bb6560885f98dd1f314fe9d
1755,train,run4|623039c2d7e54843ab623723
1756,test,run4|7b0c90c7be6eb30b79a0ecad
1757,val,run4|fbe2ec2892300cd1c7d5aa84
1758,train,run4|ada8c176edd7e52e796c6156
1759,test,run4|fb1877a890b2bc7191cdc729
1760,train,run4|668f482de7b186dbb5cdd3c8
1761,train,run4|548f337a553b37a1f7ffc4e7
1762,train,run4|648ba02b1c1d1ed4cc391c24
1763,train,run4|d803c5911c1763015285c88b
1764,train,run4|b93eb2482a01c82aead982b5
1765,train,run4|ad31617938164470e4653f63
1766,train,run4|502a7c89d1f96dfe4965a0c1
1767,val,run4|d085b4bf195fdb7c6c153316
1768,train,run4|1501e2b5d92a38a8a09cb369
1769,train,run4|6746a3d78bc71a64e4fc46ad
1770,train,run4|d50622445afbe86899d11cc0
1771,train,run4|775de7276fa6d46b7e242cad
1772,train,run4|59744258a8da62924b55aeb5
1773,train,run4|a5ab59080f6fa62b7c2397fd
1774,train,run4|6cee38824df1a61e4c04770a
1775,test,run4|5a102f31b2e41f75fc2c59f2
1776,test,run4|3403513b4eee3619f87e0525
1777,test,run4|2ca77489c92e4b481528cb0d
1778,test,run4|66a128810a27ad7e8e5132ce
1779,test,run4|f8fd711f0a96558a010f0484
1780,val,run4|fa3167686bede090d5da3bd0
1781,val,run4|2a95815f1b76dcaec467081b
1782,val,run4|bb296508c212b42e018fe79a
1783,test,run4|d9bc91ded8db1b60073d55fc
1784,train,run4|7bc8b65d8d1a852549c6cde3
1785,train,run4|379a12595396e8f008eacc35
1786,train,run4|af62db4724558af959cf8c74
1787,test,run4|e2c7e89d05e23f6c4856e98e
1788,train,run4|c5d6d31a49148d1958d3d992
1789,train,run4|b6e0d6f0280c55d0a23633fe
1790,train,run4|cc1c2e713cd46ae8100cedd7
1791,test,run4|ccc28b1f91bf485d18564ad2
1792,train,run4|f1c140d722a18106dcf90a28
1793,train,run4|58fd7a953726ec83c8248734
1794,train,run4|77fc4d394c56497513ec9632
1795,train,run4|26432d05a2163a600b150095
1796,train,run4|082a986b67e443e5830ee719
1797,train,run4|bbd8fd8de5224bf1a306a37d
1798,train,run4|df4088aef94f32985b0abe29
1799,train,run4|eff77935f1be82175bee51fc
1800,test,run4|eda83d622e2fe2bf142ceb8a
1801,val,run4|4cd8da603b9bc6e845dee033
1802,train,run4|2f9ddaaac8c55ac4deb00fde
1803,train,run4|10e9a2d9ce6198b7b60f513c
1804,train,run4|549416368d6ef6387d35fe8b
1805,train,run4|9b12ab94262a9dc8f34eee84
1806,train,run4|4fa48d64f11440a5976c9808
1807,train,run4|760adf19ae759e575b8b3b4b
1808,train,run4|971cd738d43759c51357aaef
1809,val,run4|7e6a8e37fad8a71a5409dc35
1810,test,run4|4b0a3c2ec04a22ab858d7b23
1811,train,run4|7a6e453d14e5cae8191ad2ef
1812,train,run4|920fe173c377de9cd0be5c9c
1813,train,run4|a9ac5dfd6d394765f40e6a95
1814,train,run4|6973326b8ab0747964edaa7b
1815,val,run4|8d32b46e7ca4c9d34b5bfce8
1816,train,run4|8bdda4086316611b58664f02
1817,val,run4|4bb6560885f98dd1f314fe9d
1818,train,run4|623039c2d7e54843ab623723
1819,test,run4|7b0c90c7be6eb30b79a0ecad
1820,val,run4|fbe2ec2892300cd1c7d5aa84
1821,train,run4|ada8c176edd7e52e796c6156
1822,test,run4|fb1877a890b2bc7191cdc729
1823,train,run4|668f482de7b186dbb5cdd3c8
1824,train,run4|548f337a553b37a1f7ffc4e7
1825,train,run4|648ba02b1c1d1ed4cc391c24
1826,train,run4|d803c5911c1763015285c88b
1827,train,run4|b93eb2482a01c82aead982b5
1828,train,run4|ad31617938164470e4653f63
1829,train,run4|502a7c89d1f96dfe4965a0c1
1830,val,run4|d085b4bf195fdb7c6c153316
1831,train,run4|1501e2b5d92a38a8a09cb369
1832,train,run4|6746a3d78bc71a64e4fc46ad
1833,train,run4|d50622445afbe86899d11cc0
1834,train,run4|775de7276fa6d46b7e242cad
1835,train,run4|59744258a8da62924b55aeb5
1836,train,run4|a5ab59080f6fa62b7c2397fd
1837,train,run4|6cee38824df1a61e4c04770a
1838,test,run4|5a102f31b2e41f75fc2c59f2
1839,test,run4|3403513b4eee3619f87e0525
1840,test,run4|2ca77489c92e4b481528cb0d
1841,test,run4|66a128810a27ad7e8e5132ce
1842,test,run4|f8fd711f0a96558a010f0484
1843,val,run4|fa3167686bede090d5da3bd0
1844,val,run4|2a95815f1b76dcaec467081b
1845,val,run4|bb296508c212b42e018fe79a
1846,test,run4|d9bc91ded8db1b60073d55fc
1847,train,run4|7bc8b65d8d1a852549c6cde3
1848,train,run4|379a12595396e8f008eacc35
1849,train,run4|af62db4724558af959cf8c74
1850,test,run4|e2c7e89d05e23f6c4856e98e
1851,train,run4|c5d6d31a49148d1958d3d992
1852,train,run4|b6e0d6f0280c55d0a23633fe
1853,train,run4|cc1c2e713cd46ae8100cedd7
1854,test,run4|ccc28b1f91bf485d18564ad2
1855,train,run4|f1c140d722a18106dcf90a28
1856,train,run4|58fd7a953726ec83c8248734
1857,train,run4|77fc4d394c56497513ec9632
1858,train,run4|26432d05a2163a600b150095
1859,train,run4|082a986b67e443e5830ee719
1860,train,run4|bbd8fd8de5224bf1a306a37d
1861,train,run4|df4088aef94f32985b0abe29
1862,train,run4|eff77935f1be82175bee51fc
1863,test,run4|eda83d622e2fe2bf142ceb8a
1864,val,run4|4cd8da603b9bc6e845dee033
1865,train,run4|2f9ddaaac8c55ac4deb00fde
1866,train,run4|10e9a2d9ce6198b7b60f513c
1867,train,run4|549416368d6ef6387d35fe8b
1868,train,run4|9b12ab94262a9dc8f34eee84
1869,train,run4|4fa48d64f11440a5976c9808
1870,train,run4|760adf19ae759e575b8b3b4b
1871,train,run4|971cd738d43759c51357aaef
1872,val,run4|7e6a8e37fad8a71a5409dc35
1873,test,run4|4b0a3c2ec04a22ab858d7b23
1874,train,run4|7a6e453d14e5cae8191ad2ef
1875,train,run4|920fe173c377de9cd0be5c9c
1876,train,run4|a9ac5dfd6d394765f40e6a95
1877,train,run4|6973326b8ab0747964edaa7b
1878,val,run4|8d32b46e7ca4c9d34b5bfce8
1879,train,run4|8bdda4086316611b58664f02
1880,val,run4|4bb6560885f98dd1f314fe9d
1881,train,run4|623039c2d7e54843ab623723
1882,test,run4|7b0c90c7be6eb30b79a0ecad
1883,val,run4|fbe2ec2892300cd1c7d5aa84
1884,train,run4|ada8c176edd7e52e796c6156
1885,test,run4|fb1877a890b2bc7191cdc729
1886,train,run4|668f482de7b186dbb5cdd3c8
1887,train,run4|548f337a553b37a1f7ffc4e7
1888,train,run4|648ba02b1c1d1ed4cc391c24
1889,train,run4|d803c5911c1763015285c88b
1890,train,run4|b93eb2482a01c82aead982b5
1891,train,run4|ad31617938164470e4653f63
1892,train,run4|502a7c89d1f96dfe4965a0c1
1893,val,run4|d085b4bf195fdb7c6c153316
1894,train,run4|1501e2b5d92a38a8a09cb369
1895,train,run4|6746a3d78bc71a64e4fc46ad
1896,train,run4|d50622445afbe86899d11cc0
1897,train,run4|775de7276fa6d46b7e242cad
1898,train,run4|59744258a8da62924b55aeb5
1899,train,run4|a5ab59080f6fa62b7c2397fd
1900,train,run4|6cee38824df1a61e4c04770a
1901,test,run4|5a102f31b2e41f75fc2c59f2
1902,test,run4|3403513b4eee3619f87e0525
1903,test,run4|2ca77489c92e4b481528cb0d
1904,test,run4|66a128810a27ad7e8e5132ce
1905,test,run4|f8fd711f0a96558a010f0484
1906,val,run4|fa3167686bede090d5da3bd0
1907,val,run4|2a95815f1b76dcaec467081b
1908,val,run4|bb296508c212b42e018fe79a
1909,test,run4|d9bc91ded8db1b60073d55fc
1910,train,run4|7bc8b65d8d1a852549c6cde3
1911,train,run4|379a12595396e8f008eacc35
1912,train,run4|af62db4724558af959cf8c74
1913,test,run4|e2c7e89d05e23f6c4856e98e
1914,train,run4|c5d6d31a49148d1958d3d992
1915,train,run4|b6e0d6f0280c55d0a23633fe
1916,train,run4|cc1c2e713cd46ae8100cedd7
1917,test,run4|ccc28b1f91bf485d18564ad2
1918,train,run4|f1c140d722a18106dcf90a28
1919,train,run4|58fd7a953726ec83c8248734
1920,train,run4|77fc4d394c56497513ec9632
1921,train,run4|26432d05a2163a600b150095
1922,train,run4|082a986b67e443e5830ee719
1923,train,run4|bbd8fd8de5224bf1a306a37d
1924,train,run4|df4088aef94f32985b0abe29
1925,train,run4|eff77935f1be82175bee51fc
1926,test,run4|eda83d622e2fe2bf142ceb8a
1927,val,run4|4cd8da603b9bc6e845dee033
1928,train,run4|2f9ddaaac8c55ac4deb00fde
1929,train,run4|10e9a2d9ce6198b7b60f513c
1930,train,run4|549416368d6ef6387d35fe8b
1931,train,run4|9b12ab94262a9dc8f34eee84
1932,train,run4|4fa48d64f11440a5976c9808
1933,train,run4|760adf19ae759e575b8b3b4b
1934,train,run4|971cd738d43759c51357aaef
1935,val,run4|7e6a8e37fad8a71a5409dc35
1936,test,run4|4b0a3c2ec04a22ab858d7b23
1937,train,run4|7a6e453d14e5cae8191ad2ef
1938,train,run4|920fe173c377de9cd0be5c9c
1939,train,run4|a9ac5dfd6d394765f40e6a95
1940,train,run4|6973326b8ab0747964edaa7b
1941,val,run4|8d32b46e7ca4c9d34b5bfce8
1942,train,run4|8bdda4086316611b58664f02
1943,val,run4|4bb6560885f98dd1f314fe9d
1944,train,run4|623039c2d7e54843ab623723
1945,test,run4|7b0c90c7be6eb30b79a0ecad
1946,val,run4|fbe2ec2892300cd1c7d5aa84
1947,train,run4|ada8c176edd7e52e796c6156
1948,test,run4|fb1877a890b2bc7191cdc729
1949,train,run4|668f482de7b186dbb5cdd3c8
1950,train,run4|548f337a553b37a1f7ffc4e7
1951,train,run4|648ba02b1c1d1ed4cc391c24
1952,train,run4|d803c5911c1763015285c88b
1953,train,run4|b93eb2482a01c82aead982b5
1954,train,run4|ad31617938164470e4653f63
1955,train,run4|502a7c89d1f96dfe4965a0c1
1956,val,run4|d085b4bf195fdb7c6c153316
1957,train,run4|1501e2b5d92a38a8a09cb369
1958,train,run4|6746a3d78bc71a64e4fc46ad
1959,train,run4|d50622445afbe86899d11cc0
1960,train,run4|775de7276fa6d46b7e242cad
1961,train,run4|59744258a8da62924b55aeb5
1962,train,run4|a5ab59080f6fa62b7c2397fd
1963,train,run4|6cee38824df1a61e4c04770a
1964,test,run4|5a102f31b2e41f75fc2c59f2
1965,test,run4|3403513b4eee3619f87e0525
1966,test,run4|2ca77489c92e4b481528cb0d
1967,test,run4|66a128810a27ad7e8e5132ce
1968,test,run4|f8fd711f0a96558a010f0484
1969,val,run4|fa3167686bede090d5da3bd0
1970,val,run4|2a95815f1b76dcaec467081b
1971,val,run4|bb296508c212b42e018fe79a
1972,test,run4|d9bc91ded8db1b60073d55fc
1973,train,run4|7bc8b65d8d1a852549c6cde3
1974,train,run4|379a12595396e8f008eacc35
1975,train,run4|af62db4724558af959cf8c74
1976,test,run4|e2c7e89d05e23f6c4856e98e
1977,train,run4|c5d6d31a49148d1958d3d992
1978,train,run4|b6e0d6f0280c55d0a23633fe
1979,train,run4|cc1c2e713cd46ae8100cedd7
1980,test,run4|ccc28b1f91bf485d18564ad2
1981,train,run4|f1c140d722a18106dcf90a28
1982,train,run4|58fd7a953726ec83c8248734
1983,train,run4|77fc4d394c56497513ec9632
1984,train,run4|26432d05a2163a600b150095
1985,train,run4|082a986b67e443e5830ee719
1986,train,run4|bbd8fd8de5224bf1a306a37d
1987,train,run4|df4088aef94f32985b0abe29
1988,train,run4|eff77935f1be82175bee51fc
1989,test,run4|eda83d622e2fe2bf142ceb8a
1990,val,run4|4cd8da603b9bc6e845dee033
1991,train,run4|2f9ddaaac8c55ac4deb00fde
1992,train,run4|10e9a2d9ce6198b7b60f513c
1993,train,run4|549416368d6ef6387d35fe8b
1994,train,run4|9b12ab94262a9dc8f34eee84
1995,train,run4|4fa48d64f11440a5976c9808
1996,train,run4|760adf19ae759e575b8b3b4b
1997,train,run4|971cd738d43759c51357aaef
1998,val,run4|7e6a8e37fad8a71a5409dc35
1999,test,run4|4b0a3c2ec04a22ab858d7b23
2000,train,run4|7a6e453d14e5cae8191ad2ef
2001,train,run4|920fe173c377de9cd0be5c9c
2002,train,run4|a9ac5dfd6d394765f40e6a95
2003,train,run4|6973326b8ab0747964edaa7b
2004,val,run4|8d32b46e7ca4c9d34b5bfce8
2005,train,run4|8bdda4086316611b58664f02
2006,val,run4|4bb6560885f98dd1f314fe9d
2007,train,run4|623039c2d7e54843ab623723
2008,test,run4|7b0c90c7be6eb30b79a0ecad
2009,val,run4|fbe2ec2892300cd1c7d5aa84
2010,train,run4|ada8c176edd7e52e796c6156
2011,test,run4|fb1877a890b2bc7191cdc729
2012,train,run4|668f482de7b186dbb5cdd3c8
2013,train,run4|548f337a553b37a1f7ffc4e7
2014,train,run4|648ba02b1c1d1ed4cc391c24
2015,train,run4|d803c5911c1763015285c88b
2016,train,run4|b93eb2482a01c82aead982b5
2017,train,run4|ad31617938164470e4653f63
2018,test,run4|b1c67ecc76aa43c4901759f4
2019,train,run4|8f945dba14208d2f02280b39
2020,train,run4|502a7c89d1f96dfe4965a0c1
2021,val,run4|d085b4bf195fdb7c6c153316
2022,train,run4|1501e2b5d92a38a8a09cb369
2023,train,run4|6746a3d78bc71a64e4fc46ad
2024,train,run4|d50622445afbe86899d11cc0
2025,train,run4|775de7276fa6d46b7e242cad
2026,train,run4|59744258a8da62924b55aeb5
2027,train,run4|a5ab59080f6fa62b7c2397fd
2028,train,run4|6cee38824df1a61e4c04770a
2029,test,run4|5a102f31b2e41f75fc2c59f2
2030,test,run4|3403513b4eee3619f87e0525
2031,test,run4|2ca77489c92e4b481528cb0d
2032,test,run4|66a128810a27ad7e8e5132ce
2033,test,run4|f8fd711f0a96558a010f0484
2034,val,run4|fa3167686bede090d5da3bd0
2035,val,run4|2a95815f1b76dcaec467081b
2036,val,run4|bb296508c212b42e018fe79a
2037,test,run4|d9bc91ded8db1b60073d55fc
2038,train,run4|7bc8b65d8d1a852549c6cde3
2039,train,run4|379a12595396e8f008eacc35
2040,train,run4|af62db4724558af959cf8c74
2041,test,run4|e2c7e89d05e23f6c4856e98e
2042,train,run4|c5d6d31a49148d1958d3d992
2043,train,run4|b6e0d6f0280c55d0a23633fe
2044,train,run4|cc1c2e713cd46ae8100cedd7
2045,test,run4|ccc28b1f91bf485d18564ad2
2046,train,run4|f1c140d722a18106dcf90a28
2047,train,run4|58fd7a953726ec83c8248734
2048,train,run4|77fc4d394c56497513ec9632
2049,train,run4|26432d05a2163a600b150095
2050,train,run4|082a986b67e443e5830ee719
2051,train,run4|bbd8fd8de5224bf1a306a37d
2052,train,run4|df4088aef94f32985b0abe29
2053,train,run4|eff77935f1be82175bee51fc
2054,test,run4|eda83d622e2fe2bf142ceb8a
2055,val,run4|4cd8da603b9bc6e845dee033
2056,train,run4|2f9ddaaac8c55ac4deb00fde
2057,train,run4|10e9a2d9ce6198b7b60f513c
2058,train,run4|549416368d6ef6387d35fe8b
2059,train,run4|9b12ab94262a9dc8f34eee84
2060,train,run4|4fa48d64f11440a5976c9808
2061,train,run4|760adf19ae759e575b8b3b4b
2062,train,run4|971cd738d43759c51357aaef
2063,val,run4|7e6a8e37fad8a71a5409dc35
2064,test,run4|4b0a3c2ec04a22ab858d7b23
2065,train,run4|7a6e453d14e5cae8191ad2ef
2066,train,run4|920fe173c377de9cd0be5c9c
2067,train,run4|a9ac5dfd6d394765f40e6a95
2068,train,run4|6973326b8ab0747964edaa7b
2069,val,run4|8d32b46e7ca4c9d34b5bfce8
2070,train,run4|8bdda4086316611b58664f02
2071,val,run4|4bb6560885f98dd1f314fe9d
2072,train,run4|623039c2d7e54843ab623723
2073,test,run4|7b0c90c7be6eb30b79a0ecad
2074,val,run4|fbe2ec2892300cd1c7d5aa84
2075,train,run4|ada8c176edd7e52e796c6156
2076,test,run4|fb1877a890b2bc7191cdc729
2077,train,run4|668f482de7b186dbb5cdd3c8
2078,train,run4|548f337a553b37a1f7ffc4e7
2079,train,run4|648ba02b1c1d1ed4cc391c24
2080,train,run4|d803c5911c1763015285c88b
2081,train,run4|b93eb2482a01c82aead982b5
2082,train,run4|ad31617938164470e4653f63
2083,val,run4|4328eaecc09ae004dd7f3650
2084,val,run4|5bbb4cc83bdcc0c3d4e5d1d6
2085,train,run4|502a7c89d1f96dfe4965a0c1
2086,val,run4|d085b4bf195fdb7c6c153316
2087,train,run4|1501e2b5d92a38a8a09cb369
2088,train,run4|6746a3d78bc71a64e4fc46ad
2089,train,run4|d50622445afbe86899d11cc0
2090,train,run4|775de7276fa6d46b7e242cad
2091,train,run4|59744258a8da62924b55aeb5
2092,train,run4|a5ab59080f6fa62b7c2397fd
2093,train,run4|6cee38824df1a61e4c04770a
2094,test,run4|5a102f31b2e41f75fc2c59f2
2095,test,run4|3403513b4eee3619f87e0525
2096,test,run4|2ca77489c92e4b481528cb0d
2097,test,run4|66a128810a27ad7e8e5132ce
2098,test,run4|f8fd711f0a96558a010f0484
2099,val,run4|fa3167686bede090d5da3bd0
2100,val,run4|2a95815f1b76dcaec467081b
2101,val,run4|bb296508c212b42e018fe79a
2102,test,run4|d9bc91ded8db1b60073d55fc
2103,train,run4|7bc8b65d8d1a852549c6cde3
2104,train,run4|379a12595396e8f008eacc35
2105,train,run4|af62db4724558af959cf8c74
2106,test,run4|e2c7e89d05e23f6c4856e98e
2107,train,run4|c5d6d31a49148d1958d3d992
2108,train,run4|b6e0d6f0280c55d0a23633fe
2109,train,run4|cc1c2e713cd46ae8100cedd7
2110,test,run4|ccc28b1f91bf485d18564ad2
2111,train,run4|f1c140d722a18106dcf90a28
2112,train,run4|58fd7a953726ec83c8248734
2113,train,run4|77fc4d394c56497513ec9632
2114,train,run4|26432d05a2163a600b150095
2115,train,run4|082a986b67e443e5830ee719
2116,train,run4|bbd8fd8de5224bf1a306a37d
2117,train,run4|df4088aef94f32985b0abe29
2118,train,run4|eff77935f1be82175bee51fc
2119,test,run4|eda83d622e2fe2bf142ceb8a
2120,val,run4|4cd8da603b9bc6e845dee033
2121,train,run4|2f9ddaaac8c55ac4deb00fde
2122,train,run4|10e9a2d9ce6198b7b60f513c
2123,train,run4|549416368d6ef6387d35fe8b
2124,train,run4|9b12ab94262a9dc8f34eee84
2125,train,run4|4fa48d64f11440a5976c9808
2126,train,run4|760adf19ae759e575b8b3b4b
2127,train,run4|971cd738d43759c51357aaef
2128,val,run4|7e6a8e37fad8a71a5409dc35
2129,test,run4|4b0a3c2ec04a22ab858d7b23
2130,train,run4|7a6e453d14e5cae8191ad2ef
2131,train,run4|920fe173c377de9cd0be5c9c
2132,train,run4|a9ac5dfd6d394765f40e6a95
2133,train,run4|6973326b8ab0747964edaa7b
2134,val,run4|8d32b46e7ca4c9d34b5bfce8
2135,train,run4|8bdda4086316611b58664f02
2136,val,run4|4bb6560885f98dd1f314fe9d
2137,train,run4|623039c2d7e54843ab623723
2138,test,run4|7b0c90c7be6eb30b79a0ecad
2139,val,run4|fbe2ec2892300cd1c7d5aa84
2140,train,run4|ada8c176edd7e52e796c6156
2141,test,run4|fb1877a890b2bc7191cdc729
2142,train,run4|668f482de7b186dbb5cdd3c8
2143,train,run4|548f337a553b37a1f7ffc4e7
2144,train,run4|648ba02b1c1d1ed4cc391c24
2145,train,run4|d803c5911c1763015285c88b
2146,train,run4|b93eb2482a01c82aead982b5
2147,train,run4|ad31617938164470e4653f63
2148,val,run4|5c350ab9569abb8a7768e5a8
2149,train,run4|c81b33327047f95577eb26c2
2150,test,run4|f9c46a9ebde9941ea24dfb2b
2151,train,run4|00e849792f06714ced93a823
2152,train,run5|7be6b42f732dc7591008c7cd
2153,val,run5|b639ec50a0517e86ab9e3d91
2154,train,run5|f6aea2c9d9623ee4dee06b5d
2155,train,run5|2f7dcc6bca0f0bd635461dd2
2156,train,run5|3d759fede7b34933a39b7a83
2157,train,run5|6cb91cd5ba032604eb0ab5fa
2158,val,run5|271db0b8f3b8eb650b61430e
2159,train,run5|94c020d825b3e4cd52b2b9f2
2160,test,run5|c4795fbdc5a1a9344069afa9
2161,test,run5|10a570c1d63f22dc435b9e1e
2162,test,run5|44d3ab72538025d4e726a236
2163,train,run5|7b2da996e19af00e7a8956b7
2164,val,run5|351a28b6e31cde137c22ac15
2165,test,run5|3b9b24df98cd8cad7077e254
2166,val,run5|6ac88f101c1c7b63e5e33bba
2167,test,run5|eb4ca936993d2d2be20ec6e3
2168,test,run5|2b9fba0c464f5b287d6a2a4b
2169,test,run5|e08f21e43644f1c36710222f
2170,val,run5|e53771770e8865e17ac114f0
2171,train,run5|d65c2866abb6d3a3e104d86b
2172,train,run5|f348838032ffa84cdd1ad2ae
2173,train,run5|3a6d9c24a97dea89664e2d16
2174,train,run5|5f80b4d59bbacdf47ec71f18
2175,test,run5|9459a646aa348b249387626e
2176,train,run5|ed312f31b425ad71de674bd6
2177,train,run5|b52d496ee91a13b7963c5c68
2178,train,run5|970151aeab0cb24be633af3d
2179,train,run5|cef6deb51a31598ddf8b6e8e
2180,train,run5|3c1fcb9bee0869197c5eca16
2181,train,run5|ef7159336f2b7040d4b7adb1
2182,train,run5|424fcb8df431aae46be7f4ea
2183,val,run5|555d564f5d0950f24d0df093
2184,test,run5|0bb4ff4d9e4d29adfd273e28
2185,train,run5|bb4b76021635c027330252ef
2186,test,run5|efc1cdbbf9f2383397a9bfe5
2187,train,run5|0db9e2722e6362ebb4add581
2188,test,run5|fa24b8c11d60b363796545ef
2189,val,run5|1208ef84c59ebc9c93c1a1e4
2190,val,run5|0a3f719f2bd5cfc0fd306d13
2191,train,run5|f9045e2095519de96baadf5f
2192,train,run5|f84bdf1bdaebe60bc40c5b64
2193,val,run5|62fd46e7e5b7dedd10d7708d
2194,train,run5|7d8ea760becd1f0c2912883a
2195,train,run5|482d1b0da80184deffb61cd4
2196,train,run5|66c69414ba91191b1dfccc8f
2197,train,run5|e03e0316e9a72951f48b5a18
2198,test,run5|bfb4062c6db19a1a3941f79d
2199,train,run5|760720c86a2178ca016235a9
2200,train,run5|dddfc6ffe37426766d2ae1b4
2201,train,run5|4d2b86a2ea35e1e16c25e442
2202,train,run5|ecc9778108733b002fff0acd
2203,train,run5|140f6b31b0e9896dbfd62936
2204,train,run5|f0110e50a07484a5ef2c48d2
2205,val,run5|598c8c8c940234e5924cf667
2206,train,run5|1fac0591b1bf7f84878f678d
2207,test,run5|6c69c76c2ad3284f5c81a7c3
2208,train,run5|2a07f5afa146df728a36e97b
2209,test,run5|5c1ed54f9875a172af42ce6a
2210,val,run5|0f1f155b4823d186f2f868ca
2211,train,run5|663bdb047633df6fe8fd5fd2
2212,train,run5|2abfbfb8a213f64b3bc85572
2213,train,run5|28e11bafc99180942b0cd833
2214,train,run5|aa5743706f7bd593173d0a41
2215,test,run5|ad4a836526dfbc565496bc5b
2216,train,run5|10b46a4ce9070d5fe5ab8ad9
2217,train,run5|df6e8af5e116e77e54e064e5
2218,train,run5|a52f35c12cb73704bc07ee04
2219,test,run5|9bcad1411168fb1eb2c2bc21
2220,train,run5|3094c91f40e94ccebe083c79
2221,train,run5|7509c76653cf0ed0b32c8317
2222,test,run5|2e0c51332dd235b80eba633b
2223,train,run5|73d06bc381c1220f7c903544
2224,train,run5|931c8ba50bcdbaace25cd61c
2225,train,run5|5f6595174b4ce189dca22550
2226,train,run5|3c0555c41753f5ac1947ddb8
2227,val,run5|6abf933074a1f708b6d007db
2228,train,run5|b9ab6c19268f67c1e776dda4
2229,train,run5|9ff17c688f61db78cc85ace6
2230,val,run5|4771f46b5a34d031883b8c64
2231,train,run5|7be6b42f732dc7591008c7cd
2232,val,run5|b639ec50a0517e86ab9e3d91
2233,train,run5|f6aea2c9d9623ee4dee06b5d
2234,train,run5|2f7dcc6bca0f0bd635461dd2
2235,train,run5|3d759fede7b34933a39b7a83
2236,train,run5|6cb91cd5ba032604eb0ab5fa
2237,val,run5|271db0b8f3b8eb650b61430e
2238,train,run5|94c020d825b3e4cd52b2b9f2
2239,test,run5|c4795fbdc5a1a9344069afa9
2240,test,run5|10a570c1d63f22dc435b9e1e
2241,test,run5|44d3ab72538025d4e726a236
2242,train,run5|7b2da996e19af00e7a8956b7
2243,val,run5|351a28b6e31cde137c22ac15
2244,test,run5|3b9b24df98cd8cad7077e254
2245,val,run5|6ac88f101c1c7b63e5e33bba
2246,test,run5|eb4ca936993d2d2be20ec6e3
2247,test,run5|2b9fba0c464f5b287d6a2a4b
2248,test,run5|e08f21e43644f1c36710222f
2249,val,run5|e53771770e8865e17ac114f0
2250,train,run5|d65c2866abb6d3a3e104d86b
2251,train,run5|f348838032ffa84cdd1ad2ae
2252,train,run5|3a6d9c24a97dea89664e2d16
2253,train,run5|5f80b4d59bbacdf47ec71f18
2254,test,run5|9459a646aa348b249387626e
2255,train,run5|ed312f31b425ad71de674bd6
2256,train,run5|b52d496ee91a13b7963c5c68
2257,train,run5|970151aeab0cb24be633af3d
2258,train,run5|cef6deb51a31598ddf8b6e8e
2259,train,run5|3c1fcb9bee0869197c5eca16
2260,train,run5|ef7159336f2b7040d4b7adb1
2261,train,run5|424fcb8df431aae46be7f4ea
2262,val,run5|555d564f5d0950f24d0df093
2263,test,run5|0bb4ff4d9e4d29adfd273e28
2264,train,run5|bb4b76021635c027330252ef
2265,test,run5|efc1cdbbf9f2383397a9bfe5
2266,train,run5|0db9e2722e6362ebb4add581
2267,test,run5|fa24b8c11d60b363796545ef
2268,val,run5|1208ef84c59ebc9c93c1a1e4
2269,val,run5|0a3f719f2bd5cfc0fd306d13
2270,train,run5|f9045e2095519de96baadf5f
2271,train,run5|f84bdf1bdaebe60bc40c5b64
2272,val,run5|62fd46e7e5b7dedd10d7708d
2273,train,run5|7d8ea760becd1f0c2912883a
2274,train,run5|482d1b0da80184deffb61cd4
2275,train,run5|66c69414ba91191b1dfccc8f
2276,train,run5|e03e0316e9a72951f48b5a18
2277,test,run5|bfb4062c6db19a1a3941f79d
2278,train,run5|760720c86a2178ca016235a9
2279,train,run5|dddfc6ffe37426766d2ae1b4
2280,train,run5|4d2b86a2ea35e1e16c25e442
2281,train,run5|ecc9778108733b002fff0acd
2282,train,run5|140f6b31b0e9896dbfd62936
2283,train,run5|f0110e50a07484a5ef2c48d2
2284,val,run5|598c8c8c940234e5924cf667
2285,train,run5|1fac0591b1bf7f84878f678d
2286,test,run5|6c69c76c2ad3284f5c81a7c3
2287,train,run5|2a07f5afa146df728a36e97b
2288,test,run5|5c1ed54f9875a172af42ce6a
2289,val,run5|0f1f155b4823d186f2f868ca
2290,train,run5|663bdb047633df6fe8fd5fd2
2291,train,run5|2abfbfb8a213f64b3bc85572
2292,train,run5|28e11bafc99180942b0cd833
2293,train,run5|aa5743706f7bd593173d0a41
2294,train,run5|7be6b42f732dc7591008c7cd
2295,val,run5|b639ec50a0517e86ab9e3d91
2296,train,run5|f6aea2c9d9623ee4dee06b5d
2297,train,run5|2f7dcc6bca0f0bd635461dd2
2298,train,run5|3d759fede7b34933a39b7a83
2299,train,run5|6cb91cd5ba032604eb0ab5fa
2300,val,run5|271db0b8f3b8eb650b61430e
2301,train,run5|94c020d825b3e4cd52b2b9f2
2302,test,run5|c4795fbdc5a1a9344069afa9
2303,test,run5|10a570c1d63f22dc435b9e1e
2304,test,run5|44d3ab72538025d4e726a236
2305,train,run5|7b2da996e19af00e7a8956b7
2306,val,run5|351a28b6e31cde137c22ac15
2307,test,run5|3b9b24df98cd8cad7077e254
2308,val,run5|6ac88f101c1c7b63e5e33bba
2309,test,run5|eb4ca936993d2d2be20ec6e3
2310,test,run5|2b9fba0c464f5b287d6a2a4b
2311,test,run5|e08f21e43644f1c36710222f
2312,val,run5|e53771770e8865e17ac114f0
2313,train,run5|d65c2866abb6d3a3e104d86b
2314,train,run5|f348838032ffa84cdd1ad2ae
2315,train,run5|3a6d9c24a97dea89664e2d16
2316,train,run5|5f80b4d59bbacdf47ec71f18
2317,test,run5|9459a646aa348b249387626e
2318,train,run5|ed312f31b425ad71de674bd6
2319,train,run5|b52d496ee91a13b7963c5c68
2320,train,run5|970151aeab0cb24be633af3d
2321,train,run5|cef6deb51a31598ddf8b6e8e
2322,train,run5|3c1fcb9bee0869197c5eca16
2323,train,run5|ef7159336f2b7040d4b7adb1
2324,train,run5|424fcb8df431aae46be7f4ea
2325,val,run5|555d564f5d0950f24d0df093
2326,test,run5|0bb4ff4d9e4d29adfd273e28
2327,train,run5|bb4b76021635c027330252ef
2328,test,run5|efc1cdbbf9f2383397a9bfe5
2329,train,run5|0db9e2722e6362ebb4add581
2330,test,run5|fa24b8c11d60b363796545ef
2331,val,run5|1208ef84c59ebc9c93c1a1e4
2332,val,run5|0a3f719f2bd5cfc0fd306d13
2333,train,run5|f9045e2095519de96baadf5f
2334,train,run5|f84bdf1bdaebe60bc40c5b64
2335,val,run5|62fd46e7e5b7dedd10d7708d
2336,train,run5|7d8ea760becd1f0c2912883a
2337,train,run5|482d1b0da80184deffb61cd4
2338,train,run5|66c69414ba91191b1dfccc8f
2339,train,run5|e03e0316e9a72951f48b5a18
2340,test,run5|bfb4062c6db19a1a3941f79d
2341,train,run5|760720c86a2178ca016235a9
2342,train,run5|dddfc6ffe37426766d2ae1b4
2343,train,run5|4d2b86a2ea35e1e16c25e442
2344,train,run5|ecc9778108733b002fff0acd
2345,train,run5|140f6b31b0e9896dbfd62936
2346,train,run5|f0110e50a07484a5ef2c48d2
2347,val,run5|598c8c8c940234e5924cf667
2348,train,run5|1fac0591b1bf7f84878f678d
2349,test,run5|6c69c76c2ad3284f5c81a7c3
2350,train,run5|2a07f5afa146df728a36e97b
2351,test,run5|5c1ed54f9875a172af42ce6a
2352,val,run5|0f1f155b4823d186f2f868ca
2353,train,run5|663bdb047633df6fe8fd5fd2
2354,train,run5|2abfbfb8a213f64b3bc85572
2355,train,run5|28e11bafc99180942b0cd833
2356,train,run5|aa5743706f7bd593173d0a41
2357,train,run5|7be6b42f732dc7591008c7cd
2358,val,run5|b639ec50a0517e86ab9e3d91
2359,train,run5|f6aea2c9d9623ee4dee06b5d
2360,train,run5|2f7dcc6bca0f0bd635461dd2
2361,train,run5|3d759fede7b34933a39b7a83
2362,train,run5|6cb91cd5ba032604eb0ab5fa
2363,val,run5|271db0b8f3b8eb650b61430e
2364,train,run5|94c020d825b3e4cd52b2b9f2
2365,test,run5|c4795fbdc5a1a9344069afa9
2366,test,run5|10a570c1d63f22dc435b9e1e
2367,test,run5|44d3ab72538025d4e726a236
2368,train,run5|7b2da996e19af00e7a8956b7
2369,val,run5|351a28b6e31cde137c22ac15
2370,test,run5|3b9b24df98cd8cad7077e254
2371,val,run5|6ac88f101c1c7b63e5e33bba
2372,test,run5|eb4ca936993d2d2be20ec6e3
2373,test,run5|2b9fba0c464f5b287d6a2a4b
2374,test,run5|e08f21e43644f1c36710222f
2375,val,run5|e53771770e8865e17ac114f0
2376,train,run5|d65c2866abb6d3a3e104d86b
2377,train,run5|f348838032ffa84cdd1ad2ae
2378,train,run5|3a6d9c24a97dea89664e2d16
2379,train,run5|5f80b4d59bbacdf47ec71f18
2380,test,run5|9459a646aa348b249387626e
2381,train,run5|ed312f31b425ad71de674bd6
2382,train,run5|b52d496ee91a13b7963c5c68
2383,train,run5|970151aeab0cb24be633af3d
2384,train,run5|cef6deb51a31598ddf8b6e8e
2385,train,run5|3c1fcb9bee0869197c5eca16
2386,train,run5|ef7159336f2b7040d4b7adb1
2387,train,run5|424fcb8df431aae46be7f4ea
2388,val,run5|555d564f5d0950f24d0df093
2389,test,run5|0bb4ff4d9e4d29adfd273e28
2390,train,run5|bb4b76021635c027330252ef
2391,test,run5|efc1cdbbf9f2383397a9bfe5
2392,train,run5|0db9e2722e6362ebb4add581
2393,test,run5|fa24b8c11d60b363796545ef
2394,val,run5|1208ef84c59ebc9c93c1a1e4
2395,val,run5|0a3f719f2bd5cfc0fd306d13
2396,train,run5|f9045e2095519de96baadf5f
2397,train,run5|f84bdf1bdaebe60bc40c5b64
2398,val,run5|62fd46e7e5b7dedd10d7708d
2399,train,run5|7d8ea760becd1f0c2912883a
2400,train,run5|482d1b0da80184deffb61cd4
2401,train,run5|66c69414ba91191b1dfccc8f
2402,train,run5|e03e0316e9a72951f48b5a18
2403,test,run5|bfb4062c6db19a1a3941f79d
2404,train,run5|760720c86a2178ca016235a9
2405,train,run5|dddfc6ffe37426766d2ae1b4
2406,train,run5|4d2b86a2ea35e1e16c25e442
2407,train,run5|ecc9778108733b002fff0acd
2408,train,run5|140f6b31b0e9896dbfd62936
2409,train,run5|f0110e50a07484a5ef2c48d2
2410,val,run5|598c8c8c940234e5924cf667
2411,train,run5|1fac0591b1bf7f84878f678d
2412,test,run5|6c69c76c2ad3284f5c81a7c3
2413,train,run5|2a07f5afa146df728a36e97b
2414,test,run5|5c1ed54f9875a172af42ce6a
2415,val,run5|0f1f155b4823d186f2f868ca
2416,train,run5|663bdb047633df6fe8fd5fd2
2417,train,run5|2abfbfb8a213f64b3bc85572
2418,train,run5|28e11bafc99180942b0cd833
2419,train,run5|aa5743706f7bd593173d0a41
2420,train,run5|7be6b42f732dc7591008c7cd
2421,val,run5|b639ec50a0517e86ab9e3d91
2422,train,run5|f6aea2c9d9623ee4dee06b5d
2423,train,run5|2f7dcc6bca0f0bd635461dd2
2424,train,run5|3d759fede7b34933a39b7a83
2425,train,run5|6cb91cd5ba032604eb0ab5fa
2426,val,run5|271db0b8f3b8eb650b61430e
2427,train,run5|94c020d825b3e4cd52b2b9f2
2428,test,run5|c4795fbdc5a1a9344069afa9
2429,test,run5|10a570c1d63f22dc435b9e1e
2430,test,run5|44d3ab72538025d4e726a236
2431,train,run5|7b2da996e19af00e7a8956b7
2432,val,run5|351a28b6e31cde137c22ac15
2433,test,run5|3b9b24df98cd8cad7077e254
2434,val,run5|6ac88f101c1c7b63e5e33bba
2435,test,run5|eb4ca936993d2d2be20ec6e3
2436,test,run5|2b9fba0c464f5b287d6a2a4b
2437,test,run5|e08f21e43644f1c36710222f
2438,val,run5|e53771770e8865e17ac114f0
2439,train,run5|d65c2866abb6d3a3e104d86b
2440,train,run5|f348838032ffa84cdd1ad2ae
2441,train,run5|3a6d9c24a97dea89664e2d16
2442,train,run5|5f80b4d59bbacdf47ec71f18
2443,test,run5|9459a646aa348b249387626e
2444,train,run5|ed312f31b425ad71de674bd6
2445,train,run5|b52d496ee91a13b7963c5c68
2446,train,run5|970151aeab0cb24be633af3d
2447,train,run5|cef6deb51a31598ddf8b6e8e
2448,train,run5|3c1fcb9bee0869197c5eca16
2449,train,run5|ef7159336f2b7040d4b7adb1
2450,train,run5|424fcb8df431aae46be7f4ea
2451,val,run5|555d564f5d0950f24d0df093
2452,test,run5|0bb4ff4d9e4d29adfd273e28
2453,train,run5|bb4b76021635c027330252ef
2454,test,run5|efc1cdbbf9f2383397a9bfe5
2455,train,run5|0db9e2722e6362ebb4add581
2456,test,run5|fa24b8c11d60b363796545ef
2457,val,run5|1208ef84c59ebc9c93c1a1e4
2458,val,run5|0a3f719f2bd5cfc0fd306d13
2459,train,run5|f9045e2095519de96baadf5f
2460,train,run5|f84bdf1bdaebe60bc40c5b64
2461,val,run5|62fd46e7e5b7dedd10d7708d
2462,train,run5|7d8ea760becd1f0c2912883a
2463,train,run5|482d1b0da80184deffb61cd4
2464,train,run5|66c69414ba91191b1dfccc8f
2465,train,run5|e03e0316e9a72951f48b5a18
2466,test,run5|bfb4062c6db19a1a3941f79d
2467,train,run5|760720c86a2178ca016235a9
2468,train,run5|dddfc6ffe37426766d2ae1b4
2469,train,run5|4d2b86a2ea35e1e16c25e442
2470,train,run5|ecc9778108733b002fff0acd
2471,train,run5|140f6b31b0e9896dbfd62936
2472,train,run5|f0110e50a07484a5ef2c48d2
2473,val,run5|598c8c8c940234e5924cf667
2474,train,run5|1fac0591b1bf7f84878f678d
2475,test,run5|6c69c76c2ad3284f5c81a7c3
2476,train,run5|2a07f5afa146df728a36e97b
2477,test,run5|5c1ed54f9875a172af42ce6a
2478,val,run5|0f1f155b4823d186f2f868ca
2479,train,run5|663bdb047633df6fe8fd5fd2
2480,train,run5|2abfbfb8a213f64b3bc85572
2481,train,run5|28e11bafc99180942b0cd833
2482,train,run5|aa5743706f7bd593173d0a41
2483,train,run5|7be6b42f732dc7591008c7cd
2484,val,run5|b639ec50a0517e86ab9e3d91
2485,train,run5|f6aea2c9d9623ee4dee06b5d
2486,train,run5|2f7dcc6bca0f0bd635461dd2
2487,train,run5|3d759fede7b34933a39b7a83
2488,train,run5|6cb91cd5ba032604eb0ab5fa
2489,val,run5|271db0b8f3b8eb650b61430e
2490,train,run5|94c020d825b3e4cd52b2b9f2
2491,test,run5|c4795fbdc5a1a9344069afa9
2492,test,run5|10a570c1d63f22dc435b9e1e
2493,test,run5|44d3ab72538025d4e726a236
2494,train,run5|7b2da996e19af00e7a8956b7
2495,val,run5|351a28b6e31cde137c22ac15
2496,test,run5|3b9b24df98cd8cad7077e254
2497,val,run5|6ac88f101c1c7b63e5e33bba
2498,test,run5|eb4ca936993d2d2be20ec6e3
2499,test,run5|2b9fba0c464f5b287d6a2a4b
2500,test,run5|e08f21e43644f1c36710222f
2501,val,run5|e53771770e8865e17ac114f0
2502,train,run5|d65c2866abb6d3a3e104d86b
2503,train,run5|f348838032ffa84cdd1ad2ae
2504,train,run5|3a6d9c24a97dea89664e2d16
2505,train,run5|5f80b4d59bbacdf47ec71f18
2506,test,run5|9459a646aa348b249387626e
2507,train,run5|ed312f31b425ad71de674bd6
2508,train,run5|b52d496ee91a13b7963c5c68
2509,train,run5|970151aeab0cb24be633af3d
2510,train,run5|cef6deb51a31598ddf8b6e8e
2511,train,run5|3c1fcb9bee0869197c5eca16
2512,train,run5|ef7159336f2b7040d4b7adb1
2513,train,run5|424fcb8df431aae46be7f4ea
2514,val,run5|555d564f5d0950f24d0df093
2515,test,run5|0bb4ff4d9e4d29adfd273e28
2516,train,run5|bb4b76021635c027330252ef
2517,test,run5|efc1cdbbf9f2383397a9bfe5
2518,train,run5|0db9e2722e6362ebb4add581
2519,test,run5|fa24b8c11d60b363796545ef
2520,val,run5|1208ef84c59ebc9c93c1a1e4
2521,val,run5|0a3f719f2bd5cfc0fd306d13
2522,train,run5|f9045e2095519de96baadf5f
2523,train,run5|f84bdf1bdaebe60bc40c5b64
2524,val,run5|62fd46e7e5b7dedd10d7708d
2525,train,run5|7d8ea760becd1f0c2912883a
2526,train,run5|482d1b0da80184deffb61cd4
2527,train,run5|66c69414ba91191b1dfccc8f
2528,train,run5|e03e0316e9a72951f48b5a18
2529,test,run5|bfb4062c6db19a1a3941f79d
2530,train,run5|760720c86a2178ca016235a9
2531,train,run5|dddfc6ffe37426766d2ae1b4
2532,train,run5|4d2b86a2ea35e1e16c25e442
2533,train,run5|ecc9778108733b002fff0acd
2534,train,run5|140f6b31b0e9896dbfd62936
2535,train,run5|f0110e50a07484a5ef2c48d2
2536,val,run5|598c8c8c940234e5924cf667
2537,train,run5|1fac0591b1bf7f84878f678d
2538,test,run5|6c69c76c2ad3284f5c81a7c3
2539,train,run5|2a07f5afa146df728a36e97b
2540,test,run5|5c1ed54f9875a172af42ce6a
2541,val,run5|0f1f155b4823d186f2f868ca
2542,train,run5|663bdb047633df6fe8fd5fd2
2543,train,run5|2abfbfb8a213f64b3bc85572
2544,train,run5|28e11bafc99180942b0cd833
2545,train,run5|aa5743706f7bd593173d0a41
2546,train,run5|7be6b42f732dc7591008c7cd
2547,val,run5|b639ec50a0517e86ab9e3d91
2548,train,run5|f6aea2c9d9623ee4dee06b5d
2549,train,run5|2f7dcc6bca0f0bd635461dd2
2550,train,run5|3d759fede7b34933a39b7a83
2551,train,run5|6cb91cd5ba032604eb0ab5fa
2552,val,run5|271db0b8f3b8eb650b61430e
2553,train,run5|94c020d825b3e4cd52b2b9f2
2554,test,run5|c4795fbdc5a1a9344069afa9
2555,test,run5|10a570c1d63f22dc435b9e1e
2556,test,run5|44d3ab72538025d4e726a236
2557,train,run5|7b2da996e19af00e7a8956b7
2558,val,run5|351a28b6e31cde137c22ac15
2559,test,run5|3b9b24df98cd8cad7077e254
2560,val,run5|6ac88f101c1c7b63e5e33bba
2561,test,run5|eb4ca936993d2d2be20ec6e3
2562,test,run5|2b9fba0c464f5b287d6a2a4b
2563,test,run5|e08f21e43644f1c36710222f
2564,val,run5|e53771770e8865e17ac114f0
2565,train,run5|d65c2866abb6d3a3e104d86b
2566,train,run5|f348838032ffa84cdd1ad2ae
2567,train,run5|3a6d9c24a97dea89664e2d16
2568,train,run5|5f80b4d59bbacdf47ec71f18
2569,test,run5|9459a646aa348b249387626e
2570,train,run5|ed312f31b425ad71de674bd6
2571,train,run5|b52d496ee91a13b7963c5c68
2572,train,run5|970151aeab0cb24be633af3d
2573,train,run5|cef6deb51a31598ddf8b6e8e
2574,train,run5|3c1fcb9bee0869197c5eca16
2575,train,run5|ef7159336f2b7040d4b7adb1
2576,train,run5|424fcb8df431aae46be7f4ea
2577,val,run5|555d564f5d0950f24d0df093
2578,test,run5|0bb4ff4d9e4d29adfd273e28
2579,train,run5|bb4b76021635c027330252ef
2580,test,run5|efc1cdbbf9f2383397a9bfe5
2581,train,run5|0db9e2722e6362ebb4add581
2582,test,run5|fa24b8c11d60b363796545ef
2583,val,run5|1208ef84c59ebc9c93c1a1e4
2584,val,run5|0a3f719f2bd5cfc0fd306d13
2585,train,run5|f9045e2095519de96baadf5f
2586,train,run5|f84bdf1bdaebe60bc40c5b64
2587,val,run5|62fd46e7e5b7dedd10d7708d
2588,train,run5|7d8ea760becd1f0c2912883a
2589,train,run5|482d1b0da80184deffb61cd4
2590,train,run5|66c69414ba91191b1dfccc8f
2591,train,run5|e03e0316e9a72951f48b5a18
2592,test,run5|bfb4062c6db19a1a3941f79d
2593,train,run5|760720c86a2178ca016235a9
2594,train,run5|dddfc6ffe37426766d2ae1b4
2595,train,run5|4d2b86a2ea35e1e16c25e442
2596,train,run5|ecc9778108733b002fff0acd
2597,train,run5|140f6b31b0e9896dbfd62936
2598,train,run5|f0110e50a07484a5ef2c48d2
2599,val,run5|598c8c8c940234e5924cf667
2600,train,run5|1fac0591b1bf7f84878f678d
2601,test,run5|6c69c76c2ad3284f5c81a7c3
2602,train,run5|2a07f5afa146df728a36e97b
2603,test,run5|5c1ed54f9875a172af42ce6a
2604,val,run5|0f1f155b4823d186f2f868ca
2605,train,run5|663bdb047633df6fe8fd5fd2
2606,train,run5|2abfbfb8a213f64b3bc85572
2607,train,run5|28e11bafc99180942b0cd833
2608,train,run5|aa5743706f7bd593173d0a41
2609,train,run5|7be6b42f732dc7591008c7cd
2610,val,run5|b639ec50a0517e86ab9e3d91
2611,train,run5|f6aea2c9d9623ee4dee06b5d
2612,train,run5|2f7dcc6bca0f0bd635461dd2
2613,train,run5|3d759fede7b34933a39b7a83
2614,train,run5|6cb91cd5ba032604eb0ab5fa
2615,val,run5|271db0b8f3b8eb650b61430e
2616,train,run5|94c020d825b3e4cd52b2b9f2
2617,test,run5|c4795fbdc5a1a9344069afa9
2618,test,run5|10a570c1d63f22dc435b9e1e
2619,test,run5|44d3ab72538025d4e726a236
2620,train,run5|7b2da996e19af00e7a8956b7
2621,val,run5|351a28b6e31cde137c22ac15
2622,test,run5|3b9b24df98cd8cad7077e254
2623,val,run5|6ac88f101c1c7b63e5e33bba
2624,test,run5|eb4ca936993d2d2be20ec6e3
2625,test,run5|2b9fba0c464f5b287d6a2a4b
2626,test,run5|e08f21e43644f1c36710222f
2627,val,run5|e53771770e8865e17ac114f0
2628,train,run5|d65c2866abb6d3a3e104d86b
2629,train,run5|f348838032ffa84cdd1ad2ae
2630,train,run5|3a6d9c24a97dea89664e2d16
2631,train,run5|5f80b4d59bbacdf47ec71f18
2632,test,run5|9459a646aa348b249387626e
2633,train,run5|ed312f31b425ad71de674bd6
2634,train,run5|b52d496ee91a13b7963c5c68
2635,train,run5|970151aeab0cb24be633af3d
2636,train,run5|cef6deb51a31598ddf8b6e8e
2637,train,run5|3c1fcb9bee0869197c5eca16
2638,train,run5|ef7159336f2b7040d4b7adb1
2639,train,run5|424fcb8df431aae46be7f4ea
2640,val,run5|555d564f5d0950f24d0df093
2641,test,run5|0bb4ff4d9e4d29adfd273e28
2642,train,run5|bb4b76021635c027330252ef
2643,test,run5|efc1cdbbf9f2383397a9bfe5
2644,train,run5|0db9e2722e6362ebb4add581
2645,test,run5|fa24b8c11d60b363796545ef
2646,val,run5|1208ef84c59ebc9c93c1a1e4
2647,val,run5|0a3f719f2bd5cfc0fd306d13
2648,train,run5|f9045e2095519de96baadf5f
2649,train,run5|f84bdf1bdaebe60bc40c5b64
2650,val,run5|62fd46e7e5b7dedd10d7708d
2651,train,run5|7d8ea760becd1f0c2912883a
2652,train,run5|482d1b0da80184deffb61cd4
2653,train,run5|66c69414ba91191b1dfccc8f
2654,train,run5|e03e0316e9a72951f48b5a18
2655,test,run5|bfb4062c6db19a1a3941f79d
2656,train,run5|760720c86a2178ca016235a9
2657,train,run5|dddfc6ffe37426766d2ae1b4
2658,train,run5|4d2b86a2ea35e1e16c25e442
2659,train,run5|ecc9778108733b002fff0acd
2660,train,run5|140f6b31b0e9896dbfd62936
2661,train,run5|f0110e50a07484a5ef2c48d2
2662,val,run5|598c8c8c940234e5924cf667
2663,train,run5|1fac0591b1bf7f84878f678d
2664,test,run5|6c69c76c2ad3284f5c81a7c3
2665,train,run5|2a07f5afa146df728a36e97b
2666,test,run5|5c1ed54f9875a172af42ce6a
2667,val,run5|0f1f155b4823d186f2f868ca
2668,train,run5|663bdb047633df6fe8fd5fd2
2669,train,run5|2abfbfb8a213f64b3bc85572
2670,train,run5|28e11bafc99180942b0cd833
2671,train,run5|aa5743706f7bd593173d0a41
2672,train,run5|7be6b42f732dc7591008c7cd
2673,val,run5|b639ec50a0517e86ab9e3d91
2674,train,run5|f6aea2c9d9623ee4dee06b5d
2675,train,run5|2f7dcc6bca0f0bd635461dd2
2676,train,run5|3d759fede7b34933a39b7a83
2677,train,run5|6cb91cd5ba032604eb0ab5fa
2678,val,run5|271db0b8f3b8eb650b61430e
2679,train,run5|94c020d825b3e4cd52b2b9f2
2680,test,run5|c4795fbdc5a1a9344069afa9
2681,test,run5|10a570c1d63f22dc435b9e1e
2682,test,run5|44d3ab72538025d4e726a236
2683,train,run5|7b2da996e19af00e7a8956b7
2684,val,run5|351a28b6e31cde137c22ac15
2685,test,run5|3b9b24df98cd8cad7077e254
2686,val,run5|6ac88f101c1c7b63e5e33bba
2687,test,run5|eb4ca936993d2d2be20ec6e3
2688,test,run5|2b9fba0c464f5b287d6a2a4b
2689,test,run5|e08f21e43644f1c36710222f
2690,val,run5|e53771770e8865e17ac114f0
2691,train,run5|d65c2866abb6d3a3e104d86b
2692,train,run5|f348838032ffa84cdd1ad2ae
2693,train,run5|3a6d9c24a97dea89664e2d16
2694,train,run5|5f80b4d59bbacdf47ec71f18
2695,test,run5|9459a646aa348b249387626e
2696,train,run5|ed312f31b425ad71de674bd6
2697,train,run5|b52d496ee91a13b7963c5c68
2698,train,run5|970151aeab0cb24be633af3d
2699,train,run5|cef6deb51a31598ddf8b6e8e
2700,train,run5|3c1fcb9bee0869197c5eca16
2701,train,run5|ef7159336f2b7040d4b7adb1
2702,train,run5|424fcb8df431aae46be7f4ea
2703,val,run5|555d564f5d0950f24d0df093
2704,test,run5|0bb4ff4d9e4d29adfd273e28
2705,train,run5|bb4b76021635c027330252ef
2706,test,run5|efc1cdbbf9f2383397a9bfe5
2707,train,run5|0db9e2722e6362ebb4add581
2708,test,run5|fa24b8c11d60b363796545ef
2709,val,run5|1208ef84c59ebc9c93c1a1e4
2710,val,run5|0a3f719f2bd5cfc0fd306d13
2711,train,run5|f9045e2095519de96baadf5f
2712,train,run5|f84bdf1bdaebe60bc40c5b64
2713,val,run5|62fd46e7e5b7dedd10d7708d
2714,train,run5|7d8ea760becd1f0c2912883a
2715,train,run5|482d1b0da80184deffb61cd4
2716,train,run5|66c69414ba91191b1dfccc8f
2717,train,run5|e03e0316e9a72951f48b5a18
2718,test,run5|bfb4062c6db19a1a3941f79d
2719,train,run5|760720c86a2178ca016235a9
2720,train,run5|dddfc6ffe37426766d2ae1b4
2721,train,run5|4d2b86a2ea35e1e16c25e442
2722,train,run5|ecc9778108733b002fff0acd
2723,train,run5|140f6b31b0e9896dbfd62936
2724,train,run5|f0110e50a07484a5ef2c48d2
2725,val,run5|598c8c8c940234e5924cf667
2726,train,run5|1fac0591b1bf7f84878f678d
2727,test,run5|6c69c76c2ad3284f5c81a7c3
2728,train,run5|2a07f5afa146df728a36e97b
2729,test,run5|5c1ed54f9875a172af42ce6a
2730,val,run5|0f1f155b4823d186f2f868ca
2731,train,run5|663bdb047633df6fe8fd5fd2
2732,train,run5|2abfbfb8a213f64b3bc85572
2733,train,run5|28e11bafc99180942b0cd833
2734,train,run5|aa5743706f7bd593173d0a41
2735,train,run5|73d06bc381c1220f7c903544
2736,train,run5|931c8ba50bcdbaace25cd61c
2737,train,run5|5f6595174b4ce189dca22550
2738,train,run5|b9ab6c19268f67c1e776dda4
2739,train,run5|7be6b42f732dc7591008c7cd
2740,val,run5|b639ec50a0517e86ab9e3d91
2741,train,run5|f6aea2c9d9623ee4dee06b5d
2742,train,run5|2f7dcc6bca0f0bd635461dd2
2743,train,run5|3d759fede7b34933a39b7a83
2744,train,run5|6cb91cd5ba032604eb0ab5fa
2745,val,run5|271db0b8f3b8eb650b61430e
2746,train,run5|94c020d825b3e4cd52b2b9f2
2747,test,run5|c4795fbdc5a1a9344069afa9
2748,test,run5|10a570c1d63f22dc435b9e1e
2749,test,run5|44d3ab72538025d4e726a236
2750,train,run5|7b2da996e19af00e7a8956b7
2751,val,run5|351a28b6e31cde137c22ac15
2752,test,run5|3b9b24df98cd8cad7077e254
2753,val,run5|6ac88f101c1c7b63e5e33bba
2754,test,run5|eb4ca936993d2d2be20ec6e3
2755,test,run5|2b9fba0c464f5b287d6a2a4b
2756,test,run5|e08f21e43644f1c36710222f
2757,val,run5|e53771770e8865e17ac114f0
2758,train,run5|d65c2866abb6d3a3e104d86b
2759,train,run5|f348838032ffa84cdd1ad2ae
2760,train,run5|3a6d9c24a97dea89664e2d16
2761,train,run5|5f80b4d59bbacdf47ec71f18
2762,test,run5|9459a646aa348b249387626e
2763,train,run5|ed312f31b425ad71de674bd6
2764,train,run5|b52d496ee91a13b7963c5c68
2765,train,run5|970151aeab0cb24be633af3d
2766,train,run5|cef6deb51a31598ddf8b6e8e
2767,train,run5|3c1fcb9bee0869197c5eca16
2768,train,run5|ef7159336f2b7040d4b7adb1
2769,train,run5|424fcb8df431aae46be7f4ea
2770,val,run5|555d564f5d0950f24d0df093
2771,test,run5|0bb4ff4d9e4d29adfd273e28
2772,train,run5|bb4b76021635c027330252ef
2773,test,run5|efc1cdbbf9f2383397a9bfe5
2774,train,run5|0db9e2722e6362ebb4add581
2775,test,run5|fa24b8c11d60b363796545ef
2776,val,run5|1208ef84c59ebc9c93c1a1e4
2777,val,run5|0a3f719f2bd5cfc0fd306d13
2778,train,run5|f9045e2095519de96baadf5f
2779,train,run5|f84bdf1bdaebe60bc40c5b64
2780,val,run5|62fd46e7e5b7dedd10d7708d
2781,train,run5|7d8ea760becd1f0c2912883a
2782,train,run5|482d1b0da80184deffb61cd4
2783,train,run5|66c69414ba91191b1dfccc8f
2784,train,run5|e03e0316e9a72951f48b5a18
2785,test,run5|bfb4062c6db19a1a3941f79d
2786,train,run5|760720c86a2178ca016235a9
2787,train,run5|dddfc6ffe37426766d2ae1b4
2788,train,run5|4d2b86a2ea35e1e16c25e442
2789,train,run5|ecc9778108733b002fff0acd
2790,train,run5|140f6b31b0e9896dbfd62936
2791,train,run5|f0110e50a07484a5ef2c48d2
2792,val,run5|598c8c8c940234e5924cf667
2793,train,run5|1fac0591b1bf7f84878f678d
2794,test,run5|6c69c76c2ad3284f5c81a7c3
2795,train,run5|2a07f5afa146df728a36e97b
2796,test,run5|5c1ed54f9875a172af42ce6a
2797,val,run5|0f1f155b4823d186f2f868ca
2798,train,run5|663bdb047633df6fe8fd5fd2
2799,train,run5|2abfbfb8a213f64b3bc85572
2800,train,run5|28e11bafc99180942b0cd833
2801,train,run5|aa5743706f7bd593173d0a41
2802,val,run5|6abf933074a1f708b6d007db
2803,val,run5|4771f46b5a34d031883b8c64
2804,train,run5|7be6b42f732dc7591008c7cd
2805,val,run5|b639ec50a0517e86ab9e3d91
2806,train,run5|f6aea2c9d9623ee4dee06b5d
2807,train,run5|2f7dcc6bca0f0bd635461dd2
2808,train,run5|3d759fede7b34933a39b7a83
2809,train,run5|6cb91cd5ba032604eb0ab5fa
2810,val,run5|271db0b8f3b8eb650b61430e
2811,train,run5|94c020d825b3e4cd52b2b9f2
2812,test,run5|c4795fbdc5a1a9344069afa9
2813,test,run5|10a570c1d63f22dc435b9e1e
2814,test,run5|44d3ab72538025d4e726a236
2815,train,run5|7b2da996e19af00e7a8956b7
2816,val,run5|351a28b6e31cde137c22ac15
2817,test,run5|3b9b24df98cd8cad7077e254
2818,val,run5|6ac88f101c1c7b63e5e33bba
2819,test,run5|eb4ca936993d2d2be20ec6e3
2820,test,run5|2b9fba0c464f5b287d6a2a4b
2821,test,run5|e08f21e43644f1c36710222f
2822,val,run5|e53771770e8865e17ac114f0
2823,train,run5|d65c2866abb6d3a3e104d86b
2824,train,run5|f348838032ffa84cdd1ad2ae
2825,train,run5|3a6d9c24a97dea89664e2d16
2826,train,run5|5f80b4d59bbacdf47ec71f18
2827,test,run5|9459a646aa348b249387626e
2828,train,run5|ed312f31b425ad71de674bd6
2829,train,run5|b52d496ee91a13b7963c5c68
2830,train,run5|970151aeab0cb24be633af3d
2831,train,run5|cef6deb51a31598ddf8b6e8e
2832,train,run5|3c1fcb9bee0869197c5eca16
2833,train,run5|ef7159336f2b7040d4b7adb1
2834,train,run5|424fcb8df431aae46be7f4ea
2835,val,run5|555d564f5d0950f24d0df093
2836,test,run5|0bb4ff4d9e4d29adfd273e28
2837,train,run5|bb4b76021635c027330252ef
2838,test,run5|efc1cdbbf9f2383397a9bfe5
2839,train,run5|0db9e2722e6362ebb4add581
2840,test,run5|fa24b8c11d60b363796545ef
2841,val,run5|1208ef84c59ebc9c93c1a1e4
2842,val,run5|0a3f719f2bd5cfc0fd306d13
2843,train,run5|f9045e2095519de96baadf5f
2844,train,run5|f84bdf1bdaebe60bc40c5b64
2845,val,run5|62fd46e7e5b7dedd10d7708d
2846,train,run5|7d8ea760becd1f0c2912883a
2847,train,run5|482d1b0da80184deffb61cd4
2848,train,run5|66c69414ba91191b1dfccc8f
2849,train,run5|e03e0316e9a72951f48b5a18
2850,test,run5|bfb4062c6db19a1a3941f79d
2851,train,run5|760720c86a2178ca016235a9
2852,train,run5|dddfc6ffe37426766d2ae1b4
2853,train,run5|4d2b86a2ea35e1e16c25e442
2854,train,run5|ecc9778108733b002fff0acd
2855,train,run5|140f6b31b0e9896dbfd62936
2856,train,run5|f0110e50a07484a5ef2c48d2
2857,val,run5|598c8c8c940234e5924cf667
2858,train,run5|1fac0591b1bf7f84878f678d
2859,test,run5|6c69c76c2ad3284f5c81a7c3
2860,train,run5|2a07f5afa146df728a36e97b
2861,test,run5|5c1ed54f9875a172af42ce6a
2862,val,run5|0f1f155b4823d186f2f868ca
2863,train,run5|663bdb047633df6fe8fd5fd2
2864,train,run5|2abfbfb8a213f64b3bc85572
2865,train,run5|28e11bafc99180942b0cd833
2866,train,run5|aa5743706f7bd593173d0a41
2867,train,run5|3c0555c41753f5ac1947ddb8
2868,train,run5|9ff17c688f61db78cc85ace6
2869,train,run6|d386e4d05d74450028c8d358
2870,train,run6|49e842a73a79619c6f537050
2871,train,run6|fd7d0bea952f1476af763b2a
2872,train,run6|cdb2dec9905603bc31aeb66b
2873,train,run6|620d0f4a41c9cfef9f86a38a
2874,train,run6|e625260d586e440ca7aa3df2
2875,val,run6|fbf05ebf9b03241bab888089
2876,train,run6|ce70393a0364c518da94355f
2877,val,run6|6c6f1c31480d22cfd9b188bb
2878,test,run6|5fdda31cc4f17a91d4f1a60c
2879,test,run6|bf254f341af08442a10d0b8d
2880,test,run6|a18a526699bee65ef7e47ff8
2881,train,run6|2b796d0b05464183069219ff
2882,test,run6|5748d8f8433cc666e21b9bb5
2883,val,run6|209e8c279795630e48c34c06
2884,val,run6|48a02fa643afa88d2502f86c
2885,test,run6|fb81340a9d41fe5cfc31a62e
2886,val,run6|245518eccb2f50ec8405d9d9
2887,train,run6|a68107f374988b428f3d377a
2888,train,run6|cecad3893006e0ad678fdfc5
2889,test,run6|fe8aa10a4af9bc4161ff8b1b
2890,train,run6|e7ec26c3c983083b485028bb
2891,test,run6|9c7e9fbcf00306fa245d0077
2892,val,run6|127ef7c7d81da4a7f7afa483
2893,val,run6|f39e0dc20782c455226bedac
2894,val,run6|3df38758c6dbc2df59d20246
2895,train,run6|1a9ff0d11c12e2298d2a0882
2896,test,run6|3ade97cc7bc8b1654d554c7e
2897,train,run6|cfeded63d5f9a41d20cab443
2898,train,run6|c4e75e06319f6c2a1419070c
2899,train,run6|bbfbf2730d4a75c76c62bc9c
2900,test,run6|ac2a2820b71d7d1c88a1581f
2901,train,run6|e12b8463532cc6f541870122
2902,train,run6|3db96e8b163f39078ecb7773
2903,train,run6|370ecae2fdde217afc64339e
2904,test,run6|f45673f4c651bdc48e9932d8
2905,train,run6|c5c0d65d6fcc7fc1a4bb4944
2906,test,run6|1b2168190ba959f68a6f8197
2907,val,run6|af5293393549b12376d0aa40
2908,test,run6|2a27784df4d8ff16651996d1
2909,test,run6|ad3b8e8aae7cac23e01f5c21
2910,train,run6|4d09358ce55afb7001724917
2911,train,run6|d283013dd2f897f57f5c61e3
2912,train,run6|1601d245cfcec738b8330445
2913,test,run6|c300927839f9dfcdac24ec72
2914,train,run6|d39d0303fd7d1195486a1874
2915,train,run6|0ed3e810cdf93fab1cfbe20d
2916,train,run6|d8a514a193261a840642c68f
2917,train,run6|967083865b8df4f94bc347be
2918,train,run6|4c7636a73fd3d76c2ba03dc9
2919,test,run6|7bfa7182b58e80e1489e2079
2920,val,run6|9bc5b891cdf53f249529e25b
2921,train,run6|9ed071ee5935fbc1698e8cd3
2922,val,run6|9fa722c5ff490e6107953c6a
2923,train,run6|3b7ba6b1d303214a27d8dd4b
2924,val,run6|7fd7f3fbc1c14a41c99c3dc2
2925,val,run6|555514b55b06a6a8d38d3afe
2926,train,run6|d70c597398109e006d9412a3
2927,test,run6|8609d7812f20b30d92cb8afb
2928,train,run6|845b778390e0de3e085a2464
2929,val,run6|dfdc7461b1fb7a465c98ce46
2930,train,run6|3395ff4d784c1a3c51621cb0
2931,train,run6|8d61ffc3deb635927ff7a2f3
2932,train,run6|1514124c479e48d1912eda21
2933,test,run6|c838624dcf6d186c05f99fad
2934,train,run6|47035d2b5ca8df7c82e13d16
2935,train,run6|41086b2f4970819de5ba96df
2936,train,run6|ff1874c2701aa2f029c3f156
2937,train,run6|81168e02be9ee4afec205566
2938,train,run6|0c8cffdca5996e8d0a0af007
2939,train,run6|0182d94be00dd749bf5e14bf
2940,train,run6|6d0db544dc7e50eaa2238dff
2941,val,run6|8e0637557969171ad952f0b4
2942,test,run6|5dcfa5ba33a82e5a42837c3a
2943,test,run6|3af3b3148d399928980ee113
2944,test,run6|280f035ceb771527a04bec5c
2945,train,run6|8bd547f800962dfb1ab48f72
2946,test,run6|3e82b8738b23994adeb64947
2947,test,run6|1f234b8d34f7251791c0bbc1
2948,train,run6|d386e4d05d74450028c8d358
2949,train,run6|49e842a73a79619c6f537050
2950,train,run6|fd7d0bea952f1476af763b2a
2951,train,run6|cdb2dec9905603bc31aeb66b
2952,train,run6|620d0f4a41c9cfef9f86a38a
2953,train,run6|e625260d586e440ca7aa3df2
2954,val,run6|fbf05ebf9b03241bab888089
2955,train,run6|ce70393a0364c518da94355f
2956,val,run6|6c6f1c31480d22cfd9b188bb
2957,test,run6|5fdda31cc4f17a91d4f1a60c
2958,test,run6|bf254f341af08442a10d0b8d
2959,test,run6|a18a526699bee65ef7e47ff8
2960,train,run6|2b796d0b05464183069219ff
2961,test,run6|5748d8f8433cc666e21b9bb5
2962,val,run6|209e8c279795630e48c34c06
2963,val,run6|48a02fa643afa88d2502f86c
2964,test,run6|fb81340a9d41fe5cfc31a62e
2965,val,run6|245518eccb2f50ec8405d9d9
2966,train,run6|a68107f374988b428f3d377a
2967,train,run6|cecad3893006e0ad678fdfc5
2968,test,run6|fe8aa10a4af9bc4161ff8b1b
2969,train,run6|e7ec26c3c983083b485028bb
2970,test,run6|9c7e9fbcf00306fa245d0077
2971,val,run6|127ef7c7d81da4a7f7afa483
2972,val,run6|f39e0dc20782c455226bedac
2973,val,run6|3df38758c6dbc2df59d20246
2974,train,run6|1a9ff0d11c12e2298d2a0882
2975,test,run6|3ade97cc7bc8b1654d554c7e
2976,train,run6|cfeded63d5f9a41d20cab443
2977,train,run6|c4e75e06319f6c2a1419070c
2978,train,run6|bbfbf2730d4a75c76c62bc9c
2979,test,run6|ac2a2820b71d7d1c88a1581f
2980,train,run6|e12b8463532cc6f541870122
2981,train,run6|3db96e8b163f39078ecb7773
2982,train,run6|370ecae2fdde217afc64339e
2983,test,run6|f45673f4c651bdc48e9932d8
2984,train,run6|c5c0d65d6fcc7fc1a4bb4944
2985,test,run6|1b2168190ba959f68a6f8197
2986,val,run6|af5293393549b12376d0aa40
2987,test,run6|2a27784df4d8ff16651996d1
2988,test,run6|ad3b8e8aae7cac23e01f5c21
2989,train,run6|4d09358ce55afb7001724917
2990,train,run6|d283013dd2f897f57f5c61e3
2991,train,run6|1601d245cfcec738b8330445
2992,test,run6|c300927839f9dfcdac24ec72
2993,train,run6|d39d0303fd7d1195486a1874
2994,train,run6|0ed3e810cdf93fab1cfbe20d
2995,train,run6|d8a514a193261a840642c68f
2996,train,run6|967083865b8df4f94bc347be
2997,train,run6|4c7636a73fd3d76c2ba03dc9
2998,test,run6|7bfa7182b58e80e1489e2079
2999,val,run6|9bc5b891cdf53f249529e25b
3000,train,run6|9ed071ee5935fbc1698e8cd3
3001,val,run6|9fa722c5ff490e6107953c6a
3002,train,run6|3b7ba6b1d303214a27d8dd4b
3003,val,run6|7fd7f3fbc1c14a41c99c3dc2
3004,val,run6|555514b55b06a6a8d38d3afe
3005,train,run6|d70c597398109e006d9412a3
3006,test,run6|8609d7812f20b30d92cb8afb
3007,train,run6|845b778390e0de3e085a2464
3008,val,run6|dfdc7461b1fb7a465c98ce46
3009,train,run6|3395ff4d784c1a3c51621cb0
3010,train,run6|8d61ffc3deb635927ff7a2f3
3011,train,run6|d386e4d05d74450028c8d358
3012,train,run6|49e842a73a79619c6f537050
3013,train,run6|fd7d0bea952f1476af763b2a
3014,train,run6|cdb2dec9905603bc31aeb66b
3015,train,run6|620d0f4a41c9cfef9f86a38a
3016,train,run6|e625260d586e440ca7aa3df2
3017,val,run6|fbf05ebf9b03241bab888089
3018,train,run6|ce70393a0364c518da94355f
3019,val,run6|6c6f1c31480d22cfd9b188bb
3020,test,run6|5fdda31cc4f17a91d4f1a60c
3021,test,run6|bf254f341af08442a10d0b8d
3022,test,run6|a18a526699bee65ef7e47ff8
3023,train,run6|2b796d0b05464183069219ff
3024,test,run6|5748d8f8433cc666e21b9bb5
3025,val,run6|209e8c279795630e48c34c06
3026,val,run6|48a02fa643afa88d2502f86c
3027,test,run6|fb81340a9d41fe5cfc31a62e
3028,val,run6|245518eccb2f50ec8405d9d9
3029,train,run6|a68107f374988b428f3d377a
3030,train,run6|cecad3893006e0ad678fdfc5
3031,test,run6|fe8aa10a4af9bc4161ff8b1b
3032,train,run6|e7ec26c3c983083b485028bb
3033,test,run6|9c7e9fbcf00306fa245d0077
3034,val,run6|127ef7c7d81da4a7f7afa483
3035,val,run6|f39e0dc20782c455226bedac
3036,val,run6|3df38758c6dbc2df59d20246
3037,train,run6|1a9ff0d11c12e2298d2a0882
3038,test,run6|3ade97cc7bc8b1654d554c7e
3039,train,run6|cfeded63d5f9a41d20cab443
3040,train,run6|c4e75e06319f6c2a1419070c
3041,train,run6|bbfbf2730d4a75c76c62bc9c
3042,test,run6|ac2a2820b71d7d1c88a1581f
3043,train,run6|e12b8463532cc6f541870122
3044,train,run6|3db96e8b163f39078ecb7773
3045,train,run6|370ecae2fdde217afc64339e
3046,test,run6|f45673f4c651bdc48e9932d8
3047,train,run6|c5c0d65d6fcc7fc1a4bb4944
3048,test,run6|1b2168190ba959f68a6f8197
3049,val,run6|af5293393549b12376d0aa40
3050,test,run6|2a27784df4d8ff16651996d1
3051,test,run6|ad3b8e8aae7cac23e01f5c21
3052,train,run6|4d09358ce55afb7001724917
3053,train,run6|d283013dd2f897f57f5c61e3
3054,train,run6|1601d245cfcec738b8330445
3055,test,run6|c300927839f9dfcdac24ec72
3056,train,run6|d39d0303fd7d1195486a1874
3057,train,run6|0ed3e810cdf93fab1cfbe20d
3058,train,run6|d8a514a193261a840642c68f
3059,train,run6|967083865b8df4f94bc347be
3060,train,run6|4c7636a73fd3d76c2ba03dc9
3061,test,run6|7bfa7182b58e80e1489e2079
3062,val,run6|9bc5b891cdf53f249529e25b
3063,train,run6|9ed071ee5935fbc1698e8cd3
3064,val,run6|9fa722c5ff490e6107953c6a
3065,train,run6|3b7ba6b1d303214a27d8dd4b
3066,val,run6|7fd7f3fbc1c14a41c99c3dc2
3067,val,run6|555514b55b06a6a8d38d3afe
3068,train,run6|d70c597398109e006d9412a3
3069,test,run6|8609d7812f20b30d92cb8afb
3070,train,run6|845b778390e0de3e085a2464
3071,val,run6|dfdc7461b1fb7a465c98ce46
3072,train,run6|3395ff4d784c1a3c51621cb0
3073,train,run6|8d61ffc3deb635927ff7a2f3
3074,train,run6|d386e4d05d74450028c8d358
3075,train,run6|49e842a73a79619c6f537050
3076,train,run6|fd7d0bea952f1476af763b2a
3077,train,run6|cdb2dec9905603bc31aeb66b
3078,train,run6|620d0f4a41c9cfef9f86a38a
3079,train,run6|e625260d586e440ca7aa3df2
3080,val,run6|fbf05ebf9b03241bab888089
3081,train,run6|ce70393a0364c518da94355f
3082,val,run6|6c6f1c31480d22cfd9b188bb
3083,test,run6|5fdda31cc4f17a91d4f1a60c
3084,test,run6|bf254f341af08442a10d0b8d
3085,test,run6|a18a526699bee65ef7e47ff8
3086,train,run6|2b796d0b05464183069219ff
3087,test,run6|5748d8f8433cc666e21b9bb5
3088,val,run6|209e8c279795630e48c34c06
3089,val,run6|48a02fa643afa88d2502f86c
3090,test,run6|fb81340a9d41fe5cfc31a62e
3091,val,run6|245518eccb2f50ec8405d9d9
3092,train,run6|a68107f374988b428f3d377a
3093,train,run6|cecad3893006e0ad678fdfc5
3094,test,run6|fe8aa10a4af9bc4161ff8b1b
3095,train,run6|e7ec26c3c983083b485028bb
3096,test,run6|9c7e9fbcf00306fa245d0077
3097,val,run6|127ef7c7d81da4a7f7afa483
3098,val,run6|f39e0dc20782c455226bedac
3099,val,run6|3df38758c6dbc2df59d20246
3100,train,run6|1a9ff0d11c12e2298d2a0882
3101,test,run6|3ade97cc7bc8b1654d554c7e
3102,train,run6|cfeded63d5f9a41d20cab443
3103,train,run6|c4e75e06319f6c2a1419070c
3104,train,run6|bbfbf2730d4a75c76c62bc9c
3105,test,run6|ac2a2820b71d7d1c88a1581f
3106,train,run6|e12b8463532cc6f541870122
3107,train,run6|3db96e8b163f39078ecb7773
3108,train,run6|370ecae2fdde217afc64339e
3109,test,run6|f45673f4c651bdc48e9932d8
3110,train,run6|c5c0d65d6fcc7fc1a4bb4944
3111,test,run6|1b2168190ba959f68a6f8197
3112,val,run6|af5293393549b12376d0aa40
3113,test,run6|2a27784df4d8ff16651996d1
3114,test,run6|ad3b8e8aae7cac23e01f5c21
3115,train,run6|4d09358ce55afb7001724917
3116,train,run6|d283013dd2f897f57f5c61e3
3117,train,run6|1601d245cfcec738b8330445
3118,test,run6|c300927839f9dfcdac24ec72
3119,train,run6|d39d0303fd7d1195486a1874
3120,train,run6|0ed3e810cdf93fab1cfbe20d
3121,train,run6|d8a514a193261a840642c68f
3122,train,run6|967083865b8df4f94bc347be
3123,train,run6|4c7636a73fd3d76c2ba03dc9
3124,test,run6|7bfa7182b58e80e1489e2079
3125,val,run6|9bc5b891cdf53f249529e25b
3126,train,run6|9ed071ee5935fbc1698e8cd3
3127,val,run6|9fa722c5ff490e6107953c6a
3128,train,run6|3b7ba6b1d303214a27d8dd4b
3129,val,run6|7fd7f3fbc1c14a41c99c3dc2
3130,val,run6|555514b55b06a6a8d38d3afe
3131,train,run6|d70c597398109e006d9412a3
3132,test,run6|8609d7812f20b30d92cb8afb
3133,train,run6|845b778390e0de3e085a2464
3134,val,run6|dfdc7461b1fb7a465c98ce46
3135,train,run6|3395ff4d784c1a3c51621cb0
3136,train,run6|8d61ffc3deb635927ff7a2f3
3137,train,run6|d386e4d05d74450028c8d358
3138,train,run6|49e842a73a79619c6f537050
3139,train,run6|fd7d0bea952f1476af763b2a
3140,train,run6|cdb2dec9905603bc31aeb66b
3141,train,run6|620d0f4a41c9cfef9f86a38a
3142,train,run6|e625260d586e440ca7aa3df2
3143,val,run6|fbf05ebf9b03241bab888089
3144,train,run6|ce70393a0364c518da94355f
3145,val,run6|6c6f1c31480d22cfd9b188bb
3146,test,run6|5fdda31cc4f17a91d4f1a60c
3147,test,run6|bf254f341af08442a10d0b8d
3148,test,run6|a18a526699bee65ef7e47ff8
3149,train,run6|2b796d0b05464183069219ff
3150,test,run6|5748d8f8433cc666e21b9bb5
3151,val,run6|209e8c279795630e48c34c06
3152,val,run6|48a02fa643afa88d2502f86c
3153,test,run6|fb81340a9d41fe5cfc31a62e
3154,val,run6|245518eccb2f50ec8405d9d9
3155,train,run6|a68107f374988b428f3d377a
3156,train,run6|cecad3893006e0ad678fdfc5
3157,test,run6|fe8aa10a4af9bc4161ff8b1b
3158,train,run6|e7ec26c3c983083b485028bb
3159,test,run6|9c7e9fbcf00306fa245d0077
3160,val,run6|127ef7c7d81da4a7f7afa483
3161,val,run6|f39e0dc20782c455226bedac
3162,val,run6|3df38758c6dbc2df59d20246
3163,train,run6|1a9ff0d11c12e2298d2a0882
3164,test,run6|3ade97cc7bc8b1654d554c7e
3165,train,run6|cfeded63d5f9a41d20cab443
3166,train,run6|c4e75e06319f6c2a1419070c
3167,train,run6|bbfbf2730d4a75c76c62bc9c
3168,test,run6|ac2a2820b71d7d1c88a1581f
3169,train,run6|e12b8463532cc6f541870122
3170,train,run6|3db96e8b163f39078ecb7773
3171,train,run6|370ecae2fdde217afc64339e
3172,test,run6|f45673f4c651bdc48e9932d8
3173,train,run6|c5c0d65d6fcc7fc1a4bb4944
3174,test,run6|1b2168190ba959f68a6f8197
3175,val,run6|af5293393549b12376d0aa40
3176,test,run6|2a27784df4d8ff16651996d1
3177,test,run6|ad3b8e8aae7cac23e01f5c21
3178,train,run6|4d09358ce55afb7001724917
3179,train,run6|d283013dd2f897f57f5c61e3
3180,train,run6|1601d245cfcec738b8330445
3181,test,run6|c300927839f9dfcdac24ec72
3182,train,run6|d39d0303fd7d1195486a1874
3183,train,run6|0ed3e810cdf93fab1cfbe20d
3184,train,run6|d8a514a193261a840642c68f
3185,train,run6|967083865b8df4f94bc347be
3186,train,run6|4c7636a73fd3d76c2ba03dc9
3187,test,run6|7bfa7182b58e80e1489e2079
3188,val,run6|9bc5b891cdf53f249529e25b
3189,train,run6|9ed071ee5935fbc1698e8cd3
3190,val,run6|9fa722c5ff490e6107953c6a
3191,train,run6|3b7ba6b1d303214a27d8dd4b
3192,val,run6|7fd7f3fbc1c14a41c99c3dc2
3193,val,run6|555514b55b06a6a8d38d3afe
3194,train,run6|d70c597398109e006d9412a3
3195,test,run6|8609d7812f20b30d92cb8afb
3196,train,run6|845b778390e0de3e085a2464
3197,val,run6|dfdc7461b1fb7a465c98ce46
3198,train,run6|3395ff4d784c1a3c51621cb0
3199,train,run6|8d61ffc3deb635927ff7a2f3
3200,train,run6|d386e4d05d74450028c8d358
3201,train,run6|49e842a73a79619c6f537050
3202,train,run6|fd7d0bea952f1476af763b2a
3203,train,run6|cdb2dec9905603bc31aeb66b
3204,train,run6|620d0f4a41c9cfef9f86a38a
3205,train,run6|e625260d586e440ca7aa3df2
3206,val,run6|fbf05ebf9b03241bab888089
3207,train,run6|ce70393a0364c518da94355f
3208,val,run6|6c6f1c31480d22cfd9b188bb
3209,test,run6|5fdda31cc4f17a91d4f1a60c
3210,test,run6|bf254f341af08442a10d0b8d
3211,test,run6|a18a526699bee65ef7e47ff8
3212,train,run6|2b796d0b05464183069219ff
3213,test,run6|5748d8f8433cc666e21b9bb5
3214,val,run6|209e8c279795630e48c34c06
3215,val,run6|48a02fa643afa88d2502f86c
3216,test,run6|fb81340a9d41fe5cfc31a62e
3217,val,run6|245518eccb2f50ec8405d9d9
3218,train,run6|a68107f374988b428f3d377a
3219,train,run6|cecad3893006e0ad678fdfc5
3220,test,run6|fe8aa10a4af9bc4161ff8b1b
3221,train,run6|e7ec26c3c983083b485028bb
3222,test,run6|9c7e9fbcf00306fa245d0077
3223,val,run6|127ef7c7d81da4a7f7afa483
3224,val,run6|f39e0dc20782c455226bedac
3225,val,run6|3df38758c6dbc2df59d20246
3226,train,run6|1a9ff0d11c12e2298d2a0882
3227,test,run6|3ade97cc7bc8b1654d554c7e
3228,train,run6|cfeded63d5f9a41d20cab443
3229,train,run6|c4e75e06319f6c2a1419070c
3230,train,run6|bbfbf2730d4a75c76c62bc9c
3231,test,run6|ac2a2820b71d7d1c88a1581f
3232,train,run6|e12b8463532cc6f541870122
3233,train,run6|3db96e8b163f39078ecb7773
3234,train,run6|370ecae2fdde217afc64339e
3235,test,run6|f45673f4c651bdc48e9932d8
3236,train,run6|c5c0d65d6fcc7fc1a4bb4944
3237,test,run6|1b2168190ba959f68a6f8197
3238,val,run6|af5293393549b12376d0aa40
3239,test,run6|2a27784df4d8ff16651996d1
3240,test,run6|ad3b8e8aae7cac23e01f5c21
3241,train,run6|4d09358ce55afb7001724917
3242,train,run6|d283013dd2f897f57f5c61e3
3243,train,run6|1601d245cfcec738b8330445
3244,test,run6|c300927839f9dfcdac24ec72
3245,train,run6|d39d0303fd7d1195486a1874
3246,train,run6|0ed3e810cdf93fab1cfbe20d
3247,train,run6|d8a514a193261a840642c68f
3248,train,run6|967083865b8df4f94bc347be
3249,train,run6|4c7636a73fd3d76c2ba03dc9
3250,test,run6|7bfa7182b58e80e1489e2079
3251,val,run6|9bc5b891cdf53f249529e25b
3252,train,run6|9ed071ee5935fbc1698e8cd3
3253,val,run6|9fa722c5ff490e6107953c6a
3254,train,run6|3b7ba6b1d303214a27d8dd4b
3255,val,run6|7fd7f3fbc1c14a41c99c3dc2
3256,val,run6|555514b55b06a6a8d38d3afe
3257,train,run6|d70c597398109e006d9412a3
3258,test,run6|8609d7812f20b30d92cb8afb
3259,train,run6|845b778390e0de3e085a2464
3260,val,run6|dfdc7461b1fb7a465c98ce46
3261,train,run6|3395ff4d784c1a3c51621cb0
3262,train,run6|8d61ffc3deb635927ff7a2f3
3263,train,run6|d386e4d05d74450028c8d358
3264,train,run6|49e842a73a79619c6f537050
3265,train,run6|fd7d0bea952f1476af763b2a
3266,train,run6|cdb2dec9905603bc31aeb66b
3267,train,run6|620d0f4a41c9cfef9f86a38a
3268,train,run6|e625260d586e440ca7aa3df2
3269,val,run6|fbf05ebf9b03241bab888089
3270,train,run6|ce70393a0364c518da94355f
3271,val,run6|6c6f1c31480d22cfd9b188bb
3272,test,run6|5fdda31cc4f17a91d4f1a60c
3273,test,run6|bf254f341af08442a10d0b8d
3274,test,run6|a18a526699bee65ef7e47ff8
3275,train,run6|2b796d0b05464183069219ff
3276,test,run6|5748d8f8433cc666e21b9bb5
3277,val,run6|209e8c279795630e48c34c06
3278,val,run6|48a02fa643afa88d2502f86c
3279,test,run6|fb81340a9d41fe5cfc31a62e
3280,val,run6|245518eccb2f50ec8405d9d9
3281,train,run6|a68107f374988b428f3d377a
3282,train,run6|cecad3893006e0ad678fdfc5
3283,test,run6|fe8aa10a4af9bc4161ff8b1b
3284,train,run6|e7ec26c3c983083b485028bb
3285,test,run6|9c7e9fbcf00306fa245d0077
3286,val,run6|127ef7c7d81da4a7f7afa483
3287,val,run6|f39e0dc20782c455226bedac
3288,val,run6|3df38758c6dbc2df59d20246
3289,train,run6|1a9ff0d11c12e2298d2a0882
3290,test,run6|3ade97cc7bc8b1654d554c7e
3291,train,run6|cfeded63d5f9a41d20cab443
3292,train,run6|c4e75e06319f6c2a1419070c
3293,train,run6|bbfbf2730d4a75c76c62bc9c
3294,test,run6|ac2a2820b71d7d1c88a1581f
3295,train,run6|e12b8463532cc6f541870122
3296,train,run6|3db96e8b163f39078ecb7773
3297,train,run6|370ecae2fdde217afc64339e
3298,test,run6|f45673f4c651bdc48e9932d8
3299,train,run6|c5c0d65d6fcc7fc1a4bb4944
3300,test,run6|1b2168190ba959f68a6f8197
3301,val,run6|af5293393549b12376d0aa40
3302,test,run6|2a27784df4d8ff16651996d1
3303,test,run6|ad3b8e8aae7cac23e01f5c21
3304,train,run6|4d09358ce55afb7001724917
3305,train,run6|d283013dd2f897f57f5c61e3
3306,train,run6|1601d245cfcec738b8330445
3307,test,run6|c300927839f9dfcdac24ec72
3308,train,run6|d39d0303fd7d1195486a1874
3309,train,run6|0ed3e810cdf93fab1cfbe20d
3310,train,run6|d8a514a193261a840642c68f
3311,train,run6|967083865b8df4f94bc347be
3312,train,run6|4c7636a73fd3d76c2ba03dc9
3313,test,run6|7bfa7182b58e80e1489e2079
3314,val,run6|9bc5b891cdf53f249529e25b
3315,train,run6|9ed071ee5935fbc1698e8cd3
3316,val,run6|9fa722c5ff490e6107953c6a
3317,train,run6|3b7ba6b1d303214a27d8dd4b
3318,val,run6|7fd7f3fbc1c14a41c99c3dc2
3319,val,run6|555514b55b06a6a8d38d3afe
3320,train,run6|d70c597398109e006d9412a3
3321,test,run6|8609d7812f20b30d92cb8afb
3322,train,run6|845b778390e0de3e085a2464
3323,val,run6|dfdc7461b1fb7a465c98ce46
3324,train,run6|3395ff4d784c1a3c51621cb0
3325,train,run6|8d61ffc3deb635927ff7a2f3
3326,train,run6|d386e4d05d74450028c8d358
3327,train,run6|49e842a73a79619c6f537050
3328,train,run6|fd7d0bea952f1476af763b2a
3329,train,run6|cdb2dec9905603bc31aeb66b
3330,train,run6|620d0f4a41c9cfef9f86a38a
3331,train,run6|e625260d586e440ca7aa3df2
3332,val,run6|fbf05ebf9b03241bab888089
3333,train,run6|ce70393a0364c518da94355f
3334,val,run6|6c6f1c31480d22cfd9b188bb
3335,test,run6|5fdda31cc4f17a91d4f1a60c
3336,test,run6|bf254f341af08442a10d0b8d
3337,test,run6|a18a526699bee65ef7e47ff8
3338,train,run6|2b796d0b05464183069219ff
3339,test,run6|5748d8f8433cc666e21b9bb5
3340,val,run6|209e8c279795630e48c34c06
3341,val,run6|48a02fa643afa88d2502f86c
3342,test,run6|fb81340a9d41fe5cfc31a62e
3343,val,run6|245518eccb2f50ec8405d9d9
3344,train,run6|a68107f374988b428f3d377a
3345,train,run6|cecad3893006e0ad678fdfc5
3346,test,run6|fe8aa10a4af9bc4161ff8b1b
3347,train,run6|e7ec26c3c983083b485028bb
3348,test,run6|9c7e9fbcf00306fa245d0077
3349,val,run6|127ef7c7d81da4a7f7afa483
3350,val,run6|f39e0dc20782c455226bedac
3351,val,run6|3df38758c6dbc2df59d20246
3352,train,run6|1a9ff0d11c12e2298d2a0882
3353,test,run6|3ade97cc7bc8b1654d554c7e
3354,train,run6|cfeded63d5f9a41d20cab443
3355,train,run6|c4e75e06319f6c2a1419070c
3356,train,run6|bbfbf2730d4a75c76c62bc9c
3357,test,run6|ac2a2820b71d7d1c88a1581f
3358,train,run6|e12b8463532cc6f541870122
3359,train,run6|3db96e8b163f39078ecb7773
3360,train,run6|370ecae2fdde217afc64339e
3361,test,run6|f45673f4c651bdc48e9932d8
3362,train,run6|c5c0d65d6fcc7fc1a4bb4944
3363,test,run6|1b2168190ba959f68a6f8197
3364,val,run6|af5293393549b12376d0aa40
3365,test,run6|2a27784df4d8ff16651996d1
3366,test,run6|ad3b8e8aae7cac23e01f5c21
3367,train,run6|4d09358ce55afb7001724917
3368,train,run6|d283013dd2f897f57f5c61e3
3369,train,run6|1601d245cfcec738b8330445
3370,test,run6|c300927839f9dfcdac24ec72
3371,train,run6|d39d0303fd7d1195486a1874
3372,train,run6|0ed3e810cdf93fab1cfbe20d
3373,train,run6|d8a514a193261a840642c68f
3374,train,run6|967083865b8df4f94bc347be
3375,train,run6|4c7636a73fd3d76c2ba03dc9
3376,test,run6|7bfa7182b58e80e1489e2079
3377,val,run6|9bc5b891cdf53f249529e25b
3378,train,run6|9ed071ee5935fbc1698e8cd3
3379,val,run6|9fa722c5ff490e6107953c6a
3380,train,run6|3b7ba6b1d303214a27d8dd4b
3381,val,run6|7fd7f3fbc1c14a41c99c3dc2
3382,val,run6|555514b55b06a6a8d38d3afe
3383,train,run6|d70c597398109e006d9412a3
3384,test,run6|8609d7812f20b30d92cb8afb
3385,train,run6|845b778390e0de3e085a2464
3386,val,run6|dfdc7461b1fb7a465c98ce46
3387,train,run6|3395ff4d784c1a3c51621cb0
3388,train,run6|8d61ffc3deb635927ff7a2f3
3389,train,run6|d386e4d05d74450028c8d358
3390,train,run6|49e842a73a79619c6f537050
3391,train,run6|fd7d0bea952f1476af763b2a
3392,train,run6|cdb2dec9905603bc31aeb66b
3393,train,run6|620d0f4a41c9cfef9f86a38a
3394,train,run6|e625260d586e440ca7aa3df2
3395,val,run6|fbf05ebf9b03241bab888089
3396,train,run6|ce70393a0364c518da94355f
3397,val,run6|6c6f1c31480d22cfd9b188bb
3398,test,run6|5fdda31cc4f17a91d4f1a60c
3399,test,run6|bf254f341af08442a10d0b8d
3400,test,run6|a18a526699bee65ef7e47ff8
3401,train,run6|2b796d0b05464183069219ff
3402,test,run6|5748d8f8433cc666e21b9bb5
3403,val,run6|209e8c279795630e48c34c06
3404,val,run6|48a02fa643afa88d2502f86c
3405,test,run6|fb81340a9d41fe5cfc31a62e
3406,val,run6|245518eccb2f50ec8405d9d9
3407,train,run6|a68107f374988b428f3d377a
3408,train,run6|cecad3893006e0ad678fdfc5
3409,test,run6|fe8aa10a4af9bc4161ff8b1b
3410,train,run6|e7ec26c3c983083b485028bb
3411,test,run6|9c7e9fbcf00306fa245d0077
3412,val,run6|127ef7c7d81da4a7f7afa483
3413,val,run6|f39e0dc20782c455226bedac
3414,val,run6|3df38758c6dbc2df59d20246
3415,train,run6|1a9ff0d11c12e2298d2a0882
3416,test,run6|3ade97cc7bc8b1654d554c7e
3417,train,run6|cfeded63d5f9a41d20cab443
3418,train,run6|c4e75e06319f6c2a1419070c
3419,train,run6|bbfbf2730d4a75c76c62bc9c
3420,test,run6|ac2a2820b71d7d1c88a1581f
3421,train,run6|e12b8463532cc6f541870122
3422,train,run6|3db96e8b163f39078ecb7773
3423,train,run6|370ecae2fdde217afc64339e
3424,test,run6|f45673f4c651bdc48e9932d8
3425,train,run6|c5c0d65d6fcc7fc1a4bb4944
3426,test,run6|1b2168190ba959f68a6f8197
3427,val,run6|af5293393549b12376d0aa40
3428,test,run6|2a27784df4d8ff16651996d1
3429,test,run6|ad3b8e8aae7cac23e01f5c21
3430,train,run6|4d09358ce55afb7001724917
3431,train,run6|d283013dd2f897f57f5c61e3
3432,train,run6|1601d245cfcec738b8330445
3433,test,run6|c300927839f9dfcdac24ec72
3434,train,run6|d39d0303fd7d1195486a1874
3435,train,run6|0ed3e810cdf93fab1cfbe20d
3436,train,run6|d8a514a193261a840642c68f
3437,train,run6|967083865b8df4f94bc347be
3438,train,run6|4c7636a73fd3d76c2ba03dc9
3439,test,run6|7bfa7182b58e80e1489e2079
3440,val,run6|9bc5b891cdf53f249529e25b
3441,train,run6|9ed071ee5935fbc1698e8cd3
3442,val,run6|9fa722c5ff490e6107953c6a
3443,train,run6|3b7ba6b1d303214a27d8dd4b
3444,val,run6|7fd7f3fbc1c14a41c99c3dc2
3445,val,run6|555514b55b06a6a8d38d3afe
3446,train,run6|d70c597398109e006d9412a3
3447,test,run6|8609d7812f20b30d92cb8afb
3448,train,run6|845b778390e0de3e085a2464
3449,val,run6|dfdc7461b1fb7a465c98ce46
3450,train,run6|3395ff4d784c1a3c51621cb0
3451,train,run6|8d61ffc3deb635927ff7a2f3
3452,test,run6|280f035ceb771527a04bec5c
3453,test,run6|1f234b8d34f7251791c0bbc1
3454,train,run6|d386e4d05d74450028c8d358
3455,train,run6|49e842a73a79619c6f537050
3456,train,run6|fd7d0bea952f1476af763b2a
3457,train,run6|cdb2dec9905603bc31aeb66b
3458,train,run6|620d0f4a41c9cfef9f86a38a
3459,train,run6|e625260d586e440ca7aa3df2
3460,val,run6|fbf05ebf9b03241bab888089
3461,train,run6|ce70393a0364c518da94355f
3462,val,run6|6c6f1c31480d22cfd9b188bb
3463,test,run6|5fdda31cc4f17a91d4f1a60c
3464,test,run6|bf254f341af08442a10d0b8d
3465,test,run6|a18a526699bee65ef7e47ff8
3466,train,run6|2b796d0b05464183069219ff
3467,test,run6|5748d8f8433cc666e21b9bb5
3468,val,run6|209e8c279795630e48c34c06
3469,val,run6|48a02fa643afa88d2502f86c
3470,test,run6|fb81340a9d41fe5cfc31a62e
3471,val,run6|245518eccb2f50ec8405d9d9
3472,train,run6|a68107f374988b428f3d377a
3473,train,run6|cecad3893006e0ad678fdfc5
3474,test,run6|fe8aa10a4af9bc4161ff8b1b
3475,train,run6|e7ec26c3c983083b485028bb
3476,test,run6|9c7e9fbcf00306fa245d0077
3477,val,run6|127ef7c7d81da4a7f7afa483
3478,val,run6|f39e0dc20782c455226bedac
3479,val,run6|3df38758c6dbc2df59d20246
3480,train,run6|1a9ff0d11c12e2298d2a0882
3481,test,run6|3ade97cc7bc8b1654d554c7e
3482,train,run6|cfeded63d5f9a41d20cab443
3483,train,run6|c4e75e06319f6c2a1419070c
3484,train,run6|bbfbf2730d4a75c76c62bc9c
3485,test,run6|ac2a2820b71d7d1c88a1581f
3486,train,run6|e12b8463532cc6f541870122
3487,train,run6|3db96e8b163f39078ecb7773
3488,train,run6|370ecae2fdde217afc64339e
3489,test,run6|f45673f4c651bdc48e9932d8
3490,train,run6|c5c0d65d6fcc7fc1a4bb4944
3491,test,run6|1b2168190ba959f68a6f8197
3492,val,run6|af5293393549b12376d0aa40
3493,test,run6|2a27784df4d8ff16651996d1
3494,test,run6|ad3b8e8aae7cac23e01f5c21
3495,train,run6|4d09358ce55afb7001724917
3496,train,run6|d283013dd2f897f57f5c61e3
3497,train,run6|1601d245cfcec738b8330445
3498,test,run6|c300927839f9dfcdac24ec72
3499,train,run6|d39d0303fd7d1195486a1874
3500,train,run6|0ed3e810cdf93fab1cfbe20d
3501,train,run6|d8a514a193261a840642c68f
3502,train,run6|967083865b8df4f94bc347be
3503,train,run6|4c7636a73fd3d76c2ba03dc9
3504,test,run6|7bfa7182b58e80e1489e2079
3505,val,run6|9bc5b891cdf53f249529e25b
3506,train,run6|9ed071ee5935fbc1698e8cd3
3507,val,run6|9fa722c5ff490e6107953c6a
3508,train,run6|3b7ba6b1d303214a27d8dd4b
3509,val,run6|7fd7f3fbc1c14a41c99c3dc2
3510,val,run6|555514b55b06a6a8d38d3afe
3511,train,run6|d70c597398109e006d9412a3
3512,test,run6|8609d7812f20b30d92cb8afb
3513,train,run6|845b778390e0de3e085a2464
3514,val,run6|dfdc7461b1fb7a465c98ce46
3515,train,run6|3395ff4d784c1a3c51621cb0
3516,train,run6|8d61ffc3deb635927ff7a2f3
3517,val,run6|8e0637557969171ad952f0b4
3518,test,run6|5dcfa5ba33a82e5a42837c3a
3519,test,run6|3af3b3148d399928980ee113
3520,train,run6|8bd547f800962dfb1ab48f72
3521,test,run6|3e82b8738b23994adeb64947
3522,train,run6|d386e4d05d74450028c8d358
3523,train,run6|49e842a73a79619c6f537050
3524,train,run6|fd7d0bea952f1476af763b2a
3525,train,run6|cdb2dec9905603bc31aeb66b
3526,train,run6|620d0f4a41c9cfef9f86a38a
3527,train,run6|e625260d586e440ca7aa3df2
3528,val,run6|fbf05ebf9b03241bab888089
3529,train,run6|ce70393a0364c518da94355f
3530,val,run6|6c6f1c31480d22cfd9b188bb
3531,test,run6|5fdda31cc4f17a91d4f1a60c
3532,test,run6|bf254f341af08442a10d0b8d
3533,test,run6|a18a526699bee65ef7e47ff8
3534,train,run6|2b796d0b05464183069219ff
3535,test,run6|5748d8f8433cc666e21b9bb5
3536,val,run6|209e8c279795630e48c34c06
3537,val,run6|48a02fa643afa88d2502f86c
3538,test,run6|fb81340a9d41fe5cfc31a62e
3539,val,run6|245518eccb2f50ec8405d9d9
3540,train,run6|a68107f374988b428f3d377a
3541,train,run6|cecad3893006e0ad678fdfc5
3542,test,run6|fe8aa10a4af9bc4161ff8b1b
3543,train,run6|e7ec26c3c983083b485028bb
3544,test,run6|9c7e9fbcf00306fa245d0077
3545,val,run6|127ef7c7d81da4a7f7afa483
3546,val,run6|f39e0dc20782c455226bedac
3547,val,run6|3df38758c6dbc2df59d20246
3548,train,run6|1a9ff0d11c12e2298d2a0882
3549,test,run6|3ade97cc7bc8b1654d554c7e
3550,train,run6|cfeded63d5f9a41d20cab443
3551,train,run6|c4e75e06319f6c2a1419070c
3552,train,run6|bbfbf2730d4a75c76c62bc9c
3553,test,run6|ac2a2820b71d7d1c88a1581f
3554,train,run6|e12b8463532cc6f541870122
3555,train,run6|3db96e8b163f39078ecb7773
3556,train,run6|370ecae2fdde217afc64339e
3557,test,run6|f45673f4c651bdc48e9932d8
3558,train,run6|c5c0d65d6fcc7fc1a4bb4944
3559,test,run6|1b2168190ba959f68a6f8197
3560,val,run6|af5293393549b12376d0aa40
3561,test,run6|2a27784df4d8ff16651996d1
3562,test,run6|ad3b8e8aae7cac23e01f5c21
3563,train,run6|4d09358ce55afb7001724917
3564,train,run6|d283013dd2f897f57f5c61e3
3565,train,run6|1601d245cfcec738b8330445
3566,test,run6|c300927839f9dfcdac24ec72
3567,train,run6|d39d0303fd7d1195486a1874
3568,train,run6|0ed3e810cdf93fab1cfbe20d
3569,train,run6|d8a514a193261a840642c68f
3570,train,run6|967083865b8df4f94bc347be
3571,train,run6|4c7636a73fd3d76c2ba03dc9
3572,test,run6|7bfa7182b58e80e1489e2079
3573,val,run6|9bc5b891cdf53f249529e25b
3574,train,run6|9ed071ee5935fbc1698e8cd3
3575,val,run6|9fa722c5ff490e6107953c6a
3576,train,run6|3b7ba6b1d303214a27d8dd4b
3577,val,run6|7fd7f3fbc1c14a41c99c3dc2
3578,val,run6|555514b55b06a6a8d38d3afe
3579,train,run6|d70c597398109e006d9412a3
3580,test,run6|8609d7812f20b30d92cb8afb
3581,train,run6|845b778390e0de3e085a2464
3582,val,run6|dfdc7461b1fb7a465c98ce46
3583,train,run6|3395ff4d784c1a3c51621cb0
3584,train,run6|8d61ffc3deb635927ff7a2f3
3585,train,run6|6d0db544dc7e50eaa2238dff
3586,val,run6|dfdc7461b1fb7a465c98ce46
3587,train,run7|b2a2ba94829ac7fec2e4e84e
3588,test,run7|4b47937d6c11c0b92870affd
3589,train,run7|93edc3e11ff6f91c25950021
3590,val,run7|43d4bccecadad0313b9b3d0e
3591,train,run7|e747712a336a527e5ccd6921
3592,train,run7|0cdd7d0f95fa27d7b8a3f459
3593,train,run7|092f2a3a51e3aae5fa53c342
3594,val,run7|9adccc380683b58ddf3ec2c3
3595,train,run7|810d0a59b967d97c7872490f
3596,test,run7|e160cc729bd2796f29034463
3597,test,run7|ed0537bdaf3f18582534fef9
3598,val,run7|d32e395acce3f611e0d53f0f
3599,train,run7|a80c14fa9e0527884ca68fc5
3600,val,run7|ee7277036482972a38a43b10
3601,test,run7|67bb954811828714a3b337e5
3602,val,run7|8d9e7acd13b031a241baa1e4
3603,val,run7|c04b17762033661420435365
3604,val,run7|04723490d9495fbdb9db11ea
3605,train,run7|b2d8352a1562b0d36777b46f
3606,test,run7|8a51ce7a2c8792a68e4f1e96
3607,train,run7|51bdd516ed7f12f7f2787111
3608,train,run7|c2f2734aab446958ad4180f0
3609,test,run7|d251ccfdfa3bcf4cfe6d7797
3610,val,run7|dfa6f57b1f25a63e7f3fd5eb
3611,test,run7|3df434cb0e20ce60afc099a6
3612,train,run7|8202477fa0a4c3616699074a
3613,train,run7|6d803e1fb6d893aa389e3515
3614,train,run7|bafc202df230b87c234095eb
3615,train,run7|2eee3bb95897098b30af99d9
3616,train,run7|9b64ebe40113a6aa710379ba
3617,test,run7|af18385481c1afd869de652c
3618,test,run7|180a76f7950366adb266b307
3619,train,run7|368e1810cac7b27a445e9246
3620,test,run7|96470ff56b4bcc10a3965349
3621,train,run7|e2d06a8c2cf6ef6c7f8d1c38
3622,train,run7|37dd777c7c682d34106195e9
3623,test,run7|e8c6c8f90655c05c1febf22d
3624,train,run7|722d081c8322c0ffbbf47eb5
3625,train,run7|a968fde529d01d2344e95b8d
3626,val,run7|15a546f89ec601fe59a52bdc
3627,train,run7|cffd60466e18e122d0271a4f
3628,train,run7|669e35850e8a5b9e7f517ab9
3629,val,run7|2cfa5758030899b2540bd890
3630,train,run7|b979bec9fb9178671c5e2c0d
3631,val,run7|f79649be8091a33ff2e1aaf2
3632,val,run7|357cd2295523291987c64947
3633,train,run7|b955933a6e84669265d21693
3634,train,run7|6dc7b1bdddfdb32627d49862
3635,train,run7|e60ccd14decd0318e8d2054c
3636,train,run7|9f72477336a73ec263c0da10
3637,train,run7|51943d4e82f70f6597c79c09
3638,val,run7|389639f1c9a81197e2ee81a9
3639,val,run7|ffec849ae945352c8ba57bf1
3640,train,run7|dcf4bdf2c24e23aa2125400b
3641,train,run7|bf314d5a4388337043c1a682
3642,train,run7|c021deff7a58cbb61c87743b
3643,train,run7|4a37f144554ba5a8ca027958
3644,train,run7|229ac69b9e89ea809b62b5ba
3645,train,run7|c52bb9b0a6e123ea973a7774
3646,test,run7|b1389c2556514a5c8f5da46b
3647,val,run7|5d830ce826d191131b6a345b
3648,train,run7|8fba2bcf6cc5efe35658c9b1
3649,train,run7|27922027b2fbc4e1da17b34a
3650,train,run7|48737d7f4b85c723d8e9dd8f
3651,test,run7|2ec836c01d5bb96e470ce540
3652,train,run7|e649af50e957db18095af291
3653,train,run7|98f8227af95419de68852db3
3654,test,run7|312516dc6b9c0fd8004b4925
3655,train,run7|8414e6203cc001b051323d05
3656,train,run7|bf7903916a2d76c757cb6f67
3657,test,run7|2be48f515799395b0037273a
3658,train,run7|983d9b67457cff0cdfdd70bd
3659,train,run7|ebab023c0ee8bc7929f88e75
3660,val,run7|9949e7697cc983c9db5d1310
3661,val,run7|891079e7d92ebab5a91dcc9c
3662,train,run7|013797ad650e7b22f8c9e7fd
3663,train,run7|4a8b7c59f333d8adcc7cea4a
3664,val,run7|cd640772c156591c27bb6320
3665,test,run7|b5085d7fd3dc91b807dfe3c0
3666,train,run7|b2a2ba94829ac7fec2e4e84e
3667,test,run7|4b47937d6c11c0b92870affd
3668,train,run7|93edc3e11ff6f91c25950021
3669,val,run7|43d4bccecadad0313b9b3d0e
3670,train,run7|e747712a336a527e5ccd6921
3671,train,run7|0cdd7d0f95fa27d7b8a3f459
3672,train,run7|092f2a3a51e3aae5fa53c342
3673,val,run7|9adccc380683b58ddf3ec2c3
3674,train,run7|810d0a59b967d97c7872490f
3675,test,run7|e160cc729bd2796f29034463
3676,test,run7|ed0537bdaf3f18582534fef9
3677,val,run7|d32e395acce3f611e0d53f0f
3678,train,run7|a80c14fa9e0527884ca68fc5
3679,val,run7|ee7277036482972a38a43b10
3680,test,run7|67bb954811828714a3b337e5
3681,val,run7|8d9e7acd13b031a241baa1e4
3682,val,run7|c04b17762033661420435365
3683,val,run7|04723490d9495fbdb9db11ea
3684,train,run7|b2d8352a1562b0d36777b46f
3685,test,run7|8a51ce7a2c8792a68e4f1e96
3686,train,run7|51bdd516ed7f12f7f2787111
3687,train,run7|c2f2734aab446958ad4180f0
3688,test,run7|d251ccfdfa3bcf4cfe6d7797
3689,val,run7|dfa6f57b1f25a63e7f3fd5eb
3690,test,run7|3df434cb0e20ce60afc099a6
3691,train,run7|8202477fa0a4c3616699074a
3692,train,run7|6d803e1fb6d893aa389e3515
3693,train,run7|bafc202df230b87c234095eb
3694,train,run7|2eee3bb95897098b30af99d9
3695,train,run7|9b64ebe40113a6aa710379ba
3696,test,run7|af18385481c1afd869de652c
3697,test,run7|180a76f7950366adb266b307
3698,train,run7|368e1810cac7b27a445e9246
3699,test,run7|96470ff56b4bcc10a3965349
3700,train,run7|e2d06a8c2cf6ef6c7f8d1c38
3701,train,run7|37dd777c7c682d34106195e9
3702,test,run7|e8c6c8f90655c05c1febf22d
3703,train,run7|722d081c8322c0ffbbf47eb5
3704,train,run7|a968fde529d01d2344e95b8d
3705,val,run7|15a546f89ec601fe59a52bdc
3706,train,run7|cffd60466e18e122d0271a4f
3707,train,run7|669e35850e8a5b9e7f517ab9
3708,val,run7|2cfa5758030899b2540bd890
3709,train,run7|b979bec9fb9178671c5e2c0d
3710,val,run7|f79649be8091a33ff2e1aaf2
3711,val,run7|357cd2295523291987c64947
3712,train,run7|b955933a6e84669265d21693
3713,train,run7|6dc7b1bdddfdb32627d49862
3714,train,run7|e60ccd14decd0318e8d2054c
3715,train,run7|9f72477336a73ec263c0da10
3716,train,run7|51943d4e82f70f6597c79c09
3717,val,run7|389639f1c9a81197e2ee81a9
3718,val,run7|ffec849ae945352c8ba57bf1
3719,train,run7|dcf4bdf2c24e23aa2125400b
3720,train,run7|bf314d5a4388337043c1a682
3721,train,run7|c021deff7a58cbb61c87743b
3722,train,run7|4a37f144554ba5a8ca027958
3723,train,run7|229ac69b9e89ea809b62b5ba
3724,train,run7|c52bb9b0a6e123ea973a7774
3725,test,run7|b1389c2556514a5c8f5da46b
3726,val,run7|5d830ce826d191131b6a345b
3727,train,run7|8fba2bcf6cc5efe35658c9b1
3728,train,run7|27922027b2fbc4e1da17b34a
3729,train,run7|e649af50e957db18095af291
3730,train,run7|98f8227af95419de68852db3
3731,train,run7|8414e6203cc001b051323d05
3732,train,run7|b2a2ba94829ac7fec2e4e84e
3733,test,run7|4b47937d6c11c0b92870affd
3734,train,run7|93edc3e11ff6f91c25950021
3735,val,run7|43d4bccecadad0313b9b3d0e
3736,train,run7|e747712a336a527e5ccd6921
3737,train,run7|0cdd7d0f95fa27d7b8a3f459
3738,train,run7|092f2a3a51e3aae5fa53c342
3739,val,run7|9adccc380683b58ddf3ec2c3
3740,train,run7|810d0a59b967d97c7872490f
3741,test,run7|e160cc729bd2796f29034463
3742,test,run7|ed0537bdaf3f18582534fef9
3743,val,run7|d32e395acce3f611e0d53f0f
3744,train,run7|a80c14fa9e0527884ca68fc5
3745,val,run7|ee7277036482972a38a43b10
3746,test,run7|67bb954811828714a3b337e5
3747,val,run7|8d9e7acd13b031a241baa1e4
3748,val,run7|c04b17762033661420435365
3749,val,run7|04723490d9495fbdb9db11ea
3750,train,run7|b2d8352a1562b0d36777b46f
3751,test,run7|8a51ce7a2c8792a68e4f1e96
3752,train,run7|51bdd516ed7f12f7f2787111
3753,train,run7|c2f2734aab446958ad4180f0
3754,test,run7|d251ccfdfa3bcf4cfe6d7797
3755,val,run7|dfa6f57b1f25a63e7f3fd5eb
3756,test,run7|3df434cb0e20ce60afc099a6
3757,train,run7|8202477fa0a4c3616699074a
3758,train,run7|6d803e1fb6d893aa389e3515
3759,train,run7|bafc202df230b87c234095eb
3760,train,run7|2eee3bb95897098b30af99d9
3761,train,run7|9b64ebe40113a6aa710379ba
3762,test,run7|af18385481c1afd869de652c
3763,test,run7|180a76f7950366adb266b307
3764,train,run7|368e1810cac7b27a445e9246
3765,test,run7|96470ff56b4bcc10a3965349
3766,train,run7|e2d06a8c2cf6ef6c7f8d1c38
3767,train,run7|37dd777c7c682d34106195e9
3768,test,run7|e8c6c8f90655c05c1febf22d
3769,train,run7|722d081c8322c0ffbbf47eb5
3770,train,run7|a968fde529d01d2344e95b8d
3771,val,run7|15a546f89ec601fe59a52bdc
3772,train,run7|cffd60466e18e122d0271a4f
3773,train,run7|669e35850e8a5b9e7f517ab9
3774,val,run7|2cfa5758030899b2540bd890
3775,train,run7|b979bec9fb9178671c5e2c0d
3776,val,run7|f79649be8091a33ff2e1aaf2
3777,val,run7|357cd2295523291987c64947
3778,train,run7|b955933a6e84669265d21693
3779,train,run7|6dc7b1bdddfdb32627d49862
3780,train,run7|e60ccd14decd0318e8d2054c
3781,train,run7|9f72477336a73ec263c0da10
3782,train,run7|51943d4e82f70f6597c79c09
3783,val,run7|389639f1c9a81197e2ee81a9
3784,val,run7|ffec849ae945352c8ba57bf1
3785,train,run7|dcf4bdf2c24e23aa2125400b
3786,train,run7|bf314d5a4388337043c1a682
3787,train,run7|c021deff7a58cbb61c87743b
3788,train,run7|4a37f144554ba5a8ca027958
3789,train,run7|229ac69b9e89ea809b62b5ba
3790,train,run7|c52bb9b0a6e123ea973a7774
3791,test,run7|b1389c2556514a5c8f5da46b
3792,val,run7|5d830ce826d191131b6a345b
3793,train,run7|8fba2bcf6cc5efe35658c9b1
3794,train,run7|27922027b2fbc4e1da17b34a
3795,train,run7|b2a2ba94829ac7fec2e4e84e
3796,test,run7|4b47937d6c11c0b92870affd
3797,train,run7|93edc3e11ff6f91c25950021
3798,val,run7|43d4bccecadad0313b9b3d0e
3799,train,run7|e747712a336a527e5ccd6921
3800,train,run7|0cdd7d0f95fa27d7b8a3f459
3801,train,run7|092f2a3a51e3aae5fa53c342
3802,val,run7|9adccc380683b58ddf3ec2c3
3803,train,run7|810d0a59b967d97c7872490f
3804,test,run7|e160cc729bd2796f29034463
3805,test,run7|ed0537bdaf3f18582534fef9
3806,val,run7|d32e395acce3f611e0d53f0f
3807,train,run7|a80c14fa9e0527884ca68fc5
3808,val,run7|ee7277036482972a38a43b10
3809,test,run7|67bb954811828714a3b337e5
3810,val,run7|8d9e7acd13b031a241baa1e4
3811,val,run7|c04b17762033661420435365
3812,val,run7|04723490d9495fbdb9db11ea
3813,train,run7|b2d8352a1562b0d36777b46f
3814,test,run7|8a51ce7a2c8792a68e4f1e96
3815,train,run7|51bdd516ed7f12f7f2787111
3816,train,run7|c2f2734aab446958ad4180f0
3817,test,run7|d251ccfdfa3bcf4cfe6d7797
3818,val,run7|dfa6f57b1f25a63e7f3fd5eb
3819,test,run7|3df434cb0e20ce60afc099a6
3820,train,run7|8202477fa0a4c3616699074a
3821,train,run7|6d803e1fb6d893aa389e3515
3822,train,run7|bafc202df230b87c234095eb
3823,train,run7|2eee3bb95897098b30af99d9
3824,train,run7|9b64ebe40113a6aa710379ba
3825,test,run7|af18385481c1afd869de652c
3826,test,run7|180a76f7950366adb266b307
3827,train,run7|368e1810cac7b27a445e9246
3828,test,run7|96470ff56b4bcc10a3965349
3829,train,run7|e2d06a8c2cf6ef6c7f8d1c38
3830,train,run7|37dd777c7c682d34106195e9
3831,test,run7|e8c6c8f90655c05c1febf22d
3832,train,run7|722d081c8322c0ffbbf47eb5
3833,train,run7|a968fde529d01d2344e95b8d
3834,val,run7|15a546f89ec601fe59a52bdc
3835,train,run7|cffd60466e18e122d0271a4f
3836,train,run7|669e35850e8a5b9e7f517ab9
3837,val,run7|2cfa5758030899b2540bd890
3838,train,run7|b979bec9fb9178671c5e2c0d
3839,val,run7|f79649be8091a33ff2e1aaf2
3840,val,run7|357cd2295523291987c64947
3841,train,run7|b955933a6e84669265d21693
3842,train,run7|6dc7b1bdddfdb32627d49862
3843,train,run7|e60ccd14decd0318e8d2054c
3844,train,run7|9f72477336a73ec263c0da10
3845,train,run7|51943d4e82f70f6597c79c09
3846,val,run7|389639f1c9a81197e2ee81a9
3847,val,run7|ffec849ae945352c8ba57bf1
3848,train,run7|dcf4bdf2c24e23aa2125400b
3849,train,run7|bf314d5a4388337043c1a682
3850,train,run7|c021deff7a58cbb61c87743b
3851,train,run7|4a37f144554ba5a8ca027958
3852,train,run7|229ac69b9e89ea809b62b5ba
3853,train,run7|c52bb9b0a6e123ea973a7774
3854,test,run7|b1389c2556514a5c8f5da46b
3855,val,run7|5d830ce826d191131b6a345b
3856,train,run7|8fba2bcf6cc5efe35658c9b1
3857,train,run7|27922027b2fbc4e1da17b34a
3858,train,run7|b2a2ba94829ac7fec2e4e84e
3859,test,run7|4b47937d6c11c0b92870affd
3860,train,run7|93edc3e11ff6f91c25950021
3861,val,run7|43d4bccecadad0313b9b3d0e
3862,train,run7|e747712a336a527e5ccd6921
3863,train,run7|0cdd7d0f95fa27d7b8a3f459
3864,train,run7|092f2a3a51e3aae5fa53c342
3865,val,run7|9adccc380683b58ddf3ec2c3
3866,train,run7|810d0a59b967d97c7872490f
3867,test,run7|e160cc729bd2796f29034463
3868,test,run7|ed0537bdaf3f18582534fef9
3869,val,run7|d32e395acce3f611e0d53f0f
3870,train,run7|a80c14fa9e0527884ca68fc5
3871,val,run7|ee7277036482972a38a43b10
3872,test,run7|67bb954811828714a3b337e5
3873,val,run7|8d9e7acd13b031a241baa1e4
3874,val,run7|c04b17762033661420435365
3875,val,run7|04723490d9495fbdb9db11ea
3876,train,run7|b2d8352a1562b0d36777b46f
3877,test,run7|8a51ce7a2c8792a68e4f1e96
3878,train,run7|51bdd516ed7f12f7f2787111
3879,train,run7|c2f2734aab446958ad4180f0
3880,test,run7|d251ccfdfa3bcf4cfe6d7797
3881,val,run7|dfa6f57b1f25a63e7f3fd5eb
3882,test,run7|3df434cb0e20ce60afc099a6
3883,train,run7|8202477fa0a4c3616699074a
3884,train,run7|6d803e1fb6d893aa389e3515
3885,train,run7|bafc202df230b87c234095eb
3886,train,run7|2eee3bb95897098b30af99d9
3887,train,run7|9b64ebe40113a6aa710379ba
3888,test,run7|af18385481c1afd869de652c
3889,test,run7|180a76f7950366adb266b307
3890,train,run7|368e1810cac7b27a445e9246
3891,test,run7|96470ff56b4bcc10a3965349
3892,train,run7|e2d06a8c2cf6ef6c7f8d1c38
3893,train,run7|37dd777c7c682d34106195e9
3894,test,run7|e8c6c8f90655c05c1febf22d
3895,train,run7|722d081c8322c0ffbbf47eb5
3896,train,run7|a968fde529d01d2344e95b8d
3897,val,run7|15a546f89ec601fe59a52bdc
3898,train,run7|cffd60466e18e122d0271a4f
3899,train,run7|669e35850e8a5b9e7f517ab9
3900,val,run7|2cfa5758030899b2540bd890
3901,train,run7|b979bec9fb9178671c5e2c0d
3902,val,run7|f79649be8091a33ff2e1aaf2
3903,val,run7|357cd2295523291987c64947
3904,train,run7|b955933a6e84669265d21693
3905,train,run7|6dc7b1bdddfdb32627d49862
3906,train,run7|e60ccd14decd0318e8d2054c
3907,train,run7|9f72477336a73ec263c0da10
3908,train,run7|51943d4e82f70f6597c79c09
3909,val,run7|389639f1c9a81197e2ee81a9
3910,val,run7|ffec849ae945352c8ba57bf1
3911,train,run7|dcf4bdf2c24e23aa2125400b
3912,train,run7|bf314d5a4388337043c1a682
3913,train,run7|c021deff7a58cbb61c87743b
3914,train,run7|4a37f144554ba5a8ca027958
3915,train,run7|229ac69b9e89ea809b62b5ba
3916,train,run7|c52bb9b0a6e123ea973a7774
3917,test,run7|b1389c2556514a5c8f5da46b
3918,val,run7|5d830ce826d191131b6a345b
3919,train,run7|8fba2bcf6cc5efe35658c9b1
3920,train,run7|27922027b2fbc4e1da17b34a
3921,train,run7|b2a2ba94829ac7fec2e4e84e
3922,test,run7|4b47937d6c11c0b92870affd
3923,train,run7|93edc3e11ff6f91c25950021
3924,val,run7|43d4bccecadad0313b9b3d0e
3925,train,run7|e747712a336a527e5ccd6921
3926,train,run7|0cdd7d0f95fa27d7b8a3f459
3927,train,run7|092f2a3a51e3aae5fa53c342
3928,val,run7|9adccc380683b58ddf3ec2c3
3929,train,run7|810d0a59b967d97c7872490f
3930,test,run7|e160cc729bd2796f29034463
3931,test,run7|ed0537bdaf3f18582534fef9
3932,val,run7|d32e395acce3f611e0d53f0f
3933,train,run7|a80c14fa9e0527884ca68fc5
3934,val,run7|ee7277036482972a38a43b10
3935,test,run7|67bb954811828714a3b337e5
3936,val,run7|8d9e7acd13b031a241baa1e4
3937,val,run7|c04b17762033661420435365
3938,val,run7|04723490d9495fbdb9db11ea
3939,train,run7|b2d8352a1562b0d36777b46f
3940,test,run7|8a51ce7a2c8792a68e4f1e96
3941,train,run7|51bdd516ed7f12f7f2787111
3942,train,run7|c2f2734aab446958ad4180f0
3943,test,run7|d251ccfdfa3bcf4cfe6d7797
3944,val,run7|dfa6f57b1f25a63e7f3fd5eb
3945,test,run7|3df434cb0e20ce60afc099a6
3946,train,run7|8202477fa0a4c3616699074a
3947,train,run7|6d803e1fb6d893aa389e3515
3948,train,run7|bafc202df230b87c234095eb
3949,train,run7|2eee3bb95897098b30af99d9
3950,train,run7|9b64ebe40113a6aa710379ba
3951,test,run7|af18385481c1afd869de652c
3952,test,run7|180a76f7950366adb266b307
3953,train,run7|368e1810cac7b27a445e9246
3954,test,run7|96470ff56b4bcc10a3965349
3955,train,run7|e2d06a8c2cf6ef6c7f8d1c38
3956,train,run7|37dd777c7c682d34106195e9
3957,test,run7|e8c6c8f90655c05c1febf22d
3958,train,run7|722d081c8322c0ffbbf47eb5
3959,train,run7|a968fde529d01d2344e95b8d
3960,val,run7|15a546f89ec601fe59a52bdc
3961,train,run7|cffd60466e18e122d0271a4f
3962,train,run7|669e35850e8a5b9e7f517ab9
3963,val,run7|2cfa5758030899b2540bd890
3964,train,run7|b979bec9fb9178671c5e2c0d
3965,val,run7|f79649be8091a33ff2e1aaf2
3966,val,run7|357cd2295523291987c64947
3967,train,run7|b955933a6e84669265d21693
3968,train,run7|6dc7b1bdddfdb32627d49862
3969,train,run7|e60ccd14decd0318e8d2054c
3970,train,run7|9f72477336a73ec263c0da10
3971,train,run7|51943d4e82f70f6597c79c09
3972,val,run7|389639f1c9a81197e2ee81a9
3973,val,run7|ffec849ae945352c8ba57bf1
3974,train,run7|dcf4bdf2c24e23aa2125400b
3975,train,run7|bf314d5a4388337043c1a682
3976,train,run7|c021deff7a58cbb61c87743b
3977,train,run7|4a37f144554ba5a8ca027958
3978,train,run7|229ac69b9e89ea809b62b5ba
3979,train,run7|c52bb9b0a6e123ea973a7774
3980,test,run7|b1389c2556514a5c8f5da46b
3981,val,run7|5d830ce826d191131b6a345b
3982,train,run7|8fba2bcf6cc5efe35658c9b1
3983,train,run7|27922027b2fbc4e1da17b34a
3984,train,run7|b2a2ba94829ac7fec2e4e84e
3985,test,run7|4b47937d6c11c0b92870affd
3986,train,run7|93edc3e11ff6f91c25950021
3987,val,run7|43d4bccecadad0313b9b3d0e
3988,train,run7|e747712a336a527e5ccd6921
3989,train,run7|0cdd7d0f95fa27d7b8a3f459
3990,train,run7|092f2a3a51e3aae5fa53c342
3991,val,run7|9adccc380683b58ddf3ec2c3
3992,train,run7|810d0a59b967d97c7872490f
3993,test,run7|e160cc729bd2796f29034463
3994,test,run7|ed0537bdaf3f18582534fef9
3995,val,run7|d32e395acce3f611e0d53f0f
3996,train,run7|a80c14fa9e0527884ca68fc5
3997,val,run7|ee7277036482972a38a43b10
3998,test,run7|67bb954811828714a3b337e5
3999,val,run7|8d9e7acd13b031a241baa1e4
4000,val,run7|c04b17762033661420435365
4001,val,run7|04723490d9495fbdb9db11ea
4002,train,run7|b2d8352a1562b0d36777b46f
4003,test,run7|8a51ce7a2c8792a68e4f1e96
4004,train,run7|51bdd516ed7f12f7f2787111
4005,train,run7|c2f2734aab446958ad4180f0
4006,test,run7|d251ccfdfa3bcf4cfe6d7797
4007,val,run7|dfa6f57b1f25a63e7f3fd5eb
4008,test,run7|3df434cb0e20ce60afc099a6
4009,train,run7|8202477fa0a4c3616699074a
4010,train,run7|6d803e1fb6d893aa389e3515
4011,train,run7|bafc202df230b87c234095eb
4012,train,run7|2eee3bb95897098b30af99d9
4013,train,run7|9b64ebe40113a6aa710379ba
4014,test,run7|af18385481c1afd869de652c
4015,test,run7|180a76f7950366adb266b307
4016,train,run7|368e1810cac7b27a445e9246
4017,test,run7|96470ff56b4bcc10a3965349
4018,train,run7|e2d06a8c2cf6ef6c7f8d1c38
4019,train,run7|37dd777c7c682d34106195e9
4020,test,run7|e8c6c8f90655c05c1febf22d
4021,train,run7|722d081c8322c0ffbbf47eb5
4022,train,run7|a968fde529d01d2344e95b8d
4023,val,run7|15a546f89ec601fe59a52bdc
4024,train,run7|cffd60466e18e122d0271a4f
4025,train,run7|669e35850e8a5b9e7f517ab9
4026,val,run7|2cfa5758030899b2540bd890
4027,train,run7|b979bec9fb9178671c5e2c0d
4028,val,run7|f79649be8091a33ff2e1aaf2
4029,val,run7|357cd2295523291987c64947
4030,train,run7|b955933a6e84669265d21693
4031,train,run7|6dc7b1bdddfdb32627d49862
4032,train,run7|e60ccd14decd0318e8d2054c
4033,train,run7|9f72477336a73ec263c0da10
4034,train,run7|51943d4e82f70f6597c79c09
4035,val,run7|389639f1c9a81197e2ee81a9
4036,val,run7|ffec849ae945352c8ba57bf1
4037,train,run7|dcf4bdf2c24e23aa2125400b
4038,train,run7|bf314d5a4388337043c1a682
4039,train,run7|c021deff7a58cbb61c87743b
4040,train,run7|4a37f144554ba5a8ca027958
4041,train,run7|229ac69b9e89ea809b62b5ba
4042,train,run7|c52bb9b0a6e123ea973a7774
4043,test,run7|b1389c2556514a5c8f5da46b
4044,val,run7|5d830ce826d191131b6a345b
4045,train,run7|8fba2bcf6cc5efe35658c9b1
4046,train,run7|27922027b2fbc4e1da17b34a
4047,train,run7|b2a2ba94829ac7fec2e4e84e
4048,test,run7|4b47937d6c11c0b92870affd
4049,train,run7|93edc3e11ff6f91c25950021
4050,val,run7|43d4bccecadad0313b9b3d0e
4051,train,run7|e747712a336a527e5ccd6921
4052,train,run7|0cdd7d0f95fa27d7b8a3f459
4053,train,run7|092f2a3a51e3aae5fa53c342
4054,val,run7|9adccc380683b58ddf3ec2c3
4055,train,run7|810d0a59b967d97c7872490f
4056,test,run7|e160cc729bd2796f29034463
4057,test,run7|ed0537bdaf3f18582534fef9
4058,val,run7|d32e395acce3f611e0d53f0f
4059,train,run7|a80c14fa9e0527884ca68fc5
4060,val,run7|ee7277036482972a38a43b10
4061,test,run7|67bb954811828714a3b337e5
4062,val,run7|8d9e7acd13b031a241baa1e4
4063,val,run7|c04b17762033661420435365
4064,val,run7|04723490d9495fbdb9db11ea
4065,train,run7|b2d8352a1562b0d36777b46f
4066,test,run7|8a51ce7a2c8792a68e4f1e96
4067,train,run7|51bdd516ed7f12f7f2787111
4068,train,run7|c2f2734aab446958ad4180f0
4069,test,run7|d251ccfdfa3bcf4cfe6d7797
4070,val,run7|dfa6f57b1f25a63e7f3fd5eb
4071,test,run7|3df434cb0e20ce60afc099a6
4072,train,run7|8202477fa0a4c3616699074a
4073,train,run7|6d803e1fb6d893aa389e3515
4074,train,run7|bafc202df230b87c234095eb
4075,train,run7|2eee3bb95897098b30af99d9
4076,train,run7|9b64ebe40113a6aa710379ba
4077,test,run7|af18385481c1afd869de652c
4078,test,run7|180a76f7950366adb266b307
4079,train,run7|368e1810cac7b27a445e9246
4080,test,run7|96470ff56b4bcc10a3965349
4081,train,run7|e2d06a8c2cf6ef6c7f8d1c38
4082,train,run7|37dd777c7c682d34106195e9
4083,test,run7|e8c6c8f90655c05c1febf22d
4084,train,run7|722d081c8322c0ffbbf47eb5
4085,train,run7|a968fde529d01d2344e95b8d
4086,val,run7|15a546f89ec601fe59a52bdc
4087,train,run7|cffd60466e18e122d0271a4f
4088,train,run7|669e35850e8a5b9e7f517ab9
4089,val,run7|2cfa5758030899b2540bd890
4090,train,run7|b979bec9fb9178671c5e2c0d
4091,val,run7|f79649be8091a33ff2e1aaf2
4092,val,run7|357cd2295523291987c64947
4093,train,run7|b955933a6e84669265d21693
4094,train,run7|6dc7b1bdddfdb32627d49862
4095,train,run7|e60ccd14decd0318e8d2054c
4096,train,run7|9f72477336a73ec263c0da10
4097,train,run7|51943d4e82f70f6597c79c09
4098,val,run7|389639f1c9a81197e2ee81a9
4099,val,run7|ffec849ae945352c8ba57bf1
4100,train,run7|dcf4bdf2c24e23aa2125400b
4101,train,run7|bf314d5a4388337043c1a682
4102,train,run7|c021deff7a58cbb61c87743b
4103,train,run7|4a37f144554ba5a8ca027958
4104,train,run7|229ac69b9e89ea809b62b5ba
4105,train,run7|c52bb9b0a6e123ea973a7774
4106,test,run7|b1389c2556514a5c8f5da46b
4107,val,run7|5d830ce826d191131b6a345b
4108,train,run7|8fba2bcf6cc5efe35658c9b1
4109,train,run7|27922027b2fbc4e1da17b34a
4110,train,run7|b2a2ba94829ac7fec2e4e84e
4111,test,run7|4b47937d6c11c0b92870affd
4112,train,run7|93edc3e11ff6f91c25950021
4113,val,run7|43d4bccecadad0313b9b3d0e
4114,train,run7|e747712a336a527e5ccd6921
4115,train,run7|0cdd7d0f95fa27d7b8a3f459
4116,train,run7|092f2a3a51e3aae5fa53c342
4117,val,run7|9adccc380683b58ddf3ec2c3
4118,train,run7|810d0a59b967d97c7872490f
4119,test,run7|e160cc729bd2796f29034463
4120,test,run7|ed0537bdaf3f18582534fef9
4121,val,run7|d32e395acce3f611e0d53f0f
4122,train,run7|a80c14fa9e0527884ca68fc5
4123,val,run7|ee7277036482972a38a43b10
4124,test,run7|67bb954811828714a3b337e5
4125,val,run7|8d9e7acd13b031a241baa1e4
4126,val,run7|c04b17762033661420435365
4127,val,run7|04723490d9495fbdb9db11ea
4128,train,run7|b2d8352a1562b0d36777b46f
4129,test,run7|8a51ce7a2c8792a68e4f1e96
4130,train,run7|51bdd516ed7f12f7f2787111
4131,train,run7|c2f2734aab446958ad4180f0
4132,test,run7|d251ccfdfa3bcf4cfe6d7797
4133,val,run7|dfa6f57b1f25a63e7f3fd5eb
4134,test,run7|3df434cb0e20ce60afc099a6
4135,train,run7|8202477fa0a4c3616699074a
4136,train,run7|6d803e1fb6d893aa389e3515
4137,train,run7|bafc202df230b87c234095eb
4138,train,run7|2eee3bb95897098b30af99d9
4139,train,run7|9b64ebe40113a6aa710379ba
4140,test,run7|af18385481c1afd869de652c
4141,test,run7|180a76f7950366adb266b307
4142,train,run7|368e1810cac7b27a445e9246
4143,test,run7|96470ff56b4bcc10a3965349
4144,train,run7|e2d06a8c2cf6ef6c7f8d1c38
4145,train,run7|37dd777c7c682d34106195e9
4146,test,run7|e8c6c8f90655c05c1febf22d
4147,train,run7|722d081c8322c0ffbbf47eb5
4148,train,run7|a968fde529d01d2344e95b8d
4149,val,run7|15a546f89ec601fe59a52bdc
4150,train,run7|cffd60466e18e122d0271a4f
4151,train,run7|669e35850e8a5b9e7f517ab9
4152,val,run7|2cfa5758030899b2540bd890
4153,train,run7|b979bec9fb9178671c5e2c0d
4154,val,run7|f79649be8091a33ff2e1aaf2
4155,val,run7|357cd2295523291987c64947
4156,train,run7|b955933a6e84669265d21693
4157,train,run7|6dc7b1bdddfdb32627d49862
4158,train,run7|e60ccd14decd0318e8d2054c
4159,train,run7|9f72477336a73ec263c0da10
4160,train,run7|51943d4e82f70f6597c79c09
4161,val,run7|389639f1c9a81197e2ee81a9
4162,val,run7|ffec849ae945352c8ba57bf1
4163,train,run7|dcf4bdf2c24e23aa2125400b
4164,train,run7|bf314d5a4388337043c1a682
4165,train,run7|c021deff7a58cbb61c87743b
4166,train,run7|4a37f144554ba5a8ca027958
4167,train,run7|229ac69b9e89ea809b62b5ba
4168,train,run7|c52bb9b0a6e123ea973a7774
4169,test,run7|b1389c2556514a5c8f5da46b
4170,val,run7|5d830ce826d191131b6a345b
4171,train,run7|8fba2bcf6cc5efe35658c9b1
4172,train,run7|27922027b2fbc4e1da17b34a
4173,val,run7|9949e7697cc983c9db5d1310
4174,train,run7|013797ad650e7b22f8c9e7fd
4175,val,run7|cd640772c156591c27bb6320
4176,train,run7|b2a2ba94829ac7fec2e4e84e
4177,test,run7|4b47937d6c11c0b92870affd
4178,train,run7|93edc3e11ff6f91c25950021
4179,val,run7|43d4bccecadad0313b9b3d0e
4180,train,run7|e747712a336a527e5ccd6921
4181,train,run7|0cdd7d0f95fa27d7b8a3f459
4182,train,run7|092f2a3a51e3aae5fa53c342
4183,val,run7|9adccc380683b58ddf3ec2c3
4184,train,run7|810d0a59b967d97c7872490f
4185,test,run7|e160cc729bd2796f29034463
4186,test,run7|ed0537bdaf3f18582534fef9
4187,val,run7|d32e395acce3f611e0d53f0f
4188,train,run7|a80c14fa9e0527884ca68fc5
4189,val,run7|ee7277036482972a38a43b10
4190,test,run7|67bb954811828714a3b337e5
4191,val,run7|8d9e7acd13b031a241baa1e4
4192,val,run7|c04b17762033661420435365
4193,val,run7|04723490d9495fbdb9db11ea
4194,train,run7|b2d8352a1562b0d36777b46f
4195,test,run7|8a51ce7a2c8792a68e4f1e96
4196,train,run7|51bdd516ed7f12f7f2787111
4197,train,run7|c2f2734aab446958ad4180f0
4198,test,run7|d251ccfdfa3bcf4cfe6d7797
4199,val,run7|dfa6f57b1f25a63e7f3fd5eb
4200,test,run7|3df434cb0e20ce60afc099a6
4201,train,run7|8202477fa0a4c3616699074a
4202,train,run7|6d803e1fb6d893aa389e3515
4203,train,run7|bafc202df230b87c234095eb
4204,train,run7|2eee3bb95897098b30af99d9
4205,train,run7|9b64ebe40113a6aa710379ba
4206,test,run7|af18385481c1afd869de652c
4207,test,run7|180a76f7950366adb266b307
4208,train,run7|368e1810cac7b27a445e9246
4209,test,run7|96470ff56b4bcc10a3965349
4210,train,run7|e2d06a8c2cf6ef6c7f8d1c38
4211,train,run7|37dd777c7c682d34106195e9
4212,test,run7|e8c6c8f90655c05c1febf22d
4213,train,run7|722d081c8322c0ffbbf47eb5
4214,train,run7|a968fde529d01d2344e95b8d
4215,val,run7|15a546f89ec601fe59a52bdc
4216,train,run7|cffd60466e18e122d0271a4f
4217,train,run7|669e35850e8a5b9e7f517ab9
4218,val,run7|2cfa5758030899b2540bd890
4219,train,run7|b979bec9fb9178671c5e2c0d
4220,val,run7|f79649be8091a33ff2e1aaf2
4221,val,run7|357cd2295523291987c64947
4222,train,run7|b955933a6e84669265d21693
4223,train,run7|6dc7b1bdddfdb32627d49862
4224,train,run7|e60ccd14decd0318e8d2054c
4225,train,run7|9f72477336a73ec263c0da10
4226,train,run7|51943d4e82f70f6597c79c09
4227,val,run7|389639f1c9a81197e2ee81a9
4228,val,run7|ffec849ae945352c8ba57bf1
4229,train,run7|dcf4bdf2c24e23aa2125400b
4230,train,run7|bf314d5a4388337043c1a682
4231,train,run7|c021deff7a58cbb61c87743b
4232,train,run7|4a37f144554ba5a8ca027958
4233,train,run7|229ac69b9e89ea809b62b5ba
4234,train,run7|c52bb9b0a6e123ea973a7774
4235,test,run7|b1389c2556514a5c8f5da46b
4236,val,run7|5d830ce826d191131b6a345b
4237,train,run7|8fba2bcf6cc5efe35658c9b1
4238,train,run7|27922027b2fbc4e1da17b34a
4239,train,run7|4a8b7c59f333d8adcc7cea4a
4240,test,run7|b5085d7fd3dc91b807dfe3c0
4241,train,run7|b2a2ba94829ac7fec2e4e84e
4242,test,run7|4b47937d6c11c0b92870affd
4243,train,run7|93edc3e11ff6f91c25950021
4244,val,run7|43d4bccecadad0313b9b3d0e
4245,train,run7|e747712a336a527e5ccd6921
4246,train,run7|0cdd7d0f95fa27d7b8a3f459
4247,train,run7|092f2a3a51e3aae5fa53c342
4248,val,run7|9adccc380683b58ddf3ec2c3
4249,train,run7|810d0a59b967d97c7872490f
4250,test,run7|e160cc729bd2796f29034463
4251,test,run7|ed0537bdaf3f18582534fef9
4252,val,run7|d32e395acce3f611e0d53f0f
4253,train,run7|a80c14fa9e0527884ca68fc5
4254,val,run7|ee7277036482972a38a43b10
4255,test,run7|67bb954811828714a3b337e5
4256,val,run7|8d9e7acd13b031a241baa1e4
4257,val,run7|c04b17762033661420435365
4258,val,run7|04723490d9495fbdb9db11ea
4259,train,run7|b2d8352a1562b0d36777b46f
4260,test,run7|8a51ce7a2c8792a68e4f1e96
4261,train,run7|51bdd516ed7f12f7f2787111
4262,train,run7|c2f2734aab446958ad4180f0
4263,test,run7|d251ccfdfa3bcf4cfe6d7797
4264,val,run7|dfa6f57b1f25a63e7f3fd5eb
4265,test,run7|3df434cb0e20ce60afc099a6
4266,train,run7|8202477fa0a4c3616699074a
4267,train,run7|6d803e1fb6d893aa389e3515
4268,train,run7|bafc202df230b87c234095eb
4269,train,run7|2eee3bb95897098b30af99d9
4270,train,run7|9b64ebe40113a6aa710379ba
4271,test,run7|af18385481c1afd869de652c
4272,test,run7|180a76f7950366adb266b307
4273,train,run7|368e1810cac7b27a445e9246
4274,test,run7|96470ff56b4bcc10a3965349
4275,train,run7|e2d06a8c2cf6ef6c7f8d1c38
4276,train,run7|37dd777c7c682d34106195e9
4277,test,run7|e8c6c8f90655c05c1febf22d
4278,train,run7|722d081c8322c0ffbbf47eb5
4279,train,run7|a968fde529d01d2344e95b8d
4280,val,run7|15a546f89ec601fe59a52bdc
4281,train,run7|cffd60466e18e122d0271a4f
4282,train,run7|669e35850e8a5b9e7f517ab9
4283,val,run7|2cfa5758030899b2540bd890
4284,train,run7|b979bec9fb9178671c5e2c0d
4285,val,run7|f79649be8091a33ff2e1aaf2
4286,val,run7|357cd2295523291987c64947
4287,train,run7|b955933a6e84669265d21693
4288,train,run7|6dc7b1bdddfdb32627d49862
4289,train,run7|e60ccd14decd0318e8d2054c
4290,train,run7|9f72477336a73ec263c0da10
4291,train,run7|51943d4e82f70f6597c79c09
4292,val,run7|389639f1c9a81197e2ee81a9
4293,val,run7|ffec849ae945352c8ba57bf1
4294,train,run7|dcf4bdf2c24e23aa2125400b
4295,train,run7|bf314d5a4388337043c1a682
4296,train,run7|c021deff7a58cbb61c87743b
4297,train,run7|4a37f144554ba5a8ca027958
4298,train,run7|229ac69b9e89ea809b62b5ba
4299,train,run7|c52bb9b0a6e123ea973a7774
4300,test,run7|b1389c2556514a5c8f5da46b
4301,val,run7|5d830ce826d191131b6a345b
4302,train,run7|8fba2bcf6cc5efe35658c9b1
4303,train,run7|27922027b2fbc4e1da17b34a
4304,train,run7|983d9b67457cff0cdfdd70bd
4305,train,run7|ebab023c0ee8bc7929f88e75
4306,val,run7|891079e7d92ebab5a91dcc9c
4307,train,run7|c021deff7a58cbb61c87743b
4308,test,run7|b1389c2556514a5c8f5da46b
4309,train,run7|8fba2bcf6cc5efe35658c9b1
4310,train,run7|27922027b2fbc4e1da17b34a
4311,val,run8|0ad7fa379690e1ac0f389b5e
4312,train,run8|f1e42c71cab9453256e1d6d7
4313,test,run8|1d71edd6a5160c28b9e3d4f6
4314,test,run8|267485de8653207aba47d174
4315,train,run8|ed2d3676b5684bd62408f338
4316,val,run8|440c9a8ebc34cc9f1fad4e1d
4317,train,run8|468230fd3693a015da499235
4318,train,run8|0c88d793291cbb1cfba5b6f3
4319,train,run8|334f357f97fd51476e7141e2
4320,test,run8|d9e82019052c1d997954f209
4321,test,run8|d7ef83ff8ed96f275535622a
4322,train,run8|bdd9fa51037e976677f5c6e7
4323,train,run8|4ec9145b805766239f44980a
4324,val,run8|6ca216cec6a1e46958310295
4325,val,run8|9938b3c25d48596bbdccf2fe
4326,val,run8|492427e830220b137f29027c
4327,test,run8|fce312349a899af356161d51
4328,val,run8|a3ff2cd704558a9ed50dafde
4329,val,run8|29c24348cf163e40cc5249b6
4330,train,run8|a86c43dea0c34d79aa12a7c8
4331,val,run8|959ca72e00160da57964aa32
4332,train,run8|b871585b00886eb55101954b
4333,train,run8|faced058caf5f0f7eefaec81
4334,train,run8|1e2abc624b904c089cdfc94b
4335,val,run8|798690b86d10375e3ffe526d
4336,val,run8|196194cb0592b2cae95b8bdf
4337,test,run8|24272a1fa46874c318d8f9c6
4338,train,run8|ebb4fa5291a2e61ebb806613
4339,train,run8|9ca069485d227487ac41483c
4340,val,run8|5274f960fd53c63340bb8a50
4341,test,run8|c8ba4d1f5bb72d77c29e3f66
4342,train,run8|1c58ed3f0a23237ceec879f9
4343,train,run8|d33fb8a7cf2c15996563ef1d
4344,train,run8|a4a3cd007e783d2a3f12f339
4345,val,run8|2201951140a1925295a3d8ab
4346,train,run8|aa365f75922feaf2c28b6dad
4347,test,run8|f606ca184472f320d5eda893
4348,test,run8|5966717cf3a6ae9c60687d0b
4349,val,run8|1a12ae57febf01bfac9fc33a
4350,train,run8|2c73d77bd81b975d59b41790
4351,train,run8|4a74c2bc538e943f643ca017
4352,train,run8|5bf22cb6dff50bd999e775b8
4353,train,run8|e5b6ef384c0818496f5ebc35
4354,val,run8|4e3aa4298f2c4570b3864f7a
4355,train,run8|b8cded0d3a3e9658f368aece
4356,val,run8|123ced916c7fb9f3ba45dbca
4357,test,run8|0e013cdfa1511bbbe41a8d2e
4358,train,run8|290ff5741c4d65a0e6be4acd
4359,train,run8|e94ef45948eb136a0be254e2
4360,train,run8|0a41e64634742fa627ec942c
4361,val,run8|9949e415da33629842faa1e4
4362,test,run8|77768c2d2ef82bfa30c9879c
4363,train,run8|9b5517f7fdd302eb8195017c
4364,train,run8|6674a5e5218460b260687511
4365,test,run8|bcd70e5095da14a52054b920
4366,train,run8|6f9094637d3f82e6e22a53a0
4367,val,run8|dfab8e39fc398481e5aef8c0
4368,test,run8|6fba023b53e11f310a916027
4369,test,run8|f35548ba6233719077bad64a
4370,val,run8|19145757707d66881096d162
4371,train,run8|4705d5175663c98402c5a48c
4372,test,run8|19fcd245f784b00ee7e17f30
4373,train,run8|583e8c2968cd89e8819f6b0f
4374,train,run8|2c23154e179b3f6002d71f33
4375,test,run8|7861726dc199ef440d0d88ce
4376,train,run8|8505d8b634e750690290ce5b
4377,train,run8|53cd0d47aefa3e4100e6f54f
4378,test,run8|9bfd6a1f906189f6ff64f7ad
4379,train,run8|0646fa6c0690136b7a5064ab
4380,val,run8|290cfceb736314247a4288f6
4381,train,run8|f3dc6d3a6ebb76cb9a4de484
4382,train,run8|3970b4909682818f49c653df
4383,train,run8|222abdb293f2613b90140b48
4384,test,run8|ed4fc5eb78125c67c0eaa69b
4385,train,run8|ea0c47bd592120a01e7dbdb7
4386,train,run8|f98507791870364a51253339
4387,train,run8|5c289dedb7ba8c28d0c14263
4388,train,run8|0ec569442b6066a3b3be741f
4389,val,run8|873e141841de79010a785a57
4390,val,run8|0ad7fa379690e1ac0f389b5e
4391,train,run8|f1e42c71cab9453256e1d6d7
4392,test,run8|1d71edd6a5160c28b9e3d4f6
4393,test,run8|267485de8653207aba47d174
4394,train,run8|ed2d3676b5684bd62408f338
4395,val,run8|440c9a8ebc34cc9f1fad4e1d
4396,train,run8|468230fd3693a015da499235
4397,train,run8|0c88d793291cbb1cfba5b6f3
4398,train,run8|334f357f97fd51476e7141e2
4399,test,run8|d9e82019052c1d997954f209
4400,test,run8|d7ef83ff8ed96f275535622a
4401,train,run8|bdd9fa51037e976677f5c6e7
4402,train,run8|4ec9145b805766239f44980a
4403,val,run8|6ca216cec6a1e46958310295
4404,val,run8|9938b3c25d48596bbdccf2fe
4405,val,run8|492427e830220b137f29027c
4406,test,run8|fce312349a899af356161d51
4407,val,run8|a3ff2cd704558a9ed50dafde
4408,val,run8|29c24348cf163e40cc5249b6
4409,train,run8|a86c43dea0c34d79aa12a7c8
4410,val,run8|959ca72e00160da57964aa32
4411,train,run8|b871585b00886eb55101954b
4412,train,run8|faced058caf5f0f7eefaec81
4413,train,run8|1e2abc624b904c089cdfc94b
4414,val,run8|798690b86d10375e3ffe526d
4415,val,run8|196194cb0592b2cae95b8bdf
4416,test,run8|24272a1fa46874c318d8f9c6
4417,train,run8|ebb4fa5291a2e61ebb806613
4418,train,run8|9ca069485d227487ac41483c
4419,val,run8|5274f960fd53c63340bb8a50
4420,test,run8|c8ba4d1f5bb72d77c29e3f66
4421,train,run8|1c58ed3f0a23237ceec879f9
4422,train,run8|d33fb8a7cf2c15996563ef1d
4423,train,run8|a4a3cd007e783d2a3f12f339
4424,val,run8|2201951140a1925295a3d8ab
4425,train,run8|aa365f75922feaf2c28b6dad
4426,test,run8|f606ca184472f320d5eda893
4427,test,run8|5966717cf3a6ae9c60687d0b
4428,val,run8|1a12ae57febf01bfac9fc33a
4429,train,run8|2c73d77bd81b975d59b41790
4430,train,run8|4a74c2bc538e943f643ca017
4431,train,run8|5bf22cb6dff50bd999e775b8
4432,train,run8|e5b6ef384c0818496f5ebc35
4433,val,run8|4e3aa4298f2c4570b3864f7a
4434,train,run8|b8cded0d3a3e9658f368aece
4435,val,run8|123ced916c7fb9f3ba45dbca
4436,test,run8|0e013cdfa1511bbbe41a8d2e
4437,train,run8|290ff5741c4d65a0e6be4acd
4438,train,run8|e94ef45948eb136a0be254e2
4439,train,run8|0a41e64634742fa627ec942c
4440,val,run8|9949e415da33629842faa1e4
4441,test,run8|77768c2d2ef82bfa30c9879c
4442,train,run8|9b5517f7fdd302eb8195017c
4443,train,run8|6674a5e5218460b260687511
4444,test,run8|bcd70e5095da14a52054b920
4445,train,run8|6f9094637d3f82e6e22a53a0
4446,val,run8|dfab8e39fc398481e5aef8c0
4447,test,run8|6fba023b53e11f310a916027
4448,test,run8|f35548ba6233719077bad64a
4449,val,run8|19145757707d66881096d162
4450,train,run8|4705d5175663c98402c5a48c
4451,test,run8|19fcd245f784b00ee7e17f30
4452,train,run8|583e8c2968cd89e8819f6b0f
4453,train,run8|2c23154e179b3f6002d71f33
4454,train,run8|8505d8b634e750690290ce5b
4455,train,run8|53cd0d47aefa3e4100e6f54f
4456,test,run8|9bfd6a1f906189f6ff64f7ad
4457,train,run8|0646fa6c0690136b7a5064ab
4458,val,run8|290cfceb736314247a4288f6
4459,train,run8|f3dc6d3a6ebb76cb9a4de484
4460,train,run8|3970b4909682818f49c653df
4461,train,run8|f98507791870364a51253339
4462,train,run8|0ec569442b6066a3b3be741f
4463,val,run8|0ad7fa379690e1ac0f389b5e
4464,train,run8|f1e42c71cab9453256e1d6d7
4465,test,run8|1d71edd6a5160c28b9e3d4f6
4466,test,run8|267485de8653207aba47d174
4467,train,run8|ed2d3676b5684bd62408f338
4468,val,run8|440c9a8ebc34cc9f1fad4e1d
4469,train,run8|468230fd3693a015da499235
4470,train,run8|0c88d793291cbb1cfba5b6f3
4471,train,run8|334f357f97fd51476e7141e2
4472,test,run8|d9e82019052c1d997954f209
4473,test,run8|d7ef83ff8ed96f275535622a
4474,train,run8|bdd9fa51037e976677f5c6e7
4475,train,run8|4ec9145b805766239f44980a
4476,val,run8|6ca216cec6a1e46958310295
4477,val,run8|9938b3c25d48596bbdccf2fe
4478,val,run8|492427e830220b137f29027c
4479,test,run8|fce312349a899af356161d51
4480,val,run8|a3ff2cd704558a9ed50dafde
4481,val,run8|29c24348cf163e40cc5249b6
4482,train,run8|a86c43dea0c34d79aa12a7c8
4483,val,run8|959ca72e00160da57964aa32
4484,train,run8|b871585b00886eb55101954b
4485,train,run8|faced058caf5f0f7eefaec81
4486,train,run8|1e2abc624b904c089cdfc94b
4487,val,run8|798690b86d10375e3ffe526d
4488,val,run8|196194cb0592b2cae95b8bdf
4489,test,run8|24272a1fa46874c318d8f9c6
4490,train,run8|ebb4fa5291a2e61ebb806613
4491,train,run8|9ca069485d227487ac41483c
4492,val,run8|5274f960fd53c63340bb8a50
4493,test,run8|c8ba4d1f5bb72d77c29e3f66
4494,train,run8|1c58ed3f0a23237ceec879f9
4495,train,run8|d33fb8a7cf2c15996563ef1d
4496,train,run8|a4a3cd007e783d2a3f12f339
4497,val,run8|2201951140a1925295a3d8ab
4498,train,run8|aa365f75922feaf2c28b6dad
4499,test,run8|f606ca184472f320d5eda893
4500,test,run8|5966717cf3a6ae9c60687d0b
4501,val,run8|1a12ae57febf01bfac9fc33a
4502,train,run8|2c73d77bd81b975d59b41790
4503,train,run8|4a74c2bc538e943f643ca017
4504,train,run8|5bf22cb6dff50bd999e775b8
4505,train,run8|e5b6ef384c0818496f5ebc35
4506,val,run8|4e3aa4298f2c4570b3864f7a
4507,train,run8|b8cded0d3a3e9658f368aece
4508,val,run8|123ced916c7fb9f3ba45dbca
4509,test,run8|0e013cdfa1511bbbe41a8d2e
4510,train,run8|290ff5741c4d65a0e6be4acd
4511,train,run8|e94ef45948eb136a0be254e2
4512,train,run8|0a41e64634742fa627ec942c
4513,val,run8|9949e415da33629842faa1e4
4514,test,run8|77768c2d2ef82bfa30c9879c
4515,train,run8|9b5517f7fdd302eb8195017c
4516,train,run8|6674a5e5218460b260687511
4517,test,run8|bcd70e5095da14a52054b920
4518,train,run8|6f9094637d3f82e6e22a53a0
4519,val,run8|dfab8e39fc398481e5aef8c0
4520,test,run8|6fba023b53e11f310a916027
4521,test,run8|f35548ba6233719077bad64a
4522,val,run8|19145757707d66881096d162
4523,train,run8|4705d5175663c98402c5a48c
4524,test,run8|19fcd245f784b00ee7e17f30
4525,train,run8|583e8c2968cd89e8819f6b0f
4526,val,run8|0ad7fa379690e1ac0f389b5e
4527,train,run8|f1e42c71cab9453256e1d6d7
4528,test,run8|1d71edd6a5160c28b9e3d4f6
4529,test,run8|267485de8653207aba47d174
4530,train,run8|ed2d3676b5684bd62408f338
4531,val,run8|440c9a8ebc34cc9f1fad4e1d
4532,train,run8|468230fd3693a015da499235
4533,train,run8|0c88d793291cbb1cfba5b6f3
4534,train,run8|334f357f97fd51476e7141e2
4535,test,run8|d9e82019052c1d997954f209
4536,test,run8|d7ef83ff8ed96f275535622a
4537,train,run8|bdd9fa51037e976677f5c6e7
4538,train,run8|4ec9145b805766239f44980a
4539,val,run8|6ca216cec6a1e46958310295
4540,val,run8|9938b3c25d48596bbdccf2fe
4541,val,run8|492427e830220b137f29027c
4542,test,run8|fce312349a899af356161d51
4543,val,run8|a3ff2cd704558a9ed50dafde
4544,val,run8|29c24348cf163e40cc5249b6
4545,train,run8|a86c43dea0c34d79aa12a7c8
4546,val,run8|959ca72e00160da57964aa32
4547,train,run8|b871585b00886eb55101954b
4548,train,run8|faced058caf5f0f7eefaec81
4549,train,run8|1e2abc624b904c089cdfc94b
4550,val,run8|798690b86d10375e3ffe526d
4551,val,run8|196194cb0592b2cae95b8bdf
4552,test,run8|24272a1fa46874c318d8f9c6
4553,train,run8|ebb4fa5291a2e61ebb806613
4554,train,run8|9ca069485d227487ac41483c
4555,val,run8|5274f960fd53c63340bb8a50
4556,test,run8|c8ba4d1f5bb72d77c29e3f66
4557,train,run8|1c58ed3f0a23237ceec879f9
4558,train,run8|d33fb8a7cf2c15996563ef1d
4559,train,run8|a4a3cd007e783d2a3f12f339
4560,val,run8|2201951140a1925295a3d8ab
4561,train,run8|aa365f75922feaf2c28b6dad
4562,test,run8|f606ca184472f320d5eda893
4563,test,run8|5966717cf3a6ae9c60687d0b
4564,val,run8|1a12ae57febf01bfac9fc33a
4565,train,run8|2c73d77bd81b975d59b41790
4566,train,run8|4a74c2bc538e943f643ca017
4567,train,run8|5bf22cb6dff50bd999e775b8
4568,train,run8|e5b6ef384c0818496f5ebc35
4569,val,run8|4e3aa4298f2c4570b3864f7a
4570,train,run8|b8cded0d3a3e9658f368aece
4571,val,run8|123ced916c7fb9f3ba45dbca
4572,test,run8|0e013cdfa1511bbbe41a8d2e
4573,train,run8|290ff5741c4d65a0e6be4acd
4574,train,run8|e94ef45948eb136a0be254e2
4575,train,run8|0a41e64634742fa627ec942c
4576,val,run8|9949e415da33629842faa1e4
4577,test,run8|77768c2d2ef82bfa30c9879c
4578,train,run8|9b5517f7fdd302eb8195017c
4579,train,run8|6674a5e5218460b260687511
4580,test,run8|bcd70e5095da14a52054b920
4581,train,run8|6f9094637d3f82e6e22a53a0
4582,val,run8|dfab8e39fc398481e5aef8c0
4583,test,run8|6fba023b53e11f310a916027
4584,test,run8|f35548ba6233719077bad64a
4585,val,run8|19145757707d66881096d162
4586,train,run8|4705d5175663c98402c5a48c
4587,test,run8|19fcd245f784b00ee7e17f30
4588,train,run8|583e8c2968cd89e8819f6b0f
4589,val,run8|0ad7fa379690e1ac0f389b5e
4590,train,run8|f1e42c71cab9453256e1d6d7
4591,test,run8|1d71edd6a5160c28b9e3d4f6
4592,test,run8|267485de8653207aba47d174
4593,train,run8|ed2d3676b5684bd62408f338
4594,val,run8|440c9a8ebc34cc9f1fad4e1d
4595,train,run8|468230fd3693a015da499235
4596,train,run8|0c88d793291cbb1cfba5b6f3
4597,train,run8|334f357f97fd51476e7141e2
4598,test,run8|d9e82019052c1d997954f209
4599,test,run8|d7ef83ff8ed96f275535622a
4600,train,run8|bdd9fa51037e976677f5c6e7
4601,train,run8|4ec9145b805766239f44980a
4602,val,run8|6ca216cec6a1e46958310295
4603,val,run8|9938b3c25d48596bbdccf2fe
4604,val,run8|492427e830220b137f29027c
4605,test,run8|fce312349a899af356161d51
4606,val,run8|a3ff2cd704558a9ed50dafde
4607,val,run8|29c24348cf163e40cc5249b6
4608,train,run8|a86c43dea0c34d79aa12a7c8
4609,val,run8|959ca72e00160da57964aa32
4610,train,run8|b871585b00886eb55101954b
4611,train,run8|faced058caf5f0f7eefaec81
4612,train,run8|1e2abc624b904c089cdfc94b
4613,val,run8|798690b86d10375e3ffe526d
4614,val,run8|196194cb0592b2cae95b8bdf
4615,test,run8|24272a1fa46874c318d8f9c6
4616,train,run8|ebb4fa5291a2e61ebb806613
4617,train,run8|9ca069485d227487ac41483c
4618,val,run8|5274f960fd53c63340bb8a50
4619,test,run8|c8ba4d1f5bb72d77c29e3f66
4620,train,run8|1c58ed3f0a23237ceec879f9
4621,train,run8|d33fb8a7cf2c15996563ef1d
4622,train,run8|a4a3cd007e783d2a3f12f339
4623,val,run8|2201951140a1925295a3d8ab
4624,train,run8|aa365f75922feaf2c28b6dad
4625,test,run8|f606ca184472f320d5eda893
4626,test,run8|5966717cf3a6ae9c60687d0b
4627,val,run8|1a12ae57febf01bfac9fc33a
4628,train,run8|2c73d77bd81b975d59b41790
4629,train,run8|4a74c2bc538e943f643ca017
4630,train,run8|5bf22cb6dff50bd999e775b8
4631,train,run8|e5b6ef384c0818496f5ebc35
4632,val,run8|4e3aa4298f2c4570b3864f7a
4633,train,run8|b8cded0d3a3e9658f368aece
4634,val,run8|123ced916c7fb9f3ba45dbca
4635,test,run8|0e013cdfa1511bbbe41a8d2e
4636,train,run8|290ff5741c4d65a0e6be4acd
4637,train,run8|e94ef45948eb136a0be254e2
4638,train,run8|0a41e64634742fa627ec942c
4639,val,run8|9949e415da33629842faa1e4
4640,test,run8|77768c2d2ef82bfa30c9879c
4641,train,run8|9b5517f7fdd302eb8195017c
4642,train,run8|6674a5e5218460b260687511
4643,test,run8|bcd70e5095da14a52054b920
4644,train,run8|6f9094637d3f82e6e22a53a0
4645,val,run8|dfab8e39fc398481e5aef8c0
4646,test,run8|6fba023b53e11f310a916027
4647,test,run8|f35548ba6233719077bad64a
4648,val,run8|19145757707d66881096d162
4649,train,run8|4705d5175663c98402c5a48c
4650,test,run8|19fcd245f784b00ee7e17f30
4651,train,run8|583e8c2968cd89e8819f6b0f
4652,val,run8|0ad7fa379690e1ac0f389b5e
4653,train,run8|f1e42c71cab9453256e1d6d7
4654,test,run8|1d71edd6a5160c28b9e3d4f6
4655,test,run8|267485de8653207aba47d174
4656,train,run8|ed2d3676b5684bd62408f338
4657,val,run8|440c9a8ebc34cc9f1fad4e1d
4658,train,run8|468230fd3693a015da499235
4659,train,run8|0c88d793291cbb1cfba5b6f3
4660,train,run8|334f357f97fd51476e7141e2
4661,test,run8|d9e82019052c1d997954f209
4662,test,run8|d7ef83ff8ed96f275535622a
4663,train,run8|bdd9fa51037e976677f5c6e7
4664,train,run8|4ec9145b805766239f44980a
4665,val,run8|6ca216cec6a1e46958310295
4666,val,run8|9938b3c25d48596bbdccf2fe
4667,val,run8|492427e830220b137f29027c
4668,test,run8|fce312349a899af356161d51
4669,val,run8|a3ff2cd704558a9ed50dafde
4670,val,run8|29c24348cf163e40cc5249b6
4671,train,run8|a86c43dea0c34d79aa12a7c8
4672,val,run8|959ca72e00160da57964aa32
4673,train,run8|b871585b00886eb55101954b
4674,train,run8|faced058caf5f0f7eefaec81
4675,train,run8|1e2abc624b904c089cdfc94b
4676,val,run8|798690b86d10375e3ffe526d
4677,val,run8|196194cb0592b2cae95b8bdf
4678,test,run8|24272a1fa46874c318d8f9c6
4679,train,run8|ebb4fa5291a2e61ebb806613
4680,train,run8|9ca069485d227487ac41483c
4681,val,run8|5274f960fd53c63340bb8a50
4682,test,run8|c8ba4d1f5bb72d77c29e3f66
4683,train,run8|1c58ed3f0a23237ceec879f9
4684,train,run8|d33fb8a7cf2c15996563ef1d
4685,train,run8|a4a3cd007e783d2a3f12f339
4686,val,run8|2201951140a1925295a3d8ab
4687,train,run8|aa365f75922feaf2c28b6dad
4688,test,run8|f606ca184472f320d5eda893
4689,test,run8|5966717cf3a6ae9c60687d0b
4690,val,run8|1a12ae57febf01bfac9fc33a
4691,train,run8|2c73d77bd81b975d59b41790
4692,train,run8|4a74c2bc538e943f643ca017
4693,train,run8|5bf22cb6dff50bd999e775b8
4694,train,run8|e5b6ef384c0818496f5ebc35
4695,val,run8|4e3aa4298f2c4570b3864f7a
4696,train,run8|b8cded0d3a3e9658f368aece
4697,val,run8|123ced916c7fb9f3ba45dbca
4698,test,run8|0e013cdfa1511bbbe41a8d2e
4699,train,run8|290ff5741c4d65a0e6be4acd
4700,train,run8|e94ef45948eb136a0be254e2
4701,train,run8|0a41e64634742fa627ec942c
4702,val,run8|9949e415da33629842faa1e4
4703,test,run8|77768c2d2ef82bfa30c9879c
4704,train,run8|9b5517f7fdd302eb8195017c
4705,train,run8|6674a5e5218460b260687511
4706,test,run8|bcd70e5095da14a52054b920
4707,train,run8|6f9094637d3f82e6e22a53a0
4708,val,run8|dfab8e39fc398481e5aef8c0
4709,test,run8|6fba023b53e11f310a916027
4710,test,run8|f35548ba6233719077bad64a
4711,val,run8|19145757707d66881096d162
4712,train,run8|4705d5175663c98402c5a48c
4713,test,run8|19fcd245f784b00ee7e17f30
4714,train,run8|583e8c2968cd89e8819f6b0f
4715,val,run8|0ad7fa379690e1ac0f389b5e
4716,train,run8|f1e42c71cab9453256e1d6d7
4717,test,run8|1d71edd6a5160c28b9e3d4f6
4718,test,run8|267485de8653207aba47d174
4719,train,run8|ed2d3676b5684bd62408f338
4720,val,run8|440c9a8ebc34cc9f1fad4e1d
4721,train,run8|468230fd3693a015da499235
4722,train,run8|0c88d793291cbb1cfba5b6f3
4723,train,run8|334f357f97fd51476e7141e2
4724,test,run8|d9e82019052c1d997954f209
4725,test,run8|d7ef83ff8ed96f275535622a
4726,train,run8|bdd9fa51037e976677f5c6e7
4727,train,run8|4ec9145b805766239f44980a
4728,val,run8|6ca216cec6a1e46958310295
4729,val,run8|9938b3c25d48596bbdccf2fe
4730,val,run8|492427e830220b137f29027c
4731,test,run8|fce312349a899af356161d51
4732,val,run8|a3ff2cd704558a9ed50dafde
4733,val,run8|29c24348cf163e40cc5249b6
4734,train,run8|a86c43dea0c34d79aa12a7c8
4735,val,run8|959ca72e00160da57964aa32
4736,train,run8|b871585b00886eb55101954b
4737,train,run8|faced058caf5f0f7eefaec81
4738,train,run8|1e2abc624b904c089cdfc94b
4739,val,run8|798690b86d10375e3ffe526d
4740,val,run8|196194cb0592b2cae95b8bdf
4741,test,run8|24272a1fa46874c318d8f9c6
4742,train,run8|ebb4fa5291a2e61ebb806613
4743,train,run8|9ca069485d227487ac41483c
4744,val,run8|5274f960fd53c63340bb8a50
4745,test,run8|c8ba4d1f5bb72d77c29e3f66
4746,train,run8|1c58ed3f0a23237ceec879f9
4747,train,run8|d33fb8a7cf2c15996563ef1d
4748,train,run8|a4a3cd007e783d2a3f12f339
4749,val,run8|2201951140a1925295a3d8ab
4750,train,run8|aa365f75922feaf2c28b6dad
4751,test,run8|f606ca184472f320d5eda893
4752,test,run8|5966717cf3a6ae9c60687d0b
4753,val,run8|1a12ae57febf01bfac9fc33a
4754,train,run8|2c73d77bd81b975d59b41790
4755,train,run8|4a74c2bc538e943f643ca017
4756,train,run8|5bf22cb6dff50bd999e775b8
4757,train,run8|e5b6ef384c0818496f5ebc35
4758,val,run8|4e3aa4298f2c4570b3864f7a
4759,train,run8|b8cded0d3a3e9658f368aece
4760,val,run8|123ced916c7fb9f3ba45dbca
4761,test,run8|0e013cdfa1511bbbe41a8d2e
4762,train,run8|290ff5741c4d65a0e6be4acd
4763,train,run8|e94ef45948eb136a0be254e2
4764,train,run8|0a41e64634742fa627ec942c
4765,val,run8|9949e415da33629842faa1e4
4766,test,run8|77768c2d2ef82bfa30c9879c
4767,train,run8|9b5517f7fdd302eb8195017c
4768,train,run8|6674a5e5218460b260687511
4769,test,run8|bcd70e5095da14a52054b920
4770,train,run8|6f9094637d3f82e6e22a53a0
4771,val,run8|dfab8e39fc398481e5aef8c0
4772,test,run8|6fba023b53e11f310a916027
4773,test,run8|f35548ba6233719077bad64a
4774,val,run8|19145757707d66881096d162
4775,train,run8|4705d5175663c98402c5a48c
4776,test,run8|19fcd245f784b00ee7e17f30
4777,train,run8|583e8c2968cd89e8819f6b0f
4778,val,run8|0ad7fa379690e1ac0f389b5e
4779,train,run8|f1e42c71cab9453256e1d6d7
4780,test,run8|1d71edd6a5160c28b9e3d4f6
4781,test,run8|267485de8653207aba47d174
4782,train,run8|ed2d3676b5684bd62408f338
4783,val,run8|440c9a8ebc34cc9f1fad4e1d
4784,train,run8|468230fd3693a015da499235
4785,train,run8|0c88d793291cbb1cfba5b6f3
4786,train,run8|334f357f97fd51476e7141e2
4787,test,run8|d9e82019052c1d997954f209
4788,test,run8|d7ef83ff8ed96f275535622a
4789,train,run8|bdd9fa51037e976677f5c6e7
4790,train,run8|4ec9145b805766239f44980a
4791,val,run8|6ca216cec6a1e46958310295
4792,val,run8|9938b3c25d48596bbdccf2fe
4793,val,run8|492427e830220b137f29027c
4794,test,run8|fce312349a899af356161d51
4795,val,run8|a3ff2cd704558a9ed50dafde
4796,val,run8|29c24348cf163e40cc5249b6
4797,train,run8|a86c43dea0c34d79aa12a7c8
4798,val,run8|959ca72e00160da57964aa32
4799,train,run8|b871585b00886eb55101954b
4800,train,run8|faced058caf5f0f7eefaec81
4801,train,run8|1e2abc624b904c089cdfc94b
4802,val,run8|798690b86d10375e3ffe526d
4803,val,run8|196194cb0592b2cae95b8bdf
4804,test,run8|24272a1fa46874c318d8f9c6
4805,train,run8|ebb4fa5291a2e61ebb806613
4806,train,run8|9ca069485d227487ac41483c
4807,val,run8|5274f960fd53c63340bb8a50
4808,test,run8|c8ba4d1f5bb72d77c29e3f66
4809,train,run8|1c58ed3f0a23237ceec879f9
4810,train,run8|d33fb8a7cf2c15996563ef1d
4811,train,run8|a4a3cd007e783d2a3f12f339
4812,val,run8|2201951140a1925295a3d8ab
4813,train,run8|aa365f75922feaf2c28b6dad
4814,test,run8|f606ca184472f320d5eda893
4815,test,run8|5966717cf3a6ae9c60687d0b
4816,val,run8|1a12ae57febf01bfac9fc33a
4817,train,run8|2c73d77bd81b975d59b41790
4818,train,run8|4a74c2bc538e943f643ca017
4819,train,run8|5bf22cb6dff50bd999e775b8
4820,train,run8|e5b6ef384c0818496f5ebc35
4821,val,run8|4e3aa4298f2c4570b3864f7a
4822,train,run8|b8cded0d3a3e9658f368aece
4823,val,run8|123ced916c7fb9f3ba45dbca
4824,test,run8|0e013cdfa1511bbbe41a8d2e
4825,train,run8|290ff5741c4d65a0e6be4acd
4826,train,run8|e94ef45948eb136a0be254e2
4827,train,run8|0a41e64634742fa627ec942c
4828,val,run8|9949e415da33629842faa1e4
4829,test,run8|77768c2d2ef82bfa30c9879c
4830,train,run8|9b5517f7fdd302eb8195017c
4831,train,run8|6674a5e5218460b260687511
4832,test,run8|bcd70e5095da14a52054b920
4833,train,run8|6f9094637d3f82e6e22a53a0
4834,val,run8|dfab8e39fc398481e5aef8c0
4835,test,run8|6fba023b53e11f310a916027
4836,test,run8|f35548ba6233719077bad64a
4837,val,run8|19145757707d66881096d162
4838,train,run8|4705d5175663c98402c5a48c
4839,test,run8|19fcd245f784b00ee7e17f30
4840,train,run8|583e8c2968cd89e8819f6b0f
4841,val,run8|0ad7fa379690e1ac0f389b5e
4842,train,run8|f1e42c71cab9453256e1d6d7
4843,test,run8|1d71edd6a5160c28b9e3d4f6
4844,test,run8|267485de8653207aba47d174
4845,train,run8|ed2d3676b5684bd62408f338
4846,val,run8|440c9a8ebc34cc9f1fad4e1d
4847,train,run8|468230fd3693a015da499235
4848,train,run8|0c88d793291cbb1cfba5b6f3
4849,train,run8|334f357f97fd51476e7141e2
4850,test,run8|d9e82019052c1d997954f209
4851,test,run8|d7ef83ff8ed96f275535622a
4852,train,run8|bdd9fa51037e976677f5c6e7
4853,train,run8|4ec9145b805766239f44980a
4854,val,run8|6ca216cec6a1e46958310295
4855,val,run8|9938b3c25d48596bbdccf2fe
4856,val,run8|492427e830220b137f29027c
4857,test,run8|fce312349a899af356161d51
4858,val,run8|a3ff2cd704558a9ed50dafde
4859,val,run8|29c24348cf163e40cc5249b6
4860,train,run8|a86c43dea0c34d79aa12a7c8
4861,val,run8|959ca72e00160da57964aa32
4862,train,run8|b871585b00886eb55101954b
4863,train,run8|faced058caf5f0f7eefaec81
4864,train,run8|1e2abc624b904c089cdfc94b
4865,val,run8|798690b86d10375e3ffe526d
4866,val,run8|196194cb0592b2cae95b8bdf
4867,test,run8|24272a1fa46874c318d8f9c6
4868,train,run8|ebb4fa5291a2e61ebb806613
4869,train,run8|9ca069485d227487ac41483c
4870,val,run8|5274f960fd53c63340bb8a50
4871,test,run8|c8ba4d1f5bb72d77c29e3f66
4872,train,run8|1c58ed3f0a23237ceec879f9
4873,train,run8|d33fb8a7cf2c15996563ef1d
4874,train,run8|a4a3cd007e783d2a3f12f339
4875,val,run8|2201951140a1925295a3d8ab
4876,train,run8|aa365f75922feaf2c28b6dad
4877,test,run8|f606ca184472f320d5eda893
4878,test,run8|5966717cf3a6ae9c60687d0b
4879,val,run8|1a12ae57febf01bfac9fc33a
4880,train,run8|2c73d77bd81b975d59b41790
4881,train,run8|4a74c2bc538e943f643ca017
4882,train,run8|5bf22cb6dff50bd999e775b8
4883,train,run8|e5b6ef384c0818496f5ebc35
4884,val,run8|4e3aa4298f2c4570b3864f7a
4885,train,run8|b8cded0d3a3e9658f368aece
4886,val,run8|123ced916c7fb9f3ba45dbca
4887,test,run8|0e013cdfa1511bbbe41a8d2e
4888,train,run8|290ff5741c4d65a0e6be4acd
4889,train,run8|e94ef45948eb136a0be254e2
4890,train,run8|0a41e64634742fa627ec942c
4891,val,run8|9949e415da33629842faa1e4
4892,test,run8|77768c2d2ef82bfa30c9879c
4893,train,run8|9b5517f7fdd302eb8195017c
4894,train,run8|6674a5e5218460b260687511
4895,test,run8|bcd70e5095da14a52054b920
4896,train,run8|6f9094637d3f82e6e22a53a0
4897,val,run8|dfab8e39fc398481e5aef8c0
4898,test,run8|6fba023b53e11f310a916027
4899,test,run8|f35548ba6233719077bad64a
4900,val,run8|19145757707d66881096d162
4901,train,run8|4705d5175663c98402c5a48c
4902,test,run8|19fcd245f784b00ee7e17f30
4903,train,run8|583e8c2968cd89e8819f6b0f
4904,val,run8|873e141841de79010a785a57
4905,val,run8|0ad7fa379690e1ac0f389b5e
4906,train,run8|f1e42c71cab9453256e1d6d7
4907,test,run8|1d71edd6a5160c28b9e3d4f6
4908,test,run8|267485de8653207aba47d174
4909,train,run8|ed2d3676b5684bd62408f338
4910,val,run8|440c9a8ebc34cc9f1fad4e1d
4911,train,run8|468230fd3693a015da499235
4912,train,run8|0c88d793291cbb1cfba5b6f3
4913,train,run8|334f357f97fd51476e7141e2
4914,test,run8|d9e82019052c1d997954f209
4915,test,run8|d7ef83ff8ed96f275535622a
4916,train,run8|bdd9fa51037e976677f5c6e7
4917,train,run8|4ec9145b805766239f44980a
4918,val,run8|6ca216cec6a1e46958310295
4919,val,run8|9938b3c25d48596bbdccf2fe
4920,val,run8|492427e830220b137f29027c
4921,test,run8|fce312349a899af356161d51
4922,val,run8|a3ff2cd704558a9ed50dafde
4923,val,run8|29c24348cf163e40cc5249b6
4924,train,run8|a86c43dea0c34d79aa12a7c8
4925,val,run8|959ca72e00160da57964aa32
4926,train,run8|b871585b00886eb55101954b
4927,train,run8|faced058caf5f0f7eefaec81
4928,train,run8|1e2abc624b904c089cdfc94b
4929,val,run8|798690b86d10375e3ffe526d
4930,val,run8|196194cb0592b2cae95b8bdf
4931,test,run8|24272a1fa46874c318d8f9c6
4932,train,run8|ebb4fa5291a2e61ebb806613
4933,train,run8|9ca069485d227487ac41483c
4934,val,run8|5274f960fd53c63340bb8a50
4935,test,run8|c8ba4d1f5bb72d77c29e3f66
4936,train,run8|1c58ed3f0a23237ceec879f9
4937,train,run8|d33fb8a7cf2c15996563ef1d
4938,train,run8|a4a3cd007e783d2a3f12f339
4939,val,run8|2201951140a1925295a3d8ab
4940,train,run8|aa365f75922feaf2c28b6dad
4941,test,run8|f606ca184472f320d5eda893
4942,test,run8|5966717cf3a6ae9c60687d0b
4943,val,run8|1a12ae57febf01bfac9fc33a
4944,train,run8|2c73d77bd81b975d59b41790
4945,train,run8|4a74c2bc538e943f643ca017
4946,train,run8|5bf22cb6dff50bd999e775b8
4947,train,run8|e5b6ef384c0818496f5ebc35
4948,val,run8|4e3aa4298f2c4570b3864f7a
4949,train,run8|b8cded0d3a3e9658f368aece
4950,val,run8|123ced916c7fb9f3ba45dbca
4951,test,run8|0e013cdfa1511bbbe41a8d2e
4952,train,run8|290ff5741c4d65a0e6be4acd
4953,train,run8|e94ef45948eb136a0be254e2
4954,train,run8|0a41e64634742fa627ec942c
4955,val,run8|9949e415da33629842faa1e4
4956,test,run8|77768c2d2ef82bfa30c9879c
4957,train,run8|9b5517f7fdd302eb8195017c
4958,train,run8|6674a5e5218460b260687511
4959,test,run8|bcd70e5095da14a52054b920
4960,train,run8|6f9094637d3f82e6e22a53a0
4961,val,run8|dfab8e39fc398481e5aef8c0
4962,test,run8|6fba023b53e11f310a916027
4963,test,run8|f35548ba6233719077bad64a
4964,val,run8|19145757707d66881096d162
4965,train,run8|4705d5175663c98402c5a48c
4966,test,run8|19fcd245f784b00ee7e17f30
4967,train,run8|583e8c2968cd89e8819f6b0f
4968,train,run8|3970b4909682818f49c653df
4969,train,run8|222abdb293f2613b90140b48
4970,test,run8|ed4fc5eb78125c67c0eaa69b
4971,train,run8|0ec569442b6066a3b3be741f
4972,val,run8|0ad7fa379690e1ac0f389b5e
4973,train,run8|f1e42c71cab9453256e1d6d7
4974,test,run8|1d71edd6a5160c28b9e3d4f6
4975,test,run8|267485de8653207aba47d174
4976,train,run8|ed2d3676b5684bd62408f338
4977,val,run8|440c9a8ebc34cc9f1fad4e1d
4978,train,run8|468230fd3693a015da499235
4979,train,run8|0c88d793291cbb1cfba5b6f3
4980,train,run8|334f357f97fd51476e7141e2
4981,test,run8|d9e82019052c1d997954f209
4982,test,run8|d7ef83ff8ed96f275535622a
4983,train,run8|bdd9fa51037e976677f5c6e7
4984,train,run8|4ec9145b805766239f44980a
4985,val,run8|6ca216cec6a1e46958310295
4986,val,run8|9938b3c25d48596bbdccf2fe
4987,val,run8|492427e830220b137f29027c
4988,test,run8|fce312349a899af356161d51
4989,val,run8|a3ff2cd704558a9ed50dafde
4990,val,run8|29c24348cf163e40cc5249b6
4991,train,run8|a86c43dea0c34d79aa12a7c8
4992,val,run8|959ca72e00160da57964aa32
4993,train,run8|b871585b00886eb55101954b
4994,train,run8|faced058caf5f0f7eefaec81
4995,train,run8|1e2abc624b904c089cdfc94b
4996,val,run8|798690b86d10375e3ffe526d
4997,val,run8|196194cb0592b2cae95b8bdf
4998,test,run8|24272a1fa46874c318d8f9c6
4999,train,run8|ebb4fa5291a2e61ebb806613
5000,train,run8|9ca069485d227487ac41483c
5001,val,run8|5274f960fd53c63340bb8a50
5002,test,run8|c8ba4d1f5bb72d77c29e3f66
5003,train,run8|1c58ed3f0a23237ceec879f9
5004,train,run8|d33fb8a7cf2c15996563ef1d
5005,train,run8|a4a3cd007e783d2a3f12f339
5006,val,run8|2201951140a1925295a3d8ab
5007,train,run8|aa365f75922feaf2c28b6dad
5008,test,run8|f606ca184472f320d5eda893
5009,test,run8|5966717cf3a6ae9c60687d0b
5010,val,run8|1a12ae57febf01bfac9fc33a
5011,train,run8|2c73d77bd81b975d59b41790
5012,train,run8|4a74c2bc538e943f643ca017
5013,train,run8|5bf22cb6dff50bd999e775b8
5014,train,run8|e5b6ef384c0818496f5ebc35
5015,val,run8|4e3aa4298f2c4570b3864f7a
5016,train,run8|b8cded0d3a3e9658f368aece
5017,val,run8|123ced916c7fb9f3ba45dbca
5018,test,run8|0e013cdfa1511bbbe41a8d2e
5019,train,run8|290ff5741c4d65a0e6be4acd
5020,train,run8|e94ef45948eb136a0be254e2
5021,train,run8|0a41e64634742fa627ec942c
5022,val,run8|9949e415da33629842faa1e4
5023,test,run8|77768c2d2ef82bfa30c9879c
5024,train,run8|9b5517f7fdd302eb8195017c
5025,train,run8|6674a5e5218460b260687511
5026,test,run8|bcd70e5095da14a52054b920
5027,train,run8|6f9094637d3f82e6e22a53a0
5028,val,run8|dfab8e39fc398481e5aef8c0
5029,test,run8|6fba023b53e11f310a916027
5030,test,run8|f35548ba6233719077bad64a
5031,val,run8|19145757707d66881096d162
5032,train,run8|4705d5175663c98402c5a48c
5033,test,run8|19fcd245f784b00ee7e17f30
5034,train,run8|583e8c2968cd89e8819f6b0f
5035,train,run8|ea0c47bd592120a01e7dbdb7
5036,train,run8|f98507791870364a51253339
5037,train,run8|5c289dedb7ba8c28d0c14263
5038,val,run8|dfab8e39fc398481e5aef8c0
5039,test,run8|f35548ba6233719077bad64a
5040,val,run9|c6ca972d54de46806ffeee1e
5041,train,run9|fbf30b67eb2f815351a8eb44
5042,test,run9|31aea2e1dfc032138a210d9f
5043,train,run9|df48bf2f6608a182fd60a273
5044,val,run9|a5f171019d366c040530aaef
5045,val,run9|843c57e8e63f07438c172be2
5046,val,run9|d616d6a073029aafa7af90c2
5047,train,run9|3d922b05264ddbd0fae86c62
5048,train,run9|1613a9bf29c36167809e68a6
5049,test,run9|f230969ce29b2e60dfa420a6
5050,test,run9|cf83ea8e37fe202ffc7b9ac7
5051,train,run9|00bef6a2b5c3cc735d24d13a
5052,train,run9|07594d01cdbe296c1980a308
5053,val,run9|46a030c952b522d38e969736
5054,val,run9|19bfcf98acba8ae9275c7c99
5055,test,run9|446dee5a256136b44c075800
5056,test,run9|86d0152234cf826c31c8b173
5057,test,run9|c91ffbdd3ac0344791edd219
5058,train,run9|acd628339c4d41c174eefbfb
5059,train,run9|6ae50ab609ba2da0d0d26afe
5060,train,run9|ae227685c3680b65f6d08de8
5061,train,run9|72a9f93ca98f64dc0600a079
5062,test,run9|48483bb2d3d5be92852309b7
5063,val,run9|024362914f1f51cea25509fd
5064,train,run9|1f9da37d70e0cd0c03bc85ce
5065,train,run9|0c62295fb4debbd6ccfd25a6
5066,val,run9|3e2d46d15a340265715502e9
5067,train,run9|87a1f4c1db882f3a989c9288
5068,train,run9|d605147aeec8a6ae87a11273
5069,test,run9|cc6ada4fd6fe4e6afb34a0f0
5070,train,run9|b1c5aa57be871febe2a7985d
5071,val,run9|e26e78b225de92e5e120c6a9
5072,val,run9|6e465cbd65c8258de4229f7d
5073,train,run9|9e85603783c6fbe8e3ce5ccd
5074,val,run9|1437b2567479d46fad42cf72
5075,val,run9|621b28b1d0cb85c5fd55485f
5076,train,run9|0012bd9c1898c0686f86ef04
5077,val,run9|2f9d8b966bd9c53a2028aa32
5078,train,run9|3ebd282d3452cf57973d2487
5079,train,run9|c3797195d95b69c0771cb9ec
5080,test,run9|370dfad153b0982f29779d0b
5081,test,run9|f6ae90b2e9ac97e31c4c06eb
5082,train,run9|1685a5b6aaf61fb542236e08
5083,train,run9|554cef6cb756e07dcd8111a2
5084,train,run9|f168c4d6e87fa539c2c30943
5085,test,run9|9644e5d294d39efbc1c5a60b
5086,train,run9|6c5046b20826ded8ac031e6b
5087,train,run9|392ec63883b728094776d436
5088,train,run9|b7bcfc150cdfd1a8933582ff
5089,train,run9|e8fe3de12e7ccbd11e75eb3d
5090,train,run9|754b4f9318e12392a31a5cb9
5091,test,run9|3500a1428e44eab44518e67c
5092,train,run9|4b8fdb192f5131f18744c9ad
5093,test,run9|73a66a02e58b400782312aa7
5094,val,run9|ef675bdeae7e8b9c1a118307
5095,train,run9|787e1884e100a76d129947fb
5096,train,run9|b8bb8180ea04a58452081e23
5097,train,run9|0d0f5b8f9b33f3e21822eceb
5098,train,run9|a2672829ffc7a0df0421690b
5099,test,run9|aeb6b1bdc05ad4fe4b14e4f8
5100,val,run9|c0e33b8eed247968105f5736
5101,test,run9|e17e402dbb1a6fb5efcb681f
5102,train,run9|1dd0053f59aff148b34bdcc5
5103,test,run9|9747a1293a48685fc72b36a6
5104,val,run9|7ad0d4fa9edff6b749c9f77e
5105,test,run9|2943ca5bf175af66bfa9a99d
5106,val,run9|98f487574fe2f21efd5fe08e
5107,train,run9|a7c14fc53584bfc75cf3c6da
5108,train,run9|ded226085a3e90489c8fcd25
5109,train,run9|7b2c01a9a926edbaece3fde1
5110,test,run9|53cb5caa6d8bf542fd831fee
5111,train,run9|ffc78856589697563ba9d9d3
5112,test,run9|9df9c0d2519eb41c519cb078
5113,val,run9|3ddde6ce672971cb5795c318
5114,train,run9|cd09bd028318b61542438b36
5115,train,run9|851a3e8d056b3694ae762339
5116,train,run9|18127eedba11d8fb62aa5d53
5117,val,run9|58f24bccda5e217ebf43322e
5118,train,run9|01a830d89141c7f0af0506d8
5119,val,run9|c6ca972d54de46806ffeee1e
5120,train,run9|fbf30b67eb2f815351a8eb44
5121,test,run9|31aea2e1dfc032138a210d9f
5122,train,run9|df48bf2f6608a182fd60a273
5123,val,run9|a5f171019d366c040530aaef
5124,val,run9|843c57e8e63f07438c172be2
5125,val,run9|d616d6a073029aafa7af90c2
5126,train,run9|3d922b05264ddbd0fae86c62
5127,train,run9|1613a9bf29c36167809e68a6
5128,test,run9|f230969ce29b2e60dfa420a6
5129,test,run9|cf83ea8e37fe202ffc7b9ac7
5130,train,run9|00bef6a2b5c3cc735d24d13a
5131,train,run9|07594d01cdbe296c1980a308
5132,val,run9|46a030c952b522d38e969736
5133,val,run9|19bfcf98acba8ae9275c7c99
5134,test,run9|446dee5a256136b44c075800
5135,test,run9|86d0152234cf826c31c8b173
5136,test,run9|c91ffbdd3ac0344791edd219
5137,train,run9|acd628339c4d41c174eefbfb
5138,train,run9|6ae50ab609ba2da0d0d26afe
5139,train,run9|ae227685c3680b65f6d08de8
5140,train,run9|72a9f93ca98f64dc0600a079
5141,test,run9|48483bb2d3d5be92852309b7
5142,val,run9|024362914f1f51cea25509fd
5143,train,run9|1f9da37d70e0cd0c03bc85ce
5144,train,run9|0c62295fb4debbd6ccfd25a6
5145,val,run9|3e2d46d15a340265715502e9
5146,train,run9|87a1f4c1db882f3a989c9288
5147,train,run9|d605147aeec8a6ae87a11273
5148,test,run9|cc6ada4fd6fe4e6afb34a0f0
5149,train,run9|b1c5aa57be871febe2a7985d
5150,val,run9|e26e78b225de92e5e120c6a9
5151,val,run9|6e465cbd65c8258de4229f7d
5152,train,run9|9e85603783c6fbe8e3ce5ccd
5153,val,run9|1437b2567479d46fad42cf72
5154,val,run9|621b28b1d0cb85c5fd55485f
5155,train,run9|0012bd9c1898c0686f86ef04
5156,val,run9|2f9d8b966bd9c53a2028aa32
5157,train,run9|3ebd282d3452cf57973d2487
5158,train,run9|c3797195d95b69c0771cb9ec
5159,test,run9|370dfad153b0982f29779d0b
5160,test,run9|f6ae90b2e9ac97e31c4c06eb
5161,train,run9|1685a5b6aaf61fb542236e08
5162,train,run9|554cef6cb756e07dcd8111a2
5163,train,run9|f168c4d6e87fa539c2c30943
5164,test,run9|9644e5d294d39efbc1c5a60b
5165,train,run9|6c5046b20826ded8ac031e6b
5166,train,run9|392ec63883b728094776d436
5167,train,run9|b7bcfc150cdfd1a8933582ff
5168,train,run9|e8fe3de12e7ccbd11e75eb3d
5169,train,run9|754b4f9318e12392a31a5cb9
5170,test,run9|3500a1428e44eab44518e67c
5171,train,run9|4b8fdb192f5131f18744c9ad
5172,test,run9|73a66a02e58b400782312aa7
5173,val,run9|ef675bdeae7e8b9c1a118307
5174,train,run9|787e1884e100a76d129947fb
5175,train,run9|b8bb8180ea04a58452081e23
5176,train,run9|0d0f5b8f9b33f3e21822eceb
5177,train,run9|a2672829ffc7a0df0421690b
5178,test,run9|aeb6b1bdc05ad4fe4b14e4f8
5179,val,run9|c0e33b8eed247968105f5736
5180,test,run9|e17e402dbb1a6fb5efcb681f
5181,train,run9|1dd0053f59aff148b34bdcc5
5182,val,run9|c6ca972d54de46806ffeee1e
5183,train,run9|fbf30b67eb2f815351a8eb44
5184,test,run9|31aea2e1dfc032138a210d9f
5185,train,run9|df48bf2f6608a182fd60a273
5186,val,run9|a5f171019d366c040530aaef
5187,val,run9|843c57e8e63f07438c172be2
5188,val,run9|d616d6a073029aafa7af90c2
5189,train,run9|3d922b05264ddbd0fae86c62
5190,train,run9|1613a9bf29c36167809e68a6
5191,test,run9|f230969ce29b2e60dfa420a6
5192,test,run9|cf83ea8e37fe202ffc7b9ac7
5193,train,run9|00bef6a2b5c3cc735d24d13a
5194,train,run9|07594d01cdbe296c1980a308
5195,val,run9|46a030c952b522d38e969736
5196,val,run9|19bfcf98acba8ae9275c7c99
5197,test,run9|446dee5a256136b44c075800
5198,test,run9|86d0152234cf826c31c8b173
5199,test,run9|c91ffbdd3ac0344791edd219
5200,train,run9|acd628339c4d41c174eefbfb
5201,train,run9|6ae50ab609ba2da0d0d26afe
5202,train,run9|ae227685c3680b65f6d08de8
5203,train,run9|72a9f93ca98f64dc0600a079
5204,test,run9|48483bb2d3d5be92852309b7
5205,val,run9|024362914f1f51cea25509fd
5206,train,run9|1f9da37d70e0cd0c03bc85ce
5207,train,run9|0c62295fb4debbd6ccfd25a6
5208,val,run9|3e2d46d15a340265715502e9
5209,train,run9|87a1f4c1db882f3a989c9288
5210,train,run9|d605147aeec8a6ae87a11273
5211,test,run9|cc6ada4fd6fe4e6afb34a0f0
5212,train,run9|b1c5aa57be871febe2a7985d
5213,val,run9|e26e78b225de92e5e120c6a9
5214,val,run9|6e465cbd65c8258de4229f7d
5215,train,run9|9e85603783c6fbe8e3ce5ccd
5216,val,run9|1437b2567479d46fad42cf72
5217,val,run9|621b28b1d0cb85c5fd55485f
5218,train,run9|0012bd9c1898c0686f86ef04
5219,val,run9|2f9d8b966bd9c53a2028aa32
5220,train,run9|3ebd282d3452cf57973d2487
5221,train,run9|c3797195d95b69c0771cb9ec
5222,test,run9|370dfad153b0982f29779d0b
5223,test,run9|f6ae90b2e9ac97e31c4c06eb
5224,train,run9|1685a5b6aaf61fb542236e08
5225,train,run9|554cef6cb756e07dcd8111a2
5226,train,run9|f168c4d6e87fa539c2c30943
5227,test,run9|9644e5d294d39efbc1c5a60b
5228,train,run9|6c5046b20826ded8ac031e6b
5229,train,run9|392ec63883b728094776d436
5230,train,run9|b7bcfc150cdfd1a8933582ff
5231,train,run9|e8fe3de12e7ccbd11e75eb3d
5232,train,run9|754b4f9318e12392a31a5cb9
5233,test,run9|3500a1428e44eab44518e67c
5234,train,run9|4b8fdb192f5131f18744c9ad
5235,test,run9|73a66a02e58b400782312aa7
5236,val,run9|ef675bdeae7e8b9c1a118307
5237,train,run9|787e1884e100a76d129947fb
5238,train,run9|b8bb8180ea04a58452081e23
5239,train,run9|0d0f5b8f9b33f3e21822eceb
5240,train,run9|a2672829ffc7a0df0421690b
5241,test,run9|aeb6b1bdc05ad4fe4b14e4f8
5242,val,run9|c0e33b8eed247968105f5736
5243,test,run9|e17e402dbb1a6fb5efcb681f
5244,train,run9|1dd0053f59aff148b34bdcc5
5245,val,run9|c6ca972d54de46806ffeee1e
5246,train,run9|fbf30b67eb2f815351a8eb44
5247,test,run9|31aea2e1dfc032138a210d9f
5248,train,run9|df48bf2f6608a182fd60a273
5249,val,run9|a5f171019d366c040530aaef
5250,val,run9|843c57e8e63f07438c172be2
5251,val,run9|d616d6a073029aafa7af90c2
5252,train,run9|3d922b05264ddbd0fae86c62
5253,train,run9|1613a9bf29c36167809e68a6
5254,test,run9|f230969ce29b2e60dfa420a6
5255,test,run9|cf83ea8e37fe202ffc7b9ac7
5256,train,run9|00bef6a2b5c3cc735d24d13a
5257,train,run9|07594d01cdbe296c1980a308
5258,val,run9|46a030c952b522d38e969736
5259,val,run9|19bfcf98acba8ae9275c7c99
5260,test,run9|446dee5a256136b44c075800
5261,test,run9|86d0152234cf826c31c8b173
5262,test,run9|c91ffbdd3ac0344791edd219
5263,train,run9|acd628339c4d41c174eefbfb
5264,train,run9|6ae50ab609ba2da0d0d26afe
5265,train,run9|ae227685c3680b65f6d08de8
5266,train,run9|72a9f93ca98f64dc0600a079
5267,test,run9|48483bb2d3d5be92852309b7
5268,val,run9|024362914f1f51cea25509fd
5269,train,run9|1f9da37d70e0cd0c03bc85ce
5270,train,run9|0c62295fb4debbd6ccfd25a6
5271,val,run9|3e2d46d15a340265715502e9
5272,train,run9|87a1f4c1db882f3a989c9288
5273,train,run9|d605147aeec8a6ae87a11273
5274,test,run9|cc6ada4fd6fe4e6afb34a0f0
5275,train,run9|b1c5aa57be871febe2a7985d
5276,val,run9|e26e78b225de92e5e120c6a9
5277,val,run9|6e465cbd65c8258de4229f7d
5278,train,run9|9e85603783c6fbe8e3ce5ccd
5279,val,run9|1437b2567479d46fad42cf72
5280,val,run9|621b28b1d0cb85c5fd55485f
5281,train,run9|0012bd9c1898c0686f86ef04
5282,val,run9|2f9d8b966bd9c53a2028aa32
5283,train,run9|3ebd282d3452cf57973d2487
5284,train,run9|c3797195d95b69c0771cb9ec
5285,test,run9|370dfad153b0982f29779d0b
5286,test,run9|f6ae90b2e9ac97e31c4c06eb
5287,train,run9|1685a5b6aaf61fb542236e08
5288,train,run9|554cef6cb756e07dcd8111a2
5289,train,run9|f168c4d6e87fa539c2c30943
5290,test,run9|9644e5d294d39efbc1c5a60b
5291,train,run9|6c5046b20826ded8ac031e6b
5292,train,run9|392ec63883b728094776d436
5293,train,run9|b7bcfc150cdfd1a8933582ff
5294,train,run9|e8fe3de12e7ccbd11e75eb3d
5295,train,run9|754b4f9318e12392a31a5cb9
5296,test,run9|3500a1428e44eab44518e67c
5297,train,run9|4b8fdb192f5131f18744c9ad
5298,test,run9|73a66a02e58b400782312aa7
5299,val,run9|ef675bdeae7e8b9c1a118307
5300,train,run9|787e1884e100a76d129947fb
5301,train,run9|b8bb8180ea04a58452081e23
5302,train,run9|0d0f5b8f9b33f3e21822eceb
5303,train,run9|a2672829ffc7a0df0421690b
5304,test,run9|aeb6b1bdc05ad4fe4b14e4f8
5305,val,run9|c0e33b8eed247968105f5736
5306,test,run9|e17e402dbb1a6fb5efcb681f
5307,train,run9|1dd0053f59aff148b34bdcc5
5308,val,run9|c6ca972d54de46806ffeee1e
5309,train,run9|fbf30b67eb2f815351a8eb44
5310,test,run9|31aea2e1dfc032138a210d9f
5311,train,run9|df48bf2f6608a182fd60a273
5312,val,run9|a5f171019d366c040530aaef
5313,val,run9|843c57e8e63f07438c172be2
5314,val,run9|d616d6a073029aafa7af90c2
5315,train,run9|3d922b05264ddbd0fae86c62
5316,train,run9|1613a9bf29c36167809e68a6
5317,test,run9|f230969ce29b2e60dfa420a6
5318,test,run9|cf83ea8e37fe202ffc7b9ac7
5319,train,run9|00bef6a2b5c3cc735d24d13a
5320,train,run9|07594d01cdbe296c1980a308
5321,val,run9|46a030c952b522d38e969736
5322,val,run9|19bfcf98acba8ae9275c7c99
5323,test,run9|446dee5a256136b44c075800
5324,test,run9|86d0152234cf826c31c8b173
5325,test,run9|c91ffbdd3ac0344791edd219
5326,train,run9|acd628339c4d41c174eefbfb
5327,train,run9|6ae50ab609ba2da0d0d26afe
5328,train,run9|ae227685c3680b65f6d08de8
5329,train,run9|72a9f93ca98f64dc0600a079
5330,test,run9|48483bb2d3d5be92852309b7
5331,val,run9|024362914f1f51cea25509fd
5332,train,run9|1f9da37d70e0cd0c03bc85ce
5333,train,run9|0c62295fb4debbd6ccfd25a6
5334,val,run9|3e2d46d15a340265715502e9
5335,train,run9|87a1f4c1db882f3a989c9288
5336,train,run9|d605147aeec8a6ae87a11273
5337,test,run9|cc6ada4fd6fe4e6afb34a0f0
5338,train,run9|b1c5aa57be871febe2a7985d
5339,val,run9|e26e78b225de92e5e120c6a9
5340,val,run9|6e465cbd65c8258de4229f7d
5341,train,run9|9e85603783c6fbe8e3ce5ccd
5342,val,run9|1437b2567479d46fad42cf72
5343,val,run9|621b28b1d0cb85c5fd55485f
5344,train,run9|0012bd9c1898c0686f86ef04
5345,val,run9|2f9d8b966bd9c53a2028aa32
5346,train,run9|3ebd282d3452cf57973d2487
5347,train,run9|c3797195d95b69c0771cb9ec
5348,test,run9|370dfad153b0982f29779d0b
5349,test,run9|f6ae90b2e9ac97e31c4c06eb
5350,train,run9|1685a5b6aaf61fb542236e08
5351,train,run9|554cef6cb756e07dcd8111a2
5352,train,run9|f168c4d6e87fa539c2c30943
5353,test,run9|9644e5d294d39efbc1c5a60b
5354,train,run9|6c5046b20826ded8ac031e6b
5355,train,run9|392ec63883b728094776d436
5356,train,run9|b7bcfc150cdfd1a8933582ff
5357,train,run9|e8fe3de12e7ccbd11e75eb3d
5358,train,run9|754b4f9318e12392a31a5cb9
5359,test,run9|3500a1428e44eab44518e67c
5360,train,run9|4b8fdb192f5131f18744c9ad
5361,test,run9|73a66a02e58b400782312aa7
5362,val,run9|ef675bdeae7e8b9c1a118307
5363,train,run9|787e1884e100a76d129947fb
5364,train,run9|b8bb8180ea04a58452081e23
5365,train,run9|0d0f5b8f9b33f3e21822eceb
5366,train,run9|a2672829ffc7a0df0421690b
5367,test,run9|aeb6b1bdc05ad4fe4b14e4f8
5368,val,run9|c0e33b8eed247968105f5736
5369,test,run9|e17e402dbb1a6fb5efcb681f
5370,train,run9|1dd0053f59aff148b34bdcc5
5371,val,run9|c6ca972d54de46806ffeee1e
5372,train,run9|fbf30b67eb2f815351a8eb44
5373,test,run9|31aea2e1dfc032138a210d9f
5374,train,run9|df48bf2f6608a182fd60a273
5375,val,run9|a5f171019d366c040530aaef
5376,val,run9|843c57e8e63f07438c172be2
5377,val,run9|d616d6a073029aafa7af90c2
5378,train,run9|3d922b05264ddbd0fae86c62
5379,train,run9|1613a9bf29c36167809e68a6
5380,test,run9|f230969ce29b2e60dfa420a6
5381,test,run9|cf83ea8e37fe202ffc7b9ac7
5382,train,run9|00bef6a2b5c3cc735d24d13a
5383,train,run9|07594d01cdbe296c1980a308
5384,val,run9|46a030c952b522d38e969736
5385,val,run9|19bfcf98acba8ae9275c7c99
5386,test,run9|446dee5a256136b44c075800
5387,test,run9|86d0152234cf826c31c8b173
5388,test,run9|c91ffbdd3ac0344791edd219
5389,train,run9|acd628339c4d41c174eefbfb
5390,train,run9|6ae50ab609ba2da0d0d26afe
5391,train,run9|ae227685c3680b65f6d08de8
5392,train,run9|72a9f93ca98f64dc0600a079
5393,test,run9|48483bb2d3d5be92852309b7
5394,val,run9|024362914f1f51cea25509fd
5395,train,run9|1f9da37d70e0cd0c03bc85ce
5396,train,run9|0c62295fb4debbd6ccfd25a6
5397,val,run9|3e2d46d15a340265715502e9
5398,train,run9|87a1f4c1db882f3a989c9288
5399,train,run9|d605147aeec8a6ae87a11273
5400,test,run9|cc6ada4fd6fe4e6afb34a0f0
5401,train,run9|b1c5aa57be871febe2a7985d
5402,val,run9|e26e78b225de92e5e120c6a9
5403,val,run9|6e465cbd65c8258de4229f7d
5404,train,run9|9e85603783c6fbe8e3ce5ccd
5405,val,run9|1437b2567479d46fad42cf72
5406,val,run9|621b28b1d0cb85c5fd55485f
5407,train,run9|0012bd9c1898c0686f86ef04
5408,val,run9|2f9d8b966bd9c53a2028aa32
5409,train,run9|3ebd282d3452cf57973d2487
5410,train,run9|c3797195d95b69c0771cb9ec
5411,test,run9|370dfad153b0982f29779d0b
5412,test,run9|f6ae90b2e9ac97e31c4c06eb
5413,train,run9|1685a5b6aaf61fb542236e08
5414,train,run9|554cef6cb756e07dcd8111a2
5415,train,run9|f168c4d6e87fa539c2c30943
5416,test,run9|9644e5d294d39efbc1c5a60b
5417,train,run9|6c5046b20826ded8ac031e6b
5418,train,run9|392ec63883b728094776d436
5419,train,run9|b7bcfc150cdfd1a8933582ff
5420,train,run9|e8fe3de12e7ccbd11e75eb3d
5421,train,run9|754b4f9318e12392a31a5cb9
5422,test,run9|3500a1428e44eab44518e67c
5423,train,run9|4b8fdb192f5131f18744c9ad
5424,test,run9|73a66a02e58b400782312aa7
5425,val,run9|ef675bdeae7e8b9c1a118307
5426,train,run9|787e1884e100a76d129947fb
5427,train,run9|b8bb8180ea04a58452081e23
5428,train,run9|0d0f5b8f9b33f3e21822eceb
5429,train,run9|a2672829ffc7a0df0421690b
5430,test,run9|aeb6b1bdc05ad4fe4b14e4f8
5431,val,run9|c0e33b8eed247968105f5736
5432,test,run9|e17e402dbb1a6fb5efcb681f
5433,train,run9|1dd0053f59aff148b34bdcc5
5434,val,run9|c6ca972d54de46806ffeee1e
5435,train,run9|fbf30b67eb2f815351a8eb44
5436,test,run9|31aea2e1dfc032138a210d9f
5437,train,run9|df48bf2f6608a182fd60a273
5438,val,run9|a5f171019d366c040530aaef
5439,val,run9|843c57e8e63f07438c172be2
5440,val,run9|d616d6a073029aafa7af90c2
5441,train,run9|3d922b05264ddbd0fae86c62
5442,train,run9|1613a9bf29c36167809e68a6
5443,test,run9|f230969ce29b2e60dfa420a6
5444,test,run9|cf83ea8e37fe202ffc7b9ac7
5445,train,run9|00bef6a2b5c3cc735d24d13a
5446,train,run9|07594d01cdbe296c1980a308
5447,val,run9|46a030c952b522d38e969736
5448,val,run9|19bfcf98acba8ae9275c7c99
5449,test,run9|446dee5a256136b44c075800
5450,test,run9|86d0152234cf826c31c8b173
5451,test,run9|c91ffbdd3ac0344791edd219
5452,train,run9|acd628339c4d41c174eefbfb
5453,train,run9|6ae50ab609ba2da0d0d26afe
5454,train,run9|ae227685c3680b65f6d08de8
5455,train,run9|72a9f93ca98f64dc0600a079
5456,test,run9|48483bb2d3d5be92852309b7
5457,val,run9|024362914f1f51cea25509fd
5458,train,run9|1f9da37d70e0cd0c03bc85ce
5459,train,run9|0c62295fb4debbd6ccfd25a6
5460,val,run9|3e2d46d15a340265715502e9
5461,train,run9|87a1f4c1db882f3a989c9288
5462,train,run9|d605147aeec8a6ae87a11273
5463,test,run9|cc6ada4fd6fe4e6afb34a0f0
5464,train,run9|b1c5aa57be871febe2a7985d
5465,val,run9|e26e78b225de92e5e120c6a9
5466,val,run9|6e465cbd65c8258de4229f7d
5467,train,run9|9e85603783c6fbe8e3ce5ccd
5468,val,run9|1437b2567479d46fad42cf72
5469,val,run9|621b28b1d0cb85c5fd55485f
5470,train,run9|0012bd9c1898c0686f86ef04
5471,val,run9|2f9d8b966bd9c53a2028aa32
5472,train,run9|3ebd282d3452cf57973d2487
5473,train,run9|c3797195d95b69c0771cb9ec
5474,test,run9|370dfad153b0982f29779d0b
5475,test,run9|f6ae90b2e9ac97e31c4c06eb
5476,train,run9|1685a5b6aaf61fb542236e08
5477,train,run9|554cef6cb756e07dcd8111a2
5478,train,run9|f168c4d6e87fa539c2c30943
5479,test,run9|9644e5d294d39efbc1c5a60b
5480,train,run9|6c5046b20826ded8ac031e6b
5481,train,run9|392ec63883b728094776d436
5482,train,run9|b7bcfc150cdfd1a8933582ff
5483,train,run9|e8fe3de12e7ccbd11e75eb3d
5484,train,run9|754b4f9318e12392a31a5cb9
5485,test,run9|3500a1428e44eab44518e67c
5486,train,run9|4b8fdb192f5131f18744c9ad
5487,test,run9|73a66a02e58b400782312aa7
5488,val,run9|ef675bdeae7e8b9c1a118307
5489,train,run9|787e1884e100a76d129947fb
5490,train,run9|b8bb8180ea04a58452081e23
5491,train,run9|0d0f5b8f9b33f3e21822eceb
5492,train,run9|a2672829ffc7a0df0421690b
5493,test,run9|aeb6b1bdc05ad4fe4b14e4f8
5494,val,run9|c0e33b8eed247968105f5736
5495,test,run9|e17e402dbb1a6fb5efcb681f
5496,train,run9|1dd0053f59aff148b34bdcc5
5497,val,run9|c6ca972d54de46806ffeee1e
5498,train,run9|fbf30b67eb2f815351a8eb44
5499,test,run9|31aea2e1dfc032138a210d9f
5500,train,run9|df48bf2f6608a182fd60a273
5501,val,run9|a5f171019d366c040530aaef
5502,val,run9|843c57e8e63f07438c172be2
5503,val,run9|d616d6a073029aafa7af90c2
5504,train,run9|3d922b05264ddbd0fae86c62
5505,train,run9|1613a9bf29c36167809e68a6
5506,test,run9|f230969ce29b2e60dfa420a6
5507,test,run9|cf83ea8e37fe202ffc7b9ac7
5508,train,run9|00bef6a2b5c3cc735d24d13a
5509,train,run9|07594d01cdbe296c1980a308
5510,val,run9|46a030c952b522d38e969736
5511,val,run9|19bfcf98acba8ae9275c7c99
5512,test,run9|446dee5a256136b44c075800
5513,test,run9|86d0152234cf826c31c8b173
5514,test,run9|c91ffbdd3ac0344791edd219
5515,train,run9|acd628339c4d41c174eefbfb
5516,train,run9|6ae50ab609ba2da0d0d26afe
5517,train,run9|ae227685c3680b65f6d08de8
5518,train,run9|72a9f93ca98f64dc0600a079
5519,test,run9|48483bb2d3d5be92852309b7
5520,val,run9|024362914f1f51cea25509fd
5521,train,run9|1f9da37d70e0cd0c03bc85ce
5522,train,run9|0c62295fb4debbd6ccfd25a6
5523,val,run9|3e2d46d15a340265715502e9
5524,train,run9|87a1f4c1db882f3a989c9288
5525,train,run9|d605147aeec8a6ae87a11273
5526,test,run9|cc6ada4fd6fe4e6afb34a0f0
5527,train,run9|b1c5aa57be871febe2a7985d
5528,val,run9|e26e78b225de92e5e120c6a9
5529,val,run9|6e465cbd65c8258de4229f7d
5530,train,run9|9e85603783c6fbe8e3ce5ccd
5531,val,run9|1437b2567479d46fad42cf72
5532,val,run9|621b28b1d0cb85c5fd55485f
5533,train,run9|0012bd9c1898c0686f86ef04
5534,val,run9|2f9d8b966bd9c53a2028aa32
5535,train,run9|3ebd282d3452cf57973d2487
5536,train,run9|c3797195d95b69c0771cb9ec
5537,test,run9|370dfad153b0982f29779d0b
5538,test,run9|f6ae90b2e9ac97e31c4c06eb
5539,train,run9|1685a5b6aaf61fb542236e08
5540,train,run9|554cef6cb756e07dcd8111a2
5541,train,run9|f168c4d6e87fa539c2c30943
5542,test,run9|9644e5d294d39efbc1c5a60b
5543,train,run9|6c5046b20826ded8ac031e6b
5544,train,run9|392ec63883b728094776d436
5545,train,run9|b7bcfc150cdfd1a8933582ff
5546,train,run9|e8fe3de12e7ccbd11e75eb3d
5547,train,run9|754b4f9318e12392a31a5cb9
5548,test,run9|3500a1428e44eab44518e67c
5549,train,run9|4b8fdb192f5131f18744c9ad
5550,test,run9|73a66a02e58b400782312aa7
5551,val,run9|ef675bdeae7e8b9c1a118307
5552,train,run9|787e1884e100a76d129947fb
5553,train,run9|b8bb8180ea04a58452081e23
5554,train,run9|0d0f5b8f9b33f3e21822eceb
5555,train,run9|a2672829ffc7a0df0421690b
5556,test,run9|aeb6b1bdc05ad4fe4b14e4f8
5557,val,run9|c0e33b8eed247968105f5736
5558,test,run9|e17e402dbb1a6fb5efcb681f
5559,train,run9|1dd0053f59aff148b34bdcc5
5560,test,run9|9df9c0d2519eb41c519cb078
5561,val,run9|c6ca972d54de46806ffeee1e
5562,train,run9|fbf30b67eb2f815351a8eb44
5563,test,run9|31aea2e1dfc032138a210d9f
5564,train,run9|df48bf2f6608a182fd60a273
5565,val,run9|a5f171019d366c040530aaef
5566,val,run9|843c57e8e63f07438c172be2
5567,val,run9|d616d6a073029aafa7af90c2
5568,train,run9|3d922b05264ddbd0fae86c62
5569,train,run9|1613a9bf29c36167809e68a6
5570,test,run9|f230969ce29b2e60dfa420a6
5571,test,run9|cf83ea8e37fe202ffc7b9ac7
5572,train,run9|00bef6a2b5c3cc735d24d13a
5573,train,run9|07594d01cdbe296c1980a308
5574,val,run9|46a030c952b522d38e969736
5575,val,run9|19bfcf98acba8ae9275c7c99
5576,test,run9|446dee5a256136b44c075800
5577,test,run9|86d0152234cf826c31c8b173
5578,test,run9|c91ffbdd3ac0344791edd219
5579,train,run9|acd628339c4d41c174eefbfb
5580,train,run9|6ae50ab609ba2da0d0d26afe
5581,train,run9|ae227685c3680b65f6d08de8
5582,train,run9|72a9f93ca98f64dc0600a079
5583,test,run9|48483bb2d3d5be92852309b7
5584,val,run9|024362914f1f51cea25509fd
5585,train,run9|1f9da37d70e0cd0c03bc85ce
5586,train,run9|0c62295fb4debbd6ccfd25a6
5587,val,run9|3e2d46d15a340265715502e9
5588,train,run9|87a1f4c1db882f3a989c9288
5589,train,run9|d605147aeec8a6ae87a11273
5590,test,run9|cc6ada4fd6fe4e6afb34a0f0
5591,train,run9|b1c5aa57be871febe2a7985d
5592,val,run9|e26e78b225de92e5e120c6a9
5593,val,run9|6e465cbd65c8258de4229f7d
5594,train,run9|9e85603783c6fbe8e3ce5ccd
5595,val,run9|1437b2567479d46fad42cf72
5596,val,run9|621b28b1d0cb85c5fd55485f
5597,train,run9|0012bd9c1898c0686f86ef04
5598,val,run9|2f9d8b966bd9c53a2028aa32
5599,train,run9|3ebd282d3452cf57973d2487
5600,train,run9|c3797195d95b69c0771cb9ec
5601,test,run9|370dfad153b0982f29779d0b
5602,test,run9|f6ae90b2e9ac97e31c4c06eb
5603,train,run9|1685a5b6aaf61fb542236e08
5604,train,run9|554cef6cb756e07dcd8111a2
5605,train,run9|f168c4d6e87fa539c2c30943
5606,test,run9|9644e5d294d39efbc1c5a60b
5607,train,run9|6c5046b20826ded8ac031e6b
5608,train,run9|392ec63883b728094776d436
5609,train,run9|b7bcfc150cdfd1a8933582ff
5610,train,run9|e8fe3de12e7ccbd11e75eb3d
5611,train,run9|754b4f9318e12392a31a5cb9
5612,test,run9|3500a1428e44eab44518e67c
5613,train,run9|4b8fdb192f5131f18744c9ad
5614,test,run9|73a66a02e58b400782312aa7
5615,val,run9|ef675bdeae7e8b9c1a118307
5616,train,run9|787e1884e100a76d129947fb
5617,train,run9|b8bb8180ea04a58452081e23
5618,train,run9|0d0f5b8f9b33f3e21822eceb
5619,train,run9|a2672829ffc7a0df0421690b
5620,test,run9|aeb6b1bdc05ad4fe4b14e4f8
5621,val,run9|c0e33b8eed247968105f5736
5622,test,run9|e17e402dbb1a6fb5efcb681f
5623,train,run9|1dd0053f59aff148b34bdcc5
5624,val,run9|3ddde6ce672971cb5795c318
5625,val,run9|c6ca972d54de46806ffeee1e
5626,train,run9|fbf30b67eb2f815351a8eb44
5627,test,run9|31aea2e1dfc032138a210d9f
5628,train,run9|df48bf2f6608a182fd60a273
5629,val,run9|a5f171019d366c040530aaef
5630,val,run9|843c57e8e63f07438c172be2
5631,val,run9|d616d6a073029aafa7af90c2
5632,train,run9|3d922b05264ddbd0fae86c62
5633,train,run9|1613a9bf29c36167809e68a6
5634,test,run9|f230969ce29b2e60dfa420a6
5635,test,run9|cf83ea8e37fe202ffc7b9ac7
5636,train,run9|00bef6a2b5c3cc735d24d13a
5637,train,run9|07594d01cdbe296c1980a308
5638,val,run9|46a030c952b522d38e969736
5639,val,run9|19bfcf98acba8ae9275c7c99
5640,test,run9|446dee5a256136b44c075800
5641,test,run9|86d0152234cf826c31c8b173
5642,test,run9|c91ffbdd3ac0344791edd219
5643,train,run9|acd628339c4d41c174eefbfb
5644,train,run9|6ae50ab609ba2da0d0d26afe
5645,train,run9|ae227685c3680b65f6d08de8
5646,train,run9|72a9f93ca98f64dc0600a079
5647,test,run9|48483bb2d3d5be92852309b7
5648,val,run9|024362914f1f51cea25509fd
5649,train,run9|1f9da37d70e0cd0c03bc85ce
5650,train,run9|0c62295fb4debbd6ccfd25a6
5651,val,run9|3e2d46d15a340265715502e9
5652,train,run9|87a1f4c1db882f3a989c9288
5653,train,run9|d605147aeec8a6ae87a11273
5654,test,run9|cc6ada4fd6fe4e6afb34a0f0
5655,train,run9|b1c5aa57be871febe2a7985d
5656,val,run9|e26e78b225de92e5e120c6a9
5657,val,run9|6e465cbd65c8258de4229f7d
5658,train,run9|9e85603783c6fbe8e3ce5ccd
5659,val,run9|1437b2567479d46fad42cf72
5660,val,run9|621b28b1d0cb85c5fd55485f
5661,train,run9|0012bd9c1898c0686f86ef04
5662,val,run9|2f9d8b966bd9c53a2028aa32
5663,train,run9|3ebd282d3452cf57973d2487
5664,train,run9|c3797195d95b69c0771cb9ec
5665,test,run9|370dfad153b0982f29779d0b
5666,test,run9|f6ae90b2e9ac97e31c4c06eb
5667,train,run9|1685a5b6aaf61fb542236e08
5668,train,run9|554cef6cb756e07dcd8111a2
5669,train,run9|f168c4d6e87fa539c2c30943
5670,test,run9|9644e5d294d39efbc1c5a60b
5671,train,run9|6c5046b20826ded8ac031e6b
5672,train,run9|392ec63883b728094776d436
5673,train,run9|b7bcfc150cdfd1a8933582ff
5674,train,run9|e8fe3de12e7ccbd11e75eb3d
5675,train,run9|754b4f9318e12392a31a5cb9
5676,test,run9|3500a1428e44eab44518e67c
5677,train,run9|4b8fdb192f5131f18744c9ad
5678,test,run9|73a66a02e58b400782312aa7
5679,val,run9|ef675bdeae7e8b9c1a118307
5680,train,run9|787e1884e100a76d129947fb
5681,train,run9|b8bb8180ea04a58452081e23
5682,train,run9|0d0f5b8f9b33f3e21822eceb
5683,train,run9|a2672829ffc7a0df0421690b
5684,test,run9|aeb6b1bdc05ad4fe4b14e4f8
5685,val,run9|c0e33b8eed247968105f5736
5686,test,run9|e17e402dbb1a6fb5efcb681f
5687,train,run9|1dd0053f59aff148b34bdcc5
5688,train,run9|ffc78856589697563ba9d9d3
5689,train,run9|cd09bd028318b61542438b36
5690,train,run9|851a3e8d056b3694ae762339
5691,train,run9|18127eedba11d8fb62aa5d53
5692,val,run9|58f24bccda5e217ebf43322e
5693,train,run9|01a830d89141c7f0af0506d8
5694,val,run9|c6ca972d54de46806ffeee1e
5695,train,run9|fbf30b67eb2f815351a8eb44
5696,train,run9|df48bf2f6608a182fd60a273
5697,val,run9|d616d6a073029aafa7af90c2
5698,train,run9|1613a9bf29c36167809e68a6
5699,test,run9|f230969ce29b2e60dfa420a6
5700,test,run9|cf83ea8e37fe202ffc7b9ac7
5701,train,run9|07594d01cdbe296c1980a308
5702,val,run9|46a030c952b522d38e969736
5703,val,run9|19bfcf98acba8ae9275c7c99
5704,test,run9|446dee5a256136b44c075800
5705,test,run9|86d0152234cf826c31c8b173
5706,test,run9|c91ffbdd3ac0344791edd219
5707,train,run9|6ae50ab609ba2da0d0d26afe
5708,test,run9|48483bb2d3d5be92852309b7
5709,val,run9|024362914f1f51cea25509fd
5710,train,run9|1f9da37d70e0cd0c03bc85ce
5711,test,run9|cc6ada4fd6fe4e6afb34a0f0
5712,train,run9|9e85603783c6fbe8e3ce5ccd
5713,val,run9|1437b2567479d46fad42cf72
5714,val,run9|2f9d8b966bd9c53a2028aa32
5715,train,run9|c3797195d95b69c0771cb9ec
5716,test,run9|370dfad153b0982f29779d0b
5717,test,run9|f6ae90b2e9ac97e31c4c06eb
5718,train,run9|1685a5b6aaf61fb542236e08
5719,train,run9|554cef6cb756e07dcd8111a2
5720,train,run9|b7bcfc150cdfd1a8933582ff
5721,train,run9|e8fe3de12e7ccbd11e75eb3d
5722,test,run9|3500a1428e44eab44518e67c
5723,val,run9|ef675bdeae7e8b9c1a118307
5724,train,run9|a2672829ffc7a0df0421690b
5725,train,run9|1dd0053f59aff148b34bdcc5
5726,train,run10|2f66f6d55452eaab9a190eba
5727,test,run10|ca02ad8889b2da84264be3a1
5728,test,run10|0512ffefed50ff38de7bb705
5729,train,run10|748d2b08d70d335605d313fe
5730,test,run10|280860291801f8d8db1afaad
5731,train,run10|1b625a42ab0ef009890a6cb9
5732,train,run10|0072a72770ca02235fd0027f
5733,val,run10|967e6a47750fdaca72605569
5734,val,run10|a0c511d562bf5aa3113e7e4d
5735,test,run10|66d68776e3fe2d41eed13705
5736,test,run10|7c3f24ffe804c82b3c4e7f31
5737,train,run10|fe7ff6d5377c6f026aeb43b1
5738,train,run10|d84e9f5a108c6751356c46a7
5739,val,run10|2569d11a50e87175bc491c87
5740,test,run10|42e0e4e5caee8d50c4bb5c4f
5741,val,run10|be8efa5fba93d735bffd213d
5742,test,run10|df12eae9cdc3bf9d515f8834
5743,test,run10|5f84c0238ca02d4656e931ea
5744,val,run10|80e7b593db84ed6bc70d04ef
5745,val,run10|90d6c70f199cd794673702e8
5746,train,run10|cbb2bcf61bd058bca7479705
5747,train,run10|d0784ad04f6134073a598871
5748,train,run10|6776afdaf707e839b9956b86
5749,test,run10|f939f54a22df76cc77e73ab3
5750,val,run10|a8f1c2fc06186f21ce95ee69
5751,train,run10|a8ab6d200eff5eb209cb29df
5752,train,run10|d32d4f2ffecf367f996eb75e
5753,train,run10|103eb5980c9162940f385283
5754,val,run10|df39c56701cf6ab11dda0ce4
5755,train,run10|7247cd4fa8b10fd75d0a566a
5756,train,run10|251a5fadb1e5f3b27ec251c3
5757,test,run10|d9db38aebc1b8d44d4b3014b
5758,val,run10|5a393aaabf36ea8b2e312f0c
5759,test,run10|ded5a771dca02a7be43bc5f7
5760,test,run10|8e1dd52793bf8562210aae2d
5761,train,run10|e0657e5c7e578d75f58669ab
5762,train,run10|fd14d0be9306189a28d95515
5763,train,run10|7a1bef91c082ceaeebaf7690
5764,val,run10|7a61991776307a216cfc0de9
5765,train,run10|bab718c70e34d03f373b54f6
5766,val,run10|cd5457b356cb871f0adeae26
5767,train,run10|2828cd901643ae80f33b6267
5768,train,run10|a5537ba8639b8498a676fdb9
5769,train,run10|00ac9728e36c68f561b6659f
5770,test,run10|790c82a5b20fa01e83057329
5771,train,run10|2fdb4c47bd300c5095b0c923
5772,test,run10|8f23e2510d516146d6725992
5773,train,run10|d3fc7acd3a0a7cc2f925c5ff
5774,train,run10|ff2e3667cde2d582aed55ce5
5775,train,run10|83d8ad777459fe9402e2e8ec
5776,test,run10|e2dd52b37e46fd57bf9d0ebd
5777,train,run10|59a529bcc1fd6a9c7b5e8492
5778,train,run10|cad2182b2cf6c539bef099df
5779,val,run10|108e83fb980ff4f2fa4aa60f
5780,test,run10|bee1f5f9e3daccd4c19f5015
5781,val,run10|f9aff8b94586ec9cc875ad7e
5782,test,run10|e8dc8031c53653e9094beb19
5783,train,run10|170e950897b85150fea2ccf5
5784,train,run10|67644eb0c1ec043952b5e70b
5785,train,run10|1ebdb73c4d98338ea41301ea
5786,train,run10|7fac40e72f111e7c428b1a8e
5787,test,run10|58c91857e0b2207733618a4b
5788,val,run10|2381cf331ac6861d588a61ee
5789,train,run10|286415236206c94dd0c5b013
5790,train,run10|acf717fb978336fd04646aa8
5791,val,run10|b89a21b03739acaacf72d73f
5792,train,run10|6dfe9ad61969f653fa102f8a
5793,train,run10|a242660dc42e50f6e66284f6
5794,val,run10|2396593f2d09a1fe9a63ea4f
5795,train,run10|5c8641a2150408c34d5da28b
5796,train,run10|cf59a5d837f5f08f44ee302e
5797,test,run10|0e904d807155e651fa41de3a
5798,test,run10|de2e93a4bb0591567bbc37fc
5799,train,run10|87d08040654ac1ef234423f4
5800,test,run10|4f342a9b7852853590ebad6c
5801,val,run10|d8cf007a884e66baa908930f
5802,train,run10|3bda05f2817722ca9adcff56
5803,test,run10|85b8f3055842d41442560c37
5804,train,run10|7c961dc5057083b6bea228f1
5805,train,run10|2f66f6d55452eaab9a190eba
5806,test,run10|ca02ad8889b2da84264be3a1
5807,test,run10|0512ffefed50ff38de7bb705
5808,train,run10|748d2b08d70d335605d313fe
5809,test,run10|280860291801f8d8db1afaad
5810,train,run10|1b625a42ab0ef009890a6cb9
5811,train,run10|0072a72770ca02235fd0027f
5812,val,run10|967e6a47750fdaca72605569
5813,val,run10|a0c511d562bf5aa3113e7e4d
5814,test,run10|66d68776e3fe2d41eed13705
5815,test,run10|7c3f24ffe804c82b3c4e7f31
5816,train,run10|fe7ff6d5377c6f026aeb43b1
5817,train,run10|d84e9f5a108c6751356c46a7
5818,val,run10|2569d11a50e87175bc491c87
5819,test,run10|42e0e4e5caee8d50c4bb5c4f
5820,val,run10|be8efa5fba93d735bffd213d
5821,test,run10|df12eae9cdc3bf9d515f8834
5822,test,run10|5f84c0238ca02d4656e931ea
5823,val,run10|80e7b593db84ed6bc70d04ef
5824,val,run10|90d6c70f199cd794673702e8
5825,train,run10|cbb2bcf61bd058bca7479705
5826,train,run10|d0784ad04f6134073a598871
5827,train,run10|6776afdaf707e839b9956b86
5828,test,run10|f939f54a22df76cc77e73ab3
5829,val,run10|a8f1c2fc06186f21ce95ee69
5830,train,run10|a8ab6d200eff5eb209cb29df
5831,train,run10|d32d4f2ffecf367f996eb75e
5832,train,run10|103eb5980c9162940f385283
5833,val,run10|df39c56701cf6ab11dda0ce4
5834,train,run10|7247cd4fa8b10fd75d0a566a
5835,train,run10|251a5fadb1e5f3b27ec251c3
5836,test,run10|d9db38aebc1b8d44d4b3014b
5837,val,run10|5a393aaabf36ea8b2e312f0c
5838,test,run10|ded5a771dca02a7be43bc5f7
5839,test,run10|8e1dd52793bf8562210aae2d
5840,train,run10|e0657e5c7e578d75f58669ab
5841,train,run10|fd14d0be9306189a28d95515
5842,train,run10|7a1bef91c082ceaeebaf7690
5843,val,run10|7a61991776307a216cfc0de9
5844,train,run10|bab718c70e34d03f373b54f6
5845,val,run10|cd5457b356cb871f0adeae26
5846,train,run10|2828cd901643ae80f33b6267
5847,train,run10|a5537ba8639b8498a676fdb9
5848,train,run10|00ac9728e36c68f561b6659f
5849,test,run10|790c82a5b20fa01e83057329
5850,train,run10|2fdb4c47bd300c5095b0c923
5851,test,run10|8f23e2510d516146d6725992
5852,train,run10|d3fc7acd3a0a7cc2f925c5ff
5853,train,run10|ff2e3667cde2d582aed55ce5
5854,train,run10|83d8ad777459fe9402e2e8ec
5855,test,run10|e2dd52b37e46fd57bf9d0ebd
5856,train,run10|59a529bcc1fd6a9c7b5e8492
5857,train,run10|cad2182b2cf6c539bef099df
5858,val,run10|108e83fb980ff4f2fa4aa60f
5859,test,run10|bee1f5f9e3daccd4c19f5015
5860,val,run10|f9aff8b94586ec9cc875ad7e
5861,test,run10|e8dc8031c53653e9094beb19
5862,train,run10|170e950897b85150fea2ccf5
5863,train,run10|67644eb0c1ec043952b5e70b
5864,train,run10|1ebdb73c4d98338ea41301ea
5865,train,run10|7fac40e72f111e7c428b1a8e
5866,test,run10|58c91857e0b2207733618a4b
5867,val,run10|2381cf331ac6861d588a61ee
5868,train,run10|2f66f6d55452eaab9a190eba
5869,test,run10|ca02ad8889b2da84264be3a1
5870,test,run10|0512ffefed50ff38de7bb705
5871,train,run10|748d2b08d70d335605d313fe
5872,test,run10|280860291801f8d8db1afaad
5873,train,run10|1b625a42ab0ef009890a6cb9
5874,train,run10|0072a72770ca02235fd0027f
5875,val,run10|967e6a47750fdaca72605569
5876,val,run10|a0c511d562bf5aa3113e7e4d
5877,test,run10|66d68776e3fe2d41eed13705
5878,test,run10|7c3f24ffe804c82b3c4e7f31
5879,train,run10|fe7ff6d5377c6f026aeb43b1
5880,train,run10|d84e9f5a108c6751356c46a7
5881,val,run10|2569d11a50e87175bc491c87
5882,test,run10|42e0e4e5caee8d50c4bb5c4f
5883,val,run10|be8efa5fba93d735bffd213d
5884,test,run10|df12eae9cdc3bf9d515f8834
5885,test,run10|5f84c0238ca02d4656e931ea
5886,val,run10|80e7b593db84ed6bc70d04ef
5887,val,run10|90d6c70f199cd794673702e8
5888,train,run10|cbb2bcf61bd058bca7479705
5889,train,run10|d0784ad04f6134073a598871
5890,train,run10|6776afdaf707e839b9956b86
5891,test,run10|f939f54a22df76cc77e73ab3
5892,val,run10|a8f1c2fc06186f21ce95ee69
5893,train,run10|a8ab6d200eff5eb209cb29df
5894,train,run10|d32d4f2ffecf367f996eb75e
5895,train,run10|103eb5980c9162940f385283
5896,val,run10|df39c56701cf6ab11dda0ce4
5897,train,run10|7247cd4fa8b10fd75d0a566a
5898,train,run10|251a5fadb1e5f3b27ec251c3
5899,test,run10|d9db38aebc1b8d44d4b3014b
5900,val,run10|5a393aaabf36ea8b2e312f0c
5901,test,run10|ded5a771dca02a7be43bc5f7
5902,test,run10|8e1dd52793bf8562210aae2d
5903,train,run10|e0657e5c7e578d75f58669ab
5904,train,run10|fd14d0be9306189a28d95515
5905,train,run10|7a1bef91c082ceaeebaf7690
5906,val,run10|7a61991776307a216cfc0de9
5907,train,run10|bab718c70e34d03f373b54f6
5908,val,run10|cd5457b356cb871f0adeae26
5909,train,run10|2828cd901643ae80f33b6267
5910,train,run10|a5537ba8639b8498a676fdb9
5911,train,run10|00ac9728e36c68f561b6659f
5912,test,run10|790c82a5b20fa01e83057329
5913,train,run10|2fdb4c47bd300c5095b0c923
5914,test,run10|8f23e2510d516146d6725992
5915,train,run10|d3fc7acd3a0a7cc2f925c5ff
5916,train,run10|ff2e3667cde2d582aed55ce5
5917,train,run10|83d8ad777459fe9402e2e8ec
5918,test,run10|e2dd52b37e46fd57bf9d0ebd
5919,train,run10|59a529bcc1fd6a9c7b5e8492
5920,train,run10|cad2182b2cf6c539bef099df
5921,val,run10|108e83fb980ff4f2fa4aa60f
5922,test,run10|bee1f5f9e3daccd4c19f5015
5923,val,run10|f9aff8b94586ec9cc875ad7e
5924,test,run10|e8dc8031c53653e9094beb19
5925,train,run10|170e950897b85150fea2ccf5
5926,train,run10|67644eb0c1ec043952b5e70b
5927,train,run10|1ebdb73c4d98338ea41301ea
5928,train,run10|7fac40e72f111e7c428b1a8e
5929,test,run10|58c91857e0b2207733618a4b
5930,val,run10|2381cf331ac6861d588a61ee
5931,train,run10|2f66f6d55452eaab9a190eba
5932,test,run10|ca02ad8889b2da84264be3a1
5933,test,run10|0512ffefed50ff38de7bb705
5934,train,run10|748d2b08d70d335605d313fe
5935,test,run10|280860291801f8d8db1afaad
5936,train,run10|1b625a42ab0ef009890a6cb9
5937,train,run10|0072a72770ca02235fd0027f
5938,val,run10|967e6a47750fdaca72605569
5939,val,run10|a0c511d562bf5aa3113e7e4d
5940,test,run10|66d68776e3fe2d41eed13705
5941,test,run10|7c3f24ffe804c82b3c4e7f31
5942,train,run10|fe7ff6d5377c6f026aeb43b1
5943,train,run10|d84e9f5a108c6751356c46a7
5944,val,run10|2569d11a50e87175bc491c87
5945,test,run10|42e0e4e5caee8d50c4bb5c4f
5946,val,run10|be8efa5fba93d735bffd213d
5947,test,run10|df12eae9cdc3bf9d515f8834
5948,test,run10|5f84c0238ca02d4656e931ea
5949,val,run10|80e7b593db84ed6bc70d04ef
5950,val,run10|90d6c70f199cd794673702e8
5951,train,run10|cbb2bcf61bd058bca7479705
5952,train,run10|d0784ad04f6134073a598871
5953,train,run10|6776afdaf707e839b9956b86
5954,test,run10|f939f54a22df76cc77e73ab3
5955,val,run10|a8f1c2fc06186f21ce95ee69
5956,train,run10|a8ab6d200eff5eb209cb29df
5957,train,run10|d32d4f2ffecf367f996eb75e
5958,train,run10|103eb5980c9162940f385283
5959,val,run10|df39c56701cf6ab11dda0ce4
5960,train,run10|7247cd4fa8b10fd75d0a566a
5961,train,run10|251a5fadb1e5f3b27ec251c3
5962,test,run10|d9db38aebc1b8d44d4b3014b
5963,val,run10|5a393aaabf36ea8b2e312f0c
5964,test,run10|ded5a771dca02a7be43bc5f7
5965,test,run10|8e1dd52793bf8562210aae2d
5966,train,run10|e0657e5c7e578d75f58669ab
5967,train,run10|fd14d0be9306189a28d95515
5968,train,run10|7a1bef91c082ceaeebaf7690
5969,val,run10|7a61991776307a216cfc0de9
5970,train,run10|bab718c70e34d03f373b54f6
5971,val,run10|cd5457b356cb871f0adeae26
5972,train,run10|2828cd901643ae80f33b6267
5973,train,run10|a5537ba8639b8498a676fdb9
5974,train,run10|00ac9728e36c68f561b6659f
5975,test,run10|790c82a5b20fa01e83057329
5976,train,run10|2fdb4c47bd300c5095b0c923
5977,test,run10|8f23e2510d516146d6725992
5978,train,run10|d3fc7acd3a0a7cc2f925c5ff
5979,train,run10|ff2e3667cde2d582aed55ce5
5980,train,run10|83d8ad777459fe9402e2e8ec
5981,test,run10|e2dd52b37e46fd57bf9d0ebd
5982,train,run10|59a529bcc1fd6a9c7b5e8492
5983,train,run10|cad2182b2cf6c539bef099df
5984,val,run10|108e83fb980ff4f2fa4aa60f
5985,test,run10|bee1f5f9e3daccd4c19f5015
5986,val,run10|f9aff8b94586ec9cc875ad7e
5987,test,run10|e8dc8031c53653e9094beb19
5988,train,run10|170e950897b85150fea2ccf5
5989,train,run10|67644eb0c1ec043952b5e70b
5990,train,run10|1ebdb73c4d98338ea41301ea
5991,train,run10|7fac40e72f111e7c428b1a8e
5992,test,run10|58c91857e0b2207733618a4b
5993,val,run10|2381cf331ac6861d588a61ee
5994,train,run10|2f66f6d55452eaab9a190eba
5995,test,run10|ca02ad8889b2da84264be3a1
5996,test,run10|0512ffefed50ff38de7bb705
5997,train,run10|748d2b08d70d335605d313fe
5998,test,run10|280860291801f8d8db1afaad
5999,train,run10|1b625a42ab0ef009890a6cb9
6000,train,run10|0072a72770ca02235fd0027f
6001,val,run10|967e6a47750fdaca72605569
6002,val,run10|a0c511d562bf5aa3113e7e4d
6003,test,run10|66d68776e3fe2d41eed13705
6004,test,run10|7c3f24ffe804c82b3c4e7f31
6005,train,run10|fe7ff6d5377c6f026aeb43b1
6006,train,run10|d84e9f5a108c6751356c46a7
6007,val,run10|2569d11a50e87175bc491c87
6008,test,run10|42e0e4e5caee8d50c4bb5c4f
6009,val,run10|be8efa5fba93d735bffd213d
6010,test,run10|df12eae9cdc3bf9d515f8834
6011,test,run10|5f84c0238ca02d4656e931ea
6012,val,run10|80e7b593db84ed6bc70d04ef
6013,val,run10|90d6c70f199cd794673702e8
6014,train,run10|cbb2bcf61bd058bca7479705
6015,train,run10|d0784ad04f6134073a598871
6016,train,run10|6776afdaf707e839b9956b86
6017,test,run10|f939f54a22df76cc77e73ab3
6018,val,run10|a8f1c2fc06186f21ce95ee69
6019,train,run10|a8ab6d200eff5eb209cb29df
6020,train,run10|d32d4f2ffecf367f996eb75e
6021,train,run10|103eb5980c9162940f385283
6022,val,run10|df39c56701cf6ab11dda0ce4
6023,train,run10|7247cd4fa8b10fd75d0a566a
6024,train,run10|251a5fadb1e5f3b27ec251c3
6025,test,run10|d9db38aebc1b8d44d4b3014b
6026,val,run10|5a393aaabf36ea8b2e312f0c
6027,test,run10|ded5a771dca02a7be43bc5f7
6028,test,run10|8e1dd52793bf8562210aae2d
6029,train,run10|e0657e5c7e578d75f58669ab
6030,train,run10|fd14d0be9306189a28d95515
6031,train,run10|7a1bef91c082ceaeebaf7690
6032,val,run10|7a61991776307a216cfc0de9
6033,train,run10|bab718c70e34d03f373b54f6
6034,val,run10|cd5457b356cb871f0adeae26
6035,train,run10|2828cd901643ae80f33b6267
6036,train,run10|a5537ba8639b8498a676fdb9
6037,train,run10|00ac9728e36c68f561b6659f
6038,test,run10|790c82a5b20fa01e83057329
6039,train,run10|2fdb4c47bd300c5095b0c923
6040,test,run10|8f23e2510d516146d6725992
6041,train,run10|d3fc7acd3a0a7cc2f925c5ff
6042,train,run10|ff2e3667cde2d582aed55ce5
6043,train,run10|83d8ad777459fe9402e2e8ec
6044,test,run10|e2dd52b37e46fd57bf9d0ebd
6045,train,run10|59a529bcc1fd6a9c7b5e8492
6046,train,run10|cad2182b2cf6c539bef099df
6047,val,run10|108e83fb980ff4f2fa4aa60f
6048,test,run10|bee1f5f9e3daccd4c19f5015
6049,val,run10|f9aff8b94586ec9cc875ad7e
6050,test,run10|e8dc8031c53653e9094beb19
6051,train,run10|170e950897b85150fea2ccf5
6052,train,run10|67644eb0c1ec043952b5e70b
6053,train,run10|1ebdb73c4d98338ea41301ea
6054,train,run10|7fac40e72f111e7c428b1a8e
6055,test,run10|58c91857e0b2207733618a4b
6056,val,run10|2381cf331ac6861d588a61ee
6057,train,run10|2f66f6d55452eaab9a190eba
6058,test,run10|ca02ad8889b2da84264be3a1
6059,test,run10|0512ffefed50ff38de7bb705
6060,train,run10|748d2b08d70d335605d313fe
6061,test,run10|280860291801f8d8db1afaad
6062,train,run10|1b625a42ab0ef009890a6cb9
6063,train,run10|0072a72770ca02235fd0027f
6064,val,run10|967e6a47750fdaca72605569
6065,val,run10|a0c511d562bf5aa3113e7e4d
6066,test,run10|66d68776e3fe2d41eed13705
6067,test,run10|7c3f24ffe804c82b3c4e7f31
6068,train,run10|fe7ff6d5377c6f026aeb43b1
6069,train,run10|d84e9f5a108c6751356c46a7
6070,val,run10|2569d11a50e87175bc491c87
6071,test,run10|42e0e4e5caee8d50c4bb5c4f
6072,val,run10|be8efa5fba93d735bffd213d
6073,test,run10|df12eae9cdc3bf9d515f8834
6074,test,run10|5f84c0238ca02d4656e931ea
6075,val,run10|80e7b593db84ed6bc70d04ef
6076,val,run10|90d6c70f199cd794673702e8
6077,train,run10|cbb2bcf61bd058bca7479705
6078,train,run10|d0784ad04f6134073a598871
6079,train,run10|6776afdaf707e839b9956b86
6080,test,run10|f939f54a22df76cc77e73ab3
6081,val,run10|a8f1c2fc06186f21ce95ee69
6082,train,run10|a8ab6d200eff5eb209cb29df
6083,train,run10|d32d4f2ffecf367f996eb75e
6084,train,run10|103eb5980c9162940f385283
6085,val,run10|df39c56701cf6ab11dda0ce4
6086,train,run10|7247cd4fa8b10fd75d0a566a
6087,train,run10|251a5fadb1e5f3b27ec251c3
6088,test,run10|d9db38aebc1b8d44d4b3014b
6089,val,run10|5a393aaabf36ea8b2e312f0c
6090,test,run10|ded5a771dca02a7be43bc5f7
6091,test,run10|8e1dd52793bf8562210aae2d
6092,train,run10|e0657e5c7e578d75f58669ab
6093,train,run10|fd14d0be9306189a28d95515
6094,train,run10|7a1bef91c082ceaeebaf7690
6095,val,run10|7a61991776307a216cfc0de9
6096,train,run10|bab718c70e34d03f373b54f6
6097,val,run10|cd5457b356cb871f0adeae26
6098,train,run10|2828cd901643ae80f33b6267
6099,train,run10|a5537ba8639b8498a676fdb9
6100,train,run10|00ac9728e36c68f561b6659f
6101,test,run10|790c82a5b20fa01e83057329
6102,train,run10|2fdb4c47bd300c5095b0c923
6103,test,run10|8f23e2510d516146d6725992
6104,train,run10|d3fc7acd3a0a7cc2f925c5ff
6105,train,run10|ff2e3667cde2d582aed55ce5
6106,train,run10|83d8ad777459fe9402e2e8ec
6107,test,run10|e2dd52b37e46fd57bf9d0ebd
6108,train,run10|59a529bcc1fd6a9c7b5e8492
6109,train,run10|cad2182b2cf6c539bef099df
6110,val,run10|108e83fb980ff4f2fa4aa60f
6111,test,run10|bee1f5f9e3daccd4c19f5015
6112,val,run10|f9aff8b94586ec9cc875ad7e
6113,test,run10|e8dc8031c53653e9094beb19
6114,train,run10|170e950897b85150fea2ccf5
6115,train,run10|67644eb0c1ec043952b5e70b
6116,train,run10|1ebdb73c4d98338ea41301ea
6117,train,run10|7fac40e72f111e7c428b1a8e
6118,test,run10|58c91857e0b2207733618a4b
6119,val,run10|2381cf331ac6861d588a61ee
6120,train,run10|2f66f6d55452eaab9a190eba
6121,test,run10|ca02ad8889b2da84264be3a1
6122,test,run10|0512ffefed50ff38de7bb705
6123,train,run10|748d2b08d70d335605d313fe
6124,test,run10|280860291801f8d8db1afaad
6125,train,run10|1b625a42ab0ef009890a6cb9
6126,train,run10|0072a72770ca02235fd0027f
6127,val,run10|967e6a47750fdaca72605569
6128,val,run10|a0c511d562bf5aa3113e7e4d
6129,test,run10|66d68776e3fe2d41eed13705
6130,test,run10|7c3f24ffe804c82b3c4e7f31
6131,train,run10|fe7ff6d5377c6f026aeb43b1
6132,train,run10|d84e9f5a108c6751356c46a7
6133,val,run10|2569d11a50e87175bc491c87
6134,test,run10|42e0e4e5caee8d50c4bb5c4f
6135,val,run10|be8efa5fba93d735bffd213d
6136,test,run10|df12eae9cdc3bf9d515f8834
6137,test,run10|5f84c0238ca02d4656e931ea
6138,val,run10|80e7b593db84ed6bc70d04ef
6139,val,run10|90d6c70f199cd794673702e8
6140,train,run10|cbb2bcf61bd058bca7479705
6141,train,run10|d0784ad04f6134073a598871
6142,train,run10|6776afdaf707e839b9956b86
6143,test,run10|f939f54a22df76cc77e73ab3
6144,val,run10|a8f1c2fc06186f21ce95ee69
6145,train,run10|a8ab6d200eff5eb209cb29df
6146,train,run10|d32d4f2ffecf367f996eb75e
6147,train,run10|103eb5980c9162940f385283
6148,val,run10|df39c56701cf6ab11dda0ce4
6149,train,run10|7247cd4fa8b10fd75d0a566a
6150,train,run10|251a5fadb1e5f3b27ec251c3
6151,test,run10|d9db38aebc1b8d44d4b3014b
6152,val,run10|5a393aaabf36ea8b2e312f0c
6153,test,run10|ded5a771dca02a7be43bc5f7
6154,test,run10|8e1dd52793bf8562210aae2d
6155,train,run10|e0657e5c7e578d75f58669ab
6156,train,run10|fd14d0be9306189a28d95515
6157,train,run10|7a1bef91c082ceaeebaf7690
6158,val,run10|7a61991776307a216cfc0de9
6159,train,run10|bab718c70e34d03f373b54f6
6160,val,run10|cd5457b356cb871f0adeae26
6161,train,run10|2828cd901643ae80f33b6267
6162,train,run10|a5537ba8639b8498a676fdb9
6163,train,run10|00ac9728e36c68f561b6659f
6164,test,run10|790c82a5b20fa01e83057329
6165,train,run10|2fdb4c47bd300c5095b0c923
6166,test,run10|8f23e2510d516146d6725992
6167,train,run10|d3fc7acd3a0a7cc2f925c5ff
6168,train,run10|ff2e3667cde2d582aed55ce5
6169,train,run10|83d8ad777459fe9402e2e8ec
6170,test,run10|e2dd52b37e46fd57bf9d0ebd
6171,train,run10|59a529bcc1fd6a9c7b5e8492
6172,train,run10|cad2182b2cf6c539bef099df
6173,val,run10|108e83fb980ff4f2fa4aa60f
6174,test,run10|bee1f5f9e3daccd4c19f5015
6175,val,run10|f9aff8b94586ec9cc875ad7e
6176,test,run10|e8dc8031c53653e9094beb19
6177,train,run10|170e950897b85150fea2ccf5
6178,train,run10|67644eb0c1ec043952b5e70b
6179,train,run10|1ebdb73c4d98338ea41301ea
6180,train,run10|7fac40e72f111e7c428b1a8e
6181,test,run10|58c91857e0b2207733618a4b
6182,val,run10|2381cf331ac6861d588a61ee
6183,train,run10|2f66f6d55452eaab9a190eba
6184,test,run10|ca02ad8889b2da84264be3a1
6185,test,run10|0512ffefed50ff38de7bb705
6186,train,run10|748d2b08d70d335605d313fe
6187,test,run10|280860291801f8d8db1afaad
6188,train,run10|1b625a42ab0ef009890a6cb9
6189,train,run10|0072a72770ca02235fd0027f
6190,val,run10|967e6a47750fdaca72605569
6191,val,run10|a0c511d562bf5aa3113e7e4d
6192,test,run10|66d68776e3fe2d41eed13705
6193,test,run10|7c3f24ffe804c82b3c4e7f31
6194,train,run10|fe7ff6d5377c6f026aeb43b1
6195,train,run10|d84e9f5a108c6751356c46a7
6196,val,run10|2569d11a50e87175bc491c87
6197,test,run10|42e0e4e5caee8d50c4bb5c4f
6198,val,run10|be8efa5fba93d735bffd213d
6199,test,run10|df12eae9cdc3bf9d515f8834
6200,test,run10|5f84c0238ca02d4656e931ea
6201,val,run10|80e7b593db84ed6bc70d04ef
6202,val,run10|90d6c70f199cd794673702e8
6203,train,run10|cbb2bcf61bd058bca7479705
6204,train,run10|d0784ad04f6134073a598871
6205,train,run10|6776afdaf707e839b9956b86
6206,test,run10|f939f54a22df76cc77e73ab3
6207,val,run10|a8f1c2fc06186f21ce95ee69
6208,train,run10|a8ab6d200eff5eb209cb29df
6209,train,run10|d32d4f2ffecf367f996eb75e
6210,train,run10|103eb5980c9162940f385283
6211,val,run10|df39c56701cf6ab11dda0ce4
6212,train,run10|7247cd4fa8b10fd75d0a566a
6213,train,run10|251a5fadb1e5f3b27ec251c3
6214,test,run10|d9db38aebc1b8d44d4b3014b
6215,val,run10|5a393aaabf36ea8b2e312f0c
6216,test,run10|ded5a771dca02a7be43bc5f7
6217,test,run10|8e1dd52793bf8562210aae2d
6218,train,run10|e0657e5c7e578d75f58669ab
6219,train,run10|fd14d0be9306189a28d95515
6220,train,run10|7a1bef91c082ceaeebaf7690
6221,val,run10|7a61991776307a216cfc0de9
6222,train,run10|bab718c70e34d03f373b54f6
6223,val,run10|cd5457b356cb871f0adeae26
6224,train,run10|2828cd901643ae80f33b6267
6225,train,run10|a5537ba8639b8498a676fdb9
6226,train,run10|00ac9728e36c68f561b6659f
6227,test,run10|790c82a5b20fa01e83057329
6228,train,run10|2fdb4c47bd300c5095b0c923
6229,test,run10|8f23e2510d516146d6725992
6230,train,run10|d3fc7acd3a0a7cc2f925c5ff
6231,train,run10|ff2e3667cde2d582aed55ce5
6232,train,run10|83d8ad777459fe9402e2e8ec
6233,test,run10|e2dd52b37e46fd57bf9d0ebd
6234,train,run10|59a529bcc1fd6a9c7b5e8492
6235,train,run10|cad2182b2cf6c539bef099df
6236,val,run10|108e83fb980ff4f2fa4aa60f
6237,test,run10|bee1f5f9e3daccd4c19f5015
6238,val,run10|f9aff8b94586ec9cc875ad7e
6239,test,run10|e8dc8031c53653e9094beb19
6240,train,run10|170e950897b85150fea2ccf5
6241,train,run10|67644eb0c1ec043952b5e70b
6242,train,run10|1ebdb73c4d98338ea41301ea
6243,train,run10|7fac40e72f111e7c428b1a8e
6244,test,run10|58c91857e0b2207733618a4b
6245,val,run10|2381cf331ac6861d588a61ee
6246,train,run10|2f66f6d55452eaab9a190eba
6247,test,run10|ca02ad8889b2da84264be3a1
6248,test,run10|0512ffefed50ff38de7bb705
6249,train,run10|748d2b08d70d335605d313fe
6250,test,run10|280860291801f8d8db1afaad
6251,train,run10|1b625a42ab0ef009890a6cb9
6252,train,run10|0072a72770ca02235fd0027f
6253,val,run10|967e6a47750fdaca72605569
6254,val,run10|a0c511d562bf5aa3113e7e4d
6255,test,run10|66d68776e3fe2d41eed13705
6256,test,run10|7c3f24ffe804c82b3c4e7f31
6257,train,run10|fe7ff6d5377c6f026aeb43b1
6258,train,run10|d84e9f5a108c6751356c46a7
6259,val,run10|2569d11a50e87175bc491c87
6260,test,run10|42e0e4e5caee8d50c4bb5c4f
6261,val,run10|be8efa5fba93d735bffd213d
6262,test,run10|df12eae9cdc3bf9d515f8834
6263,test,run10|5f84c0238ca02d4656e931ea
6264,val,run10|80e7b593db84ed6bc70d04ef
6265,val,run10|90d6c70f199cd794673702e8
6266,train,run10|cbb2bcf61bd058bca7479705
6267,train,run10|d0784ad04f6134073a598871
6268,train,run10|6776afdaf707e839b9956b86
6269,test,run10|f939f54a22df76cc77e73ab3
6270,val,run10|a8f1c2fc06186f21ce95ee69
6271,train,run10|a8ab6d200eff5eb209cb29df
6272,train,run10|d32d4f2ffecf367f996eb75e
6273,train,run10|103eb5980c9162940f385283
6274,val,run10|df39c56701cf6ab11dda0ce4
6275,train,run10|7247cd4fa8b10fd75d0a566a
6276,train,run10|251a5fadb1e5f3b27ec251c3
6277,test,run10|d9db38aebc1b8d44d4b3014b
6278,val,run10|5a393aaabf36ea8b2e312f0c
6279,test,run10|ded5a771dca02a7be43bc5f7
6280,test,run10|8e1dd52793bf8562210aae2d
6281,train,run10|e0657e5c7e578d75f58669ab
6282,train,run10|fd14d0be9306189a28d95515
6283,train,run10|7a1bef91c082ceaeebaf7690
6284,val,run10|7a61991776307a216cfc0de9
6285,train,run10|bab718c70e34d03f373b54f6
6286,val,run10|cd5457b356cb871f0adeae26
6287,train,run10|2828cd901643ae80f33b6267
6288,train,run10|a5537ba8639b8498a676fdb9
6289,train,run10|00ac9728e36c68f561b6659f
6290,test,run10|790c82a5b20fa01e83057329
6291,train,run10|2fdb4c47bd300c5095b0c923
6292,test,run10|8f23e2510d516146d6725992
6293,train,run10|d3fc7acd3a0a7cc2f925c5ff
6294,train,run10|ff2e3667cde2d582aed55ce5
6295,train,run10|83d8ad777459fe9402e2e8ec
6296,test,run10|e2dd52b37e46fd57bf9d0ebd
6297,train,run10|59a529bcc1fd6a9c7b5e8492
6298,train,run10|cad2182b2cf6c539bef099df
6299,val,run10|108e83fb980ff4f2fa4aa60f
6300,test,run10|bee1f5f9e3daccd4c19f5015
6301,val,run10|f9aff8b94586ec9cc875ad7e
6302,test,run10|e8dc8031c53653e9094beb19
6303,train,run10|170e950897b85150fea2ccf5
6304,train,run10|67644eb0c1ec043952b5e70b
6305,train,run10|1ebdb73c4d98338ea41301ea
6306,train,run10|7fac40e72f111e7c428b1a8e
6307,test,run10|58c91857e0b2207733618a4b
6308,val,run10|2381cf331ac6861d588a61ee
6309,test,run10|0e904d807155e651fa41de3a
6310,train,run10|3bda05f2817722ca9adcff56
6311,train,run10|2f66f6d55452eaab9a190eba
6312,test,run10|ca02ad8889b2da84264be3a1
6313,test,run10|0512ffefed50ff38de7bb705
6314,train,run10|748d2b08d70d335605d313fe
6315,test,run10|280860291801f8d8db1afaad
6316,train,run10|1b625a42ab0ef009890a6cb9
6317,train,run10|0072a72770ca02235fd0027f
6318,val,run10|967e6a47750fdaca72605569
6319,val,run10|a0c511d562bf5aa3113e7e4d
6320,test,run10|66d68776e3fe2d41eed13705
6321,test,run10|7c3f24ffe804c82b3c4e7f31
6322,train,run10|fe7ff6d5377c6f026aeb43b1
6323,train,run10|d84e9f5a108c6751356c46a7
6324,val,run10|2569d11a50e87175bc491c87
6325,test,run10|42e0e4e5caee8d50c4bb5c4f
6326,val,run10|be8efa5fba93d735bffd213d
6327,test,run10|df12eae9cdc3bf9d515f8834
6328,test,run10|5f84c0238ca02d4656e931ea
6329,val,run10|80e7b593db84ed6bc70d04ef
6330,val,run10|90d6c70f199cd794673702e8
6331,train,run10|cbb2bcf61bd058bca7479705
6332,train,run10|d0784ad04f6134073a598871
6333,train,run10|6776afdaf707e839b9956b86
6334,test,run10|f939f54a22df76cc77e73ab3
6335,val,run10|a8f1c2fc06186f21ce95ee69
6336,train,run10|a8ab6d200eff5eb209cb29df
6337,train,run10|d32d4f2ffecf367f996eb75e
6338,train,run10|103eb5980c9162940f385283
6339,val,run10|df39c56701cf6ab11dda0ce4
6340,train,run10|7247cd4fa8b10fd75d0a566a
6341,train,run10|251a5fadb1e5f3b27ec251c3
6342,test,run10|d9db38aebc1b8d44d4b3014b
6343,val,run10|5a393aaabf36ea8b2e312f0c
6344,test,run10|ded5a771dca02a7be43bc5f7
6345,test,run10|8e1dd52793bf8562210aae2d
6346,train,run10|e0657e5c7e578d75f58669ab
6347,train,run10|fd14d0be9306189a28d95515
6348,train,run10|7a1bef91c082ceaeebaf7690
6349,val,run10|7a61991776307a216cfc0de9
6350,train,run10|bab718c70e34d03f373b54f6
6351,val,run10|cd5457b356cb871f0adeae26
6352,train,run10|2828cd901643ae80f33b6267
6353,train,run10|a5537ba8639b8498a676fdb9
6354,train,run10|00ac9728e36c68f561b6659f
6355,test,run10|790c82a5b20fa01e83057329
6356,train,run10|2fdb4c47bd300c5095b0c923
6357,test,run10|8f23e2510d516146d6725992
6358,train,run10|d3fc7acd3a0a7cc2f925c5ff
6359,train,run10|ff2e3667cde2d582aed55ce5
6360,train,run10|83d8ad777459fe9402e2e8ec
6361,test,run10|e2dd52b37e46fd57bf9d0ebd
6362,train,run10|59a529bcc1fd6a9c7b5e8492
6363,train,run10|cad2182b2cf6c539bef099df
6364,val,run10|108e83fb980ff4f2fa4aa60f
6365,test,run10|bee1f5f9e3daccd4c19f5015
6366,val,run10|f9aff8b94586ec9cc875ad7e
6367,test,run10|e8dc8031c53653e9094beb19
6368,train,run10|170e950897b85150fea2ccf5
6369,train,run10|67644eb0c1ec043952b5e70b
6370,train,run10|1ebdb73c4d98338ea41301ea
6371,train,run10|7fac40e72f111e7c428b1a8e
6372,test,run10|58c91857e0b2207733618a4b
6373,val,run10|2381cf331ac6861d588a61ee
6374,test,run10|de2e93a4bb0591567bbc37fc
6375,train,run10|87d08040654ac1ef234423f4
6376,test,run10|4f342a9b7852853590ebad6c
6377,val,run10|d8cf007a884e66baa908930f
6378,test,run10|85b8f3055842d41442560c37
6379,train,run10|7c961dc5057083b6bea228f1
6380,train,run10|2f66f6d55452eaab9a190eba
6381,test,run10|ca02ad8889b2da84264be3a1
6382,test,run10|0512ffefed50ff38de7bb705
6383,train,run10|748d2b08d70d335605d313fe
6384,test,run10|280860291801f8d8db1afaad
6385,train,run10|1b625a42ab0ef009890a6cb9
6386,train,run10|0072a72770ca02235fd0027f
6387,val,run10|967e6a47750fdaca72605569
6388,val,run10|a0c511d562bf5aa3113e7e4d
6389,test,run10|66d68776e3fe2d41eed13705
6390,test,run10|7c3f24ffe804c82b3c4e7f31
6391,train,run10|d84e9f5a108c6751356c46a7
6392,val,run10|2569d11a50e87175bc491c87
6393,test,run10|42e0e4e5caee8d50c4bb5c4f
6394,val,run10|be8efa5fba93d735bffd213d
6395,test,run10|df12eae9cdc3bf9d515f8834
6396,test,run10|5f84c0238ca02d4656e931ea
6397,val,run10|80e7b593db84ed6bc70d04ef
6398,val,run10|90d6c70f199cd794673702e8
6399,train,run10|cbb2bcf61bd058bca7479705
6400,train,run10|d0784ad04f6134073a598871
6401,train,run10|6776afdaf707e839b9956b86
6402,test,run10|f939f54a22df76cc77e73ab3
6403,val,run10|a8f1c2fc06186f21ce95ee69
6404,train,run10|a8ab6d200eff5eb209cb29df
6405,train,run10|d32d4f2ffecf367f996eb75e
6406,train,run10|103eb5980c9162940f385283
6407,val,run10|df39c56701cf6ab11dda0ce4
6408,train,run10|7247cd4fa8b10fd75d0a566a
6409,train,run10|251a5fadb1e5f3b27ec251c3
6410,val,run10|5a393aaabf36ea8b2e312f0c
6411,test,run10|ded5a771dca02a7be43bc5f7
6412,test,run10|8e1dd52793bf8562210aae2d
6413,train,run10|e0657e5c7e578d75f58669ab
6414,train,run10|fd14d0be9306189a28d95515
6415,train,run10|7a1bef91c082ceaeebaf7690
6416,val,run10|7a61991776307a216cfc0de9
6417,train,run10|bab718c70e34d03f373b54f6
6418,val,run10|cd5457b356cb871f0adeae26
6419,train,run10|2828cd901643ae80f33b6267
6420,train,run10|a5537ba8639b8498a676fdb9
6421,train,run10|00ac9728e36c68f561b6659f
6422,test,run10|790c82a5b20fa01e83057329
6423,train,run10|2fdb4c47bd300c5095b0c923
6424,test,run10|8f23e2510d516146d6725992
6425,train,run10|d3fc7acd3a0a7cc2f925c5ff
6426,train,run10|ff2e3667cde2d582aed55ce5
6427,val,run10|108e83fb980ff4f2fa4aa60f
6428,test,run10|bee1f5f9e3daccd4c19f5015
6429,val,run10|f9aff8b94586ec9cc875ad7e
6430,train,run10|170e950897b85150fea2ccf5
6431,train,run10|67644eb0c1ec043952b5e70b
6432,train,run10|1ebdb73c4d98338ea41301ea
6433,val,run10|2381cf331ac6861d588a61ee
6434,train,run11|be6caf406ca96139f929ec0c
6435,test,run11|8428862189ea00423a11c070
6436,val,run11|946fcb3c1ef15123b8d5739a
6437,val,run11|5c204e19d301be4fcb885e20
6438,train,run11|86b5f01a2b36007532c73636
6439,train,run11|3126988a6b68492cb8ae4572
6440,train,run11|9dfb28d6e5e9d7a85b07c185
6441,train,run11|94c2f6e7aeaa61098acaee06
6442,val,run11|0408dd24bd1abd26ac567ab1
6443,test,run11|54b3b78428ba22ef6f5d04fd
6444,test,run11|6fcf80cb4164acf84bc07281
6445,test,run11|daaa2bd654b6b58ecf82bb66
6446,train,run11|36b619e0fbcfecdb956f3421
6447,test,run11|64fa5df7d79364f44ee3730d
6448,test,run11|412a5c883ce5f23efde1233b
6449,val,run11|9eb2e124eeb7a7acb45b3ea1
6450,test,run11|67939cc74f1117a00d5ff15a
6451,test,run11|f891ef22d0cf9756b5bd5f0d
6452,test,run11|d64ab2248e26dd6e0a061191
6453,val,run11|9ea029c2ec54391f1af366ca
6454,train,run11|20be4212b73ccc2eb3f32901
6455,test,run11|d8837e7619b91a999de79e39
6456,train,run11|506a8016902e426ae774cc74
6457,val,run11|7146ebe1bc605ef32f219554
6458,test,run11|e0f1b8b6c079678a904627fc
6459,train,run11|7c3f3191d7e919254df63485
6460,val,run11|baf4abb1b46b659441f14df3
6461,test,run11|2b45f069e7ad65507e266371
6462,train,run11|5f8fe47a8d912877fbe0a5cf
6463,train,run11|2ab2cb807764afd1bfa67e08
6464,val,run11|286392c36b786b70a48c9f44
6465,test,run11|9012765c19486f37f54e577c
6466,train,run11|32932907d2d59903a34e8789
6467,val,run11|8af059c6c7d36aaf8471d9f5
6468,train,run11|d17362bf4fcb657d465fb9d4
6469,val,run11|6db66c6432fd4eb188ff5cc8
6470,val,run11|ec28127c8c58bf0d8395ec8a
6471,test,run11|833313ea8758ff4738aa243e
6472,train,run11|b2f0649d8b373004ebb86fdd
6473,train,run11|5349ef0e7505dca9836055c1
6474,train,run11|f3a65c7ba161edc9b65569e7
6475,train,run11|c79fdda1e1a3e15adb95ef6f
6476,train,run11|e688e9dde9d6878087538ca1
6477,test,run11|b38d6ef3392d2a4d4603e68b
6478,train,run11|968cab303f304ff5a579ad02
6479,test,run11|7a7d05220fdd19e4e7ec3fa0
6480,test,run11|5dacdcbc0eae06294c451cfd
6481,train,run11|e6a306f238d270c64055c862
6482,train,run11|8c7e9bc63f5a38f438f3196d
6483,test,run11|63f8412bd710a2f47e2814fd
6484,train,run11|ea47419da0fc7d31c495dd45
6485,train,run11|141ab9fce02fc5231331b489
6486,test,run11|30a22e84131582ee6d9cb316
6487,train,run11|28c57e8b9a0e7c8c62adc9a7
6488,val,run11|d2c66a8c373304d0eaf19da1
6489,train,run11|7a86937e2fedbc14397ac045
6490,train,run11|76e7685ac7d49907ced084a9
6491,train,run11|69ed1cad8369a4c94097981b
6492,train,run11|a0fb19a22ff7330c48d35eb7
6493,train,run11|0e5d00fe0ecd9b2240f4d113
6494,train,run11|0286e525660e9fab7a165d18
6495,train,run11|37b5ee0c9b16a2d9cf152fd8
6496,test,run11|6de0e245d70ed688b59ce6e6
6497,train,run11|b173784976bd200da10c6f13
6498,val,run11|c84b8320386dc4ec8e028ac7
6499,val,run11|bffb018ec8308e6907c8e716
6500,test,run11|bdc9f426fa03d001ff5ac384
6501,train,run11|75e221ba415ad92ffcaf2d59
6502,test,run11|130c434ace2677c070c06fc2
6503,train,run11|be7912ab3891d6cecaa37f00
6504,train,run11|2b0bf46316c08fc78fa2a473
6505,train,run11|f31354d1c6040787d7f4c666
6506,val,run11|891d8937f7a2efedbc28ed1b
6507,test,run11|6aab5f7dce095fc81bbf6706
6508,train,run11|7740cbf127d0b3ca28341d7d
6509,train,run11|52a481b74bf20f5f37f7f386
6510,train,run11|e85e2a556b2e3517c2da5c25
6511,train,run11|52edee29f63ce601d2a41229
6512,train,run11|c0d6c4f9a11b6daed7f5fc80
6513,train,run11|be6caf406ca96139f929ec0c
6514,test,run11|8428862189ea00423a11c070
6515,val,run11|946fcb3c1ef15123b8d5739a
6516,val,run11|5c204e19d301be4fcb885e20
6517,train,run11|86b5f01a2b36007532c73636
6518,train,run11|3126988a6b68492cb8ae4572
6519,train,run11|9dfb28d6e5e9d7a85b07c185
6520,train,run11|94c2f6e7aeaa61098acaee06
6521,val,run11|0408dd24bd1abd26ac567ab1
6522,test,run11|54b3b78428ba22ef6f5d04fd
6523,test,run11|6fcf80cb4164acf84bc07281
6524,test,run11|daaa2bd654b6b58ecf82bb66
6525,train,run11|36b619e0fbcfecdb956f3421
6526,test,run11|64fa5df7d79364f44ee3730d
6527,test,run11|412a5c883ce5f23efde1233b
6528,val,run11|9eb2e124eeb7a7acb45b3ea1
6529,test,run11|67939cc74f1117a00d5ff15a
6530,test,run11|f891ef22d0cf9756b5bd5f0d
6531,test,run11|d64ab2248e26dd6e0a061191
6532,val,run11|9ea029c2ec54391f1af366ca
6533,train,run11|20be4212b73ccc2eb3f32901
6534,test,run11|d8837e7619b91a999de79e39
6535,train,run11|506a8016902e426ae774cc74
6536,val,run11|7146ebe1bc605ef32f219554
6537,test,run11|e0f1b8b6c079678a904627fc
6538,train,run11|7c3f3191d7e919254df63485
6539,val,run11|baf4abb1b46b659441f14df3
6540,test,run11|2b45f069e7ad65507e266371
6541,train,run11|5f8fe47a8d912877fbe0a5cf
6542,train,run11|2ab2cb807764afd1bfa67e08
6543,val,run11|286392c36b786b70a48c9f44
6544,test,run11|9012765c19486f37f54e577c
6545,train,run11|32932907d2d59903a34e8789
6546,val,run11|8af059c6c7d36aaf8471d9f5
6547,train,run11|d17362bf4fcb657d465fb9d4
6548,val,run11|6db66c6432fd4eb188ff5cc8
6549,val,run11|ec28127c8c58bf0d8395ec8a
6550,test,run11|833313ea8758ff4738aa243e
6551,train,run11|b2f0649d8b373004ebb86fdd
6552,train,run11|5349ef0e7505dca9836055c1
6553,train,run11|f3a65c7ba161edc9b65569e7
6554,train,run11|c79fdda1e1a3e15adb95ef6f
6555,train,run11|e688e9dde9d6878087538ca1
6556,test,run11|b38d6ef3392d2a4d4603e68b
6557,train,run11|968cab303f304ff5a579ad02
6558,test,run11|7a7d05220fdd19e4e7ec3fa0
6559,test,run11|5dacdcbc0eae06294c451cfd
6560,train,run11|e6a306f238d270c64055c862
6561,train,run11|8c7e9bc63f5a38f438f3196d
6562,test,run11|63f8412bd710a2f47e2814fd
6563,train,run11|ea47419da0fc7d31c495dd45
6564,train,run11|141ab9fce02fc5231331b489
6565,test,run11|30a22e84131582ee6d9cb316
6566,train,run11|28c57e8b9a0e7c8c62adc9a7
6567,val,run11|d2c66a8c373304d0eaf19da1
6568,train,run11|7a86937e2fedbc14397ac045
6569,train,run11|76e7685ac7d49907ced084a9
6570,train,run11|69ed1cad8369a4c94097981b
6571,train,run11|a0fb19a22ff7330c48d35eb7
6572,train,run11|0e5d00fe0ecd9b2240f4d113
6573,train,run11|0286e525660e9fab7a165d18
6574,train,run11|37b5ee0c9b16a2d9cf152fd8
6575,test,run11|6de0e245d70ed688b59ce6e6
6576,train,run11|be6caf406ca96139f929ec0c
6577,test,run11|8428862189ea00423a11c070
6578,val,run11|946fcb3c1ef15123b8d5739a
6579,val,run11|5c204e19d301be4fcb885e20
6580,train,run11|86b5f01a2b36007532c73636
6581,train,run11|3126988a6b68492cb8ae4572
6582,train,run11|9dfb28d6e5e9d7a85b07c185
6583,train,run11|94c2f6e7aeaa61098acaee06
6584,val,run11|0408dd24bd1abd26ac567ab1
6585,test,run11|54b3b78428ba22ef6f5d04fd
6586,test,run11|6fcf80cb4164acf84bc07281
6587,test,run11|daaa2bd654b6b58ecf82bb66
6588,train,run11|36b619e0fbcfecdb956f3421
6589,test,run11|64fa5df7d79364f44ee3730d
6590,test,run11|412a5c883ce5f23efde1233b
6591,val,run11|9eb2e124eeb7a7acb45b3ea1
6592,test,run11|67939cc74f1117a00d5ff15a
6593,test,run11|f891ef22d0cf9756b5bd5f0d
6594,test,run11|d64ab2248e26dd6e0a061191
6595,val,run11|9ea029c2ec54391f1af366ca
6596,train,run11|20be4212b73ccc2eb3f32901
6597,test,run11|d8837e7619b91a999de79e39
6598,train,run11|506a8016902e426ae774cc74
6599,val,run11|7146ebe1bc605ef32f219554
6600,test,run11|e0f1b8b6c079678a904627fc
6601,train,run11|7c3f3191d7e919254df63485
6602,val,run11|baf4abb1b46b659441f14df3
6603,test,run11|2b45f069e7ad65507e266371
6604,train,run11|5f8fe47a8d912877fbe0a5cf
6605,train,run11|2ab2cb807764afd1bfa67e08
6606,val,run11|286392c36b786b70a48c9f44
6607,test,run11|9012765c19486f37f54e577c
6608,train,run11|32932907d2d59903a34e8789
6609,val,run11|8af059c6c7d36aaf8471d9f5
6610,train,run11|d17362bf4fcb657d465fb9d4
6611,val,run11|6db66c6432fd4eb188ff5cc8
6612,val,run11|ec28127c8c58bf0d8395ec8a
6613,test,run11|833313ea8758ff4738aa243e
6614,train,run11|b2f0649d8b373004ebb86fdd
6615,train,run11|5349ef0e7505dca9836055c1
6616,train,run11|f3a65c7ba161edc9b65569e7
6617,train,run11|c79fdda1e1a3e15adb95ef6f
6618,train,run11|e688e9dde9d6878087538ca1
6619,test,run11|b38d6ef3392d2a4d4603e68b
6620,train,run11|968cab303f304ff5a579ad02
6621,test,run11|7a7d05220fdd19e4e7ec3fa0
6622,test,run11|5dacdcbc0eae06294c451cfd
6623,train,run11|e6a306f238d270c64055c862
6624,train,run11|8c7e9bc63f5a38f438f3196d
6625,test,run11|63f8412bd710a2f47e2814fd
6626,train,run11|ea47419da0fc7d31c495dd45
6627,train,run11|141ab9fce02fc5231331b489
6628,test,run11|30a22e84131582ee6d9cb316
6629,train,run11|28c57e8b9a0e7c8c62adc9a7
6630,val,run11|d2c66a8c373304d0eaf19da1
6631,train,run11|7a86937e2fedbc14397ac045
6632,train,run11|76e7685ac7d49907ced084a9
6633,train,run11|69ed1cad8369a4c94097981b
6634,train,run11|a0fb19a22ff7330c48d35eb7
6635,train,run11|0e5d00fe0ecd9b2240f4d113
6636,train,run11|0286e525660e9fab7a165d18
6637,train,run11|37b5ee0c9b16a2d9cf152fd8
6638,test,run11|6de0e245d70ed688b59ce6e6
6639,train,run11|be6caf406ca96139f929ec0c
6640,test,run11|8428862189ea00423a11c070
6641,val,run11|946fcb3c1ef15123b8d5739a
6642,val,run11|5c204e19d301be4fcb885e20
6643,train,run11|86b5f01a2b36007532c73636
6644,train,run11|3126988a6b68492cb8ae4572
6645,train,run11|9dfb28d6e5e9d7a85b07c185
6646,train,run11|94c2f6e7aeaa61098acaee06
6647,val,run11|0408dd24bd1abd26ac567ab1
6648,test,run11|54b3b78428ba22ef6f5d04fd
6649,test,run11|6fcf80cb4164acf84bc07281
6650,test,run11|daaa2bd654b6b58ecf82bb66
6651,train,run11|36b619e0fbcfecdb956f3421
6652,test,run11|64fa5df7d79364f44ee3730d
6653,test,run11|412a5c883ce5f23efde1233b
6654,val,run11|9eb2e124eeb7a7acb45b3ea1
6655,test,run11|67939cc74f1117a00d5ff15a
6656,test,run11|f891ef22d0cf9756b5bd5f0d
6657,test,run11|d64ab2248e26dd6e0a061191
6658,val,run11|9ea029c2ec54391f1af366ca
6659,train,run11|20be4212b73ccc2eb3f32901
6660,test,run11|d8837e7619b91a999de79e39
6661,train,run11|506a8016902e426ae774cc74
6662,val,run11|7146ebe1bc605ef32f219554
6663,test,run11|e0f1b8b6c079678a904627fc
6664,train,run11|7c3f3191d7e919254df63485
6665,val,run11|baf4abb1b46b659441f14df3
6666,test,run11|2b45f069e7ad65507e266371
6667,train,run11|5f8fe47a8d912877fbe0a5cf
6668,train,run11|2ab2cb807764afd1bfa67e08
6669,val,run11|286392c36b786b70a48c9f44
6670,test,run11|9012765c19486f37f54e577c
6671,train,run11|32932907d2d59903a34e8789
6672,val,run11|8af059c6c7d36aaf8471d9f5
6673,train,run11|d17362bf4fcb657d465fb9d4
6674,val,run11|6db66c6432fd4eb188ff5cc8
6675,val,run11|ec28127c8c58bf0d8395ec8a
6676,test,run11|833313ea8758ff4738aa243e
6677,train,run11|b2f0649d8b373004ebb86fdd
6678,train,run11|5349ef0e7505dca9836055c1
6679,train,run11|f3a65c7ba161edc9b65569e7
6680,train,run11|c79fdda1e1a3e15adb95ef6f
6681,train,run11|e688e9dde9d6878087538ca1
6682,test,run11|b38d6ef3392d2a4d4603e68b
6683,train,run11|968cab303f304ff5a579ad02
6684,test,run11|7a7d05220fdd19e4e7ec3fa0
6685,test,run11|5dacdcbc0eae06294c451cfd
6686,train,run11|e6a306f238d270c64055c862
6687,train,run11|8c7e9bc63f5a38f438f3196d
6688,test,run11|63f8412bd710a2f47e2814fd
6689,train,run11|ea47419da0fc7d31c495dd45
6690,train,run11|141ab9fce02fc5231331b489
6691,test,run11|30a22e84131582ee6d9cb316
6692,train,run11|28c57e8b9a0e7c8c62adc9a7
6693,val,run11|d2c66a8c373304d0eaf19da1
6694,train,run11|7a86937e2fedbc14397ac045
6695,train,run11|76e7685ac7d49907ced084a9
6696,train,run11|69ed1cad8369a4c94097981b
6697,train,run11|a0fb19a22ff7330c48d35eb7
6698,train,run11|0e5d00fe0ecd9b2240f4d113
6699,train,run11|0286e525660e9fab7a165d18
6700,train,run11|37b5ee0c9b16a2d9cf152fd8
6701,test,run11|6de0e245d70ed688b59ce6e6
6702,train,run11|be6caf406ca96139f929ec0c
6703,test,run11|8428862189ea00423a11c070
6704,val,run11|946fcb3c1ef15123b8d5739a
6705,val,run11|5c204e19d301be4fcb885e20
6706,train,run11|86b5f01a2b36007532c73636
6707,train,run11|3126988a6b68492cb8ae4572
6708,train,run11|9dfb28d6e5e9d7a85b07c185
6709,train,run11|94c2f6e7aeaa61098acaee06
6710,val,run11|0408dd24bd1abd26ac567ab1
6711,test,run11|54b3b78428ba22ef6f5d04fd
6712,test,run11|6fcf80cb4164acf84bc07281
6713,test,run11|daaa2bd654b6b58ecf82bb66
6714,train,run11|36b619e0fbcfecdb956f3421
6715,test,run11|64fa5df7d79364f44ee3730d
6716,test,run11|412a5c883ce5f23efde1233b
6717,val,run11|9eb2e124eeb7a7acb45b3ea1
6718,test,run11|67939cc74f1117a00d5ff15a
6719,test,run11|f891ef22d0cf9756b5bd5f0d
6720,test,run11|d64ab2248e26dd6e0a061191
6721,val,run11|9ea029c2ec54391f1af366ca
6722,train,run11|20be4212b73ccc2eb3f32901
6723,test,run11|d8837e7619b91a999de79e39
6724,train,run11|506a8016902e426ae774cc74
6725,val,run11|7146ebe1bc605ef32f219554
6726,test,run11|e0f1b8b6c079678a904627fc
6727,train,run11|7c3f3191d7e919254df63485
6728,val,run11|baf4abb1b46b659441f14df3
6729,test,run11|2b45f069e7ad65507e266371
6730,train,run11|5f8fe47a8d912877fbe0a5cf
6731,train,run11|2ab2cb807764afd1bfa67e08
6732,val,run11|286392c36b786b70a48c9f44
6733,test,run11|9012765c19486f37f54e577c
6734,train,run11|32932907d2d59903a34e8789
6735,val,run11|8af059c6c7d36aaf8471d9f5
6736,train,run11|d17362bf4fcb657d465fb9d4
6737,val,run11|6db66c6432fd4eb188ff5cc8
6738,val,run11|ec28127c8c58bf0d8395ec8a
6739,test,run11|833313ea8758ff4738aa243e
6740,train,run11|b2f0649d8b373004ebb86fdd
6741,train,run11|5349ef0e7505dca9836055c1
6742,train,run11|f3a65c7ba161edc9b65569e7
6743,train,run11|c79fdda1e1a3e15adb95ef6f
6744,train,run11|e688e9dde9d6878087538ca1
6745,test,run11|b38d6ef3392d2a4d4603e68b
6746,train,run11|968cab303f304ff5a579ad02
6747,test,run11|7a7d05220fdd19e4e7ec3fa0
6748,test,run11|5dacdcbc0eae06294c451cfd
6749,train,run11|e6a306f238d270c64055c862
6750,train,run11|8c7e9bc63f5a38f438f3196d
6751,test,run11|63f8412bd710a2f47e2814fd
6752,train,run11|ea47419da0fc7d31c495dd45
6753,train,run11|141ab9fce02fc5231331b489
6754,test,run11|30a22e84131582ee6d9cb316
6755,train,run11|28c57e8b9a0e7c8c62adc9a7
6756,val,run11|d2c66a8c373304d0eaf19da1
6757,train,run11|7a86937e2fedbc14397ac045
6758,train,run11|76e7685ac7d49907ced084a9
6759,train,run11|69ed1cad8369a4c94097981b
6760,train,run11|a0fb19a22ff7330c48d35eb7
6761,train,run11|0e5d00fe0ecd9b2240f4d113
6762,train,run11|0286e525660e9fab7a165d18
6763,train,run11|37b5ee0c9b16a2d9cf152fd8
6764,test,run11|6de0e245d70ed688b59ce6e6
6765,train,run11|be6caf406ca96139f929ec0c
6766,test,run11|8428862189ea00423a11c070
6767,val,run11|946fcb3c1ef15123b8d5739a
6768,val,run11|5c204e19d301be4fcb885e20
6769,train,run11|86b5f01a2b36007532c73636
6770,train,run11|3126988a6b68492cb8ae4572
6771,train,run11|9dfb28d6e5e9d7a85b07c185
6772,train,run11|94c2f6e7aeaa61098acaee06
6773,val,run11|0408dd24bd1abd26ac567ab1
6774,test,run11|54b3b78428ba22ef6f5d04fd
6775,test,run11|6fcf80cb4164acf84bc07281
6776,test,run11|daaa2bd654b6b58ecf82bb66
6777,train,run11|36b619e0fbcfecdb956f3421
6778,test,run11|64fa5df7d79364f44ee3730d
6779,test,run11|412a5c883ce5f23efde1233b
6780,val,run11|9eb2e124eeb7a7acb45b3ea1
6781,test,run11|67939cc74f1117a00d5ff15a
6782,test,run11|f891ef22d0cf9756b5bd5f0d
6783,test,run11|d64ab2248e26dd6e0a061191
6784,val,run11|9ea029c2ec54391f1af366ca
6785,train,run11|20be4212b73ccc2eb3f32901
6786,test,run11|d8837e7619b91a999de79e39
6787,train,run11|506a8016902e426ae774cc74
6788,val,run11|7146ebe1bc605ef32f219554
6789,test,run11|e0f1b8b6c079678a904627fc
6790,train,run11|7c3f3191d7e919254df63485
6791,val,run11|baf4abb1b46b659441f14df3
6792,test,run11|2b45f069e7ad65507e266371
6793,train,run11|5f8fe47a8d912877fbe0a5cf
6794,train,run11|2ab2cb807764afd1bfa67e08
6795,val,run11|286392c36b786b70a48c9f44
6796,test,run11|9012765c19486f37f54e577c
6797,train,run11|32932907d2d59903a34e8789
6798,val,run11|8af059c6c7d36aaf8471d9f5
6799,train,run11|d17362bf4fcb657d465fb9d4
6800,val,run11|6db66c6432fd4eb188ff5cc8
6801,val,run11|ec28127c8c58bf0d8395ec8a
6802,test,run11|833313ea8758ff4738aa243e
6803,train,run11|b2f0649d8b373004ebb86fdd
6804,train,run11|5349ef0e7505dca9836055c1
6805,train,run11|f3a65c7ba161edc9b65569e7
6806,train,run11|c79fdda1e1a3e15adb95ef6f
6807,train,run11|e688e9dde9d6878087538ca1
6808,test,run11|b38d6ef3392d2a4d4603e68b
6809,train,run11|968cab303f304ff5a579ad02
6810,test,run11|7a7d05220fdd19e4e7ec3fa0
6811,test,run11|5dacdcbc0eae06294c451cfd
6812,train,run11|e6a306f238d270c64055c862
6813,train,run11|8c7e9bc63f5a38f438f3196d
6814,test,run11|63f8412bd710a2f47e2814fd
6815,train,run11|ea47419da0fc7d31c495dd45
6816,train,run11|141ab9fce02fc5231331b489
6817,test,run11|30a22e84131582ee6d9cb316
6818,train,run11|28c57e8b9a0e7c8c62adc9a7
6819,val,run11|d2c66a8c373304d0eaf19da1
6820,train,run11|7a86937e2fedbc14397ac045
6821,train,run11|76e7685ac7d49907ced084a9
6822,train,run11|69ed1cad8369a4c94097981b
6823,train,run11|a0fb19a22ff7330c48d35eb7
6824,train,run11|0e5d00fe0ecd9b2240f4d113
6825,train,run11|0286e525660e9fab7a165d18
6826,train,run11|37b5ee0c9b16a2d9cf152fd8
6827,test,run11|6de0e245d70ed688b59ce6e6
6828,train,run11|be6caf406ca96139f929ec0c
6829,test,run11|8428862189ea00423a11c070
6830,val,run11|946fcb3c1ef15123b8d5739a
6831,val,run11|5c204e19d301be4fcb885e20
6832,train,run11|86b5f01a2b36007532c73636
6833,train,run11|3126988a6b68492cb8ae4572
6834,train,run11|9dfb28d6e5e9d7a85b07c185
6835,train,run11|94c2f6e7aeaa61098acaee06
6836,val,run11|0408dd24bd1abd26ac567ab1
6837,test,run11|54b3b78428ba22ef6f5d04fd
6838,test,run11|6fcf80cb4164acf84bc07281
6839,test,run11|daaa2bd654b6b58ecf82bb66
6840,train,run11|36b619e0fbcfecdb956f3421
6841,test,run11|64fa5df7d79364f44ee3730d
6842,test,run11|412a5c883ce5f23efde1233b
6843,val,run11|9eb2e124eeb7a7acb45b3ea1
6844,test,run11|67939cc74f1117a00d5ff15a
6845,test,run11|f891ef22d0cf9756b5bd5f0d
6846,test,run11|d64ab2248e26dd6e0a061191
6847,val,run11|9ea029c2ec54391f1af366ca
6848,train,run11|20be4212b73ccc2eb3f32901
6849,test,run11|d8837e7619b91a999de79e39
6850,train,run11|506a8016902e426ae774cc74
6851,val,run11|7146ebe1bc605ef32f219554
6852,test,run11|e0f1b8b6c079678a904627fc
6853,train,run11|7c3f3191d7e919254df63485
6854,val,run11|baf4abb1b46b659441f14df3
6855,test,run11|2b45f069e7ad65507e266371
6856,train,run11|5f8fe47a8d912877fbe0a5cf
6857,train,run11|2ab2cb807764afd1bfa67e08
6858,val,run11|286392c36b786b70a48c9f44
6859,test,run11|9012765c19486f37f54e577c
6860,train,run11|32932907d2d59903a34e8789
6861,val,run11|8af059c6c7d36aaf8471d9f5
6862,train,run11|d17362bf4fcb657d465fb9d4
6863,val,run11|6db66c6432fd4eb188ff5cc8
6864,val,run11|ec28127c8c58bf0d8395ec8a
6865,test,run11|833313ea8758ff4738aa243e
6866,train,run11|b2f0649d8b373004ebb86fdd
6867,train,run11|5349ef0e7505dca9836055c1
6868,train,run11|f3a65c7ba161edc9b65569e7
6869,train,run11|c79fdda1e1a3e15adb95ef6f
6870,train,run11|e688e9dde9d6878087538ca1
6871,test,run11|b38d6ef3392d2a4d4603e68b
6872,train,run11|968cab303f304ff5a579ad02
6873,test,run11|7a7d05220fdd19e4e7ec3fa0
6874,test,run11|5dacdcbc0eae06294c451cfd
6875,train,run11|e6a306f238d270c64055c862
6876,train,run11|8c7e9bc63f5a38f438f3196d
6877,test,run11|63f8412bd710a2f47e2814fd
6878,train,run11|ea47419da0fc7d31c495dd45
6879,train,run11|141ab9fce02fc5231331b489
6880,test,run11|30a22e84131582ee6d9cb316
6881,train,run11|28c57e8b9a0e7c8c62adc9a7
6882,val,run11|d2c66a8c373304d0eaf19da1
6883,train,run11|7a86937e2fedbc14397ac045
6884,train,run11|76e7685ac7d49907ced084a9
6885,train,run11|69ed1cad8369a4c94097981b
6886,train,run11|a0fb19a22ff7330c48d35eb7
6887,train,run11|0e5d00fe0ecd9b2240f4d113
6888,train,run11|0286e525660e9fab7a165d18
6889,train,run11|37b5ee0c9b16a2d9cf152fd8
6890,test,run11|6de0e245d70ed688b59ce6e6
6891,train,run11|be6caf406ca96139f929ec0c
6892,test,run11|8428862189ea00423a11c070
6893,val,run11|946fcb3c1ef15123b8d5739a
6894,val,run11|5c204e19d301be4fcb885e20
6895,train,run11|86b5f01a2b36007532c73636
6896,train,run11|3126988a6b68492cb8ae4572
6897,train,run11|9dfb28d6e5e9d7a85b07c185
6898,train,run11|94c2f6e7aeaa61098acaee06
6899,val,run11|0408dd24bd1abd26ac567ab1
6900,test,run11|54b3b78428ba22ef6f5d04fd
6901,test,run11|6fcf80cb4164acf84bc07281
6902,test,run11|daaa2bd654b6b58ecf82bb66
6903,train,run11|36b619e0fbcfecdb956f3421
6904,test,run11|64fa5df7d79364f44ee3730d
6905,test,run11|412a5c883ce5f23efde1233b
6906,val,run11|9eb2e124eeb7a7acb45b3ea1
6907,test,run11|67939cc74f1117a00d5ff15a
6908,test,run11|f891ef22d0cf9756b5bd5f0d
6909,test,run11|d64ab2248e26dd6e0a061191
6910,val,run11|9ea029c2ec54391f1af366ca
6911,train,run11|20be4212b73ccc2eb3f32901
6912,test,run11|d8837e7619b91a999de79e39
6913,train,run11|506a8016902e426ae774cc74
6914,val,run11|7146ebe1bc605ef32f219554
6915,test,run11|e0f1b8b6c079678a904627fc
6916,train,run11|7c3f3191d7e919254df63485
6917,val,run11|baf4abb1b46b659441f14df3
6918,test,run11|2b45f069e7ad65507e266371
6919,train,run11|5f8fe47a8d912877fbe0a5cf
6920,train,run11|2ab2cb807764afd1bfa67e08
6921,val,run11|286392c36b786b70a48c9f44
6922,test,run11|9012765c19486f37f54e577c
6923,train,run11|32932907d2d59903a34e8789
6924,val,run11|8af059c6c7d36aaf8471d9f5
6925,train,run11|d17362bf4fcb657d465fb9d4
6926,val,run11|6db66c6432fd4eb188ff5cc8
6927,val,run11|ec28127c8c58bf0d8395ec8a
6928,test,run11|833313ea8758ff4738aa243e
6929,train,run11|b2f0649d8b373004ebb86fdd
6930,train,run11|5349ef0e7505dca9836055c1
6931,train,run11|f3a65c7ba161edc9b65569e7
6932,train,run11|c79fdda1e1a3e15adb95ef6f
6933,train,run11|e688e9dde9d6878087538ca1
6934,test,run11|b38d6ef3392d2a4d4603e68b
6935,train,run11|968cab303f304ff5a579ad02
6936,test,run11|7a7d05220fdd19e4e7ec3fa0
6937,test,run11|5dacdcbc0eae06294c451cfd
6938,train,run11|e6a306f238d270c64055c862
6939,train,run11|8c7e9bc63f5a38f438f3196d
6940,test,run11|63f8412bd710a2f47e2814fd
6941,train,run11|ea47419da0fc7d31c495dd45
6942,train,run11|141ab9fce02fc5231331b489
6943,test,run11|30a22e84131582ee6d9cb316
6944,train,run11|28c57e8b9a0e7c8c62adc9a7
6945,val,run11|d2c66a8c373304d0eaf19da1
6946,train,run11|7a86937e2fedbc14397ac045
6947,train,run11|76e7685ac7d49907ced084a9
6948,train,run11|69ed1cad8369a4c94097981b
6949,train,run11|a0fb19a22ff7330c48d35eb7
6950,train,run11|0e5d00fe0ecd9b2240f4d113
6951,train,run11|0286e525660e9fab7a165d18
6952,train,run11|37b5ee0c9b16a2d9cf152fd8
6953,test,run11|6de0e245d70ed688b59ce6e6
6954,train,run11|be6caf406ca96139f929ec0c
6955,test,run11|8428862189ea00423a11c070
6956,val,run11|946fcb3c1ef15123b8d5739a
6957,val,run11|5c204e19d301be4fcb885e20
6958,train,run11|86b5f01a2b36007532c73636
6959,train,run11|3126988a6b68492cb8ae4572
6960,train,run11|9dfb28d6e5e9d7a85b07c185
6961,train,run11|94c2f6e7aeaa61098acaee06
6962,val,run11|0408dd24bd1abd26ac567ab1
6963,test,run11|54b3b78428ba22ef6f5d04fd
6964,test,run11|6fcf80cb4164acf84bc07281
6965,test,run11|daaa2bd654b6b58ecf82bb66
6966,train,run11|36b619e0fbcfecdb956f3421
6967,test,run11|64fa5df7d79364f44ee3730d
6968,test,run11|412a5c883ce5f23efde1233b
6969,val,run11|9eb2e124eeb7a7acb45b3ea1
6970,test,run11|67939cc74f1117a00d5ff15a
6971,test,run11|f891ef22d0cf9756b5bd5f0d
6972,test,run11|d64ab2248e26dd6e0a061191
6973,val,run11|9ea029c2ec54391f1af366ca
6974,train,run11|20be4212b73ccc2eb3f32901
6975,test,run11|d8837e7619b91a999de79e39
6976,train,run11|506a8016902e426ae774cc74
6977,val,run11|7146ebe1bc605ef32f219554
6978,test,run11|e0f1b8b6c079678a904627fc
6979,train,run11|7c3f3191d7e919254df63485
6980,val,run11|baf4abb1b46b659441f14df3
6981,test,run11|2b45f069e7ad65507e266371
6982,train,run11|5f8fe47a8d912877fbe0a5cf
6983,train,run11|2ab2cb807764afd1bfa67e08
6984,val,run11|286392c36b786b70a48c9f44
6985,test,run11|9012765c19486f37f54e577c
6986,train,run11|32932907d2d59903a34e8789
6987,val,run11|8af059c6c7d36aaf8471d9f5
6988,train,run11|d17362bf4fcb657d465fb9d4
6989,val,run11|6db66c6432fd4eb188ff5cc8
6990,val,run11|ec28127c8c58bf0d8395ec8a
6991,test,run11|833313ea8758ff4738aa243e
6992,train,run11|b2f0649d8b373004ebb86fdd
6993,train,run11|5349ef0e7505dca9836055c1
6994,train,run11|f3a65c7ba161edc9b65569e7
6995,train,run11|c79fdda1e1a3e15adb95ef6f
6996,train,run11|e688e9dde9d6878087538ca1
6997,test,run11|b38d6ef3392d2a4d4603e68b
6998,train,run11|968cab303f304ff5a579ad02
6999,test,run11|7a7d05220fdd19e4e7ec3fa0
7000,test,run11|5dacdcbc0eae06294c451cfd
7001,train,run11|e6a306f238d270c64055c862
7002,train,run11|8c7e9bc63f5a38f438f3196d
7003,test,run11|63f8412bd710a2f47e2814fd
7004,train,run11|ea47419da0fc7d31c495dd45
7005,train,run11|141ab9fce02fc5231331b489
7006,test,run11|30a22e84131582ee6d9cb316
7007,train,run11|28c57e8b9a0e7c8c62adc9a7
7008,val,run11|d2c66a8c373304d0eaf19da1
7009,train,run11|7a86937e2fedbc14397ac045
7010,train,run11|76e7685ac7d49907ced084a9
7011,train,run11|69ed1cad8369a4c94097981b
7012,train,run11|a0fb19a22ff7330c48d35eb7
7013,train,run11|0e5d00fe0ecd9b2240f4d113
7014,train,run11|0286e525660e9fab7a165d18
7015,train,run11|37b5ee0c9b16a2d9cf152fd8
7016,test,run11|6de0e245d70ed688b59ce6e6
7017,train,run11|f31354d1c6040787d7f4c666
7018,test,run11|6aab5f7dce095fc81bbf6706
7019,train,run11|52a481b74bf20f5f37f7f386
7020,train,run11|52edee29f63ce601d2a41229
7021,train,run11|be6caf406ca96139f929ec0c
7022,test,run11|8428862189ea00423a11c070
7023,val,run11|946fcb3c1ef15123b8d5739a
7024,val,run11|5c204e19d301be4fcb885e20
7025,train,run11|86b5f01a2b36007532c73636
7026,train,run11|3126988a6b68492cb8ae4572
7027,train,run11|9dfb28d6e5e9d7a85b07c185
7028,train,run11|94c2f6e7aeaa61098acaee06
7029,val,run11|0408dd24bd1abd26ac567ab1
7030,test,run11|54b3b78428ba22ef6f5d04fd
7031,test,run11|6fcf80cb4164acf84bc07281
7032,test,run11|daaa2bd654b6b58ecf82bb66
7033,train,run11|36b619e0fbcfecdb956f3421
7034,test,run11|64fa5df7d79364f44ee3730d
7035,test,run11|412a5c883ce5f23efde1233b
7036,val,run11|9eb2e124eeb7a7acb45b3ea1
7037,test,run11|67939cc74f1117a00d5ff15a
7038,test,run11|f891ef22d0cf9756b5bd5f0d
7039,test,run11|d64ab2248e26dd6e0a061191
7040,val,run11|9ea029c2ec54391f1af366ca
7041,train,run11|20be4212b73ccc2eb3f32901
7042,test,run11|d8837e7619b91a999de79e39
7043,train,run11|506a8016902e426ae774cc74
7044,val,run11|7146ebe1bc605ef32f219554
7045,test,run11|e0f1b8b6c079678a904627fc
7046,train,run11|7c3f3191d7e919254df63485
7047,val,run11|baf4abb1b46b659441f14df3
7048,test,run11|2b45f069e7ad65507e266371
7049,train,run11|5f8fe47a8d912877fbe0a5cf
7050,train,run11|2ab2cb807764afd1bfa67e08
7051,val,run11|286392c36b786b70a48c9f44
7052,test,run11|9012765c19486f37f54e577c
7053,train,run11|32932907d2d59903a34e8789
7054,val,run11|8af059c6c7d36aaf8471d9f5
7055,train,run11|d17362bf4fcb657d465fb9d4
7056,val,run11|6db66c6432fd4eb188ff5cc8
7057,val,run11|ec28127c8c58bf0d8395ec8a
7058,test,run11|833313ea8758ff4738aa243e
7059,train,run11|b2f0649d8b373004ebb86fdd
7060,train,run11|5349ef0e7505dca9836055c1
7061,train,run11|f3a65c7ba161edc9b65569e7
7062,train,run11|c79fdda1e1a3e15adb95ef6f
7063,train,run11|e688e9dde9d6878087538ca1
7064,test,run11|b38d6ef3392d2a4d4603e68b
7065,train,run11|968cab303f304ff5a579ad02
7066,test,run11|7a7d05220fdd19e4e7ec3fa0
7067,test,run11|5dacdcbc0eae06294c451cfd
7068,train,run11|e6a306f238d270c64055c862
7069,train,run11|8c7e9bc63f5a38f438f3196d
7070,test,run11|63f8412bd710a2f47e2814fd
7071,train,run11|ea47419da0fc7d31c495dd45
7072,train,run11|141ab9fce02fc5231331b489
7073,test,run11|30a22e84131582ee6d9cb316
7074,train,run11|28c57e8b9a0e7c8c62adc9a7
7075,val,run11|d2c66a8c373304d0eaf19da1
7076,train,run11|7a86937e2fedbc14397ac045
7077,train,run11|76e7685ac7d49907ced084a9
7078,train,run11|69ed1cad8369a4c94097981b
7079,train,run11|a0fb19a22ff7330c48d35eb7
7080,train,run11|0e5d00fe0ecd9b2240f4d113
7081,train,run11|0286e525660e9fab7a165d18
7082,train,run11|37b5ee0c9b16a2d9cf152fd8
7083,test,run11|6de0e245d70ed688b59ce6e6
7084,val,run11|891d8937f7a2efedbc28ed1b
7085,train,run11|7740cbf127d0b3ca28341d7d
7086,train,run11|e85e2a556b2e3517c2da5c25
7087,train,run11|be6caf406ca96139f929ec0c
7088,test,run11|8428862189ea00423a11c070
7089,val,run11|946fcb3c1ef15123b8d5739a
7090,val,run11|5c204e19d301be4fcb885e20
7091,train,run11|86b5f01a2b36007532c73636
7092,train,run11|3126988a6b68492cb8ae4572
7093,train,run11|9dfb28d6e5e9d7a85b07c185
7094,train,run11|94c2f6e7aeaa61098acaee06
7095,val,run11|0408dd24bd1abd26ac567ab1
7096,test,run11|54b3b78428ba22ef6f5d04fd
7097,test,run11|6fcf80cb4164acf84bc07281
7098,test,run11|daaa2bd654b6b58ecf82bb66
7099,train,run11|36b619e0fbcfecdb956f3421
7100,test,run11|64fa5df7d79364f44ee3730d
7101,test,run11|412a5c883ce5f23efde1233b
7102,val,run11|9eb2e124eeb7a7acb45b3ea1
7103,test,run11|67939cc74f1117a00d5ff15a
7104,test,run11|f891ef22d0cf9756b5bd5f0d
7105,test,run11|d64ab2248e26dd6e0a061191
7106,val,run11|9ea029c2ec54391f1af366ca
7107,train,run11|20be4212b73ccc2eb3f32901
7108,test,run11|d8837e7619b91a999de79e39
7109,train,run11|506a8016902e426ae774cc74
7110,val,run11|7146ebe1bc605ef32f219554
7111,test,run11|e0f1b8b6c079678a904627fc
7112,train,run11|7c3f3191d7e919254df63485
7113,val,run11|baf4abb1b46b659441f14df3
7114,test,run11|2b45f069e7ad65507e266371
7115,train,run11|5f8fe47a8d912877fbe0a5cf
7116,train,run11|2ab2cb807764afd1bfa67e08
7117,val,run11|286392c36b786b70a48c9f44
7118,test,run11|9012765c19486f37f54e577c
7119,train,run11|32932907d2d59903a34e8789
7120,val,run11|8af059c6c7d36aaf8471d9f5
7121,train,run11|d17362bf4fcb657d465fb9d4
7122,val,run11|6db66c6432fd4eb188ff5cc8
7123,val,run11|ec28127c8c58bf0d8395ec8a
7124,test,run11|833313ea8758ff4738aa243e
7125,train,run11|b2f0649d8b373004ebb86fdd
7126,train,run11|5349ef0e7505dca9836055c1
7127,train,run11|f3a65c7ba161edc9b65569e7
7128,train,run11|c79fdda1e1a3e15adb95ef6f
7129,train,run11|e688e9dde9d6878087538ca1
7130,test,run11|b38d6ef3392d2a4d4603e68b
7131,train,run11|968cab303f304ff5a579ad02
7132,test,run11|7a7d05220fdd19e4e7ec3fa0
7133,test,run11|5dacdcbc0eae06294c451cfd
7134,train,run11|e6a306f238d270c64055c862
7135,train,run11|8c7e9bc63f5a38f438f3196d
7136,train,run11|ea47419da0fc7d31c495dd45
7137,train,run11|141ab9fce02fc5231331b489
7138,val,run11|d2c66a8c373304d0eaf19da1
7139,train,run11|7a86937e2fedbc14397ac045
7140,train,run11|76e7685ac7d49907ced084a9
7141,train,run11|69ed1cad8369a4c94097981b
7142,train,run11|a0fb19a22ff7330c48d35eb7
7143,train,run11|0e5d00fe0ecd9b2240f4d113
7144,train,run11|0286e525660e9fab7a165d18
7145,train,run11|37b5ee0c9b16a2d9cf152fd8
7146,test,run11|6de0e245d70ed688b59ce6e6
7147,train,run11|c0d6c4f9a11b6daed7f5fc80
7148,train,run12|3dd9d3ba32ebc318f52d77ef
7149,test,run12|83c8614bd0882b2f1298be67
7150,train,run12|1304a93d28551bb8d01674ec
7151,train,run12|e6f4ccc3d302e4b0ecdfdaa5
7152,val,run12|ca363ca9286e76e55f1ee813
7153,train,run12|1a19ecd013f66e46c20e5fcf
7154,train,run12|9ac93d1cba2844f09bd0c1ec
7155,val,run12|990cd7b6bae827912c1e3773
7156,train,run12|6f320d8d9338a59faf478e0a
7157,test,run12|1afe27a1c55915553abc1faa
7158,test,run12|fad7ebb7ce7c3c569f09490b
7159,test,run12|e0d3de3a8b945abbf16a64c1
7160,test,run12|1c17ec250649396d2ba6cadb
7161,test,run12|f697518425a7c7fe51b88a72
7162,val,run12|9b929cff9882e06d77d357f7
7163,val,run12|90f92e7342213e0d4ce069de
7164,test,run12|df2d48912ed31f2e635feba9
7165,test,run12|dc317d84d66efced0344ad8b
7166,train,run12|3152185d6207ad5e784973db
7167,train,run12|7e1d684402779c99cb675cbd
7168,train,run12|77ec9bbe896e4e0cb80e0122
7169,val,run12|765ce508da31baff79452cff
7170,test,run12|aa002181ed4e4d1778c43bc4
7171,train,run12|306693655d55ab5a9fd2300c
7172,val,run12|f9c59ed8956ee79d4f1ccf50
7173,val,run12|aff8af1bf8d7f8b34161c079
7174,train,run12|42f049187d093a02473d33a8
7175,val,run12|c6f64e0dcd753089e135afd6
7176,train,run12|96fbb48514aea40c8e1be771
7177,train,run12|f7cd10f94ef0fd9a6373c661
7178,train,run12|fcb4e9241de9c9911b2a17fe
7179,val,run12|19c94ca8deacc18a723305e7
7180,train,run12|6b01813b5ccf5ae5e04630d2
7181,train,run12|1b3fe7529984a8ae3ec769bf
7182,train,run12|1bcf0aef5d473e2279cbfaad
7183,val,run12|5bc71ddd4d96395feb3eb4de
7184,train,run12|cf70d5fb16d05e7ab95fc7da
7185,val,run12|e6a3aebeaafddec3baaaeebe
7186,test,run12|cbfa2da874650219a88de47e
7187,val,run12|c77c82ec3725b1e086b23cd2
7188,train,run12|aaf36a4b82a2702ea56c582c
7189,train,run12|cbaf3e0c4bd0cc7a21d0f83d
7190,train,run12|8704255f8caebfa199c34845
7191,test,run12|ea092e2545e0b180ef29c0eb
7192,train,run12|ceef6506ba19c2d1f4a3afe1
7193,val,run12|cebe6159f616fecc3cea033d
7194,val,run12|3a786c509862986a22c44737
7195,train,run12|84a2566ab95ddaeee21ab749
7196,test,run12|887c0c8781abd99b61a1a85a
7197,train,run12|ecd20187f41b6c07643bfe91
7198,train,run12|cbe59003d48b4554110f916c
7199,train,run12|1a5dd10f79b328b68482cb50
7200,test,run12|f79f84bedc99bf83401e408e
7201,train,run12|f251e2e2932534335a2f4a2c
7202,val,run12|0ce3c33c11e93795088588c7
7203,val,run12|5b61c287d020b7348de67c2d
7204,val,run12|a2cdc93b79cfe823fb0bc8ff
7205,train,run12|0be4d2578bf8c5da85f1b1a2
7206,train,run12|71a4c628e72501339fd97f51
7207,train,run12|58040ca308dc1aa289d7bbc6
7208,train,run12|7799384ea63473f7aad142cc
7209,val,run12|ba751629a0b8989829e597f8
7210,train,run12|74e5259209c4726493ee5d23
7211,train,run12|2432a1d25f337d56c4e05129
7212,train,run12|e4b1ccd9b93fd32c2d196995
7213,train,run12|2dc1bd5b56842836053a52ee
7214,train,run12|5b73cf224c1cb5567f57d984
7215,train,run12|241ae52f5ec0e9e9a1864aae
7216,train,run12|3fba59493c3667a4e9bdad6c
7217,test,run12|179ea79d7ec5c97d5aa2110c
7218,train,run12|a2036f3bf3b4f6082e18d331
7219,train,run12|a6be3e36d08499da3e39937e
7220,test,run12|df5ae571dac077b1243b49f4
7221,test,run12|23a2bf463bc391163fc4c040
7222,train,run12|611748087659080e086f27f6
7223,train,run12|88f2853e66907e14f1061cae
7224,val,run12|f3ce086a512ca1a1b7c025bd
7225,train,run12|9d2453b14e5e5ac6c19c26d1
7226,train,run12|9883ef8b498d71cf2dfc1247
7227,train,run12|3dd9d3ba32ebc318f52d77ef
7228,test,run12|83c8614bd0882b2f1298be67
7229,train,run12|1304a93d28551bb8d01674ec
7230,train,run12|e6f4ccc3d302e4b0ecdfdaa5
7231,val,run12|ca363ca9286e76e55f1ee813
7232,train,run12|1a19ecd013f66e46c20e5fcf
7233,train,run12|9ac93d1cba2844f09bd0c1ec
7234,val,run12|990cd7b6bae827912c1e3773
7235,train,run12|6f320d8d9338a59faf478e0a
7236,test,run12|1afe27a1c55915553abc1faa
7237,test,run12|fad7ebb7ce7c3c569f09490b
7238,test,run12|e0d3de3a8b945abbf16a64c1
7239,test,run12|1c17ec250649396d2ba6cadb
7240,test,run12|f697518425a7c7fe51b88a72
7241,val,run12|9b929cff9882e06d77d357f7
7242,val,run12|90f92e7342213e0d4ce069de
7243,test,run12|df2d48912ed31f2e635feba9
7244,test,run12|dc317d84d66efced0344ad8b
7245,train,run12|3152185d6207ad5e784973db
7246,train,run12|7e1d684402779c99cb675cbd
7247,train,run12|77ec9bbe896e4e0cb80e0122
7248,val,run12|765ce508da31baff79452cff
7249,test,run12|aa002181ed4e4d1778c43bc4
7250,train,run12|306693655d55ab5a9fd2300c
7251,val,run12|f9c59ed8956ee79d4f1ccf50
7252,val,run12|aff8af1bf8d7f8b34161c079
7253,train,run12|42f049187d093a02473d33a8
7254,val,run12|c6f64e0dcd753089e135afd6
7255,train,run12|96fbb48514aea40c8e1be771
7256,train,run12|f7cd10f94ef0fd9a6373c661
7257,train,run12|fcb4e9241de9c9911b2a17fe
7258,val,run12|19c94ca8deacc18a723305e7
7259,train,run12|6b01813b5ccf5ae5e04630d2
7260,train,run12|1b3fe7529984a8ae3ec769bf
7261,train,run12|1bcf0aef5d473e2279cbfaad
7262,val,run12|5bc71ddd4d96395feb3eb4de
7263,train,run12|cf70d5fb16d05e7ab95fc7da
7264,val,run12|e6a3aebeaafddec3baaaeebe
7265,test,run12|cbfa2da874650219a88de47e
7266,val,run12|c77c82ec3725b1e086b23cd2
7267,train,run12|aaf36a4b82a2702ea56c582c
7268,train,run12|cbaf3e0c4bd0cc7a21d0f83d
7269,train,run12|8704255f8caebfa199c34845
7270,test,run12|ea092e2545e0b180ef29c0eb
7271,train,run12|ceef6506ba19c2d1f4a3afe1
7272,val,run12|cebe6159f616fecc3cea033d
7273,val,run12|3a786c509862986a22c44737
7274,train,run12|84a2566ab95ddaeee21ab749
7275,test,run12|887c0c8781abd99b61a1a85a
7276,train,run12|ecd20187f41b6c07643bfe91
7277,train,run12|cbe59003d48b4554110f916c
7278,train,run12|1a5dd10f79b328b68482cb50
7279,test,run12|f79f84bedc99bf83401e408e
7280,train,run12|f251e2e2932534335a2f4a2c
7281,val,run12|0ce3c33c11e93795088588c7
7282,val,run12|5b61c287d020b7348de67c2d
7283,val,run12|a2cdc93b79cfe823fb0bc8ff
7284,train,run12|0be4d2578bf8c5da85f1b1a2
7285,train,run12|71a4c628e72501339fd97f51
7286,train,run12|58040ca308dc1aa289d7bbc6
7287,train,run12|7799384ea63473f7aad142cc
7288,val,run12|ba751629a0b8989829e597f8
7289,train,run12|74e5259209c4726493ee5d23
7290,train,run12|3dd9d3ba32ebc318f52d77ef
7291,test,run12|83c8614bd0882b2f1298be67
7292,train,run12|1304a93d28551bb8d01674ec
7293,train,run12|e6f4ccc3d302e4b0ecdfdaa5
7294,val,run12|ca363ca9286e76e55f1ee813
7295,train,run12|1a19ecd013f66e46c20e5fcf
7296,train,run12|9ac93d1cba2844f09bd0c1ec
7297,val,run12|990cd7b6bae827912c1e3773
7298,train,run12|6f320d8d9338a59faf478e0a
7299,test,run12|1afe27a1c55915553abc1faa
7300,test,run12|fad7ebb7ce7c3c569f09490b
7301,test,run12|e0d3de3a8b945abbf16a64c1
7302,test,run12|1c17ec250649396d2ba6cadb
7303,test,run12|f697518425a7c7fe51b88a72
7304,val,run12|9b929cff9882e06d77d357f7
7305,val,run12|90f92e7342213e0d4ce069de
7306,test,run12|df2d48912ed31f2e635feba9
7307,test,run12|dc317d84d66efced0344ad8b
7308,train,run12|3152185d6207ad5e784973db
7309,train,run12|7e1d684402779c99cb675cbd
7310,train,run12|77ec9bbe896e4e0cb80e0122
7311,val,run12|765ce508da31baff79452cff
7312,test,run12|aa002181ed4e4d1778c43bc4
7313,train,run12|306693655d55ab5a9fd2300c
7314,val,run12|f9c59ed8956ee79d4f1ccf50
7315,val,run12|aff8af1bf8d7f8b34161c079
7316,train,run12|42f049187d093a02473d33a8
7317,val,run12|c6f64e0dcd753089e135afd6
7318,train,run12|96fbb48514aea40c8e1be771
7319,train,run12|f7cd10f94ef0fd9a6373c661
7320,train,run12|fcb4e9241de9c9911b2a17fe
7321,val,run12|19c94ca8deacc18a723305e7
7322,train,run12|6b01813b5ccf5ae5e04630d2
7323,train,run12|1b3fe7529984a8ae3ec769bf
7324,train,run12|1bcf0aef5d473e2279cbfaad
7325,val,run12|5bc71ddd4d96395feb3eb4de
7326,train,run12|cf70d5fb16d05e7ab95fc7da
7327,val,run12|e6a3aebeaafddec3baaaeebe
7328,test,run12|cbfa2da874650219a88de47e
7329,val,run12|c77c82ec3725b1e086b23cd2
7330,train,run12|aaf36a4b82a2702ea56c582c
7331,train,run12|cbaf3e0c4bd0cc7a21d0f83d
7332,train,run12|8704255f8caebfa199c34845
7333,test,run12|ea092e2545e0b180ef29c0eb
7334,train,run12|ceef6506ba19c2d1f4a3afe1
7335,val,run12|cebe6159f616fecc3cea033d
7336,val,run12|3a786c509862986a22c44737
7337,train,run12|84a2566ab95ddaeee21ab749
7338,test,run12|887c0c8781abd99b61a1a85a
7339,train,run12|ecd20187f41b6c07643bfe91
7340,train,run12|cbe59003d48b4554110f916c
7341,train,run12|1a5dd10f79b328b68482cb50
7342,test,run12|f79f84bedc99bf83401e408e
7343,train,run12|f251e2e2932534335a2f4a2c
7344,val,run12|0ce3c33c11e93795088588c7
7345,val,run12|5b61c287d020b7348de67c2d
7346,val,run12|a2cdc93b79cfe823fb0bc8ff
7347,train,run12|0be4d2578bf8c5da85f1b1a2
7348,train,run12|71a4c628e72501339fd97f51
7349,train,run12|58040ca308dc1aa289d7bbc6
7350,train,run12|7799384ea63473f7aad142cc
7351,val,run12|ba751629a0b8989829e597f8
7352,train,run12|74e5259209c4726493ee5d23
7353,train,run12|3dd9d3ba32ebc318f52d77ef
7354,test,run12|83c8614bd0882b2f1298be67
7355,train,run12|1304a93d28551bb8d01674ec
7356,train,run12|e6f4ccc3d302e4b0ecdfdaa5
7357,val,run12|ca363ca9286e76e55f1ee813
7358,train,run12|1a19ecd013f66e46c20e5fcf
7359,train,run12|9ac93d1cba2844f09bd0c1ec
7360,val,run12|990cd7b6bae827912c1e3773
7361,train,run12|6f320d8d9338a59faf478e0a
7362,test,run12|1afe27a1c55915553abc1faa
7363,test,run12|fad7ebb7ce7c3c569f09490b
7364,test,run12|e0d3de3a8b945abbf16a64c1
7365,test,run12|1c17ec250649396d2ba6cadb
7366,test,run12|f697518425a7c7fe51b88a72
7367,val,run12|9b929cff9882e06d77d357f7
7368,val,run12|90f92e7342213e0d4ce069de
7369,test,run12|df2d48912ed31f2e635feba9
7370,test,run12|dc317d84d66efced0344ad8b
7371,train,run12|3152185d6207ad5e784973db
7372,train,run12|7e1d684402779c99cb675cbd
7373,train,run12|77ec9bbe896e4e0cb80e0122
7374,val,run12|765ce508da31baff79452cff
7375,test,run12|aa002181ed4e4d1778c43bc4
7376,train,run12|306693655d55ab5a9fd2300c
7377,val,run12|f9c59ed8956ee79d4f1ccf50
7378,val,run12|aff8af1bf8d7f8b34161c079
7379,train,run12|42f049187d093a02473d33a8
7380,val,run12|c6f64e0dcd753089e135afd6
7381,train,run12|96fbb48514aea40c8e1be771
7382,train,run12|f7cd10f94ef0fd9a6373c661
7383,train,run12|fcb4e9241de9c9911b2a17fe
7384,val,run12|19c94ca8deacc18a723305e7
7385,train,run12|6b01813b5ccf5ae5e04630d2
7386,train,run12|1b3fe7529984a8ae3ec769bf
7387,train,run12|1bcf0aef5d473e2279cbfaad
7388,val,run12|5bc71ddd4d96395feb3eb4de
7389,train,run12|cf70d5fb16d05e7ab95fc7da
7390,val,run12|e6a3aebeaafddec3baaaeebe
7391,test,run12|cbfa2da874650219a88de47e
7392,val,run12|c77c82ec3725b1e086b23cd2
7393,train,run12|aaf36a4b82a2702ea56c582c
7394,train,run12|cbaf3e0c4bd0cc7a21d0f83d
7395,train,run12|8704255f8caebfa199c34845
7396,test,run12|ea092e2545e0b180ef29c0eb
7397,train,run12|ceef6506ba19c2d1f4a3afe1
7398,val,run12|cebe6159f616fecc3cea033d
7399,val,run12|3a786c509862986a22c44737
7400,train,run12|84a2566ab95ddaeee21ab749
7401,test,run12|887c0c8781abd99b61a1a85a
7402,train,run12|ecd20187f41b6c07643bfe91
7403,train,run12|cbe59003d48b4554110f916c
7404,train,run12|1a5dd10f79b328b68482cb50
7405,test,run12|f79f84bedc99bf83401e408e
7406,train,run12|f251e2e2932534335a2f4a2c
7407,val,run12|0ce3c33c11e93795088588c7
7408,val,run12|5b61c287d020b7348de67c2d
7409,val,run12|a2cdc93b79cfe823fb0bc8ff
7410,train,run12|0be4d2578bf8c5da85f1b1a2
7411,train,run12|71a4c628e72501339fd97f51
7412,train,run12|58040ca308dc1aa289d7bbc6
7413,train,run12|7799384ea63473f7aad142cc
7414,val,run12|ba751629a0b8989829e597f8
7415,train,run12|74e5259209c4726493ee5d23
7416,train,run12|3dd9d3ba32ebc318f52d77ef
7417,test,run12|83c8614bd0882b2f1298be67
7418,train,run12|1304a93d28551bb8d01674ec
7419,train,run12|e6f4ccc3d302e4b0ecdfdaa5
7420,val,run12|ca363ca9286e76e55f1ee813
7421,train,run12|1a19ecd013f66e46c20e5fcf
7422,train,run12|9ac93d1cba2844f09bd0c1ec
7423,val,run12|990cd7b6bae827912c1e3773
7424,train,run12|6f320d8d9338a59faf478e0a
7425,test,run12|1afe27a1c55915553abc1faa
7426,test,run12|fad7ebb7ce7c3c569f09490b
7427,test,run12|e0d3de3a8b945abbf16a64c1
7428,test,run12|1c17ec250649396d2ba6cadb
7429,test,run12|f697518425a7c7fe51b88a72
7430,val,run12|9b929cff9882e06d77d357f7
7431,val,run12|90f92e7342213e0d4ce069de
7432,test,run12|df2d48912ed31f2e635feba9
7433,test,run12|dc317d84d66efced0344ad8b
7434,train,run12|3152185d6207ad5e784973db
7435,train,run12|7e1d684402779c99cb675cbd
7436,train,run12|77ec9bbe896e4e0cb80e0122
7437,val,run12|765ce508da31baff79452cff
7438,test,run12|aa002181ed4e4d1778c43bc4
7439,train,run12|306693655d55ab5a9fd2300c
7440,val,run12|f9c59ed8956ee79d4f1ccf50
7441,val,run12|aff8af1bf8d7f8b34161c079
7442,train,run12|42f049187d093a02473d33a8
7443,val,run12|c6f64e0dcd753089e135afd6
7444,train,run12|96fbb48514aea40c8e1be771
7445,train,run12|f7cd10f94ef0fd9a6373c661
7446,train,run12|fcb4e9241de9c9911b2a17fe
7447,val,run12|19c94ca8deacc18a723305e7
7448,train,run12|6b01813b5ccf5ae5e04630d2
7449,train,run12|1b3fe7529984a8ae3ec769bf
7450,train,run12|1bcf0aef5d473e2279cbfaad
7451,val,run12|5bc71ddd4d96395feb3eb4de
7452,train,run12|cf70d5fb16d05e7ab95fc7da
7453,val,run12|e6a3aebeaafddec3baaaeebe
7454,test,run12|cbfa2da874650219a88de47e
7455,val,run12|c77c82ec3725b1e086b23cd2
7456,train,run12|aaf36a4b82a2702ea56c582c
7457,train,run12|cbaf3e0c4bd0cc7a21d0f83d
7458,train,run12|8704255f8caebfa199c34845
7459,test,run12|ea092e2545e0b180ef29c0eb
7460,train,run12|ceef6506ba19c2d1f4a3afe1
7461,val,run12|cebe6159f616fecc3cea033d
7462,val,run12|3a786c509862986a22c44737
7463,train,run12|84a2566ab95ddaeee21ab749
7464,test,run12|887c0c8781abd99b61a1a85a
7465,train,run12|ecd20187f41b6c07643bfe91
7466,train,run12|cbe59003d48b4554110f916c
7467,train,run12|1a5dd10f79b328b68482cb50
7468,test,run12|f79f84bedc99bf83401e408e
7469,train,run12|f251e2e2932534335a2f4a2c
7470,val,run12|0ce3c33c11e93795088588c7
7471,val,run12|5b61c287d020b7348de67c2d
7472,val,run12|a2cdc93b79cfe823fb0bc8ff
7473,train,run12|0be4d2578bf8c5da85f1b1a2
7474,train,run12|71a4c628e72501339fd97f51
7475,train,run12|58040ca308dc1aa289d7bbc6
7476,train,run12|7799384ea63473f7aad142cc
7477,val,run12|ba751629a0b8989829e597f8
7478,train,run12|74e5259209c4726493ee5d23
7479,train,run12|3dd9d3ba32ebc318f52d77ef
7480,test,run12|83c8614bd0882b2f1298be67
7481,train,run12|1304a93d28551bb8d01674ec
7482,train,run12|e6f4ccc3d302e4b0ecdfdaa5
7483,val,run12|ca363ca9286e76e55f1ee813
7484,train,run12|1a19ecd013f66e46c20e5fcf
7485,train,run12|9ac93d1cba2844f09bd0c1ec
7486,val,run12|990cd7b6bae827912c1e3773
7487,train,run12|6f320d8d9338a59faf478e0a
7488,test,run12|1afe27a1c55915553abc1faa
7489,test,run12|fad7ebb7ce7c3c569f09490b
7490,test,run12|e0d3de3a8b945abbf16a64c1
7491,test,run12|1c17ec250649396d2ba6cadb
7492,test,run12|f697518425a7c7fe51b88a72
7493,val,run12|9b929cff9882e06d77d357f7
7494,val,run12|90f92e7342213e0d4ce069de
7495,test,run12|df2d48912ed31f2e635feba9
7496,test,run12|dc317d84d66efced0344ad8b
7497,train,run12|3152185d6207ad5e784973db
7498,train,run12|7e1d684402779c99cb675cbd
7499,train,run12|77ec9bbe896e4e0cb80e0122
7500,val,run12|765ce508da31baff79452cff
7501,test,run12|aa002181ed4e4d1778c43bc4
7502,train,run12|306693655d55ab5a9fd2300c
7503,val,run12|f9c59ed8956ee79d4f1ccf50
7504,val,run12|aff8af1bf8d7f8b34161c079
7505,train,run12|42f049187d093a02473d33a8
7506,val,run12|c6f64e0dcd753089e135afd6
7507,train,run12|96fbb48514aea40c8e1be771
7508,train,run12|f7cd10f94ef0fd9a6373c661
7509,train,run12|fcb4e9241de9c9911b2a17fe
7510,val,run12|19c94ca8deacc18a723305e7
7511,train,run12|6b01813b5ccf5ae5e04630d2
7512,train,run12|1b3fe7529984a8ae3ec769bf
7513,train,run12|1bcf0aef5d473e2279cbfaad
7514,val,run12|5bc71ddd4d96395feb3eb4de
7515,train,run12|cf70d5fb16d05e7ab95fc7da
7516,val,run12|e6a3aebeaafddec3baaaeebe
7517,test,run12|cbfa2da874650219a88de47e
7518,val,run12|c77c82ec3725b1e086b23cd2
7519,train,run12|aaf36a4b82a2702ea56c582c
7520,train,run12|cbaf3e0c4bd0cc7a21d0f83d
7521,train,run12|8704255f8caebfa199c34845
7522,test,run12|ea092e2545e0b180ef29c0eb
7523,train,run12|ceef6506ba19c2d1f4a3afe1
7524,val,run12|cebe6159f616fecc3cea033d
7525,val,run12|3a786c509862986a22c44737
7526,train,run12|84a2566ab95ddaeee21ab749
7527,test,run12|887c0c8781abd99b61a1a85a
7528,train,run12|ecd20187f41b6c07643bfe91
7529,train,run12|cbe59003d48b4554110f916c
7530,train,run12|1a5dd10f79b328b68482cb50
7531,test,run12|f79f84bedc99bf83401e408e
7532,train,run12|f251e2e2932534335a2f4a2c
7533,val,run12|0ce3c33c11e93795088588c7
7534,val,run12|5b61c287d020b7348de67c2d
7535,val,run12|a2cdc93b79cfe823fb0bc8ff
7536,train,run12|0be4d2578bf8c5da85f1b1a2
7537,train,run12|71a4c628e72501339fd97f51
7538,train,run12|58040ca308dc1aa289d7bbc6
7539,train,run12|7799384ea63473f7aad142cc
7540,val,run12|ba751629a0b8989829e597f8
7541,train,run12|74e5259209c4726493ee5d23
7542,train,run12|3dd9d3ba32ebc318f52d77ef
7543,test,run12|83c8614bd0882b2f1298be67
7544,train,run12|1304a93d28551bb8d01674ec
7545,train,run12|e6f4ccc3d302e4b0ecdfdaa5
7546,val,run12|ca363ca9286e76e55f1ee813
7547,train,run12|1a19ecd013f66e46c20e5fcf
7548,train,run12|9ac93d1cba2844f09bd0c1ec
7549,val,run12|990cd7b6bae827912c1e3773
7550,train,run12|6f320d8d9338a59faf478e0a
7551,test,run12|1afe27a1c55915553abc1faa
7552,test,run12|fad7ebb7ce7c3c569f09490b
7553,test,run12|e0d3de3a8b945abbf16a64c1
7554,test,run12|1c17ec250649396d2ba6cadb
7555,test,run12|f697518425a7c7fe51b88a72
7556,val,run12|9b929cff9882e06d77d357f7
7557,val,run12|90f92e7342213e0d4ce069de
7558,test,run12|df2d48912ed31f2e635feba9
7559,test,run12|dc317d84d66efced0344ad8b
7560,train,run12|3152185d6207ad5e784973db
7561,train,run12|7e1d684402779c99cb675cbd
7562,train,run12|77ec9bbe896e4e0cb80e0122
7563,val,run12|765ce508da31baff79452cff
7564,test,run12|aa002181ed4e4d1778c43bc4
7565,train,run12|306693655d55ab5a9fd2300c
7566,val,run12|f9c59ed8956ee79d4f1ccf50
7567,val,run12|aff8af1bf8d7f8b34161c079
7568,train,run12|42f049187d093a02473d33a8
7569,val,run12|c6f64e0dcd753089e135afd6
7570,train,run12|96fbb48514aea40c8e1be771
7571,train,run12|f7cd10f94ef0fd9a6373c661
7572,train,run12|fcb4e9241de9c9911b2a17fe
7573,val,run12|19c94ca8deacc18a723305e7
7574,train,run12|6b01813b5ccf5ae5e04630d2
7575,train,run12|1b3fe7529984a8ae3ec769bf
7576,train,run12|1bcf0aef5d473e2279cbfaad
7577,val,run12|5bc71ddd4d96395feb3eb4de
7578,train,run12|cf70d5fb16d05e7ab95fc7da
7579,val,run12|e6a3aebeaafddec3baaaeebe
7580,test,run12|cbfa2da874650219a88de47e
7581,val,run12|c77c82ec3725b1e086b23cd2
7582,train,run12|aaf36a4b82a2702ea56c582c
7583,train,run12|cbaf3e0c4bd0cc7a21d0f83d
7584,train,run12|8704255f8caebfa199c34845
7585,test,run12|ea092e2545e0b180ef29c0eb
7586,train,run12|ceef6506ba19c2d1f4a3afe1
7587,val,run12|cebe6159f616fecc3cea033d
7588,val,run12|3a786c509862986a22c44737
7589,train,run12|84a2566ab95ddaeee21ab749
7590,test,run12|887c0c8781abd99b61a1a85a
7591,train,run12|ecd20187f41b6c07643bfe91
7592,train,run12|cbe59003d48b4554110f916c
7593,train,run12|1a5dd10f79b328b68482cb50
7594,test,run12|f79f84bedc99bf83401e408e
7595,train,run12|f251e2e2932534335a2f4a2c
7596,val,run12|0ce3c33c11e93795088588c7
7597,val,run12|5b61c287d020b7348de67c2d
7598,val,run12|a2cdc93b79cfe823fb0bc8ff
7599,train,run12|0be4d2578bf8c5da85f1b1a2
7600,train,run12|71a4c628e72501339fd97f51
7601,train,run12|58040ca308dc1aa289d7bbc6
7602,train,run12|7799384ea63473f7aad142cc
7603,val,run12|ba751629a0b8989829e597f8
7604,train,run12|74e5259209c4726493ee5d23
7605,train,run12|3dd9d3ba32ebc318f52d77ef
7606,test,run12|83c8614bd0882b2f1298be67
7607,train,run12|1304a93d28551bb8d01674ec
7608,train,run12|e6f4ccc3d302e4b0ecdfdaa5
7609,val,run12|ca363ca9286e76e55f1ee813
7610,train,run12|1a19ecd013f66e46c20e5fcf
7611,train,run12|9ac93d1cba2844f09bd0c1ec
7612,val,run12|990cd7b6bae827912c1e3773
7613,train,run12|6f320d8d9338a59faf478e0a
7614,test,run12|1afe27a1c55915553abc1faa
7615,test,run12|fad7ebb7ce7c3c569f09490b
7616,test,run12|e0d3de3a8b945abbf16a64c1
7617,test,run12|1c17ec250649396d2ba6cadb
7618,test,run12|f697518425a7c7fe51b88a72
7619,val,run12|9b929cff9882e06d77d357f7
7620,val,run12|90f92e7342213e0d4ce069de
7621,test,run12|df2d48912ed31f2e635feba9
7622,test,run12|dc317d84d66efced0344ad8b
7623,train,run12|3152185d6207ad5e784973db
7624,train,run12|7e1d684402779c99cb675cbd
7625,train,run12|77ec9bbe896e4e0cb80e0122
7626,val,run12|765ce508da31baff79452cff
7627,test,run12|aa002181ed4e4d1778c43bc4
7628,train,run12|306693655d55ab5a9fd2300c
7629,val,run12|f9c59ed8956ee79d4f1ccf50
7630,val,run12|aff8af1bf8d7f8b34161c079
7631,train,run12|42f049187d093a02473d33a8
7632,val,run12|c6f64e0dcd753089e135afd6
7633,train,run12|96fbb48514aea40c8e1be771
7634,train,run12|f7cd10f94ef0fd9a6373c661
7635,train,run12|fcb4e9241de9c9911b2a17fe
7636,val,run12|19c94ca8deacc18a723305e7
7637,train,run12|6b01813b5ccf5ae5e04630d2
7638,train,run12|1b3fe7529984a8ae3ec769bf
7639,train,run12|1bcf0aef5d473e2279cbfaad
7640,val,run12|5bc71ddd4d96395feb3eb4de
7641,train,run12|cf70d5fb16d05e7ab95fc7da
7642,val,run12|e6a3aebeaafddec3baaaeebe
7643,test,run12|cbfa2da874650219a88de47e
7644,val,run12|c77c82ec3725b1e086b23cd2
7645,train,run12|aaf36a4b82a2702ea56c582c
7646,train,run12|cbaf3e0c4bd0cc7a21d0f83d
7647,train,run12|8704255f8caebfa199c34845
7648,test,run12|ea092e2545e0b180ef29c0eb
7649,train,run12|ceef6506ba19c2d1f4a3afe1
7650,val,run12|cebe6159f616fecc3cea033d
7651,val,run12|3a786c509862986a22c44737
7652,train,run12|84a2566ab95ddaeee21ab749
7653,test,run12|887c0c8781abd99b61a1a85a
7654,train,run12|ecd20187f41b6c07643bfe91
7655,train,run12|cbe59003d48b4554110f916c
7656,train,run12|1a5dd10f79b328b68482cb50
7657,test,run12|f79f84bedc99bf83401e408e
7658,train,run12|f251e2e2932534335a2f4a2c
7659,val,run12|0ce3c33c11e93795088588c7
7660,val,run12|5b61c287d020b7348de67c2d
7661,val,run12|a2cdc93b79cfe823fb0bc8ff
7662,train,run12|0be4d2578bf8c5da85f1b1a2
7663,train,run12|71a4c628e72501339fd97f51
7664,train,run12|58040ca308dc1aa289d7bbc6
7665,train,run12|7799384ea63473f7aad142cc
7666,val,run12|ba751629a0b8989829e597f8
7667,train,run12|74e5259209c4726493ee5d23
7668,val,run12|f3ce086a512ca1a1b7c025bd
7669,train,run12|3dd9d3ba32ebc318f52d77ef
7670,test,run12|83c8614bd0882b2f1298be67
7671,train,run12|1304a93d28551bb8d01674ec
7672,train,run12|e6f4ccc3d302e4b0ecdfdaa5
7673,val,run12|ca363ca9286e76e55f1ee813
7674,train,run12|1a19ecd013f66e46c20e5fcf
7675,train,run12|9ac93d1cba2844f09bd0c1ec
7676,val,run12|990cd7b6bae827912c1e3773
7677,train,run12|6f320d8d9338a59faf478e0a
7678,test,run12|1afe27a1c55915553abc1faa
7679,test,run12|fad7ebb7ce7c3c569f09490b
7680,test,run12|e0d3de3a8b945abbf16a64c1
7681,test,run12|1c17ec250649396d2ba6cadb
7682,test,run12|f697518425a7c7fe51b88a72
7683,val,run12|9b929cff9882e06d77d357f7
7684,val,run12|90f92e7342213e0d4ce069de
7685,test,run12|df2d48912ed31f2e635feba9
7686,test,run12|dc317d84d66efced0344ad8b
7687,train,run12|3152185d6207ad5e784973db
7688,train,run12|7e1d684402779c99cb675cbd
7689,train,run12|77ec9bbe896e4e0cb80e0122
7690,val,run12|765ce508da31baff79452cff
7691,test,run12|aa002181ed4e4d1778c43bc4
7692,train,run12|306693655d55ab5a9fd2300c
7693,val,run12|f9c59ed8956ee79d4f1ccf50
7694,val,run12|aff8af1bf8d7f8b34161c079
7695,train,run12|42f049187d093a02473d33a8
7696,val,run12|c6f64e0dcd753089e135afd6
7697,train,run12|96fbb48514aea40c8e1be771
7698,train,run12|f7cd10f94ef0fd9a6373c661
7699,train,run12|fcb4e9241de9c9911b2a17fe
7700,val,run12|19c94ca8deacc18a723305e7
7701,train,run12|6b01813b5ccf5ae5e04630d2
7702,train,run12|1b3fe7529984a8ae3ec769bf
7703,train,run12|1bcf0aef5d473e2279cbfaad
7704,val,run12|5bc71ddd4d96395feb3eb4de
7705,train,run12|cf70d5fb16d05e7ab95fc7da
7706,val,run12|e6a3aebeaafddec3baaaeebe
7707,test,run12|cbfa2da874650219a88de47e
7708,val,run12|c77c82ec3725b1e086b23cd2
7709,train,run12|aaf36a4b82a2702ea56c582c
7710,train,run12|cbaf3e0c4bd0cc7a21d0f83d
7711,train,run12|8704255f8caebfa199c34845
7712,test,run12|ea092e2545e0b180ef29c0eb
7713,train,run12|ceef6506ba19c2d1f4a3afe1
7714,val,run12|cebe6159f616fecc3cea033d
7715,val,run12|3a786c509862986a22c44737
7716,train,run12|84a2566ab95ddaeee21ab749
7717,test,run12|887c0c8781abd99b61a1a85a
7718,train,run12|ecd20187f41b6c07643bfe91
7719,train,run12|cbe59003d48b4554110f916c
7720,train,run12|1a5dd10f79b328b68482cb50
7721,test,run12|f79f84bedc99bf83401e408e
7722,train,run12|f251e2e2932534335a2f4a2c
7723,val,run12|0ce3c33c11e93795088588c7
7724,val,run12|5b61c287d020b7348de67c2d
7725,val,run12|a2cdc93b79cfe823fb0bc8ff
7726,train,run12|0be4d2578bf8c5da85f1b1a2
7727,train,run12|71a4c628e72501339fd97f51
7728,train,run12|58040ca308dc1aa289d7bbc6
7729,train,run12|7799384ea63473f7aad142cc
7730,val,run12|ba751629a0b8989829e597f8
7731,train,run12|74e5259209c4726493ee5d23
7732,test,run12|df5ae571dac077b1243b49f4
7733,train,run12|611748087659080e086f27f6
7734,train,run12|9883ef8b498d71cf2dfc1247
7735,train,run12|3dd9d3ba32ebc318f52d77ef
7736,test,run12|83c8614bd0882b2f1298be67
7737,train,run12|1304a93d28551bb8d01674ec
7738,train,run12|e6f4ccc3d302e4b0ecdfdaa5
7739,val,run12|ca363ca9286e76e55f1ee813
7740,train,run12|1a19ecd013f66e46c20e5fcf
7741,train,run12|9ac93d1cba2844f09bd0c1ec
7742,val,run12|990cd7b6bae827912c1e3773
7743,train,run12|6f320d8d9338a59faf478e0a
7744,test,run12|1afe27a1c55915553abc1faa
7745,test,run12|fad7ebb7ce7c3c569f09490b
7746,test,run12|e0d3de3a8b945abbf16a64c1
7747,test,run12|1c17ec250649396d2ba6cadb
7748,test,run12|f697518425a7c7fe51b88a72
7749,val,run12|9b929cff9882e06d77d357f7
7750,val,run12|90f92e7342213e0d4ce069de
7751,test,run12|df2d48912ed31f2e635feba9
7752,test,run12|dc317d84d66efced0344ad8b
7753,train,run12|3152185d6207ad5e784973db
7754,train,run12|7e1d684402779c99cb675cbd
7755,train,run12|77ec9bbe896e4e0cb80e0122
7756,val,run12|765ce508da31baff79452cff
7757,test,run12|aa002181ed4e4d1778c43bc4
7758,train,run12|306693655d55ab5a9fd2300c
7759,val,run12|f9c59ed8956ee79d4f1ccf50
7760,val,run12|aff8af1bf8d7f8b34161c079
7761,train,run12|42f049187d093a02473d33a8
7762,val,run12|c6f64e0dcd753089e135afd6
7763,train,run12|96fbb48514aea40c8e1be771
7764,train,run12|f7cd10f94ef0fd9a6373c661
7765,train,run12|fcb4e9241de9c9911b2a17fe
7766,val,run12|19c94ca8deacc18a723305e7
7767,train,run12|6b01813b5ccf5ae5e04630d2
7768,train,run12|1b3fe7529984a8ae3ec769bf
7769,train,run12|1bcf0aef5d473e2279cbfaad
7770,val,run12|5bc71ddd4d96395feb3eb4de
7771,train,run12|cf70d5fb16d05e7ab95fc7da
7772,val,run12|e6a3aebeaafddec3baaaeebe
7773,test,run12|cbfa2da874650219a88de47e
7774,val,run12|c77c82ec3725b1e086b23cd2
7775,train,run12|aaf36a4b82a2702ea56c582c
7776,train,run12|cbaf3e0c4bd0cc7a21d0f83d
7777,train,run12|8704255f8caebfa199c34845
7778,test,run12|ea092e2545e0b180ef29c0eb
7779,train,run12|ceef6506ba19c2d1f4a3afe1
7780,val,run12|cebe6159f616fecc3cea033d
7781,val,run12|3a786c509862986a22c44737
7782,train,run12|84a2566ab95ddaeee21ab749
7783,test,run12|887c0c8781abd99b61a1a85a
7784,train,run12|ecd20187f41b6c07643bfe91
7785,train,run12|cbe59003d48b4554110f916c
7786,train,run12|1a5dd10f79b328b68482cb50
7787,test,run12|f79f84bedc99bf83401e408e
7788,train,run12|f251e2e2932534335a2f4a2c
7789,val,run12|0ce3c33c11e93795088588c7
7790,val,run12|5b61c287d020b7348de67c2d
7791,val,run12|a2cdc93b79cfe823fb0bc8ff
7792,train,run12|0be4d2578bf8c5da85f1b1a2
7793,train,run12|71a4c628e72501339fd97f51
7794,train,run12|58040ca308dc1aa289d7bbc6
7795,train,run12|7799384ea63473f7aad142cc
7796,val,run12|ba751629a0b8989829e597f8
7797,train,run12|74e5259209c4726493ee5d23
7798,train,run12|a6be3e36d08499da3e39937e
7799,test,run12|23a2bf463bc391163fc4c040
7800,train,run12|88f2853e66907e14f1061cae
7801,train,run12|9d2453b14e5e5ac6c19c26d1
7802,train,run12|3dd9d3ba32ebc318f52d77ef
7803,test,run12|83c8614bd0882b2f1298be67
7804,train,run12|1304a93d28551bb8d01674ec
7805,train,run12|e6f4ccc3d302e4b0ecdfdaa5
7806,val,run12|ca363ca9286e76e55f1ee813
7807,train,run12|1a19ecd013f66e46c20e5fcf
7808,train,run12|9ac93d1cba2844f09bd0c1ec
7809,val,run12|990cd7b6bae827912c1e3773
7810,train,run12|6f320d8d9338a59faf478e0a
7811,test,run12|1afe27a1c55915553abc1faa
7812,test,run12|fad7ebb7ce7c3c569f09490b
7813,test,run12|e0d3de3a8b945abbf16a64c1
7814,test,run12|1c17ec250649396d2ba6cadb
7815,test,run12|f697518425a7c7fe51b88a72
7816,val,run12|9b929cff9882e06d77d357f7
7817,val,run12|90f92e7342213e0d4ce069de
7818,test,run12|df2d48912ed31f2e635feba9
7819,test,run12|dc317d84d66efced0344ad8b
7820,train,run12|3152185d6207ad5e784973db
7821,train,run12|7e1d684402779c99cb675cbd
7822,train,run12|77ec9bbe896e4e0cb80e0122
7823,val,run12|765ce508da31baff79452cff
7824,test,run12|aa002181ed4e4d1778c43bc4
7825,train,run12|306693655d55ab5a9fd2300c
7826,val,run12|f9c59ed8956ee79d4f1ccf50
7827,val,run12|aff8af1bf8d7f8b34161c079
7828,train,run12|42f049187d093a02473d33a8
7829,val,run12|c6f64e0dcd753089e135afd6
7830,train,run12|96fbb48514aea40c8e1be771
7831,train,run12|f7cd10f94ef0fd9a6373c661
7832,train,run12|fcb4e9241de9c9911b2a17fe
7833,val,run12|19c94ca8deacc18a723305e7
7834,train,run12|6b01813b5ccf5ae5e04630d2
7835,train,run12|1b3fe7529984a8ae3ec769bf
7836,train,run12|1bcf0aef5d473e2279cbfaad
7837,val,run12|5bc71ddd4d96395feb3eb4de
7838,train,run12|cf70d5fb16d05e7ab95fc7da
7839,val,run12|e6a3aebeaafddec3baaaeebe
7840,test,run12|cbfa2da874650219a88de47e
7841,val,run12|c77c82ec3725b1e086b23cd2
7842,train,run12|aaf36a4b82a2702ea56c582c
7843,train,run12|cbaf3e0c4bd0cc7a21d0f83d
7844,train,run12|8704255f8caebfa199c34845
7845,test,run12|ea092e2545e0b180ef29c0eb
7846,train,run12|ceef6506ba19c2d1f4a3afe1
7847,val,run12|cebe6159f616fecc3cea033d
7848,val,run12|3a786c509862986a22c44737
7849,train,run12|84a2566ab95ddaeee21ab749
7850,test,run12|887c0c8781abd99b61a1a85a
7851,train,run12|ecd20187f41b6c07643bfe91
7852,train,run12|cbe59003d48b4554110f916c
7853,train,run12|1a5dd10f79b328b68482cb50
7854,test,run12|f79f84bedc99bf83401e408e
7855,train,run12|f251e2e2932534335a2f4a2c
7856,val,run12|0ce3c33c11e93795088588c7
7857,val,run12|5b61c287d020b7348de67c2d
7858,val,run12|a2cdc93b79cfe823fb0bc8ff
7859,train,run12|0be4d2578bf8c5da85f1b1a2
7860,train,run12|71a4c628e72501339fd97f51
7861,train,run12|58040ca308dc1aa289d7bbc6
7862,train,run12|7799384ea63473f7aad142cc
7863,val,run12|ba751629a0b8989829e597f8
7864,train,run12|74e5259209c4726493ee5d23
7865,val,run13|c103d741717d712db7886779
7866,test,run13|052c93c59f8d1755126518a0
7867,train,run13|ac523bbdd8d6fce7620531e4
7868,train,run13|735f52a90c74d0633acd5c0e
7869,train,run13|fce3888f83faa66ded9c1aab
7870,train,run13|9b6357ffee7cb2217a786052
7871,val,run13|8edd5ff347466ce79917f0e7
7872,test,run13|b63232182663eadf836c1a0a
7873,train,run13|55a6ef441c22dc1d7be53e7c
7874,test,run13|3cb4f7b004cfc6c10776c9c5
7875,test,run13|81f21000884f3479f60656ea
7876,test,run13|799a3f5ac22bcc45ab1c8901
7877,train,run13|38570c03f3dfb56fc28576ec
7878,test,run13|600e1e4078ff61a8d2bc5852
7879,test,run13|2e3e09f6d79409ff02a9bc19
7880,test,run13|15b421da3bff1e81c14a34d2
7881,test,run13|b932565992c4fc1cb745a39b
7882,val,run13|73b885d620506b672413e513
7883,test,run13|3ccc2a70af5e768bc04fc6fa
7884,train,run13|e5b671f5159483f2ca0b583f
7885,test,run13|66f1b58a66f159d13e48ecbf
7886,train,run13|acfec0cd4342a6bb53d5bc0b
7887,train,run13|0ad9361ebe399eaa60206425
7888,train,run13|dabc55846d521d250aa7ff70
7889,train,run13|bd58e0de012e508679aaa198
7890,test,run13|3d29b885535c9f47f720802b
7891,train,run13|638885da0a39eb5e12f91ea9
7892,train,run13|229a740a1ebae1c0a9204f78
7893,train,run13|508019051ff2207f58949f6f
7894,val,run13|e316888bf73fd8f0cec76131
7895,train,run13|4ec6a1977e74aafdafa0e626
7896,train,run13|9f32a1f6c11f9bb28bcccdb4
7897,val,run13|caa3b416d33ad4dc1619307e
7898,train,run13|a19a53e5baa824c497a3c68b
7899,train,run13|e48424c216140ec8d77e443d
7900,val,run13|28d2e3edcf01ef4b565cbd2e
7901,test,run13|5701b513541d8c0dd7cb99bb
7902,train,run13|afc740721ab166b3f44bb1cf
7903,test,run13|447496fd4d7a29ce6330358a
7904,val,run13|54655ee3cfbdec8cf1318628
7905,val,run13|09df15df41d872feb03b0d9f
7906,train,run13|290e132256bdfa36a8d1b9f8
7907,test,run13|2b6e354a0f1079edbd160004
7908,test,run13|6dc44f38559d89f0b706bda9
7909,train,run13|38baf1492101d807fe8c899f
7910,train,run13|47e6f032bc89c0dfab2aa85d
7911,train,run13|96dff222e7606b0c452bbec0
7912,train,run13|54e3a18b90c7347f016cc57c
7913,train,run13|181a8da7d6c26f094ebed02f
7914,test,run13|10b565a8af3dfd198ec8340f
7915,val,run13|2defe57d1ade96310e7dd822
7916,train,run13|332b1cb5577dcad7c819b08e
7917,train,run13|1b2a9147e9f3e32baa4a28b3
7918,train,run13|7ce1d65254d7c7984ecef02f
7919,test,run13|c4bef3e370d22b7459f60319
7920,val,run13|6881e041181a85b732ed5190
7921,train,run13|802c728ace0620684599078c
7922,train,run13|44892e61c005a5a23a65c114
7923,train,run13|30c7a0a503d44f928a48468c
7924,train,run13|506491713ed57c77100b2046
7925,train,run13|fc0608a298e06c4d0e79eef9
7926,test,run13|a3edd906a84a922d9094ad63
7927,train,run13|2e6c986cddbebf4a4aa0f8d1
7928,train,run13|bba3fbe7b125f596d68ff886
7929,train,run13|b33274593fe7aa4db7bc3a25
7930,train,run13|3bf6211c0398de10339c2ed4
7931,train,run13|87fbe8c93f024686dfd42ce3
7932,test,run13|13e2d31c59dc7ffe12f54b21
7933,test,run13|638a34c41bc41177db9041d6
7934,val,run13|73ba05248786485899d5b861
7935,test,run13|09e64999a340ab5c773e73d2
7936,val,run13|ac6c00d081ff69e3966f7aff
7937,train,run13|950f4db42bfd8c3ee8caf402
7938,train,run13|c5ba776c34f04b08b524d07e
7939,train,run13|ce2ecf85473d6a2f533e0ac4
7940,train,run13|a90b597969218eb4cd7c1a8e
7941,train,run13|54bb9c7dfa393bef20c0b8b5
7942,train,run13|d54321ff87657499188b0ead
7943,train,run13|a047a9183ca88e76bf870cf9
7944,val,run13|c103d741717d712db7886779
7945,test,run13|052c93c59f8d1755126518a0
7946,train,run13|ac523bbdd8d6fce7620531e4
7947,train,run13|735f52a90c74d0633acd5c0e
7948,train,run13|fce3888f83faa66ded9c1aab
7949,train,run13|9b6357ffee7cb2217a786052
7950,val,run13|8edd5ff347466ce79917f0e7
7951,test,run13|b63232182663eadf836c1a0a
7952,train,run13|55a6ef441c22dc1d7be53e7c
7953,test,run13|3cb4f7b004cfc6c10776c9c5
7954,test,run13|81f21000884f3479f60656ea
7955,test,run13|799a3f5ac22bcc45ab1c8901
7956,train,run13|38570c03f3dfb56fc28576ec
7957,test,run13|600e1e4078ff61a8d2bc5852
7958,test,run13|2e3e09f6d79409ff02a9bc19
7959,test,run13|15b421da3bff1e81c14a34d2
7960,test,run13|b932565992c4fc1cb745a39b
7961,val,run13|73b885d620506b672413e513
7962,test,run13|3ccc2a70af5e768bc04fc6fa
7963,train,run13|e5b671f5159483f2ca0b583f
7964,test,run13|66f1b58a66f159d13e48ecbf
7965,train,run13|acfec0cd4342a6bb53d5bc0b
7966,train,run13|0ad9361ebe399eaa60206425
7967,train,run13|dabc55846d521d250aa7ff70
7968,train,run13|bd58e0de012e508679aaa198
7969,test,run13|3d29b885535c9f47f720802b
7970,train,run13|638885da0a39eb5e12f91ea9
7971,train,run13|229a740a1ebae1c0a9204f78
7972,train,run13|508019051ff2207f58949f6f
7973,val,run13|e316888bf73fd8f0cec76131
7974,train,run13|4ec6a1977e74aafdafa0e626
7975,train,run13|9f32a1f6c11f9bb28bcccdb4
7976,val,run13|caa3b416d33ad4dc1619307e
7977,train,run13|a19a53e5baa824c497a3c68b
7978,train,run13|e48424c216140ec8d77e443d
7979,val,run13|28d2e3edcf01ef4b565cbd2e
7980,test,run13|5701b513541d8c0dd7cb99bb
7981,train,run13|afc740721ab166b3f44bb1cf
7982,test,run13|447496fd4d7a29ce6330358a
7983,val,run13|54655ee3cfbdec8cf1318628
7984,val,run13|09df15df41d872feb03b0d9f
7985,train,run13|290e132256bdfa36a8d1b9f8
7986,test,run13|2b6e354a0f1079edbd160004
7987,test,run13|6dc44f38559d89f0b706bda9
7988,train,run13|38baf1492101d807fe8c899f
7989,train,run13|47e6f032bc89c0dfab2aa85d
7990,train,run13|96dff222e7606b0c452bbec0
7991,train,run13|54e3a18b90c7347f016cc57c
7992,train,run13|181a8da7d6c26f094ebed02f
7993,test,run13|10b565a8af3dfd198ec8340f
7994,val,run13|2defe57d1ade96310e7dd822
7995,train,run13|332b1cb5577dcad7c819b08e
7996,train,run13|1b2a9147e9f3e32baa4a28b3
7997,train,run13|7ce1d65254d7c7984ecef02f
7998,test,run13|c4bef3e370d22b7459f60319
7999,val,run13|6881e041181a85b732ed5190
8000,train,run13|802c728ace0620684599078c
8001,train,run13|44892e61c005a5a23a65c114
8002,train,run13|30c7a0a503d44f928a48468c
8003,train,run13|506491713ed57c77100b2046
8004,train,run13|fc0608a298e06c4d0e79eef9
8005,test,run13|a3edd906a84a922d9094ad63
8006,train,run13|2e6c986cddbebf4a4aa0f8d1
8007,val,run13|c103d741717d712db7886779
8008,test,run13|052c93c59f8d1755126518a0
8009,train,run13|ac523bbdd8d6fce7620531e4
8010,train,run13|735f52a90c74d0633acd5c0e
8011,train,run13|fce3888f83faa66ded9c1aab
8012,train,run13|9b6357ffee7cb2217a786052
8013,val,run13|8edd5ff347466ce79917f0e7
8014,test,run13|b63232182663eadf836c1a0a
8015,train,run13|55a6ef441c22dc1d7be53e7c
8016,test,run13|3cb4f7b004cfc6c10776c9c5
8017,test,run13|81f21000884f3479f60656ea
8018,test,run13|799a3f5ac22bcc45ab1c8901
8019,train,run13|38570c03f3dfb56fc28576ec
8020,test,run13|600e1e4078ff61a8d2bc5852
8021,test,run13|2e3e09f6d79409ff02a9bc19
8022,test,run13|15b421da3bff1e81c14a34d2
8023,test,run13|b932565992c4fc1cb745a39b
8024,val,run13|73b885d620506b672413e513
8025,test,run13|3ccc2a70af5e768bc04fc6fa
8026,train,run13|e5b671f5159483f2ca0b583f
8027,test,run13|66f1b58a66f159d13e48ecbf
8028,train,run13|acfec0cd4342a6bb53d5bc0b
8029,train,run13|0ad9361ebe399eaa60206425
8030,train,run13|dabc55846d521d250aa7ff70
8031,train,run13|bd58e0de012e508679aaa198
8032,test,run13|3d29b885535c9f47f720802b
8033,train,run13|638885da0a39eb5e12f91ea9
8034,train,run13|229a740a1ebae1c0a9204f78
8035,train,run13|508019051ff2207f58949f6f
8036,val,run13|e316888bf73fd8f0cec76131
8037,train,run13|4ec6a1977e74aafdafa0e626
8038,train,run13|9f32a1f6c11f9bb28bcccdb4
8039,val,run13|caa3b416d33ad4dc1619307e
8040,train,run13|a19a53e5baa824c497a3c68b
8041,train,run13|e48424c216140ec8d77e443d
8042,val,run13|28d2e3edcf01ef4b565cbd2e
8043,test,run13|5701b513541d8c0dd7cb99bb
8044,train,run13|afc740721ab166b3f44bb1cf
8045,test,run13|447496fd4d7a29ce6330358a
8046,val,run13|54655ee3cfbdec8cf1318628
8047,val,run13|09df15df41d872feb03b0d9f
8048,train,run13|290e132256bdfa36a8d1b9f8
8049,test,run13|2b6e354a0f1079edbd160004
8050,test,run13|6dc44f38559d89f0b706bda9
8051,train,run13|38baf1492101d807fe8c899f
8052,train,run13|47e6f032bc89c0dfab2aa85d
8053,train,run13|96dff222e7606b0c452bbec0
8054,train,run13|54e3a18b90c7347f016cc57c
8055,train,run13|181a8da7d6c26f094ebed02f
8056,test,run13|10b565a8af3dfd198ec8340f
8057,val,run13|2defe57d1ade96310e7dd822
8058,train,run13|332b1cb5577dcad7c819b08e
8059,train,run13|1b2a9147e9f3e32baa4a28b3
8060,train,run13|7ce1d65254d7c7984ecef02f
8061,test,run13|c4bef3e370d22b7459f60319
8062,val,run13|6881e041181a85b732ed5190
8063,train,run13|802c728ace0620684599078c
8064,train,run13|44892e61c005a5a23a65c114
8065,train,run13|30c7a0a503d44f928a48468c
8066,train,run13|506491713ed57c77100b2046
8067,train,run13|fc0608a298e06c4d0e79eef9
8068,test,run13|a3edd906a84a922d9094ad63
8069,train,run13|2e6c986cddbebf4a4aa0f8d1
8070,val,run13|c103d741717d712db7886779
8071,test,run13|052c93c59f8d1755126518a0
8072,train,run13|ac523bbdd8d6fce7620531e4
8073,train,run13|735f52a90c74d0633acd5c0e
8074,train,run13|fce3888f83faa66ded9c1aab
8075,train,run13|9b6357ffee7cb2217a786052
8076,val,run13|8edd5ff347466ce79917f0e7
8077,test,run13|b63232182663eadf836c1a0a
8078,train,run13|55a6ef441c22dc1d7be53e7c
8079,test,run13|3cb4f7b004cfc6c10776c9c5
8080,test,run13|81f21000884f3479f60656ea
8081,test,run13|799a3f5ac22bcc45ab1c8901
8082,train,run13|38570c03f3dfb56fc28576ec
8083,test,run13|600e1e4078ff61a8d2bc5852
8084,test,run13|2e3e09f6d79409ff02a9bc19
8085,test,run13|15b421da3bff1e81c14a34d2
8086,test,run13|b932565992c4fc1cb745a39b
8087,val,run13|73b885d620506b672413e513
8088,test,run13|3ccc2a70af5e768bc04fc6fa
8089,train,run13|e5b671f5159483f2ca0b583f
8090,test,run13|66f1b58a66f159d13e48ecbf
8091,train,run13|acfec0cd4342a6bb53d5bc0b
8092,train,run13|0ad9361ebe399eaa60206425
8093,train,run13|dabc55846d521d250aa7ff70
8094,train,run13|bd58e0de012e508679aaa198
8095,test,run13|3d29b885535c9f47f720802b
8096,train,run13|638885da0a39eb5e12f91ea9
8097,train,run13|229a740a1ebae1c0a9204f78
8098,train,run13|508019051ff2207f58949f6f
8099,val,run13|e316888bf73fd8f0cec76131
8100,train,run13|4ec6a1977e74aafdafa0e626
8101,train,run13|9f32a1f6c11f9bb28bcccdb4
8102,val,run13|caa3b416d33ad4dc1619307e
8103,train,run13|a19a53e5baa824c497a3c68b
8104,train,run13|e48424c216140ec8d77e443d
8105,val,run13|28d2e3edcf01ef4b565cbd2e
8106,test,run13|5701b513541d8c0dd7cb99bb
8107,train,run13|afc740721ab166b3f44bb1cf
8108,test,run13|447496fd4d7a29ce6330358a
8109,val,run13|54655ee3cfbdec8cf1318628
8110,val,run13|09df15df41d872feb03b0d9f
8111,train,run13|290e132256bdfa36a8d1b9f8
8112,test,run13|2b6e354a0f1079edbd160004
8113,test,run13|6dc44f38559d89f0b706bda9
8114,train,run13|38baf1492101d807fe8c899f
8115,train,run13|47e6f032bc89c0dfab2aa85d
8116,train,run13|96dff222e7606b0c452bbec0
8117,train,run13|54e3a18b90c7347f016cc57c
8118,train,run13|181a8da7d6c26f094ebed02f
8119,test,run13|10b565a8af3dfd198ec8340f
8120,val,run13|2defe57d1ade96310e7dd822
8121,train,run13|332b1cb5577dcad7c819b08e
8122,train,run13|1b2a9147e9f3e32baa4a28b3
8123,train,run13|7ce1d65254d7c7984ecef02f
8124,test,run13|c4bef3e370d22b7459f60319
8125,val,run13|6881e041181a85b732ed5190
8126,train,run13|802c728ace0620684599078c
8127,train,run13|44892e61c005a5a23a65c114
8128,train,run13|30c7a0a503d44f928a48468c
8129,train,run13|506491713ed57c77100b2046
8130,train,run13|fc0608a298e06c4d0e79eef9
8131,test,run13|a3edd906a84a922d9094ad63
8132,train,run13|2e6c986cddbebf4a4aa0f8d1
8133,val,run13|c103d741717d712db7886779
8134,test,run13|052c93c59f8d1755126518a0
8135,train,run13|ac523bbdd8d6fce7620531e4
8136,train,run13|735f52a90c74d0633acd5c0e
8137,train,run13|fce3888f83faa66ded9c1aab
8138,train,run13|9b6357ffee7cb2217a786052
8139,val,run13|8edd5ff347466ce79917f0e7
8140,test,run13|b63232182663eadf836c1a0a
8141,train,run13|55a6ef441c22dc1d7be53e7c
8142,test,run13|3cb4f7b004cfc6c10776c9c5
8143,test,run13|81f21000884f3479f60656ea
8144,test,run13|799a3f5ac22bcc45ab1c8901
8145,train,run13|38570c03f3dfb56fc28576ec
8146,test,run13|600e1e4078ff61a8d2bc5852
8147,test,run13|2e3e09f6d79409ff02a9bc19
8148,test,run13|15b421da3bff1e81c14a34d2
8149,test,run13|b932565992c4fc1cb745a39b
8150,val,run13|73b885d620506b672413e513
8151,test,run13|3ccc2a70af5e768bc04fc6fa
8152,train,run13|e5b671f5159483f2ca0b583f
8153,test,run13|66f1b58a66f159d13e48ecbf
8154,train,run13|acfec0cd4342a6bb53d5bc0b
8155,train,run13|0ad9361ebe399eaa60206425
8156,train,run13|dabc55846d521d250aa7ff70
8157,train,run13|bd58e0de012e508679aaa198
8158,test,run13|3d29b885535c9f47f720802b
8159,train,run13|638885da0a39eb5e12f91ea9
8160,train,run13|229a740a1ebae1c0a9204f78
8161,train,run13|508019051ff2207f58949f6f
8162,val,run13|e316888bf73fd8f0cec76131
8163,train,run13|4ec6a1977e74aafdafa0e626
8164,train,run13|9f32a1f6c11f9bb28bcccdb4
8165,val,run13|caa3b416d33ad4dc1619307e
8166,train,run13|a19a53e5baa824c497a3c68b
8167,train,run13|e48424c216140ec8d77e443d
8168,val,run13|28d2e3edcf01ef4b565cbd2e
8169,test,run13|5701b513541d8c0dd7cb99bb
8170,train,run13|afc740721ab166b3f44bb1cf
8171,test,run13|447496fd4d7a29ce6330358a
8172,val,run13|54655ee3cfbdec8cf1318628
8173,val,run13|09df15df41d872feb03b0d9f
8174,train,run13|290e132256bdfa36a8d1b9f8
8175,test,run13|2b6e354a0f1079edbd160004
8176,test,run13|6dc44f38559d89f0b706bda9
8177,train,run13|38baf1492101d807fe8c899f
8178,train,run13|47e6f032bc89c0dfab2aa85d
8179,train,run13|96dff222e7606b0c452bbec0
8180,train,run13|54e3a18b90c7347f016cc57c
8181,train,run13|181a8da7d6c26f094ebed02f
8182,test,run13|10b565a8af3dfd198ec8340f
8183,val,run13|2defe57d1ade96310e7dd822
8184,train,run13|332b1cb5577dcad7c819b08e
8185,train,run13|1b2a9147e9f3e32baa4a28b3
8186,train,run13|7ce1d65254d7c7984ecef02f
8187,test,run13|c4bef3e370d22b7459f60319
8188,val,run13|6881e041181a85b732ed5190
8189,train,run13|802c728ace0620684599078c
8190,train,run13|44892e61c005a5a23a65c114
8191,train,run13|30c7a0a503d44f928a48468c
8192,train,run13|506491713ed57c77100b2046
8193,train,run13|fc0608a298e06c4d0e79eef9
8194,test,run13|a3edd906a84a922d9094ad63
8195,train,run13|2e6c986cddbebf4a4aa0f8d1
8196,val,run13|c103d741717d712db7886779
8197,test,run13|052c93c59f8d1755126518a0
8198,train,run13|ac523bbdd8d6fce7620531e4
8199,train,run13|735f52a90c74d0633acd5c0e
8200,train,run13|fce3888f83faa66ded9c1aab
8201,train,run13|9b6357ffee7cb2217a786052
8202,val,run13|8edd5ff347466ce79917f0e7
8203,test,run13|b63232182663eadf836c1a0a
8204,train,run13|55a6ef441c22dc1d7be53e7c
8205,test,run13|3cb4f7b004cfc6c10776c9c5
8206,test,run13|81f21000884f3479f60656ea
8207,test,run13|799a3f5ac22bcc45ab1c8901
8208,train,run13|38570c03f3dfb56fc28576ec
8209,test,run13|600e1e4078ff61a8d2bc5852
8210,test,run13|2e3e09f6d79409ff02a9bc19
8211,test,run13|15b421da3bff1e81c14a34d2
8212,test,run13|b932565992c4fc1cb745a39b
8213,val,run13|73b885d620506b672413e513
8214,test,run13|3ccc2a70af5e768bc04fc6fa
8215,train,run13|e5b671f5159483f2ca0b583f
8216,test,run13|66f1b58a66f159d13e48ecbf
8217,train,run13|acfec0cd4342a6bb53d5bc0b
8218,train,run13|0ad9361ebe399eaa60206425
8219,train,run13|dabc55846d521d250aa7ff70
8220,train,run13|bd58e0de012e508679aaa198
8221,test,run13|3d29b885535c9f47f720802b
8222,train,run13|638885da0a39eb5e12f91ea9
8223,train,run13|229a740a1ebae1c0a9204f78
8224,train,run13|508019051ff2207f58949f6f
8225,val,run13|e316888bf73fd8f0cec76131
8226,train,run13|4ec6a1977e74aafdafa0e626
8227,train,run13|9f32a1f6c11f9bb28bcccdb4
8228,val,run13|caa3b416d33ad4dc1619307e
8229,train,run13|a19a53e5baa824c497a3c68b
8230,train,run13|e48424c216140ec8d77e443d
8231,val,run13|28d2e3edcf01ef4b565cbd2e
8232,test,run13|5701b513541d8c0dd7cb99bb
8233,train,run13|afc740721ab166b3f44bb1cf
8234,test,run13|447496fd4d7a29ce6330358a
8235,val,run13|54655ee3cfbdec8cf1318628
8236,val,run13|09df15df41d872feb03b0d9f
8237,train,run13|290e132256bdfa36a8d1b9f8
8238,test,run13|2b6e354a0f1079edbd160004
8239,test,run13|6dc44f38559d89f0b706bda9
8240,train,run13|38baf1492101d807fe8c899f
8241,train,run13|47e6f032bc89c0dfab2aa85d
8242,train,run13|96dff222e7606b0c452bbec0
8243,train,run13|54e3a18b90c7347f016cc57c
8244,train,run13|181a8da7d6c26f094ebed02f
8245,test,run13|10b565a8af3dfd198ec8340f
8246,val,run13|2defe57d1ade96310e7dd822
8247,train,run13|332b1cb5577dcad7c819b08e
8248,train,run13|1b2a9147e9f3e32baa4a28b3
8249,train,run13|7ce1d65254d7c7984ecef02f
8250,test,run13|c4bef3e370d22b7459f60319
8251,val,run13|6881e041181a85b732ed5190
8252,train,run13|802c728ace0620684599078c
8253,train,run13|44892e61c005a5a23a65c114
8254,train,run13|30c7a0a503d44f928a48468c
8255,train,run13|506491713ed57c77100b2046
8256,train,run13|fc0608a298e06c4d0e79eef9
8257,test,run13|a3edd906a84a922d9094ad63
8258,train,run13|2e6c986cddbebf4a4aa0f8d1
8259,val,run13|c103d741717d712db7886779
8260,test,run13|052c93c59f8d1755126518a0
8261,train,run13|ac523bbdd8d6fce7620531e4
8262,train,run13|735f52a90c74d0633acd5c0e
8263,train,run13|fce3888f83faa66ded9c1aab
8264,train,run13|9b6357ffee7cb2217a786052
8265,val,run13|8edd5ff347466ce79917f0e7
8266,test,run13|b63232182663eadf836c1a0a
8267,train,run13|55a6ef441c22dc1d7be53e7c
8268,test,run13|3cb4f7b004cfc6c10776c9c5
8269,test,run13|81f21000884f3479f60656ea
8270,test,run13|799a3f5ac22bcc45ab1c8901
8271,train,run13|38570c03f3dfb56fc28576ec
8272,test,run13|600e1e4078ff61a8d2bc5852
8273,test,run13|2e3e09f6d79409ff02a9bc19
8274,test,run13|15b421da3bff1e81c14a34d2
8275,test,run13|b932565992c4fc1cb745a39b
8276,val,run13|73b885d620506b672413e513
8277,test,run13|3ccc2a70af5e768bc04fc6fa
8278,train,run13|e5b671f5159483f2ca0b583f
8279,test,run13|66f1b58a66f159d13e48ecbf
8280,train,run13|acfec0cd4342a6bb53d5bc0b
8281,train,run13|0ad9361ebe399eaa60206425
8282,train,run13|dabc55846d521d250aa7ff70
8283,train,run13|bd58e0de012e508679aaa198
8284,test,run13|3d29b885535c9f47f720802b
8285,train,run13|638885da0a39eb5e12f91ea9
8286,train,run13|229a740a1ebae1c0a9204f78
8287,train,run13|508019051ff2207f58949f6f
8288,val,run13|e316888bf73fd8f0cec76131
8289,train,run13|4ec6a1977e74aafdafa0e626
8290,train,run13|9f32a1f6c11f9bb28bcccdb4
8291,val,run13|caa3b416d33ad4dc1619307e
8292,train,run13|a19a53e5baa824c497a3c68b
8293,train,run13|e48424c216140ec8d77e443d
8294,val,run13|28d2e3edcf01ef4b565cbd2e
8295,test,run13|5701b513541d8c0dd7cb99bb
8296,train,run13|afc740721ab166b3f44bb1cf
8297,test,run13|447496fd4d7a29ce6330358a
8298,val,run13|54655ee3cfbdec8cf1318628
8299,val,run13|09df15df41d872feb03b0d9f
8300,train,run13|290e132256bdfa36a8d1b9f8
8301,test,run13|2b6e354a0f1079edbd160004
8302,test,run13|6dc44f38559d89f0b706bda9
8303,train,run13|38baf1492101d807fe8c899f
8304,train,run13|47e6f032bc89c0dfab2aa85d
8305,train,run13|96dff222e7606b0c452bbec0
8306,train,run13|54e3a18b90c7347f016cc57c
8307,train,run13|181a8da7d6c26f094ebed02f
8308,test,run13|10b565a8af3dfd198ec8340f
8309,val,run13|2defe57d1ade96310e7dd822
8310,train,run13|332b1cb5577dcad7c819b08e
8311,train,run13|1b2a9147e9f3e32baa4a28b3
8312,train,run13|7ce1d65254d7c7984ecef02f
8313,test,run13|c4bef3e370d22b7459f60319
8314,val,run13|6881e041181a85b732ed5190
8315,train,run13|802c728ace0620684599078c
8316,train,run13|44892e61c005a5a23a65c114
8317,train,run13|30c7a0a503d44f928a48468c
8318,train,run13|506491713ed57c77100b2046
8319,train,run13|fc0608a298e06c4d0e79eef9
8320,test,run13|a3edd906a84a922d9094ad63
8321,train,run13|2e6c986cddbebf4a4aa0f8d1
8322,val,run13|c103d741717d712db7886779
8323,test,run13|052c93c59f8d1755126518a0
8324,train,run13|ac523bbdd8d6fce7620531e4
8325,train,run13|735f52a90c74d0633acd5c0e
8326,train,run13|fce3888f83faa66ded9c1aab
8327,train,run13|9b6357ffee7cb2217a786052
8328,val,run13|8edd5ff347466ce79917f0e7
8329,test,run13|b63232182663eadf836c1a0a
8330,train,run13|55a6ef441c22dc1d7be53e7c
8331,test,run13|3cb4f7b004cfc6c10776c9c5
8332,test,run13|81f21000884f3479f60656ea
8333,test,run13|799a3f5ac22bcc45ab1c8901
8334,train,run13|38570c03f3dfb56fc28576ec
8335,test,run13|600e1e4078ff61a8d2bc5852
8336,test,run13|2e3e09f6d79409ff02a9bc19
8337,test,run13|15b421da3bff1e81c14a34d2
8338,test,run13|b932565992c4fc1cb745a39b
8339,val,run13|73b885d620506b672413e513
8340,test,run13|3ccc2a70af5e768bc04fc6fa
8341,train,run13|e5b671f5159483f2ca0b583f
8342,test,run13|66f1b58a66f159d13e48ecbf
8343,train,run13|acfec0cd4342a6bb53d5bc0b
8344,train,run13|0ad9361ebe399eaa60206425
8345,train,run13|dabc55846d521d250aa7ff70
8346,train,run13|bd58e0de012e508679aaa198
8347,test,run13|3d29b885535c9f47f720802b
8348,train,run13|638885da0a39eb5e12f91ea9
8349,train,run13|229a740a1ebae1c0a9204f78
8350,train,run13|508019051ff2207f58949f6f
8351,val,run13|e316888bf73fd8f0cec76131
8352,train,run13|4ec6a1977e74aafdafa0e626
8353,train,run13|9f32a1f6c11f9bb28bcccdb4
8354,val,run13|caa3b416d33ad4dc1619307e
8355,train,run13|a19a53e5baa824c497a3c68b
8356,train,run13|e48424c216140ec8d77e443d
8357,val,run13|28d2e3edcf01ef4b565cbd2e
8358,test,run13|5701b513541d8c0dd7cb99bb
8359,train,run13|afc740721ab166b3f44bb1cf
8360,test,run13|447496fd4d7a29ce6330358a
8361,val,run13|54655ee3cfbdec8cf1318628
8362,val,run13|09df15df41d872feb03b0d9f
8363,train,run13|290e132256bdfa36a8d1b9f8
8364,test,run13|2b6e354a0f1079edbd160004
8365,test,run13|6dc44f38559d89f0b706bda9
8366,train,run13|38baf1492101d807fe8c899f
8367,train,run13|47e6f032bc89c0dfab2aa85d
8368,train,run13|96dff222e7606b0c452bbec0
8369,train,run13|54e3a18b90c7347f016cc57c
8370,train,run13|181a8da7d6c26f094ebed02f
8371,test,run13|10b565a8af3dfd198ec8340f
8372,val,run13|2defe57d1ade96310e7dd822
8373,train,run13|332b1cb5577dcad7c819b08e
8374,train,run13|1b2a9147e9f3e32baa4a28b3
8375,train,run13|7ce1d65254d7c7984ecef02f
8376,test,run13|c4bef3e370d22b7459f60319
8377,val,run13|6881e041181a85b732ed5190
8378,train,run13|802c728ace0620684599078c
8379,train,run13|44892e61c005a5a23a65c114
8380,train,run13|30c7a0a503d44f928a48468c
8381,train,run13|506491713ed57c77100b2046
8382,train,run13|fc0608a298e06c4d0e79eef9
8383,test,run13|a3edd906a84a922d9094ad63
8384,train,run13|2e6c986cddbebf4a4aa0f8d1
8385,val,run13|c103d741717d712db7886779
8386,test,run13|052c93c59f8d1755126518a0
8387,train,run13|ac523bbdd8d6fce7620531e4
8388,train,run13|735f52a90c74d0633acd5c0e
8389,train,run13|fce3888f83faa66ded9c1aab
8390,train,run13|9b6357ffee7cb2217a786052
8391,val,run13|8edd5ff347466ce79917f0e7
8392,test,run13|b63232182663eadf836c1a0a
8393,train,run13|55a6ef441c22dc1d7be53e7c
8394,test,run13|3cb4f7b004cfc6c10776c9c5
8395,test,run13|81f21000884f3479f60656ea
8396,test,run13|799a3f5ac22bcc45ab1c8901
8397,train,run13|38570c03f3dfb56fc28576ec
8398,test,run13|600e1e4078ff61a8d2bc5852
8399,test,run13|2e3e09f6d79409ff02a9bc19
8400,test,run13|15b421da3bff1e81c14a34d2
8401,test,run13|b932565992c4fc1cb745a39b
8402,val,run13|73b885d620506b672413e513
8403,test,run13|3ccc2a70af5e768bc04fc6fa
8404,train,run13|e5b671f5159483f2ca0b583f
8405,test,run13|66f1b58a66f159d13e48ecbf
8406,train,run13|acfec0cd4342a6bb53d5bc0b
8407,train,run13|0ad9361ebe399eaa60206425
8408,train,run13|dabc55846d521d250aa7ff70
8409,train,run13|bd58e0de012e508679aaa198
8410,test,run13|3d29b885535c9f47f720802b
8411,train,run13|638885da0a39eb5e12f91ea9
8412,train,run13|229a740a1ebae1c0a9204f78
8413,train,run13|508019051ff2207f58949f6f
8414,val,run13|e316888bf73fd8f0cec76131
8415,train,run13|4ec6a1977e74aafdafa0e626
8416,train,run13|9f32a1f6c11f9bb28bcccdb4
8417,val,run13|caa3b416d33ad4dc1619307e
8418,train,run13|a19a53e5baa824c497a3c68b
8419,train,run13|e48424c216140ec8d77e443d
8420,val,run13|28d2e3edcf01ef4b565cbd2e
8421,test,run13|5701b513541d8c0dd7cb99bb
8422,train,run13|afc740721ab166b3f44bb1cf
8423,test,run13|447496fd4d7a29ce6330358a
8424,val,run13|54655ee3cfbdec8cf1318628
8425,val,run13|09df15df41d872feb03b0d9f
8426,train,run13|290e132256bdfa36a8d1b9f8
8427,test,run13|2b6e354a0f1079edbd160004
8428,test,run13|6dc44f38559d89f0b706bda9
8429,train,run13|38baf1492101d807fe8c899f
8430,train,run13|47e6f032bc89c0dfab2aa85d
8431,train,run13|96dff222e7606b0c452bbec0
8432,train,run13|54e3a18b90c7347f016cc57c
8433,train,run13|181a8da7d6c26f094ebed02f
8434,test,run13|10b565a8af3dfd198ec8340f
8435,val,run13|2defe57d1ade96310e7dd822
8436,train,run13|332b1cb5577dcad7c819b08e
8437,train,run13|1b2a9147e9f3e32baa4a28b3
8438,train,run13|7ce1d65254d7c7984ecef02f
8439,test,run13|c4bef3e370d22b7459f60319
8440,val,run13|6881e041181a85b732ed5190
8441,train,run13|802c728ace0620684599078c
8442,train,run13|44892e61c005a5a23a65c114
8443,train,run13|30c7a0a503d44f928a48468c
8444,train,run13|506491713ed57c77100b2046
8445,train,run13|fc0608a298e06c4d0e79eef9
8446,test,run13|a3edd906a84a922d9094ad63
8447,train,run13|2e6c986cddbebf4a4aa0f8d1
8448,val,run13|ac6c00d081ff69e3966f7aff
8449,train,run13|950f4db42bfd8c3ee8caf402
8450,train,run13|c5ba776c34f04b08b524d07e
8451,train,run13|a90b597969218eb4cd7c1a8e
8452,train,run13|54bb9c7dfa393bef20c0b8b5
8453,val,run13|c103d741717d712db7886779
8454,test,run13|052c93c59f8d1755126518a0
8455,train,run13|ac523bbdd8d6fce7620531e4
8456,train,run13|735f52a90c74d0633acd5c0e
8457,train,run13|fce3888f83faa66ded9c1aab
8458,train,run13|9b6357ffee7cb2217a786052
8459,val,run13|8edd5ff347466ce79917f0e7
8460,test,run13|b63232182663eadf836c1a0a
8461,train,run13|55a6ef441c22dc1d7be53e7c
8462,test,run13|3cb4f7b004cfc6c10776c9c5
8463,test,run13|81f21000884f3479f60656ea
8464,test,run13|799a3f5ac22bcc45ab1c8901
8465,train,run13|38570c03f3dfb56fc28576ec
8466,test,run13|600e1e4078ff61a8d2bc5852
8467,test,run13|2e3e09f6d79409ff02a9bc19
8468,test,run13|15b421da3bff1e81c14a34d2
8469,test,run13|b932565992c4fc1cb745a39b
8470,val,run13|73b885d620506b672413e513
8471,test,run13|3ccc2a70af5e768bc04fc6fa
8472,train,run13|e5b671f5159483f2ca0b583f
8473,test,run13|66f1b58a66f159d13e48ecbf
8474,train,run13|acfec0cd4342a6bb53d5bc0b
8475,train,run13|0ad9361ebe399eaa60206425
8476,train,run13|dabc55846d521d250aa7ff70
8477,train,run13|bd58e0de012e508679aaa198
8478,test,run13|3d29b885535c9f47f720802b
8479,train,run13|638885da0a39eb5e12f91ea9
8480,train,run13|229a740a1ebae1c0a9204f78
8481,train,run13|508019051ff2207f58949f6f
8482,val,run13|e316888bf73fd8f0cec76131
8483,train,run13|4ec6a1977e74aafdafa0e626
8484,train,run13|9f32a1f6c11f9bb28bcccdb4
8485,val,run13|caa3b416d33ad4dc1619307e
8486,train,run13|a19a53e5baa824c497a3c68b
8487,train,run13|e48424c216140ec8d77e443d
8488,val,run13|28d2e3edcf01ef4b565cbd2e
8489,test,run13|5701b513541d8c0dd7cb99bb
8490,train,run13|afc740721ab166b3f44bb1cf
8491,test,run13|447496fd4d7a29ce6330358a
8492,val,run13|54655ee3cfbdec8cf1318628
8493,val,run13|09df15df41d872feb03b0d9f
8494,train,run13|290e132256bdfa36a8d1b9f8
8495,test,run13|2b6e354a0f1079edbd160004
8496,test,run13|6dc44f38559d89f0b706bda9
8497,train,run13|38baf1492101d807fe8c899f
8498,train,run13|47e6f032bc89c0dfab2aa85d
8499,train,run13|96dff222e7606b0c452bbec0
8500,train,run13|54e3a18b90c7347f016cc57c
8501,train,run13|181a8da7d6c26f094ebed02f
8502,test,run13|10b565a8af3dfd198ec8340f
8503,val,run13|2defe57d1ade96310e7dd822
8504,train,run13|332b1cb5577dcad7c819b08e
8505,train,run13|1b2a9147e9f3e32baa4a28b3
8506,train,run13|7ce1d65254d7c7984ecef02f
8507,test,run13|c4bef3e370d22b7459f60319
8508,val,run13|6881e041181a85b732ed5190
8509,train,run13|802c728ace0620684599078c
8510,train,run13|44892e61c005a5a23a65c114
8511,train,run13|30c7a0a503d44f928a48468c
8512,train,run13|506491713ed57c77100b2046
8513,train,run13|fc0608a298e06c4d0e79eef9
8514,test,run13|a3edd906a84a922d9094ad63
8515,train,run13|2e6c986cddbebf4a4aa0f8d1
8516,train,run13|ce2ecf85473d6a2f533e0ac4
8517,train,run13|a047a9183ca88e76bf870cf9
8518,val,run13|c103d741717d712db7886779
8519,test,run13|052c93c59f8d1755126518a0
8520,train,run13|ac523bbdd8d6fce7620531e4
8521,train,run13|735f52a90c74d0633acd5c0e
8522,train,run13|fce3888f83faa66ded9c1aab
8523,train,run13|9b6357ffee7cb2217a786052
8524,val,run13|8edd5ff347466ce79917f0e7
8525,test,run13|b63232182663eadf836c1a0a
8526,train,run13|55a6ef441c22dc1d7be53e7c
8527,test,run13|3cb4f7b004cfc6c10776c9c5
8528,test,run13|81f21000884f3479f60656ea
8529,test,run13|799a3f5ac22bcc45ab1c8901
8530,train,run13|38570c03f3dfb56fc28576ec
8531,test,run13|600e1e4078ff61a8d2bc5852
8532,test,run13|2e3e09f6d79409ff02a9bc19
8533,test,run13|15b421da3bff1e81c14a34d2
8534,test,run13|b932565992c4fc1cb745a39b
8535,val,run13|73b885d620506b672413e513
8536,test,run13|3ccc2a70af5e768bc04fc6fa
8537,train,run13|e5b671f5159483f2ca0b583f
8538,test,run13|66f1b58a66f159d13e48ecbf
8539,train,run13|acfec0cd4342a6bb53d5bc0b
8540,train,run13|0ad9361ebe399eaa60206425
8541,train,run13|dabc55846d521d250aa7ff70
8542,train,run13|bd58e0de012e508679aaa198
8543,test,run13|3d29b885535c9f47f720802b
8544,train,run13|638885da0a39eb5e12f91ea9
8545,train,run13|229a740a1ebae1c0a9204f78
8546,train,run13|508019051ff2207f58949f6f
8547,val,run13|e316888bf73fd8f0cec76131
8548,train,run13|4ec6a1977e74aafdafa0e626
8549,train,run13|9f32a1f6c11f9bb28bcccdb4
8550,val,run13|caa3b416d33ad4dc1619307e
8551,train,run13|a19a53e5baa824c497a3c68b
8552,train,run13|e48424c216140ec8d77e443d
8553,val,run13|28d2e3edcf01ef4b565cbd2e
8554,test,run13|5701b513541d8c0dd7cb99bb
8555,train,run13|afc740721ab166b3f44bb1cf
8556,test,run13|447496fd4d7a29ce6330358a
8557,val,run13|54655ee3cfbdec8cf1318628
8558,val,run13|09df15df41d872feb03b0d9f
8559,train,run13|290e132256bdfa36a8d1b9f8
8560,test,run13|2b6e354a0f1079edbd160004
8561,test,run13|6dc44f38559d89f0b706bda9
8562,train,run13|38baf1492101d807fe8c899f
8563,train,run13|47e6f032bc89c0dfab2aa85d
8564,train,run13|96dff222e7606b0c452bbec0
8565,train,run13|54e3a18b90c7347f016cc57c
8566,train,run13|181a8da7d6c26f094ebed02f
8567,test,run13|10b565a8af3dfd198ec8340f
8568,val,run13|2defe57d1ade96310e7dd822
8569,train,run13|332b1cb5577dcad7c819b08e
8570,train,run13|1b2a9147e9f3e32baa4a28b3
8571,train,run13|7ce1d65254d7c7984ecef02f
8572,test,run13|c4bef3e370d22b7459f60319
8573,val,run13|6881e041181a85b732ed5190
8574,train,run13|802c728ace0620684599078c
8575,train,run13|44892e61c005a5a23a65c114
8576,train,run13|30c7a0a503d44f928a48468c
8577,train,run13|506491713ed57c77100b2046
8578,train,run13|fc0608a298e06c4d0e79eef9
8579,test,run13|a3edd906a84a922d9094ad63
8580,train,run13|2e6c986cddbebf4a4aa0f8d1
8581,train,run13|d54321ff87657499188b0ead
8582,train,run14|81ffbc635b73c9ef17829f20
8583,train,run14|0aae63d29aea53ac1717af19
8584,train,run14|66586ffaa6ef3b7e7575bd9f
8585,val,run14|302fe9cd6b4b7910e5f54606
8586,train,run14|4190252b9368a6b5a96da675
8587,train,run14|07dfbb6ef96eb599b7b9d567
8588,train,run14|9bf22d2d7ef0dbf8fabff92c
8589,test,run14|5a46ea3a4c684fce355c30cc
8590,train,run14|9e077dc0fe6aa6bacee16d14
8591,test,run14|bbfe57caafd4ec394c994d5b
8592,test,run14|ddeae4adc0c14a327722bcb2
8593,train,run14|e06394ad2bb5ff77d5618375
8594,val,run14|fd99f5852986e6c14f8fd759
8595,val,run14|8e4c09a8084bf1ff46c07099
8596,test,run14|28dc791443ec981f51c7baf3
8597,val,run14|df606414721c194406acb304
8598,test,run14|47e6834e9b55b083bfc25e82
8599,test,run14|75f8d563b9bc8e630f49091f
8600,train,run14|45963ff90fc3cd68f098dc1e
8601,train,run14|91e3b058fa58bcc6309a9452
8602,train,run14|6e35653400dd931b6d93d4e9
8603,train,run14|73563fcbc0eb1d4ea455c402
8604,val,run14|e7fc9e08d18d5d7e2e28272e
8605,train,run14|11e6f82b7d4c1e96f7322783
8606,val,run14|7660030732cff02f68e38c80
8607,train,run14|f410ced279c1c9bbff60d5ab
8608,train,run14|5bc12db5ac4e556e3bd6bae3
8609,val,run14|4c02950f30e51f6fae73b5a8
8610,train,run14|57072da4fe27750f5fa712e3
8611,test,run14|058eb9f1c0cb0b0a58d9ab13
8612,val,run14|c469720b320b422bee0ac6fd
8613,train,run14|20894a234e166adb3e059aac
8614,train,run14|45a6901f6af81697d283d0ec
8615,train,run14|f091a26623bb036802a8bef0
8616,train,run14|440629bbf39f039c55eabd79
8617,train,run14|84b5e78794e887afa1424385
8618,train,run14|8b13adce9a2340f70bcd6a05
8619,val,run14|7672fc79337374c2a8570f54
8620,train,run14|c1666baa1ed798933e9d6330
8621,val,run14|bd78a0047b453f9622eeda36
8622,train,run14|5738722a34bc1c207bf8be3e
8623,val,run14|d48f48fac5c685cb7d92f5f5
8624,train,run14|0a70dbf8888fc05bfdeb605a
8625,train,run14|fc194ea73a12df8aa497492c
8626,val,run14|05338500624d43cc0b42cf8f
8627,val,run14|df118cc62d53a616ddf91203
8628,val,run14|dad614594802051a4ff58618
8629,val,run14|17da3e550917d13026412902
8630,train,run14|d66aa058e9be619217a20010
8631,train,run14|d50e383cb4a21a0d92b54b5a
8632,train,run14|daf642529cfcf1b15a756e9c
8633,val,run14|3dd8fbc7464f2f43ae8a2ebd
8634,val,run14|a5427d17b6fdfbe6d3a5204e
8635,train,run14|93600e4413cb20fd7f4a793d
8636,test,run14|7b0ed89fcaa1c898f8bac1cb
8637,train,run14|9ae03ab8f304f7b23aeb40f7
8638,test,run14|a53cdeb52a93e28bec4cdc05
8639,val,run14|728af580d79e2329b46783ed
8640,test,run14|a9e20c406ebd15e706fab24a
8641,test,run14|5f74bc1e97914ef98e2ac2d1
8642,train,run14|2e4eee23b4ab144c456b6d4d
8643,train,run14|ddf42813764e829d5bb13cca
8644,test,run14|33bbacca1ccc3a2cacf8a5dc
8645,train,run14|404be13b865cff761e40229a
8646,train,run14|fa15a3da9eaad9b2943d6f92
8647,train,run14|14e89716e300a358e76dcfaf
8648,train,run14|ee16598a5708c63ebe35bd13
8649,train,run14|0c764f4a0e210740b15b7511
8650,test,run14|1f2452338de4fe9e4c6279ff
8651,train,run14|dc8dbd372beeeeb127c78a2f
8652,test,run14|90401e7bc3d0ca63009bdd98
8653,train,run14|2664c4e17d504a0dab0f11b0
8654,val,run14|2e8383e4a79fd172ef961945
8655,test,run14|0d23506d65146f577b5a9a77
8656,train,run14|861d10dd8ad88b763133ab95
8657,train,run14|aaeb8fde4595201932c196f8
8658,train,run14|d4b5feebde1aada3503dfcda
8659,test,run14|ac8d56d9c0f295d24df9101a
8660,test,run14|d0a4ab8b03956299b7d69dde
8661,train,run14|81ffbc635b73c9ef17829f20
8662,train,run14|0aae63d29aea53ac1717af19
8663,train,run14|66586ffaa6ef3b7e7575bd9f
8664,val,run14|302fe9cd6b4b7910e5f54606
8665,train,run14|4190252b9368a6b5a96da675
8666,train,run14|07dfbb6ef96eb599b7b9d567
8667,train,run14|9bf22d2d7ef0dbf8fabff92c
8668,test,run14|5a46ea3a4c684fce355c30cc
8669,train,run14|9e077dc0fe6aa6bacee16d14
8670,test,run14|bbfe57caafd4ec394c994d5b
8671,test,run14|ddeae4adc0c14a327722bcb2
8672,train,run14|e06394ad2bb5ff77d5618375
8673,val,run14|fd99f5852986e6c14f8fd759
8674,val,run14|8e4c09a8084bf1ff46c07099
8675,test,run14|28dc791443ec981f51c7baf3
8676,val,run14|df606414721c194406acb304
8677,test,run14|47e6834e9b55b083bfc25e82
8678,test,run14|75f8d563b9bc8e630f49091f
8679,train,run14|45963ff90fc3cd68f098dc1e
8680,train,run14|91e3b058fa58bcc6309a9452
8681,train,run14|6e35653400dd931b6d93d4e9
8682,train,run14|73563fcbc0eb1d4ea455c402
8683,val,run14|e7fc9e08d18d5d7e2e28272e
8684,train,run14|11e6f82b7d4c1e96f7322783
8685,val,run14|7660030732cff02f68e38c80
8686,train,run14|f410ced279c1c9bbff60d5ab
8687,train,run14|5bc12db5ac4e556e3bd6bae3
8688,val,run14|4c02950f30e51f6fae73b5a8
8689,train,run14|57072da4fe27750f5fa712e3
8690,test,run14|058eb9f1c0cb0b0a58d9ab13
8691,val,run14|c469720b320b422bee0ac6fd
8692,train,run14|20894a234e166adb3e059aac
8693,train,run14|45a6901f6af81697d283d0ec
8694,train,run14|f091a26623bb036802a8bef0
8695,train,run14|440629bbf39f039c55eabd79
8696,train,run14|84b5e78794e887afa1424385
8697,train,run14|8b13adce9a2340f70bcd6a05
8698,val,run14|7672fc79337374c2a8570f54
8699,train,run14|c1666baa1ed798933e9d6330
8700,val,run14|bd78a0047b453f9622eeda36
8701,train,run14|5738722a34bc1c207bf8be3e
8702,val,run14|d48f48fac5c685cb7d92f5f5
8703,train,run14|0a70dbf8888fc05bfdeb605a
8704,train,run14|fc194ea73a12df8aa497492c
8705,val,run14|05338500624d43cc0b42cf8f
8706,val,run14|df118cc62d53a616ddf91203
8707,val,run14|dad614594802051a4ff58618
8708,val,run14|17da3e550917d13026412902
8709,train,run14|d66aa058e9be619217a20010
8710,train,run14|d50e383cb4a21a0d92b54b5a
8711,train,run14|daf642529cfcf1b15a756e9c
8712,val,run14|3dd8fbc7464f2f43ae8a2ebd
8713,val,run14|a5427d17b6fdfbe6d3a5204e
8714,train,run14|93600e4413cb20fd7f4a793d
8715,test,run14|7b0ed89fcaa1c898f8bac1cb
8716,train,run14|9ae03ab8f304f7b23aeb40f7
8717,test,run14|a53cdeb52a93e28bec4cdc05
8718,val,run14|728af580d79e2329b46783ed
8719,test,run14|a9e20c406ebd15e706fab24a
8720,test,run14|5f74bc1e97914ef98e2ac2d1
8721,train,run14|2e4eee23b4ab144c456b6d4d
8722,train,run14|ddf42813764e829d5bb13cca
8723,test,run14|33bbacca1ccc3a2cacf8a5dc
8724,train,run14|81ffbc635b73c9ef17829f20
8725,train,run14|0aae63d29aea53ac1717af19
8726,train,run14|66586ffaa6ef3b7e7575bd9f
8727,val,run14|302fe9cd6b4b7910e5f54606
8728,train,run14|4190252b9368a6b5a96da675
8729,train,run14|07dfbb6ef96eb599b7b9d567
8730,train,run14|9bf22d2d7ef0dbf8fabff92c
8731,test,run14|5a46ea3a4c684fce355c30cc
8732,train,run14|9e077dc0fe6aa6bacee16d14
8733,test,run14|bbfe57caafd4ec394c994d5b
8734,test,run14|ddeae4adc0c14a327722bcb2
8735,train,run14|e06394ad2bb5ff77d5618375
8736,val,run14|fd99f5852986e6c14f8fd759
8737,val,run14|8e4c09a8084bf1ff46c07099
8738,test,run14|28dc791443ec981f51c7baf3
8739,val,run14|df606414721c194406acb304
8740,test,run14|47e6834e9b55b083bfc25e82
8741,test,run14|75f8d563b9bc8e630f49091f
8742,train,run14|45963ff90fc3cd68f098dc1e
8743,train,run14|91e3b058fa58bcc6309a9452
8744,train,run14|6e35653400dd931b6d93d4e9
8745,train,run14|73563fcbc0eb1d4ea455c402
8746,val,run14|e7fc9e08d18d5d7e2e28272e
8747,train,run14|11e6f82b7d4c1e96f7322783
8748,val,run14|7660030732cff02f68e38c80
8749,train,run14|f410ced279c1c9bbff60d5ab
8750,train,run14|5bc12db5ac4e556e3bd6bae3
8751,val,run14|4c02950f30e51f6fae73b5a8
8752,train,run14|57072da4fe27750f5fa712e3
8753,test,run14|058eb9f1c0cb0b0a58d9ab13
8754,val,run14|c469720b320b422bee0ac6fd
8755,train,run14|20894a234e166adb3e059aac
8756,train,run14|45a6901f6af81697d283d0ec
8757,train,run14|f091a26623bb036802a8bef0
8758,train,run14|440629bbf39f039c55eabd79
8759,train,run14|84b5e78794e887afa1424385
8760,train,run14|8b13adce9a2340f70bcd6a05
8761,val,run14|7672fc79337374c2a8570f54
8762,train,run14|c1666baa1ed798933e9d6330
8763,val,run14|bd78a0047b453f9622eeda36
8764,train,run14|5738722a34bc1c207bf8be3e
8765,val,run14|d48f48fac5c685cb7d92f5f5
8766,train,run14|0a70dbf8888fc05bfdeb605a
8767,train,run14|fc194ea73a12df8aa497492c
8768,val,run14|05338500624d43cc0b42cf8f
8769,val,run14|df118cc62d53a616ddf91203
8770,val,run14|dad614594802051a4ff58618
8771,val,run14|17da3e550917d13026412902
8772,train,run14|d66aa058e9be619217a20010
8773,train,run14|d50e383cb4a21a0d92b54b5a
8774,train,run14|daf642529cfcf1b15a756e9c
8775,val,run14|3dd8fbc7464f2f43ae8a2ebd
8776,val,run14|a5427d17b6fdfbe6d3a5204e
8777,train,run14|93600e4413cb20fd7f4a793d
8778,test,run14|7b0ed89fcaa1c898f8bac1cb
8779,train,run14|9ae03ab8f304f7b23aeb40f7
8780,test,run14|a53cdeb52a93e28bec4cdc05
8781,val,run14|728af580d79e2329b46783ed
8782,test,run14|a9e20c406ebd15e706fab24a
8783,test,run14|5f74bc1e97914ef98e2ac2d1
8784,train,run14|2e4eee23b4ab144c456b6d4d
8785,train,run14|ddf42813764e829d5bb13cca
8786,test,run14|33bbacca1ccc3a2cacf8a5dc
8787,train,run14|81ffbc635b73c9ef17829f20
8788,train,run14|0aae63d29aea53ac1717af19
8789,train,run14|66586ffaa6ef3b7e7575bd9f
8790,val,run14|302fe9cd6b4b7910e5f54606
8791,train,run14|4190252b9368a6b5a96da675
8792,train,run14|07dfbb6ef96eb599b7b9d567
8793,train,run14|9bf22d2d7ef0dbf8fabff92c
8794,test,run14|5a46ea3a4c684fce355c30cc
8795,train,run14|9e077dc0fe6aa6bacee16d14
8796,test,run14|bbfe57caafd4ec394c994d5b
8797,test,run14|ddeae4adc0c14a327722bcb2
8798,train,run14|e06394ad2bb5ff77d5618375
8799,val,run14|fd99f5852986e6c14f8fd759
8800,val,run14|8e4c09a8084bf1ff46c07099
8801,test,run14|28dc791443ec981f51c7baf3
8802,val,run14|df606414721c194406acb304
8803,test,run14|47e6834e9b55b083bfc25e82
8804,test,run14|75f8d563b9bc8e630f49091f
8805,train,run14|45963ff90fc3cd68f098dc1e
8806,train,run14|91e3b058fa58bcc6309a9452
8807,train,run14|6e35653400dd931b6d93d4e9
8808,train,run14|73563fcbc0eb1d4ea455c402
8809,val,run14|e7fc9e08d18d5d7e2e28272e
8810,train,run14|11e6f82b7d4c1e96f7322783
8811,val,run14|7660030732cff02f68e38c80
8812,train,run14|f410ced279c1c9bbff60d5ab
8813,train,run14|5bc12db5ac4e556e3bd6bae3
8814,val,run14|4c02950f30e51f6fae73b5a8
8815,train,run14|57072da4fe27750f5fa712e3
8816,test,run14|058eb9f1c0cb0b0a58d9ab13
8817,val,run14|c469720b320b422bee0ac6fd
8818,train,run14|20894a234e166adb3e059aac
8819,train,run14|45a6901f6af81697d283d0ec
8820,train,run14|f091a26623bb036802a8bef0
8821,train,run14|440629bbf39f039c55eabd79
8822,train,run14|84b5e78794e887afa1424385
8823,train,run14|8b13adce9a2340f70bcd6a05
8824,val,run14|7672fc79337374c2a8570f54
8825,train,run14|c1666baa1ed798933e9d6330
8826,val,run14|bd78a0047b453f9622eeda36
8827,train,run14|5738722a34bc1c207bf8be3e
8828,val,run14|d48f48fac5c685cb7d92f5f5
8829,train,run14|0a70dbf8888fc05bfdeb605a
8830,train,run14|fc194ea73a12df8aa497492c
8831,val,run14|05338500624d43cc0b42cf8f
8832,val,run14|df118cc62d53a616ddf91203
8833,val,run14|dad614594802051a4ff58618
8834,val,run14|17da3e550917d13026412902
8835,train,run14|d66aa058e9be619217a20010
8836,train,run14|d50e383cb4a21a0d92b54b5a
8837,train,run14|daf642529cfcf1b15a756e9c
8838,val,run14|3dd8fbc7464f2f43ae8a2ebd
8839,val,run14|a5427d17b6fdfbe6d3a5204e
8840,train,run14|93600e4413cb20fd7f4a793d
8841,test,run14|7b0ed89fcaa1c898f8bac1cb
8842,train,run14|9ae03ab8f304f7b23aeb40f7
8843,test,run14|a53cdeb52a93e28bec4cdc05
8844,val,run14|728af580d79e2329b46783ed
8845,test,run14|a9e20c406ebd15e706fab24a
8846,test,run14|5f74bc1e97914ef98e2ac2d1
8847,train,run14|2e4eee23b4ab144c456b6d4d
8848,train,run14|ddf42813764e829d5bb13cca
8849,test,run14|33bbacca1ccc3a2cacf8a5dc
8850,train,run14|81ffbc635b73c9ef17829f20
8851,train,run14|0aae63d29aea53ac1717af19
8852,train,run14|66586ffaa6ef3b7e7575bd9f
8853,val,run14|302fe9cd6b4b7910e5f54606
8854,train,run14|4190252b9368a6b5a96da675
8855,train,run14|07dfbb6ef96eb599b7b9d567
8856,train,run14|9bf22d2d7ef0dbf8fabff92c
8857,test,run14|5a46ea3a4c684fce355c30cc
8858,train,run14|9e077dc0fe6aa6bacee16d14
8859,test,run14|bbfe57caafd4ec394c994d5b
8860,test,run14|ddeae4adc0c14a327722bcb2
8861,train,run14|e06394ad2bb5ff77d5618375
8862,val,run14|fd99f5852986e6c14f8fd759
8863,val,run14|8e4c09a8084bf1ff46c07099
8864,test,run14|28dc791443ec981f51c7baf3
8865,val,run14|df606414721c194406acb304
8866,test,run14|47e6834e9b55b083bfc25e82
8867,test,run14|75f8d563b9bc8e630f49091f
8868,train,run14|45963ff90fc3cd68f098dc1e
8869,train,run14|91e3b058fa58bcc6309a9452
8870,train,run14|6e35653400dd931b6d93d4e9
8871,train,run14|73563fcbc0eb1d4ea455c402
8872,val,run14|e7fc9e08d18d5d7e2e28272e
8873,train,run14|11e6f82b7d4c1e96f7322783
8874,val,run14|7660030732cff02f68e38c80
8875,train,run14|f410ced279c1c9bbff60d5ab
8876,train,run14|5bc12db5ac4e556e3bd6bae3
8877,val,run14|4c02950f30e51f6fae73b5a8
8878,train,run14|57072da4fe27750f5fa712e3
8879,test,run14|058eb9f1c0cb0b0a58d9ab13
8880,val,run14|c469720b320b422bee0ac6fd
8881,train,run14|20894a234e166adb3e059aac
8882,train,run14|45a6901f6af81697d283d0ec
8883,train,run14|f091a26623bb036802a8bef0
8884,train,run14|440629bbf39f039c55eabd79
8885,train,run14|84b5e78794e887afa1424385
8886,train,run14|8b13adce9a2340f70bcd6a05
8887,val,run14|7672fc79337374c2a8570f54
8888,train,run14|c1666baa1ed798933e9d6330
8889,val,run14|bd78a0047b453f9622eeda36
8890,train,run14|5738722a34bc1c207bf8be3e
8891,val,run14|d48f48fac5c685cb7d92f5f5
8892,train,run14|0a70dbf8888fc05bfdeb605a
8893,train,run14|fc194ea73a12df8aa497492c
8894,val,run14|05338500624d43cc0b42cf8f
8895,val,run14|df118cc62d53a616ddf91203
8896,val,run14|dad614594802051a4ff58618
8897,val,run14|17da3e550917d13026412902
8898,train,run14|d66aa058e9be619217a20010
8899,train,run14|d50e383cb4a21a0d92b54b5a
8900,train,run14|daf642529cfcf1b15a756e9c
8901,val,run14|3dd8fbc7464f2f43ae8a2ebd
8902,val,run14|a5427d17b6fdfbe6d3a5204e
8903,train,run14|93600e4413cb20fd7f4a793d
8904,test,run14|7b0ed89fcaa1c898f8bac1cb
8905,train,run14|9ae03ab8f304f7b23aeb40f7
8906,test,run14|a53cdeb52a93e28bec4cdc05
8907,val,run14|728af580d79e2329b46783ed
8908,test,run14|a9e20c406ebd15e706fab24a
8909,test,run14|5f74bc1e97914ef98e2ac2d1
8910,train,run14|2e4eee23b4ab144c456b6d4d
8911,train,run14|ddf42813764e829d5bb13cca
8912,test,run14|33bbacca1ccc3a2cacf8a5dc
8913,train,run14|81ffbc635b73c9ef17829f20
8914,train,run14|0aae63d29aea53ac1717af19
8915,train,run14|66586ffaa6ef3b7e7575bd9f
8916,val,run14|302fe9cd6b4b7910e5f54606
8917,train,run14|4190252b9368a6b5a96da675
8918,train,run14|07dfbb6ef96eb599b7b9d567
8919,train,run14|9bf22d2d7ef0dbf8fabff92c
8920,test,run14|5a46ea3a4c684fce355c30cc
8921,train,run14|9e077dc0fe6aa6bacee16d14
8922,test,run14|bbfe57caafd4ec394c994d5b
8923,test,run14|ddeae4adc0c14a327722bcb2
8924,train,run14|e06394ad2bb5ff77d5618375
8925,val,run14|fd99f5852986e6c14f8fd759
8926,val,run14|8e4c09a8084bf1ff46c07099
8927,test,run14|28dc791443ec981f51c7baf3
8928,val,run14|df606414721c194406acb304
8929,test,run14|47e6834e9b55b083bfc25e82
8930,test,run14|75f8d563b9bc8e630f49091f
8931,train,run14|45963ff90fc3cd68f098dc1e
8932,train,run14|91e3b058fa58bcc6309a9452
8933,train,run14|6e35653400dd931b6d93d4e9
8934,train,run14|73563fcbc0eb1d4ea455c402
8935,val,run14|e7fc9e08d18d5d7e2e28272e
8936,train,run14|11e6f82b7d4c1e96f7322783
8937,val,run14|7660030732cff02f68e38c80
8938,train,run14|f410ced279c1c9bbff60d5ab
8939,train,run14|5bc12db5ac4e556e3bd6bae3
8940,val,run14|4c02950f30e51f6fae73b5a8
8941,train,run14|57072da4fe27750f5fa712e3
8942,test,run14|058eb9f1c0cb0b0a58d9ab13
8943,val,run14|c469720b320b422bee0ac6fd
8944,train,run14|20894a234e166adb3e059aac
8945,train,run14|45a6901f6af81697d283d0ec
8946,train,run14|f091a26623bb036802a8bef0
8947,train,run14|440629bbf39f039c55eabd79
8948,train,run14|84b5e78794e887afa1424385
8949,train,run14|8b13adce9a2340f70bcd6a05
8950,val,run14|7672fc79337374c2a8570f54
8951,train,run14|c1666baa1ed798933e9d6330
8952,val,run14|bd78a0047b453f9622eeda36
8953,train,run14|5738722a34bc1c207bf8be3e
8954,val,run14|d48f48fac5c685cb7d92f5f5
8955,train,run14|0a70dbf8888fc05bfdeb605a
8956,train,run14|fc194ea73a12df8aa497492c
8957,val,run14|05338500624d43cc0b42cf8f
8958,val,run14|df118cc62d53a616ddf91203
8959,val,run14|dad614594802051a4ff58618
8960,val,run14|17da3e550917d13026412902
8961,train,run14|d66aa058e9be619217a20010
8962,train,run14|d50e383cb4a21a0d92b54b5a
8963,train,run14|daf642529cfcf1b15a756e9c
8964,val,run14|3dd8fbc7464f2f43ae8a2ebd
8965,val,run14|a5427d17b6fdfbe6d3a5204e
8966,train,run14|93600e4413cb20fd7f4a793d
8967,test,run14|7b0ed89fcaa1c898f8bac1cb
8968,train,run14|9ae03ab8f304f7b23aeb40f7
8969,test,run14|a53cdeb52a93e28bec4cdc05
8970,val,run14|728af580d79e2329b46783ed
8971,test,run14|a9e20c406ebd15e706fab24a
8972,test,run14|5f74bc1e97914ef98e2ac2d1
8973,train,run14|2e4eee23b4ab144c456b6d4d
8974,train,run14|ddf42813764e829d5bb13cca
8975,test,run14|33bbacca1ccc3a2cacf8a5dc
8976,train,run14|81ffbc635b73c9ef17829f20
8977,train,run14|0aae63d29aea53ac1717af19
8978,train,run14|66586ffaa6ef3b7e7575bd9f
8979,val,run14|302fe9cd6b4b7910e5f54606
8980,train,run14|4190252b9368a6b5a96da675
8981,train,run14|07dfbb6ef96eb599b7b9d567
8982,train,run14|9bf22d2d7ef0dbf8fabff92c
8983,test,run14|5a46ea3a4c684fce355c30cc
8984,train,run14|9e077dc0fe6aa6bacee16d14
8985,test,run14|bbfe57caafd4ec394c994d5b
8986,test,run14|ddeae4adc0c14a327722bcb2
8987,train,run14|e06394ad2bb5ff77d5618375
8988,val,run14|fd99f5852986e6c14f8fd759
8989,val,run14|8e4c09a8084bf1ff46c07099
8990,test,run14|28dc791443ec981f51c7baf3
8991,val,run14|df606414721c194406acb304
8992,test,run14|47e6834e9b55b083bfc25e82
8993,test,run14|75f8d563b9bc8e630f49091f
8994,train,run14|45963ff90fc3cd68f098dc1e
8995,train,run14|91e3b058fa58bcc6309a9452
8996,train,run14|6e35653400dd931b6d93d4e9
8997,train,run14|73563fcbc0eb1d4ea455c402
8998,val,run14|e7fc9e08d18d5d7e2e28272e
8999,train,run14|11e6f82b7d4c1e96f7322783
9000,val,run14|7660030732cff02f68e38c80
9001,train,run14|f410ced279c1c9bbff60d5ab
9002,train,run14|5bc12db5ac4e556e3bd6bae3
9003,val,run14|4c02950f30e51f6fae73b5a8
9004,train,run14|57072da4fe27750f5fa712e3
9005,test,run14|058eb9f1c0cb0b0a58d9ab13
9006,val,run14|c469720b320b422bee0ac6fd
9007,train,run14|20894a234e166adb3e059aac
9008,train,run14|45a6901f6af81697d283d0ec
9009,train,run14|f091a26623bb036802a8bef0
9010,train,run14|440629bbf39f039c55eabd79
9011,train,run14|84b5e78794e887afa1424385
9012,train,run14|8b13adce9a2340f70bcd6a05
9013,val,run14|7672fc79337374c2a8570f54
9014,train,run14|c1666baa1ed798933e9d6330
9015,val,run14|bd78a0047b453f9622eeda36
9016,train,run14|5738722a34bc1c207bf8be3e
9017,val,run14|d48f48fac5c685cb7d92f5f5
9018,train,run14|0a70dbf8888fc05bfdeb605a
9019,train,run14|fc194ea73a12df8aa497492c
9020,val,run14|05338500624d43cc0b42cf8f
9021,val,run14|df118cc62d53a616ddf91203
9022,val,run14|dad614594802051a4ff58618
9023,val,run14|17da3e550917d13026412902
9024,train,run14|d66aa058e9be619217a20010
9025,train,run14|d50e383cb4a21a0d92b54b5a
9026,train,run14|daf642529cfcf1b15a756e9c
9027,val,run14|3dd8fbc7464f2f43ae8a2ebd
9028,val,run14|a5427d17b6fdfbe6d3a5204e
9029,train,run14|93600e4413cb20fd7f4a793d
9030,test,run14|7b0ed89fcaa1c898f8bac1cb
9031,train,run14|9ae03ab8f304f7b23aeb40f7
9032,test,run14|a53cdeb52a93e28bec4cdc05
9033,val,run14|728af580d79e2329b46783ed
9034,test,run14|a9e20c406ebd15e706fab24a
9035,test,run14|5f74bc1e97914ef98e2ac2d1
9036,train,run14|2e4eee23b4ab144c456b6d4d
9037,train,run14|ddf42813764e829d5bb13cca
9038,test,run14|33bbacca1ccc3a2cacf8a5dc
9039,train,run14|81ffbc635b73c9ef17829f20
9040,train,run14|0aae63d29aea53ac1717af19
9041,train,run14|66586ffaa6ef3b7e7575bd9f
9042,val,run14|302fe9cd6b4b7910e5f54606
9043,train,run14|4190252b9368a6b5a96da675
9044,train,run14|07dfbb6ef96eb599b7b9d567
9045,train,run14|9bf22d2d7ef0dbf8fabff92c
9046,test,run14|5a46ea3a4c684fce355c30cc
9047,train,run14|9e077dc0fe6aa6bacee16d14
9048,test,run14|bbfe57caafd4ec394c994d5b
9049,test,run14|ddeae4adc0c14a327722bcb2
9050,train,run14|e06394ad2bb5ff77d5618375
9051,val,run14|fd99f5852986e6c14f8fd759
9052,val,run14|8e4c09a8084bf1ff46c07099
9053,test,run14|28dc791443ec981f51c7baf3
9054,val,run14|df606414721c194406acb304
9055,test,run14|47e6834e9b55b083bfc25e82
9056,test,run14|75f8d563b9bc8e630f49091f
9057,train,run14|45963ff90fc3cd68f098dc1e
9058,train,run14|91e3b058fa58bcc6309a9452
9059,train,run14|6e35653400dd931b6d93d4e9
9060,train,run14|73563fcbc0eb1d4ea455c402
9061,val,run14|e7fc9e08d18d5d7e2e28272e
9062,train,run14|11e6f82b7d4c1e96f7322783
9063,val,run14|7660030732cff02f68e38c80
9064,train,run14|f410ced279c1c9bbff60d5ab
9065,train,run14|5bc12db5ac4e556e3bd6bae3
9066,val,run14|4c02950f30e51f6fae73b5a8
9067,train,run14|57072da4fe27750f5fa712e3
9068,test,run14|058eb9f1c0cb0b0a58d9ab13
9069,val,run14|c469720b320b422bee0ac6fd
9070,train,run14|20894a234e166adb3e059aac
9071,train,run14|45a6901f6af81697d283d0ec
9072,train,run14|f091a26623bb036802a8bef0
9073,train,run14|440629bbf39f039c55eabd79
9074,train,run14|84b5e78794e887afa1424385
9075,train,run14|8b13adce9a2340f70bcd6a05
9076,val,run14|7672fc79337374c2a8570f54
9077,train,run14|c1666baa1ed798933e9d6330
9078,val,run14|bd78a0047b453f9622eeda36
9079,train,run14|5738722a34bc1c207bf8be3e
9080,val,run14|d48f48fac5c685cb7d92f5f5
9081,train,run14|0a70dbf8888fc05bfdeb605a
9082,train,run14|fc194ea73a12df8aa497492c
9083,val,run14|05338500624d43cc0b42cf8f
9084,val,run14|df118cc62d53a616ddf91203
9085,val,run14|dad614594802051a4ff58618
9086,val,run14|17da3e550917d13026412902
9087,train,run14|d66aa058e9be619217a20010
9088,train,run14|d50e383cb4a21a0d92b54b5a
9089,train,run14|daf642529cfcf1b15a756e9c
9090,val,run14|3dd8fbc7464f2f43ae8a2ebd
9091,val,run14|a5427d17b6fdfbe6d3a5204e
9092,train,run14|93600e4413cb20fd7f4a793d
9093,test,run14|7b0ed89fcaa1c898f8bac1cb
9094,train,run14|9ae03ab8f304f7b23aeb40f7
9095,test,run14|a53cdeb52a93e28bec4cdc05
9096,val,run14|728af580d79e2329b46783ed
9097,test,run14|a9e20c406ebd15e706fab24a
9098,test,run14|5f74bc1e97914ef98e2ac2d1
9099,train,run14|2e4eee23b4ab144c456b6d4d
9100,train,run14|ddf42813764e829d5bb13cca
9101,test,run14|33bbacca1ccc3a2cacf8a5dc
9102,train,run14|81ffbc635b73c9ef17829f20
9103,train,run14|0aae63d29aea53ac1717af19
9104,train,run14|66586ffaa6ef3b7e7575bd9f
9105,val,run14|302fe9cd6b4b7910e5f54606
9106,train,run14|4190252b9368a6b5a96da675
9107,train,run14|07dfbb6ef96eb599b7b9d567
9108,train,run14|9bf22d2d7ef0dbf8fabff92c
9109,test,run14|5a46ea3a4c684fce355c30cc
9110,train,run14|9e077dc0fe6aa6bacee16d14
9111,test,run14|bbfe57caafd4ec394c994d5b
9112,test,run14|ddeae4adc0c14a327722bcb2
9113,train,run14|e06394ad2bb5ff77d5618375
9114,val,run14|fd99f5852986e6c14f8fd759
9115,val,run14|8e4c09a8084bf1ff46c07099
9116,test,run14|28dc791443ec981f51c7baf3
9117,val,run14|df606414721c194406acb304
9118,test,run14|47e6834e9b55b083bfc25e82
9119,test,run14|75f8d563b9bc8e630f49091f
9120,train,run14|45963ff90fc3cd68f098dc1e
9121,train,run14|91e3b058fa58bcc6309a9452
9122,train,run14|6e35653400dd931b6d93d4e9
9123,train,run14|73563fcbc0eb1d4ea455c402
9124,val,run14|e7fc9e08d18d5d7e2e28272e
9125,train,run14|11e6f82b7d4c1e96f7322783
9126,val,run14|7660030732cff02f68e38c80
9127,train,run14|f410ced279c1c9bbff60d5ab
9128,train,run14|5bc12db5ac4e556e3bd6bae3
9129,val,run14|4c02950f30e51f6fae73b5a8
9130,train,run14|57072da4fe27750f5fa712e3
9131,test,run14|058eb9f1c0cb0b0a58d9ab13
9132,val,run14|c469720b320b422bee0ac6fd
9133,train,run14|20894a234e166adb3e059aac
9134,train,run14|45a6901f6af81697d283d0ec
9135,train,run14|f091a26623bb036802a8bef0
9136,train,run14|440629bbf39f039c55eabd79
9137,train,run14|84b5e78794e887afa1424385
9138,train,run14|8b13adce9a2340f70bcd6a05
9139,val,run14|7672fc79337374c2a8570f54
9140,train,run14|c1666baa1ed798933e9d6330
9141,val,run14|bd78a0047b453f9622eeda36
9142,train,run14|5738722a34bc1c207bf8be3e
9143,val,run14|d48f48fac5c685cb7d92f5f5
9144,train,run14|0a70dbf8888fc05bfdeb605a
9145,train,run14|fc194ea73a12df8aa497492c
9146,val,run14|05338500624d43cc0b42cf8f
9147,val,run14|df118cc62d53a616ddf91203
9148,val,run14|dad614594802051a4ff58618
9149,val,run14|17da3e550917d13026412902
9150,train,run14|d66aa058e9be619217a20010
9151,train,run14|d50e383cb4a21a0d92b54b5a
9152,train,run14|daf642529cfcf1b15a756e9c
9153,val,run14|3dd8fbc7464f2f43ae8a2ebd
9154,val,run14|a5427d17b6fdfbe6d3a5204e
9155,train,run14|93600e4413cb20fd7f4a793d
9156,test,run14|7b0ed89fcaa1c898f8bac1cb
9157,train,run14|9ae03ab8f304f7b23aeb40f7
9158,test,run14|a53cdeb52a93e28bec4cdc05
9159,val,run14|728af580d79e2329b46783ed
9160,test,run14|a9e20c406ebd15e706fab24a
9161,test,run14|5f74bc1e97914ef98e2ac2d1
9162,train,run14|2e4eee23b4ab144c456b6d4d
9163,train,run14|ddf42813764e829d5bb13cca
9164,test,run14|33bbacca1ccc3a2cacf8a5dc
9165,test,run14|0d23506d65146f577b5a9a77
9166,train,run14|aaeb8fde4595201932c196f8
9167,train,run14|d4b5feebde1aada3503dfcda
9168,train,run14|81ffbc635b73c9ef17829f20
9169,train,run14|0aae63d29aea53ac1717af19
9170,train,run14|66586ffaa6ef3b7e7575bd9f
9171,val,run14|302fe9cd6b4b7910e5f54606
9172,train,run14|4190252b9368a6b5a96da675
9173,train,run14|07dfbb6ef96eb599b7b9d567
9174,train,run14|9bf22d2d7ef0dbf8fabff92c
9175,test,run14|5a46ea3a4c684fce355c30cc
9176,train,run14|9e077dc0fe6aa6bacee16d14
9177,test,run14|bbfe57caafd4ec394c994d5b
9178,test,run14|ddeae4adc0c14a327722bcb2
9179,train,run14|e06394ad2bb5ff77d5618375
9180,val,run14|fd99f5852986e6c14f8fd759
9181,val,run14|8e4c09a8084bf1ff46c07099
9182,test,run14|28dc791443ec981f51c7baf3
9183,val,run14|df606414721c194406acb304
9184,test,run14|47e6834e9b55b083bfc25e82
9185,test,run14|75f8d563b9bc8e630f49091f
9186,train,run14|45963ff90fc3cd68f098dc1e
9187,train,run14|91e3b058fa58bcc6309a9452
9188,train,run14|6e35653400dd931b6d93d4e9
9189,train,run14|73563fcbc0eb1d4ea455c402
9190,val,run14|e7fc9e08d18d5d7e2e28272e
9191,train,run14|11e6f82b7d4c1e96f7322783
9192,val,run14|7660030732cff02f68e38c80
9193,train,run14|f410ced279c1c9bbff60d5ab
9194,train,run14|5bc12db5ac4e556e3bd6bae3
9195,val,run14|4c02950f30e51f6fae73b5a8
9196,train,run14|57072da4fe27750f5fa712e3
9197,test,run14|058eb9f1c0cb0b0a58d9ab13
9198,val,run14|c469720b320b422bee0ac6fd
9199,train,run14|20894a234e166adb3e059aac
9200,train,run14|45a6901f6af81697d283d0ec
9201,train,run14|f091a26623bb036802a8bef0
9202,train,run14|440629bbf39f039c55eabd79
9203,train,run14|84b5e78794e887afa1424385
9204,train,run14|8b13adce9a2340f70bcd6a05
9205,val,run14|7672fc79337374c2a8570f54
9206,train,run14|c1666baa1ed798933e9d6330
9207,val,run14|bd78a0047b453f9622eeda36
9208,train,run14|5738722a34bc1c207bf8be3e
9209,val,run14|d48f48fac5c685cb7d92f5f5
9210,train,run14|0a70dbf8888fc05bfdeb605a
9211,train,run14|fc194ea73a12df8aa497492c
9212,val,run14|05338500624d43cc0b42cf8f
9213,val,run14|df118cc62d53a616ddf91203
9214,val,run14|dad614594802051a4ff58618
9215,val,run14|17da3e550917d13026412902
9216,train,run14|d66aa058e9be619217a20010
9217,train,run14|d50e383cb4a21a0d92b54b5a
9218,train,run14|daf642529cfcf1b15a756e9c
9219,val,run14|3dd8fbc7464f2f43ae8a2ebd
9220,val,run14|a5427d17b6fdfbe6d3a5204e
9221,train,run14|93600e4413cb20fd7f4a793d
9222,test,run14|7b0ed89fcaa1c898f8bac1cb
9223,train,run14|9ae03ab8f304f7b23aeb40f7
9224,test,run14|a53cdeb52a93e28bec4cdc05
9225,val,run14|728af580d79e2329b46783ed
9226,test,run14|a9e20c406ebd15e706fab24a
9227,test,run14|5f74bc1e97914ef98e2ac2d1
9228,train,run14|2e4eee23b4ab144c456b6d4d
9229,train,run14|ddf42813764e829d5bb13cca
9230,test,run14|33bbacca1ccc3a2cacf8a5dc
9231,train,run14|2664c4e17d504a0dab0f11b0
9232,val,run14|2e8383e4a79fd172ef961945
9233,test,run14|ac8d56d9c0f295d24df9101a
9234,train,run14|81ffbc635b73c9ef17829f20
9235,train,run14|0aae63d29aea53ac1717af19
9236,train,run14|66586ffaa6ef3b7e7575bd9f
9237,val,run14|302fe9cd6b4b7910e5f54606
9238,train,run14|4190252b9368a6b5a96da675
9239,train,run14|07dfbb6ef96eb599b7b9d567
9240,train,run14|9bf22d2d7ef0dbf8fabff92c
9241,test,run14|5a46ea3a4c684fce355c30cc
9242,train,run14|9e077dc0fe6aa6bacee16d14
9243,test,run14|bbfe57caafd4ec394c994d5b
9244,test,run14|ddeae4adc0c14a327722bcb2
9245,train,run14|e06394ad2bb5ff77d5618375
9246,val,run14|fd99f5852986e6c14f8fd759
9247,val,run14|8e4c09a8084bf1ff46c07099
9248,test,run14|28dc791443ec981f51c7baf3
9249,val,run14|df606414721c194406acb304
9250,test,run14|47e6834e9b55b083bfc25e82
9251,test,run14|75f8d563b9bc8e630f49091f
9252,train,run14|45963ff90fc3cd68f098dc1e
9253,train,run14|91e3b058fa58bcc6309a9452
9254,train,run14|6e35653400dd931b6d93d4e9
9255,train,run14|73563fcbc0eb1d4ea455c402
9256,val,run14|e7fc9e08d18d5d7e2e28272e
9257,train,run14|11e6f82b7d4c1e96f7322783
9258,val,run14|7660030732cff02f68e38c80
9259,train,run14|f410ced279c1c9bbff60d5ab
9260,train,run14|5bc12db5ac4e556e3bd6bae3
9261,val,run14|4c02950f30e51f6fae73b5a8
9262,train,run14|57072da4fe27750f5fa712e3
9263,test,run14|058eb9f1c0cb0b0a58d9ab13
9264,val,run14|c469720b320b422bee0ac6fd
9265,train,run14|20894a234e166adb3e059aac
9266,train,run14|45a6901f6af81697d283d0ec
9267,train,run14|f091a26623bb036802a8bef0
9268,train,run14|440629bbf39f039c55eabd79
9269,train,run14|84b5e78794e887afa1424385
9270,train,run14|8b13adce9a2340f70bcd6a05
9271,val,run14|7672fc79337374c2a8570f54
9272,train,run14|c1666baa1ed798933e9d6330
9273,val,run14|bd78a0047b453f9622eeda36
9274,train,run14|5738722a34bc1c207bf8be3e
9275,val,run14|d48f48fac5c685cb7d92f5f5
9276,train,run14|0a70dbf8888fc05bfdeb605a
9277,train,run14|fc194ea73a12df8aa497492c
9278,val,run14|05338500624d43cc0b42cf8f
9279,val,run14|df118cc62d53a616ddf91203
9280,val,run14|dad614594802051a4ff58618
9281,val,run14|17da3e550917d13026412902
9282,train,run14|d66aa058e9be619217a20010
9283,train,run14|d50e383cb4a21a0d92b54b5a
9284,train,run14|daf642529cfcf1b15a756e9c
9285,val,run14|3dd8fbc7464f2f43ae8a2ebd
9286,val,run14|a5427d17b6fdfbe6d3a5204e
9287,train,run14|93600e4413cb20fd7f4a793d
9288,test,run14|7b0ed89fcaa1c898f8bac1cb
9289,train,run14|9ae03ab8f304f7b23aeb40f7
9290,test,run14|a53cdeb52a93e28bec4cdc05
9291,val,run14|728af580d79e2329b46783ed
9292,test,run14|a9e20c406ebd15e706fab24a
9293,test,run14|5f74bc1e97914ef98e2ac2d1
9294,train,run14|2e4eee23b4ab144c456b6d4d
9295,train,run14|ddf42813764e829d5bb13cca
9296,test,run14|33bbacca1ccc3a2cacf8a5dc
9297,train,run14|861d10dd8ad88b763133ab95
9298,test,run14|d0a4ab8b03956299b7d69dde
9299,train,run15|1565b851f05f3f58132183d4
9300,train,run15|6c773bacfd0f7209123ee380
9301,train,run15|ed2a60125d61224b5712f641
9302,train,run15|f46675ca63413dc9ec4bd282
9303,val,run15|cf9fc99aa1e93da66250c85c
9304,train,run15|261820b0979ca931824c0730
9305,train,run15|d2e6301dcf5c5bc39417ec40
9306,train,run15|e94da89f09c63c34a80f74f2
9307,train,run15|4676b2e3ab12941f04d3a804
9308,test,run15|c94d2e7524cbcb5e037ea06f
9309,test,run15|0ad9b94ea9109fe8732bffa2
9310,train,run15|6c858c9a0abe1f2831a7745b
9311,train,run15|aafc0fa507ac3292307fa423
9312,test,run15|a5374c75455fced2d5c0e753
9313,val,run15|f007eea53544a7f88303076c
9314,val,run15|64c111c1296b13b41b10f289
9315,val,run15|1e1e75ac9655b05655a976da
9316,test,run15|24b51aeb4b75bb5e2f446291
9317,test,run15|a3d59781611dd21d2e622b1c
9318,val,run15|0e1d3eadf4fa97177deba869
9319,test,run15|6bfa1a2904c6e241ffa5cb51
9320,train,run15|a7211c09340a2f2bea1a585f
9321,train,run15|cf1eaebd6ae474b76c42bac6
9322,train,run15|6272b2d689f741630b2bc234
9323,train,run15|b192970c89fdcce2f76b497e
9324,train,run15|27b9a41d6a63d13c55f31404
9325,train,run15|8c2b71af8828cb716fea63b6
9326,val,run15|811be37f73bb2b61c725d61d
9327,train,run15|3d9a1ea660e36f5c08292e17
9328,train,run15|3d8aa643b043f98e772ca29e
9329,test,run15|8dfb5a96e14ccc2708839408
9330,train,run15|1bad8c547e2e1f82a172d5e7
9331,train,run15|f2aab30cf6b0d860a7d2d01e
9332,train,run15|2d8c7aa460fafc0526a3df93
9333,val,run15|b31e5c178a05c3603e7e327c
9334,train,run15|c5eb65a70af72bb1c98e5bca
9335,train,run15|8eb916440306c0255785fde4
9336,test,run15|5b3483a0b000eb90fa6b8b25
9337,val,run15|ef198fbb3681d7379cc5dafb
9338,val,run15|ac906272b010be9041841bf4
9339,val,run15|8a6456d8d21ffc5b78ce640c
9340,train,run15|f4ae4fb48aabd4f49d232363
9341,train,run15|b421cb38278ba108b9032b4c
9342,train,run15|a1dc5dca1b8c2544d8f2af7f
9343,test,run15|78e834d7cfb2321a25e98fb7
9344,train,run15|0e679495b0a89f5a41b93266
9345,test,run15|20619f99e73c4772fc31013e
9346,train,run15|7a93c97d52500c94a57c3ede
9347,test,run15|371197dda493feda02038eee
9348,train,run15|cdd2657f867bec044a4cc4e9
9349,train,run15|e183c5d2d1301519735f4f2c
9350,train,run15|02f0d7c9bf9b26811e8e8660
9351,train,run15|a5d2a18fc7a5051bd6dc46cf
9352,val,run15|cf897ab34cf0351c7b712a99
9353,train,run15|89911605db0a058cf941652e
9354,train,run15|6eaef30f772859ac585c711b
9355,train,run15|0f2de7f58d5c2f0c3a3c6db8
9356,train,run15|2704746581a4374e8e3a8085
9357,val,run15|89b77dca8a8269f8e07154b2
9358,val,run15|663ef6e7d39f521c3f3f4a6b
9359,train,run15|f47757a2175dd458d21058ef
9360,val,run15|97b3d0a2bf52a4637a45dd0d
9361,train,run15|2b05b12420daae36b216e0c1
9362,train,run15|1582ee13b3ba2acfeafc239a
9363,train,run15|a3a752673d001033d930b291
9364,train,run15|83140bce7f1cbb9938d42f19
9365,train,run15|6244e2314e98c5cb36bb285c
9366,train,run15|8685a6c3c7abe4e59626dfc8
9367,train,run15|df868ebba292aa2d78cae81b
9368,train,run15|5e401a7049bb2501098d8c79
9369,train,run15|a02ee0637e1a42ec58b72dfe
9370,train,run15|996c3c1447758a6fb1fcfcec
9371,train,run15|8a7648e72d6903bc85586714
9372,val,run15|ffb0fca28638dcf0bb1a49ee
9373,val,run15|20fbbc0c0d4cd69e4acc0495
9374,val,run15|a51689469bc1ee777966f281
9375,train,run15|e5773887678e622aaab7de13
9376,val,run15|fabdc90f31b343ca985ada2a
9377,test,run15|841c23d4050cbfd50c571dce
9378,train,run15|1565b851f05f3f58132183d4
9379,train,run15|6c773bacfd0f7209123ee380
9380,train,run15|ed2a60125d61224b5712f641
9381,train,run15|f46675ca63413dc9ec4bd282
9382,val,run15|cf9fc99aa1e93da66250c85c
9383,train,run15|261820b0979ca931824c0730
9384,train,run15|d2e6301dcf5c5bc39417ec40
9385,train,run15|e94da89f09c63c34a80f74f2
9386,train,run15|4676b2e3ab12941f04d3a804
9387,test,run15|c94d2e7524cbcb5e037ea06f
9388,test,run15|0ad9b94ea9109fe8732bffa2
9389,train,run15|6c858c9a0abe1f2831a7745b
9390,train,run15|aafc0fa507ac3292307fa423
9391,test,run15|a5374c75455fced2d5c0e753
9392,val,run15|f007eea53544a7f88303076c
9393,val,run15|64c111c1296b13b41b10f289
9394,val,run15|1e1e75ac9655b05655a976da
9395,test,run15|24b51aeb4b75bb5e2f446291
9396,test,run15|a3d59781611dd21d2e622b1c
9397,val,run15|0e1d3eadf4fa97177deba869
9398,test,run15|6bfa1a2904c6e241ffa5cb51
9399,train,run15|a7211c09340a2f2bea1a585f
9400,train,run15|cf1eaebd6ae474b76c42bac6
9401,train,run15|6272b2d689f741630b2bc234
9402,train,run15|b192970c89fdcce2f76b497e
9403,train,run15|27b9a41d6a63d13c55f31404
9404,train,run15|8c2b71af8828cb716fea63b6
9405,val,run15|811be37f73bb2b61c725d61d
9406,train,run15|3d9a1ea660e36f5c08292e17
9407,train,run15|3d8aa643b043f98e772ca29e
9408,test,run15|8dfb5a96e14ccc2708839408
9409,train,run15|1bad8c547e2e1f82a172d5e7
9410,train,run15|f2aab30cf6b0d860a7d2d01e
9411,train,run15|2d8c7aa460fafc0526a3df93
9412,val,run15|b31e5c178a05c3603e7e327c
9413,train,run15|c5eb65a70af72bb1c98e5bca
9414,train,run15|8eb916440306c0255785fde4
9415,test,run15|5b3483a0b000eb90fa6b8b25
9416,val,run15|ef198fbb3681d7379cc5dafb
9417,val,run15|ac906272b010be9041841bf4
9418,val,run15|8a6456d8d21ffc5b78ce640c
9419,train,run15|f4ae4fb48aabd4f49d232363
9420,train,run15|b421cb38278ba108b9032b4c
9421,train,run15|a1dc5dca1b8c2544d8f2af7f
9422,test,run15|78e834d7cfb2321a25e98fb7
9423,train,run15|0e679495b0a89f5a41b93266
9424,test,run15|20619f99e73c4772fc31013e
9425,train,run15|7a93c97d52500c94a57c3ede
9426,test,run15|371197dda493feda02038eee
9427,train,run15|cdd2657f867bec044a4cc4e9
9428,train,run15|e183c5d2d1301519735f4f2c
9429,train,run15|02f0d7c9bf9b26811e8e8660
9430,train,run15|a5d2a18fc7a5051bd6dc46cf
9431,val,run15|cf897ab34cf0351c7b712a99
9432,train,run15|89911605db0a058cf941652e
9433,train,run15|6eaef30f772859ac585c711b
9434,train,run15|0f2de7f58d5c2f0c3a3c6db8
9435,train,run15|2704746581a4374e8e3a8085
9436,val,run15|89b77dca8a8269f8e07154b2
9437,val,run15|663ef6e7d39f521c3f3f4a6b
9438,train,run15|f47757a2175dd458d21058ef
9439,val,run15|97b3d0a2bf52a4637a45dd0d
9440,train,run15|2b05b12420daae36b216e0c1
9441,train,run15|1565b851f05f3f58132183d4
9442,train,run15|6c773bacfd0f7209123ee380
9443,train,run15|ed2a60125d61224b5712f641
9444,train,run15|f46675ca63413dc9ec4bd282
9445,val,run15|cf9fc99aa1e93da66250c85c
9446,train,run15|261820b0979ca931824c0730
9447,train,run15|d2e6301dcf5c5bc39417ec40
9448,train,run15|e94da89f09c63c34a80f74f2
9449,train,run15|4676b2e3ab12941f04d3a804
9450,test,run15|c94d2e7524cbcb5e037ea06f
9451,test,run15|0ad9b94ea9109fe8732bffa2
9452,train,run15|6c858c9a0abe1f2831a7745b
9453,train,run15|aafc0fa507ac3292307fa423
9454,test,run15|a5374c75455fced2d5c0e753
9455,val,run15|f007eea53544a7f88303076c
9456,val,run15|64c111c1296b13b41b10f289
9457,val,run15|1e1e75ac9655b05655a976da
9458,test,run15|24b51aeb4b75bb5e2f446291
9459,test,run15|a3d59781611dd21d2e622b1c
9460,val,run15|0e1d3eadf4fa97177deba869
9461,test,run15|6bfa1a2904c6e241ffa5cb51
9462,train,run15|a7211c09340a2f2bea1a585f
9463,train,run15|cf1eaebd6ae474b76c42bac6
9464,train,run15|6272b2d689f741630b2bc234
9465,train,run15|b192970c89fdcce2f76b497e
9466,train,run15|27b9a41d6a63d13c55f31404
9467,train,run15|8c2b71af8828cb716fea63b6
9468,val,run15|811be37f73bb2b61c725d61d
9469,train,run15|3d9a1ea660e36f5c08292e17
9470,train,run15|3d8aa643b043f98e772ca29e
9471,test,run15|8dfb5a96e14ccc2708839408
9472,train,run15|1bad8c547e2e1f82a172d5e7
9473,train,run15|f2aab30cf6b0d860a7d2d01e
9474,train,run15|2d8c7aa460fafc0526a3df93
9475,val,run15|b31e5c178a05c3603e7e327c
9476,train,run15|c5eb65a70af72bb1c98e5bca
9477,train,run15|8eb916440306c0255785fde4
9478,test,run15|5b3483a0b000eb90fa6b8b25
9479,val,run15|ef198fbb3681d7379cc5dafb
9480,val,run15|ac906272b010be9041841bf4
9481,val,run15|8a6456d8d21ffc5b78ce640c
9482,train,run15|f4ae4fb48aabd4f49d232363
9483,train,run15|b421cb38278ba108b9032b4c
9484,train,run15|a1dc5dca1b8c2544d8f2af7f
9485,test,run15|78e834d7cfb2321a25e98fb7
9486,train,run15|0e679495b0a89f5a41b93266
9487,test,run15|20619f99e73c4772fc31013e
9488,train,run15|7a93c97d52500c94a57c3ede
9489,test,run15|371197dda493feda02038eee
9490,train,run15|cdd2657f867bec044a4cc4e9
9491,train,run15|e183c5d2d1301519735f4f2c
9492,train,run15|02f0d7c9bf9b26811e8e8660
9493,train,run15|a5d2a18fc7a5051bd6dc46cf
9494,val,run15|cf897ab34cf0351c7b712a99
9495,train,run15|89911605db0a058cf941652e
9496,train,run15|6eaef30f772859ac585c711b
9497,train,run15|0f2de7f58d5c2f0c3a3c6db8
9498,train,run15|2704746581a4374e8e3a8085
9499,val,run15|89b77dca8a8269f8e07154b2
9500,val,run15|663ef6e7d39f521c3f3f4a6b
9501,train,run15|f47757a2175dd458d21058ef
9502,val,run15|97b3d0a2bf52a4637a45dd0d
9503,train,run15|2b05b12420daae36b216e0c1
9504,train,run15|1565b851f05f3f58132183d4
9505,train,run15|6c773bacfd0f7209123ee380
9506,train,run15|ed2a60125d61224b5712f641
9507,train,run15|f46675ca63413dc9ec4bd282
9508,val,run15|cf9fc99aa1e93da66250c85c
9509,train,run15|261820b0979ca931824c0730
9510,train,run15|d2e6301dcf5c5bc39417ec40
9511,train,run15|e94da89f09c63c34a80f74f2
9512,train,run15|4676b2e3ab12941f04d3a804
9513,test,run15|c94d2e7524cbcb5e037ea06f
9514,test,run15|0ad9b94ea9109fe8732bffa2
9515,train,run15|6c858c9a0abe1f2831a7745b
9516,train,run15|aafc0fa507ac3292307fa423
9517,test,run15|a5374c75455fced2d5c0e753
9518,val,run15|f007eea53544a7f88303076c
9519,val,run15|64c111c1296b13b41b10f289
9520,val,run15|1e1e75ac9655b05655a976da
9521,test,run15|24b51aeb4b75bb5e2f446291
9522,test,run15|a3d59781611dd21d2e622b1c
9523,val,run15|0e1d3eadf4fa97177deba869
9524,test,run15|6bfa1a2904c6e241ffa5cb51
9525,train,run15|a7211c09340a2f2bea1a585f
9526,train,run15|cf1eaebd6ae474b76c42bac6
9527,train,run15|6272b2d689f741630b2bc234
9528,train,run15|b192970c89fdcce2f76b497e
9529,train,run15|27b9a41d6a63d13c55f31404
9530,train,run15|8c2b71af8828cb716fea63b6
9531,val,run15|811be37f73bb2b61c725d61d
9532,train,run15|3d9a1ea660e36f5c08292e17
9533,train,run15|3d8aa643b043f98e772ca29e
9534,test,run15|8dfb5a96e14ccc2708839408
9535,train,run15|1bad8c547e2e1f82a172d5e7
9536,train,run15|f2aab30cf6b0d860a7d2d01e
9537,train,run15|2d8c7aa460fafc0526a3df93
9538,val,run15|b31e5c178a05c3603e7e327c
9539,train,run15|c5eb65a70af72bb1c98e5bca
9540,train,run15|8eb916440306c0255785fde4
9541,test,run15|5b3483a0b000eb90fa6b8b25
9542,val,run15|ef198fbb3681d7379cc5dafb
9543,val,run15|ac906272b010be9041841bf4
9544,val,run15|8a6456d8d21ffc5b78ce640c
9545,train,run15|f4ae4fb48aabd4f49d232363
9546,train,run15|b421cb38278ba108b9032b4c
9547,train,run15|a1dc5dca1b8c2544d8f2af7f
9548,test,run15|78e834d7cfb2321a25e98fb7
9549,train,run15|0e679495b0a89f5a41b93266
9550,test,run15|20619f99e73c4772fc31013e
9551,train,run15|7a93c97d52500c94a57c3ede
9552,test,run15|371197dda493feda02038eee
9553,train,run15|cdd2657f867bec044a4cc4e9
9554,train,run15|e183c5d2d1301519735f4f2c
9555,train,run15|02f0d7c9bf9b26811e8e8660
9556,train,run15|a5d2a18fc7a5051bd6dc46cf
9557,val,run15|cf897ab34cf0351c7b712a99
9558,train,run15|89911605db0a058cf941652e
9559,train,run15|6eaef30f772859ac585c711b
9560,train,run15|0f2de7f58d5c2f0c3a3c6db8
9561,train,run15|2704746581a4374e8e3a8085
9562,val,run15|89b77dca8a8269f8e07154b2
9563,val,run15|663ef6e7d39f521c3f3f4a6b
9564,train,run15|f47757a2175dd458d21058ef
9565,val,run15|97b3d0a2bf52a4637a45dd0d
9566,train,run15|2b05b12420daae36b216e0c1
9567,train,run15|1565b851f05f3f58132183d4
9568,train,run15|6c773bacfd0f7209123ee380
9569,train,run15|ed2a60125d61224b5712f641
9570,train,run15|f46675ca63413dc9ec4bd282
9571,val,run15|cf9fc99aa1e93da66250c85c
9572,train,run15|261820b0979ca931824c0730
9573,train,run15|d2e6301dcf5c5bc39417ec40
9574,train,run15|e94da89f09c63c34a80f74f2
9575,train,run15|4676b2e3ab12941f04d3a804
9576,test,run15|c94d2e7524cbcb5e037ea06f
9577,test,run15|0ad9b94ea9109fe8732bffa2
9578,train,run15|6c858c9a0abe1f2831a7745b
9579,train,run15|aafc0fa507ac3292307fa423
9580,test,run15|a5374c75455fced2d5c0e753
9581,val,run15|f007eea53544a7f88303076c
9582,val,run15|64c111c1296b13b41b10f289
9583,val,run15|1e1e75ac9655b05655a976da
9584,test,run15|24b51aeb4b75bb5e2f446291
9585,test,run15|a3d59781611dd21d2e622b1c
9586,val,run15|0e1d3eadf4fa97177deba869
9587,test,run15|6bfa1a2904c6e241ffa5cb51
9588,train,run15|a7211c09340a2f2bea1a585f
9589,train,run15|cf1eaebd6ae474b76c42bac6
9590,train,run15|6272b2d689f741630b2bc234
9591,train,run15|b192970c89fdcce2f76b497e
9592,train,run15|27b9a41d6a63d13c55f31404
9593,train,run15|8c2b71af8828cb716fea63b6
9594,val,run15|811be37f73bb2b61c725d61d
9595,train,run15|3d9a1ea660e36f5c08292e17
9596,train,run15|3d8aa643b043f98e772ca29e
9597,test,run15|8dfb5a96e14ccc2708839408
9598,train,run15|1bad8c547e2e1f82a172d5e7
9599,train,run15|f2aab30cf6b0d860a7d2d01e
9600,train,run15|2d8c7aa460fafc0526a3df93
9601,val,run15|b31e5c178a05c3603e7e327c
9602,train,run15|c5eb65a70af72bb1c98e5bca
9603,train,run15|8eb916440306c0255785fde4
9604,test,run15|5b3483a0b000eb90fa6b8b25
9605,val,run15|ef198fbb3681d7379cc5dafb
9606,val,run15|ac906272b010be9041841bf4
9607,val,run15|8a6456d8d21ffc5b78ce640c
9608,train,run15|f4ae4fb48aabd4f49d232363
9609,train,run15|b421cb38278ba108b9032b4c
9610,train,run15|a1dc5dca1b8c2544d8f2af7f
9611,test,run15|78e834d7cfb2321a25e98fb7
9612,train,run15|0e679495b0a89f5a41b93266
9613,test,run15|20619f99e73c4772fc31013e
9614,train,run15|7a93c97d52500c94a57c3ede
9615,test,run15|371197dda493feda02038eee
9616,train,run15|cdd2657f867bec044a4cc4e9
9617,train,run15|e183c5d2d1301519735f4f2c
9618,train,run15|02f0d7c9bf9b26811e8e8660
9619,train,run15|a5d2a18fc7a5051bd6dc46cf
9620,val,run15|cf897ab34cf0351c7b712a99
9621,train,run15|89911605db0a058cf941652e
9622,train,run15|6eaef30f772859ac585c711b
9623,train,run15|0f2de7f58d5c2f0c3a3c6db8
9624,train,run15|2704746581a4374e8e3a8085
9625,val,run15|89b77dca8a8269f8e07154b2
9626,val,run15|663ef6e7d39f521c3f3f4a6b
9627,train,run15|f47757a2175dd458d21058ef
9628,val,run15|97b3d0a2bf52a4637a45dd0d
9629,train,run15|2b05b12420daae36b216e0c1
9630,train,run15|1565b851f05f3f58132183d4
9631,train,run15|6c773bacfd0f7209123ee380
9632,train,run15|ed2a60125d61224b5712f641
9633,train,run15|f46675ca63413dc9ec4bd282
9634,val,run15|cf9fc99aa1e93da66250c85c
9635,train,run15|261820b0979ca931824c0730
9636,train,run15|d2e6301dcf5c5bc39417ec40
9637,train,run15|e94da89f09c63c34a80f74f2
9638,train,run15|4676b2e3ab12941f04d3a804
9639,test,run15|c94d2e7524cbcb5e037ea06f
9640,test,run15|0ad9b94ea9109fe8732bffa2
9641,train,run15|6c858c9a0abe1f2831a7745b
9642,train,run15|aafc0fa507ac3292307fa423
9643,test,run15|a5374c75455fced2d5c0e753
9644,val,run15|f007eea53544a7f88303076c
9645,val,run15|64c111c1296b13b41b10f289
9646,val,run15|1e1e75ac9655b05655a976da
9647,test,run15|24b51aeb4b75bb5e2f446291
9648,test,run15|a3d59781611dd21d2e622b1c
9649,val,run15|0e1d3eadf4fa97177deba869
9650,test,run15|6bfa1a2904c6e241ffa5cb51
9651,train,run15|a7211c09340a2f2bea1a585f
9652,train,run15|cf1eaebd6ae474b76c42bac6
9653,train,run15|6272b2d689f741630b2bc234
9654,train,run15|b192970c89fdcce2f76b497e
9655,train,run15|27b9a41d6a63d13c55f31404
9656,train,run15|8c2b71af8828cb716fea63b6
9657,val,run15|811be37f73bb2b61c725d61d
9658,train,run15|3d9a1ea660e36f5c08292e17
9659,train,run15|3d8aa643b043f98e772ca29e
9660,test,run15|8dfb5a96e14ccc2708839408
9661,train,run15|1bad8c547e2e1f82a172d5e7
9662,train,run15|f2aab30cf6b0d860a7d2d01e
9663,train,run15|2d8c7aa460fafc0526a3df93
9664,val,run15|b31e5c178a05c3603e7e327c
9665,train,run15|c5eb65a70af72bb1c98e5bca
9666,train,run15|8eb916440306c0255785fde4
9667,test,run15|5b3483a0b000eb90fa6b8b25
9668,val,run15|ef198fbb3681d7379cc5dafb
9669,val,run15|ac906272b010be9041841bf4
9670,val,run15|8a6456d8d21ffc5b78ce640c
9671,train,run15|f4ae4fb48aabd4f49d232363
9672,train,run15|b421cb38278ba108b9032b4c
9673,train,run15|a1dc5dca1b8c2544d8f2af7f
9674,test,run15|78e834d7cfb2321a25e98fb7
9675,train,run15|0e679495b0a89f5a41b93266
9676,test,run15|20619f99e73c4772fc31013e
9677,train,run15|7a93c97d52500c94a57c3ede
9678,test,run15|371197dda493feda02038eee
9679,train,run15|cdd2657f867bec044a4cc4e9
9680,train,run15|e183c5d2d1301519735f4f2c
9681,train,run15|02f0d7c9bf9b26811e8e8660
9682,train,run15|a5d2a18fc7a5051bd6dc46cf
9683,val,run15|cf897ab34cf0351c7b712a99
9684,train,run15|89911605db0a058cf941652e
9685,train,run15|6eaef30f772859ac585c711b
9686,train,run15|0f2de7f58d5c2f0c3a3c6db8
9687,train,run15|2704746581a4374e8e3a8085
9688,val,run15|89b77dca8a8269f8e07154b2
9689,val,run15|663ef6e7d39f521c3f3f4a6b
9690,train,run15|f47757a2175dd458d21058ef
9691,val,run15|97b3d0a2bf52a4637a45dd0d
9692,train,run15|2b05b12420daae36b216e0c1
9693,train,run15|1565b851f05f3f58132183d4
9694,train,run15|6c773bacfd0f7209123ee380
9695,train,run15|ed2a60125d61224b5712f641
9696,train,run15|f46675ca63413dc9ec4bd282
9697,val,run15|cf9fc99aa1e93da66250c85c
9698,train,run15|261820b0979ca931824c0730
9699,train,run15|d2e6301dcf5c5bc39417ec40
9700,train,run15|e94da89f09c63c34a80f74f2
9701,train,run15|4676b2e3ab12941f04d3a804
9702,test,run15|c94d2e7524cbcb5e037ea06f
9703,test,run15|0ad9b94ea9109fe8732bffa2
9704,train,run15|6c858c9a0abe1f2831a7745b
9705,train,run15|aafc0fa507ac3292307fa423
9706,test,run15|a5374c75455fced2d5c0e753
9707,val,run15|f007eea53544a7f88303076c
9708,val,run15|64c111c1296b13b41b10f289
9709,val,run15|1e1e75ac9655b05655a976da
9710,test,run15|24b51aeb4b75bb5e2f446291
9711,test,run15|a3d59781611dd21d2e622b1c
9712,val,run15|0e1d3eadf4fa97177deba869
9713,test,run15|6bfa1a2904c6e241ffa5cb51
9714,train,run15|a7211c09340a2f2bea1a585f
9715,train,run15|cf1eaebd6ae474b76c42bac6
9716,train,run15|6272b2d689f741630b2bc234
9717,train,run15|b192970c89fdcce2f76b497e
9718,train,run15|27b9a41d6a63d13c55f31404
9719,train,run15|8c2b71af8828cb716fea63b6
9720,val,run15|811be37f73bb2b61c725d61d
9721,train,run15|3d9a1ea660e36f5c08292e17
9722,train,run15|3d8aa643b043f98e772ca29e
9723,test,run15|8dfb5a96e14ccc2708839408
9724,train,run15|1bad8c547e2e1f82a172d5e7
9725,train,run15|f2aab30cf6b0d860a7d2d01e
9726,train,run15|2d8c7aa460fafc0526a3df93
9727,val,run15|b31e5c178a05c3603e7e327c
9728,train,run15|c5eb65a70af72bb1c98e5bca
9729,train,run15|8eb916440306c0255785fde4
9730,test,run15|5b3483a0b000eb90fa6b8b25
9731,val,run15|ef198fbb3681d7379cc5dafb
9732,val,run15|ac906272b010be9041841bf4
9733,val,run15|8a6456d8d21ffc5b78ce640c
9734,train,run15|f4ae4fb48aabd4f49d232363
9735,train,run15|b421cb38278ba108b9032b4c
9736,train,run15|a1dc5dca1b8c2544d8f2af7f
9737,test,run15|78e834d7cfb2321a25e98fb7
9738,train,run15|0e679495b0a89f5a41b93266
9739,test,run15|20619f99e73c4772fc31013e
9740,train,run15|7a93c97d52500c94a57c3ede
9741,test,run15|371197dda493feda02038eee
9742,train,run15|cdd2657f867bec044a4cc4e9
9743,train,run15|e183c5d2d1301519735f4f2c
9744,train,run15|02f0d7c9bf9b26811e8e8660
9745,train,run15|a5d2a18fc7a5051bd6dc46cf
9746,val,run15|cf897ab34cf0351c7b712a99
9747,train,run15|89911605db0a058cf941652e
9748,train,run15|6eaef30f772859ac585c711b
9749,train,run15|0f2de7f58d5c2f0c3a3c6db8
9750,train,run15|2704746581a4374e8e3a8085
9751,val,run15|89b77dca8a8269f8e07154b2
9752,val,run15|663ef6e7d39f521c3f3f4a6b
9753,train,run15|f47757a2175dd458d21058ef
9754,val,run15|97b3d0a2bf52a4637a45dd0d
9755,train,run15|2b05b12420daae36b216e0c1
9756,train,run15|1565b851f05f3f58132183d4
9757,train,run15|6c773bacfd0f7209123ee380
9758,train,run15|ed2a60125d61224b5712f641
9759,train,run15|f46675ca63413dc9ec4bd282
9760,val,run15|cf9fc99aa1e93da66250c85c
9761,train,run15|261820b0979ca931824c0730
9762,train,run15|d2e6301dcf5c5bc39417ec40
9763,train,run15|e94da89f09c63c34a80f74f2
9764,train,run15|4676b2e3ab12941f04d3a804
9765,test,run15|c94d2e7524cbcb5e037ea06f
9766,test,run15|0ad9b94ea9109fe8732bffa2
9767,train,run15|6c858c9a0abe1f2831a7745b
9768,train,run15|aafc0fa507ac3292307fa423
9769,test,run15|a5374c75455fced2d5c0e753
9770,val,run15|f007eea53544a7f88303076c
9771,val,run15|64c111c1296b13b41b10f289
9772,val,run15|1e1e75ac9655b05655a976da
9773,test,run15|24b51aeb4b75bb5e2f446291
9774,test,run15|a3d59781611dd21d2e622b1c
9775,val,run15|0e1d3eadf4fa97177deba869
9776,test,run15|6bfa1a2904c6e241ffa5cb51
9777,train,run15|a7211c09340a2f2bea1a585f
9778,train,run15|cf1eaebd6ae474b76c42bac6
9779,train,run15|6272b2d689f741630b2bc234
9780,train,run15|b192970c89fdcce2f76b497e
9781,train,run15|27b9a41d6a63d13c55f31404
9782,train,run15|8c2b71af8828cb716fea63b6
9783,val,run15|811be37f73bb2b61c725d61d
9784,train,run15|3d9a1ea660e36f5c08292e17
9785,train,run15|3d8aa643b043f98e772ca29e
9786,test,run15|8dfb5a96e14ccc2708839408
9787,train,run15|1bad8c547e2e1f82a172d5e7
9788,train,run15|f2aab30cf6b0d860a7d2d01e
9789,train,run15|2d8c7aa460fafc0526a3df93
9790,val,run15|b31e5c178a05c3603e7e327c
9791,train,run15|c5eb65a70af72bb1c98e5bca
9792,train,run15|8eb916440306c0255785fde4
9793,test,run15|5b3483a0b000eb90fa6b8b25
9794,val,run15|ef198fbb3681d7379cc5dafb
9795,val,run15|ac906272b010be9041841bf4
9796,val,run15|8a6456d8d21ffc5b78ce640c
9797,train,run15|f4ae4fb48aabd4f49d232363
9798,train,run15|b421cb38278ba108b9032b4c
9799,train,run15|a1dc5dca1b8c2544d8f2af7f
9800,test,run15|78e834d7cfb2321a25e98fb7
9801,train,run15|0e679495b0a89f5a41b93266
9802,test,run15|20619f99e73c4772fc31013e
9803,train,run15|7a93c97d52500c94a57c3ede
9804,test,run15|371197dda493feda02038eee
9805,train,run15|cdd2657f867bec044a4cc4e9
9806,train,run15|e183c5d2d1301519735f4f2c
9807,train,run15|02f0d7c9bf9b26811e8e8660
9808,train,run15|a5d2a18fc7a5051bd6dc46cf
9809,val,run15|cf897ab34cf0351c7b712a99
9810,train,run15|89911605db0a058cf941652e
9811,train,run15|6eaef30f772859ac585c711b
9812,train,run15|0f2de7f58d5c2f0c3a3c6db8
9813,train,run15|2704746581a4374e8e3a8085
9814,val,run15|89b77dca8a8269f8e07154b2
9815,val,run15|663ef6e7d39f521c3f3f4a6b
9816,train,run15|f47757a2175dd458d21058ef
9817,val,run15|97b3d0a2bf52a4637a45dd0d
9818,train,run15|2b05b12420daae36b216e0c1
9819,train,run15|1565b851f05f3f58132183d4
9820,train,run15|6c773bacfd0f7209123ee380
9821,train,run15|ed2a60125d61224b5712f641
9822,train,run15|f46675ca63413dc9ec4bd282
9823,val,run15|cf9fc99aa1e93da66250c85c
9824,train,run15|261820b0979ca931824c0730
9825,train,run15|d2e6301dcf5c5bc39417ec40
9826,train,run15|e94da89f09c63c34a80f74f2
9827,train,run15|4676b2e3ab12941f04d3a804
9828,test,run15|c94d2e7524cbcb5e037ea06f
9829,test,run15|0ad9b94ea9109fe8732bffa2
9830,train,run15|6c858c9a0abe1f2831a7745b
9831,train,run15|aafc0fa507ac3292307fa423
9832,test,run15|a5374c75455fced2d5c0e753
9833,val,run15|f007eea53544a7f88303076c
9834,val,run15|64c111c1296b13b41b10f289
9835,val,run15|1e1e75ac9655b05655a976da
9836,test,run15|24b51aeb4b75bb5e2f446291
9837,test,run15|a3d59781611dd21d2e622b1c
9838,val,run15|0e1d3eadf4fa97177deba869
9839,test,run15|6bfa1a2904c6e241ffa5cb51
9840,train,run15|a7211c09340a2f2bea1a585f
9841,train,run15|cf1eaebd6ae474b76c42bac6
9842,train,run15|6272b2d689f741630b2bc234
9843,train,run15|b192970c89fdcce2f76b497e
9844,train,run15|27b9a41d6a63d13c55f31404
9845,train,run15|8c2b71af8828cb716fea63b6
9846,val,run15|811be37f73bb2b61c725d61d
9847,train,run15|3d9a1ea660e36f5c08292e17
9848,train,run15|3d8aa643b043f98e772ca29e
9849,test,run15|8dfb5a96e14ccc2708839408
9850,train,run15|1bad8c547e2e1f82a172d5e7
9851,train,run15|f2aab30cf6b0d860a7d2d01e
9852,train,run15|2d8c7aa460fafc0526a3df93
9853,val,run15|b31e5c178a05c3603e7e327c
9854,train,run15|c5eb65a70af72bb1c98e5bca
9855,train,run15|8eb916440306c0255785fde4
9856,test,run15|5b3483a0b000eb90fa6b8b25
9857,val,run15|ef198fbb3681d7379cc5dafb
9858,val,run15|ac906272b010be9041841bf4
9859,val,run15|8a6456d8d21ffc5b78ce640c
9860,train,run15|f4ae4fb48aabd4f49d232363
9861,train,run15|b421cb38278ba108b9032b4c
9862,train,run15|a1dc5dca1b8c2544d8f2af7f
9863,test,run15|78e834d7cfb2321a25e98fb7
9864,train,run15|0e679495b0a89f5a41b93266
9865,test,run15|20619f99e73c4772fc31013e
9866,train,run15|7a93c97d52500c94a57c3ede
9867,test,run15|371197dda493feda02038eee
9868,train,run15|cdd2657f867bec044a4cc4e9
9869,train,run15|e183c5d2d1301519735f4f2c
9870,train,run15|02f0d7c9bf9b26811e8e8660
9871,train,run15|a5d2a18fc7a5051bd6dc46cf
9872,val,run15|cf897ab34cf0351c7b712a99
9873,train,run15|89911605db0a058cf941652e
9874,train,run15|6eaef30f772859ac585c711b
9875,train,run15|0f2de7f58d5c2f0c3a3c6db8
9876,train,run15|2704746581a4374e8e3a8085
9877,val,run15|89b77dca8a8269f8e07154b2
9878,val,run15|663ef6e7d39f521c3f3f4a6b
9879,train,run15|f47757a2175dd458d21058ef
9880,val,run15|97b3d0a2bf52a4637a45dd0d
9881,train,run15|2b05b12420daae36b216e0c1
9882,val,run15|ffb0fca28638dcf0bb1a49ee
9883,train,run15|1565b851f05f3f58132183d4
9884,train,run15|6c773bacfd0f7209123ee380
9885,train,run15|ed2a60125d61224b5712f641
9886,train,run15|f46675ca63413dc9ec4bd282
9887,val,run15|cf9fc99aa1e93da66250c85c
9888,train,run15|261820b0979ca931824c0730
9889,train,run15|d2e6301dcf5c5bc39417ec40
9890,train,run15|e94da89f09c63c34a80f74f2
9891,train,run15|4676b2e3ab12941f04d3a804
9892,test,run15|c94d2e7524cbcb5e037ea06f
9893,test,run15|0ad9b94ea9109fe8732bffa2
9894,train,run15|6c858c9a0abe1f2831a7745b
9895,train,run15|aafc0fa507ac3292307fa423
9896,test,run15|a5374c75455fced2d5c0e753
9897,val,run15|f007eea53544a7f88303076c
9898,val,run15|64c111c1296b13b41b10f289
9899,val,run15|1e1e75ac9655b05655a976da
9900,test,run15|24b51aeb4b75bb5e2f446291
9901,test,run15|a3d59781611dd21d2e622b1c
9902,val,run15|0e1d3eadf4fa97177deba869
9903,test,run15|6bfa1a2904c6e241ffa5cb51
9904,train,run15|a7211c09340a2f2bea1a585f
9905,train,run15|cf1eaebd6ae474b76c42bac6
9906,train,run15|6272b2d689f741630b2bc234
9907,train,run15|b192970c89fdcce2f76b497e
9908,train,run15|27b9a41d6a63d13c55f31404
9909,train,run15|8c2b71af8828cb716fea63b6
9910,val,run15|811be37f73bb2b61c725d61d
9911,train,run15|3d9a1ea660e36f5c08292e17
9912,train,run15|3d8aa643b043f98e772ca29e
9913,test,run15|8dfb5a96e14ccc2708839408
9914,train,run15|1bad8c547e2e1f82a172d5e7
9915,train,run15|f2aab30cf6b0d860a7d2d01e
9916,train,run15|2d8c7aa460fafc0526a3df93
9917,val,run15|b31e5c178a05c3603e7e327c
9918,train,run15|c5eb65a70af72bb1c98e5bca
9919,train,run15|8eb916440306c0255785fde4
9920,test,run15|5b3483a0b000eb90fa6b8b25
9921,val,run15|ef198fbb3681d7379cc5dafb
9922,val,run15|ac906272b010be9041841bf4
9923,val,run15|8a6456d8d21ffc5b78ce640c
9924,train,run15|f4ae4fb48aabd4f49d232363
9925,train,run15|b421cb38278ba108b9032b4c
9926,train,run15|a1dc5dca1b8c2544d8f2af7f
9927,test,run15|78e834d7cfb2321a25e98fb7
9928,train,run15|0e679495b0a89f5a41b93266
9929,test,run15|20619f99e73c4772fc31013e
9930,train,run15|7a93c97d52500c94a57c3ede
9931,test,run15|371197dda493feda02038eee
9932,train,run15|cdd2657f867bec044a4cc4e9
9933,train,run15|e183c5d2d1301519735f4f2c
9934,train,run15|02f0d7c9bf9b26811e8e8660
9935,train,run15|a5d2a18fc7a5051bd6dc46cf
9936,val,run15|cf897ab34cf0351c7b712a99
9937,train,run15|89911605db0a058cf941652e
9938,train,run15|6eaef30f772859ac585c711b
9939,train,run15|0f2de7f58d5c2f0c3a3c6db8
9940,train,run15|2704746581a4374e8e3a8085
9941,val,run15|89b77dca8a8269f8e07154b2
9942,val,run15|663ef6e7d39f521c3f3f4a6b
9943,train,run15|f47757a2175dd458d21058ef
9944,val,run15|97b3d0a2bf52a4637a45dd0d
9945,train,run15|2b05b12420daae36b216e0c1
9946,train,run15|996c3c1447758a6fb1fcfcec
9947,train,run15|8a7648e72d6903bc85586714
9948,val,run15|a51689469bc1ee777966f281
9949,test,run15|841c23d4050cbfd50c571dce
9950,train,run15|1565b851f05f3f58132183d4
9951,train,run15|6c773bacfd0f7209123ee380
9952,train,run15|ed2a60125d61224b5712f641
9953,train,run15|f46675ca63413dc9ec4bd282
9954,val,run15|cf9fc99aa1e93da66250c85c
9955,train,run15|261820b0979ca931824c0730
9956,train,run15|d2e6301dcf5c5bc39417ec40
9957,train,run15|e94da89f09c63c34a80f74f2
9958,train,run15|4676b2e3ab12941f04d3a804
9959,test,run15|c94d2e7524cbcb5e037ea06f
9960,test,run15|0ad9b94ea9109fe8732bffa2
9961,train,run15|6c858c9a0abe1f2831a7745b
9962,train,run15|aafc0fa507ac3292307fa423
9963,test,run15|a5374c75455fced2d5c0e753
9964,val,run15|f007eea53544a7f88303076c
9965,val,run15|64c111c1296b13b41b10f289
9966,val,run15|1e1e75ac9655b05655a976da
9967,test,run15|24b51aeb4b75bb5e2f446291
9968,test,run15|a3d59781611dd21d2e622b1c
9969,val,run15|0e1d3eadf4fa97177deba869
9970,test,run15|6bfa1a2904c6e241ffa5cb51
9971,train,run15|a7211c09340a2f2bea1a585f
9972,train,run15|cf1eaebd6ae474b76c42bac6
9973,train,run15|6272b2d689f741630b2bc234
9974,train,run15|b192970c89fdcce2f76b497e
9975,train,run15|27b9a41d6a63d13c55f31404
9976,train,run15|8c2b71af8828cb716fea63b6
9977,val,run15|811be37f73bb2b61c725d61d
9978,train,run15|3d9a1ea660e36f5c08292e17
9979,train,run15|3d8aa643b043f98e772ca29e
9980,test,run15|8dfb5a96e14ccc2708839408
9981,train,run15|1bad8c547e2e1f82a172d5e7
9982,train,run15|f2aab30cf6b0d860a7d2d01e
9983,train,run15|2d8c7aa460fafc0526a3df93
9984,val,run15|b31e5c178a05c3603e7e327c
9985,train,run15|c5eb65a70af72bb1c98e5bca
9986,train,run15|8eb916440306c0255785fde4
9987,test,run15|5b3483a0b000eb90fa6b8b25
9988,val,run15|ef198fbb3681d7379cc5dafb
9989,val,run15|ac906272b010be9041841bf4
9990,val,run15|8a6456d8d21ffc5b78ce640c
9991,train,run15|f4ae4fb48aabd4f49d232363
9992,train,run15|b421cb38278ba108b9032b4c
9993,train,run15|a1dc5dca1b8c2544d8f2af7f
9994,test,run15|78e834d7cfb2321a25e98fb7
9995,train,run15|0e679495b0a89f5a41b93266
9996,test,run15|20619f99e73c4772fc31013e
9997,train,run15|7a93c97d52500c94a57c3ede
9998,test,run15|371197dda493feda02038eee
9999,train,run15|cdd2657f867bec044a4cc4e9
10000,train,run15|e183c5d2d1301519735f4f2c
10001,train,run15|02f0d7c9bf9b26811e8e8660
10002,train,run15|a5d2a18fc7a5051bd6dc46cf
10003,val,run15|cf897ab34cf0351c7b712a99
10004,train,run15|89911605db0a058cf941652e
10005,train,run15|6eaef30f772859ac585c711b
10006,train,run15|0f2de7f58d5c2f0c3a3c6db8
10007,train,run15|2704746581a4374e8e3a8085
10008,val,run15|89b77dca8a8269f8e07154b2
10009,val,run15|663ef6e7d39f521c3f3f4a6b
10010,train,run15|f47757a2175dd458d21058ef
10011,val,run15|97b3d0a2bf52a4637a45dd0d
10012,train,run15|2b05b12420daae36b216e0c1
10013,val,run15|20fbbc0c0d4cd69e4acc0495
10014,train,run15|e5773887678e622aaab7de13
10015,val,run15|fabdc90f31b343ca985ada2a
10016,train,run16|d416723e04829a9077e86769
10017,train,run16|892ffde64dfa96f64f5fb159
10018,test,run16|fa6c482e714a8aa443d03dbc
10019,val,run16|6cadcbb141cce50c4b9fa418
10020,test,run16|10f6db0d051444c6b5d07579
10021,train,run16|e28710a9faf83f153439b224
10022,val,run16|60b36bb46a47195ecc4f2b8e
10023,test,run16|68f7a440912d8690e33f1c31
10024,train,run16|dcec26ace41301d104e912cb
10025,test,run16|5126462c5b42643b6bbaed68
10026,test,run16|2c9b374b095a003e5e0e45fe
10027,train,run16|6e3e0fa8eef98c991ae71fcf
10028,test,run16|08e5971be3be04a5c69222da
10029,test,run16|72d7b0d60ab911a423828fcf
10030,val,run16|6dd4853414a4ba8c6aaccf8b
10031,val,run16|70bf72cf804dd58bb71c163a
10032,val,run16|dc681fd60496f555bdf592a9
10033,test,run16|04e98d7369f41e8c1e1a38ac
10034,val,run16|6ad4e35d35a097c43bffb3fd
10035,val,run16|b37cc70c484ce8b8cb59182c
10036,val,run16|87a08fcbb974acbded9adb57
10037,train,run16|ae0c54fd0b62e9e80424ce29
10038,train,run16|052b46c5f5f02c9099670efc
10039,train,run16|c8afe6d176ad446db4e4f18d
10040,test,run16|f747ec85baee50eebd78a511
10041,train,run16|2f820dda0c7c4f23d246db43
10042,train,run16|048439a1419488e3ca5fff32
10043,train,run16|2b7b4ad7a93c592991197bad
10044,train,run16|b26c0bd07fc3ff6113fe9fef
10045,test,run16|d3e3fafa029304d6c4cfcc14
10046,val,run16|a0c16c19b3b7c612b5d3dfdf
10047,test,run16|94febe95147f506c01b39a0e
10048,train,run16|1d7e30f1ecb94b9100fa488c
10049,train,run16|dba2d5832ef9a7f34a2b3c48
10050,val,run16|62d3358ab997142c0e7f4483
10051,train,run16|48e4ee26c10abd8b4e78866f
10052,train,run16|c6f5dd0524930a95cec3ec39
10053,train,run16|7658c2a6e79a4c0b2e3e02bf
10054,train,run16|b3b9f1bb09c8294160f9e154
10055,train,run16|34b66ae8d11f96b3f0d8b74e
10056,val,run16|150cbb990de9b93f30286c5b
10057,test,run16|8f94d7faa86a63d7b4db5a4d
10058,val,run16|597684db3bb4c5547acd424f
10059,test,run16|fca32bbd7bbfedf6c616d162
10060,train,run16|9612ea3fc5288e01a6906071
10061,val,run16|9cc5ecd7f8c3e37253d60232
10062,val,run16|e1c5407c96f8fc33d057752e
10063,train,run16|3b8a4cf912a2bda843709ce9
10064,test,run16|e1e4f405e01493de31ca6517
10065,train,run16|da03f18c3a47b6af8e247b95
10066,train,run16|a8c286c9c36cc8869a3d7017
10067,train,run16|3b9f7f60c395a2c7c399a814
10068,test,run16|de74fab217f7b886d15132de
10069,train,run16|25de7645e728b10667d97246
10070,train,run16|b4eebadafacc07652c485b72
10071,val,run16|da1365611fe4e166381f7a3c
10072,val,run16|435fda3437dc53ea7c64daa7
10073,test,run16|e6b5dcec5edb54fcd6b2b7f4
10074,train,run16|a434aafeda96e9444ef88456
10075,test,run16|f3d1ba3cae4027f05ad02541
10076,train,run16|a0b893da7956b183be27aaee
10077,train,run16|e3782a157a45254a994e2c91
10078,val,run16|ed58f9310b9f055579a64c7b
10079,train,run16|60a3b81970caf2f0c850b232
10080,train,run16|985313148a76f9d94be66688
10081,train,run16|ce733bdcfadd9085b2d998df
10082,train,run16|5b3cdadadcf34627c324288c
10083,val,run16|1e6bed6c1a9f52ef19352ed8
10084,test,run16|874870eb973f85dca48535a5
10085,train,run16|da6a292627a05702cd8579af
10086,val,run16|bfe73c78777235b3d20fc80c
10087,val,run16|de14fc83bf68752c809da667
10088,train,run16|dc7fcc58ef59af9656e71518
10089,test,run16|8f8e4619d62d3c92547806a8
10090,train,run16|fd5fd30783baf65744670601
10091,train,run16|36d2800da73a4203a0822dbc
10092,train,run16|94915b101f59503d560f2eb0
10093,test,run16|b63887d34ff6fdb6056963b8
10094,train,run16|3192b2239866db8385f76509
10095,train,run16|d416723e04829a9077e86769
10096,train,run16|892ffde64dfa96f64f5fb159
10097,test,run16|fa6c482e714a8aa443d03dbc
10098,val,run16|6cadcbb141cce50c4b9fa418
10099,test,run16|10f6db0d051444c6b5d07579
10100,train,run16|e28710a9faf83f153439b224
10101,val,run16|60b36bb46a47195ecc4f2b8e
10102,test,run16|68f7a440912d8690e33f1c31
10103,train,run16|dcec26ace41301d104e912cb
10104,test,run16|5126462c5b42643b6bbaed68
10105,test,run16|2c9b374b095a003e5e0e45fe
10106,train,run16|6e3e0fa8eef98c991ae71fcf
10107,test,run16|08e5971be3be04a5c69222da
10108,test,run16|72d7b0d60ab911a423828fcf
10109,val,run16|6dd4853414a4ba8c6aaccf8b
10110,val,run16|70bf72cf804dd58bb71c163a
10111,val,run16|dc681fd60496f555bdf592a9
10112,test,run16|04e98d7369f41e8c1e1a38ac
10113,val,run16|6ad4e35d35a097c43bffb3fd
10114,val,run16|b37cc70c484ce8b8cb59182c
10115,val,run16|87a08fcbb974acbded9adb57
10116,train,run16|ae0c54fd0b62e9e80424ce29
10117,train,run16|052b46c5f5f02c9099670efc
10118,train,run16|c8afe6d176ad446db4e4f18d
10119,test,run16|f747ec85baee50eebd78a511
10120,train,run16|2f820dda0c7c4f23d246db43
10121,train,run16|048439a1419488e3ca5fff32
10122,train,run16|2b7b4ad7a93c592991197bad
10123,train,run16|b26c0bd07fc3ff6113fe9fef
10124,test,run16|d3e3fafa029304d6c4cfcc14
10125,val,run16|a0c16c19b3b7c612b5d3dfdf
10126,test,run16|94febe95147f506c01b39a0e
10127,train,run16|1d7e30f1ecb94b9100fa488c
10128,train,run16|dba2d5832ef9a7f34a2b3c48
10129,val,run16|62d3358ab997142c0e7f4483
10130,train,run16|48e4ee26c10abd8b4e78866f
10131,train,run16|c6f5dd0524930a95cec3ec39
10132,train,run16|7658c2a6e79a4c0b2e3e02bf
10133,train,run16|b3b9f1bb09c8294160f9e154
10134,train,run16|34b66ae8d11f96b3f0d8b74e
10135,val,run16|150cbb990de9b93f30286c5b
10136,test,run16|8f94d7faa86a63d7b4db5a4d
10137,val,run16|597684db3bb4c5547acd424f
10138,test,run16|fca32bbd7bbfedf6c616d162
10139,train,run16|9612ea3fc5288e01a6906071
10140,val,run16|9cc5ecd7f8c3e37253d60232
10141,val,run16|e1c5407c96f8fc33d057752e
10142,train,run16|3b8a4cf912a2bda843709ce9
10143,test,run16|e1e4f405e01493de31ca6517
10144,train,run16|da03f18c3a47b6af8e247b95
10145,train,run16|a8c286c9c36cc8869a3d7017
10146,train,run16|3b9f7f60c395a2c7c399a814
10147,test,run16|de74fab217f7b886d15132de
10148,train,run16|25de7645e728b10667d97246
10149,train,run16|b4eebadafacc07652c485b72
10150,val,run16|da1365611fe4e166381f7a3c
10151,val,run16|435fda3437dc53ea7c64daa7
10152,test,run16|e6b5dcec5edb54fcd6b2b7f4
10153,train,run16|a434aafeda96e9444ef88456
10154,test,run16|f3d1ba3cae4027f05ad02541
10155,train,run16|a0b893da7956b183be27aaee
10156,train,run16|e3782a157a45254a994e2c91
10157,val,run16|ed58f9310b9f055579a64c7b
10158,train,run16|d416723e04829a9077e86769
10159,train,run16|892ffde64dfa96f64f5fb159
10160,test,run16|fa6c482e714a8aa443d03dbc
10161,val,run16|6cadcbb141cce50c4b9fa418
10162,test,run16|10f6db0d051444c6b5d07579
10163,train,run16|e28710a9faf83f153439b224
10164,val,run16|60b36bb46a47195ecc4f2b8e
10165,test,run16|68f7a440912d8690e33f1c31
10166,train,run16|dcec26ace41301d104e912cb
10167,test,run16|5126462c5b42643b6bbaed68
10168,test,run16|2c9b374b095a003e5e0e45fe
10169,train,run16|6e3e0fa8eef98c991ae71fcf
10170,test,run16|08e5971be3be04a5c69222da
10171,test,run16|72d7b0d60ab911a423828fcf
10172,val,run16|6dd4853414a4ba8c6aaccf8b
10173,val,run16|70bf72cf804dd58bb71c163a
10174,val,run16|dc681fd60496f555bdf592a9
10175,test,run16|04e98d7369f41e8c1e1a38ac
10176,val,run16|6ad4e35d35a097c43bffb3fd
10177,val,run16|b37cc70c484ce8b8cb59182c
10178,val,run16|87a08fcbb974acbded9adb57
10179,train,run16|ae0c54fd0b62e9e80424ce29
10180,train,run16|052b46c5f5f02c9099670efc
10181,train,run16|c8afe6d176ad446db4e4f18d
10182,test,run16|f747ec85baee50eebd78a511
10183,train,run16|2f820dda0c7c4f23d246db43
10184,train,run16|048439a1419488e3ca5fff32
10185,train,run16|2b7b4ad7a93c592991197bad
10186,train,run16|b26c0bd07fc3ff6113fe9fef
10187,test,run16|d3e3fafa029304d6c4cfcc14
10188,val,run16|a0c16c19b3b7c612b5d3dfdf
10189,test,run16|94febe95147f506c01b39a0e
10190,train,run16|1d7e30f1ecb94b9100fa488c
10191,train,run16|dba2d5832ef9a7f34a2b3c48
10192,val,run16|62d3358ab997142c0e7f4483
10193,train,run16|48e4ee26c10abd8b4e78866f
10194,train,run16|c6f5dd0524930a95cec3ec39
10195,train,run16|7658c2a6e79a4c0b2e3e02bf
10196,train,run16|b3b9f1bb09c8294160f9e154
10197,train,run16|34b66ae8d11f96b3f0d8b74e
10198,val,run16|150cbb990de9b93f30286c5b
10199,test,run16|8f94d7faa86a63d7b4db5a4d
10200,val,run16|597684db3bb4c5547acd424f
10201,test,run16|fca32bbd7bbfedf6c616d162
10202,train,run16|9612ea3fc5288e01a6906071
10203,val,run16|9cc5ecd7f8c3e37253d60232
10204,val,run16|e1c5407c96f8fc33d057752e
10205,train,run16|3b8a4cf912a2bda843709ce9
10206,test,run16|e1e4f405e01493de31ca6517
10207,train,run16|da03f18c3a47b6af8e247b95
10208,train,run16|a8c286c9c36cc8869a3d7017
10209,train,run16|3b9f7f60c395a2c7c399a814
10210,test,run16|de74fab217f7b886d15132de
10211,train,run16|25de7645e728b10667d97246
10212,train,run16|b4eebadafacc07652c485b72
10213,val,run16|da1365611fe4e166381f7a3c
10214,val,run16|435fda3437dc53ea7c64daa7
10215,test,run16|e6b5dcec5edb54fcd6b2b7f4
10216,train,run16|a434aafeda96e9444ef88456
10217,test,run16|f3d1ba3cae4027f05ad02541
10218,train,run16|a0b893da7956b183be27aaee
10219,train,run16|e3782a157a45254a994e2c91
10220,val,run16|ed58f9310b9f055579a64c7b
10221,train,run16|d416723e04829a9077e86769
10222,train,run16|892ffde64dfa96f64f5fb159
10223,test,run16|fa6c482e714a8aa443d03dbc
10224,val,run16|6cadcbb141cce50c4b9fa418
10225,test,run16|10f6db0d051444c6b5d07579
10226,train,run16|e28710a9faf83f153439b224
10227,val,run16|60b36bb46a47195ecc4f2b8e
10228,test,run16|68f7a440912d8690e33f1c31
10229,train,run16|dcec26ace41301d104e912cb
10230,test,run16|5126462c5b42643b6bbaed68
10231,test,run16|2c9b374b095a003e5e0e45fe
10232,train,run16|6e3e0fa8eef98c991ae71fcf
10233,test,run16|08e5971be3be04a5c69222da
10234,test,run16|72d7b0d60ab911a423828fcf
10235,val,run16|6dd4853414a4ba8c6aaccf8b
10236,val,run16|70bf72cf804dd58bb71c163a
10237,val,run16|dc681fd60496f555bdf592a9
10238,test,run16|04e98d7369f41e8c1e1a38ac
10239,val,run16|6ad4e35d35a097c43bffb3fd
10240,val,run16|b37cc70c484ce8b8cb59182c
10241,val,run16|87a08fcbb974acbded9adb57
10242,train,run16|ae0c54fd0b62e9e80424ce29
10243,train,run16|052b46c5f5f02c9099670efc
10244,train,run16|c8afe6d176ad446db4e4f18d
10245,test,run16|f747ec85baee50eebd78a511
10246,train,run16|2f820dda0c7c4f23d246db43
10247,train,run16|048439a1419488e3ca5fff32
10248,train,run16|2b7b4ad7a93c592991197bad
10249,train,run16|b26c0bd07fc3ff6113fe9fef
10250,test,run16|d3e3fafa029304d6c4cfcc14
10251,val,run16|a0c16c19b3b7c612b5d3dfdf
10252,test,run16|94febe95147f506c01b39a0e
10253,train,run16|1d7e30f1ecb94b9100fa488c
10254,train,run16|dba2d5832ef9a7f34a2b3c48
10255,val,run16|62d3358ab997142c0e7f4483
10256,train,run16|48e4ee26c10abd8b4e78866f
10257,train,run16|c6f5dd0524930a95cec3ec39
10258,train,run16|7658c2a6e79a4c0b2e3e02bf
10259,train,run16|b3b9f1bb09c8294160f9e154
10260,train,run16|34b66ae8d11f96b3f0d8b74e
10261,val,run16|150cbb990de9b93f30286c5b
10262,test,run16|8f94d7faa86a63d7b4db5a4d
10263,val,run16|597684db3bb4c5547acd424f
10264,test,run16|fca32bbd7bbfedf6c616d162
10265,train,run16|9612ea3fc5288e01a6906071
10266,val,run16|9cc5ecd7f8c3e37253d60232
10267,val,run16|e1c5407c96f8fc33d057752e
10268,train,run16|3b8a4cf912a2bda843709ce9
10269,test,run16|e1e4f405e01493de31ca6517
10270,train,run16|da03f18c3a47b6af8e247b95
10271,train,run16|a8c286c9c36cc8869a3d7017
10272,train,run16|3b9f7f60c395a2c7c399a814
10273,test,run16|de74fab217f7b886d15132de
10274,train,run16|25de7645e728b10667d97246
10275,train,run16|b4eebadafacc07652c485b72
10276,val,run16|da1365611fe4e166381f7a3c
10277,val,run16|435fda3437dc53ea7c64daa7
10278,test,run16|e6b5dcec5edb54fcd6b2b7f4
10279,train,run16|a434aafeda96e9444ef88456
10280,test,run16|f3d1ba3cae4027f05ad02541
10281,train,run16|a0b893da7956b183be27aaee
10282,train,run16|e3782a157a45254a994e2c91
10283,val,run16|ed58f9310b9f055579a64c7b
10284,train,run16|d416723e04829a9077e86769
10285,train,run16|892ffde64dfa96f64f5fb159
10286,test,run16|fa6c482e714a8aa443d03dbc
10287,val,run16|6cadcbb141cce50c4b9fa418
10288,test,run16|10f6db0d051444c6b5d07579
10289,train,run16|e28710a9faf83f153439b224
10290,val,run16|60b36bb46a47195ecc4f2b8e
10291,test,run16|68f7a440912d8690e33f1c31
10292,train,run16|dcec26ace41301d104e912cb
10293,test,run16|5126462c5b42643b6bbaed68
10294,test,run16|2c9b374b095a003e5e0e45fe
10295,train,run16|6e3e0fa8eef98c991ae71fcf
10296,test,run16|08e5971be3be04a5c69222da
10297,test,run16|72d7b0d60ab911a423828fcf
10298,val,run16|6dd4853414a4ba8c6aaccf8b
10299,val,run16|70bf72cf804dd58bb71c163a
10300,val,run16|dc681fd60496f555bdf592a9
10301,test,run16|04e98d7369f41e8c1e1a38ac
10302,val,run16|6ad4e35d35a097c43bffb3fd
10303,val,run16|b37cc70c484ce8b8cb59182c
10304,val,run16|87a08fcbb974acbded9adb57
10305,train,run16|ae0c54fd0b62e9e80424ce29
10306,train,run16|052b46c5f5f02c9099670efc
10307,train,run16|c8afe6d176ad446db4e4f18d
10308,test,run16|f747ec85baee50eebd78a511
10309,train,run16|2f820dda0c7c4f23d246db43
10310,train,run16|048439a1419488e3ca5fff32
10311,train,run16|2b7b4ad7a93c592991197bad
10312,train,run16|b26c0bd07fc3ff6113fe9fef
10313,test,run16|d3e3fafa029304d6c4cfcc14
10314,val,run16|a0c16c19b3b7c612b5d3dfdf
10315,test,run16|94febe95147f506c01b39a0e
10316,train,run16|1d7e30f1ecb94b9100fa488c
10317,train,run16|dba2d5832ef9a7f34a2b3c48
10318,val,run16|62d3358ab997142c0e7f4483
10319,train,run16|48e4ee26c10abd8b4e78866f
10320,train,run16|c6f5dd0524930a95cec3ec39
10321,train,run16|7658c2a6e79a4c0b2e3e02bf
10322,train,run16|b3b9f1bb09c8294160f9e154
10323,train,run16|34b66ae8d11f96b3f0d8b74e
10324,val,run16|150cbb990de9b93f30286c5b
10325,test,run16|8f94d7faa86a63d7b4db5a4d
10326,val,run16|597684db3bb4c5547acd424f
10327,test,run16|fca32bbd7bbfedf6c616d162
10328,train,run16|9612ea3fc5288e01a6906071
10329,val,run16|9cc5ecd7f8c3e37253d60232
10330,val,run16|e1c5407c96f8fc33d057752e
10331,train,run16|3b8a4cf912a2bda843709ce9
10332,test,run16|e1e4f405e01493de31ca6517
10333,train,run16|da03f18c3a47b6af8e247b95
10334,train,run16|a8c286c9c36cc8869a3d7017
10335,train,run16|3b9f7f60c395a2c7c399a814
10336,test,run16|de74fab217f7b886d15132de
10337,train,run16|25de7645e728b10667d97246
10338,train,run16|b4eebadafacc07652c485b72
10339,val,run16|da1365611fe4e166381f7a3c
10340,val,run16|435fda3437dc53ea7c64daa7
10341,test,run16|e6b5dcec5edb54fcd6b2b7f4
10342,train,run16|a434aafeda96e9444ef88456
10343,test,run16|f3d1ba3cae4027f05ad02541
10344,train,run16|a0b893da7956b183be27aaee
10345,train,run16|e3782a157a45254a994e2c91
10346,val,run16|ed58f9310b9f055579a64c7b
10347,train,run16|d416723e04829a9077e86769
10348,train,run16|892ffde64dfa96f64f5fb159
10349,test,run16|fa6c482e714a8aa443d03dbc
10350,val,run16|6cadcbb141cce50c4b9fa418
10351,test,run16|10f6db0d051444c6b5d07579
10352,train,run16|e28710a9faf83f153439b224
10353,val,run16|60b36bb46a47195ecc4f2b8e
10354,test,run16|68f7a440912d8690e33f1c31
10355,train,run16|dcec26ace41301d104e912cb
10356,test,run16|5126462c5b42643b6bbaed68
10357,test,run16|2c9b374b095a003e5e0e45fe
10358,train,run16|6e3e0fa8eef98c991ae71fcf
10359,test,run16|08e5971be3be04a5c69222da
10360,test,run16|72d7b0d60ab911a423828fcf
10361,val,run16|6dd4853414a4ba8c6aaccf8b
10362,val,run16|70bf72cf804dd58bb71c163a
10363,val,run16|dc681fd60496f555bdf592a9
10364,test,run16|04e98d7369f41e8c1e1a38ac
10365,val,run16|6ad4e35d35a097c43bffb3fd
10366,val,run16|b37cc70c484ce8b8cb59182c
10367,val,run16|87a08fcbb974acbded9adb57
10368,train,run16|ae0c54fd0b62e9e80424ce29
10369,train,run16|052b46c5f5f02c9099670efc
10370,train,run16|c8afe6d176ad446db4e4f18d
10371,test,run16|f747ec85baee50eebd78a511
10372,train,run16|2f820dda0c7c4f23d246db43
10373,train,run16|048439a1419488e3ca5fff32
10374,train,run16|2b7b4ad7a93c592991197bad
10375,train,run16|b26c0bd07fc3ff6113fe9fef
10376,test,run16|d3e3fafa029304d6c4cfcc14
10377,val,run16|a0c16c19b3b7c612b5d3dfdf
10378,test,run16|94febe95147f506c01b39a0e
10379,train,run16|1d7e30f1ecb94b9100fa488c
10380,train,run16|dba2d5832ef9a7f34a2b3c48
10381,val,run16|62d3358ab997142c0e7f4483
10382,train,run16|48e4ee26c10abd8b4e78866f
10383,train,run16|c6f5dd0524930a95cec3ec39
10384,train,run16|7658c2a6e79a4c0b2e3e02bf
10385,train,run16|b3b9f1bb09c8294160f9e154
10386,train,run16|34b66ae8d11f96b3f0d8b74e
10387,val,run16|150cbb990de9b93f30286c5b
10388,test,run16|8f94d7faa86a63d7b4db5a4d
10389,val,run16|597684db3bb4c5547acd424f
10390,test,run16|fca32bbd7bbfedf6c616d162
10391,train,run16|9612ea3fc5288e01a6906071
10392,val,run16|9cc5ecd7f8c3e37253d60232
10393,val,run16|e1c5407c96f8fc33d057752e
10394,train,run16|3b8a4cf912a2bda843709ce9
10395,test,run16|e1e4f405e01493de31ca6517
10396,train,run16|da03f18c3a47b6af8e247b95
10397,train,run16|a8c286c9c36cc8869a3d7017
10398,train,run16|3b9f7f60c395a2c7c399a814
10399,test,run16|de74fab217f7b886d15132de
10400,train,run16|25de7645e728b10667d97246
10401,train,run16|b4eebadafacc07652c485b72
10402,val,run16|da1365611fe4e166381f7a3c
10403,val,run16|435fda3437dc53ea7c64daa7
10404,test,run16|e6b5dcec5edb54fcd6b2b7f4
10405,train,run16|a434aafeda96e9444ef88456
10406,test,run16|f3d1ba3cae4027f05ad02541
10407,train,run16|a0b893da7956b183be27aaee
10408,train,run16|e3782a157a45254a994e2c91
10409,val,run16|ed58f9310b9f055579a64c7b
10410,train,run16|d416723e04829a9077e86769
10411,train,run16|892ffde64dfa96f64f5fb159
10412,test,run16|fa6c482e714a8aa443d03dbc
10413,val,run16|6cadcbb141cce50c4b9fa418
10414,test,run16|10f6db0d051444c6b5d07579
10415,train,run16|e28710a9faf83f153439b224
10416,val,run16|60b36bb46a47195ecc4f2b8e
10417,test,run16|68f7a440912d8690e33f1c31
10418,train,run16|dcec26ace41301d104e912cb
10419,test,run16|5126462c5b42643b6bbaed68
10420,test,run16|2c9b374b095a003e5e0e45fe
10421,train,run16|6e3e0fa8eef98c991ae71fcf
10422,test,run16|08e5971be3be04a5c69222da
10423,test,run16|72d7b0d60ab911a423828fcf
10424,val,run16|6dd4853414a4ba8c6aaccf8b
10425,val,run16|70bf72cf804dd58bb71c163a
10426,val,run16|dc681fd60496f555bdf592a9
10427,test,run16|04e98d7369f41e8c1e1a38ac
10428,val,run16|6ad4e35d35a097c43bffb3fd
10429,val,run16|b37cc70c484ce8b8cb59182c
10430,val,run16|87a08fcbb974acbded9adb57
10431,train,run16|ae0c54fd0b62e9e80424ce29
10432,train,run16|052b46c5f5f02c9099670efc
10433,train,run16|c8afe6d176ad446db4e4f18d
10434,test,run16|f747ec85baee50eebd78a511
10435,train,run16|2f820dda0c7c4f23d246db43
10436,train,run16|048439a1419488e3ca5fff32
10437,train,run16|2b7b4ad7a93c592991197bad
10438,train,run16|b26c0bd07fc3ff6113fe9fef
10439,test,run16|d3e3fafa029304d6c4cfcc14
10440,val,run16|a0c16c19b3b7c612b5d3dfdf
10441,test,run16|94febe95147f506c01b39a0e
10442,train,run16|1d7e30f1ecb94b9100fa488c
10443,train,run16|dba2d5832ef9a7f34a2b3c48
10444,val,run16|62d3358ab997142c0e7f4483
10445,train,run16|48e4ee26c10abd8b4e78866f
10446,train,run16|c6f5dd0524930a95cec3ec39
10447,train,run16|7658c2a6e79a4c0b2e3e02bf
10448,train,run16|b3b9f1bb09c8294160f9e154
10449,train,run16|34b66ae8d11f96b3f0d8b74e
10450,val,run16|150cbb990de9b93f30286c5b
10451,test,run16|8f94d7faa86a63d7b4db5a4d
10452,val,run16|597684db3bb4c5547acd424f
10453,test,run16|fca32bbd7bbfedf6c616d162
10454,train,run16|9612ea3fc5288e01a6906071
10455,val,run16|9cc5ecd7f8c3e37253d60232
10456,val,run16|e1c5407c96f8fc33d057752e
10457,train,run16|3b8a4cf912a2bda843709ce9
10458,test,run16|e1e4f405e01493de31ca6517
10459,train,run16|da03f18c3a47b6af8e247b95
10460,train,run16|a8c286c9c36cc8869a3d7017
10461,train,run16|3b9f7f60c395a2c7c399a814
10462,test,run16|de74fab217f7b886d15132de
10463,train,run16|25de7645e728b10667d97246
10464,train,run16|b4eebadafacc07652c485b72
10465,val,run16|da1365611fe4e166381f7a3c
10466,val,run16|435fda3437dc53ea7c64daa7
10467,test,run16|e6b5dcec5edb54fcd6b2b7f4
10468,train,run16|a434aafeda96e9444ef88456
10469,test,run16|f3d1ba3cae4027f05ad02541
10470,train,run16|a0b893da7956b183be27aaee
10471,train,run16|e3782a157a45254a994e2c91
10472,val,run16|ed58f9310b9f055579a64c7b
10473,train,run16|d416723e04829a9077e86769
10474,train,run16|892ffde64dfa96f64f5fb159
10475,test,run16|fa6c482e714a8aa443d03dbc
10476,val,run16|6cadcbb141cce50c4b9fa418
10477,test,run16|10f6db0d051444c6b5d07579
10478,train,run16|e28710a9faf83f153439b224
10479,val,run16|60b36bb46a47195ecc4f2b8e
10480,test,run16|68f7a440912d8690e33f1c31
10481,train,run16|dcec26ace41301d104e912cb
10482,test,run16|5126462c5b42643b6bbaed68
10483,test,run16|2c9b374b095a003e5e0e45fe
10484,train,run16|6e3e0fa8eef98c991ae71fcf
10485,test,run16|08e5971be3be04a5c69222da
10486,test,run16|72d7b0d60ab911a423828fcf
10487,val,run16|6dd4853414a4ba8c6aaccf8b
10488,val,run16|70bf72cf804dd58bb71c163a
10489,val,run16|dc681fd60496f555bdf592a9
10490,test,run16|04e98d7369f41e8c1e1a38ac
10491,val,run16|6ad4e35d35a097c43bffb3fd
10492,val,run16|b37cc70c484ce8b8cb59182c
10493,val,run16|87a08fcbb974acbded9adb57
10494,train,run16|ae0c54fd0b62e9e80424ce29
10495,train,run16|052b46c5f5f02c9099670efc
10496,train,run16|c8afe6d176ad446db4e4f18d
10497,test,run16|f747ec85baee50eebd78a511
10498,train,run16|2f820dda0c7c4f23d246db43
10499,train,run16|048439a1419488e3ca5fff32
10500,train,run16|2b7b4ad7a93c592991197bad
10501,train,run16|b26c0bd07fc3ff6113fe9fef
10502,test,run16|d3e3fafa029304d6c4cfcc14
10503,val,run16|a0c16c19b3b7c612b5d3dfdf
10504,test,run16|94febe95147f506c01b39a0e
10505,train,run16|1d7e30f1ecb94b9100fa488c
10506,train,run16|dba2d5832ef9a7f34a2b3c48
10507,val,run16|62d3358ab997142c0e7f4483
10508,train,run16|48e4ee26c10abd8b4e78866f
10509,train,run16|c6f5dd0524930a95cec3ec39
10510,train,run16|7658c2a6e79a4c0b2e3e02bf
10511,train,run16|b3b9f1bb09c8294160f9e154
10512,train,run16|34b66ae8d11f96b3f0d8b74e
10513,val,run16|150cbb990de9b93f30286c5b
10514,test,run16|8f94d7faa86a63d7b4db5a4d
10515,val,run16|597684db3bb4c5547acd424f
10516,test,run16|fca32bbd7bbfedf6c616d162
10517,train,run16|9612ea3fc5288e01a6906071
10518,val,run16|9cc5ecd7f8c3e37253d60232
10519,val,run16|e1c5407c96f8fc33d057752e
10520,train,run16|3b8a4cf912a2bda843709ce9
10521,test,run16|e1e4f405e01493de31ca6517
10522,train,run16|da03f18c3a47b6af8e247b95
10523,train,run16|a8c286c9c36cc8869a3d7017
10524,train,run16|3b9f7f60c395a2c7c399a814
10525,test,run16|de74fab217f7b886d15132de
10526,train,run16|25de7645e728b10667d97246
10527,train,run16|b4eebadafacc07652c485b72
10528,val,run16|da1365611fe4e166381f7a3c
10529,val,run16|435fda3437dc53ea7c64daa7
10530,test,run16|e6b5dcec5edb54fcd6b2b7f4
10531,train,run16|a434aafeda96e9444ef88456
10532,test,run16|f3d1ba3cae4027f05ad02541
10533,train,run16|a0b893da7956b183be27aaee
10534,train,run16|e3782a157a45254a994e2c91
10535,val,run16|ed58f9310b9f055579a64c7b
10536,train,run16|d416723e04829a9077e86769
10537,train,run16|892ffde64dfa96f64f5fb159
10538,test,run16|fa6c482e714a8aa443d03dbc
10539,val,run16|6cadcbb141cce50c4b9fa418
10540,test,run16|10f6db0d051444c6b5d07579
10541,train,run16|e28710a9faf83f153439b224
10542,val,run16|60b36bb46a47195ecc4f2b8e
10543,test,run16|68f7a440912d8690e33f1c31
10544,train,run16|dcec26ace41301d104e912cb
10545,test,run16|5126462c5b42643b6bbaed68
10546,test,run16|2c9b374b095a003e5e0e45fe
10547,train,run16|6e3e0fa8eef98c991ae71fcf
10548,test,run16|08e5971be3be04a5c69222da
10549,test,run16|72d7b0d60ab911a423828fcf
10550,val,run16|6dd4853414a4ba8c6aaccf8b
10551,val,run16|70bf72cf804dd58bb71c163a
10552,val,run16|dc681fd60496f555bdf592a9
10553,test,run16|04e98d7369f41e8c1e1a38ac
10554,val,run16|6ad4e35d35a097c43bffb3fd
10555,val,run16|b37cc70c484ce8b8cb59182c
10556,val,run16|87a08fcbb974acbded9adb57
10557,train,run16|ae0c54fd0b62e9e80424ce29
10558,train,run16|052b46c5f5f02c9099670efc
10559,train,run16|c8afe6d176ad446db4e4f18d
10560,test,run16|f747ec85baee50eebd78a511
10561,train,run16|2f820dda0c7c4f23d246db43
10562,train,run16|048439a1419488e3ca5fff32
10563,train,run16|2b7b4ad7a93c592991197bad
10564,train,run16|b26c0bd07fc3ff6113fe9fef
10565,test,run16|d3e3fafa029304d6c4cfcc14
10566,val,run16|a0c16c19b3b7c612b5d3dfdf
10567,test,run16|94febe95147f506c01b39a0e
10568,train,run16|1d7e30f1ecb94b9100fa488c
10569,train,run16|dba2d5832ef9a7f34a2b3c48
10570,val,run16|62d3358ab997142c0e7f4483
10571,train,run16|48e4ee26c10abd8b4e78866f
10572,train,run16|c6f5dd0524930a95cec3ec39
10573,train,run16|7658c2a6e79a4c0b2e3e02bf
10574,train,run16|b3b9f1bb09c8294160f9e154
10575,train,run16|34b66ae8d11f96b3f0d8b74e
10576,val,run16|150cbb990de9b93f30286c5b
10577,test,run16|8f94d7faa86a63d7b4db5a4d
10578,val,run16|597684db3bb4c5547acd424f
10579,test,run16|fca32bbd7bbfedf6c616d162
10580,train,run16|9612ea3fc5288e01a6906071
10581,val,run16|9cc5ecd7f8c3e37253d60232
10582,val,run16|e1c5407c96f8fc33d057752e
10583,train,run16|3b8a4cf912a2bda843709ce9
10584,test,run16|e1e4f405e01493de31ca6517
10585,train,run16|da03f18c3a47b6af8e247b95
10586,train,run16|a8c286c9c36cc8869a3d7017
10587,train,run16|3b9f7f60c395a2c7c399a814
10588,test,run16|de74fab217f7b886d15132de
10589,train,run16|25de7645e728b10667d97246
10590,train,run16|b4eebadafacc07652c485b72
10591,val,run16|da1365611fe4e166381f7a3c
10592,val,run16|435fda3437dc53ea7c64daa7
10593,test,run16|e6b5dcec5edb54fcd6b2b7f4
10594,train,run16|a434aafeda96e9444ef88456
10595,test,run16|f3d1ba3cae4027f05ad02541
10596,train,run16|a0b893da7956b183be27aaee
10597,train,run16|e3782a157a45254a994e2c91
10598,val,run16|ed58f9310b9f055579a64c7b
10599,val,run16|de14fc83bf68752c809da667
10600,test,run16|8f8e4619d62d3c92547806a8
10601,train,run16|36d2800da73a4203a0822dbc
10602,train,run16|d416723e04829a9077e86769
10603,train,run16|892ffde64dfa96f64f5fb159
10604,test,run16|fa6c482e714a8aa443d03dbc
10605,val,run16|6cadcbb141cce50c4b9fa418
10606,test,run16|10f6db0d051444c6b5d07579
10607,train,run16|e28710a9faf83f153439b224
10608,val,run16|60b36bb46a47195ecc4f2b8e
10609,test,run16|68f7a440912d8690e33f1c31
10610,train,run16|dcec26ace41301d104e912cb
10611,test,run16|5126462c5b42643b6bbaed68
10612,test,run16|2c9b374b095a003e5e0e45fe
10613,train,run16|6e3e0fa8eef98c991ae71fcf
10614,test,run16|08e5971be3be04a5c69222da
10615,test,run16|72d7b0d60ab911a423828fcf
10616,val,run16|6dd4853414a4ba8c6aaccf8b
10617,val,run16|70bf72cf804dd58bb71c163a
10618,val,run16|dc681fd60496f555bdf592a9
10619,test,run16|04e98d7369f41e8c1e1a38ac
10620,val,run16|6ad4e35d35a097c43bffb3fd
10621,val,run16|b37cc70c484ce8b8cb59182c
10622,val,run16|87a08fcbb974acbded9adb57
10623,train,run16|ae0c54fd0b62e9e80424ce29
10624,train,run16|052b46c5f5f02c9099670efc
10625,train,run16|c8afe6d176ad446db4e4f18d
10626,test,run16|f747ec85baee50eebd78a511
10627,train,run16|2f820dda0c7c4f23d246db43
10628,train,run16|048439a1419488e3ca5fff32
10629,train,run16|2b7b4ad7a93c592991197bad
10630,train,run16|b26c0bd07fc3ff6113fe9fef
10631,test,run16|d3e3fafa029304d6c4cfcc14
10632,val,run16|a0c16c19b3b7c612b5d3dfdf
10633,test,run16|94febe95147f506c01b39a0e
10634,train,run16|1d7e30f1ecb94b9100fa488c
10635,train,run16|dba2d5832ef9a7f34a2b3c48
10636,val,run16|62d3358ab997142c0e7f4483
10637,train,run16|48e4ee26c10abd8b4e78866f
10638,train,run16|c6f5dd0524930a95cec3ec39
10639,train,run16|7658c2a6e79a4c0b2e3e02bf
10640,train,run16|b3b9f1bb09c8294160f9e154
10641,train,run16|34b66ae8d11f96b3f0d8b74e
10642,val,run16|150cbb990de9b93f30286c5b
10643,test,run16|8f94d7faa86a63d7b4db5a4d
10644,val,run16|597684db3bb4c5547acd424f
10645,test,run16|fca32bbd7bbfedf6c616d162
10646,train,run16|9612ea3fc5288e01a6906071
10647,val,run16|9cc5ecd7f8c3e37253d60232
10648,val,run16|e1c5407c96f8fc33d057752e
10649,train,run16|3b8a4cf912a2bda843709ce9
10650,test,run16|e1e4f405e01493de31ca6517
10651,train,run16|da03f18c3a47b6af8e247b95
10652,train,run16|a8c286c9c36cc8869a3d7017
10653,train,run16|3b9f7f60c395a2c7c399a814
10654,test,run16|de74fab217f7b886d15132de
10655,train,run16|25de7645e728b10667d97246
10656,train,run16|b4eebadafacc07652c485b72
10657,val,run16|da1365611fe4e166381f7a3c
10658,val,run16|435fda3437dc53ea7c64daa7
10659,test,run16|e6b5dcec5edb54fcd6b2b7f4
10660,train,run16|a434aafeda96e9444ef88456
10661,test,run16|f3d1ba3cae4027f05ad02541
10662,train,run16|a0b893da7956b183be27aaee
10663,train,run16|e3782a157a45254a994e2c91
10664,val,run16|ed58f9310b9f055579a64c7b
10665,train,run16|dc7fcc58ef59af9656e71518
10666,train,run16|94915b101f59503d560f2eb0
10667,test,run16|b63887d34ff6fdb6056963b8
10668,train,run16|d416723e04829a9077e86769
10669,train,run16|892ffde64dfa96f64f5fb159
10670,test,run16|fa6c482e714a8aa443d03dbc
10671,val,run16|6cadcbb141cce50c4b9fa418
10672,test,run16|10f6db0d051444c6b5d07579
10673,train,run16|e28710a9faf83f153439b224
10674,val,run16|60b36bb46a47195ecc4f2b8e
10675,test,run16|68f7a440912d8690e33f1c31
10676,train,run16|dcec26ace41301d104e912cb
10677,test,run16|5126462c5b42643b6bbaed68
10678,test,run16|2c9b374b095a003e5e0e45fe
10679,train,run16|6e3e0fa8eef98c991ae71fcf
10680,test,run16|08e5971be3be04a5c69222da
10681,test,run16|72d7b0d60ab911a423828fcf
10682,val,run16|6dd4853414a4ba8c6aaccf8b
10683,val,run16|70bf72cf804dd58bb71c163a
10684,val,run16|dc681fd60496f555bdf592a9
10685,test,run16|04e98d7369f41e8c1e1a38ac
10686,val,run16|6ad4e35d35a097c43bffb3fd
10687,val,run16|b37cc70c484ce8b8cb59182c
10688,val,run16|87a08fcbb974acbded9adb57
10689,train,run16|ae0c54fd0b62e9e80424ce29
10690,train,run16|052b46c5f5f02c9099670efc
10691,train,run16|c8afe6d176ad446db4e4f18d
10692,test,run16|f747ec85baee50eebd78a511
10693,train,run16|2f820dda0c7c4f23d246db43
10694,train,run16|048439a1419488e3ca5fff32
10695,train,run16|2b7b4ad7a93c592991197bad
10696,train,run16|b26c0bd07fc3ff6113fe9fef
10697,test,run16|d3e3fafa029304d6c4cfcc14
10698,val,run16|a0c16c19b3b7c612b5d3dfdf
10699,test,run16|94febe95147f506c01b39a0e
10700,train,run16|1d7e30f1ecb94b9100fa488c
10701,train,run16|dba2d5832ef9a7f34a2b3c48
10702,val,run16|62d3358ab997142c0e7f4483
10703,train,run16|48e4ee26c10abd8b4e78866f
10704,train,run16|c6f5dd0524930a95cec3ec39
10705,train,run16|7658c2a6e79a4c0b2e3e02bf
10706,train,run16|b3b9f1bb09c8294160f9e154
10707,train,run16|34b66ae8d11f96b3f0d8b74e
10708,val,run16|150cbb990de9b93f30286c5b
10709,test,run16|8f94d7faa86a63d7b4db5a4d
10710,val,run16|597684db3bb4c5547acd424f
10711,test,run16|fca32bbd7bbfedf6c616d162
10712,train,run16|9612ea3fc5288e01a6906071
10713,val,run16|9cc5ecd7f8c3e37253d60232
10714,val,run16|e1c5407c96f8fc33d057752e
10715,train,run16|3b8a4cf912a2bda843709ce9
10716,test,run16|e1e4f405e01493de31ca6517
10717,train,run16|da03f18c3a47b6af8e247b95
10718,train,run16|a8c286c9c36cc8869a3d7017
10719,train,run16|3b9f7f60c395a2c7c399a814
10720,test,run16|de74fab217f7b886d15132de
10721,train,run16|25de7645e728b10667d97246
10722,train,run16|b4eebadafacc07652c485b72
10723,val,run16|da1365611fe4e166381f7a3c
10724,val,run16|435fda3437dc53ea7c64daa7
10725,test,run16|e6b5dcec5edb54fcd6b2b7f4
10726,train,run16|a434aafeda96e9444ef88456
10727,test,run16|f3d1ba3cae4027f05ad02541
10728,train,run16|a0b893da7956b183be27aaee
10729,train,run16|e3782a157a45254a994e2c91
10730,val,run16|ed58f9310b9f055579a64c7b
10731,train,run16|fd5fd30783baf65744670601
10732,train,run16|3192b2239866db8385f76509
10733,val,run17|5c48cbb20eefc3a34eb1f948
10734,test,run17|eddf6c56f1fb1c893aa33945
10735,train,run17|c15c03b123a2a947dcd52fc7
10736,train,run17|6935611f1e49ec18f2394dd8
10737,train,run17|d69c78350fa1181da8fad509
10738,val,run17|9708eb135cf79d7f6258092c
10739,test,run17|b2a344f37e82529cdf7b013d
10740,val,run17|b1340da7adbca77343f2234f
10741,val,run17|94c1178f10ddead89d932c90
10742,test,run17|859a760a9c90b010331fea08
10743,test,run17|c6a8346f10725ce7831f8383
10744,train,run17|c4c7fa109b8b26c06a4a3bac
10745,train,run17|9cf2cad0f4200d680cf2530f
10746,test,run17|a0f97b903f583414aee5d475
10747,test,run17|33cfafbe80d1f1099f74a9d1
10748,val,run17|3a4e34e95c0a6259f7e7198f
10749,test,run17|c5c9fad013cce6f37eee2da2
10750,test,run17|438db687cb0d7f658260807d
10751,val,run17|193c60b41fbc55359ca8ebc3
10752,test,run17|9feeebaeca5aab0866f7f91e
10753,train,run17|3737f2bd94baa2ad643564a3
10754,train,run17|4098dd301a84b115f4dfe605
10755,test,run17|deefa661092e6c1f0c2de60b
10756,train,run17|f86f6f0c6f35d3d35b92a125
10757,train,run17|ba852ec86cf57ab75e64d1dd
10758,train,run17|98a8dc0f71ca2e0d8ff32c7f
10759,val,run17|83ab6ad42b4cd14e7d2ae0fc
10760,train,run17|b20c9491e02dd251df1e073f
10761,train,run17|8f37be10273a7477d2145868
10762,train,run17|3df16171135b3d285b623fd0
10763,val,run17|892a91c59bf38110cc5b0de3
10764,val,run17|19a933ba1793d3f1e08313bb
10765,train,run17|d0c68669a7c2f51a182f2d7b
10766,train,run17|30fc8385e96c74d26d24f1f2
10767,train,run17|3022103f493745504b190c72
10768,test,run17|6e85991b3bf8b35a2f3becfe
10769,train,run17|d76d22e9eb402b4f87bc97cc
10770,train,run17|c254020bc35d3f49475ac752
10771,train,run17|efcfb861f500cb8dd00c794d
10772,test,run17|bcb2680b5f5b3319e38f7c83
10773,val,run17|7cf5b87b1cbdccd2be350acf
10774,train,run17|5c162c853d5edad1902fbb5c
10775,train,run17|3c9fc3bb4f485eef97674483
10776,val,run17|4cc875eaef91a121bb851cb6
10777,val,run17|9f1ca41bf7dc1843d5f59c75
10778,train,run17|3ed76cbc275f41ae3f82527b
10779,train,run17|c2836983d9bf9c3f2e3d0c16
10780,test,run17|40dda5841445918e8d935c53
10781,test,run17|fa092ef09b650d990e5fcc8a
10782,train,run17|977cbf82d8c078c5cf3f52f5
10783,val,run17|7a81ae50595ce5c6b62c9241
10784,train,run17|a82f4b41914d0c6f720d8d3e
10785,train,run17|8a95829286c7cc26b8f3b1dc
10786,train,run17|76823123fc4125999bd25071
10787,test,run17|ed5e752b0efc59e9ce904f35
10788,train,run17|5135aee413e1a31a818d9195
10789,train,run17|d098aa4a015c93b76a20d80e
10790,train,run17|036d9f05124d1dcf9a01a999
10791,test,run17|fcef8f6abe74449b2cda7bcb
10792,train,run17|8910818f7ce91163f531dfe8
10793,train,run17|1a210fd423b2859d629b73e3
10794,train,run17|0a941f4ee640bf77715ec85e
10795,train,run17|f0a52daa5661766298d11418
10796,test,run17|f9cf3f8e5c23e06942254bba
10797,train,run17|c47d9632e4a15ab2d923a55a
10798,train,run17|45009c49c8195da377d4857c
10799,train,run17|45c04eeb244166dc23c060a3
10800,train,run17|db13e7656133cbe8639546ab
10801,test,run17|5e34a962250de13bc186ee07
10802,train,run17|238f525c060193fed5901c91
10803,train,run17|f226086eadff9ec72b8f1a3f
10804,train,run17|c1c12531579929bdb583a356
10805,train,run17|1ac715e9ddda09a02ff0b640
10806,val,run17|143eb3c9f3f8e39c449008a8
10807,test,run17|f8c0380eef073782933095cd
10808,train,run17|a8a92f5d77689b2bbeca0809
10809,train,run17|fb7b769cb3192ccd067944ad
10810,test,run17|31c4f240a614188758a16a72
10811,train,run17|15f5f539fe3c7141f1e46b66
10812,val,run17|5c48cbb20eefc3a34eb1f948
10813,test,run17|eddf6c56f1fb1c893aa33945
10814,train,run17|c15c03b123a2a947dcd52fc7
10815,train,run17|6935611f1e49ec18f2394dd8
10816,train,run17|d69c78350fa1181da8fad509
10817,val,run17|9708eb135cf79d7f6258092c
10818,test,run17|b2a344f37e82529cdf7b013d
10819,val,run17|b1340da7adbca77343f2234f
10820,val,run17|94c1178f10ddead89d932c90
10821,test,run17|859a760a9c90b010331fea08
10822,test,run17|c6a8346f10725ce7831f8383
10823,train,run17|c4c7fa109b8b26c06a4a3bac
10824,train,run17|9cf2cad0f4200d680cf2530f
10825,test,run17|a0f97b903f583414aee5d475
10826,test,run17|33cfafbe80d1f1099f74a9d1
10827,val,run17|3a4e34e95c0a6259f7e7198f
10828,test,run17|c5c9fad013cce6f37eee2da2
10829,test,run17|438db687cb0d7f658260807d
10830,val,run17|193c60b41fbc55359ca8ebc3
10831,test,run17|9feeebaeca5aab0866f7f91e
10832,train,run17|3737f2bd94baa2ad643564a3
10833,train,run17|4098dd301a84b115f4dfe605
10834,test,run17|deefa661092e6c1f0c2de60b
10835,train,run17|f86f6f0c6f35d3d35b92a125
10836,train,run17|ba852ec86cf57ab75e64d1dd
10837,train,run17|98a8dc0f71ca2e0d8ff32c7f
10838,val,run17|83ab6ad42b4cd14e7d2ae0fc
10839,train,run17|b20c9491e02dd251df1e073f
10840,train,run17|8f37be10273a7477d2145868
10841,train,run17|3df16171135b3d285b623fd0
10842,val,run17|892a91c59bf38110cc5b0de3
10843,val,run17|19a933ba1793d3f1e08313bb
10844,train,run17|d0c68669a7c2f51a182f2d7b
10845,train,run17|30fc8385e96c74d26d24f1f2
10846,train,run17|3022103f493745504b190c72
10847,test,run17|6e85991b3bf8b35a2f3becfe
10848,train,run17|d76d22e9eb402b4f87bc97cc
10849,train,run17|c254020bc35d3f49475ac752
10850,train,run17|efcfb861f500cb8dd00c794d
10851,test,run17|bcb2680b5f5b3319e38f7c83
10852,val,run17|7cf5b87b1cbdccd2be350acf
10853,train,run17|5c162c853d5edad1902fbb5c
10854,train,run17|3c9fc3bb4f485eef97674483
10855,val,run17|4cc875eaef91a121bb851cb6
10856,val,run17|9f1ca41bf7dc1843d5f59c75
10857,train,run17|3ed76cbc275f41ae3f82527b
10858,train,run17|c2836983d9bf9c3f2e3d0c16
10859,test,run17|40dda5841445918e8d935c53
10860,test,run17|fa092ef09b650d990e5fcc8a
10861,train,run17|977cbf82d8c078c5cf3f52f5
10862,val,run17|7a81ae50595ce5c6b62c9241
10863,train,run17|a82f4b41914d0c6f720d8d3e
10864,train,run17|8a95829286c7cc26b8f3b1dc
10865,train,run17|76823123fc4125999bd25071
10866,test,run17|ed5e752b0efc59e9ce904f35
10867,train,run17|5135aee413e1a31a818d9195
10868,train,run17|d098aa4a015c93b76a20d80e
10869,train,run17|036d9f05124d1dcf9a01a999
10870,test,run17|fcef8f6abe74449b2cda7bcb
10871,train,run17|8910818f7ce91163f531dfe8
10872,train,run17|1a210fd423b2859d629b73e3
10873,train,run17|0a941f4ee640bf77715ec85e
10874,train,run17|f0a52daa5661766298d11418
10875,val,run17|5c48cbb20eefc3a34eb1f948
10876,test,run17|eddf6c56f1fb1c893aa33945
10877,train,run17|c15c03b123a2a947dcd52fc7
10878,train,run17|6935611f1e49ec18f2394dd8
10879,train,run17|d69c78350fa1181da8fad509
10880,val,run17|9708eb135cf79d7f6258092c
10881,test,run17|b2a344f37e82529cdf7b013d
10882,val,run17|b1340da7adbca77343f2234f
10883,val,run17|94c1178f10ddead89d932c90
10884,test,run17|859a760a9c90b010331fea08
10885,test,run17|c6a8346f10725ce7831f8383
10886,train,run17|c4c7fa109b8b26c06a4a3bac
10887,train,run17|9cf2cad0f4200d680cf2530f
10888,test,run17|a0f97b903f583414aee5d475
10889,test,run17|33cfafbe80d1f1099f74a9d1
10890,val,run17|3a4e34e95c0a6259f7e7198f
10891,test,run17|c5c9fad013cce6f37eee2da2
10892,test,run17|438db687cb0d7f658260807d
10893,val,run17|193c60b41fbc55359ca8ebc3
10894,test,run17|9feeebaeca5aab0866f7f91e
10895,train,run17|3737f2bd94baa2ad643564a3
10896,train,run17|4098dd301a84b115f4dfe605
10897,test,run17|deefa661092e6c1f0c2de60b
10898,train,run17|f86f6f0c6f35d3d35b92a125
10899,train,run17|ba852ec86cf57ab75e64d1dd
10900,train,run17|98a8dc0f71ca2e0d8ff32c7f
10901,val,run17|83ab6ad42b4cd14e7d2ae0fc
10902,train,run17|b20c9491e02dd251df1e073f
10903,train,run17|8f37be10273a7477d2145868
10904,train,run17|3df16171135b3d285b623fd0
10905,val,run17|892a91c59bf38110cc5b0de3
10906,val,run17|19a933ba1793d3f1e08313bb
10907,train,run17|d0c68669a7c2f51a182f2d7b
10908,train,run17|30fc8385e96c74d26d24f1f2
10909,train,run17|3022103f493745504b190c72
10910,test,run17|6e85991b3bf8b35a2f3becfe
10911,train,run17|d76d22e9eb402b4f87bc97cc
10912,train,run17|c254020bc35d3f49475ac752
10913,train,run17|efcfb861f500cb8dd00c794d
10914,test,run17|bcb2680b5f5b3319e38f7c83
10915,val,run17|7cf5b87b1cbdccd2be350acf
10916,train,run17|5c162c853d5edad1902fbb5c
10917,train,run17|3c9fc3bb4f485eef97674483
10918,val,run17|4cc875eaef91a121bb851cb6
10919,val,run17|9f1ca41bf7dc1843d5f59c75
10920,train,run17|3ed76cbc275f41ae3f82527b
10921,train,run17|c2836983d9bf9c3f2e3d0c16
10922,test,run17|40dda5841445918e8d935c53
10923,test,run17|fa092ef09b650d990e5fcc8a
10924,train,run17|977cbf82d8c078c5cf3f52f5
10925,val,run17|7a81ae50595ce5c6b62c9241
10926,train,run17|a82f4b41914d0c6f720d8d3e
10927,train,run17|8a95829286c7cc26b8f3b1dc
10928,train,run17|76823123fc4125999bd25071
10929,test,run17|ed5e752b0efc59e9ce904f35
10930,train,run17|5135aee413e1a31a818d9195
10931,train,run17|d098aa4a015c93b76a20d80e
10932,train,run17|036d9f05124d1dcf9a01a999
10933,test,run17|fcef8f6abe74449b2cda7bcb
10934,train,run17|8910818f7ce91163f531dfe8
10935,train,run17|1a210fd423b2859d629b73e3
10936,train,run17|0a941f4ee640bf77715ec85e
10937,train,run17|f0a52daa5661766298d11418
10938,val,run17|5c48cbb20eefc3a34eb1f948
10939,test,run17|eddf6c56f1fb1c893aa33945
10940,train,run17|c15c03b123a2a947dcd52fc7
10941,train,run17|6935611f1e49ec18f2394dd8
10942,train,run17|d69c78350fa1181da8fad509
10943,val,run17|9708eb135cf79d7f6258092c
10944,test,run17|b2a344f37e82529cdf7b013d
10945,val,run17|b1340da7adbca77343f2234f
10946,val,run17|94c1178f10ddead89d932c90
10947,test,run17|859a760a9c90b010331fea08
10948,test,run17|c6a8346f10725ce7831f8383
10949,train,run17|c4c7fa109b8b26c06a4a3bac
10950,train,run17|9cf2cad0f4200d680cf2530f
10951,test,run17|a0f97b903f583414aee5d475
10952,test,run17|33cfafbe80d1f1099f74a9d1
10953,val,run17|3a4e34e95c0a6259f7e7198f
10954,test,run17|c5c9fad013cce6f37eee2da2
10955,test,run17|438db687cb0d7f658260807d
10956,val,run17|193c60b41fbc55359ca8ebc3
10957,test,run17|9feeebaeca5aab0866f7f91e
10958,train,run17|3737f2bd94baa2ad643564a3
10959,train,run17|4098dd301a84b115f4dfe605
10960,test,run17|deefa661092e6c1f0c2de60b
10961,train,run17|f86f6f0c6f35d3d35b92a125
10962,train,run17|ba852ec86cf57ab75e64d1dd
10963,train,run17|98a8dc0f71ca2e0d8ff32c7f
10964,val,run17|83ab6ad42b4cd14e7d2ae0fc
10965,train,run17|b20c9491e02dd251df1e073f
10966,train,run17|8f37be10273a7477d2145868
10967,train,run17|3df16171135b3d285b623fd0
10968,val,run17|892a91c59bf38110cc5b0de3
10969,val,run17|19a933ba1793d3f1e08313bb
10970,train,run17|d0c68669a7c2f51a182f2d7b
10971,train,run17|30fc8385e96c74d26d24f1f2
10972,train,run17|3022103f493745504b190c72
10973,test,run17|6e85991b3bf8b35a2f3becfe
10974,train,run17|d76d22e9eb402b4f87bc97cc
10975,train,run17|c254020bc35d3f49475ac752
10976,train,run17|efcfb861f500cb8dd00c794d
10977,test,run17|bcb2680b5f5b3319e38f7c83
10978,val,run17|7cf5b87b1cbdccd2be350acf
10979,train,run17|5c162c853d5edad1902fbb5c
10980,train,run17|3c9fc3bb4f485eef97674483
10981,val,run17|4cc875eaef91a121bb851cb6
10982,val,run17|9f1ca41bf7dc1843d5f59c75
10983,train,run17|3ed76cbc275f41ae3f82527b
10984,train,run17|c2836983d9bf9c3f2e3d0c16
10985,test,run17|40dda5841445918e8d935c53
10986,test,run17|fa092ef09b650d990e5fcc8a
10987,train,run17|977cbf82d8c078c5cf3f52f5
10988,val,run17|7a81ae50595ce5c6b62c9241
10989,train,run17|a82f4b41914d0c6f720d8d3e
10990,train,run17|8a95829286c7cc26b8f3b1dc
10991,train,run17|76823123fc4125999bd25071
10992,test,run17|ed5e752b0efc59e9ce904f35
10993,train,run17|5135aee413e1a31a818d9195
10994,train,run17|d098aa4a015c93b76a20d80e
10995,train,run17|036d9f05124d1dcf9a01a999
10996,test,run17|fcef8f6abe74449b2cda7bcb
10997,train,run17|8910818f7ce91163f531dfe8
10998,train,run17|1a210fd423b2859d629b73e3
10999,train,run17|0a941f4ee640bf77715ec85e
11000,train,run17|f0a52daa5661766298d11418
11001,val,run17|5c48cbb20eefc3a34eb1f948
11002,test,run17|eddf6c56f1fb1c893aa33945
11003,train,run17|c15c03b123a2a947dcd52fc7
11004,train,run17|6935611f1e49ec18f2394dd8
11005,train,run17|d69c78350fa1181da8fad509
11006,val,run17|9708eb135cf79d7f6258092c
11007,test,run17|b2a344f37e82529cdf7b013d
11008,val,run17|b1340da7adbca77343f2234f
11009,val,run17|94c1178f10ddead89d932c90
11010,test,run17|859a760a9c90b010331fea08
11011,test,run17|c6a8346f10725ce7831f8383
11012,train,run17|c4c7fa109b8b26c06a4a3bac
11013,train,run17|9cf2cad0f4200d680cf2530f
11014,test,run17|a0f97b903f583414aee5d475
11015,test,run17|33cfafbe80d1f1099f74a9d1
11016,val,run17|3a4e34e95c0a6259f7e7198f
11017,test,run17|c5c9fad013cce6f37eee2da2
11018,test,run17|438db687cb0d7f658260807d
11019,val,run17|193c60b41fbc55359ca8ebc3
11020,test,run17|9feeebaeca5aab0866f7f91e
11021,train,run17|3737f2bd94baa2ad643564a3
11022,train,run17|4098dd301a84b115f4dfe605
11023,test,run17|deefa661092e6c1f0c2de60b
11024,train,run17|f86f6f0c6f35d3d35b92a125
11025,train,run17|ba852ec86cf57ab75e64d1dd
11026,train,run17|98a8dc0f71ca2e0d8ff32c7f
11027,val,run17|83ab6ad42b4cd14e7d2ae0fc
11028,train,run17|b20c9491e02dd251df1e073f
11029,train,run17|8f37be10273a7477d2145868
11030,train,run17|3df16171135b3d285b623fd0
11031,val,run17|892a91c59bf38110cc5b0de3
11032,val,run17|19a933ba1793d3f1e08313bb
11033,train,run17|d0c68669a7c2f51a182f2d7b
11034,train,run17|30fc8385e96c74d26d24f1f2
11035,train,run17|3022103f493745504b190c72
11036,test,run17|6e85991b3bf8b35a2f3becfe
11037,train,run17|d76d22e9eb402b4f87bc97cc
11038,train,run17|c254020bc35d3f49475ac752
11039,train,run17|efcfb861f500cb8dd00c794d
11040,test,run17|bcb2680b5f5b3319e38f7c83
11041,val,run17|7cf5b87b1cbdccd2be350acf
11042,train,run17|5c162c853d5edad1902fbb5c
11043,train,run17|3c9fc3bb4f485eef97674483
11044,val,run17|4cc875eaef91a121bb851cb6
11045,val,run17|9f1ca41bf7dc1843d5f59c75
11046,train,run17|3ed76cbc275f41ae3f82527b
11047,train,run17|c2836983d9bf9c3f2e3d0c16
11048,test,run17|40dda5841445918e8d935c53
11049,test,run17|fa092ef09b650d990e5fcc8a
11050,train,run17|977cbf82d8c078c5cf3f52f5
11051,val,run17|7a81ae50595ce5c6b62c9241
11052,train,run17|a82f4b41914d0c6f720d8d3e
11053,train,run17|8a95829286c7cc26b8f3b1dc
11054,train,run17|76823123fc4125999bd25071
11055,test,run17|ed5e752b0efc59e9ce904f35
11056,train,run17|5135aee413e1a31a818d9195
11057,train,run17|d098aa4a015c93b76a20d80e
11058,train,run17|036d9f05124d1dcf9a01a999
11059,test,run17|fcef8f6abe74449b2cda7bcb
11060,train,run17|8910818f7ce91163f531dfe8
11061,train,run17|1a210fd423b2859d629b73e3
11062,train,run17|0a941f4ee640bf77715ec85e
11063,train,run17|f0a52daa5661766298d11418
11064,val,run17|5c48cbb20eefc3a34eb1f948
11065,test,run17|eddf6c56f1fb1c893aa33945
11066,train,run17|c15c03b123a2a947dcd52fc7
11067,train,run17|6935611f1e49ec18f2394dd8
11068,train,run17|d69c78350fa1181da8fad509
11069,val,run17|9708eb135cf79d7f6258092c
11070,test,run17|b2a344f37e82529cdf7b013d
11071,val,run17|b1340da7adbca77343f2234f
11072,val,run17|94c1178f10ddead89d932c90
11073,test,run17|859a760a9c90b010331fea08
11074,test,run17|c6a8346f10725ce7831f8383
11075,train,run17|c4c7fa109b8b26c06a4a3bac
11076,train,run17|9cf2cad0f4200d680cf2530f
11077,test,run17|a0f97b903f583414aee5d475
11078,test,run17|33cfafbe80d1f1099f74a9d1
11079,val,run17|3a4e34e95c0a6259f7e7198f
11080,test,run17|c5c9fad013cce6f37eee2da2
11081,test,run17|438db687cb0d7f658260807d
11082,val,run17|193c60b41fbc55359ca8ebc3
11083,test,run17|9feeebaeca5aab0866f7f91e
11084,train,run17|3737f2bd94baa2ad643564a3
11085,train,run17|4098dd301a84b115f4dfe605
11086,test,run17|deefa661092e6c1f0c2de60b
11087,train,run17|f86f6f0c6f35d3d35b92a125
11088,train,run17|ba852ec86cf57ab75e64d1dd
11089,train,run17|98a8dc0f71ca2e0d8ff32c7f
11090,val,run17|83ab6ad42b4cd14e7d2ae0fc
11091,train,run17|b20c9491e02dd251df1e073f
11092,train,run17|8f37be10273a7477d2145868
11093,train,run17|3df16171135b3d285b623fd0
11094,val,run17|892a91c59bf38110cc5b0de3
11095,val,run17|19a933ba1793d3f1e08313bb
11096,train,run17|d0c68669a7c2f51a182f2d7b
11097,train,run17|30fc8385e96c74d26d24f1f2
11098,train,run17|3022103f493745504b190c72
11099,test,run17|6e85991b3bf8b35a2f3becfe
11100,train,run17|d76d22e9eb402b4f87bc97cc
11101,train,run17|c254020bc35d3f49475ac752
11102,train,run17|efcfb861f500cb8dd00c794d
11103,test,run17|bcb2680b5f5b3319e38f7c83
11104,val,run17|7cf5b87b1cbdccd2be350acf
11105,train,run17|5c162c853d5edad1902fbb5c
11106,train,run17|3c9fc3bb4f485eef97674483
11107,val,run17|4cc875eaef91a121bb851cb6
11108,val,run17|9f1ca41bf7dc1843d5f59c75
11109,train,run17|3ed76cbc275f41ae3f82527b
11110,train,run17|c2836983d9bf9c3f2e3d0c16
11111,test,run17|40dda5841445918e8d935c53
11112,test,run17|fa092ef09b650d990e5fcc8a
11113,train,run17|977cbf82d8c078c5cf3f52f5
11114,val,run17|7a81ae50595ce5c6b62c9241
11115,train,run17|a82f4b41914d0c6f720d8d3e
11116,train,run17|8a95829286c7cc26b8f3b1dc
11117,train,run17|76823123fc4125999bd25071
11118,test,run17|ed5e752b0efc59e9ce904f35
11119,train,run17|5135aee413e1a31a818d9195
11120,train,run17|d098aa4a015c93b76a20d80e
11121,train,run17|036d9f05124d1dcf9a01a999
11122,test,run17|fcef8f6abe74449b2cda7bcb
11123,train,run17|8910818f7ce91163f531dfe8
11124,train,run17|1a210fd423b2859d629b73e3
11125,train,run17|0a941f4ee640bf77715ec85e
11126,train,run17|f0a52daa5661766298d11418
11127,val,run17|5c48cbb20eefc3a34eb1f948
11128,test,run17|eddf6c56f1fb1c893aa33945
11129,train,run17|c15c03b123a2a947dcd52fc7
11130,train,run17|6935611f1e49ec18f2394dd8
11131,train,run17|d69c78350fa1181da8fad509
11132,val,run17|9708eb135cf79d7f6258092c
11133,test,run17|b2a344f37e82529cdf7b013d
11134,val,run17|b1340da7adbca77343f2234f
11135,val,run17|94c1178f10ddead89d932c90
11136,test,run17|859a760a9c90b010331fea08
11137,test,run17|c6a8346f10725ce7831f8383
11138,train,run17|c4c7fa109b8b26c06a4a3bac
11139,train,run17|9cf2cad0f4200d680cf2530f
11140,test,run17|a0f97b903f583414aee5d475
11141,test,run17|33cfafbe80d1f1099f74a9d1
11142,val,run17|3a4e34e95c0a6259f7e7198f
11143,test,run17|c5c9fad013cce6f37eee2da2
11144,test,run17|438db687cb0d7f658260807d
11145,val,run17|193c60b41fbc55359ca8ebc3
11146,test,run17|9feeebaeca5aab0866f7f91e
11147,train,run17|3737f2bd94baa2ad643564a3
11148,train,run17|4098dd301a84b115f4dfe605
11149,test,run17|deefa661092e6c1f0c2de60b
11150,train,run17|f86f6f0c6f35d3d35b92a125
11151,train,run17|ba852ec86cf57ab75e64d1dd
11152,train,run17|98a8dc0f71ca2e0d8ff32c7f
11153,val,run17|83ab6ad42b4cd14e7d2ae0fc
11154,train,run17|b20c9491e02dd251df1e073f
11155,train,run17|8f37be10273a7477d2145868
11156,train,run17|3df16171135b3d285b623fd0
11157,val,run17|892a91c59bf38110cc5b0de3
11158,val,run17|19a933ba1793d3f1e08313bb
11159,train,run17|d0c68669a7c2f51a182f2d7b
11160,train,run17|30fc8385e96c74d26d24f1f2
11161,train,run17|3022103f493745504b190c72
11162,test,run17|6e85991b3bf8b35a2f3becfe
11163,train,run17|d76d22e9eb402b4f87bc97cc
11164,train,run17|c254020bc35d3f49475ac752
11165,train,run17|efcfb861f500cb8dd00c794d
11166,test,run17|bcb2680b5f5b3319e38f7c83
11167,val,run17|7cf5b87b1cbdccd2be350acf
11168,train,run17|5c162c853d5edad1902fbb5c
11169,train,run17|3c9fc3bb4f485eef97674483
11170,val,run17|4cc875eaef91a121bb851cb6
11171,val,run17|9f1ca41bf7dc1843d5f59c75
11172,train,run17|3ed76cbc275f41ae3f82527b
11173,train,run17|c2836983d9bf9c3f2e3d0c16
11174,test,run17|40dda5841445918e8d935c53
11175,test,run17|fa092ef09b650d990e5fcc8a
11176,train,run17|977cbf82d8c078c5cf3f52f5
11177,val,run17|7a81ae50595ce5c6b62c9241
11178,train,run17|a82f4b41914d0c6f720d8d3e
11179,train,run17|8a95829286c7cc26b8f3b1dc
11180,train,run17|76823123fc4125999bd25071
11181,test,run17|ed5e752b0efc59e9ce904f35
11182,train,run17|5135aee413e1a31a818d9195
11183,train,run17|d098aa4a015c93b76a20d80e
11184,train,run17|036d9f05124d1dcf9a01a999
11185,test,run17|fcef8f6abe74449b2cda7bcb
11186,train,run17|8910818f7ce91163f531dfe8
11187,train,run17|1a210fd423b2859d629b73e3
11188,train,run17|0a941f4ee640bf77715ec85e
11189,train,run17|f0a52daa5661766298d11418
11190,val,run17|5c48cbb20eefc3a34eb1f948
11191,test,run17|eddf6c56f1fb1c893aa33945
11192,train,run17|c15c03b123a2a947dcd52fc7
11193,train,run17|6935611f1e49ec18f2394dd8
11194,train,run17|d69c78350fa1181da8fad509
11195,val,run17|9708eb135cf79d7f6258092c
11196,test,run17|b2a344f37e82529cdf7b013d
11197,val,run17|b1340da7adbca77343f2234f
11198,val,run17|94c1178f10ddead89d932c90
11199,test,run17|859a760a9c90b010331fea08
11200,test,run17|c6a8346f10725ce7831f8383
11201,train,run17|c4c7fa109b8b26c06a4a3bac
11202,train,run17|9cf2cad0f4200d680cf2530f
11203,test,run17|a0f97b903f583414aee5d475
11204,test,run17|33cfafbe80d1f1099f74a9d1
11205,val,run17|3a4e34e95c0a6259f7e7198f
11206,test,run17|c5c9fad013cce6f37eee2da2
11207,test,run17|438db687cb0d7f658260807d
11208,val,run17|193c60b41fbc55359ca8ebc3
11209,test,run17|9feeebaeca5aab0866f7f91e
11210,train,run17|3737f2bd94baa2ad643564a3
11211,train,run17|4098dd301a84b115f4dfe605
11212,test,run17|deefa661092e6c1f0c2de60b
11213,train,run17|f86f6f0c6f35d3d35b92a125
11214,train,run17|ba852ec86cf57ab75e64d1dd
11215,train,run17|98a8dc0f71ca2e0d8ff32c7f
11216,val,run17|83ab6ad42b4cd14e7d2ae0fc
11217,train,run17|b20c9491e02dd251df1e073f
11218,train,run17|8f37be10273a7477d2145868
11219,train,run17|3df16171135b3d285b623fd0
11220,val,run17|892a91c59bf38110cc5b0de3
11221,val,run17|19a933ba1793d3f1e08313bb
11222,train,run17|d0c68669a7c2f51a182f2d7b
11223,train,run17|30fc8385e96c74d26d24f1f2
11224,train,run17|3022103f493745504b190c72
11225,test,run17|6e85991b3bf8b35a2f3becfe
11226,train,run17|d76d22e9eb402b4f87bc97cc
11227,train,run17|c254020bc35d3f49475ac752
11228,train,run17|efcfb861f500cb8dd00c794d
11229,test,run17|bcb2680b5f5b3319e38f7c83
11230,val,run17|7cf5b87b1cbdccd2be350acf
11231,train,run17|5c162c853d5edad1902fbb5c
11232,train,run17|3c9fc3bb4f485eef97674483
11233,val,run17|4cc875eaef91a121bb851cb6
11234,val,run17|9f1ca41bf7dc1843d5f59c75
11235,train,run17|3ed76cbc275f41ae3f82527b
11236,train,run17|c2836983d9bf9c3f2e3d0c16
11237,test,run17|40dda5841445918e8d935c53
11238,test,run17|fa092ef09b650d990e5fcc8a
11239,train,run17|977cbf82d8c078c5cf3f52f5
11240,val,run17|7a81ae50595ce5c6b62c9241
11241,train,run17|a82f4b41914d0c6f720d8d3e
11242,train,run17|8a95829286c7cc26b8f3b1dc
11243,train,run17|76823123fc4125999bd25071
11244,test,run17|ed5e752b0efc59e9ce904f35
11245,train,run17|5135aee413e1a31a818d9195
11246,train,run17|d098aa4a015c93b76a20d80e
11247,train,run17|036d9f05124d1dcf9a01a999
11248,test,run17|fcef8f6abe74449b2cda7bcb
11249,train,run17|8910818f7ce91163f531dfe8
11250,train,run17|1a210fd423b2859d629b73e3
11251,train,run17|0a941f4ee640bf77715ec85e
11252,train,run17|f0a52daa5661766298d11418
11253,val,run17|5c48cbb20eefc3a34eb1f948
11254,test,run17|eddf6c56f1fb1c893aa33945
11255,train,run17|c15c03b123a2a947dcd52fc7
11256,train,run17|6935611f1e49ec18f2394dd8
11257,train,run17|d69c78350fa1181da8fad509
11258,val,run17|9708eb135cf79d7f6258092c
11259,test,run17|b2a344f37e82529cdf7b013d
11260,val,run17|b1340da7adbca77343f2234f
11261,val,run17|94c1178f10ddead89d932c90
11262,test,run17|859a760a9c90b010331fea08
11263,test,run17|c6a8346f10725ce7831f8383
11264,train,run17|c4c7fa109b8b26c06a4a3bac
11265,train,run17|9cf2cad0f4200d680cf2530f
11266,test,run17|a0f97b903f583414aee5d475
11267,test,run17|33cfafbe80d1f1099f74a9d1
11268,val,run17|3a4e34e95c0a6259f7e7198f
11269,test,run17|c5c9fad013cce6f37eee2da2
11270,test,run17|438db687cb0d7f658260807d
11271,val,run17|193c60b41fbc55359ca8ebc3
11272,test,run17|9feeebaeca5aab0866f7f91e
11273,train,run17|3737f2bd94baa2ad643564a3
11274,train,run17|4098dd301a84b115f4dfe605
11275,test,run17|deefa661092e6c1f0c2de60b
11276,train,run17|f86f6f0c6f35d3d35b92a125
11277,train,run17|ba852ec86cf57ab75e64d1dd
11278,train,run17|98a8dc0f71ca2e0d8ff32c7f
11279,val,run17|83ab6ad42b4cd14e7d2ae0fc
11280,train,run17|b20c9491e02dd251df1e073f
11281,train,run17|8f37be10273a7477d2145868
11282,train,run17|3df16171135b3d285b623fd0
11283,val,run17|892a91c59bf38110cc5b0de3
11284,val,run17|19a933ba1793d3f1e08313bb
11285,train,run17|d0c68669a7c2f51a182f2d7b
11286,train,run17|30fc8385e96c74d26d24f1f2
11287,train,run17|3022103f493745504b190c72
11288,test,run17|6e85991b3bf8b35a2f3becfe
11289,train,run17|d76d22e9eb402b4f87bc97cc
11290,train,run17|c254020bc35d3f49475ac752
11291,train,run17|efcfb861f500cb8dd00c794d
11292,test,run17|bcb2680b5f5b3319e38f7c83
11293,val,run17|7cf5b87b1cbdccd2be350acf
11294,train,run17|5c162c853d5edad1902fbb5c
11295,train,run17|3c9fc3bb4f485eef97674483
11296,val,run17|4cc875eaef91a121bb851cb6
11297,val,run17|9f1ca41bf7dc1843d5f59c75
11298,train,run17|3ed76cbc275f41ae3f82527b
11299,train,run17|c2836983d9bf9c3f2e3d0c16
11300,test,run17|40dda5841445918e8d935c53
11301,test,run17|fa092ef09b650d990e5fcc8a
11302,train,run17|977cbf82d8c078c5cf3f52f5
11303,val,run17|7a81ae50595ce5c6b62c9241
11304,train,run17|a82f4b41914d0c6f720d8d3e
11305,train,run17|8a95829286c7cc26b8f3b1dc
11306,train,run17|76823123fc4125999bd25071
11307,test,run17|ed5e752b0efc59e9ce904f35
11308,train,run17|5135aee413e1a31a818d9195
11309,train,run17|d098aa4a015c93b76a20d80e
11310,train,run17|036d9f05124d1dcf9a01a999
11311,test,run17|fcef8f6abe74449b2cda7bcb
11312,train,run17|8910818f7ce91163f531dfe8
11313,train,run17|1a210fd423b2859d629b73e3
11314,train,run17|0a941f4ee640bf77715ec85e
11315,train,run17|f0a52daa5661766298d11418
11316,val,run17|143eb3c9f3f8e39c449008a8
11317,test,run17|31c4f240a614188758a16a72
11318,val,run17|5c48cbb20eefc3a34eb1f948
11319,test,run17|eddf6c56f1fb1c893aa33945
11320,train,run17|c15c03b123a2a947dcd52fc7
11321,train,run17|6935611f1e49ec18f2394dd8
11322,train,run17|d69c78350fa1181da8fad509
11323,val,run17|9708eb135cf79d7f6258092c
11324,test,run17|b2a344f37e82529cdf7b013d
11325,val,run17|b1340da7adbca77343f2234f
11326,val,run17|94c1178f10ddead89d932c90
11327,test,run17|859a760a9c90b010331fea08
11328,test,run17|c6a8346f10725ce7831f8383
11329,train,run17|c4c7fa109b8b26c06a4a3bac
11330,train,run17|9cf2cad0f4200d680cf2530f
11331,test,run17|a0f97b903f583414aee5d475
11332,test,run17|33cfafbe80d1f1099f74a9d1
11333,val,run17|3a4e34e95c0a6259f7e7198f
11334,test,run17|c5c9fad013cce6f37eee2da2
11335,test,run17|438db687cb0d7f658260807d
11336,val,run17|193c60b41fbc55359ca8ebc3
11337,test,run17|9feeebaeca5aab0866f7f91e
11338,train,run17|3737f2bd94baa2ad643564a3
11339,train,run17|4098dd301a84b115f4dfe605
11340,test,run17|deefa661092e6c1f0c2de60b
11341,train,run17|f86f6f0c6f35d3d35b92a125
11342,train,run17|ba852ec86cf57ab75e64d1dd
11343,train,run17|98a8dc0f71ca2e0d8ff32c7f
11344,val,run17|83ab6ad42b4cd14e7d2ae0fc
11345,train,run17|b20c9491e02dd251df1e073f
11346,train,run17|8f37be10273a7477d2145868
11347,train,run17|3df16171135b3d285b623fd0
11348,val,run17|892a91c59bf38110cc5b0de3
11349,val,run17|19a933ba1793d3f1e08313bb
11350,train,run17|d0c68669a7c2f51a182f2d7b
11351,train,run17|30fc8385e96c74d26d24f1f2
11352,train,run17|3022103f493745504b190c72
11353,test,run17|6e85991b3bf8b35a2f3becfe
11354,train,run17|d76d22e9eb402b4f87bc97cc
11355,train,run17|c254020bc35d3f49475ac752
11356,train,run17|efcfb861f500cb8dd00c794d
11357,test,run17|bcb2680b5f5b3319e38f7c83
11358,val,run17|7cf5b87b1cbdccd2be350acf
11359,train,run17|5c162c853d5edad1902fbb5c
11360,train,run17|3c9fc3bb4f485eef97674483
11361,val,run17|4cc875eaef91a121bb851cb6
11362,val,run17|9f1ca41bf7dc1843d5f59c75
11363,train,run17|3ed76cbc275f41ae3f82527b
11364,train,run17|c2836983d9bf9c3f2e3d0c16
11365,test,run17|40dda5841445918e8d935c53
11366,test,run17|fa092ef09b650d990e5fcc8a
11367,train,run17|977cbf82d8c078c5cf3f52f5
11368,val,run17|7a81ae50595ce5c6b62c9241
11369,train,run17|a82f4b41914d0c6f720d8d3e
11370,train,run17|8a95829286c7cc26b8f3b1dc
11371,train,run17|76823123fc4125999bd25071
11372,test,run17|ed5e752b0efc59e9ce904f35
11373,train,run17|5135aee413e1a31a818d9195
11374,train,run17|d098aa4a015c93b76a20d80e
11375,train,run17|036d9f05124d1dcf9a01a999
11376,test,run17|fcef8f6abe74449b2cda7bcb
11377,train,run17|8910818f7ce91163f531dfe8
11378,train,run17|1a210fd423b2859d629b73e3
11379,train,run17|0a941f4ee640bf77715ec85e
11380,train,run17|f0a52daa5661766298d11418
11381,train,run17|1ac715e9ddda09a02ff0b640
11382,test,run17|f8c0380eef073782933095cd
11383,train,run17|a8a92f5d77689b2bbeca0809
11384,train,run17|fb7b769cb3192ccd067944ad
11385,val,run17|5c48cbb20eefc3a34eb1f948
11386,test,run17|eddf6c56f1fb1c893aa33945
11387,train,run17|c15c03b123a2a947dcd52fc7
11388,train,run17|6935611f1e49ec18f2394dd8
11389,train,run17|d69c78350fa1181da8fad509
11390,val,run17|9708eb135cf79d7f6258092c
11391,test,run17|b2a344f37e82529cdf7b013d
11392,val,run17|b1340da7adbca77343f2234f
11393,val,run17|94c1178f10ddead89d932c90
11394,test,run17|859a760a9c90b010331fea08
11395,test,run17|c6a8346f10725ce7831f8383
11396,train,run17|c4c7fa109b8b26c06a4a3bac
11397,train,run17|9cf2cad0f4200d680cf2530f
11398,test,run17|a0f97b903f583414aee5d475
11399,test,run17|33cfafbe80d1f1099f74a9d1
11400,val,run17|3a4e34e95c0a6259f7e7198f
11401,test,run17|c5c9fad013cce6f37eee2da2
11402,test,run17|438db687cb0d7f658260807d
11403,val,run17|193c60b41fbc55359ca8ebc3
11404,test,run17|9feeebaeca5aab0866f7f91e
11405,train,run17|3737f2bd94baa2ad643564a3
11406,train,run17|4098dd301a84b115f4dfe605
11407,test,run17|deefa661092e6c1f0c2de60b
11408,train,run17|f86f6f0c6f35d3d35b92a125
11409,train,run17|ba852ec86cf57ab75e64d1dd
11410,train,run17|98a8dc0f71ca2e0d8ff32c7f
11411,val,run17|83ab6ad42b4cd14e7d2ae0fc
11412,train,run17|b20c9491e02dd251df1e073f
11413,train,run17|8f37be10273a7477d2145868
11414,train,run17|3df16171135b3d285b623fd0
11415,val,run17|892a91c59bf38110cc5b0de3
11416,val,run17|19a933ba1793d3f1e08313bb
11417,train,run17|d0c68669a7c2f51a182f2d7b
11418,train,run17|30fc8385e96c74d26d24f1f2
11419,train,run17|3022103f493745504b190c72
11420,test,run17|6e85991b3bf8b35a2f3becfe
11421,train,run17|d76d22e9eb402b4f87bc97cc
11422,train,run17|c254020bc35d3f49475ac752
11423,train,run17|efcfb861f500cb8dd00c794d
11424,test,run17|bcb2680b5f5b3319e38f7c83
11425,val,run17|7cf5b87b1cbdccd2be350acf
11426,train,run17|5c162c853d5edad1902fbb5c
11427,train,run17|3c9fc3bb4f485eef97674483
11428,val,run17|4cc875eaef91a121bb851cb6
11429,val,run17|9f1ca41bf7dc1843d5f59c75
11430,train,run17|3ed76cbc275f41ae3f82527b
11431,train,run17|c2836983d9bf9c3f2e3d0c16
11432,test,run17|40dda5841445918e8d935c53
11433,test,run17|fa092ef09b650d990e5fcc8a
11434,train,run17|977cbf82d8c078c5cf3f52f5
11435,val,run17|7a81ae50595ce5c6b62c9241
11436,train,run17|a82f4b41914d0c6f720d8d3e
11437,train,run17|8a95829286c7cc26b8f3b1dc
11438,train,run17|76823123fc4125999bd25071
11439,test,run17|ed5e752b0efc59e9ce904f35
11440,train,run17|5135aee413e1a31a818d9195
11441,train,run17|d098aa4a015c93b76a20d80e
11442,train,run17|036d9f05124d1dcf9a01a999
11443,test,run17|fcef8f6abe74449b2cda7bcb
11444,train,run17|8910818f7ce91163f531dfe8
11445,train,run17|1a210fd423b2859d629b73e3
11446,train,run17|0a941f4ee640bf77715ec85e
11447,train,run17|f0a52daa5661766298d11418
11448,train,run17|c1c12531579929bdb583a356
11449,train,run17|15f5f539fe3c7141f1e46b66
11450,train,run18|d1337875bdb434478b21cbc3
11451,train,run18|ea4a63b8d60a65085a1a1227
11452,train,run18|92ac072402b06003d856f4df
11453,train,run18|de06e68c1ceb8e3d2c23cad9
11454,train,run18|10f5f3c137ef84c823e1e749
11455,test,run18|261456e3b650bd7a89105a1d
11456,train,run18|708f75f2042a7aeb3d4102bb
11457,val,run18|9ce311516a0699207f6dbab2
11458,train,run18|2bc954aa862c1c35ae8f967c
11459,test,run18|72013436c2449e50066958a4
11460,test,run18|39287464ba3e841d948d2c8d
11461,train,run18|408ce5c0f99b3cc61f8a1fea
11462,train,run18|ecff665aaed3b3ca0dae5112
11463,val,run18|81658cd4396c48f1d9b7367d
11464,test,run18|53a553adfbc9ec1e56c2da62
11465,test,run18|f1538e25cfbf106412c4a823
11466,val,run18|d8761c0a190cd5d6e35fbd93
11467,val,run18|d954a6d04ff041ef14f39da1
11468,val,run18|ff8af35d59be22f1a319433a
11469,train,run18|052bf728b050087c0939f2a9
11470,val,run18|de649cd3b5e340ecc16e5b58
11471,train,run18|320b31732bba5a62ac12c6f8
11472,val,run18|fb286fcab8bdf961505d8b4f
11473,val,run18|b0b632b1bfacb9e5c56044cd
11474,test,run18|bf8796e916377347542c1247
11475,train,run18|5bba221a0f98161a682c7b0a
11476,val,run18|6bb1ccef0ba66719fafe1ec5
11477,test,run18|72e816a11c4a788e73727f4d
11478,train,run18|ba2ed63e42c0402a3bb16546
11479,test,run18|f49eb5684e5e3b1c28318441
11480,train,run18|e252c0568c08363ba622060b
11481,train,run18|dad4ced5c7ee96b655510a3d
11482,train,run18|85c89ad807cc614f5d420694
11483,train,run18|73ce63a7a93ecbc4e2df0ec1
11484,val,run18|349371f83f8663813c1f3b23
11485,train,run18|2b2cd9d1c199b369ced4b158
11486,val,run18|e7efbec030336caa2ef8aebf
11487,train,run18|3defbb24650d1a2e2916ab8c
11488,train,run18|1bd6ada8651602b4dc398af5
11489,train,run18|7557a21d998b23e525fd54fd
11490,val,run18|f52e25c0334ba64dca5e7632
11491,train,run18|fa7e2dd8fcd12304a95b551c
11492,train,run18|b6362e5edc1ea6b44069e32d
11493,val,run18|7a2ecf9915ab64bb3b7a8c2c
11494,val,run18|f37700b54c992eb2a72840ce
11495,val,run18|0e93b39c67d3854e0d15c785
11496,val,run18|64f6c315208e1557e5024295
11497,train,run18|753003a3bedf2fbf86978aeb
11498,val,run18|720fa14f1afdddad2a4b45f2
11499,train,run18|45d57ac47b99432c64fd1444
11500,val,run18|4e8f264c17a79a19c5728321
11501,train,run18|907f8955a1c420456b2cf6d5
11502,test,run18|9ed96c46f6240132e3af7687
11503,test,run18|43861e74ee95a40c1e860574
11504,train,run18|79dc73823c839eea1e1d353d
11505,train,run18|bfa9f5f8db87a973f2bf44d4
11506,train,run18|fc6f98c7bd58b36e61069b10
11507,train,run18|f537d63a7b53c19cde132948
11508,val,run18|55b3cbfededd768552436591
11509,train,run18|79fc674e728ccbb3b86f10d6
11510,test,run18|7c483d748e2b6eea17ffbac0
11511,train,run18|0189f010267768a5d649300d
11512,test,run18|4fae2ff0229265f0e21c62ba
11513,train,run18|50d31f6f621836d704f06d47
11514,train,run18|f6efc91fc44c1844b632e967
11515,train,run18|39edf772450975b670165f82
11516,test,run18|32219a228329a0d745d97e55
11517,test,run18|c9dda80c80b56e485bcc94a9
11518,train,run18|81e1a2451cd4eef4d81078ae
11519,train,run18|7c5cd276c4f87eb601647c05
11520,test,run18|01c8c6c66ae8e8956c1e318a
11521,test,run18|2688a72e018d696fda5f8848
11522,test,run18|dacd7caca45a347418e281bc
11523,test,run18|b98f0a098e7df3d33ed17040
11524,train,run18|997862384ff3555b9f9ffbba
11525,train,run18|5ad106003231f5c7d1304d32
11526,test,run18|e44f46f9bd475aa07c3bdb9a
11527,train,run18|749bd4bc240248b8c11b2b60
11528,test,run18|9ba9850dbc098afab3d55248
11529,train,run18|d1337875bdb434478b21cbc3
11530,train,run18|ea4a63b8d60a65085a1a1227
11531,train,run18|92ac072402b06003d856f4df
11532,train,run18|de06e68c1ceb8e3d2c23cad9
11533,train,run18|10f5f3c137ef84c823e1e749
11534,test,run18|261456e3b650bd7a89105a1d
11535,train,run18|708f75f2042a7aeb3d4102bb
11536,val,run18|9ce311516a0699207f6dbab2
11537,train,run18|2bc954aa862c1c35ae8f967c
11538,test,run18|72013436c2449e50066958a4
11539,test,run18|39287464ba3e841d948d2c8d
11540,train,run18|408ce5c0f99b3cc61f8a1fea
11541,train,run18|ecff665aaed3b3ca0dae5112
11542,val,run18|81658cd4396c48f1d9b7367d
11543,test,run18|53a553adfbc9ec1e56c2da62
11544,test,run18|f1538e25cfbf106412c4a823
11545,val,run18|d8761c0a190cd5d6e35fbd93
11546,val,run18|d954a6d04ff041ef14f39da1
11547,val,run18|ff8af35d59be22f1a319433a
11548,train,run18|052bf728b050087c0939f2a9
11549,val,run18|de649cd3b5e340ecc16e5b58
11550,train,run18|320b31732bba5a62ac12c6f8
11551,val,run18|fb286fcab8bdf961505d8b4f
11552,val,run18|b0b632b1bfacb9e5c56044cd
11553,test,run18|bf8796e916377347542c1247
11554,train,run18|5bba221a0f98161a682c7b0a
11555,val,run18|6bb1ccef0ba66719fafe1ec5
11556,test,run18|72e816a11c4a788e73727f4d
11557,train,run18|ba2ed63e42c0402a3bb16546
11558,test,run18|f49eb5684e5e3b1c28318441
11559,train,run18|e252c0568c08363ba622060b
11560,train,run18|dad4ced5c7ee96b655510a3d
11561,train,run18|85c89ad807cc614f5d420694
11562,train,run18|73ce63a7a93ecbc4e2df0ec1
11563,val,run18|349371f83f8663813c1f3b23
11564,train,run18|2b2cd9d1c199b369ced4b158
11565,val,run18|e7efbec030336caa2ef8aebf
11566,train,run18|3defbb24650d1a2e2916ab8c
11567,train,run18|1bd6ada8651602b4dc398af5
11568,train,run18|7557a21d998b23e525fd54fd
11569,val,run18|f52e25c0334ba64dca5e7632
11570,train,run18|fa7e2dd8fcd12304a95b551c
11571,train,run18|b6362e5edc1ea6b44069e32d
11572,val,run18|7a2ecf9915ab64bb3b7a8c2c
11573,val,run18|f37700b54c992eb2a72840ce
11574,val,run18|0e93b39c67d3854e0d15c785
11575,val,run18|64f6c315208e1557e5024295
11576,train,run18|753003a3bedf2fbf86978aeb
11577,val,run18|720fa14f1afdddad2a4b45f2
11578,train,run18|45d57ac47b99432c64fd1444
11579,val,run18|4e8f264c17a79a19c5728321
11580,train,run18|907f8955a1c420456b2cf6d5
11581,test,run18|9ed96c46f6240132e3af7687
11582,test,run18|43861e74ee95a40c1e860574
11583,train,run18|79dc73823c839eea1e1d353d
11584,train,run18|bfa9f5f8db87a973f2bf44d4
11585,train,run18|fc6f98c7bd58b36e61069b10
11586,train,run18|f537d63a7b53c19cde132948
11587,val,run18|55b3cbfededd768552436591
11588,train,run18|79fc674e728ccbb3b86f10d6
11589,test,run18|7c483d748e2b6eea17ffbac0
11590,train,run18|0189f010267768a5d649300d
11591,test,run18|4fae2ff0229265f0e21c62ba
11592,train,run18|d1337875bdb434478b21cbc3
11593,train,run18|ea4a63b8d60a65085a1a1227
11594,train,run18|92ac072402b06003d856f4df
11595,train,run18|de06e68c1ceb8e3d2c23cad9
11596,train,run18|10f5f3c137ef84c823e1e749
11597,test,run18|261456e3b650bd7a89105a1d
11598,train,run18|708f75f2042a7aeb3d4102bb
11599,val,run18|9ce311516a0699207f6dbab2
11600,train,run18|2bc954aa862c1c35ae8f967c
11601,test,run18|72013436c2449e50066958a4
11602,test,run18|39287464ba3e841d948d2c8d
11603,train,run18|408ce5c0f99b3cc61f8a1fea
11604,train,run18|ecff665aaed3b3ca0dae5112
11605,val,run18|81658cd4396c48f1d9b7367d
11606,test,run18|53a553adfbc9ec1e56c2da62
11607,test,run18|f1538e25cfbf106412c4a823
11608,val,run18|d8761c0a190cd5d6e35fbd93
11609,val,run18|d954a6d04ff041ef14f39da1
11610,val,run18|ff8af35d59be22f1a319433a
11611,train,run18|052bf728b050087c0939f2a9
11612,val,run18|de649cd3b5e340ecc16e5b58
11613,train,run18|320b31732bba5a62ac12c6f8
11614,val,run18|fb286fcab8bdf961505d8b4f
11615,val,run18|b0b632b1bfacb9e5c56044cd
11616,test,run18|bf8796e916377347542c1247
11617,train,run18|5bba221a0f98161a682c7b0a
11618,val,run18|6bb1ccef0ba66719fafe1ec5
11619,test,run18|72e816a11c4a788e73727f4d
11620,train,run18|ba2ed63e42c0402a3bb16546
11621,test,run18|f49eb5684e5e3b1c28318441
11622,train,run18|e252c0568c08363ba622060b
11623,train,run18|dad4ced5c7ee96b655510a3d
11624,train,run18|85c89ad807cc614f5d420694
11625,train,run18|73ce63a7a93ecbc4e2df0ec1
11626,val,run18|349371f83f8663813c1f3b23
11627,train,run18|2b2cd9d1c199b369ced4b158
11628,val,run18|e7efbec030336caa2ef8aebf
11629,train,run18|3defbb24650d1a2e2916ab8c
11630,train,run18|1bd6ada8651602b4dc398af5
11631,train,run18|7557a21d998b23e525fd54fd
11632,val,run18|f52e25c0334ba64dca5e7632
11633,train,run18|fa7e2dd8fcd12304a95b551c
11634,train,run18|b6362e5edc1ea6b44069e32d
11635,val,run18|7a2ecf9915ab64bb3b7a8c2c
11636,val,run18|f37700b54c992eb2a72840ce
11637,val,run18|0e93b39c67d3854e0d15c785
11638,val,run18|64f6c315208e1557e5024295
11639,train,run18|753003a3bedf2fbf86978aeb
11640,val,run18|720fa14f1afdddad2a4b45f2
11641,train,run18|45d57ac47b99432c64fd1444
11642,val,run18|4e8f264c17a79a19c5728321
11643,train,run18|907f8955a1c420456b2cf6d5
11644,test,run18|9ed96c46f6240132e3af7687
11645,test,run18|43861e74ee95a40c1e860574
11646,train,run18|79dc73823c839eea1e1d353d
11647,train,run18|bfa9f5f8db87a973f2bf44d4
11648,train,run18|fc6f98c7bd58b36e61069b10
11649,train,run18|f537d63a7b53c19cde132948
11650,val,run18|55b3cbfededd768552436591
11651,train,run18|79fc674e728ccbb3b86f10d6
11652,test,run18|7c483d748e2b6eea17ffbac0
11653,train,run18|0189f010267768a5d649300d
11654,test,run18|4fae2ff0229265f0e21c62ba
11655,train,run18|d1337875bdb434478b21cbc3
11656,train,run18|ea4a63b8d60a65085a1a1227
11657,train,run18|92ac072402b06003d856f4df
11658,train,run18|de06e68c1ceb8e3d2c23cad9
11659,train,run18|10f5f3c137ef84c823e1e749
11660,test,run18|261456e3b650bd7a89105a1d
11661,train,run18|708f75f2042a7aeb3d4102bb
11662,val,run18|9ce311516a0699207f6dbab2
11663,train,run18|2bc954aa862c1c35ae8f967c
11664,test,run18|72013436c2449e50066958a4
11665,test,run18|39287464ba3e841d948d2c8d
11666,train,run18|408ce5c0f99b3cc61f8a1fea
11667,train,run18|ecff665aaed3b3ca0dae5112
11668,val,run18|81658cd4396c48f1d9b7367d
11669,test,run18|53a553adfbc9ec1e56c2da62
11670,test,run18|f1538e25cfbf106412c4a823
11671,val,run18|d8761c0a190cd5d6e35fbd93
11672,val,run18|d954a6d04ff041ef14f39da1
11673,val,run18|ff8af35d59be22f1a319433a
11674,train,run18|052bf728b050087c0939f2a9
11675,val,run18|de649cd3b5e340ecc16e5b58
11676,train,run18|320b31732bba5a62ac12c6f8
11677,val,run18|fb286fcab8bdf961505d8b4f
11678,val,run18|b0b632b1bfacb9e5c56044cd
11679,test,run18|bf8796e916377347542c1247
11680,train,run18|5bba221a0f98161a682c7b0a
11681,val,run18|6bb1ccef0ba66719fafe1ec5
11682,test,run18|72e816a11c4a788e73727f4d
11683,train,run18|ba2ed63e42c0402a3bb16546
11684,test,run18|f49eb5684e5e3b1c28318441
11685,train,run18|e252c0568c08363ba622060b
11686,train,run18|dad4ced5c7ee96b655510a3d
11687,train,run18|85c89ad807cc614f5d420694
11688,train,run18|73ce63a7a93ecbc4e2df0ec1
11689,val,run18|349371f83f8663813c1f3b23
11690,train,run18|2b2cd9d1c199b369ced4b158
11691,val,run18|e7efbec030336caa2ef8aebf
11692,train,run18|3defbb24650d1a2e2916ab8c
11693,train,run18|1bd6ada8651602b4dc398af5
11694,train,run18|7557a21d998b23e525fd54fd
11695,val,run18|f52e25c0334ba64dca5e7632
11696,train,run18|fa7e2dd8fcd12304a95b551c
11697,train,run18|b6362e5edc1ea6b44069e32d
11698,val,run18|7a2ecf9915ab64bb3b7a8c2c
11699,val,run18|f37700b54c992eb2a72840ce
11700,val,run18|0e93b39c67d3854e0d15c785
11701,val,run18|64f6c315208e1557e5024295
11702,train,run18|753003a3bedf2fbf86978aeb
11703,val,run18|720fa14f1afdddad2a4b45f2
11704,train,run18|45d57ac47b99432c64fd1444
11705,val,run18|4e8f264c17a79a19c5728321
11706,train,run18|907f8955a1c420456b2cf6d5
11707,test,run18|9ed96c46f6240132e3af7687
11708,test,run18|43861e74ee95a40c1e860574
11709,train,run18|79dc73823c839eea1e1d353d
11710,train,run18|bfa9f5f8db87a973f2bf44d4
11711,train,run18|fc6f98c7bd58b36e61069b10
11712,train,run18|f537d63a7b53c19cde132948
11713,val,run18|55b3cbfededd768552436591
11714,train,run18|79fc674e728ccbb3b86f10d6
11715,test,run18|7c483d748e2b6eea17ffbac0
11716,train,run18|0189f010267768a5d649300d
11717,test,run18|4fae2ff0229265f0e21c62ba
11718,train,run18|d1337875bdb434478b21cbc3
11719,train,run18|ea4a63b8d60a65085a1a1227
11720,train,run18|92ac072402b06003d856f4df
11721,train,run18|de06e68c1ceb8e3d2c23cad9
11722,train,run18|10f5f3c137ef84c823e1e749
11723,test,run18|261456e3b650bd7a89105a1d
11724,train,run18|708f75f2042a7aeb3d4102bb
11725,val,run18|9ce311516a0699207f6dbab2
11726,train,run18|2bc954aa862c1c35ae8f967c
11727,test,run18|72013436c2449e50066958a4
11728,test,run18|39287464ba3e841d948d2c8d
11729,train,run18|408ce5c0f99b3cc61f8a1fea
11730,train,run18|ecff665aaed3b3ca0dae5112
11731,val,run18|81658cd4396c48f1d9b7367d
11732,test,run18|53a553adfbc9ec1e56c2da62
11733,test,run18|f1538e25cfbf106412c4a823
11734,val,run18|d8761c0a190cd5d6e35fbd93
11735,val,run18|d954a6d04ff041ef14f39da1
11736,val,run18|ff8af35d59be22f1a319433a
11737,train,run18|052bf728b050087c0939f2a9
11738,val,run18|de649cd3b5e340ecc16e5b58
11739,train,run18|320b31732bba5a62ac12c6f8
11740,val,run18|fb286fcab8bdf961505d8b4f
11741,val,run18|b0b632b1bfacb9e5c56044cd
11742,test,run18|bf8796e916377347542c1247
11743,train,run18|5bba221a0f98161a682c7b0a
11744,val,run18|6bb1ccef0ba66719fafe1ec5
11745,test,run18|72e816a11c4a788e73727f4d
11746,train,run18|ba2ed63e42c0402a3bb16546
11747,test,run18|f49eb5684e5e3b1c28318441
11748,train,run18|e252c0568c08363ba622060b
11749,train,run18|dad4ced5c7ee96b655510a3d
11750,train,run18|85c89ad807cc614f5d420694
11751,train,run18|73ce63a7a93ecbc4e2df0ec1
11752,val,run18|349371f83f8663813c1f3b23
11753,train,run18|2b2cd9d1c199b369ced4b158
11754,val,run18|e7efbec030336caa2ef8aebf
11755,train,run18|3defbb24650d1a2e2916ab8c
11756,train,run18|1bd6ada8651602b4dc398af5
11757,train,run18|7557a21d998b23e525fd54fd
11758,val,run18|f52e25c0334ba64dca5e7632
11759,train,run18|fa7e2dd8fcd12304a95b551c
11760,train,run18|b6362e5edc1ea6b44069e32d
11761,val,run18|7a2ecf9915ab64bb3b7a8c2c
11762,val,run18|f37700b54c992eb2a72840ce
11763,val,run18|0e93b39c67d3854e0d15c785
11764,val,run18|64f6c315208e1557e5024295
11765,train,run18|753003a3bedf2fbf86978aeb
11766,val,run18|720fa14f1afdddad2a4b45f2
11767,train,run18|45d57ac47b99432c64fd1444
11768,val,run18|4e8f264c17a79a19c5728321
11769,train,run18|907f8955a1c420456b2cf6d5
11770,test,run18|9ed96c46f6240132e3af7687
11771,test,run18|43861e74ee95a40c1e860574
11772,train,run18|79dc73823c839eea1e1d353d
11773,train,run18|bfa9f5f8db87a973f2bf44d4
11774,train,run18|fc6f98c7bd58b36e61069b10
11775,train,run18|f537d63a7b53c19cde132948
11776,val,run18|55b3cbfededd768552436591
11777,train,run18|79fc674e728ccbb3b86f10d6
11778,test,run18|7c483d748e2b6eea17ffbac0
11779,train,run18|0189f010267768a5d649300d
11780,test,run18|4fae2ff0229265f0e21c62ba
11781,train,run18|d1337875bdb434478b21cbc3
11782,train,run18|ea4a63b8d60a65085a1a1227
11783,train,run18|92ac072402b06003d856f4df
11784,train,run18|de06e68c1ceb8e3d2c23cad9
11785,train,run18|10f5f3c137ef84c823e1e749
11786,test,run18|261456e3b650bd7a89105a1d
11787,train,run18|708f75f2042a7aeb3d4102bb
11788,val,run18|9ce311516a0699207f6dbab2
11789,train,run18|2bc954aa862c1c35ae8f967c
11790,test,run18|72013436c2449e50066958a4
11791,test,run18|39287464ba3e841d948d2c8d
11792,train,run18|408ce5c0f99b3cc61f8a1fea
11793,train,run18|ecff665aaed3b3ca0dae5112
11794,val,run18|81658cd4396c48f1d9b7367d
11795,test,run18|53a553adfbc9ec1e56c2da62
11796,test,run18|f1538e25cfbf106412c4a823
11797,val,run18|d8761c0a190cd5d6e35fbd93
11798,val,run18|d954a6d04ff041ef14f39da1
11799,val,run18|ff8af35d59be22f1a319433a
11800,train,run18|052bf728b050087c0939f2a9
11801,val,run18|de649cd3b5e340ecc16e5b58
11802,train,run18|320b31732bba5a62ac12c6f8
11803,val,run18|fb286fcab8bdf961505d8b4f
11804,val,run18|b0b632b1bfacb9e5c56044cd
11805,test,run18|bf8796e916377347542c1247
11806,train,run18|5bba221a0f98161a682c7b0a
11807,val,run18|6bb1ccef0ba66719fafe1ec5
11808,test,run18|72e816a11c4a788e73727f4d
11809,train,run18|ba2ed63e42c0402a3bb16546
11810,test,run18|f49eb5684e5e3b1c28318441
11811,train,run18|e252c0568c08363ba622060b
11812,train,run18|dad4ced5c7ee96b655510a3d
11813,train,run18|85c89ad807cc614f5d420694
11814,train,run18|73ce63a7a93ecbc4e2df0ec1
11815,val,run18|349371f83f8663813c1f3b23
11816,train,run18|2b2cd9d1c199b369ced4b158
11817,val,run18|e7efbec030336caa2ef8aebf
11818,train,run18|3defbb24650d1a2e2916ab8c
11819,train,run18|1bd6ada8651602b4dc398af5
11820,train,run18|7557a21d998b23e525fd54fd
11821,val,run18|f52e25c0334ba64dca5e7632
11822,train,run18|fa7e2dd8fcd12304a95b551c
11823,train,run18|b6362e5edc1ea6b44069e32d
11824,val,run18|7a2ecf9915ab64bb3b7a8c2c
11825,val,run18|f37700b54c992eb2a72840ce
11826,val,run18|0e93b39c67d3854e0d15c785
11827,val,run18|64f6c315208e1557e5024295
11828,train,run18|753003a3bedf2fbf86978aeb
11829,val,run18|720fa14f1afdddad2a4b45f2
11830,train,run18|45d57ac47b99432c64fd1444
11831,val,run18|4e8f264c17a79a19c5728321
11832,train,run18|907f8955a1c420456b2cf6d5
11833,test,run18|9ed96c46f6240132e3af7687
11834,test,run18|43861e74ee95a40c1e860574
11835,train,run18|79dc73823c839eea1e1d353d
11836,train,run18|bfa9f5f8db87a973f2bf44d4
11837,train,run18|fc6f98c7bd58b36e61069b10
11838,train,run18|f537d63a7b53c19cde132948
11839,val,run18|55b3cbfededd768552436591
11840,train,run18|79fc674e728ccbb3b86f10d6
11841,test,run18|7c483d748e2b6eea17ffbac0
11842,train,run18|0189f010267768a5d649300d
11843,test,run18|4fae2ff0229265f0e21c62ba
11844,train,run18|d1337875bdb434478b21cbc3
11845,train,run18|ea4a63b8d60a65085a1a1227
11846,train,run18|92ac072402b06003d856f4df
11847,train,run18|de06e68c1ceb8e3d2c23cad9
11848,train,run18|10f5f3c137ef84c823e1e749
11849,test,run18|261456e3b650bd7a89105a1d
11850,train,run18|708f75f2042a7aeb3d4102bb
11851,val,run18|9ce311516a0699207f6dbab2
11852,train,run18|2bc954aa862c1c35ae8f967c
11853,test,run18|72013436c2449e50066958a4
11854,test,run18|39287464ba3e841d948d2c8d
11855,train,run18|408ce5c0f99b3cc61f8a1fea
11856,train,run18|ecff665aaed3b3ca0dae5112
11857,val,run18|81658cd4396c48f1d9b7367d
11858,test,run18|53a553adfbc9ec1e56c2da62
11859,test,run18|f1538e25cfbf106412c4a823
11860,val,run18|d8761c0a190cd5d6e35fbd93
11861,val,run18|d954a6d04ff041ef14f39da1
11862,val,run18|ff8af35d59be22f1a319433a
11863,train,run18|052bf728b050087c0939f2a9
11864,val,run18|de649cd3b5e340ecc16e5b58
11865,train,run18|320b31732bba5a62ac12c6f8
11866,val,run18|fb286fcab8bdf961505d8b4f
11867,val,run18|b0b632b1bfacb9e5c56044cd
11868,test,run18|bf8796e916377347542c1247
11869,train,run18|5bba221a0f98161a682c7b0a
11870,val,run18|6bb1ccef0ba66719fafe1ec5
11871,test,run18|72e816a11c4a788e73727f4d
11872,train,run18|ba2ed63e42c0402a3bb16546
11873,test,run18|f49eb5684e5e3b1c28318441
11874,train,run18|e252c0568c08363ba622060b
11875,train,run18|dad4ced5c7ee96b655510a3d
11876,train,run18|85c89ad807cc614f5d420694
11877,train,run18|73ce63a7a93ecbc4e2df0ec1
11878,val,run18|349371f83f8663813c1f3b23
11879,train,run18|2b2cd9d1c199b369ced4b158
11880,val,run18|e7efbec030336caa2ef8aebf
11881,train,run18|3defbb24650d1a2e2916ab8c
11882,train,run18|1bd6ada8651602b4dc398af5
11883,train,run18|7557a21d998b23e525fd54fd
11884,val,run18|f52e25c0334ba64dca5e7632
11885,train,run18|fa7e2dd8fcd12304a95b551c
11886,train,run18|b6362e5edc1ea6b44069e32d
11887,val,run18|7a2ecf9915ab64bb3b7a8c2c
11888,val,run18|f37700b54c992eb2a72840ce
11889,val,run18|0e93b39c67d3854e0d15c785
11890,val,run18|64f6c315208e1557e5024295
11891,train,run18|753003a3bedf2fbf86978aeb
11892,val,run18|720fa14f1afdddad2a4b45f2
11893,train,run18|45d57ac47b99432c64fd1444
11894,val,run18|4e8f264c17a79a19c5728321
11895,train,run18|907f8955a1c420456b2cf6d5
11896,test,run18|9ed96c46f6240132e3af7687
11897,test,run18|43861e74ee95a40c1e860574
11898,train,run18|79dc73823c839eea1e1d353d
11899,train,run18|bfa9f5f8db87a973f2bf44d4
11900,train,run18|fc6f98c7bd58b36e61069b10
11901,train,run18|f537d63a7b53c19cde132948
11902,val,run18|55b3cbfededd768552436591
11903,train,run18|79fc674e728ccbb3b86f10d6
11904,test,run18|7c483d748e2b6eea17ffbac0
11905,train,run18|0189f010267768a5d649300d
11906,test,run18|4fae2ff0229265f0e21c62ba
11907,train,run18|d1337875bdb434478b21cbc3
11908,train,run18|ea4a63b8d60a65085a1a1227
11909,train,run18|92ac072402b06003d856f4df
11910,train,run18|de06e68c1ceb8e3d2c23cad9
11911,train,run18|10f5f3c137ef84c823e1e749
11912,test,run18|261456e3b650bd7a89105a1d
11913,train,run18|708f75f2042a7aeb3d4102bb
11914,val,run18|9ce311516a0699207f6dbab2
11915,train,run18|2bc954aa862c1c35ae8f967c
11916,test,run18|72013436c2449e50066958a4
11917,test,run18|39287464ba3e841d948d2c8d
11918,train,run18|408ce5c0f99b3cc61f8a1fea
11919,train,run18|ecff665aaed3b3ca0dae5112
11920,val,run18|81658cd4396c48f1d9b7367d
11921,test,run18|53a553adfbc9ec1e56c2da62
11922,test,run18|f1538e25cfbf106412c4a823
11923,val,run18|d8761c0a190cd5d6e35fbd93
11924,val,run18|d954a6d04ff041ef14f39da1
11925,val,run18|ff8af35d59be22f1a319433a
11926,train,run18|052bf728b050087c0939f2a9
11927,val,run18|de649cd3b5e340ecc16e5b58
11928,train,run18|320b31732bba5a62ac12c6f8
11929,val,run18|fb286fcab8bdf961505d8b4f
11930,val,run18|b0b632b1bfacb9e5c56044cd
11931,test,run18|bf8796e916377347542c1247
11932,train,run18|5bba221a0f98161a682c7b0a
11933,val,run18|6bb1ccef0ba66719fafe1ec5
11934,test,run18|72e816a11c4a788e73727f4d
11935,train,run18|ba2ed63e42c0402a3bb16546
11936,test,run18|f49eb5684e5e3b1c28318441
11937,train,run18|e252c0568c08363ba622060b
11938,train,run18|dad4ced5c7ee96b655510a3d
11939,train,run18|85c89ad807cc614f5d420694
11940,train,run18|73ce63a7a93ecbc4e2df0ec1
11941,val,run18|349371f83f8663813c1f3b23
11942,train,run18|2b2cd9d1c199b369ced4b158
11943,val,run18|e7efbec030336caa2ef8aebf
11944,train,run18|3defbb24650d1a2e2916ab8c
11945,train,run18|1bd6ada8651602b4dc398af5
11946,train,run18|7557a21d998b23e525fd54fd
11947,val,run18|f52e25c0334ba64dca5e7632
11948,train,run18|fa7e2dd8fcd12304a95b551c
11949,train,run18|b6362e5edc1ea6b44069e32d
11950,val,run18|7a2ecf9915ab64bb3b7a8c2c
11951,val,run18|f37700b54c992eb2a72840ce
11952,val,run18|0e93b39c67d3854e0d15c785
11953,val,run18|64f6c315208e1557e5024295
11954,train,run18|753003a3bedf2fbf86978aeb
11955,val,run18|720fa14f1afdddad2a4b45f2
11956,train,run18|45d57ac47b99432c64fd1444
11957,val,run18|4e8f264c17a79a19c5728321
11958,train,run18|907f8955a1c420456b2cf6d5
11959,test,run18|9ed96c46f6240132e3af7687
11960,test,run18|43861e74ee95a40c1e860574
11961,train,run18|79dc73823c839eea1e1d353d
11962,train,run18|bfa9f5f8db87a973f2bf44d4
11963,train,run18|fc6f98c7bd58b36e61069b10
11964,train,run18|f537d63a7b53c19cde132948
11965,val,run18|55b3cbfededd768552436591
11966,train,run18|79fc674e728ccbb3b86f10d6
11967,test,run18|7c483d748e2b6eea17ffbac0
11968,train,run18|0189f010267768a5d649300d
11969,test,run18|4fae2ff0229265f0e21c62ba
11970,train,run18|d1337875bdb434478b21cbc3
11971,train,run18|ea4a63b8d60a65085a1a1227
11972,train,run18|92ac072402b06003d856f4df
11973,train,run18|de06e68c1ceb8e3d2c23cad9
11974,train,run18|10f5f3c137ef84c823e1e749
11975,test,run18|261456e3b650bd7a89105a1d
11976,train,run18|708f75f2042a7aeb3d4102bb
11977,val,run18|9ce311516a0699207f6dbab2
11978,train,run18|2bc954aa862c1c35ae8f967c
11979,test,run18|72013436c2449e50066958a4
11980,test,run18|39287464ba3e841d948d2c8d
11981,train,run18|408ce5c0f99b3cc61f8a1fea
11982,train,run18|ecff665aaed3b3ca0dae5112
11983,val,run18|81658cd4396c48f1d9b7367d
11984,test,run18|53a553adfbc9ec1e56c2da62
11985,test,run18|f1538e25cfbf106412c4a823
11986,val,run18|d8761c0a190cd5d6e35fbd93
11987,val,run18|d954a6d04ff041ef14f39da1
11988,val,run18|ff8af35d59be22f1a319433a
11989,train,run18|052bf728b050087c0939f2a9
11990,val,run18|de649cd3b5e340ecc16e5b58
11991,train,run18|320b31732bba5a62ac12c6f8
11992,val,run18|fb286fcab8bdf961505d8b4f
11993,val,run18|b0b632b1bfacb9e5c56044cd
11994,test,run18|bf8796e916377347542c1247
11995,train,run18|5bba221a0f98161a682c7b0a
11996,val,run18|6bb1ccef0ba66719fafe1ec5
11997,test,run18|72e816a11c4a788e73727f4d
11998,train,run18|ba2ed63e42c0402a3bb16546
11999,test,run18|f49eb5684e5e3b1c28318441
12000,train,run18|e252c0568c08363ba622060b
12001,train,run18|dad4ced5c7ee96b655510a3d
12002,train,run18|85c89ad807cc614f5d420694
12003,train,run18|73ce63a7a93ecbc4e2df0ec1
12004,val,run18|349371f83f8663813c1f3b23
12005,train,run18|2b2cd9d1c199b369ced4b158
12006,val,run18|e7efbec030336caa2ef8aebf
12007,train,run18|3defbb24650d1a2e2916ab8c
12008,train,run18|1bd6ada8651602b4dc398af5
12009,train,run18|7557a21d998b23e525fd54fd
12010,val,run18|f52e25c0334ba64dca5e7632
12011,train,run18|fa7e2dd8fcd12304a95b551c
12012,train,run18|b6362e5edc1ea6b44069e32d
12013,val,run18|7a2ecf9915ab64bb3b7a8c2c
12014,val,run18|f37700b54c992eb2a72840ce
12015,val,run18|0e93b39c67d3854e0d15c785
12016,val,run18|64f6c315208e1557e5024295
12017,train,run18|753003a3bedf2fbf86978aeb
12018,val,run18|720fa14f1afdddad2a4b45f2
12019,train,run18|45d57ac47b99432c64fd1444
12020,val,run18|4e8f264c17a79a19c5728321
12021,train,run18|907f8955a1c420456b2cf6d5
12022,test,run18|9ed96c46f6240132e3af7687
12023,test,run18|43861e74ee95a40c1e860574
12024,train,run18|79dc73823c839eea1e1d353d
12025,train,run18|bfa9f5f8db87a973f2bf44d4
12026,train,run18|fc6f98c7bd58b36e61069b10
12027,train,run18|f537d63a7b53c19cde132948
12028,val,run18|55b3cbfededd768552436591
12029,train,run18|79fc674e728ccbb3b86f10d6
12030,test,run18|7c483d748e2b6eea17ffbac0
12031,train,run18|0189f010267768a5d649300d
12032,test,run18|4fae2ff0229265f0e21c62ba
12033,test,run18|dacd7caca45a347418e281bc
12034,train,run18|997862384ff3555b9f9ffbba
12035,train,run18|5ad106003231f5c7d1304d32
12036,test,run18|9ba9850dbc098afab3d55248
12037,train,run18|d1337875bdb434478b21cbc3
12038,train,run18|ea4a63b8d60a65085a1a1227
12039,train,run18|92ac072402b06003d856f4df
12040,train,run18|de06e68c1ceb8e3d2c23cad9
12041,train,run18|10f5f3c137ef84c823e1e749
12042,test,run18|261456e3b650bd7a89105a1d
12043,train,run18|708f75f2042a7aeb3d4102bb
12044,val,run18|9ce311516a0699207f6dbab2
12045,train,run18|2bc954aa862c1c35ae8f967c
12046,test,run18|72013436c2449e50066958a4
12047,test,run18|39287464ba3e841d948d2c8d
12048,train,run18|408ce5c0f99b3cc61f8a1fea
12049,train,run18|ecff665aaed3b3ca0dae5112
12050,val,run18|81658cd4396c48f1d9b7367d
12051,test,run18|53a553adfbc9ec1e56c2da62
12052,test,run18|f1538e25cfbf106412c4a823
12053,val,run18|d8761c0a190cd5d6e35fbd93
12054,val,run18|d954a6d04ff041ef14f39da1
12055,val,run18|ff8af35d59be22f1a319433a
12056,train,run18|052bf728b050087c0939f2a9
12057,val,run18|de649cd3b5e340ecc16e5b58
12058,train,run18|320b31732bba5a62ac12c6f8
12059,val,run18|fb286fcab8bdf961505d8b4f
12060,val,run18|b0b632b1bfacb9e5c56044cd
12061,test,run18|bf8796e916377347542c1247
12062,train,run18|5bba221a0f98161a682c7b0a
12063,val,run18|6bb1ccef0ba66719fafe1ec5
12064,test,run18|72e816a11c4a788e73727f4d
12065,train,run18|ba2ed63e42c0402a3bb16546
12066,test,run18|f49eb5684e5e3b1c28318441
12067,train,run18|e252c0568c08363ba622060b
12068,train,run18|dad4ced5c7ee96b655510a3d
12069,train,run18|85c89ad807cc614f5d420694
12070,train,run18|73ce63a7a93ecbc4e2df0ec1
12071,val,run18|349371f83f8663813c1f3b23
12072,train,run18|2b2cd9d1c199b369ced4b158
12073,val,run18|e7efbec030336caa2ef8aebf
12074,train,run18|3defbb24650d1a2e2916ab8c
12075,train,run18|1bd6ada8651602b4dc398af5
12076,train,run18|7557a21d998b23e525fd54fd
12077,val,run18|f52e25c0334ba64dca5e7632
12078,train,run18|fa7e2dd8fcd12304a95b551c
12079,train,run18|b6362e5edc1ea6b44069e32d
12080,val,run18|7a2ecf9915ab64bb3b7a8c2c
12081,val,run18|f37700b54c992eb2a72840ce
12082,val,run18|0e93b39c67d3854e0d15c785
12083,val,run18|64f6c315208e1557e5024295
12084,train,run18|753003a3bedf2fbf86978aeb
12085,val,run18|720fa14f1afdddad2a4b45f2
12086,train,run18|45d57ac47b99432c64fd1444
12087,val,run18|4e8f264c17a79a19c5728321
12088,train,run18|907f8955a1c420456b2cf6d5
12089,test,run18|9ed96c46f6240132e3af7687
12090,test,run18|43861e74ee95a40c1e860574
12091,train,run18|79dc73823c839eea1e1d353d
12092,train,run18|bfa9f5f8db87a973f2bf44d4
12093,train,run18|fc6f98c7bd58b36e61069b10
12094,train,run18|f537d63a7b53c19cde132948
12095,val,run18|55b3cbfededd768552436591
12096,train,run18|79fc674e728ccbb3b86f10d6
12097,test,run18|7c483d748e2b6eea17ffbac0
12098,train,run18|0189f010267768a5d649300d
12099,test,run18|4fae2ff0229265f0e21c62ba
12100,test,run18|2688a72e018d696fda5f8848
12101,test,run18|e44f46f9bd475aa07c3bdb9a
12102,train,run18|749bd4bc240248b8c11b2b60
12103,train,run18|d1337875bdb434478b21cbc3
12104,train,run18|ea4a63b8d60a65085a1a1227
12105,train,run18|92ac072402b06003d856f4df
12106,train,run18|de06e68c1ceb8e3d2c23cad9
12107,train,run18|10f5f3c137ef84c823e1e749
12108,test,run18|261456e3b650bd7a89105a1d
12109,train,run18|708f75f2042a7aeb3d4102bb
12110,val,run18|9ce311516a0699207f6dbab2
12111,train,run18|2bc954aa862c1c35ae8f967c
12112,test,run18|72013436c2449e50066958a4
12113,test,run18|39287464ba3e841d948d2c8d
12114,train,run18|408ce5c0f99b3cc61f8a1fea
12115,train,run18|ecff665aaed3b3ca0dae5112
12116,val,run18|81658cd4396c48f1d9b7367d
12117,test,run18|53a553adfbc9ec1e56c2da62
12118,test,run18|f1538e25cfbf106412c4a823
12119,val,run18|d8761c0a190cd5d6e35fbd93
12120,val,run18|d954a6d04ff041ef14f39da1
12121,val,run18|ff8af35d59be22f1a319433a
12122,train,run18|052bf728b050087c0939f2a9
12123,val,run18|de649cd3b5e340ecc16e5b58
12124,train,run18|320b31732bba5a62ac12c6f8
12125,val,run18|fb286fcab8bdf961505d8b4f
12126,val,run18|b0b632b1bfacb9e5c56044cd
12127,test,run18|bf8796e916377347542c1247
12128,train,run18|5bba221a0f98161a682c7b0a
12129,val,run18|6bb1ccef0ba66719fafe1ec5
12130,test,run18|72e816a11c4a788e73727f4d
12131,train,run18|ba2ed63e42c0402a3bb16546
12132,test,run18|f49eb5684e5e3b1c28318441
12133,train,run18|e252c0568c08363ba622060b
12134,train,run18|dad4ced5c7ee96b655510a3d
12135,train,run18|85c89ad807cc614f5d420694
12136,train,run18|73ce63a7a93ecbc4e2df0ec1
12137,val,run18|349371f83f8663813c1f3b23
12138,train,run18|2b2cd9d1c199b369ced4b158
12139,val,run18|e7efbec030336caa2ef8aebf
12140,train,run18|3defbb24650d1a2e2916ab8c
12141,train,run18|1bd6ada8651602b4dc398af5
12142,train,run18|7557a21d998b23e525fd54fd
12143,val,run18|f52e25c0334ba64dca5e7632
12144,train,run18|fa7e2dd8fcd12304a95b551c
12145,train,run18|b6362e5edc1ea6b44069e32d
12146,val,run18|7a2ecf9915ab64bb3b7a8c2c
12147,val,run18|f37700b54c992eb2a72840ce
12148,val,run18|0e93b39c67d3854e0d15c785
12149,val,run18|64f6c315208e1557e5024295
12150,train,run18|753003a3bedf2fbf86978aeb
12151,val,run18|720fa14f1afdddad2a4b45f2
12152,train,run18|45d57ac47b99432c64fd1444
12153,val,run18|4e8f264c17a79a19c5728321
12154,train,run18|907f8955a1c420456b2cf6d5
12155,test,run18|9ed96c46f6240132e3af7687
12156,test,run18|43861e74ee95a40c1e860574
12157,train,run18|79dc73823c839eea1e1d353d
12158,train,run18|bfa9f5f8db87a973f2bf44d4
12159,train,run18|fc6f98c7bd58b36e61069b10
12160,train,run18|f537d63a7b53c19cde132948
12161,val,run18|55b3cbfededd768552436591
12162,train,run18|79fc674e728ccbb3b86f10d6
12163,test,run18|7c483d748e2b6eea17ffbac0
12164,train,run18|0189f010267768a5d649300d
12165,test,run18|4fae2ff0229265f0e21c62ba
12166,test,run18|b98f0a098e7df3d33ed17040
12167,train,run19|5488c293bf44ba5479ecac2e
12168,train,run19|a8ca3b2f4ed40e05442aeff9
12169,train,run19|8dcb4fbcc38c9cac58ebcb7d
12170,train,run19|bde57acc003c4f6d696e74dc
12171,train,run19|abf53cc3164e59e5f3bbaae4
12172,train,run19|aee4b81d530804e743c4a692
12173,val,run19|94948f3cbb4aef7170ef143b
12174,train,run19|b4bf210c7d88533b5dd43208
12175,train,run19|351e2a3e99bfa6e8c8819735
12176,test,run19|e9e231dbe79f742955508e4a
12177,test,run19|b3cc7333da060825f4bab85b
12178,val,run19|2757071afc3cf82e99820900
12179,train,run19|29f9c5e15fa06e2d2d9d4510
12180,val,run19|592821ce6c98e1cbfeb8d836
12181,val,run19|49c2e3b66e5c7a6a2c85593c
12182,test,run19|315b4c8374e468be20025ae4
12183,val,run19|a7d84d72877c7fef8f80fd42
12184,val,run19|6f1fbbd094aede3ad98501d4
12185,train,run19|dbf159d8bdb9afd497870a16
12186,train,run19|d1807f2b80d2036a6ff0ed76
12187,train,run19|2c94313d00b40e68f3942fff
12188,train,run19|9b124b16c44148ad65bd3a67
12189,val,run19|1f5a47134a5bd85e59c34783
12190,val,run19|d6d14dbce80261ec7b60adff
12191,train,run19|9b558fcfcc9026727d6c3b9e
12192,train,run19|88976cc75ef61f1558b9dd3c
12193,train,run19|a59f079eb3956998ccf4c268
12194,train,run19|8a5306502a130752d90b289c
12195,test,run19|d091f0e8d9522638a479201b
12196,train,run19|36c3d6ed7189e99af67128cc
12197,train,run19|412257032040ee4a03ec5286
12198,train,run19|4f223e66e5c244566a4d7061
12199,val,run19|c6db8aa36913468249b75bdc
12200,val,run19|49c65a026a45cd5b43a0060d
12201,train,run19|d899083e5198aaf2f7bc22b1
12202,test,run19|3a9d7c64bd5a1facfce909d3
12203,train,run19|1f431c1518973516d6d4e080
12204,train,run19|33acaaca62c81751a4e35ddf
12205,train,run19|4bfe3f7ce936c98ceaadfe75
12206,train,run19|802363c5581f529f5378d306
12207,train,run19|e0f78fdfae23cfe4e404575f
12208,test,run19|870cdf6bcaf15f8f31a04f22
12209,train,run19|1fb44294b4a36063c1ec31d5
12210,train,run19|420d56759cadc5e611d41374
12211,val,run19|75803b601ae557ad91927d08
12212,train,run19|44512db7180654d48c44edbe
12213,test,run19|e21d97237da4160f826603a4
12214,test,run19|e85efed4453a84dbaa3d02cb
12215,train,run19|3f21e3032805f796901ecdef
12216,train,run19|128fc1854637f267f0bf9d8f
12217,val,run19|44472ace43a357ba4911c11d
12218,train,run19|9100b2f6ed2466c904b431ed
12219,train,run19|8970ea75238d5dfce2c98e9e
12220,test,run19|24a8b524ba15d2efe17ca4ef
12221,val,run19|d837ff2dbca4de321e7c98b2
12222,val,run19|bbfd84152bb4017ce23a3a68
12223,val,run19|3f58c33f1e50a09e170d40d2
12224,test,run19|895381f63876b7bc8930e83f
12225,train,run19|7150a259439dfa07d3638359
12226,val,run19|f8646feaa3c9668a3d39d6a1
12227,val,run19|3b57d5d6d555fd451fd1c5e8
12228,train,run19|817fa1fc0e1378493b8cb5c4
12229,val,run19|781b5b02c674864a9a317847
12230,train,run19|d583924879b58524f88692f9
12231,train,run19|6018657b85ddcb628f978764
12232,train,run19|ef9a73d69ce8586309d6feeb
12233,train,run19|cf310a1480c2b40ccdfd2cdc
12234,train,run19|c963b007adee34bcfc7b01b6
12235,train,run19|6d142bdd97c770856fa74279
12236,train,run19|217c4db3038dfefc48d785aa
12237,train,run19|59c5d17d26273978481a2dc3
12238,test,run19|33028545ac8a7fde41230c20
12239,val,run19|145da4ea0285d906ca3df1ac
12240,test,run19|6f7ba8365d8c2114b30489ea
12241,val,run19|43ba2b44447f25a9c195d022
12242,val,run19|7c502eee05d63bd0c5fb70b7
12243,val,run19|e171ba86807913109779d190
12244,train,run19|4b9196ef334940a340f1f92e
12245,test,run19|a23ee063eb3dd76fa6039e8c
12246,train,run19|5488c293bf44ba5479ecac2e
12247,train,run19|a8ca3b2f4ed40e05442aeff9
12248,train,run19|8dcb4fbcc38c9cac58ebcb7d
12249,train,run19|bde57acc003c4f6d696e74dc
12250,train,run19|abf53cc3164e59e5f3bbaae4
12251,train,run19|aee4b81d530804e743c4a692
12252,val,run19|94948f3cbb4aef7170ef143b
12253,train,run19|b4bf210c7d88533b5dd43208
12254,train,run19|351e2a3e99bfa6e8c8819735
12255,test,run19|e9e231dbe79f742955508e4a
12256,test,run19|b3cc7333da060825f4bab85b
12257,val,run19|2757071afc3cf82e99820900
12258,train,run19|29f9c5e15fa06e2d2d9d4510
12259,val,run19|592821ce6c98e1cbfeb8d836
12260,val,run19|49c2e3b66e5c7a6a2c85593c
12261,test,run19|315b4c8374e468be20025ae4
12262,val,run19|a7d84d72877c7fef8f80fd42
12263,val,run19|6f1fbbd094aede3ad98501d4
12264,train,run19|dbf159d8bdb9afd497870a16
12265,train,run19|d1807f2b80d2036a6ff0ed76
12266,train,run19|2c94313d00b40e68f3942fff
12267,train,run19|9b124b16c44148ad65bd3a67
12268,val,run19|1f5a47134a5bd85e59c34783
12269,val,run19|d6d14dbce80261ec7b60adff
12270,train,run19|9b558fcfcc9026727d6c3b9e
12271,train,run19|88976cc75ef61f1558b9dd3c
12272,train,run19|a59f079eb3956998ccf4c268
12273,train,run19|8a5306502a130752d90b289c
12274,test,run19|d091f0e8d9522638a479201b
12275,train,run19|36c3d6ed7189e99af67128cc
12276,train,run19|412257032040ee4a03ec5286
12277,train,run19|4f223e66e5c244566a4d7061
12278,val,run19|c6db8aa36913468249b75bdc
12279,val,run19|49c65a026a45cd5b43a0060d
12280,train,run19|d899083e5198aaf2f7bc22b1
12281,test,run19|3a9d7c64bd5a1facfce909d3
12282,train,run19|1f431c1518973516d6d4e080
12283,train,run19|33acaaca62c81751a4e35ddf
12284,train,run19|4bfe3f7ce936c98ceaadfe75
12285,train,run19|802363c5581f529f5378d306
12286,train,run19|e0f78fdfae23cfe4e404575f
12287,test,run19|870cdf6bcaf15f8f31a04f22
12288,train,run19|1fb44294b4a36063c1ec31d5
12289,train,run19|420d56759cadc5e611d41374
12290,val,run19|75803b601ae557ad91927d08
12291,train,run19|44512db7180654d48c44edbe
12292,test,run19|e21d97237da4160f826603a4
12293,test,run19|e85efed4453a84dbaa3d02cb
12294,train,run19|3f21e3032805f796901ecdef
12295,train,run19|128fc1854637f267f0bf9d8f
12296,val,run19|44472ace43a357ba4911c11d
12297,train,run19|9100b2f6ed2466c904b431ed
12298,train,run19|8970ea75238d5dfce2c98e9e
12299,test,run19|24a8b524ba15d2efe17ca4ef
12300,val,run19|d837ff2dbca4de321e7c98b2
12301,val,run19|bbfd84152bb4017ce23a3a68
12302,val,run19|3f58c33f1e50a09e170d40d2
12303,test,run19|895381f63876b7bc8930e83f
12304,train,run19|7150a259439dfa07d3638359
12305,val,run19|f8646feaa3c9668a3d39d6a1
12306,val,run19|3b57d5d6d555fd451fd1c5e8
12307,train,run19|817fa1fc0e1378493b8cb5c4
12308,val,run19|781b5b02c674864a9a317847
12309,train,run19|5488c293bf44ba5479ecac2e
12310,train,run19|a8ca3b2f4ed40e05442aeff9
12311,train,run19|8dcb4fbcc38c9cac58ebcb7d
12312,train,run19|bde57acc003c4f6d696e74dc
12313,train,run19|abf53cc3164e59e5f3bbaae4
12314,train,run19|aee4b81d530804e743c4a692
12315,val,run19|94948f3cbb4aef7170ef143b
12316,train,run19|b4bf210c7d88533b5dd43208
12317,train,run19|351e2a3e99bfa6e8c8819735
12318,test,run19|e9e231dbe79f742955508e4a
12319,test,run19|b3cc7333da060825f4bab85b
12320,val,run19|2757071afc3cf82e99820900
12321,train,run19|29f9c5e15fa06e2d2d9d4510
12322,val,run19|592821ce6c98e1cbfeb8d836
12323,val,run19|49c2e3b66e5c7a6a2c85593c
12324,test,run19|315b4c8374e468be20025ae4
12325,val,run19|a7d84d72877c7fef8f80fd42
12326,val,run19|6f1fbbd094aede3ad98501d4
12327,train,run19|dbf159d8bdb9afd497870a16
12328,train,run19|d1807f2b80d2036a6ff0ed76
12329,train,run19|2c94313d00b40e68f3942fff
12330,train,run19|9b124b16c44148ad65bd3a67
12331,val,run19|1f5a47134a5bd85e59c34783
12332,val,run19|d6d14dbce80261ec7b60adff
12333,train,run19|9b558fcfcc9026727d6c3b9e
12334,train,run19|88976cc75ef61f1558b9dd3c
12335,train,run19|a59f079eb3956998ccf4c268
12336,train,run19|8a5306502a130752d90b289c
12337,test,run19|d091f0e8d9522638a479201b
12338,train,run19|36c3d6ed7189e99af67128cc
12339,train,run19|412257032040ee4a03ec5286
12340,train,run19|4f223e66e5c244566a4d7061
12341,val,run19|c6db8aa36913468249b75bdc
12342,val,run19|49c65a026a45cd5b43a0060d
12343,train,run19|d899083e5198aaf2f7bc22b1
12344,test,run19|3a9d7c64bd5a1facfce909d3
12345,train,run19|1f431c1518973516d6d4e080
12346,train,run19|33acaaca62c81751a4e35ddf
12347,train,run19|4bfe3f7ce936c98ceaadfe75
12348,train,run19|802363c5581f529f5378d306
12349,train,run19|e0f78fdfae23cfe4e404575f
12350,test,run19|870cdf6bcaf15f8f31a04f22
12351,train,run19|1fb44294b4a36063c1ec31d5
12352,train,run19|420d56759cadc5e611d41374
12353,val,run19|75803b601ae557ad91927d08
12354,train,run19|44512db7180654d48c44edbe
12355,test,run19|e21d97237da4160f826603a4
12356,test,run19|e85efed4453a84dbaa3d02cb
12357,train,run19|3f21e3032805f796901ecdef
12358,train,run19|128fc1854637f267f0bf9d8f
12359,val,run19|44472ace43a357ba4911c11d
12360,train,run19|9100b2f6ed2466c904b431ed
12361,train,run19|8970ea75238d5dfce2c98e9e
12362,test,run19|24a8b524ba15d2efe17ca4ef
12363,val,run19|d837ff2dbca4de321e7c98b2
12364,val,run19|bbfd84152bb4017ce23a3a68
12365,val,run19|3f58c33f1e50a09e170d40d2
12366,test,run19|895381f63876b7bc8930e83f
12367,train,run19|7150a259439dfa07d3638359
12368,val,run19|f8646feaa3c9668a3d39d6a1
12369,val,run19|3b57d5d6d555fd451fd1c5e8
12370,train,run19|817fa1fc0e1378493b8cb5c4
12371,val,run19|781b5b02c674864a9a317847
12372,train,run19|5488c293bf44ba5479ecac2e
12373,train,run19|a8ca3b2f4ed40e05442aeff9
12374,train,run19|8dcb4fbcc38c9cac58ebcb7d
12375,train,run19|bde57acc003c4f6d696e74dc
12376,train,run19|abf53cc3164e59e5f3bbaae4
12377,train,run19|aee4b81d530804e743c4a692
12378,val,run19|94948f3cbb4aef7170ef143b
12379,train,run19|b4bf210c7d88533b5dd43208
12380,train,run19|351e2a3e99bfa6e8c8819735
12381,test,run19|e9e231dbe79f742955508e4a
12382,test,run19|b3cc7333da060825f4bab85b
12383,val,run19|2757071afc3cf82e99820900
12384,train,run19|29f9c5e15fa06e2d2d9d4510
12385,val,run19|592821ce6c98e1cbfeb8d836
12386,val,run19|49c2e3b66e5c7a6a2c85593c
12387,test,run19|315b4c8374e468be20025ae4
12388,val,run19|a7d84d72877c7fef8f80fd42
12389,val,run19|6f1fbbd094aede3ad98501d4
12390,train,run19|dbf159d8bdb9afd497870a16
12391,train,run19|d1807f2b80d2036a6ff0ed76
12392,train,run19|2c94313d00b40e68f3942fff
12393,train,run19|9b124b16c44148ad65bd3a67
12394,val,run19|1f5a47134a5bd85e59c34783
12395,val,run19|d6d14dbce80261ec7b60adff
12396,train,run19|9b558fcfcc9026727d6c3b9e
12397,train,run19|88976cc75ef61f1558b9dd3c
12398,train,run19|a59f079eb3956998ccf4c268
12399,train,run19|8a5306502a130752d90b289c
12400,test,run19|d091f0e8d9522638a479201b
12401,train,run19|36c3d6ed7189e99af67128cc
12402,train,run19|412257032040ee4a03ec5286
12403,train,run19|4f223e66e5c244566a4d7061
12404,val,run19|c6db8aa36913468249b75bdc
12405,val,run19|49c65a026a45cd5b43a0060d
12406,train,run19|d899083e5198aaf2f7bc22b1
12407,test,run19|3a9d7c64bd5a1facfce909d3
12408,train,run19|1f431c1518973516d6d4e080
12409,train,run19|33acaaca62c81751a4e35ddf
12410,train,run19|4bfe3f7ce936c98ceaadfe75
12411,train,run19|802363c5581f529f5378d306
12412,train,run19|e0f78fdfae23cfe4e404575f
12413,test,run19|870cdf6bcaf15f8f31a04f22
12414,train,run19|1fb44294b4a36063c1ec31d5
12415,train,run19|420d56759cadc5e611d41374
12416,val,run19|75803b601ae557ad91927d08
12417,train,run19|44512db7180654d48c44edbe
12418,test,run19|e21d97237da4160f826603a4
12419,test,run19|e85efed4453a84dbaa3d02cb
12420,train,run19|3f21e3032805f796901ecdef
12421,train,run19|128fc1854637f267f0bf9d8f
12422,val,run19|44472ace43a357ba4911c11d
12423,train,run19|9100b2f6ed2466c904b431ed
12424,train,run19|8970ea75238d5dfce2c98e9e
12425,test,run19|24a8b524ba15d2efe17ca4ef
12426,val,run19|d837ff2dbca4de321e7c98b2
12427,val,run19|bbfd84152bb4017ce23a3a68
12428,val,run19|3f58c33f1e50a09e170d40d2
12429,test,run19|895381f63876b7bc8930e83f
12430,train,run19|7150a259439dfa07d3638359
12431,val,run19|f8646feaa3c9668a3d39d6a1
12432,val,run19|3b57d5d6d555fd451fd1c5e8
12433,train,run19|817fa1fc0e1378493b8cb5c4
12434,val,run19|781b5b02c674864a9a317847
12435,train,run19|5488c293bf44ba5479ecac2e
12436,train,run19|a8ca3b2f4ed40e05442aeff9
12437,train,run19|8dcb4fbcc38c9cac58ebcb7d
12438,train,run19|bde57acc003c4f6d696e74dc
12439,train,run19|abf53cc3164e59e5f3bbaae4
12440,train,run19|aee4b81d530804e743c4a692
12441,val,run19|94948f3cbb4aef7170ef143b
12442,train,run19|b4bf210c7d88533b5dd43208
12443,train,run19|351e2a3e99bfa6e8c8819735
12444,test,run19|e9e231dbe79f742955508e4a
12445,test,run19|b3cc7333da060825f4bab85b
12446,val,run19|2757071afc3cf82e99820900
12447,train,run19|29f9c5e15fa06e2d2d9d4510
12448,val,run19|592821ce6c98e1cbfeb8d836
12449,val,run19|49c2e3b66e5c7a6a2c85593c
12450,test,run19|315b4c8374e468be20025ae4
12451,val,run19|a7d84d72877c7fef8f80fd42
12452,val,run19|6f1fbbd094aede3ad98501d4
12453,train,run19|dbf159d8bdb9afd497870a16
12454,train,run19|d1807f2b80d2036a6ff0ed76
12455,train,run19|2c94313d00b40e68f3942fff
12456,train,run19|9b124b16c44148ad65bd3a67
12457,val,run19|1f5a47134a5bd85e59c34783
12458,val,run19|d6d14dbce80261ec7b60adff
12459,train,run19|9b558fcfcc9026727d6c3b9e
12460,train,run19|88976cc75ef61f1558b9dd3c
12461,train,run19|a59f079eb3956998ccf4c268
12462,train,run19|8a5306502a130752d90b289c
12463,test,run19|d091f0e8d9522638a479201b
12464,train,run19|36c3d6ed7189e99af67128cc
12465,train,run19|412257032040ee4a03ec5286
12466,train,run19|4f223e66e5c244566a4d7061
12467,val,run19|c6db8aa36913468249b75bdc
12468,val,run19|49c65a026a45cd5b43a0060d
12469,train,run19|d899083e5198aaf2f7bc22b1
12470,test,run19|3a9d7c64bd5a1facfce909d3
12471,train,run19|1f431c1518973516d6d4e080
12472,train,run19|33acaaca62c81751a4e35ddf
12473,train,run19|4bfe3f7ce936c98ceaadfe75
12474,train,run19|802363c5581f529f5378d306
12475,train,run19|e0f78fdfae23cfe4e404575f
12476,test,run19|870cdf6bcaf15f8f31a04f22
12477,train,run19|1fb44294b4a36063c1ec31d5
12478,train,run19|420d56759cadc5e611d41374
12479,val,run19|75803b601ae557ad91927d08
12480,train,run19|44512db7180654d48c44edbe
12481,test,run19|e21d97237da4160f826603a4
12482,test,run19|e85efed4453a84dbaa3d02cb
12483,train,run19|3f21e3032805f796901ecdef
12484,train,run19|128fc1854637f267f0bf9d8f
12485,val,run19|44472ace43a357ba4911c11d
12486,train,run19|9100b2f6ed2466c904b431ed
12487,train,run19|8970ea75238d5dfce2c98e9e
12488,test,run19|24a8b524ba15d2efe17ca4ef
12489,val,run19|d837ff2dbca4de321e7c98b2
12490,val,run19|bbfd84152bb4017ce23a3a68
12491,val,run19|3f58c33f1e50a09e170d40d2
12492,test,run19|895381f63876b7bc8930e83f
12493,train,run19|7150a259439dfa07d3638359
12494,val,run19|f8646feaa3c9668a3d39d6a1
12495,val,run19|3b57d5d6d555fd451fd1c5e8
12496,train,run19|817fa1fc0e1378493b8cb5c4
12497,val,run19|781b5b02c674864a9a317847
12498,train,run19|5488c293bf44ba5479ecac2e
12499,train,run19|a8ca3b2f4ed40e05442aeff9
12500,train,run19|8dcb4fbcc38c9cac58ebcb7d
12501,train,run19|bde57acc003c4f6d696e74dc
12502,train,run19|abf53cc3164e59e5f3bbaae4
12503,train,run19|aee4b81d530804e743c4a692
12504,val,run19|94948f3cbb4aef7170ef143b
12505,train,run19|b4bf210c7d88533b5dd43208
12506,train,run19|351e2a3e99bfa6e8c8819735
12507,test,run19|e9e231dbe79f742955508e4a
12508,test,run19|b3cc7333da060825f4bab85b
12509,val,run19|2757071afc3cf82e99820900
12510,train,run19|29f9c5e15fa06e2d2d9d4510
12511,val,run19|592821ce6c98e1cbfeb8d836
12512,val,run19|49c2e3b66e5c7a6a2c85593c
12513,test,run19|315b4c8374e468be20025ae4
12514,val,run19|a7d84d72877c7fef8f80fd42
12515,val,run19|6f1fbbd094aede3ad98501d4
12516,train,run19|dbf159d8bdb9afd497870a16
12517,train,run19|d1807f2b80d2036a6ff0ed76
12518,train,run19|2c94313d00b40e68f3942fff
12519,train,run19|9b124b16c44148ad65bd3a67
12520,val,run19|1f5a47134a5bd85e59c34783
12521,val,run19|d6d14dbce80261ec7b60adff
12522,train,run19|9b558fcfcc9026727d6c3b9e
12523,train,run19|88976cc75ef61f1558b9dd3c
12524,train,run19|a59f079eb3956998ccf4c268
12525,train,run19|8a5306502a130752d90b289c
12526,test,run19|d091f0e8d9522638a479201b
12527,train,run19|36c3d6ed7189e99af67128cc
12528,train,run19|412257032040ee4a03ec5286
12529,train,run19|4f223e66e5c244566a4d7061
12530,val,run19|c6db8aa36913468249b75bdc
12531,val,run19|49c65a026a45cd5b43a0060d
12532,train,run19|d899083e5198aaf2f7bc22b1
12533,test,run19|3a9d7c64bd5a1facfce909d3
12534,train,run19|1f431c1518973516d6d4e080
12535,train,run19|33acaaca62c81751a4e35ddf
12536,train,run19|4bfe3f7ce936c98ceaadfe75
12537,train,run19|802363c5581f529f5378d306
12538,train,run19|e0f78fdfae23cfe4e404575f
12539,test,run19|870cdf6bcaf15f8f31a04f22
12540,train,run19|1fb44294b4a36063c1ec31d5
12541,train,run19|420d56759cadc5e611d41374
12542,val,run19|75803b601ae557ad91927d08
12543,train,run19|44512db7180654d48c44edbe
12544,test,run19|e21d97237da4160f826603a4
12545,test,run19|e85efed4453a84dbaa3d02cb
12546,train,run19|3f21e3032805f796901ecdef
12547,train,run19|128fc1854637f267f0bf9d8f
12548,val,run19|44472ace43a357ba4911c11d
12549,train,run19|9100b2f6ed2466c904b431ed
12550,train,run19|8970ea75238d5dfce2c98e9e
12551,test,run19|24a8b524ba15d2efe17ca4ef
12552,val,run19|d837ff2dbca4de321e7c98b2
12553,val,run19|bbfd84152bb4017ce23a3a68
12554,val,run19|3f58c33f1e50a09e170d40d2
12555,test,run19|895381f63876b7bc8930e83f
12556,train,run19|7150a259439dfa07d3638359
12557,val,run19|f8646feaa3c9668a3d39d6a1
12558,val,run19|3b57d5d6d555fd451fd1c5e8
12559,train,run19|817fa1fc0e1378493b8cb5c4
12560,val,run19|781b5b02c674864a9a317847
12561,train,run19|5488c293bf44ba5479ecac2e
12562,train,run19|a8ca3b2f4ed40e05442aeff9
12563,train,run19|8dcb4fbcc38c9cac58ebcb7d
12564,train,run19|bde57acc003c4f6d696e74dc
12565,train,run19|abf53cc3164e59e5f3bbaae4
12566,train,run19|aee4b81d530804e743c4a692
12567,val,run19|94948f3cbb4aef7170ef143b
12568,train,run19|b4bf210c7d88533b5dd43208
12569,train,run19|351e2a3e99bfa6e8c8819735
12570,test,run19|e9e231dbe79f742955508e4a
12571,test,run19|b3cc7333da060825f4bab85b
12572,val,run19|2757071afc3cf82e99820900
12573,train,run19|29f9c5e15fa06e2d2d9d4510
12574,val,run19|592821ce6c98e1cbfeb8d836
12575,val,run19|49c2e3b66e5c7a6a2c85593c
12576,test,run19|315b4c8374e468be20025ae4
12577,val,run19|a7d84d72877c7fef8f80fd42
12578,val,run19|6f1fbbd094aede3ad98501d4
12579,train,run19|dbf159d8bdb9afd497870a16
12580,train,run19|d1807f2b80d2036a6ff0ed76
12581,train,run19|2c94313d00b40e68f3942fff
12582,train,run19|9b124b16c44148ad65bd3a67
12583,val,run19|1f5a47134a5bd85e59c34783
12584,val,run19|d6d14dbce80261ec7b60adff
12585,train,run19|9b558fcfcc9026727d6c3b9e
12586,train,run19|88976cc75ef61f1558b9dd3c
12587,train,run19|a59f079eb3956998ccf4c268
12588,train,run19|8a5306502a130752d90b289c
12589,test,run19|d091f0e8d9522638a479201b
12590,train,run19|36c3d6ed7189e99af67128cc
12591,train,run19|412257032040ee4a03ec5286
12592,train,run19|4f223e66e5c244566a4d7061
12593,val,run19|c6db8aa36913468249b75bdc
12594,val,run19|49c65a026a45cd5b43a0060d
12595,train,run19|d899083e5198aaf2f7bc22b1
12596,test,run19|3a9d7c64bd5a1facfce909d3
12597,train,run19|1f431c1518973516d6d4e080
12598,train,run19|33acaaca62c81751a4e35ddf
12599,train,run19|4bfe3f7ce936c98ceaadfe75
12600,train,run19|802363c5581f529f5378d306
12601,train,run19|e0f78fdfae23cfe4e404575f
12602,test,run19|870cdf6bcaf15f8f31a04f22
12603,train,run19|1fb44294b4a36063c1ec31d5
12604,train,run19|420d56759cadc5e611d41374
12605,val,run19|75803b601ae557ad91927d08
12606,train,run19|44512db7180654d48c44edbe
12607,test,run19|e21d97237da4160f826603a4
12608,test,run19|e85efed4453a84dbaa3d02cb
12609,train,run19|3f21e3032805f796901ecdef
12610,train,run19|128fc1854637f267f0bf9d8f
12611,val,run19|44472ace43a357ba4911c11d
12612,train,run19|9100b2f6ed2466c904b431ed
12613,train,run19|8970ea75238d5dfce2c98e9e
12614,test,run19|24a8b524ba15d2efe17ca4ef
12615,val,run19|d837ff2dbca4de321e7c98b2
12616,val,run19|bbfd84152bb4017ce23a3a68
12617,val,run19|3f58c33f1e50a09e170d40d2
12618,test,run19|895381f63876b7bc8930e83f
12619,train,run19|7150a259439dfa07d3638359
12620,val,run19|f8646feaa3c9668a3d39d6a1
12621,val,run19|3b57d5d6d555fd451fd1c5e8
12622,train,run19|817fa1fc0e1378493b8cb5c4
12623,val,run19|781b5b02c674864a9a317847
12624,train,run19|5488c293bf44ba5479ecac2e
12625,train,run19|a8ca3b2f4ed40e05442aeff9
12626,train,run19|8dcb4fbcc38c9cac58ebcb7d
12627,train,run19|bde57acc003c4f6d696e74dc
12628,train,run19|abf53cc3164e59e5f3bbaae4
12629,train,run19|aee4b81d530804e743c4a692
12630,val,run19|94948f3cbb4aef7170ef143b
12631,train,run19|b4bf210c7d88533b5dd43208
12632,train,run19|351e2a3e99bfa6e8c8819735
12633,test,run19|e9e231dbe79f742955508e4a
12634,test,run19|b3cc7333da060825f4bab85b
12635,val,run19|2757071afc3cf82e99820900
12636,train,run19|29f9c5e15fa06e2d2d9d4510
12637,val,run19|592821ce6c98e1cbfeb8d836
12638,val,run19|49c2e3b66e5c7a6a2c85593c
12639,test,run19|315b4c8374e468be20025ae4
12640,val,run19|a7d84d72877c7fef8f80fd42
12641,val,run19|6f1fbbd094aede3ad98501d4
12642,train,run19|dbf159d8bdb9afd497870a16
12643,train,run19|d1807f2b80d2036a6ff0ed76
12644,train,run19|2c94313d00b40e68f3942fff
12645,train,run19|9b124b16c44148ad65bd3a67
12646,val,run19|1f5a47134a5bd85e59c34783
12647,val,run19|d6d14dbce80261ec7b60adff
12648,train,run19|9b558fcfcc9026727d6c3b9e
12649,train,run19|88976cc75ef61f1558b9dd3c
12650,train,run19|a59f079eb3956998ccf4c268
12651,train,run19|8a5306502a130752d90b289c
12652,test,run19|d091f0e8d9522638a479201b
12653,train,run19|36c3d6ed7189e99af67128cc
12654,train,run19|412257032040ee4a03ec5286
12655,train,run19|4f223e66e5c244566a4d7061
12656,val,run19|c6db8aa36913468249b75bdc
12657,val,run19|49c65a026a45cd5b43a0060d
12658,train,run19|d899083e5198aaf2f7bc22b1
12659,test,run19|3a9d7c64bd5a1facfce909d3
12660,train,run19|1f431c1518973516d6d4e080
12661,train,run19|33acaaca62c81751a4e35ddf
12662,train,run19|4bfe3f7ce936c98ceaadfe75
12663,train,run19|802363c5581f529f5378d306
12664,train,run19|e0f78fdfae23cfe4e404575f
12665,test,run19|870cdf6bcaf15f8f31a04f22
12666,train,run19|1fb44294b4a36063c1ec31d5
12667,train,run19|420d56759cadc5e611d41374
12668,val,run19|75803b601ae557ad91927d08
12669,train,run19|44512db7180654d48c44edbe
12670,test,run19|e21d97237da4160f826603a4
12671,test,run19|e85efed4453a84dbaa3d02cb
12672,train,run19|3f21e3032805f796901ecdef
12673,train,run19|128fc1854637f267f0bf9d8f
12674,val,run19|44472ace43a357ba4911c11d
12675,train,run19|9100b2f6ed2466c904b431ed
12676,train,run19|8970ea75238d5dfce2c98e9e
12677,test,run19|24a8b524ba15d2efe17ca4ef
12678,val,run19|d837ff2dbca4de321e7c98b2
12679,val,run19|bbfd84152bb4017ce23a3a68
12680,val,run19|3f58c33f1e50a09e170d40d2
12681,test,run19|895381f63876b7bc8930e83f
12682,train,run19|7150a259439dfa07d3638359
12683,val,run19|f8646feaa3c9668a3d39d6a1
12684,val,run19|3b57d5d6d555fd451fd1c5e8
12685,train,run19|817fa1fc0e1378493b8cb5c4
12686,val,run19|781b5b02c674864a9a317847
12687,train,run19|5488c293bf44ba5479ecac2e
12688,train,run19|a8ca3b2f4ed40e05442aeff9
12689,train,run19|8dcb4fbcc38c9cac58ebcb7d
12690,train,run19|bde57acc003c4f6d696e74dc
12691,train,run19|abf53cc3164e59e5f3bbaae4
12692,train,run19|aee4b81d530804e743c4a692
12693,val,run19|94948f3cbb4aef7170ef143b
12694,train,run19|b4bf210c7d88533b5dd43208
12695,train,run19|351e2a3e99bfa6e8c8819735
12696,test,run19|e9e231dbe79f742955508e4a
12697,test,run19|b3cc7333da060825f4bab85b
12698,val,run19|2757071afc3cf82e99820900
12699,train,run19|29f9c5e15fa06e2d2d9d4510
12700,val,run19|592821ce6c98e1cbfeb8d836
12701,val,run19|49c2e3b66e5c7a6a2c85593c
12702,test,run19|315b4c8374e468be20025ae4
12703,val,run19|a7d84d72877c7fef8f80fd42
12704,val,run19|6f1fbbd094aede3ad98501d4
12705,train,run19|dbf159d8bdb9afd497870a16
12706,train,run19|d1807f2b80d2036a6ff0ed76
12707,train,run19|2c94313d00b40e68f3942fff
12708,train,run19|9b124b16c44148ad65bd3a67
12709,val,run19|1f5a47134a5bd85e59c34783
12710,val,run19|d6d14dbce80261ec7b60adff
12711,train,run19|9b558fcfcc9026727d6c3b9e
12712,train,run19|88976cc75ef61f1558b9dd3c
12713,train,run19|a59f079eb3956998ccf4c268
12714,train,run19|8a5306502a130752d90b289c
12715,test,run19|d091f0e8d9522638a479201b
12716,train,run19|36c3d6ed7189e99af67128cc
12717,train,run19|412257032040ee4a03ec5286
12718,train,run19|4f223e66e5c244566a4d7061
12719,val,run19|c6db8aa36913468249b75bdc
12720,val,run19|49c65a026a45cd5b43a0060d
12721,train,run19|d899083e5198aaf2f7bc22b1
12722,test,run19|3a9d7c64bd5a1facfce909d3
12723,train,run19|1f431c1518973516d6d4e080
12724,train,run19|33acaaca62c81751a4e35ddf
12725,train,run19|4bfe3f7ce936c98ceaadfe75
12726,train,run19|802363c5581f529f5378d306
12727,train,run19|e0f78fdfae23cfe4e404575f
12728,test,run19|870cdf6bcaf15f8f31a04f22
12729,train,run19|1fb44294b4a36063c1ec31d5
12730,train,run19|420d56759cadc5e611d41374
12731,val,run19|75803b601ae557ad91927d08
12732,train,run19|44512db7180654d48c44edbe
12733,test,run19|e21d97237da4160f826603a4
12734,test,run19|e85efed4453a84dbaa3d02cb
12735,train,run19|3f21e3032805f796901ecdef
12736,train,run19|128fc1854637f267f0bf9d8f
12737,val,run19|44472ace43a357ba4911c11d
12738,train,run19|9100b2f6ed2466c904b431ed
12739,train,run19|8970ea75238d5dfce2c98e9e
12740,test,run19|24a8b524ba15d2efe17ca4ef
12741,val,run19|d837ff2dbca4de321e7c98b2
12742,val,run19|bbfd84152bb4017ce23a3a68
12743,val,run19|3f58c33f1e50a09e170d40d2
12744,test,run19|895381f63876b7bc8930e83f
12745,train,run19|7150a259439dfa07d3638359
12746,val,run19|f8646feaa3c9668a3d39d6a1
12747,val,run19|3b57d5d6d555fd451fd1c5e8
12748,train,run19|817fa1fc0e1378493b8cb5c4
12749,val,run19|781b5b02c674864a9a317847
12750,val,run19|43ba2b44447f25a9c195d022
12751,train,run19|5488c293bf44ba5479ecac2e
12752,train,run19|a8ca3b2f4ed40e05442aeff9
12753,train,run19|8dcb4fbcc38c9cac58ebcb7d
12754,train,run19|bde57acc003c4f6d696e74dc
12755,train,run19|abf53cc3164e59e5f3bbaae4
12756,train,run19|aee4b81d530804e743c4a692
12757,val,run19|94948f3cbb4aef7170ef143b
12758,train,run19|b4bf210c7d88533b5dd43208
12759,train,run19|351e2a3e99bfa6e8c8819735
12760,test,run19|e9e231dbe79f742955508e4a
12761,test,run19|b3cc7333da060825f4bab85b
12762,val,run19|2757071afc3cf82e99820900
12763,train,run19|29f9c5e15fa06e2d2d9d4510
12764,val,run19|592821ce6c98e1cbfeb8d836
12765,val,run19|49c2e3b66e5c7a6a2c85593c
12766,test,run19|315b4c8374e468be20025ae4
12767,val,run19|a7d84d72877c7fef8f80fd42
12768,val,run19|6f1fbbd094aede3ad98501d4
12769,train,run19|dbf159d8bdb9afd497870a16
12770,train,run19|d1807f2b80d2036a6ff0ed76
12771,train,run19|2c94313d00b40e68f3942fff
12772,train,run19|9b124b16c44148ad65bd3a67
12773,val,run19|1f5a47134a5bd85e59c34783
12774,val,run19|d6d14dbce80261ec7b60adff
12775,train,run19|9b558fcfcc9026727d6c3b9e
12776,train,run19|88976cc75ef61f1558b9dd3c
12777,train,run19|a59f079eb3956998ccf4c268
12778,train,run19|8a5306502a130752d90b289c
12779,test,run19|d091f0e8d9522638a479201b
12780,train,run19|36c3d6ed7189e99af67128cc
12781,train,run19|412257032040ee4a03ec5286
12782,train,run19|4f223e66e5c244566a4d7061
12783,val,run19|c6db8aa36913468249b75bdc
12784,val,run19|49c65a026a45cd5b43a0060d
12785,train,run19|d899083e5198aaf2f7bc22b1
12786,test,run19|3a9d7c64bd5a1facfce909d3
12787,train,run19|1f431c1518973516d6d4e080
12788,train,run19|33acaaca62c81751a4e35ddf
12789,train,run19|4bfe3f7ce936c98ceaadfe75
12790,train,run19|802363c5581f529f5378d306
12791,train,run19|e0f78fdfae23cfe4e404575f
12792,test,run19|870cdf6bcaf15f8f31a04f22
12793,train,run19|1fb44294b4a36063c1ec31d5
12794,train,run19|420d56759cadc5e611d41374
12795,val,run19|75803b601ae557ad91927d08
12796,train,run19|44512db7180654d48c44edbe
12797,test,run19|e21d97237da4160f826603a4
12798,test,run19|e85efed4453a84dbaa3d02cb
12799,train,run19|3f21e3032805f796901ecdef
12800,train,run19|128fc1854637f267f0bf9d8f
12801,val,run19|44472ace43a357ba4911c11d
12802,train,run19|9100b2f6ed2466c904b431ed
12803,train,run19|8970ea75238d5dfce2c98e9e
12804,test,run19|24a8b524ba15d2efe17ca4ef
12805,val,run19|d837ff2dbca4de321e7c98b2
12806,val,run19|bbfd84152bb4017ce23a3a68
12807,val,run19|3f58c33f1e50a09e170d40d2
12808,test,run19|895381f63876b7bc8930e83f
12809,train,run19|7150a259439dfa07d3638359
12810,val,run19|f8646feaa3c9668a3d39d6a1
12811,val,run19|3b57d5d6d555fd451fd1c5e8
12812,train,run19|817fa1fc0e1378493b8cb5c4
12813,val,run19|781b5b02c674864a9a317847
12814,test,run19|33028545ac8a7fde41230c20
12815,val,run19|145da4ea0285d906ca3df1ac
12816,test,run19|6f7ba8365d8c2114b30489ea
12817,train,run19|4b9196ef334940a340f1f92e
12818,test,run19|a23ee063eb3dd76fa6039e8c
12819,train,run19|5488c293bf44ba5479ecac2e
12820,train,run19|a8ca3b2f4ed40e05442aeff9
12821,train,run19|8dcb4fbcc38c9cac58ebcb7d
12822,train,run19|bde57acc003c4f6d696e74dc
12823,train,run19|abf53cc3164e59e5f3bbaae4
12824,train,run19|aee4b81d530804e743c4a692
12825,val,run19|94948f3cbb4aef7170ef143b
12826,train,run19|b4bf210c7d88533b5dd43208
12827,train,run19|351e2a3e99bfa6e8c8819735
12828,test,run19|e9e231dbe79f742955508e4a
12829,test,run19|b3cc7333da060825f4bab85b
12830,val,run19|2757071afc3cf82e99820900
12831,train,run19|29f9c5e15fa06e2d2d9d4510
12832,val,run19|592821ce6c98e1cbfeb8d836
12833,val,run19|49c2e3b66e5c7a6a2c85593c
12834,test,run19|315b4c8374e468be20025ae4
12835,val,run19|a7d84d72877c7fef8f80fd42
12836,val,run19|6f1fbbd094aede3ad98501d4
12837,train,run19|dbf159d8bdb9afd497870a16
12838,train,run19|d1807f2b80d2036a6ff0ed76
12839,train,run19|2c94313d00b40e68f3942fff
12840,train,run19|9b124b16c44148ad65bd3a67
12841,val,run19|1f5a47134a5bd85e59c34783
12842,val,run19|d6d14dbce80261ec7b60adff
12843,train,run19|9b558fcfcc9026727d6c3b9e
12844,train,run19|88976cc75ef61f1558b9dd3c
12845,train,run19|a59f079eb3956998ccf4c268
12846,train,run19|8a5306502a130752d90b289c
12847,test,run19|d091f0e8d9522638a479201b
12848,train,run19|36c3d6ed7189e99af67128cc
12849,train,run19|412257032040ee4a03ec5286
12850,train,run19|4f223e66e5c244566a4d7061
12851,val,run19|c6db8aa36913468249b75bdc
12852,val,run19|49c65a026a45cd5b43a0060d
12853,train,run19|d899083e5198aaf2f7bc22b1
12854,test,run19|3a9d7c64bd5a1facfce909d3
12855,train,run19|1f431c1518973516d6d4e080
12856,train,run19|33acaaca62c81751a4e35ddf
12857,train,run19|4bfe3f7ce936c98ceaadfe75
12858,train,run19|802363c5581f529f5378d306
12859,train,run19|e0f78fdfae23cfe4e404575f
12860,test,run19|870cdf6bcaf15f8f31a04f22
12861,train,run19|1fb44294b4a36063c1ec31d5
12862,train,run19|420d56759cadc5e611d41374
12863,val,run19|75803b601ae557ad91927d08
12864,train,run19|44512db7180654d48c44edbe
12865,test,run19|e21d97237da4160f826603a4
12866,test,run19|e85efed4453a84dbaa3d02cb
12867,train,run19|3f21e3032805f796901ecdef
12868,train,run19|128fc1854637f267f0bf9d8f
12869,val,run19|44472ace43a357ba4911c11d
12870,train,run19|9100b2f6ed2466c904b431ed
12871,train,run19|8970ea75238d5dfce2c98e9e
12872,test,run19|24a8b524ba15d2efe17ca4ef
12873,val,run19|d837ff2dbca4de321e7c98b2
12874,val,run19|bbfd84152bb4017ce23a3a68
12875,val,run19|3f58c33f1e50a09e170d40d2
12876,test,run19|895381f63876b7bc8930e83f
12877,train,run19|7150a259439dfa07d3638359
12878,val,run19|f8646feaa3c9668a3d39d6a1
12879,val,run19|3b57d5d6d555fd451fd1c5e8
12880,train,run19|817fa1fc0e1378493b8cb5c4
12881,val,run19|781b5b02c674864a9a317847
12882,val,run19|7c502eee05d63bd0c5fb70b7
12883,val,run19|e171ba86807913109779d190
12884,test,run20|cf9290459127f7792ed161b2
12885,train,run20|4d5eeaa0ecc3253871ff1c8e
12886,train,run20|1890eb05ee983b150544515c
12887,train,run20|0dde5bb047059769ee053146
12888,val,run20|aeaa8a5648ba354ed20130b2
12889,train,run20|9a8db228d73c6fc2d09b66c4
12890,train,run20|c2e46f5454aa31eb70c58d96
12891,train,run20|e565ae783f267af77a172bc7
12892,train,run20|596104a6078111a9b14739fc
12893,test,run20|066611c711f79ccb719fc16a
12894,test,run20|a9fa9b717844aa6b0fde7df0
12895,train,run20|e308e579cc1cb7c937b7cef7
12896,test,run20|8d7ccc2c2d1b9534da9dabf7
12897,val,run20|86b9207673e33bdca3071094
12898,val,run20|9574abc14510c4ff06d61d8e
12899,val,run20|c63f85dff04d89ef3f448c64
12900,test,run20|509b753b6c3fa6bdc2f855c7
12901,test,run20|dfa326791c55a519203965e5
12902,train,run20|c17227a04deac63ee8478cb9
12903,test,run20|6db5c0f293772eb795020fac
12904,val,run20|b365ac4fb3033c5c36f489a9
12905,train,run20|1bc5e6b49a934ec60ca1670e
12906,val,run20|88b0321a6a672b454360115a
12907,train,run20|b47919df11525896e311e4c2
12908,train,run20|66f5b52dcdbc6696801f138e
12909,train,run20|25decab7fc5f34e6ab840fed
12910,train,run20|5d1f51ae014633dacef3bc26
12911,train,run20|5767007feea6ba3508177a76
12912,train,run20|01d19d05e2e3899069aa2918
12913,train,run20|aa89bd34858dad4cfc82a932
12914,train,run20|769f28972cd388cbba9972d7
12915,test,run20|c97d12644bf314263ca4a3df
12916,train,run20|c45a7b762b4dc0085ce458a2
12917,train,run20|0a7bfe0d7807de7fa12f08f3
12918,train,run20|3a76be8981d59104564a8460
12919,train,run20|f1655f4a3812dd911ade2c19
12920,test,run20|2a5da3cd89c98517d79c3eee
12921,train,run20|25a05ed99466b13ae62bf867
12922,val,run20|3bbdb122ea6166e111ac9b91
12923,test,run20|1cbe7feeafb7e49b4d6e6677
12924,train,run20|ecadd2da51dabe29a987c9ea
12925,val,run20|7de4cc942794fc41f307f92e
12926,train,run20|27731af750fef2ba7c4e2eec
12927,train,run20|e9aae92dda6af06f0dee18ed
12928,train,run20|d480fc66b3f90b16dec2155e
12929,test,run20|5bdebaf958a6cf4a210d6a50
12930,val,run20|295e40e85fdd6547f70cd620
12931,train,run20|73c94ca149c22c69d80f498c
12932,train,run20|a2127cec2bbaed253c6ddb29
12933,train,run20|cdfeebc7cd8a773c8736f935
12934,train,run20|94c001523be1abfe648ddd10
12935,val,run20|dce4fec36f01288776ef7429
12936,train,run20|1e1c11b5f17e9d2d8481cf3d
12937,train,run20|2ff4d21f60d3112b087a2dfb
12938,train,run20|9af7107c614233ccfdbe07ec
12939,val,run20|59699323dc9cf2c32151712c
12940,val,run20|6266420ceaaabbaca383ce83
12941,train,run20|54dda6149c7f812ca6f1456b
12942,train,run20|035e416312a3fe41cdf363a6
12943,val,run20|3406a8fdd480262f59559b0d
12944,val,run20|50d3c8ca93957cd3bd6d7646
12945,val,run20|c169ba7713481a27ebce1259
12946,train,run20|894522424224c4f32f82574c
12947,train,run20|d9c216d6c2b6a96ae7ae0571
12948,test,run20|1a42c7601d863cfbc109fbc5
12949,train,run20|4c61594ffc7374fa0e133923
12950,train,run20|03c5b3ceabe81e7d451090bd
12951,test,run20|bcd3b78739055b63e98cee46
12952,train,run20|54fb381f056f1d9bdab5d962
12953,test,run20|77b6e71a7c5be718d0f9b89f
12954,val,run20|c75f0d5fecb95ea852d50849
12955,val,run20|0c7c111ef4235635d7ffc8c7
12956,test,run20|6963dc7532cdcc62e7806f1a
12957,train,run20|fc8471b66ef0f154861f4c1b
12958,train,run20|f1dc1351e418bc8c93e311be
12959,train,run20|fd2f78e0d956be6de1f76339
12960,train,run20|a24c5bfab0334b646bba1946
12961,val,run20|74dddebb0a55a18c4c6bff67
12962,val,run20|4a98176f1eb0cac5a9156278
12963,test,run20|cf9290459127f7792ed161b2
12964,train,run20|4d5eeaa0ecc3253871ff1c8e
12965,train,run20|1890eb05ee983b150544515c
12966,train,run20|0dde5bb047059769ee053146
12967,val,run20|aeaa8a5648ba354ed20130b2
12968,train,run20|9a8db228d73c6fc2d09b66c4
12969,train,run20|c2e46f5454aa31eb70c58d96
12970,train,run20|e565ae783f267af77a172bc7
12971,train,run20|596104a6078111a9b14739fc
12972,test,run20|066611c711f79ccb719fc16a
12973,test,run20|a9fa9b717844aa6b0fde7df0
12974,train,run20|e308e579cc1cb7c937b7cef7
12975,test,run20|8d7ccc2c2d1b9534da9dabf7
12976,val,run20|86b9207673e33bdca3071094
12977,val,run20|9574abc14510c4ff06d61d8e
12978,val,run20|c63f85dff04d89ef3f448c64
12979,test,run20|509b753b6c3fa6bdc2f855c7
12980,test,run20|dfa326791c55a519203965e5
12981,train,run20|c17227a04deac63ee8478cb9
12982,test,run20|6db5c0f293772eb795020fac
12983,val,run20|b365ac4fb3033c5c36f489a9
12984,train,run20|1bc5e6b49a934ec60ca1670e
12985,val,run20|88b0321a6a672b454360115a
12986,train,run20|b47919df11525896e311e4c2
12987,train,run20|66f5b52dcdbc6696801f138e
12988,train,run20|25decab7fc5f34e6ab840fed
12989,train,run20|5d1f51ae014633dacef3bc26
12990,train,run20|5767007feea6ba3508177a76
12991,train,run20|01d19d05e2e3899069aa2918
12992,train,run20|aa89bd34858dad4cfc82a932
12993,train,run20|769f28972cd388cbba9972d7
12994,test,run20|c97d12644bf314263ca4a3df
12995,train,run20|c45a7b762b4dc0085ce458a2
12996,train,run20|0a7bfe0d7807de7fa12f08f3
12997,train,run20|3a76be8981d59104564a8460
12998,train,run20|f1655f4a3812dd911ade2c19
12999,test,run20|2a5da3cd89c98517d79c3eee
13000,train,run20|25a05ed99466b13ae62bf867
13001,val,run20|3bbdb122ea6166e111ac9b91
13002,test,run20|1cbe7feeafb7e49b4d6e6677
13003,train,run20|ecadd2da51dabe29a987c9ea
13004,val,run20|7de4cc942794fc41f307f92e
13005,train,run20|27731af750fef2ba7c4e2eec
13006,train,run20|e9aae92dda6af06f0dee18ed
13007,train,run20|d480fc66b3f90b16dec2155e
13008,test,run20|5bdebaf958a6cf4a210d6a50
13009,val,run20|295e40e85fdd6547f70cd620
13010,train,run20|73c94ca149c22c69d80f498c
13011,train,run20|a2127cec2bbaed253c6ddb29
13012,train,run20|cdfeebc7cd8a773c8736f935
13013,train,run20|94c001523be1abfe648ddd10
13014,val,run20|dce4fec36f01288776ef7429
13015,train,run20|1e1c11b5f17e9d2d8481cf3d
13016,train,run20|2ff4d21f60d3112b087a2dfb
13017,train,run20|9af7107c614233ccfdbe07ec
13018,val,run20|59699323dc9cf2c32151712c
13019,val,run20|6266420ceaaabbaca383ce83
13020,train,run20|54dda6149c7f812ca6f1456b
13021,train,run20|035e416312a3fe41cdf363a6
13022,val,run20|3406a8fdd480262f59559b0d
13023,val,run20|50d3c8ca93957cd3bd6d7646
13024,val,run20|c169ba7713481a27ebce1259
13025,train,run20|894522424224c4f32f82574c
13026,train,run20|4c61594ffc7374fa0e133923
13027,val,run20|c75f0d5fecb95ea852d50849
13028,test,run20|cf9290459127f7792ed161b2
13029,train,run20|4d5eeaa0ecc3253871ff1c8e
13030,train,run20|1890eb05ee983b150544515c
13031,train,run20|0dde5bb047059769ee053146
13032,val,run20|aeaa8a5648ba354ed20130b2
13033,train,run20|9a8db228d73c6fc2d09b66c4
13034,train,run20|c2e46f5454aa31eb70c58d96
13035,train,run20|e565ae783f267af77a172bc7
13036,train,run20|596104a6078111a9b14739fc
13037,test,run20|066611c711f79ccb719fc16a
13038,test,run20|a9fa9b717844aa6b0fde7df0
13039,train,run20|e308e579cc1cb7c937b7cef7
13040,test,run20|8d7ccc2c2d1b9534da9dabf7
13041,val,run20|86b9207673e33bdca3071094
13042,val,run20|9574abc14510c4ff06d61d8e
13043,val,run20|c63f85dff04d89ef3f448c64
13044,test,run20|509b753b6c3fa6bdc2f855c7
13045,test,run20|dfa326791c55a519203965e5
13046,train,run20|c17227a04deac63ee8478cb9
13047,test,run20|6db5c0f293772eb795020fac
13048,val,run20|b365ac4fb3033c5c36f489a9
13049,train,run20|1bc5e6b49a934ec60ca1670e
13050,val,run20|88b0321a6a672b454360115a
13051,train,run20|b47919df11525896e311e4c2
13052,train,run20|66f5b52dcdbc6696801f138e
13053,train,run20|25decab7fc5f34e6ab840fed
13054,train,run20|5d1f51ae014633dacef3bc26
13055,train,run20|5767007feea6ba3508177a76
13056,train,run20|01d19d05e2e3899069aa2918
13057,train,run20|aa89bd34858dad4cfc82a932
13058,train,run20|769f28972cd388cbba9972d7
13059,test,run20|c97d12644bf314263ca4a3df
13060,train,run20|c45a7b762b4dc0085ce458a2
13061,train,run20|0a7bfe0d7807de7fa12f08f3
13062,train,run20|3a76be8981d59104564a8460
13063,train,run20|f1655f4a3812dd911ade2c19
13064,test,run20|2a5da3cd89c98517d79c3eee
13065,train,run20|25a05ed99466b13ae62bf867
13066,val,run20|3bbdb122ea6166e111ac9b91
13067,test,run20|1cbe7feeafb7e49b4d6e6677
13068,train,run20|ecadd2da51dabe29a987c9ea
13069,val,run20|7de4cc942794fc41f307f92e
13070,train,run20|27731af750fef2ba7c4e2eec
13071,train,run20|e9aae92dda6af06f0dee18ed
13072,train,run20|d480fc66b3f90b16dec2155e
13073,test,run20|5bdebaf958a6cf4a210d6a50
13074,val,run20|295e40e85fdd6547f70cd620
13075,train,run20|73c94ca149c22c69d80f498c
13076,train,run20|a2127cec2bbaed253c6ddb29
13077,train,run20|cdfeebc7cd8a773c8736f935
13078,train,run20|94c001523be1abfe648ddd10
13079,val,run20|dce4fec36f01288776ef7429
13080,train,run20|1e1c11b5f17e9d2d8481cf3d
13081,train,run20|2ff4d21f60d3112b087a2dfb
13082,train,run20|9af7107c614233ccfdbe07ec
13083,val,run20|59699323dc9cf2c32151712c
13084,val,run20|6266420ceaaabbaca383ce83
13085,train,run20|54dda6149c7f812ca6f1456b
13086,train,run20|035e416312a3fe41cdf363a6
13087,val,run20|3406a8fdd480262f59559b0d
13088,val,run20|50d3c8ca93957cd3bd6d7646
13089,val,run20|c169ba7713481a27ebce1259
13090,train,run20|894522424224c4f32f82574c
13091,test,run20|cf9290459127f7792ed161b2
13092,train,run20|4d5eeaa0ecc3253871ff1c8e
13093,train,run20|1890eb05ee983b150544515c
13094,train,run20|0dde5bb047059769ee053146
13095,val,run20|aeaa8a5648ba354ed20130b2
13096,train,run20|9a8db228d73c6fc2d09b66c4
13097,train,run20|c2e46f5454aa31eb70c58d96
13098,train,run20|e565ae783f267af77a172bc7
13099,train,run20|596104a6078111a9b14739fc
13100,test,run20|066611c711f79ccb719fc16a
13101,test,run20|a9fa9b717844aa6b0fde7df0
13102,train,run20|e308e579cc1cb7c937b7cef7
13103,test,run20|8d7ccc2c2d1b9534da9dabf7
13104,val,run20|86b9207673e33bdca3071094
13105,val,run20|9574abc14510c4ff06d61d8e
13106,val,run20|c63f85dff04d89ef3f448c64
13107,test,run20|509b753b6c3fa6bdc2f855c7
13108,test,run20|dfa326791c55a519203965e5
13109,train,run20|c17227a04deac63ee8478cb9
13110,test,run20|6db5c0f293772eb795020fac
13111,val,run20|b365ac4fb3033c5c36f489a9
13112,train,run20|1bc5e6b49a934ec60ca1670e
13113,val,run20|88b0321a6a672b454360115a
13114,train,run20|b47919df11525896e311e4c2
13115,train,run20|66f5b52dcdbc6696801f138e
13116,train,run20|25decab7fc5f34e6ab840fed
13117,train,run20|5d1f51ae014633dacef3bc26
13118,train,run20|5767007feea6ba3508177a76
13119,train,run20|01d19d05e2e3899069aa2918
13120,train,run20|aa89bd34858dad4cfc82a932
13121,train,run20|769f28972cd388cbba9972d7
13122,test,run20|c97d12644bf314263ca4a3df
13123,train,run20|c45a7b762b4dc0085ce458a2
13124,train,run20|0a7bfe0d7807de7fa12f08f3
13125,train,run20|3a76be8981d59104564a8460
13126,train,run20|f1655f4a3812dd911ade2c19
13127,test,run20|2a5da3cd89c98517d79c3eee
13128,train,run20|25a05ed99466b13ae62bf867
13129,val,run20|3bbdb122ea6166e111ac9b91
13130,test,run20|1cbe7feeafb7e49b4d6e6677
13131,train,run20|ecadd2da51dabe29a987c9ea
13132,val,run20|7de4cc942794fc41f307f92e
13133,train,run20|27731af750fef2ba7c4e2eec
13134,train,run20|e9aae92dda6af06f0dee18ed
13135,train,run20|d480fc66b3f90b16dec2155e
13136,test,run20|5bdebaf958a6cf4a210d6a50
13137,val,run20|295e40e85fdd6547f70cd620
13138,train,run20|73c94ca149c22c69d80f498c
13139,train,run20|a2127cec2bbaed253c6ddb29
13140,train,run20|cdfeebc7cd8a773c8736f935
13141,train,run20|94c001523be1abfe648ddd10
13142,val,run20|dce4fec36f01288776ef7429
13143,train,run20|1e1c11b5f17e9d2d8481cf3d
13144,train,run20|2ff4d21f60d3112b087a2dfb
13145,train,run20|9af7107c614233ccfdbe07ec
13146,val,run20|59699323dc9cf2c32151712c
13147,val,run20|6266420ceaaabbaca383ce83
13148,train,run20|54dda6149c7f812ca6f1456b
13149,train,run20|035e416312a3fe41cdf363a6
13150,val,run20|3406a8fdd480262f59559b0d
13151,val,run20|50d3c8ca93957cd3bd6d7646
13152,val,run20|c169ba7713481a27ebce1259
13153,train,run20|894522424224c4f32f82574c
13154,test,run20|cf9290459127f7792ed161b2
13155,train,run20|4d5eeaa0ecc3253871ff1c8e
13156,train,run20|1890eb05ee983b150544515c
13157,train,run20|0dde5bb047059769ee053146
13158,val,run20|aeaa8a5648ba354ed20130b2
13159,train,run20|9a8db228d73c6fc2d09b66c4
13160,train,run20|c2e46f5454aa31eb70c58d96
13161,train,run20|e565ae783f267af77a172bc7
13162,train,run20|596104a6078111a9b14739fc
13163,test,run20|066611c711f79ccb719fc16a
13164,test,run20|a9fa9b717844aa6b0fde7df0
13165,train,run20|e308e579cc1cb7c937b7cef7
13166,test,run20|8d7ccc2c2d1b9534da9dabf7
13167,val,run20|86b9207673e33bdca3071094
13168,val,run20|9574abc14510c4ff06d61d8e
13169,val,run20|c63f85dff04d89ef3f448c64
13170,test,run20|509b753b6c3fa6bdc2f855c7
13171,test,run20|dfa326791c55a519203965e5
13172,train,run20|c17227a04deac63ee8478cb9
13173,test,run20|6db5c0f293772eb795020fac
13174,val,run20|b365ac4fb3033c5c36f489a9
13175,train,run20|1bc5e6b49a934ec60ca1670e
13176,val,run20|88b0321a6a672b454360115a
13177,train,run20|b47919df11525896e311e4c2
13178,train,run20|66f5b52dcdbc6696801f138e
13179,train,run20|25decab7fc5f34e6ab840fed
13180,train,run20|5d1f51ae014633dacef3bc26
13181,train,run20|5767007feea6ba3508177a76
13182,train,run20|01d19d05e2e3899069aa2918
13183,train,run20|aa89bd34858dad4cfc82a932
13184,train,run20|769f28972cd388cbba9972d7
13185,test,run20|c97d12644bf314263ca4a3df
13186,train,run20|c45a7b762b4dc0085ce458a2
13187,train,run20|0a7bfe0d7807de7fa12f08f3
13188,train,run20|3a76be8981d59104564a8460
13189,train,run20|f1655f4a3812dd911ade2c19
13190,test,run20|2a5da3cd89c98517d79c3eee
13191,train,run20|25a05ed99466b13ae62bf867
13192,val,run20|3bbdb122ea6166e111ac9b91
13193,test,run20|1cbe7feeafb7e49b4d6e6677
13194,train,run20|ecadd2da51dabe29a987c9ea
13195,val,run20|7de4cc942794fc41f307f92e
13196,train,run20|27731af750fef2ba7c4e2eec
13197,train,run20|e9aae92dda6af06f0dee18ed
13198,train,run20|d480fc66b3f90b16dec2155e
13199,test,run20|5bdebaf958a6cf4a210d6a50
13200,val,run20|295e40e85fdd6547f70cd620
13201,train,run20|73c94ca149c22c69d80f498c
13202,train,run20|a2127cec2bbaed253c6ddb29
13203,train,run20|cdfeebc7cd8a773c8736f935
13204,train,run20|94c001523be1abfe648ddd10
13205,val,run20|dce4fec36f01288776ef7429
13206,train,run20|1e1c11b5f17e9d2d8481cf3d
13207,train,run20|2ff4d21f60d3112b087a2dfb
13208,train,run20|9af7107c614233ccfdbe07ec
13209,val,run20|59699323dc9cf2c32151712c
13210,val,run20|6266420ceaaabbaca383ce83
13211,train,run20|54dda6149c7f812ca6f1456b
13212,train,run20|035e416312a3fe41cdf363a6
13213,val,run20|3406a8fdd480262f59559b0d
13214,val,run20|50d3c8ca93957cd3bd6d7646
13215,val,run20|c169ba7713481a27ebce1259
13216,train,run20|894522424224c4f32f82574c
13217,test,run20|cf9290459127f7792ed161b2
13218,train,run20|4d5eeaa0ecc3253871ff1c8e
13219,train,run20|1890eb05ee983b150544515c
13220,train,run20|0dde5bb047059769ee053146
13221,val,run20|aeaa8a5648ba354ed20130b2
13222,train,run20|9a8db228d73c6fc2d09b66c4
13223,train,run20|c2e46f5454aa31eb70c58d96
13224,train,run20|e565ae783f267af77a172bc7
13225,train,run20|596104a6078111a9b14739fc
13226,test,run20|066611c711f79ccb719fc16a
13227,test,run20|a9fa9b717844aa6b0fde7df0
13228,train,run20|e308e579cc1cb7c937b7cef7
13229,test,run20|8d7ccc2c2d1b9534da9dabf7
13230,val,run20|86b9207673e33bdca3071094
13231,val,run20|9574abc14510c4ff06d61d8e
13232,val,run20|c63f85dff04d89ef3f448c64
13233,test,run20|509b753b6c3fa6bdc2f855c7
13234,test,run20|dfa326791c55a519203965e5
13235,train,run20|c17227a04deac63ee8478cb9
13236,test,run20|6db5c0f293772eb795020fac
13237,val,run20|b365ac4fb3033c5c36f489a9
13238,train,run20|1bc5e6b49a934ec60ca1670e
13239,val,run20|88b0321a6a672b454360115a
13240,train,run20|b47919df11525896e311e4c2
13241,train,run20|66f5b52dcdbc6696801f138e
13242,train,run20|25decab7fc5f34e6ab840fed
13243,train,run20|5d1f51ae014633dacef3bc26
13244,train,run20|5767007feea6ba3508177a76
13245,train,run20|01d19d05e2e3899069aa2918
13246,train,run20|aa89bd34858dad4cfc82a932
13247,train,run20|769f28972cd388cbba9972d7
13248,test,run20|c97d12644bf314263ca4a3df
13249,train,run20|c45a7b762b4dc0085ce458a2
13250,train,run20|0a7bfe0d7807de7fa12f08f3
13251,train,run20|3a76be8981d59104564a8460
13252,train,run20|f1655f4a3812dd911ade2c19
13253,test,run20|2a5da3cd89c98517d79c3eee
13254,train,run20|25a05ed99466b13ae62bf867
13255,val,run20|3bbdb122ea6166e111ac9b91
13256,test,run20|1cbe7feeafb7e49b4d6e6677
13257,train,run20|ecadd2da51dabe29a987c9ea
13258,val,run20|7de4cc942794fc41f307f92e
13259,train,run20|27731af750fef2ba7c4e2eec
13260,train,run20|e9aae92dda6af06f0dee18ed
13261,train,run20|d480fc66b3f90b16dec2155e
13262,test,run20|5bdebaf958a6cf4a210d6a50
13263,val,run20|295e40e85fdd6547f70cd620
13264,train,run20|73c94ca149c22c69d80f498c
13265,train,run20|a2127cec2bbaed253c6ddb29
13266,train,run20|cdfeebc7cd8a773c8736f935
13267,train,run20|94c001523be1abfe648ddd10
13268,val,run20|dce4fec36f01288776ef7429
13269,train,run20|1e1c11b5f17e9d2d8481cf3d
13270,train,run20|2ff4d21f60d3112b087a2dfb
13271,train,run20|9af7107c614233ccfdbe07ec
13272,val,run20|59699323dc9cf2c32151712c
13273,val,run20|6266420ceaaabbaca383ce83
13274,train,run20|54dda6149c7f812ca6f1456b
13275,train,run20|035e416312a3fe41cdf363a6
13276,val,run20|3406a8fdd480262f59559b0d
13277,val,run20|50d3c8ca93957cd3bd6d7646
13278,val,run20|c169ba7713481a27ebce1259
13279,train,run20|894522424224c4f32f82574c
13280,test,run20|cf9290459127f7792ed161b2
13281,train,run20|4d5eeaa0ecc3253871ff1c8e
13282,train,run20|1890eb05ee983b150544515c
13283,train,run20|0dde5bb047059769ee053146
13284,val,run20|aeaa8a5648ba354ed20130b2
13285,train,run20|9a8db228d73c6fc2d09b66c4
13286,train,run20|c2e46f5454aa31eb70c58d96
13287,train,run20|e565ae783f267af77a172bc7
13288,train,run20|596104a6078111a9b14739fc
13289,test,run20|066611c711f79ccb719fc16a
13290,test,run20|a9fa9b717844aa6b0fde7df0
13291,train,run20|e308e579cc1cb7c937b7cef7
13292,test,run20|8d7ccc2c2d1b9534da9dabf7
13293,val,run20|86b9207673e33bdca3071094
13294,val,run20|9574abc14510c4ff06d61d8e
13295,val,run20|c63f85dff04d89ef3f448c64
13296,test,run20|509b753b6c3fa6bdc2f855c7
13297,test,run20|dfa326791c55a519203965e5
13298,train,run20|c17227a04deac63ee8478cb9
13299,test,run20|6db5c0f293772eb795020fac
13300,val,run20|b365ac4fb3033c5c36f489a9
13301,train,run20|1bc5e6b49a934ec60ca1670e
13302,val,run20|88b0321a6a672b454360115a
13303,train,run20|b47919df11525896e311e4c2
13304,train,run20|66f5b52dcdbc6696801f138e
13305,train,run20|25decab7fc5f34e6ab840fed
13306,train,run20|5d1f51ae014633dacef3bc26
13307,train,run20|5767007feea6ba3508177a76
13308,train,run20|01d19d05e2e3899069aa2918
13309,train,run20|aa89bd34858dad4cfc82a932
13310,train,run20|769f28972cd388cbba9972d7
13311,test,run20|c97d12644bf314263ca4a3df
13312,train,run20|c45a7b762b4dc0085ce458a2
13313,train,run20|0a7bfe0d7807de7fa12f08f3
13314,train,run20|3a76be8981d59104564a8460
13315,train,run20|f1655f4a3812dd911ade2c19
13316,test,run20|2a5da3cd89c98517d79c3eee
13317,train,run20|25a05ed99466b13ae62bf867
13318,val,run20|3bbdb122ea6166e111ac9b91
13319,test,run20|1cbe7feeafb7e49b4d6e6677
13320,train,run20|ecadd2da51dabe29a987c9ea
13321,val,run20|7de4cc942794fc41f307f92e
13322,train,run20|27731af750fef2ba7c4e2eec
13323,train,run20|e9aae92dda6af06f0dee18ed
13324,train,run20|d480fc66b3f90b16dec2155e
13325,test,run20|5bdebaf958a6cf4a210d6a50
13326,val,run20|295e40e85fdd6547f70cd620
13327,train,run20|73c94ca149c22c69d80f498c
13328,train,run20|a2127cec2bbaed253c6ddb29
13329,train,run20|cdfeebc7cd8a773c8736f935
13330,train,run20|94c001523be1abfe648ddd10
13331,val,run20|dce4fec36f01288776ef7429
13332,train,run20|1e1c11b5f17e9d2d8481cf3d
13333,train,run20|2ff4d21f60d3112b087a2dfb
13334,train,run20|9af7107c614233ccfdbe07ec
13335,val,run20|59699323dc9cf2c32151712c
13336,val,run20|6266420ceaaabbaca383ce83
13337,train,run20|54dda6149c7f812ca6f1456b
13338,train,run20|035e416312a3fe41cdf363a6
13339,val,run20|3406a8fdd480262f59559b0d
13340,val,run20|50d3c8ca93957cd3bd6d7646
13341,val,run20|c169ba7713481a27ebce1259
13342,train,run20|894522424224c4f32f82574c
13343,test,run20|cf9290459127f7792ed161b2
13344,train,run20|4d5eeaa0ecc3253871ff1c8e
13345,train,run20|1890eb05ee983b150544515c
13346,train,run20|0dde5bb047059769ee053146
13347,val,run20|aeaa8a5648ba354ed20130b2
13348,train,run20|9a8db228d73c6fc2d09b66c4
13349,train,run20|c2e46f5454aa31eb70c58d96
13350,train,run20|e565ae783f267af77a172bc7
13351,train,run20|596104a6078111a9b14739fc
13352,test,run20|066611c711f79ccb719fc16a
13353,test,run20|a9fa9b717844aa6b0fde7df0
13354,train,run20|e308e579cc1cb7c937b7cef7
13355,test,run20|8d7ccc2c2d1b9534da9dabf7
13356,val,run20|86b9207673e33bdca3071094
13357,val,run20|9574abc14510c4ff06d61d8e
13358,val,run20|c63f85dff04d89ef3f448c64
13359,test,run20|509b753b6c3fa6bdc2f855c7
13360,test,run20|dfa326791c55a519203965e5
13361,train,run20|c17227a04deac63ee8478cb9
13362,test,run20|6db5c0f293772eb795020fac
13363,val,run20|b365ac4fb3033c5c36f489a9
13364,train,run20|1bc5e6b49a934ec60ca1670e
13365,val,run20|88b0321a6a672b454360115a
13366,train,run20|b47919df11525896e311e4c2
13367,train,run20|66f5b52dcdbc6696801f138e
13368,train,run20|25decab7fc5f34e6ab840fed
13369,train,run20|5d1f51ae014633dacef3bc26
13370,train,run20|5767007feea6ba3508177a76
13371,train,run20|01d19d05e2e3899069aa2918
13372,train,run20|aa89bd34858dad4cfc82a932
13373,train,run20|769f28972cd388cbba9972d7
13374,test,run20|c97d12644bf314263ca4a3df
13375,train,run20|c45a7b762b4dc0085ce458a2
13376,train,run20|0a7bfe0d7807de7fa12f08f3
13377,train,run20|3a76be8981d59104564a8460
13378,train,run20|f1655f4a3812dd911ade2c19
13379,test,run20|2a5da3cd89c98517d79c3eee
13380,train,run20|25a05ed99466b13ae62bf867
13381,val,run20|3bbdb122ea6166e111ac9b91
13382,test,run20|1cbe7feeafb7e49b4d6e6677
13383,train,run20|ecadd2da51dabe29a987c9ea
13384,val,run20|7de4cc942794fc41f307f92e
13385,train,run20|27731af750fef2ba7c4e2eec
13386,train,run20|e9aae92dda6af06f0dee18ed
13387,train,run20|d480fc66b3f90b16dec2155e
13388,test,run20|5bdebaf958a6cf4a210d6a50
13389,val,run20|295e40e85fdd6547f70cd620
13390,train,run20|73c94ca149c22c69d80f498c
13391,train,run20|a2127cec2bbaed253c6ddb29
13392,train,run20|cdfeebc7cd8a773c8736f935
13393,train,run20|94c001523be1abfe648ddd10
13394,val,run20|dce4fec36f01288776ef7429
13395,train,run20|1e1c11b5f17e9d2d8481cf3d
13396,train,run20|2ff4d21f60d3112b087a2dfb
13397,train,run20|9af7107c614233ccfdbe07ec
13398,val,run20|59699323dc9cf2c32151712c
13399,val,run20|6266420ceaaabbaca383ce83
13400,train,run20|54dda6149c7f812ca6f1456b
13401,train,run20|035e416312a3fe41cdf363a6
13402,val,run20|3406a8fdd480262f59559b0d
13403,val,run20|50d3c8ca93957cd3bd6d7646
13404,val,run20|c169ba7713481a27ebce1259
13405,train,run20|894522424224c4f32f82574c
13406,test,run20|cf9290459127f7792ed161b2
13407,train,run20|4d5eeaa0ecc3253871ff1c8e
13408,train,run20|1890eb05ee983b150544515c
13409,train,run20|0dde5bb047059769ee053146
13410,val,run20|aeaa8a5648ba354ed20130b2
13411,train,run20|9a8db228d73c6fc2d09b66c4
13412,train,run20|c2e46f5454aa31eb70c58d96
13413,train,run20|e565ae783f267af77a172bc7
13414,train,run20|596104a6078111a9b14739fc
13415,test,run20|066611c711f79ccb719fc16a
13416,test,run20|a9fa9b717844aa6b0fde7df0
13417,train,run20|e308e579cc1cb7c937b7cef7
13418,test,run20|8d7ccc2c2d1b9534da9dabf7
13419,val,run20|86b9207673e33bdca3071094
13420,val,run20|9574abc14510c4ff06d61d8e
13421,val,run20|c63f85dff04d89ef3f448c64
13422,test,run20|509b753b6c3fa6bdc2f855c7
13423,test,run20|dfa326791c55a519203965e5
13424,train,run20|c17227a04deac63ee8478cb9
13425,test,run20|6db5c0f293772eb795020fac
13426,val,run20|b365ac4fb3033c5c36f489a9
13427,train,run20|1bc5e6b49a934ec60ca1670e
13428,val,run20|88b0321a6a672b454360115a
13429,train,run20|b47919df11525896e311e4c2
13430,train,run20|66f5b52dcdbc6696801f138e
13431,train,run20|25decab7fc5f34e6ab840fed
13432,train,run20|5d1f51ae014633dacef3bc26
13433,train,run20|5767007feea6ba3508177a76
13434,train,run20|01d19d05e2e3899069aa2918
13435,train,run20|aa89bd34858dad4cfc82a932
13436,train,run20|769f28972cd388cbba9972d7
13437,test,run20|c97d12644bf314263ca4a3df
13438,train,run20|c45a7b762b4dc0085ce458a2
13439,train,run20|0a7bfe0d7807de7fa12f08f3
13440,train,run20|3a76be8981d59104564a8460
13441,train,run20|f1655f4a3812dd911ade2c19
13442,test,run20|2a5da3cd89c98517d79c3eee
13443,train,run20|25a05ed99466b13ae62bf867
13444,val,run20|3bbdb122ea6166e111ac9b91
13445,test,run20|1cbe7feeafb7e49b4d6e6677
13446,train,run20|ecadd2da51dabe29a987c9ea
13447,val,run20|7de4cc942794fc41f307f92e
13448,train,run20|27731af750fef2ba7c4e2eec
13449,train,run20|e9aae92dda6af06f0dee18ed
13450,train,run20|d480fc66b3f90b16dec2155e
13451,test,run20|5bdebaf958a6cf4a210d6a50
13452,val,run20|295e40e85fdd6547f70cd620
13453,train,run20|73c94ca149c22c69d80f498c
13454,train,run20|a2127cec2bbaed253c6ddb29
13455,train,run20|cdfeebc7cd8a773c8736f935
13456,train,run20|94c001523be1abfe648ddd10
13457,val,run20|dce4fec36f01288776ef7429
13458,train,run20|1e1c11b5f17e9d2d8481cf3d
13459,train,run20|2ff4d21f60d3112b087a2dfb
13460,train,run20|9af7107c614233ccfdbe07ec
13461,val,run20|59699323dc9cf2c32151712c
13462,val,run20|6266420ceaaabbaca383ce83
13463,train,run20|54dda6149c7f812ca6f1456b
13464,train,run20|035e416312a3fe41cdf363a6
13465,val,run20|3406a8fdd480262f59559b0d
13466,val,run20|50d3c8ca93957cd3bd6d7646
13467,val,run20|c169ba7713481a27ebce1259
13468,train,run20|894522424224c4f32f82574c
13469,train,run20|f1dc1351e418bc8c93e311be
13470,test,run20|cf9290459127f7792ed161b2
13471,train,run20|4d5eeaa0ecc3253871ff1c8e
13472,train,run20|1890eb05ee983b150544515c
13473,train,run20|0dde5bb047059769ee053146
13474,val,run20|aeaa8a5648ba354ed20130b2
13475,train,run20|9a8db228d73c6fc2d09b66c4
13476,train,run20|c2e46f5454aa31eb70c58d96
13477,train,run20|e565ae783f267af77a172bc7
13478,train,run20|596104a6078111a9b14739fc
13479,test,run20|066611c711f79ccb719fc16a
13480,test,run20|a9fa9b717844aa6b0fde7df0
13481,train,run20|e308e579cc1cb7c937b7cef7
13482,test,run20|8d7ccc2c2d1b9534da9dabf7
13483,val,run20|86b9207673e33bdca3071094
13484,val,run20|9574abc14510c4ff06d61d8e
13485,val,run20|c63f85dff04d89ef3f448c64
13486,test,run20|509b753b6c3fa6bdc2f855c7
13487,test,run20|dfa326791c55a519203965e5
13488,train,run20|c17227a04deac63ee8478cb9
13489,test,run20|6db5c0f293772eb795020fac
13490,val,run20|b365ac4fb3033c5c36f489a9
13491,train,run20|1bc5e6b49a934ec60ca1670e
13492,val,run20|88b0321a6a672b454360115a
13493,train,run20|b47919df11525896e311e4c2
13494,train,run20|66f5b52dcdbc6696801f138e
13495,train,run20|25decab7fc5f34e6ab840fed
13496,train,run20|5d1f51ae014633dacef3bc26
13497,train,run20|5767007feea6ba3508177a76
13498,train,run20|01d19d05e2e3899069aa2918
13499,train,run20|aa89bd34858dad4cfc82a932
13500,train,run20|769f28972cd388cbba9972d7
13501,test,run20|c97d12644bf314263ca4a3df
13502,train,run20|c45a7b762b4dc0085ce458a2
13503,train,run20|0a7bfe0d7807de7fa12f08f3
13504,train,run20|3a76be8981d59104564a8460
13505,train,run20|f1655f4a3812dd911ade2c19
13506,test,run20|2a5da3cd89c98517d79c3eee
13507,train,run20|25a05ed99466b13ae62bf867
13508,val,run20|3bbdb122ea6166e111ac9b91
13509,test,run20|1cbe7feeafb7e49b4d6e6677
13510,train,run20|ecadd2da51dabe29a987c9ea
13511,val,run20|7de4cc942794fc41f307f92e
13512,train,run20|27731af750fef2ba7c4e2eec
13513,train,run20|e9aae92dda6af06f0dee18ed
13514,train,run20|d480fc66b3f90b16dec2155e
13515,test,run20|5bdebaf958a6cf4a210d6a50
13516,val,run20|295e40e85fdd6547f70cd620
13517,train,run20|73c94ca149c22c69d80f498c
13518,train,run20|a2127cec2bbaed253c6ddb29
13519,train,run20|cdfeebc7cd8a773c8736f935
13520,train,run20|94c001523be1abfe648ddd10
13521,val,run20|dce4fec36f01288776ef7429
13522,train,run20|1e1c11b5f17e9d2d8481cf3d
13523,train,run20|2ff4d21f60d3112b087a2dfb
13524,train,run20|9af7107c614233ccfdbe07ec
13525,val,run20|59699323dc9cf2c32151712c
13526,val,run20|6266420ceaaabbaca383ce83
13527,train,run20|54dda6149c7f812ca6f1456b
13528,train,run20|035e416312a3fe41cdf363a6
13529,val,run20|3406a8fdd480262f59559b0d
13530,val,run20|50d3c8ca93957cd3bd6d7646
13531,val,run20|c169ba7713481a27ebce1259
13532,train,run20|894522424224c4f32f82574c
13533,val,run20|0c7c111ef4235635d7ffc8c7
13534,test,run20|6963dc7532cdcc62e7806f1a
13535,train,run20|fc8471b66ef0f154861f4c1b
13536,train,run20|fd2f78e0d956be6de1f76339
13537,train,run20|a24c5bfab0334b646bba1946
13538,val,run20|74dddebb0a55a18c4c6bff67
13539,val,run20|4a98176f1eb0cac5a9156278
13540,test,run20|cf9290459127f7792ed161b2
13541,train,run20|4d5eeaa0ecc3253871ff1c8e
13542,train,run20|1890eb05ee983b150544515c
13543,train,run20|0dde5bb047059769ee053146
13544,val,run20|aeaa8a5648ba354ed20130b2
13545,train,run20|9a8db228d73c6fc2d09b66c4
13546,train,run20|c2e46f5454aa31eb70c58d96
13547,train,run20|e565ae783f267af77a172bc7
13548,train,run20|596104a6078111a9b14739fc
13549,test,run20|066611c711f79ccb719fc16a
13550,test,run20|a9fa9b717844aa6b0fde7df0
13551,train,run20|e308e579cc1cb7c937b7cef7
13552,test,run20|8d7ccc2c2d1b9534da9dabf7
13553,val,run20|86b9207673e33bdca3071094
13554,val,run20|9574abc14510c4ff06d61d8e
13555,val,run20|c63f85dff04d89ef3f448c64
13556,test,run20|509b753b6c3fa6bdc2f855c7
13557,test,run20|dfa326791c55a519203965e5
13558,train,run20|c17227a04deac63ee8478cb9
13559,test,run20|6db5c0f293772eb795020fac
13560,val,run20|b365ac4fb3033c5c36f489a9
13561,train,run20|1bc5e6b49a934ec60ca1670e
13562,val,run20|88b0321a6a672b454360115a
13563,train,run20|b47919df11525896e311e4c2
13564,train,run20|66f5b52dcdbc6696801f138e
13565,train,run20|25decab7fc5f34e6ab840fed
13566,train,run20|5d1f51ae014633dacef3bc26
13567,train,run20|5767007feea6ba3508177a76
13568,train,run20|01d19d05e2e3899069aa2918
13569,train,run20|aa89bd34858dad4cfc82a932
13570,train,run20|769f28972cd388cbba9972d7
13571,test,run20|c97d12644bf314263ca4a3df
13572,train,run20|c45a7b762b4dc0085ce458a2
13573,train,run20|0a7bfe0d7807de7fa12f08f3
13574,train,run20|3a76be8981d59104564a8460
13575,train,run20|f1655f4a3812dd911ade2c19
13576,test,run20|2a5da3cd89c98517d79c3eee
13577,train,run20|25a05ed99466b13ae62bf867
13578,val,run20|3bbdb122ea6166e111ac9b91
13579,test,run20|1cbe7feeafb7e49b4d6e6677
13580,train,run20|ecadd2da51dabe29a987c9ea
13581,val,run20|7de4cc942794fc41f307f92e
13582,train,run20|27731af750fef2ba7c4e2eec
13583,train,run20|e9aae92dda6af06f0dee18ed
13584,train,run20|d480fc66b3f90b16dec2155e
13585,test,run20|5bdebaf958a6cf4a210d6a50
13586,val,run20|295e40e85fdd6547f70cd620
13587,train,run20|73c94ca149c22c69d80f498c
13588,train,run20|a2127cec2bbaed253c6ddb29
13589,train,run20|cdfeebc7cd8a773c8736f935
13590,train,run20|94c001523be1abfe648ddd10
13591,val,run20|dce4fec36f01288776ef7429
13592,train,run20|1e1c11b5f17e9d2d8481cf3d
13593,train,run20|2ff4d21f60d3112b087a2dfb
13594,train,run20|9af7107c614233ccfdbe07ec
13595,val,run20|59699323dc9cf2c32151712c
13596,val,run20|6266420ceaaabbaca383ce83
13597,train,run20|54dda6149c7f812ca6f1456b
13598,train,run20|035e416312a3fe41cdf363a6
13599,val,run20|3406a8fdd480262f59559b0d
13600,val,run20|50d3c8ca93957cd3bd6d7646
13601,val,run20|c169ba7713481a27ebce1259
13602,train,run20|894522424224c4f32f82574c
13603,val,run20|c169ba7713481a27ebce1259
13604,val,run21|bc83a39caabf8408d9188b19
13605,val,run21|3e02ff90ce31062a2ff025a8
13606,train,run21|7fcf30502b3a14d019732e7b
13607,train,run21|bd06cbdd1c63534544440b78
13608,val,run21|7db03c00972d9cde7a67556a
13609,val,run21|b1cde992f2a942ebd675ccb8
13610,val,run21|d3521a647ff1e22edce3270b
13611,val,run21|03dcc95fa6dc1c7025c60aa4
13612,train,run21|20c062eeec1ce796a9f6655a
13613,test,run21|d66299b2ed28172c3fe5af7a
13614,test,run21|a811b9ed582a039df6669ccd
13615,train,run21|baeec1fce8362268fed711ce
13616,val,run21|ff81e880891cfaf49cb30fe1
13617,val,run21|22e934713f6ac9b48815f2ae
13618,val,run21|b29d575d9cba4e77e3f21e5a
13619,test,run21|1f76c8b44c8d94d6f079583b
13620,test,run21|2d6b2f1db253f09626744a1f
13621,test,run21|dbdc462dcc04859f4fd8ac0a
13622,test,run21|475344add64c01ea12a5eefd
13623,train,run21|d8b612ad743b9829e54c05fb
13624,train,run21|e73214762aac636ba24077c6
13625,train,run21|0c0bab09d131270ac2ad8a4d
13626,train,run21|e95cdb8adba87a0c0789eb1f
13627,train,run21|7c419edf1ad0026363ad6866
13628,train,run21|23a8cb573b67adce7d56e5df
13629,train,run21|0c794c79438e5609016de47c
13630,train,run21|c028270e0ea0d94276e59ab9
13631,train,run21|099069787eae0cdd522c0f9f
13632,test,run21|84aa03a0dbfd72ec6bca9622
13633,train,run21|0408825e10971cd9ae03e4e5
13634,val,run21|f00f7158b84bdc3cd12ffb47
13635,val,run21|cf0d2ed384ea772718c055ed
13636,test,run21|ec3e918d6ebac6ba30618d6f
13637,train,run21|2a3125e21ecaccdd42962524
13638,val,run21|0e1a61cfcc729aa92f56d353
13639,train,run21|d5046f7801adebd5f2b55c30
13640,train,run21|64049bab8744d3b82037dd67
13641,train,run21|2352d692053b4a560945f498
13642,train,run21|9035c5e0c4cd8b497198d696
13643,val,run21|f48ab37fd6095ac96f792b70
13644,train,run21|08aa4fddfc4f020e0369009c
13645,train,run21|53aa34a58592801124311970
13646,val,run21|a6851a7d2d1112c5f92f942a
13647,test,run21|9354dfd387be85a32ed7a4d0
13648,train,run21|27178252166852e2a02ab361
13649,train,run21|af57256d7c1d7f58984b3561
13650,val,run21|e95b6ddf62dbb284e647e1c4
13651,train,run21|8b1f4d475d58fc723dfff643
13652,val,run21|269d1a4016e50940890f5598
13653,val,run21|1f074e26c85d23a38082a266
13654,train,run21|49e20fdd457a2eaed1ec0bfc
13655,train,run21|e4a6c6ff825f3f06f3fb3805
13656,train,run21|fe10430fe3343f786ed3f5e2
13657,train,run21|7ebcc240e7bd48435bc5ffe1
13658,val,run21|8a26302f4b5c50d7d757f281
13659,test,run21|3c9edf278dd9b812c0c07499
13660,train,run21|172d3a4a2a3475d9788ea18c
13661,test,run21|5486d3a9fbd96bbbfd189143
13662,test,run21|357c0b28a82ed8fce2796f0f
13663,test,run21|00b0019aaa8957bf12f8ea51
13664,test,run21|e7f1091a5ad330ae892f10d3
13665,train,run21|4a3c5846aea7d629befa4298
13666,train,run21|b97562ea57d3895d6cb7c978
13667,val,run21|b96d0923cd98a6be5db54927
13668,val,run21|a507b30f2cc80e65ecffa296
13669,train,run21|c3798ead4493f8566cd22142
13670,test,run21|40bdf7e684b628e631f9de2a
13671,test,run21|c30b15e16359b8df2392f817
13672,train,run21|abe64f33d7790ffd3a432f21
13673,val,run21|a561beb61df6cf0bad0bf004
13674,val,run21|55b2f032c8db6916589c975d
13675,val,run21|7e5ad2bc9fb35cc64011ebe3
13676,train,run21|47c347a5964bb2cb7189851b
13677,val,run21|c93625621078a5a5ad62e1f5
13678,train,run21|0e9ff68ea396005cef2ed8af
13679,train,run21|94bc423f1dae7853ed6bef4a
13680,train,run21|4f2e0b23d406d6b8b2f2a923
13681,val,run21|0c1d7a84dfb09cf358419819
13682,val,run21|b9b350b3ee7e8d15e38d1a7b
13683,val,run21|bc83a39caabf8408d9188b19
13684,val,run21|3e02ff90ce31062a2ff025a8
13685,train,run21|7fcf30502b3a14d019732e7b
13686,train,run21|bd06cbdd1c63534544440b78
13687,val,run21|7db03c00972d9cde7a67556a
13688,val,run21|b1cde992f2a942ebd675ccb8
13689,val,run21|d3521a647ff1e22edce3270b
13690,val,run21|03dcc95fa6dc1c7025c60aa4
13691,train,run21|20c062eeec1ce796a9f6655a
13692,test,run21|d66299b2ed28172c3fe5af7a
13693,test,run21|a811b9ed582a039df6669ccd
13694,train,run21|baeec1fce8362268fed711ce
13695,val,run21|ff81e880891cfaf49cb30fe1
13696,val,run21|22e934713f6ac9b48815f2ae
13697,val,run21|b29d575d9cba4e77e3f21e5a
13698,test,run21|1f76c8b44c8d94d6f079583b
13699,test,run21|2d6b2f1db253f09626744a1f
13700,test,run21|dbdc462dcc04859f4fd8ac0a
13701,test,run21|475344add64c01ea12a5eefd
13702,train,run21|d8b612ad743b9829e54c05fb
13703,train,run21|e73214762aac636ba24077c6
13704,train,run21|0c0bab09d131270ac2ad8a4d
13705,train,run21|e95cdb8adba87a0c0789eb1f
13706,train,run21|7c419edf1ad0026363ad6866
13707,train,run21|23a8cb573b67adce7d56e5df
13708,train,run21|0c794c79438e5609016de47c
13709,train,run21|c028270e0ea0d94276e59ab9
13710,train,run21|099069787eae0cdd522c0f9f
13711,test,run21|84aa03a0dbfd72ec6bca9622
13712,train,run21|0408825e10971cd9ae03e4e5
13713,val,run21|f00f7158b84bdc3cd12ffb47
13714,val,run21|cf0d2ed384ea772718c055ed
13715,test,run21|ec3e918d6ebac6ba30618d6f
13716,train,run21|2a3125e21ecaccdd42962524
13717,val,run21|0e1a61cfcc729aa92f56d353
13718,train,run21|d5046f7801adebd5f2b55c30
13719,train,run21|64049bab8744d3b82037dd67
13720,train,run21|2352d692053b4a560945f498
13721,train,run21|9035c5e0c4cd8b497198d696
13722,val,run21|f48ab37fd6095ac96f792b70
13723,train,run21|08aa4fddfc4f020e0369009c
13724,train,run21|53aa34a58592801124311970
13725,val,run21|a6851a7d2d1112c5f92f942a
13726,test,run21|9354dfd387be85a32ed7a4d0
13727,train,run21|27178252166852e2a02ab361
13728,train,run21|af57256d7c1d7f58984b3561
13729,val,run21|e95b6ddf62dbb284e647e1c4
13730,train,run21|8b1f4d475d58fc723dfff643
13731,val,run21|269d1a4016e50940890f5598
13732,val,run21|1f074e26c85d23a38082a266
13733,train,run21|49e20fdd457a2eaed1ec0bfc
13734,train,run21|e4a6c6ff825f3f06f3fb3805
13735,train,run21|fe10430fe3343f786ed3f5e2
13736,train,run21|7ebcc240e7bd48435bc5ffe1
13737,val,run21|8a26302f4b5c50d7d757f281
13738,test,run21|3c9edf278dd9b812c0c07499
13739,train,run21|172d3a4a2a3475d9788ea18c
13740,test,run21|5486d3a9fbd96bbbfd189143
13741,test,run21|357c0b28a82ed8fce2796f0f
13742,test,run21|00b0019aaa8957bf12f8ea51
13743,test,run21|e7f1091a5ad330ae892f10d3
13744,train,run21|4a3c5846aea7d629befa4298
13745,train,run21|b97562ea57d3895d6cb7c978
13746,val,run21|b96d0923cd98a6be5db54927
13747,test,run21|40bdf7e684b628e631f9de2a
13748,test,run21|c30b15e16359b8df2392f817
13749,train,run21|abe64f33d7790ffd3a432f21
13750,val,run21|a561beb61df6cf0bad0bf004
13751,val,run21|55b2f032c8db6916589c975d
13752,val,run21|7e5ad2bc9fb35cc64011ebe3
13753,train,run21|47c347a5964bb2cb7189851b
13754,val,run21|c93625621078a5a5ad62e1f5
13755,train,run21|0e9ff68ea396005cef2ed8af
13756,train,run21|94bc423f1dae7853ed6bef4a
13757,train,run21|4f2e0b23d406d6b8b2f2a923
13758,val,run21|0c1d7a84dfb09cf358419819
13759,val,run21|bc83a39caabf8408d9188b19
13760,val,run21|3e02ff90ce31062a2ff025a8
13761,train,run21|7fcf30502b3a14d019732e7b
13762,train,run21|bd06cbdd1c63534544440b78
13763,val,run21|7db03c00972d9cde7a67556a
13764,val,run21|b1cde992f2a942ebd675ccb8
13765,val,run21|d3521a647ff1e22edce3270b
13766,val,run21|03dcc95fa6dc1c7025c60aa4
13767,train,run21|20c062eeec1ce796a9f6655a
13768,test,run21|d66299b2ed28172c3fe5af7a
13769,test,run21|a811b9ed582a039df6669ccd
13770,train,run21|baeec1fce8362268fed711ce
13771,val,run21|ff81e880891cfaf49cb30fe1
13772,val,run21|22e934713f6ac9b48815f2ae
13773,val,run21|b29d575d9cba4e77e3f21e5a
13774,test,run21|1f76c8b44c8d94d6f079583b
13775,test,run21|2d6b2f1db253f09626744a1f
13776,test,run21|dbdc462dcc04859f4fd8ac0a
13777,test,run21|475344add64c01ea12a5eefd
13778,train,run21|d8b612ad743b9829e54c05fb
13779,train,run21|e73214762aac636ba24077c6
13780,train,run21|0c0bab09d131270ac2ad8a4d
13781,train,run21|e95cdb8adba87a0c0789eb1f
13782,train,run21|7c419edf1ad0026363ad6866
13783,train,run21|23a8cb573b67adce7d56e5df
13784,train,run21|0c794c79438e5609016de47c
13785,train,run21|c028270e0ea0d94276e59ab9
13786,train,run21|099069787eae0cdd522c0f9f
13787,test,run21|84aa03a0dbfd72ec6bca9622
13788,train,run21|0408825e10971cd9ae03e4e5
13789,val,run21|f00f7158b84bdc3cd12ffb47
13790,val,run21|cf0d2ed384ea772718c055ed
13791,test,run21|ec3e918d6ebac6ba30618d6f
13792,train,run21|2a3125e21ecaccdd42962524
13793,val,run21|0e1a61cfcc729aa92f56d353
13794,train,run21|d5046f7801adebd5f2b55c30
13795,train,run21|64049bab8744d3b82037dd67
13796,train,run21|2352d692053b4a560945f498
13797,train,run21|9035c5e0c4cd8b497198d696
13798,val,run21|f48ab37fd6095ac96f792b70
13799,train,run21|08aa4fddfc4f020e0369009c
13800,train,run21|53aa34a58592801124311970
13801,val,run21|a6851a7d2d1112c5f92f942a
13802,test,run21|9354dfd387be85a32ed7a4d0
13803,train,run21|27178252166852e2a02ab361
13804,train,run21|af57256d7c1d7f58984b3561
13805,val,run21|e95b6ddf62dbb284e647e1c4
13806,train,run21|8b1f4d475d58fc723dfff643
13807,val,run21|269d1a4016e50940890f5598
13808,val,run21|1f074e26c85d23a38082a266
13809,train,run21|49e20fdd457a2eaed1ec0bfc
13810,train,run21|e4a6c6ff825f3f06f3fb3805
13811,train,run21|fe10430fe3343f786ed3f5e2
13812,train,run21|7ebcc240e7bd48435bc5ffe1
13813,val,run21|8a26302f4b5c50d7d757f281
13814,test,run21|3c9edf278dd9b812c0c07499
13815,train,run21|172d3a4a2a3475d9788ea18c
13816,test,run21|5486d3a9fbd96bbbfd189143
13817,test,run21|357c0b28a82ed8fce2796f0f
13818,test,run21|00b0019aaa8957bf12f8ea51
13819,test,run21|e7f1091a5ad330ae892f10d3
13820,train,run21|4a3c5846aea7d629befa4298
13821,train,run21|b97562ea57d3895d6cb7c978
13822,val,run21|bc83a39caabf8408d9188b19
13823,val,run21|3e02ff90ce31062a2ff025a8
13824,train,run21|7fcf30502b3a14d019732e7b
13825,train,run21|bd06cbdd1c63534544440b78
13826,val,run21|7db03c00972d9cde7a67556a
13827,val,run21|b1cde992f2a942ebd675ccb8
13828,val,run21|d3521a647ff1e22edce3270b
13829,val,run21|03dcc95fa6dc1c7025c60aa4
13830,train,run21|20c062eeec1ce796a9f6655a
13831,test,run21|d66299b2ed28172c3fe5af7a
13832,test,run21|a811b9ed582a039df6669ccd
13833,train,run21|baeec1fce8362268fed711ce
13834,val,run21|ff81e880891cfaf49cb30fe1
13835,val,run21|22e934713f6ac9b48815f2ae
13836,val,run21|b29d575d9cba4e77e3f21e5a
13837,test,run21|1f76c8b44c8d94d6f079583b
13838,test,run21|2d6b2f1db253f09626744a1f
13839,test,run21|dbdc462dcc04859f4fd8ac0a
13840,test,run21|475344add64c01ea12a5eefd
13841,train,run21|d8b612ad743b9829e54c05fb
13842,train,run21|e73214762aac636ba24077c6
13843,train,run21|0c0bab09d131270ac2ad8a4d
13844,train,run21|e95cdb8adba87a0c0789eb1f
13845,train,run21|7c419edf1ad0026363ad6866
13846,train,run21|23a8cb573b67adce7d56e5df
13847,train,run21|0c794c79438e5609016de47c
13848,train,run21|c028270e0ea0d94276e59ab9
13849,train,run21|099069787eae0cdd522c0f9f
13850,test,run21|84aa03a0dbfd72ec6bca9622
13851,train,run21|0408825e10971cd9ae03e4e5
13852,val,run21|f00f7158b84bdc3cd12ffb47
13853,val,run21|cf0d2ed384ea772718c055ed
13854,test,run21|ec3e918d6ebac6ba30618d6f
13855,train,run21|2a3125e21ecaccdd42962524
13856,val,run21|0e1a61cfcc729aa92f56d353
13857,train,run21|d5046f7801adebd5f2b55c30
13858,train,run21|64049bab8744d3b82037dd67
13859,train,run21|2352d692053b4a560945f498
13860,train,run21|9035c5e0c4cd8b497198d696
13861,val,run21|f48ab37fd6095ac96f792b70
13862,train,run21|08aa4fddfc4f020e0369009c
13863,train,run21|53aa34a58592801124311970
13864,val,run21|a6851a7d2d1112c5f92f942a
13865,test,run21|9354dfd387be85a32ed7a4d0
13866,train,run21|27178252166852e2a02ab361
13867,train,run21|af57256d7c1d7f58984b3561
13868,val,run21|e95b6ddf62dbb284e647e1c4
13869,train,run21|8b1f4d475d58fc723dfff643
13870,val,run21|269d1a4016e50940890f5598
13871,val,run21|1f074e26c85d23a38082a266
13872,train,run21|49e20fdd457a2eaed1ec0bfc
13873,train,run21|e4a6c6ff825f3f06f3fb3805
13874,train,run21|fe10430fe3343f786ed3f5e2
13875,train,run21|7ebcc240e7bd48435bc5ffe1
13876,val,run21|8a26302f4b5c50d7d757f281
13877,test,run21|3c9edf278dd9b812c0c07499
13878,train,run21|172d3a4a2a3475d9788ea18c
13879,test,run21|5486d3a9fbd96bbbfd189143
13880,test,run21|357c0b28a82ed8fce2796f0f
13881,test,run21|00b0019aaa8957bf12f8ea51
13882,test,run21|e7f1091a5ad330ae892f10d3
13883,train,run21|4a3c5846aea7d629befa4298
13884,train,run21|b97562ea57d3895d6cb7c978
13885,val,run21|bc83a39caabf8408d9188b19
13886,val,run21|3e02ff90ce31062a2ff025a8
13887,train,run21|7fcf30502b3a14d019732e7b
13888,train,run21|bd06cbdd1c63534544440b78
13889,val,run21|7db03c00972d9cde7a67556a
13890,val,run21|b1cde992f2a942ebd675ccb8
13891,val,run21|d3521a647ff1e22edce3270b
13892,val,run21|03dcc95fa6dc1c7025c60aa4
13893,train,run21|20c062eeec1ce796a9f6655a
13894,test,run21|d66299b2ed28172c3fe5af7a
13895,test,run21|a811b9ed582a039df6669ccd
13896,train,run21|baeec1fce8362268fed711ce
13897,val,run21|ff81e880891cfaf49cb30fe1
13898,val,run21|22e934713f6ac9b48815f2ae
13899,val,run21|b29d575d9cba4e77e3f21e5a
13900,test,run21|1f76c8b44c8d94d6f079583b
13901,test,run21|2d6b2f1db253f09626744a1f
13902,test,run21|dbdc462dcc04859f4fd8ac0a
13903,test,run21|475344add64c01ea12a5eefd
13904,train,run21|d8b612ad743b9829e54c05fb
13905,train,run21|e73214762aac636ba24077c6
13906,train,run21|0c0bab09d131270ac2ad8a4d
13907,train,run21|e95cdb8adba87a0c0789eb1f
13908,train,run21|7c419edf1ad0026363ad6866
13909,train,run21|23a8cb573b67adce7d56e5df
13910,train,run21|0c794c79438e5609016de47c
13911,train,run21|c028270e0ea0d94276e59ab9
13912,train,run21|099069787eae0cdd522c0f9f
13913,test,run21|84aa03a0dbfd72ec6bca9622
13914,train,run21|0408825e10971cd9ae03e4e5
13915,val,run21|f00f7158b84bdc3cd12ffb47
13916,val,run21|cf0d2ed384ea772718c055ed
13917,test,run21|ec3e918d6ebac6ba30618d6f
13918,train,run21|2a3125e21ecaccdd42962524
13919,val,run21|0e1a61cfcc729aa92f56d353
13920,train,run21|d5046f7801adebd5f2b55c30
13921,train,run21|64049bab8744d3b82037dd67
13922,train,run21|2352d692053b4a560945f498
13923,train,run21|9035c5e0c4cd8b497198d696
13924,val,run21|f48ab37fd6095ac96f792b70
13925,train,run21|08aa4fddfc4f020e0369009c
13926,train,run21|53aa34a58592801124311970
13927,val,run21|a6851a7d2d1112c5f92f942a
13928,test,run21|9354dfd387be85a32ed7a4d0
13929,train,run21|27178252166852e2a02ab361
13930,train,run21|af57256d7c1d7f58984b3561
13931,val,run21|e95b6ddf62dbb284e647e1c4
13932,train,run21|8b1f4d475d58fc723dfff643
13933,val,run21|269d1a4016e50940890f5598
13934,val,run21|1f074e26c85d23a38082a266
13935,train,run21|49e20fdd457a2eaed1ec0bfc
13936,train,run21|e4a6c6ff825f3f06f3fb3805
13937,train,run21|fe10430fe3343f786ed3f5e2
13938,train,run21|7ebcc240e7bd48435bc5ffe1
13939,val,run21|8a26302f4b5c50d7d757f281
13940,test,run21|3c9edf278dd9b812c0c07499
13941,train,run21|172d3a4a2a3475d9788ea18c
13942,test,run21|5486d3a9fbd96bbbfd189143
13943,test,run21|357c0b28a82ed8fce2796f0f
13944,test,run21|00b0019aaa8957bf12f8ea51
13945,test,run21|e7f1091a5ad330ae892f10d3
13946,train,run21|4a3c5846aea7d629befa4298
13947,train,run21|b97562ea57d3895d6cb7c978
13948,val,run21|bc83a39caabf8408d9188b19
13949,val,run21|3e02ff90ce31062a2ff025a8
13950,train,run21|7fcf30502b3a14d019732e7b
13951,train,run21|bd06cbdd1c63534544440b78
13952,val,run21|7db03c00972d9cde7a67556a
13953,val,run21|b1cde992f2a942ebd675ccb8
13954,val,run21|d3521a647ff1e22edce3270b
13955,val,run21|03dcc95fa6dc1c7025c60aa4
13956,train,run21|20c062eeec1ce796a9f6655a
13957,test,run21|d66299b2ed28172c3fe5af7a
13958,test,run21|a811b9ed582a039df6669ccd
13959,train,run21|baeec1fce8362268fed711ce
13960,val,run21|ff81e880891cfaf49cb30fe1
13961,val,run21|22e934713f6ac9b48815f2ae
13962,val,run21|b29d575d9cba4e77e3f21e5a
13963,test,run21|1f76c8b44c8d94d6f079583b
13964,test,run21|2d6b2f1db253f09626744a1f
13965,test,run21|dbdc462dcc04859f4fd8ac0a
13966,test,run21|475344add64c01ea12a5eefd
13967,train,run21|d8b612ad743b9829e54c05fb
13968,train,run21|e73214762aac636ba24077c6
13969,train,run21|0c0bab09d131270ac2ad8a4d
13970,train,run21|e95cdb8adba87a0c0789eb1f
13971,train,run21|7c419edf1ad0026363ad6866
13972,train,run21|23a8cb573b67adce7d56e5df
13973,train,run21|0c794c79438e5609016de47c
13974,train,run21|c028270e0ea0d94276e59ab9
13975,train,run21|099069787eae0cdd522c0f9f
13976,test,run21|84aa03a0dbfd72ec6bca9622
13977,train,run21|0408825e10971cd9ae03e4e5
13978,val,run21|f00f7158b84bdc3cd12ffb47
13979,val,run21|cf0d2ed384ea772718c055ed
13980,test,run21|ec3e918d6ebac6ba30618d6f
13981,train,run21|2a3125e21ecaccdd42962524
13982,val,run21|0e1a61cfcc729aa92f56d353
13983,train,run21|d5046f7801adebd5f2b55c30
13984,train,run21|64049bab8744d3b82037dd67
13985,train,run21|2352d692053b4a560945f498
13986,train,run21|9035c5e0c4cd8b497198d696
13987,val,run21|f48ab37fd6095ac96f792b70
13988,train,run21|08aa4fddfc4f020e0369009c
13989,train,run21|53aa34a58592801124311970
13990,val,run21|a6851a7d2d1112c5f92f942a
13991,test,run21|9354dfd387be85a32ed7a4d0
13992,train,run21|27178252166852e2a02ab361
13993,train,run21|af57256d7c1d7f58984b3561
13994,val,run21|e95b6ddf62dbb284e647e1c4
13995,train,run21|8b1f4d475d58fc723dfff643
13996,val,run21|269d1a4016e50940890f5598
13997,val,run21|1f074e26c85d23a38082a266
13998,train,run21|49e20fdd457a2eaed1ec0bfc
13999,train,run21|e4a6c6ff825f3f06f3fb3805
14000,train,run21|fe10430fe3343f786ed3f5e2
14001,train,run21|7ebcc240e7bd48435bc5ffe1
14002,val,run21|8a26302f4b5c50d7d757f281
14003,test,run21|3c9edf278dd9b812c0c07499
14004,train,run21|172d3a4a2a3475d9788ea18c
14005,test,run21|5486d3a9fbd96bbbfd189143
14006,test,run21|357c0b28a82ed8fce2796f0f
14007,test,run21|00b0019aaa8957bf12f8ea51
14008,test,run21|e7f1091a5ad330ae892f10d3
14009,train,run21|4a3c5846aea7d629befa4298
14010,train,run21|b97562ea57d3895d6cb7c978
14011,val,run21|bc83a39caabf8408d9188b19
14012,val,run21|3e02ff90ce31062a2ff025a8
14013,train,run21|7fcf30502b3a14d019732e7b
14014,train,run21|bd06cbdd1c63534544440b78
14015,val,run21|7db03c00972d9cde7a67556a
14016,val,run21|b1cde992f2a942ebd675ccb8
14017,val,run21|d3521a647ff1e22edce3270b
14018,val,run21|03dcc95fa6dc1c7025c60aa4
14019,train,run21|20c062eeec1ce796a9f6655a
14020,test,run21|d66299b2ed28172c3fe5af7a
14021,test,run21|a811b9ed582a039df6669ccd
14022,train,run21|baeec1fce8362268fed711ce
14023,val,run21|ff81e880891cfaf49cb30fe1
14024,val,run21|22e934713f6ac9b48815f2ae
14025,val,run21|b29d575d9cba4e77e3f21e5a
14026,test,run21|1f76c8b44c8d94d6f079583b
14027,test,run21|2d6b2f1db253f09626744a1f
14028,test,run21|dbdc462dcc04859f4fd8ac0a
14029,test,run21|475344add64c01ea12a5eefd
14030,train,run21|d8b612ad743b9829e54c05fb
14031,train,run21|e73214762aac636ba24077c6
14032,train,run21|0c0bab09d131270ac2ad8a4d
14033,train,run21|e95cdb8adba87a0c0789eb1f
14034,train,run21|7c419edf1ad0026363ad6866
14035,train,run21|23a8cb573b67adce7d56e5df
14036,train,run21|0c794c79438e5609016de47c
14037,train,run21|c028270e0ea0d94276e59ab9
14038,train,run21|099069787eae0cdd522c0f9f
14039,test,run21|84aa03a0dbfd72ec6bca9622
14040,train,run21|0408825e10971cd9ae03e4e5
14041,val,run21|f00f7158b84bdc3cd12ffb47
14042,val,run21|cf0d2ed384ea772718c055ed
14043,test,run21|ec3e918d6ebac6ba30618d6f
14044,train,run21|2a3125e21ecaccdd42962524
14045,val,run21|0e1a61cfcc729aa92f56d353
14046,train,run21|d5046f7801adebd5f2b55c30
14047,train,run21|64049bab8744d3b82037dd67
14048,train,run21|2352d692053b4a560945f498
14049,train,run21|9035c5e0c4cd8b497198d696
14050,val,run21|f48ab37fd6095ac96f792b70
14051,train,run21|08aa4fddfc4f020e0369009c
14052,train,run21|53aa34a58592801124311970
14053,val,run21|a6851a7d2d1112c5f92f942a
14054,test,run21|9354dfd387be85a32ed7a4d0
14055,train,run21|27178252166852e2a02ab361
14056,train,run21|af57256d7c1d7f58984b3561
14057,val,run21|e95b6ddf62dbb284e647e1c4
14058,train,run21|8b1f4d475d58fc723dfff643
14059,val,run21|269d1a4016e50940890f5598
14060,val,run21|1f074e26c85d23a38082a266
14061,train,run21|49e20fdd457a2eaed1ec0bfc
14062,train,run21|e4a6c6ff825f3f06f3fb3805
14063,train,run21|fe10430fe3343f786ed3f5e2
14064,train,run21|7ebcc240e7bd48435bc5ffe1
14065,val,run21|8a26302f4b5c50d7d757f281
14066,test,run21|3c9edf278dd9b812c0c07499
14067,train,run21|172d3a4a2a3475d9788ea18c
14068,test,run21|5486d3a9fbd96bbbfd189143
14069,test,run21|357c0b28a82ed8fce2796f0f
14070,test,run21|00b0019aaa8957bf12f8ea51
14071,test,run21|e7f1091a5ad330ae892f10d3
14072,train,run21|4a3c5846aea7d629befa4298
14073,train,run21|b97562ea57d3895d6cb7c978
14074,val,run21|bc83a39caabf8408d9188b19
14075,val,run21|3e02ff90ce31062a2ff025a8
14076,train,run21|7fcf30502b3a14d019732e7b
14077,train,run21|bd06cbdd1c63534544440b78
14078,val,run21|7db03c00972d9cde7a67556a
14079,val,run21|b1cde992f2a942ebd675ccb8
14080,val,run21|d3521a647ff1e22edce3270b
14081,val,run21|03dcc95fa6dc1c7025c60aa4
14082,train,run21|20c062eeec1ce796a9f6655a
14083,test,run21|d66299b2ed28172c3fe5af7a
14084,test,run21|a811b9ed582a039df6669ccd
14085,train,run21|baeec1fce8362268fed711ce
14086,val,run21|ff81e880891cfaf49cb30fe1
14087,val,run21|22e934713f6ac9b48815f2ae
14088,val,run21|b29d575d9cba4e77e3f21e5a
14089,test,run21|1f76c8b44c8d94d6f079583b
14090,test,run21|2d6b2f1db253f09626744a1f
14091,test,run21|dbdc462dcc04859f4fd8ac0a
14092,test,run21|475344add64c01ea12a5eefd
14093,train,run21|d8b612ad743b9829e54c05fb
14094,train,run21|e73214762aac636ba24077c6
14095,train,run21|0c0bab09d131270ac2ad8a4d
14096,train,run21|e95cdb8adba87a0c0789eb1f
14097,train,run21|7c419edf1ad0026363ad6866
14098,train,run21|23a8cb573b67adce7d56e5df
14099,train,run21|0c794c79438e5609016de47c
14100,train,run21|c028270e0ea0d94276e59ab9
14101,train,run21|099069787eae0cdd522c0f9f
14102,test,run21|84aa03a0dbfd72ec6bca9622
14103,train,run21|0408825e10971cd9ae03e4e5
14104,val,run21|f00f7158b84bdc3cd12ffb47
14105,val,run21|cf0d2ed384ea772718c055ed
14106,test,run21|ec3e918d6ebac6ba30618d6f
14107,train,run21|2a3125e21ecaccdd42962524
14108,val,run21|0e1a61cfcc729aa92f56d353
14109,train,run21|d5046f7801adebd5f2b55c30
14110,train,run21|64049bab8744d3b82037dd67
14111,train,run21|2352d692053b4a560945f498
14112,train,run21|9035c5e0c4cd8b497198d696
14113,val,run21|f48ab37fd6095ac96f792b70
14114,train,run21|08aa4fddfc4f020e0369009c
14115,train,run21|53aa34a58592801124311970
14116,val,run21|a6851a7d2d1112c5f92f942a
14117,test,run21|9354dfd387be85a32ed7a4d0
14118,train,run21|27178252166852e2a02ab361
14119,train,run21|af57256d7c1d7f58984b3561
14120,val,run21|e95b6ddf62dbb284e647e1c4
14121,train,run21|8b1f4d475d58fc723dfff643
14122,val,run21|269d1a4016e50940890f5598
14123,val,run21|1f074e26c85d23a38082a266
14124,train,run21|49e20fdd457a2eaed1ec0bfc
14125,train,run21|e4a6c6ff825f3f06f3fb3805
14126,train,run21|fe10430fe3343f786ed3f5e2
14127,train,run21|7ebcc240e7bd48435bc5ffe1
14128,val,run21|8a26302f4b5c50d7d757f281
14129,test,run21|3c9edf278dd9b812c0c07499
14130,train,run21|172d3a4a2a3475d9788ea18c
14131,test,run21|5486d3a9fbd96bbbfd189143
14132,test,run21|357c0b28a82ed8fce2796f0f
14133,test,run21|00b0019aaa8957bf12f8ea51
14134,test,run21|e7f1091a5ad330ae892f10d3
14135,train,run21|4a3c5846aea7d629befa4298
14136,train,run21|b97562ea57d3895d6cb7c978
14137,val,run21|bc83a39caabf8408d9188b19
14138,val,run21|3e02ff90ce31062a2ff025a8
14139,train,run21|7fcf30502b3a14d019732e7b
14140,train,run21|bd06cbdd1c63534544440b78
14141,val,run21|7db03c00972d9cde7a67556a
14142,val,run21|b1cde992f2a942ebd675ccb8
14143,val,run21|d3521a647ff1e22edce3270b
14144,val,run21|03dcc95fa6dc1c7025c60aa4
14145,train,run21|20c062eeec1ce796a9f6655a
14146,test,run21|d66299b2ed28172c3fe5af7a
14147,test,run21|a811b9ed582a039df6669ccd
14148,train,run21|baeec1fce8362268fed711ce
14149,val,run21|ff81e880891cfaf49cb30fe1
14150,val,run21|22e934713f6ac9b48815f2ae
14151,val,run21|b29d575d9cba4e77e3f21e5a
14152,test,run21|1f76c8b44c8d94d6f079583b
14153,test,run21|2d6b2f1db253f09626744a1f
14154,test,run21|dbdc462dcc04859f4fd8ac0a
14155,test,run21|475344add64c01ea12a5eefd
14156,train,run21|d8b612ad743b9829e54c05fb
14157,train,run21|e73214762aac636ba24077c6
14158,train,run21|0c0bab09d131270ac2ad8a4d
14159,train,run21|e95cdb8adba87a0c0789eb1f
14160,train,run21|7c419edf1ad0026363ad6866
14161,train,run21|23a8cb573b67adce7d56e5df
14162,train,run21|0c794c79438e5609016de47c
14163,train,run21|c028270e0ea0d94276e59ab9
14164,train,run21|099069787eae0cdd522c0f9f
14165,test,run21|84aa03a0dbfd72ec6bca9622
14166,train,run21|0408825e10971cd9ae03e4e5
14167,val,run21|f00f7158b84bdc3cd12ffb47
14168,val,run21|cf0d2ed384ea772718c055ed
14169,test,run21|ec3e918d6ebac6ba30618d6f
14170,train,run21|2a3125e21ecaccdd42962524
14171,val,run21|0e1a61cfcc729aa92f56d353
14172,train,run21|d5046f7801adebd5f2b55c30
14173,train,run21|64049bab8744d3b82037dd67
14174,train,run21|2352d692053b4a560945f498
14175,train,run21|9035c5e0c4cd8b497198d696
14176,val,run21|f48ab37fd6095ac96f792b70
14177,train,run21|08aa4fddfc4f020e0369009c
14178,train,run21|53aa34a58592801124311970
14179,val,run21|a6851a7d2d1112c5f92f942a
14180,test,run21|9354dfd387be85a32ed7a4d0
14181,train,run21|27178252166852e2a02ab361
14182,train,run21|af57256d7c1d7f58984b3561
14183,val,run21|e95b6ddf62dbb284e647e1c4
14184,train,run21|8b1f4d475d58fc723dfff643
14185,val,run21|269d1a4016e50940890f5598
14186,val,run21|1f074e26c85d23a38082a266
14187,train,run21|49e20fdd457a2eaed1ec0bfc
14188,train,run21|e4a6c6ff825f3f06f3fb3805
14189,train,run21|fe10430fe3343f786ed3f5e2
14190,train,run21|7ebcc240e7bd48435bc5ffe1
14191,val,run21|8a26302f4b5c50d7d757f281
14192,test,run21|3c9edf278dd9b812c0c07499
14193,train,run21|172d3a4a2a3475d9788ea18c
14194,test,run21|5486d3a9fbd96bbbfd189143
14195,test,run21|357c0b28a82ed8fce2796f0f
14196,test,run21|00b0019aaa8957bf12f8ea51
14197,test,run21|e7f1091a5ad330ae892f10d3
14198,train,run21|4a3c5846aea7d629befa4298
14199,train,run21|b97562ea57d3895d6cb7c978
14200,train,run21|47c347a5964bb2cb7189851b
14201,train,run21|4f2e0b23d406d6b8b2f2a923
14202,val,run21|bc83a39caabf8408d9188b19
14203,val,run21|3e02ff90ce31062a2ff025a8
14204,train,run21|7fcf30502b3a14d019732e7b
14205,train,run21|bd06cbdd1c63534544440b78
14206,val,run21|7db03c00972d9cde7a67556a
14207,val,run21|b1cde992f2a942ebd675ccb8
14208,val,run21|d3521a647ff1e22edce3270b
14209,val,run21|03dcc95fa6dc1c7025c60aa4
14210,train,run21|20c062eeec1ce796a9f6655a
14211,test,run21|d66299b2ed28172c3fe5af7a
14212,test,run21|a811b9ed582a039df6669ccd
14213,train,run21|baeec1fce8362268fed711ce
14214,val,run21|ff81e880891cfaf49cb30fe1
14215,val,run21|22e934713f6ac9b48815f2ae
14216,val,run21|b29d575d9cba4e77e3f21e5a
14217,test,run21|1f76c8b44c8d94d6f079583b
14218,test,run21|2d6b2f1db253f09626744a1f
14219,test,run21|dbdc462dcc04859f4fd8ac0a
14220,test,run21|475344add64c01ea12a5eefd
14221,train,run21|d8b612ad743b9829e54c05fb
14222,train,run21|e73214762aac636ba24077c6
14223,train,run21|0c0bab09d131270ac2ad8a4d
14224,train,run21|e95cdb8adba87a0c0789eb1f
14225,train,run21|7c419edf1ad0026363ad6866
14226,train,run21|23a8cb573b67adce7d56e5df
14227,train,run21|0c794c79438e5609016de47c
14228,train,run21|c028270e0ea0d94276e59ab9
14229,train,run21|099069787eae0cdd522c0f9f
14230,test,run21|84aa03a0dbfd72ec6bca9622
14231,train,run21|0408825e10971cd9ae03e4e5
14232,val,run21|f00f7158b84bdc3cd12ffb47
14233,val,run21|cf0d2ed384ea772718c055ed
14234,test,run21|ec3e918d6ebac6ba30618d6f
14235,train,run21|2a3125e21ecaccdd42962524
14236,val,run21|0e1a61cfcc729aa92f56d353
14237,train,run21|d5046f7801adebd5f2b55c30
14238,train,run21|64049bab8744d3b82037dd67
14239,train,run21|2352d692053b4a560945f498
14240,train,run21|9035c5e0c4cd8b497198d696
14241,val,run21|f48ab37fd6095ac96f792b70
14242,train,run21|08aa4fddfc4f020e0369009c
14243,train,run21|53aa34a58592801124311970
14244,val,run21|a6851a7d2d1112c5f92f942a
14245,test,run21|9354dfd387be85a32ed7a4d0
14246,train,run21|27178252166852e2a02ab361
14247,train,run21|af57256d7c1d7f58984b3561
14248,val,run21|e95b6ddf62dbb284e647e1c4
14249,train,run21|8b1f4d475d58fc723dfff643
14250,val,run21|269d1a4016e50940890f5598
14251,val,run21|1f074e26c85d23a38082a266
14252,train,run21|49e20fdd457a2eaed1ec0bfc
14253,train,run21|e4a6c6ff825f3f06f3fb3805
14254,train,run21|fe10430fe3343f786ed3f5e2
14255,train,run21|7ebcc240e7bd48435bc5ffe1
14256,val,run21|8a26302f4b5c50d7d757f281
14257,test,run21|3c9edf278dd9b812c0c07499
14258,train,run21|172d3a4a2a3475d9788ea18c
14259,test,run21|5486d3a9fbd96bbbfd189143
14260,test,run21|357c0b28a82ed8fce2796f0f
14261,test,run21|00b0019aaa8957bf12f8ea51
14262,test,run21|e7f1091a5ad330ae892f10d3
14263,train,run21|4a3c5846aea7d629befa4298
14264,train,run21|b97562ea57d3895d6cb7c978
14265,val,run21|7e5ad2bc9fb35cc64011ebe3
14266,val,run21|c93625621078a5a5ad62e1f5
14267,train,run21|94bc423f1dae7853ed6bef4a
14268,val,run21|0c1d7a84dfb09cf358419819
14269,val,run21|b9b350b3ee7e8d15e38d1a7b
14270,val,run21|bc83a39caabf8408d9188b19
14271,val,run21|3e02ff90ce31062a2ff025a8
14272,train,run21|7fcf30502b3a14d019732e7b
14273,train,run21|bd06cbdd1c63534544440b78
14274,val,run21|7db03c00972d9cde7a67556a
14275,val,run21|b1cde992f2a942ebd675ccb8
14276,val,run21|d3521a647ff1e22edce3270b
14277,val,run21|03dcc95fa6dc1c7025c60aa4
14278,train,run21|20c062eeec1ce796a9f6655a
14279,test,run21|d66299b2ed28172c3fe5af7a
14280,test,run21|a811b9ed582a039df6669ccd
14281,train,run21|baeec1fce8362268fed711ce
14282,val,run21|ff81e880891cfaf49cb30fe1
14283,val,run21|22e934713f6ac9b48815f2ae
14284,val,run21|b29d575d9cba4e77e3f21e5a
14285,test,run21|1f76c8b44c8d94d6f079583b
14286,test,run21|2d6b2f1db253f09626744a1f
14287,test,run21|dbdc462dcc04859f4fd8ac0a
14288,test,run21|475344add64c01ea12a5eefd
14289,train,run21|d8b612ad743b9829e54c05fb
14290,train,run21|e73214762aac636ba24077c6
14291,train,run21|0c0bab09d131270ac2ad8a4d
14292,train,run21|e95cdb8adba87a0c0789eb1f
14293,train,run21|7c419edf1ad0026363ad6866
14294,train,run21|23a8cb573b67adce7d56e5df
14295,train,run21|0c794c79438e5609016de47c
14296,train,run21|c028270e0ea0d94276e59ab9
14297,train,run21|099069787eae0cdd522c0f9f
14298,test,run21|84aa03a0dbfd72ec6bca9622
14299,train,run21|0408825e10971cd9ae03e4e5
14300,val,run21|f00f7158b84bdc3cd12ffb47
14301,val,run21|cf0d2ed384ea772718c055ed
14302,test,run21|ec3e918d6ebac6ba30618d6f
14303,train,run21|2a3125e21ecaccdd42962524
14304,val,run21|0e1a61cfcc729aa92f56d353
14305,train,run21|d5046f7801adebd5f2b55c30
14306,train,run21|64049bab8744d3b82037dd67
14307,train,run21|2352d692053b4a560945f498
14308,train,run21|9035c5e0c4cd8b497198d696
14309,val,run21|f48ab37fd6095ac96f792b70
14310,train,run21|08aa4fddfc4f020e0369009c
14311,train,run21|53aa34a58592801124311970
14312,val,run21|a6851a7d2d1112c5f92f942a
14313,test,run21|9354dfd387be85a32ed7a4d0
14314,train,run21|27178252166852e2a02ab361
14315,train,run21|af57256d7c1d7f58984b3561
14316,val,run21|e95b6ddf62dbb284e647e1c4
14317,train,run21|8b1f4d475d58fc723dfff643
14318,val,run21|269d1a4016e50940890f5598
14319,val,run21|1f074e26c85d23a38082a266
14320,train,run21|49e20fdd457a2eaed1ec0bfc
14321,train,run21|e4a6c6ff825f3f06f3fb3805
14322,train,run21|fe10430fe3343f786ed3f5e2
14323,train,run21|7ebcc240e7bd48435bc5ffe1
14324,val,run21|8a26302f4b5c50d7d757f281
14325,test,run21|3c9edf278dd9b812c0c07499
14326,train,run21|172d3a4a2a3475d9788ea18c
14327,test,run21|5486d3a9fbd96bbbfd189143
14328,test,run21|357c0b28a82ed8fce2796f0f
14329,test,run21|00b0019aaa8957bf12f8ea51
14330,test,run21|e7f1091a5ad330ae892f10d3
14331,train,run21|4a3c5846aea7d629befa4298
14332,train,run21|b97562ea57d3895d6cb7c978
14333,train,run21|0e9ff68ea396005cef2ed8af
14334,test,run21|3c9edf278dd9b812c0c07499
14335,test,run21|00b0019aaa8957bf12f8ea51
14336,test,run21|e7f1091a5ad330ae892f10d3
14337,train,run22|c9e8f864bfd3a5fbcae4c756
14338,test,run22|cdb93151f00b781af8de4738
14339,val,run22|7b17841dbf9372eb30b17ea0
14340,train,run22|0c226371fd01ba8feadcc435
14341,train,run22|f8972485cfe4a1196d2e0755
14342,train,run22|3bf9d79c6afc247083e7222e
14343,test,run22|1213f67758c9f617b6849426
14344,val,run22|ddf0dfa9cf34633f4958a620
14345,val,run22|ac1f190fc2cfb718e4831d37
14346,test,run22|df3170c60f85ff61da4d0eeb
14347,test,run22|745a637767ae5ce57d68168f
14348,val,run22|b104b2da65bbd2498e58a758
14349,train,run22|56cfb7f3f5a81f7f6b20f638
14350,val,run22|f890f7d26719a6f472034a0e
14351,val,run22|dd2df4d6eec8be214cfeedfe
14352,test,run22|99907f195d77f91972c641e4
14353,test,run22|d126cda60eeb6180f12dc51f
14354,test,run22|99b6f994a6846e50ce417419
14355,val,run22|9a756d991d15dfbd6e88e892
14356,train,run22|6f13f546bb5ab15b2959099d
14357,train,run22|93196eb6a0d091b1e9201989
14358,train,run22|a32b87b4ad4ed61f07c570a5
14359,test,run22|c16780a070cab88fb2908958
14360,val,run22|145b12a62a48290aa64aafba
14361,train,run22|ab7dd69d3056127464bafc2a
14362,test,run22|41d81fb11febbed2a92faddc
14363,train,run22|326a9b5787ad237192d74d85
14364,train,run22|0bffddeb6686ef712b2ba814
14365,test,run22|d99c0cc63891eafda4d63fef
14366,train,run22|ef511ab45e32e15028aeede7
14367,train,run22|65a692c63b20a53107d53205
14368,val,run22|b4243b265a197cf4e9495027
14369,test,run22|699ce916356f5fcf607c2731
14370,train,run22|6e9667d95b366c4fd0f15cf6
14371,val,run22|78d1c2564745e64b528a3c72
14372,val,run22|d3e5e78a7fd4714b8dc08ebf
14373,train,run22|85a1a9851e0235a402cedcdb
14374,test,run22|1a5d7eb76ad47f0f564fe66b
14375,val,run22|da2dcb6bd61290b9f42a4a16
14376,test,run22|e9a38990abb85a9b5db7f140
14377,train,run22|964cdcdfb4d12e88533f9bb9
14378,train,run22|3e68e5893c25768b58978326
14379,train,run22|5ee01e8f7c54172157719911
14380,train,run22|cad437d320779dee133a91f8
14381,train,run22|d961e40d6e162d76a27f7ff3
14382,val,run22|f5800d41d72bf67374f21fc8
14383,train,run22|a76ad08f7746467ad02d8f90
14384,train,run22|efe10792b1a67cdaeca35061
14385,val,run22|fe93ba1284ad469517957709
14386,test,run22|b2d419259d562894d1eb64f8
14387,train,run22|948478a9ffae50d180889b9d
14388,train,run22|914685ac2ff5c8d31c13b549
14389,train,run22|f338041292cbad406c42e85f
14390,train,run22|1d844e3971ed99b03a1b45c0
14391,train,run22|b25f94e5d925c9a868f2d88b
14392,train,run22|207fe12b67e34f49f7ef9c17
14393,train,run22|1f5f9b10bb8695370f4cec9e
14394,val,run22|20ebf0c879546cdaceb82caa
14395,val,run22|f2247847c8eb372bc3e40535
14396,train,run22|0e550cff1f148ccf69f9cd0c
14397,train,run22|71cb3eaf1b678cd0a5b420c6
14398,train,run22|f2204661dd292e8ae9bffbd3
14399,train,run22|99f11dac0afaddb91528dba0
14400,train,run22|9caea21c9fc94393e9f7f152
14401,train,run22|6477d3609f4eacb583c68fe5
14402,test,run22|afbeb79c5c85c52b31239f7e
14403,train,run22|a6492eb75f806d281dbab075
14404,test,run22|b45b066d61c999c94a396296
14405,val,run22|d4d03d7a1fc8e24eb4683a8c
14406,test,run22|5c8adc0e45e2afdeaae2c82c
14407,train,run22|48aed491aca36a463303fb0a
14408,train,run22|c3e4c793dc27f2179ee1f18b
14409,train,run22|2d4af98388bb783dfa1b7291
14410,train,run22|4d99a5c084f92b56ef2574c1
14411,train,run22|1b281e80b8029e85d749e4e6
14412,val,run22|29e9f094deef5621ee60aaa0
14413,train,run22|3b2e9d6a8a7e689c00ac44cb
14414,val,run22|29c03d4cf4082f744fbbc597
14415,val,run22|30c87073516c7a9438f3a736
14416,train,run22|c9e8f864bfd3a5fbcae4c756
14417,test,run22|cdb93151f00b781af8de4738
14418,val,run22|7b17841dbf9372eb30b17ea0
14419,train,run22|0c226371fd01ba8feadcc435
14420,train,run22|f8972485cfe4a1196d2e0755
14421,train,run22|3bf9d79c6afc247083e7222e
14422,test,run22|1213f67758c9f617b6849426
14423,val,run22|ddf0dfa9cf34633f4958a620
14424,val,run22|ac1f190fc2cfb718e4831d37
14425,test,run22|df3170c60f85ff61da4d0eeb
14426,test,run22|745a637767ae5ce57d68168f
14427,val,run22|b104b2da65bbd2498e58a758
14428,train,run22|56cfb7f3f5a81f7f6b20f638
14429,val,run22|f890f7d26719a6f472034a0e
14430,val,run22|dd2df4d6eec8be214cfeedfe
14431,test,run22|99907f195d77f91972c641e4
14432,test,run22|d126cda60eeb6180f12dc51f
14433,test,run22|99b6f994a6846e50ce417419
14434,val,run22|9a756d991d15dfbd6e88e892
14435,train,run22|6f13f546bb5ab15b2959099d
14436,train,run22|93196eb6a0d091b1e9201989
14437,train,run22|a32b87b4ad4ed61f07c570a5
14438,test,run22|c16780a070cab88fb2908958
14439,val,run22|145b12a62a48290aa64aafba
14440,train,run22|ab7dd69d3056127464bafc2a
14441,test,run22|41d81fb11febbed2a92faddc
14442,train,run22|326a9b5787ad237192d74d85
14443,train,run22|0bffddeb6686ef712b2ba814
14444,test,run22|d99c0cc63891eafda4d63fef
14445,train,run22|ef511ab45e32e15028aeede7
14446,train,run22|65a692c63b20a53107d53205
14447,val,run22|b4243b265a197cf4e9495027
14448,test,run22|699ce916356f5fcf607c2731
14449,train,run22|6e9667d95b366c4fd0f15cf6
14450,val,run22|78d1c2564745e64b528a3c72
14451,val,run22|d3e5e78a7fd4714b8dc08ebf
14452,train,run22|85a1a9851e0235a402cedcdb
14453,test,run22|1a5d7eb76ad47f0f564fe66b
14454,val,run22|da2dcb6bd61290b9f42a4a16
14455,test,run22|e9a38990abb85a9b5db7f140
14456,train,run22|964cdcdfb4d12e88533f9bb9
14457,train,run22|3e68e5893c25768b58978326
14458,train,run22|5ee01e8f7c54172157719911
14459,train,run22|cad437d320779dee133a91f8
14460,train,run22|d961e40d6e162d76a27f7ff3
14461,val,run22|f5800d41d72bf67374f21fc8
14462,train,run22|a76ad08f7746467ad02d8f90
14463,train,run22|efe10792b1a67cdaeca35061
14464,val,run22|fe93ba1284ad469517957709
14465,test,run22|b2d419259d562894d1eb64f8
14466,train,run22|948478a9ffae50d180889b9d
14467,train,run22|914685ac2ff5c8d31c13b549
14468,train,run22|f338041292cbad406c42e85f
14469,train,run22|1d844e3971ed99b03a1b45c0
14470,train,run22|b25f94e5d925c9a868f2d88b
14471,train,run22|207fe12b67e34f49f7ef9c17
14472,train,run22|1f5f9b10bb8695370f4cec9e
14473,val,run22|20ebf0c879546cdaceb82caa
14474,val,run22|f2247847c8eb372bc3e40535
14475,train,run22|0e550cff1f148ccf69f9cd0c
14476,train,run22|71cb3eaf1b678cd0a5b420c6
14477,train,run22|f2204661dd292e8ae9bffbd3
14478,train,run22|99f11dac0afaddb91528dba0
14479,train,run22|c9e8f864bfd3a5fbcae4c756
14480,test,run22|cdb93151f00b781af8de4738
14481,val,run22|7b17841dbf9372eb30b17ea0
14482,train,run22|0c226371fd01ba8feadcc435
14483,train,run22|f8972485cfe4a1196d2e0755
14484,train,run22|3bf9d79c6afc247083e7222e
14485,test,run22|1213f67758c9f617b6849426
14486,val,run22|ddf0dfa9cf34633f4958a620
14487,val,run22|ac1f190fc2cfb718e4831d37
14488,test,run22|df3170c60f85ff61da4d0eeb
14489,test,run22|745a637767ae5ce57d68168f
14490,val,run22|b104b2da65bbd2498e58a758
14491,train,run22|56cfb7f3f5a81f7f6b20f638
14492,val,run22|f890f7d26719a6f472034a0e
14493,val,run22|dd2df4d6eec8be214cfeedfe
14494,test,run22|99907f195d77f91972c641e4
14495,test,run22|d126cda60eeb6180f12dc51f
14496,test,run22|99b6f994a6846e50ce417419
14497,val,run22|9a756d991d15dfbd6e88e892
14498,train,run22|6f13f546bb5ab15b2959099d
14499,train,run22|93196eb6a0d091b1e9201989
14500,train,run22|a32b87b4ad4ed61f07c570a5
14501,test,run22|c16780a070cab88fb2908958
14502,val,run22|145b12a62a48290aa64aafba
14503,train,run22|ab7dd69d3056127464bafc2a
14504,test,run22|41d81fb11febbed2a92faddc
14505,train,run22|326a9b5787ad237192d74d85
14506,train,run22|0bffddeb6686ef712b2ba814
14507,test,run22|d99c0cc63891eafda4d63fef
14508,train,run22|ef511ab45e32e15028aeede7
14509,train,run22|65a692c63b20a53107d53205
14510,val,run22|b4243b265a197cf4e9495027
14511,test,run22|699ce916356f5fcf607c2731
14512,train,run22|6e9667d95b366c4fd0f15cf6
14513,val,run22|78d1c2564745e64b528a3c72
14514,val,run22|d3e5e78a7fd4714b8dc08ebf
14515,train,run22|85a1a9851e0235a402cedcdb
14516,test,run22|1a5d7eb76ad47f0f564fe66b
14517,val,run22|da2dcb6bd61290b9f42a4a16
14518,test,run22|e9a38990abb85a9b5db7f140
14519,train,run22|964cdcdfb4d12e88533f9bb9
14520,train,run22|3e68e5893c25768b58978326
14521,train,run22|5ee01e8f7c54172157719911
14522,train,run22|cad437d320779dee133a91f8
14523,train,run22|d961e40d6e162d76a27f7ff3
14524,val,run22|f5800d41d72bf67374f21fc8
14525,train,run22|a76ad08f7746467ad02d8f90
14526,train,run22|efe10792b1a67cdaeca35061
14527,val,run22|fe93ba1284ad469517957709
14528,test,run22|b2d419259d562894d1eb64f8
14529,train,run22|948478a9ffae50d180889b9d
14530,train,run22|914685ac2ff5c8d31c13b549
14531,train,run22|f338041292cbad406c42e85f
14532,train,run22|1d844e3971ed99b03a1b45c0
14533,train,run22|b25f94e5d925c9a868f2d88b
14534,train,run22|207fe12b67e34f49f7ef9c17
14535,train,run22|1f5f9b10bb8695370f4cec9e
14536,val,run22|20ebf0c879546cdaceb82caa
14537,val,run22|f2247847c8eb372bc3e40535
14538,train,run22|0e550cff1f148ccf69f9cd0c
14539,train,run22|71cb3eaf1b678cd0a5b420c6
14540,train,run22|f2204661dd292e8ae9bffbd3
14541,train,run22|99f11dac0afaddb91528dba0
14542,train,run22|c9e8f864bfd3a5fbcae4c756
14543,test,run22|cdb93151f00b781af8de4738
14544,val,run22|7b17841dbf9372eb30b17ea0
14545,train,run22|0c226371fd01ba8feadcc435
14546,train,run22|f8972485cfe4a1196d2e0755
14547,train,run22|3bf9d79c6afc247083e7222e
14548,test,run22|1213f67758c9f617b6849426
14549,val,run22|ddf0dfa9cf34633f4958a620
14550,val,run22|ac1f190fc2cfb718e4831d37
14551,test,run22|df3170c60f85ff61da4d0eeb
14552,test,run22|745a637767ae5ce57d68168f
14553,val,run22|b104b2da65bbd2498e58a758
14554,train,run22|56cfb7f3f5a81f7f6b20f638
14555,val,run22|f890f7d26719a6f472034a0e
14556,val,run22|dd2df4d6eec8be214cfeedfe
14557,test,run22|99907f195d77f91972c641e4
14558,test,run22|d126cda60eeb6180f12dc51f
14559,test,run22|99b6f994a6846e50ce417419
14560,val,run22|9a756d991d15dfbd6e88e892
14561,train,run22|6f13f546bb5ab15b2959099d
14562,train,run22|93196eb6a0d091b1e9201989
14563,train,run22|a32b87b4ad4ed61f07c570a5
14564,test,run22|c16780a070cab88fb2908958
14565,val,run22|145b12a62a48290aa64aafba
14566,train,run22|ab7dd69d3056127464bafc2a
14567,test,run22|41d81fb11febbed2a92faddc
14568,train,run22|326a9b5787ad237192d74d85
14569,train,run22|0bffddeb6686ef712b2ba814
14570,test,run22|d99c0cc63891eafda4d63fef
14571,train,run22|ef511ab45e32e15028aeede7
14572,train,run22|65a692c63b20a53107d53205
14573,val,run22|b4243b265a197cf4e9495027
14574,test,run22|699ce916356f5fcf607c2731
14575,train,run22|6e9667d95b366c4fd0f15cf6
14576,val,run22|78d1c2564745e64b528a3c72
14577,val,run22|d3e5e78a7fd4714b8dc08ebf
14578,train,run22|85a1a9851e0235a402cedcdb
14579,test,run22|1a5d7eb76ad47f0f564fe66b
14580,val,run22|da2dcb6bd61290b9f42a4a16
14581,test,run22|e9a38990abb85a9b5db7f140
14582,train,run22|964cdcdfb4d12e88533f9bb9
14583,train,run22|3e68e5893c25768b58978326
14584,train,run22|5ee01e8f7c54172157719911
14585,train,run22|cad437d320779dee133a91f8
14586,train,run22|d961e40d6e162d76a27f7ff3
14587,val,run22|f5800d41d72bf67374f21fc8
14588,train,run22|a76ad08f7746467ad02d8f90
14589,train,run22|efe10792b1a67cdaeca35061
14590,val,run22|fe93ba1284ad469517957709
14591,test,run22|b2d419259d562894d1eb64f8
14592,train,run22|948478a9ffae50d180889b9d
14593,train,run22|914685ac2ff5c8d31c13b549
14594,train,run22|f338041292cbad406c42e85f
14595,train,run22|1d844e3971ed99b03a1b45c0
14596,train,run22|b25f94e5d925c9a868f2d88b
14597,train,run22|207fe12b67e34f49f7ef9c17
14598,train,run22|1f5f9b10bb8695370f4cec9e
14599,val,run22|20ebf0c879546cdaceb82caa
14600,val,run22|f2247847c8eb372bc3e40535
14601,train,run22|0e550cff1f148ccf69f9cd0c
14602,train,run22|71cb3eaf1b678cd0a5b420c6
14603,train,run22|f2204661dd292e8ae9bffbd3
14604,train,run22|99f11dac0afaddb91528dba0
14605,train,run22|c9e8f864bfd3a5fbcae4c756
14606,test,run22|cdb93151f00b781af8de4738
14607,val,run22|7b17841dbf9372eb30b17ea0
14608,train,run22|0c226371fd01ba8feadcc435
14609,train,run22|f8972485cfe4a1196d2e0755
14610,train,run22|3bf9d79c6afc247083e7222e
14611,test,run22|1213f67758c9f617b6849426
14612,val,run22|ddf0dfa9cf34633f4958a620
14613,val,run22|ac1f190fc2cfb718e4831d37
14614,test,run22|df3170c60f85ff61da4d0eeb
14615,test,run22|745a637767ae5ce57d68168f
14616,val,run22|b104b2da65bbd2498e58a758
14617,train,run22|56cfb7f3f5a81f7f6b20f638
14618,val,run22|f890f7d26719a6f472034a0e
14619,val,run22|dd2df4d6eec8be214cfeedfe
14620,test,run22|99907f195d77f91972c641e4
14621,test,run22|d126cda60eeb6180f12dc51f
14622,test,run22|99b6f994a6846e50ce417419
14623,val,run22|9a756d991d15dfbd6e88e892
14624,train,run22|6f13f546bb5ab15b2959099d
14625,train,run22|93196eb6a0d091b1e9201989
14626,train,run22|a32b87b4ad4ed61f07c570a5
14627,test,run22|c16780a070cab88fb2908958
14628,val,run22|145b12a62a48290aa64aafba
14629,train,run22|ab7dd69d3056127464bafc2a
14630,test,run22|41d81fb11febbed2a92faddc
14631,train,run22|326a9b5787ad237192d74d85
14632,train,run22|0bffddeb6686ef712b2ba814
14633,test,run22|d99c0cc63891eafda4d63fef
14634,train,run22|ef511ab45e32e15028aeede7
14635,train,run22|65a692c63b20a53107d53205
14636,val,run22|b4243b265a197cf4e9495027
14637,test,run22|699ce916356f5fcf607c2731
14638,train,run22|6e9667d95b366c4fd0f15cf6
14639,val,run22|78d1c2564745e64b528a3c72
14640,val,run22|d3e5e78a7fd4714b8dc08ebf
14641,train,run22|85a1a9851e0235a402cedcdb
14642,test,run22|1a5d7eb76ad47f0f564fe66b
14643,val,run22|da2dcb6bd61290b9f42a4a16
14644,test,run22|e9a38990abb85a9b5db7f140
14645,train,run22|964cdcdfb4d12e88533f9bb9
14646,train,run22|3e68e5893c25768b58978326
14647,train,run22|5ee01e8f7c54172157719911
14648,train,run22|cad437d320779dee133a91f8
14649,train,run22|d961e40d6e162d76a27f7ff3
14650,val,run22|f5800d41d72bf67374f21fc8
14651,train,run22|a76ad08f7746467ad02d8f90
14652,train,run22|efe10792b1a67cdaeca35061
14653,val,run22|fe93ba1284ad469517957709
14654,test,run22|b2d419259d562894d1eb64f8
14655,train,run22|948478a9ffae50d180889b9d
14656,train,run22|914685ac2ff5c8d31c13b549
14657,train,run22|f338041292cbad406c42e85f
14658,train,run22|1d844e3971ed99b03a1b45c0
14659,train,run22|b25f94e5d925c9a868f2d88b
14660,train,run22|207fe12b67e34f49f7ef9c17
14661,train,run22|1f5f9b10bb8695370f4cec9e
14662,val,run22|20ebf0c879546cdaceb82caa
14663,val,run22|f2247847c8eb372bc3e40535
14664,train,run22|0e550cff1f148ccf69f9cd0c
14665,train,run22|71cb3eaf1b678cd0a5b420c6
14666,train,run22|f2204661dd292e8ae9bffbd3
14667,train,run22|99f11dac0afaddb91528dba0
14668,train,run22|c9e8f864bfd3a5fbcae4c756
14669,test,run22|cdb93151f00b781af8de4738
14670,val,run22|7b17841dbf9372eb30b17ea0
14671,train,run22|0c226371fd01ba8feadcc435
14672,train,run22|f8972485cfe4a1196d2e0755
14673,train,run22|3bf9d79c6afc247083e7222e
14674,test,run22|1213f67758c9f617b6849426
14675,val,run22|ddf0dfa9cf34633f4958a620
14676,val,run22|ac1f190fc2cfb718e4831d37
14677,test,run22|df3170c60f85ff61da4d0eeb
14678,test,run22|745a637767ae5ce57d68168f
14679,val,run22|b104b2da65bbd2498e58a758
14680,train,run22|56cfb7f3f5a81f7f6b20f638
14681,val,run22|f890f7d26719a6f472034a0e
14682,val,run22|dd2df4d6eec8be214cfeedfe
14683,test,run22|99907f195d77f91972c641e4
14684,test,run22|d126cda60eeb6180f12dc51f
14685,test,run22|99b6f994a6846e50ce417419
14686,val,run22|9a756d991d15dfbd6e88e892
14687,train,run22|6f13f546bb5ab15b2959099d
14688,train,run22|93196eb6a0d091b1e9201989
14689,train,run22|a32b87b4ad4ed61f07c570a5
14690,test,run22|c16780a070cab88fb2908958
14691,val,run22|145b12a62a48290aa64aafba
14692,train,run22|ab7dd69d3056127464bafc2a
14693,test,run22|41d81fb11febbed2a92faddc
14694,train,run22|326a9b5787ad237192d74d85
14695,train,run22|0bffddeb6686ef712b2ba814
14696,test,run22|d99c0cc63891eafda4d63fef
14697,train,run22|ef511ab45e32e15028aeede7
14698,train,run22|65a692c63b20a53107d53205
14699,val,run22|b4243b265a197cf4e9495027
14700,test,run22|699ce916356f5fcf607c2731
14701,train,run22|6e9667d95b366c4fd0f15cf6
14702,val,run22|78d1c2564745e64b528a3c72
14703,val,run22|d3e5e78a7fd4714b8dc08ebf
14704,train,run22|85a1a9851e0235a402cedcdb
14705,test,run22|1a5d7eb76ad47f0f564fe66b
14706,val,run22|da2dcb6bd61290b9f42a4a16
14707,test,run22|e9a38990abb85a9b5db7f140
14708,train,run22|964cdcdfb4d12e88533f9bb9
14709,train,run22|3e68e5893c25768b58978326
14710,train,run22|5ee01e8f7c54172157719911
14711,train,run22|cad437d320779dee133a91f8
14712,train,run22|d961e40d6e162d76a27f7ff3
14713,val,run22|f5800d41d72bf67374f21fc8
14714,train,run22|a76ad08f7746467ad02d8f90
14715,train,run22|efe10792b1a67cdaeca35061
14716,val,run22|fe93ba1284ad469517957709
14717,test,run22|b2d419259d562894d1eb64f8
14718,train,run22|948478a9ffae50d180889b9d
14719,train,run22|914685ac2ff5c8d31c13b549
14720,train,run22|f338041292cbad406c42e85f
14721,train,run22|1d844e3971ed99b03a1b45c0
14722,train,run22|b25f94e5d925c9a868f2d88b
14723,train,run22|207fe12b67e34f49f7ef9c17
14724,train,run22|1f5f9b10bb8695370f4cec9e
14725,val,run22|20ebf0c879546cdaceb82caa
14726,val,run22|f2247847c8eb372bc3e40535
14727,train,run22|0e550cff1f148ccf69f9cd0c
14728,train,run22|71cb3eaf1b678cd0a5b420c6
14729,train,run22|f2204661dd292e8ae9bffbd3
14730,train,run22|99f11dac0afaddb91528dba0
14731,train,run22|c9e8f864bfd3a5fbcae4c756
14732,test,run22|cdb93151f00b781af8de4738
14733,val,run22|7b17841dbf9372eb30b17ea0
14734,train,run22|0c226371fd01ba8feadcc435
14735,train,run22|f8972485cfe4a1196d2e0755
14736,train,run22|3bf9d79c6afc247083e7222e
14737,test,run22|1213f67758c9f617b6849426
14738,val,run22|ddf0dfa9cf34633f4958a620
14739,val,run22|ac1f190fc2cfb718e4831d37
14740,test,run22|df3170c60f85ff61da4d0eeb
14741,test,run22|745a637767ae5ce57d68168f
14742,val,run22|b104b2da65bbd2498e58a758
14743,train,run22|56cfb7f3f5a81f7f6b20f638
14744,val,run22|f890f7d26719a6f472034a0e
14745,val,run22|dd2df4d6eec8be214cfeedfe
14746,test,run22|99907f195d77f91972c641e4
14747,test,run22|d126cda60eeb6180f12dc51f
14748,test,run22|99b6f994a6846e50ce417419
14749,val,run22|9a756d991d15dfbd6e88e892
14750,train,run22|6f13f546bb5ab15b2959099d
14751,train,run22|93196eb6a0d091b1e9201989
14752,train,run22|a32b87b4ad4ed61f07c570a5
14753,test,run22|c16780a070cab88fb2908958
14754,val,run22|145b12a62a48290aa64aafba
14755,train,run22|ab7dd69d3056127464bafc2a
14756,test,run22|41d81fb11febbed2a92faddc
14757,train,run22|326a9b5787ad237192d74d85
14758,train,run22|0bffddeb6686ef712b2ba814
14759,test,run22|d99c0cc63891eafda4d63fef
14760,train,run22|ef511ab45e32e15028aeede7
14761,train,run22|65a692c63b20a53107d53205
14762,val,run22|b4243b265a197cf4e9495027
14763,test,run22|699ce916356f5fcf607c2731
14764,train,run22|6e9667d95b366c4fd0f15cf6
14765,val,run22|78d1c2564745e64b528a3c72
14766,val,run22|d3e5e78a7fd4714b8dc08ebf
14767,train,run22|85a1a9851e0235a402cedcdb
14768,test,run22|1a5d7eb76ad47f0f564fe66b
14769,val,run22|da2dcb6bd61290b9f42a4a16
14770,test,run22|e9a38990abb85a9b5db7f140
14771,train,run22|964cdcdfb4d12e88533f9bb9
14772,train,run22|3e68e5893c25768b58978326
14773,train,run22|5ee01e8f7c54172157719911
14774,train,run22|cad437d320779dee133a91f8
14775,train,run22|d961e40d6e162d76a27f7ff3
14776,val,run22|f5800d41d72bf67374f21fc8
14777,train,run22|a76ad08f7746467ad02d8f90
14778,train,run22|efe10792b1a67cdaeca35061
14779,val,run22|fe93ba1284ad469517957709
14780,test,run22|b2d419259d562894d1eb64f8
14781,train,run22|948478a9ffae50d180889b9d
14782,train,run22|914685ac2ff5c8d31c13b549
14783,train,run22|f338041292cbad406c42e85f
14784,train,run22|1d844e3971ed99b03a1b45c0
14785,train,run22|b25f94e5d925c9a868f2d88b
14786,train,run22|207fe12b67e34f49f7ef9c17
14787,train,run22|1f5f9b10bb8695370f4cec9e
14788,val,run22|20ebf0c879546cdaceb82caa
14789,val,run22|f2247847c8eb372bc3e40535
14790,train,run22|0e550cff1f148ccf69f9cd0c
14791,train,run22|71cb3eaf1b678cd0a5b420c6
14792,train,run22|f2204661dd292e8ae9bffbd3
14793,train,run22|99f11dac0afaddb91528dba0
14794,train,run22|c9e8f864bfd3a5fbcae4c756
14795,test,run22|cdb93151f00b781af8de4738
14796,val,run22|7b17841dbf9372eb30b17ea0
14797,train,run22|0c226371fd01ba8feadcc435
14798,train,run22|f8972485cfe4a1196d2e0755
14799,train,run22|3bf9d79c6afc247083e7222e
14800,test,run22|1213f67758c9f617b6849426
14801,val,run22|ddf0dfa9cf34633f4958a620
14802,val,run22|ac1f190fc2cfb718e4831d37
14803,test,run22|df3170c60f85ff61da4d0eeb
14804,test,run22|745a637767ae5ce57d68168f
14805,val,run22|b104b2da65bbd2498e58a758
14806,train,run22|56cfb7f3f5a81f7f6b20f638
14807,val,run22|f890f7d26719a6f472034a0e
14808,val,run22|dd2df4d6eec8be214cfeedfe
14809,test,run22|99907f195d77f91972c641e4
14810,test,run22|d126cda60eeb6180f12dc51f
14811,test,run22|99b6f994a6846e50ce417419
14812,val,run22|9a756d991d15dfbd6e88e892
14813,train,run22|6f13f546bb5ab15b2959099d
14814,train,run22|93196eb6a0d091b1e9201989
14815,train,run22|a32b87b4ad4ed61f07c570a5
14816,test,run22|c16780a070cab88fb2908958
14817,val,run22|145b12a62a48290aa64aafba
14818,train,run22|ab7dd69d3056127464bafc2a
14819,test,run22|41d81fb11febbed2a92faddc
14820,train,run22|326a9b5787ad237192d74d85
14821,train,run22|0bffddeb6686ef712b2ba814
14822,test,run22|d99c0cc63891eafda4d63fef
14823,train,run22|ef511ab45e32e15028aeede7
14824,train,run22|65a692c63b20a53107d53205
14825,val,run22|b4243b265a197cf4e9495027
14826,test,run22|699ce916356f5fcf607c2731
14827,train,run22|6e9667d95b366c4fd0f15cf6
14828,val,run22|78d1c2564745e64b528a3c72
14829,val,run22|d3e5e78a7fd4714b8dc08ebf
14830,train,run22|85a1a9851e0235a402cedcdb
14831,test,run22|1a5d7eb76ad47f0f564fe66b
14832,val,run22|da2dcb6bd61290b9f42a4a16
14833,test,run22|e9a38990abb85a9b5db7f140
14834,train,run22|964cdcdfb4d12e88533f9bb9
14835,train,run22|3e68e5893c25768b58978326
14836,train,run22|5ee01e8f7c54172157719911
14837,train,run22|cad437d320779dee133a91f8
14838,train,run22|d961e40d6e162d76a27f7ff3
14839,val,run22|f5800d41d72bf67374f21fc8
14840,train,run22|a76ad08f7746467ad02d8f90
14841,train,run22|efe10792b1a67cdaeca35061
14842,val,run22|fe93ba1284ad469517957709
14843,test,run22|b2d419259d562894d1eb64f8
14844,train,run22|948478a9ffae50d180889b9d
14845,train,run22|914685ac2ff5c8d31c13b549
14846,train,run22|f338041292cbad406c42e85f
14847,train,run22|1d844e3971ed99b03a1b45c0
14848,train,run22|b25f94e5d925c9a868f2d88b
14849,train,run22|207fe12b67e34f49f7ef9c17
14850,train,run22|1f5f9b10bb8695370f4cec9e
14851,val,run22|20ebf0c879546cdaceb82caa
14852,val,run22|f2247847c8eb372bc3e40535
14853,train,run22|0e550cff1f148ccf69f9cd0c
14854,train,run22|71cb3eaf1b678cd0a5b420c6
14855,train,run22|f2204661dd292e8ae9bffbd3
14856,train,run22|99f11dac0afaddb91528dba0
14857,train,run22|3b2e9d6a8a7e689c00ac44cb
14858,val,run22|29c03d4cf4082f744fbbc597
14859,train,run22|c9e8f864bfd3a5fbcae4c756
14860,test,run22|cdb93151f00b781af8de4738
14861,val,run22|7b17841dbf9372eb30b17ea0
14862,train,run22|0c226371fd01ba8feadcc435
14863,train,run22|f8972485cfe4a1196d2e0755
14864,train,run22|3bf9d79c6afc247083e7222e
14865,test,run22|1213f67758c9f617b6849426
14866,val,run22|ddf0dfa9cf34633f4958a620
14867,val,run22|ac1f190fc2cfb718e4831d37
14868,test,run22|df3170c60f85ff61da4d0eeb
14869,test,run22|745a637767ae5ce57d68168f
14870,val,run22|b104b2da65bbd2498e58a758
14871,train,run22|56cfb7f3f5a81f7f6b20f638
14872,val,run22|f890f7d26719a6f472034a0e
14873,val,run22|dd2df4d6eec8be214cfeedfe
14874,test,run22|99907f195d77f91972c641e4
14875,test,run22|d126cda60eeb6180f12dc51f
14876,test,run22|99b6f994a6846e50ce417419
14877,val,run22|9a756d991d15dfbd6e88e892
14878,train,run22|6f13f546bb5ab15b2959099d
14879,train,run22|93196eb6a0d091b1e9201989
14880,train,run22|a32b87b4ad4ed61f07c570a5
14881,test,run22|c16780a070cab88fb2908958
14882,val,run22|145b12a62a48290aa64aafba
14883,train,run22|ab7dd69d3056127464bafc2a
14884,test,run22|41d81fb11febbed2a92faddc
14885,train,run22|326a9b5787ad237192d74d85
14886,train,run22|0bffddeb6686ef712b2ba814
14887,test,run22|d99c0cc63891eafda4d63fef
14888,train,run22|ef511ab45e32e15028aeede7
14889,train,run22|65a692c63b20a53107d53205
14890,val,run22|b4243b265a197cf4e9495027
14891,test,run22|699ce916356f5fcf607c2731
14892,train,run22|6e9667d95b366c4fd0f15cf6
14893,val,run22|78d1c2564745e64b528a3c72
14894,val,run22|d3e5e78a7fd4714b8dc08ebf
14895,train,run22|85a1a9851e0235a402cedcdb
14896,test,run22|1a5d7eb76ad47f0f564fe66b
14897,val,run22|da2dcb6bd61290b9f42a4a16
14898,test,run22|e9a38990abb85a9b5db7f140
14899,train,run22|964cdcdfb4d12e88533f9bb9
14900,train,run22|3e68e5893c25768b58978326
14901,train,run22|5ee01e8f7c54172157719911
14902,train,run22|cad437d320779dee133a91f8
14903,train,run22|d961e40d6e162d76a27f7ff3
14904,val,run22|f5800d41d72bf67374f21fc8
14905,train,run22|a76ad08f7746467ad02d8f90
14906,train,run22|efe10792b1a67cdaeca35061
14907,val,run22|fe93ba1284ad469517957709
14908,test,run22|b2d419259d562894d1eb64f8
14909,train,run22|948478a9ffae50d180889b9d
14910,train,run22|914685ac2ff5c8d31c13b549
14911,train,run22|f338041292cbad406c42e85f
14912,train,run22|1d844e3971ed99b03a1b45c0
14913,train,run22|b25f94e5d925c9a868f2d88b
14914,train,run22|207fe12b67e34f49f7ef9c17
14915,train,run22|1f5f9b10bb8695370f4cec9e
14916,val,run22|20ebf0c879546cdaceb82caa
14917,val,run22|f2247847c8eb372bc3e40535
14918,train,run22|0e550cff1f148ccf69f9cd0c
14919,train,run22|71cb3eaf1b678cd0a5b420c6
14920,train,run22|f2204661dd292e8ae9bffbd3
14921,train,run22|99f11dac0afaddb91528dba0
14922,train,run22|2d4af98388bb783dfa1b7291
14923,train,run22|4d99a5c084f92b56ef2574c1
14924,train,run22|1b281e80b8029e85d749e4e6
14925,val,run22|30c87073516c7a9438f3a736
14926,train,run22|c9e8f864bfd3a5fbcae4c756
14927,test,run22|cdb93151f00b781af8de4738
14928,val,run22|7b17841dbf9372eb30b17ea0
14929,train,run22|0c226371fd01ba8feadcc435
14930,train,run22|f8972485cfe4a1196d2e0755
14931,train,run22|3bf9d79c6afc247083e7222e
14932,test,run22|1213f67758c9f617b6849426
14933,val,run22|ddf0dfa9cf34633f4958a620
14934,val,run22|ac1f190fc2cfb718e4831d37
14935,test,run22|df3170c60f85ff61da4d0eeb
14936,test,run22|745a637767ae5ce57d68168f
14937,val,run22|b104b2da65bbd2498e58a758
14938,train,run22|56cfb7f3f5a81f7f6b20f638
14939,val,run22|f890f7d26719a6f472034a0e
14940,val,run22|dd2df4d6eec8be214cfeedfe
14941,test,run22|99907f195d77f91972c641e4
14942,test,run22|d126cda60eeb6180f12dc51f
14943,test,run22|99b6f994a6846e50ce417419
14944,val,run22|9a756d991d15dfbd6e88e892
14945,train,run22|6f13f546bb5ab15b2959099d
14946,train,run22|93196eb6a0d091b1e9201989
14947,train,run22|a32b87b4ad4ed61f07c570a5
14948,test,run22|c16780a070cab88fb2908958
14949,val,run22|145b12a62a48290aa64aafba
14950,train,run22|ab7dd69d3056127464bafc2a
14951,test,run22|41d81fb11febbed2a92faddc
14952,train,run22|326a9b5787ad237192d74d85
14953,train,run22|0bffddeb6686ef712b2ba814
14954,test,run22|d99c0cc63891eafda4d63fef
14955,train,run22|ef511ab45e32e15028aeede7
14956,train,run22|65a692c63b20a53107d53205
14957,val,run22|b4243b265a197cf4e9495027
14958,test,run22|699ce916356f5fcf607c2731
14959,train,run22|6e9667d95b366c4fd0f15cf6
14960,val,run22|78d1c2564745e64b528a3c72
14961,val,run22|d3e5e78a7fd4714b8dc08ebf
14962,train,run22|85a1a9851e0235a402cedcdb
14963,test,run22|1a5d7eb76ad47f0f564fe66b
14964,val,run22|da2dcb6bd61290b9f42a4a16
14965,test,run22|e9a38990abb85a9b5db7f140
14966,train,run22|964cdcdfb4d12e88533f9bb9
14967,train,run22|3e68e5893c25768b58978326
14968,train,run22|5ee01e8f7c54172157719911
14969,train,run22|cad437d320779dee133a91f8
14970,train,run22|d961e40d6e162d76a27f7ff3
14971,val,run22|f5800d41d72bf67374f21fc8
14972,train,run22|a76ad08f7746467ad02d8f90
14973,train,run22|efe10792b1a67cdaeca35061
14974,val,run22|fe93ba1284ad469517957709
14975,test,run22|b2d419259d562894d1eb64f8
14976,train,run22|948478a9ffae50d180889b9d
14977,train,run22|914685ac2ff5c8d31c13b549
14978,train,run22|f338041292cbad406c42e85f
14979,train,run22|1d844e3971ed99b03a1b45c0
14980,train,run22|b25f94e5d925c9a868f2d88b
14981,train,run22|207fe12b67e34f49f7ef9c17
14982,train,run22|1f5f9b10bb8695370f4cec9e
14983,val,run22|20ebf0c879546cdaceb82caa
14984,val,run22|f2247847c8eb372bc3e40535
14985,train,run22|0e550cff1f148ccf69f9cd0c
14986,train,run22|71cb3eaf1b678cd0a5b420c6
14987,train,run22|f2204661dd292e8ae9bffbd3
14988,train,run22|99f11dac0afaddb91528dba0
14989,train,run22|c3e4c793dc27f2179ee1f18b
14990,val,run22|29e9f094deef5621ee60aaa0
14991,val,run22|7b17841dbf9372eb30b17ea0
14992,train,run22|0c226371fd01ba8feadcc435
14993,test,run22|1213f67758c9f617b6849426
14994,train,run22|56cfb7f3f5a81f7f6b20f638
14995,val,run22|f890f7d26719a6f472034a0e
14996,val,run22|dd2df4d6eec8be214cfeedfe
14997,test,run22|99907f195d77f91972c641e4
14998,test,run22|d126cda60eeb6180f12dc51f
14999,test,run22|99b6f994a6846e50ce417419
15000,val,run22|9a756d991d15dfbd6e88e892
15001,train,run22|a32b87b4ad4ed61f07c570a5
15002,test,run22|c16780a070cab88fb2908958
15003,train,run22|326a9b5787ad237192d74d85
15004,test,run22|d99c0cc63891eafda4d63fef
15005,train,run22|ef511ab45e32e15028aeede7
15006,val,run22|b4243b265a197cf4e9495027
15007,val,run22|d3e5e78a7fd4714b8dc08ebf
15008,train,run22|85a1a9851e0235a402cedcdb
15009,test,run22|e9a38990abb85a9b5db7f140
15010,train,run22|d961e40d6e162d76a27f7ff3
15011,train,run22|efe10792b1a67cdaeca35061
15012,train,run22|914685ac2ff5c8d31c13b549
15013,train,run22|1d844e3971ed99b03a1b45c0
15014,train,run22|207fe12b67e34f49f7ef9c17
15015,train,run22|71cb3eaf1b678cd0a5b420c6
15016,train,run22|99f11dac0afaddb91528dba0
15017,test,run23|a2585ae2ef4af01ac86dfc66
15018,train,run23|1db43a591fd7dae64c385ee7
15019,train,run23|5741c1a17d23186337c0379f
15020,train,run23|b071acbf0d2b0237cdb4ef94
15021,val,run23|4817897d99721e3644cb4f28
15022,train,run23|2b818738f1f712e894b44b37
15023,train,run23|e3d81fa41b86883e2864f5d1
15024,test,run23|96e20f5c352f90495f342fbf
15025,train,run23|d40f00657e9ec130d0219d6b
15026,test,run23|60ea0240cf63ce2024fcfe85
15027,test,run23|2793e1eb9574b43207e1448d
15028,train,run23|1f16eae45866dcce1958ec8d
15029,train,run23|57ed625e6d28e990d828f7cd
15030,val,run23|65cf5b681c8295ab946eef5b
15031,val,run23|97171979350d80412525324f
15032,val,run23|054d81ad9902fccb44c102d3
15033,val,run23|d9de611a0beed6fa139830f2
15034,val,run23|a61e8458f9bd230814f5ea39
15035,val,run23|383c67bd21509c37f28b3161
15036,val,run23|8c2786d7b71de93c96117438
15037,test,run23|7d46ee367eb85c936f7cc3fe
15038,val,run23|c4cfc1762af2d757c06ac7ba
15039,train,run23|74fd9db2421a24de3de12e8d
15040,train,run23|2548944db408a7d86e0f003f
15041,train,run23|c64a2a712d056c49e85bfd82
15042,train,run23|857694e5a9d046ecf5c69f25
15043,test,run23|1fd15a0a219c51f03df88f4d
15044,train,run23|9450bf9a8bb743da3e201b10
15045,val,run23|0e5e71db88b499cc0f3f316a
15046,train,run23|33328d4c2e903ec62130944a
15047,train,run23|89f673d6f65a6d2fe2a350c9
15048,val,run23|01fe06eec694912aa7f135ae
15049,test,run23|f7748d6eb5665252f88e61f0
15050,train,run23|a279144272f5a3c2c2ec68da
15051,test,run23|d443961923b36c41ce8327aa
15052,train,run23|0ea0407f7625c4088b439512
15053,train,run23|025957c381ec7c91f8f113ae
15054,test,run23|b499a5728bad07b58aa385a7
15055,train,run23|c69fb1300b0c767f72ee1bb2
15056,train,run23|c67dbe07b70e1cfbb3074d5d
15057,train,run23|2686cace9db528a0c1655e70
15058,train,run23|ed955d0879add71a77aefc65
15059,train,run23|8e5ce9e0e6e0751684442d9c
15060,val,run23|b53734eb889cbc83cf55bb82
15061,train,run23|82e049c5618aa9eb99a30890
15062,train,run23|e81d7624d1e351b136512a8b
15063,train,run23|5a7cf074ed1f717b876863ee
15064,train,run23|e3a287039660d41b219b67d8
15065,val,run23|0ac4c756a74b717b89352486
15066,train,run23|5444cef48b5832741d3d720e
15067,train,run23|cc2138b1bd1fe3c2ddc58225
15068,train,run23|06a1991a014772710a9adbad
15069,train,run23|cf3e41272b400474b55abbd5
15070,test,run23|c927e153a1548e927eca8135
15071,val,run23|bc0c1badb5b20e16703dd3c1
15072,test,run23|4164f1fa3075edc6a4e33ab8
15073,test,run23|af25b16e57d2f08fdb567ab1
15074,test,run23|96afc15fbda07735f987052a
15075,train,run23|f43a60a6e70b91637b33ed3d
15076,train,run23|057ba8c053ea3dd9b3a5bde1
15077,test,run23|bd2e1ad054cbd1111b520b5f
15078,test,run23|d8cae4fcf4cc322b1d74b354
15079,test,run23|01a62895162e5b3883dff0b1
15080,val,run23|310c81cbb99fd1eb9b4d1dea
15081,train,run23|d4d976ea499041593c5d3bed
15082,test,run23|569f9a84924f1a9d5ee5c21b
15083,val,run23|0bdf19d7187db8ae7e2d3848
15084,train,run23|af059b6ed6a99d36aa481168
15085,train,run23|711424645b1f07888bda1a40
15086,train,run23|eeceec1053c1ad9012fb4a62
15087,val,run23|1b5d08e416a13df0d8fd4892
15088,train,run23|ee9e7528f2e5f9a2d6134420
15089,train,run23|9325d36fa0ec7c657ca835cd
15090,train,run23|3f1c5f1aeed96d5d33aaa4d2
15091,test,run23|0aaa20c1e54f9c7444f9aca1
15092,test,run23|03bf5d4260e99f48653a047b
15093,val,run23|143239f7dbfe858d1fb8b115
15094,val,run23|2c6c256443df36039f76fe61
15095,test,run23|eee6e2504d3fb3ace526f63d
15096,test,run23|a2585ae2ef4af01ac86dfc66
15097,train,run23|1db43a591fd7dae64c385ee7
15098,train,run23|5741c1a17d23186337c0379f
15099,train,run23|b071acbf0d2b0237cdb4ef94
15100,val,run23|4817897d99721e3644cb4f28
15101,train,run23|2b818738f1f712e894b44b37
15102,train,run23|e3d81fa41b86883e2864f5d1
15103,test,run23|96e20f5c352f90495f342fbf
15104,train,run23|d40f00657e9ec130d0219d6b
15105,test,run23|60ea0240cf63ce2024fcfe85
15106,test,run23|2793e1eb9574b43207e1448d
15107,train,run23|1f16eae45866dcce1958ec8d
15108,train,run23|57ed625e6d28e990d828f7cd
15109,val,run23|65cf5b681c8295ab946eef5b
15110,val,run23|97171979350d80412525324f
15111,val,run23|054d81ad9902fccb44c102d3
15112,val,run23|d9de611a0beed6fa139830f2
15113,val,run23|a61e8458f9bd230814f5ea39
15114,val,run23|383c67bd21509c37f28b3161
15115,val,run23|8c2786d7b71de93c96117438
15116,test,run23|7d46ee367eb85c936f7cc3fe
15117,val,run23|c4cfc1762af2d757c06ac7ba
15118,train,run23|74fd9db2421a24de3de12e8d
15119,train,run23|2548944db408a7d86e0f003f
15120,train,run23|c64a2a712d056c49e85bfd82
15121,train,run23|857694e5a9d046ecf5c69f25
15122,test,run23|1fd15a0a219c51f03df88f4d
15123,train,run23|9450bf9a8bb743da3e201b10
15124,val,run23|0e5e71db88b499cc0f3f316a
15125,train,run23|33328d4c2e903ec62130944a
15126,train,run23|89f673d6f65a6d2fe2a350c9
15127,val,run23|01fe06eec694912aa7f135ae
15128,test,run23|f7748d6eb5665252f88e61f0
15129,train,run23|a279144272f5a3c2c2ec68da
15130,test,run23|d443961923b36c41ce8327aa
15131,train,run23|0ea0407f7625c4088b439512
15132,train,run23|025957c381ec7c91f8f113ae
15133,test,run23|b499a5728bad07b58aa385a7
15134,train,run23|c69fb1300b0c767f72ee1bb2
15135,train,run23|c67dbe07b70e1cfbb3074d5d
15136,train,run23|2686cace9db528a0c1655e70
15137,train,run23|ed955d0879add71a77aefc65
15138,train,run23|8e5ce9e0e6e0751684442d9c
15139,val,run23|b53734eb889cbc83cf55bb82
15140,train,run23|82e049c5618aa9eb99a30890
15141,train,run23|e81d7624d1e351b136512a8b
15142,train,run23|5a7cf074ed1f717b876863ee
15143,train,run23|e3a287039660d41b219b67d8
15144,val,run23|0ac4c756a74b717b89352486
15145,train,run23|5444cef48b5832741d3d720e
15146,train,run23|cc2138b1bd1fe3c2ddc58225
15147,train,run23|06a1991a014772710a9adbad
15148,train,run23|cf3e41272b400474b55abbd5
15149,test,run23|c927e153a1548e927eca8135
15150,val,run23|bc0c1badb5b20e16703dd3c1
15151,test,run23|4164f1fa3075edc6a4e33ab8
15152,test,run23|af25b16e57d2f08fdb567ab1
15153,test,run23|96afc15fbda07735f987052a
15154,train,run23|f43a60a6e70b91637b33ed3d
15155,train,run23|057ba8c053ea3dd9b3a5bde1
15156,test,run23|bd2e1ad054cbd1111b520b5f
15157,test,run23|d8cae4fcf4cc322b1d74b354
15158,test,run23|01a62895162e5b3883dff0b1
15159,test,run23|a2585ae2ef4af01ac86dfc66
15160,train,run23|1db43a591fd7dae64c385ee7
15161,train,run23|5741c1a17d23186337c0379f
15162,train,run23|b071acbf0d2b0237cdb4ef94
15163,val,run23|4817897d99721e3644cb4f28
15164,train,run23|2b818738f1f712e894b44b37
15165,train,run23|e3d81fa41b86883e2864f5d1
15166,test,run23|96e20f5c352f90495f342fbf
15167,train,run23|d40f00657e9ec130d0219d6b
15168,test,run23|60ea0240cf63ce2024fcfe85
15169,test,run23|2793e1eb9574b43207e1448d
15170,train,run23|1f16eae45866dcce1958ec8d
15171,train,run23|57ed625e6d28e990d828f7cd
15172,val,run23|65cf5b681c8295ab946eef5b
15173,val,run23|97171979350d80412525324f
15174,val,run23|054d81ad9902fccb44c102d3
15175,val,run23|d9de611a0beed6fa139830f2
15176,val,run23|a61e8458f9bd230814f5ea39
15177,val,run23|383c67bd21509c37f28b3161
15178,val,run23|8c2786d7b71de93c96117438
15179,test,run23|7d46ee367eb85c936f7cc3fe
15180,val,run23|c4cfc1762af2d757c06ac7ba
15181,train,run23|74fd9db2421a24de3de12e8d
15182,train,run23|2548944db408a7d86e0f003f
15183,train,run23|c64a2a712d056c49e85bfd82
15184,train,run23|857694e5a9d046ecf5c69f25
15185,test,run23|1fd15a0a219c51f03df88f4d
15186,train,run23|9450bf9a8bb743da3e201b10
15187,val,run23|0e5e71db88b499cc0f3f316a
15188,train,run23|33328d4c2e903ec62130944a
15189,train,run23|89f673d6f65a6d2fe2a350c9
15190,val,run23|01fe06eec694912aa7f135ae
15191,test,run23|f7748d6eb5665252f88e61f0
15192,train,run23|a279144272f5a3c2c2ec68da
15193,test,run23|d443961923b36c41ce8327aa
15194,train,run23|0ea0407f7625c4088b439512
15195,train,run23|025957c381ec7c91f8f113ae
15196,test,run23|b499a5728bad07b58aa385a7
15197,train,run23|c69fb1300b0c767f72ee1bb2
15198,train,run23|c67dbe07b70e1cfbb3074d5d
15199,train,run23|2686cace9db528a0c1655e70
15200,train,run23|ed955d0879add71a77aefc65
15201,train,run23|8e5ce9e0e6e0751684442d9c
15202,val,run23|b53734eb889cbc83cf55bb82
15203,train,run23|82e049c5618aa9eb99a30890
15204,train,run23|e81d7624d1e351b136512a8b
15205,train,run23|5a7cf074ed1f717b876863ee
15206,train,run23|e3a287039660d41b219b67d8
15207,val,run23|0ac4c756a74b717b89352486
15208,train,run23|5444cef48b5832741d3d720e
15209,train,run23|cc2138b1bd1fe3c2ddc58225
15210,train,run23|06a1991a014772710a9adbad
15211,train,run23|cf3e41272b400474b55abbd5
15212,test,run23|c927e153a1548e927eca8135
15213,val,run23|bc0c1badb5b20e16703dd3c1
15214,test,run23|4164f1fa3075edc6a4e33ab8
15215,test,run23|af25b16e57d2f08fdb567ab1
15216,test,run23|96afc15fbda07735f987052a
15217,train,run23|f43a60a6e70b91637b33ed3d
15218,train,run23|057ba8c053ea3dd9b3a5bde1
15219,test,run23|bd2e1ad054cbd1111b520b5f
15220,test,run23|d8cae4fcf4cc322b1d74b354
15221,test,run23|01a62895162e5b3883dff0b1
15222,test,run23|a2585ae2ef4af01ac86dfc66
15223,train,run23|1db43a591fd7dae64c385ee7
15224,train,run23|5741c1a17d23186337c0379f
15225,train,run23|b071acbf0d2b0237cdb4ef94
15226,val,run23|4817897d99721e3644cb4f28
15227,train,run23|2b818738f1f712e894b44b37
15228,train,run23|e3d81fa41b86883e2864f5d1
15229,test,run23|96e20f5c352f90495f342fbf
15230,train,run23|d40f00657e9ec130d0219d6b
15231,test,run23|60ea0240cf63ce2024fcfe85
15232,test,run23|2793e1eb9574b43207e1448d
15233,train,run23|1f16eae45866dcce1958ec8d
15234,train,run23|57ed625e6d28e990d828f7cd
15235,val,run23|65cf5b681c8295ab946eef5b
15236,val,run23|97171979350d80412525324f
15237,val,run23|054d81ad9902fccb44c102d3
15238,val,run23|d9de611a0beed6fa139830f2
15239,val,run23|a61e8458f9bd230814f5ea39
15240,val,run23|383c67bd21509c37f28b3161
15241,val,run23|8c2786d7b71de93c96117438
15242,test,run23|7d46ee367eb85c936f7cc3fe
15243,val,run23|c4cfc1762af2d757c06ac7ba
15244,train,run23|74fd9db2421a24de3de12e8d
15245,train,run23|2548944db408a7d86e0f003f
15246,train,run23|c64a2a712d056c49e85bfd82
15247,train,run23|857694e5a9d046ecf5c69f25
15248,test,run23|1fd15a0a219c51f03df88f4d
15249,train,run23|9450bf9a8bb743da3e201b10
15250,val,run23|0e5e71db88b499cc0f3f316a
15251,train,run23|33328d4c2e903ec62130944a
15252,train,run23|89f673d6f65a6d2fe2a350c9
15253,val,run23|01fe06eec694912aa7f135ae
15254,test,run23|f7748d6eb5665252f88e61f0
15255,train,run23|a279144272f5a3c2c2ec68da
15256,test,run23|d443961923b36c41ce8327aa
15257,train,run23|0ea0407f7625c4088b439512
15258,train,run23|025957c381ec7c91f8f113ae
15259,test,run23|b499a5728bad07b58aa385a7
15260,train,run23|c69fb1300b0c767f72ee1bb2
15261,train,run23|c67dbe07b70e1cfbb3074d5d
15262,train,run23|2686cace9db528a0c1655e70
15263,train,run23|ed955d0879add71a77aefc65
15264,train,run23|8e5ce9e0e6e0751684442d9c
15265,val,run23|b53734eb889cbc83cf55bb82
15266,train,run23|82e049c5618aa9eb99a30890
15267,train,run23|e81d7624d1e351b136512a8b
15268,train,run23|5a7cf074ed1f717b876863ee
15269,train,run23|e3a287039660d41b219b67d8
15270,val,run23|0ac4c756a74b717b89352486
15271,train,run23|5444cef48b5832741d3d720e
15272,train,run23|cc2138b1bd1fe3c2ddc58225
15273,train,run23|06a1991a014772710a9adbad
15274,train,run23|cf3e41272b400474b55abbd5
15275,test,run23|c927e153a1548e927eca8135
15276,val,run23|bc0c1badb5b20e16703dd3c1
15277,test,run23|4164f1fa3075edc6a4e33ab8
15278,test,run23|af25b16e57d2f08fdb567ab1
15279,test,run23|96afc15fbda07735f987052a
15280,train,run23|f43a60a6e70b91637b33ed3d
15281,train,run23|057ba8c053ea3dd9b3a5bde1
15282,test,run23|bd2e1ad054cbd1111b520b5f
15283,test,run23|d8cae4fcf4cc322b1d74b354
15284,test,run23|01a62895162e5b3883dff0b1
15285,test,run23|a2585ae2ef4af01ac86dfc66
15286,train,run23|1db43a591fd7dae64c385ee7
15287,train,run23|5741c1a17d23186337c0379f
15288,train,run23|b071acbf0d2b0237cdb4ef94
15289,val,run23|4817897d99721e3644cb4f28
15290,train,run23|2b818738f1f712e894b44b37
15291,train,run23|e3d81fa41b86883e2864f5d1
15292,test,run23|96e20f5c352f90495f342fbf
15293,train,run23|d40f00657e9ec130d0219d6b
15294,test,run23|60ea0240cf63ce2024fcfe85
15295,test,run23|2793e1eb9574b43207e1448d
15296,train,run23|1f16eae45866dcce1958ec8d
15297,train,run23|57ed625e6d28e990d828f7cd
15298,val,run23|65cf5b681c8295ab946eef5b
15299,val,run23|97171979350d80412525324f
15300,val,run23|054d81ad9902fccb44c102d3
15301,val,run23|d9de611a0beed6fa139830f2
15302,val,run23|a61e8458f9bd230814f5ea39
15303,val,run23|383c67bd21509c37f28b3161
15304,val,run23|8c2786d7b71de93c96117438
15305,test,run23|7d46ee367eb85c936f7cc3fe
15306,val,run23|c4cfc1762af2d757c06ac7ba
15307,train,run23|74fd9db2421a24de3de12e8d
15308,train,run23|2548944db408a7d86e0f003f
15309,train,run23|c64a2a712d056c49e85bfd82
15310,train,run23|857694e5a9d046ecf5c69f25
15311,test,run23|1fd15a0a219c51f03df88f4d
15312,train,run23|9450bf9a8bb743da3e201b10
15313,val,run23|0e5e71db88b499cc0f3f316a
15314,train,run23|33328d4c2e903ec62130944a
15315,train,run23|89f673d6f65a6d2fe2a350c9
15316,val,run23|01fe06eec694912aa7f135ae
15317,test,run23|f7748d6eb5665252f88e61f0
15318,train,run23|a279144272f5a3c2c2ec68da
15319,test,run23|d443961923b36c41ce8327aa
15320,train,run23|0ea0407f7625c4088b439512
15321,train,run23|025957c381ec7c91f8f113ae
15322,test,run23|b499a5728bad07b58aa385a7
15323,train,run23|c69fb1300b0c767f72ee1bb2
15324,train,run23|c67dbe07b70e1cfbb3074d5d
15325,train,run23|2686cace9db528a0c1655e70
15326,train,run23|ed955d0879add71a77aefc65
15327,train,run23|8e5ce9e0e6e0751684442d9c
15328,val,run23|b53734eb889cbc83cf55bb82
15329,train,run23|82e049c5618aa9eb99a30890
15330,train,run23|e81d7624d1e351b136512a8b
15331,train,run23|5a7cf074ed1f717b876863ee
15332,train,run23|e3a287039660d41b219b67d8
15333,val,run23|0ac4c756a74b717b89352486
15334,train,run23|5444cef48b5832741d3d720e
15335,train,run23|cc2138b1bd1fe3c2ddc58225
15336,train,run23|06a1991a014772710a9adbad
15337,train,run23|cf3e41272b400474b55abbd5
15338,test,run23|c927e153a1548e927eca8135
15339,val,run23|bc0c1badb5b20e16703dd3c1
15340,test,run23|4164f1fa3075edc6a4e33ab8
15341,test,run23|af25b16e57d2f08fdb567ab1
15342,test,run23|96afc15fbda07735f987052a
15343,train,run23|f43a60a6e70b91637b33ed3d
15344,train,run23|057ba8c053ea3dd9b3a5bde1
15345,test,run23|bd2e1ad054cbd1111b520b5f
15346,test,run23|d8cae4fcf4cc322b1d74b354
15347,test,run23|01a62895162e5b3883dff0b1
15348,test,run23|a2585ae2ef4af01ac86dfc66
15349,train,run23|1db43a591fd7dae64c385ee7
15350,train,run23|5741c1a17d23186337c0379f
15351,train,run23|b071acbf0d2b0237cdb4ef94
15352,val,run23|4817897d99721e3644cb4f28
15353,train,run23|2b818738f1f712e894b44b37
15354,train,run23|e3d81fa41b86883e2864f5d1
15355,test,run23|96e20f5c352f90495f342fbf
15356,train,run23|d40f00657e9ec130d0219d6b
15357,test,run23|60ea0240cf63ce2024fcfe85
15358,test,run23|2793e1eb9574b43207e1448d
15359,train,run23|1f16eae45866dcce1958ec8d
15360,train,run23|57ed625e6d28e990d828f7cd
15361,val,run23|65cf5b681c8295ab946eef5b
15362,val,run23|97171979350d80412525324f
15363,val,run23|054d81ad9902fccb44c102d3
15364,val,run23|d9de611a0beed6fa139830f2
15365,val,run23|a61e8458f9bd230814f5ea39
15366,val,run23|383c67bd21509c37f28b3161
15367,val,run23|8c2786d7b71de93c96117438
15368,test,run23|7d46ee367eb85c936f7cc3fe
15369,val,run23|c4cfc1762af2d757c06ac7ba
15370,train,run23|74fd9db2421a24de3de12e8d
15371,train,run23|2548944db408a7d86e0f003f
15372,train,run23|c64a2a712d056c49e85bfd82
15373,train,run23|857694e5a9d046ecf5c69f25
15374,test,run23|1fd15a0a219c51f03df88f4d
15375,train,run23|9450bf9a8bb743da3e201b10
15376,val,run23|0e5e71db88b499cc0f3f316a
15377,train,run23|33328d4c2e903ec62130944a
15378,train,run23|89f673d6f65a6d2fe2a350c9
15379,val,run23|01fe06eec694912aa7f135ae
15380,test,run23|f7748d6eb5665252f88e61f0
15381,train,run23|a279144272f5a3c2c2ec68da
15382,test,run23|d443961923b36c41ce8327aa
15383,train,run23|0ea0407f7625c4088b439512
15384,train,run23|025957c381ec7c91f8f113ae
15385,test,run23|b499a5728bad07b58aa385a7
15386,train,run23|c69fb1300b0c767f72ee1bb2
15387,train,run23|c67dbe07b70e1cfbb3074d5d
15388,train,run23|2686cace9db528a0c1655e70
15389,train,run23|ed955d0879add71a77aefc65
15390,train,run23|8e5ce9e0e6e0751684442d9c
15391,val,run23|b53734eb889cbc83cf55bb82
15392,train,run23|82e049c5618aa9eb99a30890
15393,train,run23|e81d7624d1e351b136512a8b
15394,train,run23|5a7cf074ed1f717b876863ee
15395,train,run23|e3a287039660d41b219b67d8
15396,val,run23|0ac4c756a74b717b89352486
15397,train,run23|5444cef48b5832741d3d720e
15398,train,run23|cc2138b1bd1fe3c2ddc58225
15399,train,run23|06a1991a014772710a9adbad
15400,train,run23|cf3e41272b400474b55abbd5
15401,test,run23|c927e153a1548e927eca8135
15402,val,run23|bc0c1badb5b20e16703dd3c1
15403,test,run23|4164f1fa3075edc6a4e33ab8
15404,test,run23|af25b16e57d2f08fdb567ab1
15405,test,run23|96afc15fbda07735f987052a
15406,train,run23|f43a60a6e70b91637b33ed3d
15407,train,run23|057ba8c053ea3dd9b3a5bde1
15408,test,run23|bd2e1ad054cbd1111b520b5f
15409,test,run23|d8cae4fcf4cc322b1d74b354
15410,test,run23|01a62895162e5b3883dff0b1
15411,test,run23|a2585ae2ef4af01ac86dfc66
15412,train,run23|1db43a591fd7dae64c385ee7
15413,train,run23|5741c1a17d23186337c0379f
15414,train,run23|b071acbf0d2b0237cdb4ef94
15415,val,run23|4817897d99721e3644cb4f28
15416,train,run23|2b818738f1f712e894b44b37
15417,train,run23|e3d81fa41b86883e2864f5d1
15418,test,run23|96e20f5c352f90495f342fbf
15419,train,run23|d40f00657e9ec130d0219d6b
15420,test,run23|60ea0240cf63ce2024fcfe85
15421,test,run23|2793e1eb9574b43207e1448d
15422,train,run23|1f16eae45866dcce1958ec8d
15423,train,run23|57ed625e6d28e990d828f7cd
15424,val,run23|65cf5b681c8295ab946eef5b
15425,val,run23|97171979350d80412525324f
15426,val,run23|054d81ad9902fccb44c102d3
15427,val,run23|d9de611a0beed6fa139830f2
15428,val,run23|a61e8458f9bd230814f5ea39
15429,val,run23|383c67bd21509c37f28b3161
15430,val,run23|8c2786d7b71de93c96117438
15431,test,run23|7d46ee367eb85c936f7cc3fe
15432,val,run23|c4cfc1762af2d757c06ac7ba
15433,train,run23|74fd9db2421a24de3de12e8d
15434,train,run23|2548944db408a7d86e0f003f
15435,train,run23|c64a2a712d056c49e85bfd82
15436,train,run23|857694e5a9d046ecf5c69f25
15437,test,run23|1fd15a0a219c51f03df88f4d
15438,train,run23|9450bf9a8bb743da3e201b10
15439,val,run23|0e5e71db88b499cc0f3f316a
15440,train,run23|33328d4c2e903ec62130944a
15441,train,run23|89f673d6f65a6d2fe2a350c9
15442,val,run23|01fe06eec694912aa7f135ae
15443,test,run23|f7748d6eb5665252f88e61f0
15444,train,run23|a279144272f5a3c2c2ec68da
15445,test,run23|d443961923b36c41ce8327aa
15446,train,run23|0ea0407f7625c4088b439512
15447,train,run23|025957c381ec7c91f8f113ae
15448,test,run23|b499a5728bad07b58aa385a7
15449,train,run23|c69fb1300b0c767f72ee1bb2
15450,train,run23|c67dbe07b70e1cfbb3074d5d
15451,train,run23|2686cace9db528a0c1655e70
15452,train,run23|ed955d0879add71a77aefc65
15453,train,run23|8e5ce9e0e6e0751684442d9c
15454,val,run23|b53734eb889cbc83cf55bb82
15455,train,run23|82e049c5618aa9eb99a30890
15456,train,run23|e81d7624d1e351b136512a8b
15457,train,run23|5a7cf074ed1f717b876863ee
15458,train,run23|e3a287039660d41b219b67d8
15459,val,run23|0ac4c756a74b717b89352486
15460,train,run23|5444cef48b5832741d3d720e
15461,train,run23|cc2138b1bd1fe3c2ddc58225
15462,train,run23|06a1991a014772710a9adbad
15463,train,run23|cf3e41272b400474b55abbd5
15464,test,run23|c927e153a1548e927eca8135
15465,val,run23|bc0c1badb5b20e16703dd3c1
15466,test,run23|4164f1fa3075edc6a4e33ab8
15467,test,run23|af25b16e57d2f08fdb567ab1
15468,test,run23|96afc15fbda07735f987052a
15469,train,run23|f43a60a6e70b91637b33ed3d
15470,train,run23|057ba8c053ea3dd9b3a5bde1
15471,test,run23|bd2e1ad054cbd1111b520b5f
15472,test,run23|d8cae4fcf4cc322b1d74b354
15473,test,run23|01a62895162e5b3883dff0b1
15474,test,run23|a2585ae2ef4af01ac86dfc66
15475,train,run23|1db43a591fd7dae64c385ee7
15476,train,run23|5741c1a17d23186337c0379f
15477,train,run23|b071acbf0d2b0237cdb4ef94
15478,val,run23|4817897d99721e3644cb4f28
15479,train,run23|2b818738f1f712e894b44b37
15480,train,run23|e3d81fa41b86883e2864f5d1
15481,test,run23|96e20f5c352f90495f342fbf
15482,train,run23|d40f00657e9ec130d0219d6b
15483,test,run23|60ea0240cf63ce2024fcfe85
15484,test,run23|2793e1eb9574b43207e1448d
15485,train,run23|1f16eae45866dcce1958ec8d
15486,train,run23|57ed625e6d28e990d828f7cd
15487,val,run23|65cf5b681c8295ab946eef5b
15488,val,run23|97171979350d80412525324f
15489,val,run23|054d81ad9902fccb44c102d3
15490,val,run23|d9de611a0beed6fa139830f2
15491,val,run23|a61e8458f9bd230814f5ea39
15492,val,run23|383c67bd21509c37f28b3161
15493,val,run23|8c2786d7b71de93c96117438
15494,test,run23|7d46ee367eb85c936f7cc3fe
15495,val,run23|c4cfc1762af2d757c06ac7ba
15496,train,run23|74fd9db2421a24de3de12e8d
15497,train,run23|2548944db408a7d86e0f003f
15498,train,run23|c64a2a712d056c49e85bfd82
15499,train,run23|857694e5a9d046ecf5c69f25
15500,test,run23|1fd15a0a219c51f03df88f4d
15501,train,run23|9450bf9a8bb743da3e201b10
15502,val,run23|0e5e71db88b499cc0f3f316a
15503,train,run23|33328d4c2e903ec62130944a
15504,train,run23|89f673d6f65a6d2fe2a350c9
15505,val,run23|01fe06eec694912aa7f135ae
15506,test,run23|f7748d6eb5665252f88e61f0
15507,train,run23|a279144272f5a3c2c2ec68da
15508,test,run23|d443961923b36c41ce8327aa
15509,train,run23|0ea0407f7625c4088b439512
15510,train,run23|025957c381ec7c91f8f113ae
15511,test,run23|b499a5728bad07b58aa385a7
15512,train,run23|c69fb1300b0c767f72ee1bb2
15513,train,run23|c67dbe07b70e1cfbb3074d5d
15514,train,run23|2686cace9db528a0c1655e70
15515,train,run23|ed955d0879add71a77aefc65
15516,train,run23|8e5ce9e0e6e0751684442d9c
15517,val,run23|b53734eb889cbc83cf55bb82
15518,train,run23|82e049c5618aa9eb99a30890
15519,train,run23|e81d7624d1e351b136512a8b
15520,train,run23|5a7cf074ed1f717b876863ee
15521,train,run23|e3a287039660d41b219b67d8
15522,val,run23|0ac4c756a74b717b89352486
15523,train,run23|5444cef48b5832741d3d720e
15524,train,run23|cc2138b1bd1fe3c2ddc58225
15525,train,run23|06a1991a014772710a9adbad
15526,train,run23|cf3e41272b400474b55abbd5
15527,test,run23|c927e153a1548e927eca8135
15528,val,run23|bc0c1badb5b20e16703dd3c1
15529,test,run23|4164f1fa3075edc6a4e33ab8
15530,test,run23|af25b16e57d2f08fdb567ab1
15531,test,run23|96afc15fbda07735f987052a
15532,train,run23|f43a60a6e70b91637b33ed3d
15533,train,run23|057ba8c053ea3dd9b3a5bde1
15534,test,run23|bd2e1ad054cbd1111b520b5f
15535,test,run23|d8cae4fcf4cc322b1d74b354
15536,test,run23|01a62895162e5b3883dff0b1
15537,test,run23|a2585ae2ef4af01ac86dfc66
15538,train,run23|1db43a591fd7dae64c385ee7
15539,train,run23|5741c1a17d23186337c0379f
15540,train,run23|b071acbf0d2b0237cdb4ef94
15541,val,run23|4817897d99721e3644cb4f28
15542,train,run23|2b818738f1f712e894b44b37
15543,train,run23|e3d81fa41b86883e2864f5d1
15544,test,run23|96e20f5c352f90495f342fbf
15545,train,run23|d40f00657e9ec130d0219d6b
15546,test,run23|60ea0240cf63ce2024fcfe85
15547,test,run23|2793e1eb9574b43207e1448d
15548,train,run23|1f16eae45866dcce1958ec8d
15549,train,run23|57ed625e6d28e990d828f7cd
15550,val,run23|65cf5b681c8295ab946eef5b
15551,val,run23|97171979350d80412525324f
15552,val,run23|054d81ad9902fccb44c102d3
15553,val,run23|d9de611a0beed6fa139830f2
15554,val,run23|a61e8458f9bd230814f5ea39
15555,val,run23|383c67bd21509c37f28b3161
15556,val,run23|8c2786d7b71de93c96117438
15557,test,run23|7d46ee367eb85c936f7cc3fe
15558,val,run23|c4cfc1762af2d757c06ac7ba
15559,train,run23|74fd9db2421a24de3de12e8d
15560,train,run23|2548944db408a7d86e0f003f
15561,train,run23|c64a2a712d056c49e85bfd82
15562,train,run23|857694e5a9d046ecf5c69f25
15563,test,run23|1fd15a0a219c51f03df88f4d
15564,train,run23|9450bf9a8bb743da3e201b10
15565,val,run23|0e5e71db88b499cc0f3f316a
15566,train,run23|33328d4c2e903ec62130944a
15567,train,run23|89f673d6f65a6d2fe2a350c9
15568,val,run23|01fe06eec694912aa7f135ae
15569,test,run23|f7748d6eb5665252f88e61f0
15570,train,run23|a279144272f5a3c2c2ec68da
15571,test,run23|d443961923b36c41ce8327aa
15572,train,run23|0ea0407f7625c4088b439512
15573,train,run23|025957c381ec7c91f8f113ae
15574,test,run23|b499a5728bad07b58aa385a7
15575,train,run23|c69fb1300b0c767f72ee1bb2
15576,train,run23|c67dbe07b70e1cfbb3074d5d
15577,train,run23|2686cace9db528a0c1655e70
15578,train,run23|ed955d0879add71a77aefc65
15579,train,run23|8e5ce9e0e6e0751684442d9c
15580,val,run23|b53734eb889cbc83cf55bb82
15581,train,run23|82e049c5618aa9eb99a30890
15582,train,run23|e81d7624d1e351b136512a8b
15583,train,run23|5a7cf074ed1f717b876863ee
15584,train,run23|e3a287039660d41b219b67d8
15585,val,run23|0ac4c756a74b717b89352486
15586,train,run23|5444cef48b5832741d3d720e
15587,train,run23|cc2138b1bd1fe3c2ddc58225
15588,train,run23|06a1991a014772710a9adbad
15589,train,run23|cf3e41272b400474b55abbd5
15590,test,run23|c927e153a1548e927eca8135
15591,val,run23|bc0c1badb5b20e16703dd3c1
15592,test,run23|4164f1fa3075edc6a4e33ab8
15593,test,run23|af25b16e57d2f08fdb567ab1
15594,test,run23|96afc15fbda07735f987052a
15595,train,run23|f43a60a6e70b91637b33ed3d
15596,train,run23|057ba8c053ea3dd9b3a5bde1
15597,test,run23|bd2e1ad054cbd1111b520b5f
15598,test,run23|d8cae4fcf4cc322b1d74b354
15599,test,run23|01a62895162e5b3883dff0b1
15600,train,run23|ee9e7528f2e5f9a2d6134420
15601,test,run23|0aaa20c1e54f9c7444f9aca1
15602,test,run23|03bf5d4260e99f48653a047b
15603,val,run23|143239f7dbfe858d1fb8b115
15604,test,run23|eee6e2504d3fb3ace526f63d
15605,test,run23|a2585ae2ef4af01ac86dfc66
15606,train,run23|1db43a591fd7dae64c385ee7
15607,train,run23|5741c1a17d23186337c0379f
15608,train,run23|b071acbf0d2b0237cdb4ef94
15609,val,run23|4817897d99721e3644cb4f28
15610,train,run23|2b818738f1f712e894b44b37
15611,train,run23|e3d81fa41b86883e2864f5d1
15612,test,run23|96e20f5c352f90495f342fbf
15613,train,run23|d40f00657e9ec130d0219d6b
15614,test,run23|60ea0240cf63ce2024fcfe85
15615,test,run23|2793e1eb9574b43207e1448d
15616,train,run23|1f16eae45866dcce1958ec8d
15617,train,run23|57ed625e6d28e990d828f7cd
15618,val,run23|65cf5b681c8295ab946eef5b
15619,val,run23|97171979350d80412525324f
15620,val,run23|054d81ad9902fccb44c102d3
15621,val,run23|d9de611a0beed6fa139830f2
15622,val,run23|a61e8458f9bd230814f5ea39
15623,val,run23|383c67bd21509c37f28b3161
15624,val,run23|8c2786d7b71de93c96117438
15625,test,run23|7d46ee367eb85c936f7cc3fe
15626,val,run23|c4cfc1762af2d757c06ac7ba
15627,train,run23|74fd9db2421a24de3de12e8d
15628,train,run23|2548944db408a7d86e0f003f
15629,train,run23|c64a2a712d056c49e85bfd82
15630,train,run23|857694e5a9d046ecf5c69f25
15631,test,run23|1fd15a0a219c51f03df88f4d
15632,train,run23|9450bf9a8bb743da3e201b10
15633,val,run23|0e5e71db88b499cc0f3f316a
15634,train,run23|33328d4c2e903ec62130944a
15635,train,run23|89f673d6f65a6d2fe2a350c9
15636,val,run23|01fe06eec694912aa7f135ae
15637,test,run23|f7748d6eb5665252f88e61f0
15638,train,run23|a279144272f5a3c2c2ec68da
15639,test,run23|d443961923b36c41ce8327aa
15640,train,run23|0ea0407f7625c4088b439512
15641,train,run23|025957c381ec7c91f8f113ae
15642,test,run23|b499a5728bad07b58aa385a7
15643,train,run23|c69fb1300b0c767f72ee1bb2
15644,train,run23|c67dbe07b70e1cfbb3074d5d
15645,train,run23|2686cace9db528a0c1655e70
15646,train,run23|ed955d0879add71a77aefc65
15647,train,run23|8e5ce9e0e6e0751684442d9c
15648,val,run23|b53734eb889cbc83cf55bb82
15649,train,run23|82e049c5618aa9eb99a30890
15650,train,run23|e81d7624d1e351b136512a8b
15651,train,run23|5a7cf074ed1f717b876863ee
15652,train,run23|e3a287039660d41b219b67d8
15653,val,run23|0ac4c756a74b717b89352486
15654,train,run23|5444cef48b5832741d3d720e
15655,train,run23|cc2138b1bd1fe3c2ddc58225
15656,train,run23|06a1991a014772710a9adbad
15657,train,run23|cf3e41272b400474b55abbd5
15658,test,run23|c927e153a1548e927eca8135
15659,val,run23|bc0c1badb5b20e16703dd3c1
15660,test,run23|4164f1fa3075edc6a4e33ab8
15661,test,run23|af25b16e57d2f08fdb567ab1
15662,test,run23|96afc15fbda07735f987052a
15663,train,run23|f43a60a6e70b91637b33ed3d
15664,train,run23|057ba8c053ea3dd9b3a5bde1
15665,test,run23|bd2e1ad054cbd1111b520b5f
15666,test,run23|d8cae4fcf4cc322b1d74b354
15667,test,run23|01a62895162e5b3883dff0b1
15668,train,run23|9325d36fa0ec7c657ca835cd
15669,train,run23|3f1c5f1aeed96d5d33aaa4d2
15670,val,run23|2c6c256443df36039f76fe61
15671,test,run23|a2585ae2ef4af01ac86dfc66
15672,train,run23|1db43a591fd7dae64c385ee7
15673,train,run23|5741c1a17d23186337c0379f
15674,train,run23|b071acbf0d2b0237cdb4ef94
15675,val,run23|4817897d99721e3644cb4f28
15676,train,run23|2b818738f1f712e894b44b37
15677,train,run23|e3d81fa41b86883e2864f5d1
15678,test,run23|96e20f5c352f90495f342fbf
15679,train,run23|d40f00657e9ec130d0219d6b
15680,test,run23|60ea0240cf63ce2024fcfe85
15681,train,run23|1f16eae45866dcce1958ec8d
15682,train,run23|57ed625e6d28e990d828f7cd
15683,val,run23|65cf5b681c8295ab946eef5b
15684,val,run23|97171979350d80412525324f
15685,val,run23|054d81ad9902fccb44c102d3
15686,val,run23|d9de611a0beed6fa139830f2
15687,val,run23|a61e8458f9bd230814f5ea39
15688,val,run23|8c2786d7b71de93c96117438
15689,test,run23|7d46ee367eb85c936f7cc3fe
15690,val,run23|c4cfc1762af2d757c06ac7ba
15691,train,run23|74fd9db2421a24de3de12e8d
15692,train,run23|2548944db408a7d86e0f003f
15693,train,run23|c64a2a712d056c49e85bfd82
15694,train,run23|857694e5a9d046ecf5c69f25
15695,train,run23|9450bf9a8bb743da3e201b10
15696,val,run23|0e5e71db88b499cc0f3f316a
15697,train,run23|33328d4c2e903ec62130944a
15698,train,run23|89f673d6f65a6d2fe2a350c9
15699,val,run23|01fe06eec694912aa7f135ae
15700,test,run23|f7748d6eb5665252f88e61f0
15701,test,run23|d443961923b36c41ce8327aa
15702,train,run23|0ea0407f7625c4088b439512
15703,train,run23|025957c381ec7c91f8f113ae
15704,train,run23|c69fb1300b0c767f72ee1bb2
15705,train,run23|c67dbe07b70e1cfbb3074d5d
15706,train,run23|2686cace9db528a0c1655e70
15707,train,run23|ed955d0879add71a77aefc65
15708,train,run23|8e5ce9e0e6e0751684442d9c
15709,val,run23|b53734eb889cbc83cf55bb82
15710,train,run23|82e049c5618aa9eb99a30890
15711,train,run23|e81d7624d1e351b136512a8b
15712,train,run23|5a7cf074ed1f717b876863ee
15713,train,run23|e3a287039660d41b219b67d8
15714,train,run23|cc2138b1bd1fe3c2ddc58225
15715,train,run23|06a1991a014772710a9adbad
15716,train,run23|cf3e41272b400474b55abbd5
15717,test,run23|c927e153a1548e927eca8135
15718,val,run23|bc0c1badb5b20e16703dd3c1
15719,test,run23|af25b16e57d2f08fdb567ab1
15720,train,run23|f43a60a6e70b91637b33ed3d
15721,test,run23|d8cae4fcf4cc322b1d74b354
15722,train,run24|424f375f180581d82bc4b865
15723,train,run24|fadb8216ddf166827fe4d44e
15724,train,run24|55d219275d768f39e3c0208e
15725,train,run24|b11f94cdfce625e22635f5c1
15726,train,run24|14e41f4e19481f8c8227047e
15727,val,run24|fa59b11f511dffc9994bf978
15728,train,run24|557b485fcd96b4b399ac79b1
15729,train,run24|4fb6decc5dd0b8427079e978
15730,train,run24|2d552aa1deb5c21cf6a97f28
15731,test,run24|12f74677dcbfc847e51e97ec
15732,test,run24|2a0839629b6dbd6b199c8c69
15733,train,run24|4b4a97d7fc19c2d60da77934
15734,train,run24|a26a841414d943ce2c1f9e6a
15735,val,run24|94c015288023d99dee50f3d7
15736,test,run24|c89151661dc9bb540307efb0
15737,val,run24|4d911491fa332684a132fb95
15738,test,run24|330faae088b82e7c91395289
15739,test,run24|39f2ea19b46354f9dbe4dd86
15740,train,run24|dc86cbe791fdfc99e976e167
15741,val,run24|5258eba407a133d2cea0e7bd
15742,test,run24|617732b82706c70c2ea12b47
15743,train,run24|ffb6f07237b6de0f951e1e06
15744,train,run24|bd163666b5d74c489d04477f
15745,train,run24|e5d478131bb86da79bc968e6
15746,test,run24|6821f6864aaf6eb64be586b9
15747,train,run24|021d7484eecd539c98860031
15748,train,run24|01c9dcff9d43a09e72fa2257
15749,train,run24|adcfe54b2f0c3fd6ca877ee1
15750,val,run24|a3da54ce7f823c37855d89c5
15751,train,run24|415ccf280d781ddadcaf503a
15752,val,run24|2f4a8d90099b060b0e55c703
15753,train,run24|090338260188a99514e92890
15754,test,run24|cbe169df5e39f691df90ec29
15755,val,run24|de75e7bf689ba7eb8eb095d2
15756,test,run24|c752f922495d18e0cd1245b6
15757,test,run24|41cda13ce65f17a18ccdf61f
15758,train,run24|6324937269b0aaab164298a0
15759,train,run24|c89a729fd5ff9d1449f21d62
15760,test,run24|52c704787c25cd912787f02b
15761,train,run24|2008489186bcf80e5b622095
15762,train,run24|f42ea435aede37f52f04a85a
15763,train,run24|e407eab758be5be5f8e31707
15764,train,run24|532a1a38281bedf8ce66f023
15765,train,run24|156c87e2369933bbabcdfe89
15766,train,run24|b2eca8bc7acda27d8d455459
15767,train,run24|1105533f7284de25b7de5c7f
15768,train,run24|3fe3a23267b2d7313cb69620
15769,train,run24|48ebeb2744348294dde4a991
15770,train,run24|7e8d8622fdbbf038ca61b9bd
15771,val,run24|3f5a62ba7968f3c082e19c23
15772,train,run24|385723526ea13d43674aec8e
15773,test,run24|a09c623fa1d73c0ed9708c6d
15774,train,run24|08e7442d8ecc30c1c0c51fc4
15775,train,run24|aa660ca167d488b14b70bc97
15776,train,run24|a8fccf7a3487fb9071994548
15777,test,run24|93e4c8ba4f992aff11a16225
15778,train,run24|f2e160fce76d247fdfeef9ba
15779,test,run24|baa918714b9b02d71acfe0b4
15780,train,run24|bed59e67d6333596c2d87910
15781,train,run24|e21375ceb6987c1007cda5de
15782,val,run24|67eb01cbea43ef525cb65ab6
15783,train,run24|ace81e2540fe4ae14c880aee
15784,train,run24|beb058ce7d1ae1c68afc65e7
15785,train,run24|d41767c45680b5e23147d259
15786,val,run24|f9bf9e947e72cd6a138abb0f
15787,train,run24|ae595f64ad6b31e8476387a0
15788,val,run24|958b7a9bb22ed29ad72eb858
15789,train,run24|77ea57b9ca5a913981dbf159
15790,test,run24|20808c4218dc34ec4b3cfebd
15791,train,run24|efab675be33d9554e5aea0eb
15792,train,run24|7f918f943871aa9f9aa7cd84
15793,train,run24|de2b13c2951a49395f182ee1
15794,train,run24|6464bd40facfb27a92ec763b
15795,train,run24|5365418d585c98b8c5db8557
15796,train,run24|30cda786fff5edf0f5c9f324
15797,val,run24|18efd8f5a940e62049a3162f
15798,test,run24|be138825161cf1fe731c0a0e
15799,train,run24|b74570798e70946f9149508b
15800,train,run24|7ae1545febef7ee38cf9921e
15801,train,run24|424f375f180581d82bc4b865
15802,train,run24|fadb8216ddf166827fe4d44e
15803,train,run24|55d219275d768f39e3c0208e
15804,train,run24|b11f94cdfce625e22635f5c1
15805,train,run24|14e41f4e19481f8c8227047e
15806,val,run24|fa59b11f511dffc9994bf978
15807,train,run24|557b485fcd96b4b399ac79b1
15808,train,run24|4fb6decc5dd0b8427079e978
15809,train,run24|2d552aa1deb5c21cf6a97f28
15810,test,run24|12f74677dcbfc847e51e97ec
15811,test,run24|2a0839629b6dbd6b199c8c69
15812,train,run24|4b4a97d7fc19c2d60da77934
15813,train,run24|a26a841414d943ce2c1f9e6a
15814,val,run24|94c015288023d99dee50f3d7
15815,test,run24|c89151661dc9bb540307efb0
15816,val,run24|4d911491fa332684a132fb95
15817,test,run24|330faae088b82e7c91395289
15818,test,run24|39f2ea19b46354f9dbe4dd86
15819,train,run24|dc86cbe791fdfc99e976e167
15820,val,run24|5258eba407a133d2cea0e7bd
15821,test,run24|617732b82706c70c2ea12b47
15822,train,run24|ffb6f07237b6de0f951e1e06
15823,train,run24|bd163666b5d74c489d04477f
15824,train,run24|e5d478131bb86da79bc968e6
15825,test,run24|6821f6864aaf6eb64be586b9
15826,train,run24|021d7484eecd539c98860031
15827,train,run24|01c9dcff9d43a09e72fa2257
15828,train,run24|adcfe54b2f0c3fd6ca877ee1
15829,val,run24|a3da54ce7f823c37855d89c5
15830,train,run24|415ccf280d781ddadcaf503a
15831,val,run24|2f4a8d90099b060b0e55c703
15832,train,run24|090338260188a99514e92890
15833,test,run24|cbe169df5e39f691df90ec29
15834,val,run24|de75e7bf689ba7eb8eb095d2
15835,test,run24|c752f922495d18e0cd1245b6
15836,test,run24|41cda13ce65f17a18ccdf61f
15837,train,run24|6324937269b0aaab164298a0
15838,train,run24|c89a729fd5ff9d1449f21d62
15839,test,run24|52c704787c25cd912787f02b
15840,train,run24|2008489186bcf80e5b622095
15841,train,run24|f42ea435aede37f52f04a85a
15842,train,run24|e407eab758be5be5f8e31707
15843,train,run24|532a1a38281bedf8ce66f023
15844,train,run24|156c87e2369933bbabcdfe89
15845,train,run24|b2eca8bc7acda27d8d455459
15846,train,run24|1105533f7284de25b7de5c7f
15847,train,run24|3fe3a23267b2d7313cb69620
15848,train,run24|48ebeb2744348294dde4a991
15849,train,run24|7e8d8622fdbbf038ca61b9bd
15850,val,run24|3f5a62ba7968f3c082e19c23
15851,train,run24|385723526ea13d43674aec8e
15852,test,run24|a09c623fa1d73c0ed9708c6d
15853,train,run24|08e7442d8ecc30c1c0c51fc4
15854,train,run24|aa660ca167d488b14b70bc97
15855,train,run24|a8fccf7a3487fb9071994548
15856,test,run24|93e4c8ba4f992aff11a16225
15857,train,run24|f2e160fce76d247fdfeef9ba
15858,test,run24|baa918714b9b02d71acfe0b4
15859,train,run24|bed59e67d6333596c2d87910
15860,train,run24|e21375ceb6987c1007cda5de
15861,val,run24|67eb01cbea43ef525cb65ab6
15862,train,run24|ace81e2540fe4ae14c880aee
15863,train,run24|beb058ce7d1ae1c68afc65e7
15864,train,run24|424f375f180581d82bc4b865
15865,train,run24|fadb8216ddf166827fe4d44e
15866,train,run24|55d219275d768f39e3c0208e
15867,train,run24|b11f94cdfce625e22635f5c1
15868,train,run24|14e41f4e19481f8c8227047e
15869,val,run24|fa59b11f511dffc9994bf978
15870,train,run24|557b485fcd96b4b399ac79b1
15871,train,run24|4fb6decc5dd0b8427079e978
15872,train,run24|2d552aa1deb5c21cf6a97f28
15873,test,run24|12f74677dcbfc847e51e97ec
15874,test,run24|2a0839629b6dbd6b199c8c69
15875,train,run24|4b4a97d7fc19c2d60da77934
15876,train,run24|a26a841414d943ce2c1f9e6a
15877,val,run24|94c015288023d99dee50f3d7
15878,test,run24|c89151661dc9bb540307efb0
15879,val,run24|4d911491fa332684a132fb95
15880,test,run24|330faae088b82e7c91395289
15881,test,run24|39f2ea19b46354f9dbe4dd86
15882,train,run24|dc86cbe791fdfc99e976e167
15883,val,run24|5258eba407a133d2cea0e7bd
15884,test,run24|617732b82706c70c2ea12b47
15885,train,run24|ffb6f07237b6de0f951e1e06
15886,train,run24|bd163666b5d74c489d04477f
15887,train,run24|e5d478131bb86da79bc968e6
15888,test,run24|6821f6864aaf6eb64be586b9
15889,train,run24|021d7484eecd539c98860031
15890,train,run24|01c9dcff9d43a09e72fa2257
15891,train,run24|adcfe54b2f0c3fd6ca877ee1
15892,val,run24|a3da54ce7f823c37855d89c5
15893,train,run24|415ccf280d781ddadcaf503a
15894,val,run24|2f4a8d90099b060b0e55c703
15895,train,run24|090338260188a99514e92890
15896,test,run24|cbe169df5e39f691df90ec29
15897,val,run24|de75e7bf689ba7eb8eb095d2
15898,test,run24|c752f922495d18e0cd1245b6
15899,test,run24|41cda13ce65f17a18ccdf61f
15900,train,run24|6324937269b0aaab164298a0
15901,train,run24|c89a729fd5ff9d1449f21d62
15902,test,run24|52c704787c25cd912787f02b
15903,train,run24|2008489186bcf80e5b622095
15904,train,run24|f42ea435aede37f52f04a85a
15905,train,run24|e407eab758be5be5f8e31707
15906,train,run24|532a1a38281bedf8ce66f023
15907,train,run24|156c87e2369933bbabcdfe89
15908,train,run24|b2eca8bc7acda27d8d455459
15909,train,run24|1105533f7284de25b7de5c7f
15910,train,run24|3fe3a23267b2d7313cb69620
15911,train,run24|48ebeb2744348294dde4a991
15912,train,run24|7e8d8622fdbbf038ca61b9bd
15913,val,run24|3f5a62ba7968f3c082e19c23
15914,train,run24|385723526ea13d43674aec8e
15915,test,run24|a09c623fa1d73c0ed9708c6d
15916,train,run24|08e7442d8ecc30c1c0c51fc4
15917,train,run24|aa660ca167d488b14b70bc97
15918,train,run24|a8fccf7a3487fb9071994548
15919,test,run24|93e4c8ba4f992aff11a16225
15920,train,run24|f2e160fce76d247fdfeef9ba
15921,test,run24|baa918714b9b02d71acfe0b4
15922,train,run24|bed59e67d6333596c2d87910
15923,train,run24|e21375ceb6987c1007cda5de
15924,val,run24|67eb01cbea43ef525cb65ab6
15925,train,run24|ace81e2540fe4ae14c880aee
15926,train,run24|beb058ce7d1ae1c68afc65e7
15927,train,run24|424f375f180581d82bc4b865
15928,train,run24|fadb8216ddf166827fe4d44e
15929,train,run24|55d219275d768f39e3c0208e
15930,train,run24|b11f94cdfce625e22635f5c1
15931,train,run24|14e41f4e19481f8c8227047e
15932,val,run24|fa59b11f511dffc9994bf978
15933,train,run24|557b485fcd96b4b399ac79b1
15934,train,run24|4fb6decc5dd0b8427079e978
15935,train,run24|2d552aa1deb5c21cf6a97f28
15936,test,run24|12f74677dcbfc847e51e97ec
15937,test,run24|2a0839629b6dbd6b199c8c69
15938,train,run24|4b4a97d7fc19c2d60da77934
15939,train,run24|a26a841414d943ce2c1f9e6a
15940,val,run24|94c015288023d99dee50f3d7
15941,test,run24|c89151661dc9bb540307efb0
15942,val,run24|4d911491fa332684a132fb95
15943,test,run24|330faae088b82e7c91395289
15944,test,run24|39f2ea19b46354f9dbe4dd86
15945,train,run24|dc86cbe791fdfc99e976e167
15946,val,run24|5258eba407a133d2cea0e7bd
15947,test,run24|617732b82706c70c2ea12b47
15948,train,run24|ffb6f07237b6de0f951e1e06
15949,train,run24|bd163666b5d74c489d04477f
15950,train,run24|e5d478131bb86da79bc968e6
15951,test,run24|6821f6864aaf6eb64be586b9
15952,train,run24|021d7484eecd539c98860031
15953,train,run24|01c9dcff9d43a09e72fa2257
15954,train,run24|adcfe54b2f0c3fd6ca877ee1
15955,val,run24|a3da54ce7f823c37855d89c5
15956,train,run24|415ccf280d781ddadcaf503a
15957,val,run24|2f4a8d90099b060b0e55c703
15958,train,run24|090338260188a99514e92890
15959,test,run24|cbe169df5e39f691df90ec29
15960,val,run24|de75e7bf689ba7eb8eb095d2
15961,test,run24|c752f922495d18e0cd1245b6
15962,test,run24|41cda13ce65f17a18ccdf61f
15963,train,run24|6324937269b0aaab164298a0
15964,train,run24|c89a729fd5ff9d1449f21d62
15965,test,run24|52c704787c25cd912787f02b
15966,train,run24|2008489186bcf80e5b622095
15967,train,run24|f42ea435aede37f52f04a85a
15968,train,run24|e407eab758be5be5f8e31707
15969,train,run24|532a1a38281bedf8ce66f023
15970,train,run24|156c87e2369933bbabcdfe89
15971,train,run24|b2eca8bc7acda27d8d455459
15972,train,run24|1105533f7284de25b7de5c7f
15973,train,run24|3fe3a23267b2d7313cb69620
15974,train,run24|48ebeb2744348294dde4a991
15975,train,run24|7e8d8622fdbbf038ca61b9bd
15976,val,run24|3f5a62ba7968f3c082e19c23
15977,train,run24|385723526ea13d43674aec8e
15978,test,run24|a09c623fa1d73c0ed9708c6d
15979,train,run24|08e7442d8ecc30c1c0c51fc4
15980,train,run24|aa660ca167d488b14b70bc97
15981,train,run24|a8fccf7a3487fb9071994548
15982,test,run24|93e4c8ba4f992aff11a16225
15983,train,run24|f2e160fce76d247fdfeef9ba
15984,test,run24|baa918714b9b02d71acfe0b4
15985,train,run24|bed59e67d6333596c2d87910
15986,train,run24|e21375ceb6987c1007cda5de
15987,val,run24|67eb01cbea43ef525cb65ab6
15988,train,run24|ace81e2540fe4ae14c880aee
15989,train,run24|beb058ce7d1ae1c68afc65e7
15990,train,run24|424f375f180581d82bc4b865
15991,train,run24|fadb8216ddf166827fe4d44e
15992,train,run24|55d219275d768f39e3c0208e
15993,train,run24|b11f94cdfce625e22635f5c1
15994,train,run24|14e41f4e19481f8c8227047e
15995,val,run24|fa59b11f511dffc9994bf978
15996,train,run24|557b485fcd96b4b399ac79b1
15997,train,run24|4fb6decc5dd0b8427079e978
15998,train,run24|2d552aa1deb5c21cf6a97f28
15999,test,run24|12f74677dcbfc847e51e97ec
16000,test,run24|2a0839629b6dbd6b199c8c69
16001,train,run24|4b4a97d7fc19c2d60da77934
16002,train,run24|a26a841414d943ce2c1f9e6a
16003,val,run24|94c015288023d99dee50f3d7
16004,test,run24|c89151661dc9bb540307efb0
16005,val,run24|4d911491fa332684a132fb95
16006,test,run24|330faae088b82e7c91395289
16007,test,run24|39f2ea19b46354f9dbe4dd86
16008,train,run24|dc86cbe791fdfc99e976e167
16009,val,run24|5258eba407a133d2cea0e7bd
16010,test,run24|617732b82706c70c2ea12b47
16011,train,run24|ffb6f07237b6de0f951e1e06
16012,train,run24|bd163666b5d74c489d04477f
16013,train,run24|e5d478131bb86da79bc968e6
16014,test,run24|6821f6864aaf6eb64be586b9
16015,train,run24|021d7484eecd539c98860031
16016,train,run24|01c9dcff9d43a09e72fa2257
16017,train,run24|adcfe54b2f0c3fd6ca877ee1
16018,val,run24|a3da54ce7f823c37855d89c5
16019,train,run24|415ccf280d781ddadcaf503a
16020,val,run24|2f4a8d90099b060b0e55c703
16021,train,run24|090338260188a99514e92890
16022,test,run24|cbe169df5e39f691df90ec29
16023,val,run24|de75e7bf689ba7eb8eb095d2
16024,test,run24|c752f922495d18e0cd1245b6
16025,test,run24|41cda13ce65f17a18ccdf61f
16026,train,run24|6324937269b0aaab164298a0
16027,train,run24|c89a729fd5ff9d1449f21d62
16028,test,run24|52c704787c25cd912787f02b
16029,train,run24|2008489186bcf80e5b622095
16030,train,run24|f42ea435aede37f52f04a85a
16031,train,run24|e407eab758be5be5f8e31707
16032,train,run24|532a1a38281bedf8ce66f023
16033,train,run24|156c87e2369933bbabcdfe89
16034,train,run24|b2eca8bc7acda27d8d455459
16035,train,run24|1105533f7284de25b7de5c7f
16036,train,run24|3fe3a23267b2d7313cb69620
16037,train,run24|48ebeb2744348294dde4a991
16038,train,run24|7e8d8622fdbbf038ca61b9bd
16039,val,run24|3f5a62ba7968f3c082e19c23
16040,train,run24|385723526ea13d43674aec8e
16041,test,run24|a09c623fa1d73c0ed9708c6d
16042,train,run24|08e7442d8ecc30c1c0c51fc4
16043,train,run24|aa660ca167d488b14b70bc97
16044,train,run24|a8fccf7a3487fb9071994548
16045,test,run24|93e4c8ba4f992aff11a16225
16046,train,run24|f2e160fce76d247fdfeef9ba
16047,test,run24|baa918714b9b02d71acfe0b4
16048,train,run24|bed59e67d6333596c2d87910
16049,train,run24|e21375ceb6987c1007cda5de
16050,val,run24|67eb01cbea43ef525cb65ab6
16051,train,run24|ace81e2540fe4ae14c880aee
16052,train,run24|beb058ce7d1ae1c68afc65e7
16053,train,run24|424f375f180581d82bc4b865
16054,train,run24|fadb8216ddf166827fe4d44e
16055,train,run24|55d219275d768f39e3c0208e
16056,train,run24|b11f94cdfce625e22635f5c1
16057,train,run24|14e41f4e19481f8c8227047e
16058,val,run24|fa59b11f511dffc9994bf978
16059,train,run24|557b485fcd96b4b399ac79b1
16060,train,run24|4fb6decc5dd0b8427079e978
16061,train,run24|2d552aa1deb5c21cf6a97f28
16062,test,run24|12f74677dcbfc847e51e97ec
16063,test,run24|2a0839629b6dbd6b199c8c69
16064,train,run24|4b4a97d7fc19c2d60da77934
16065,train,run24|a26a841414d943ce2c1f9e6a
16066,val,run24|94c015288023d99dee50f3d7
16067,test,run24|c89151661dc9bb540307efb0
16068,val,run24|4d911491fa332684a132fb95
16069,test,run24|330faae088b82e7c91395289
16070,test,run24|39f2ea19b46354f9dbe4dd86
16071,train,run24|dc86cbe791fdfc99e976e167
16072,val,run24|5258eba407a133d2cea0e7bd
16073,test,run24|617732b82706c70c2ea12b47
16074,train,run24|ffb6f07237b6de0f951e1e06
16075,train,run24|bd163666b5d74c489d04477f
16076,train,run24|e5d478131bb86da79bc968e6
16077,test,run24|6821f6864aaf6eb64be586b9
16078,train,run24|021d7484eecd539c98860031
16079,train,run24|01c9dcff9d43a09e72fa2257
16080,train,run24|adcfe54b2f0c3fd6ca877ee1
16081,val,run24|a3da54ce7f823c37855d89c5
16082,train,run24|415ccf280d781ddadcaf503a
16083,val,run24|2f4a8d90099b060b0e55c703
16084,train,run24|090338260188a99514e92890
16085,test,run24|cbe169df5e39f691df90ec29
16086,val,run24|de75e7bf689ba7eb8eb095d2
16087,test,run24|c752f922495d18e0cd1245b6
16088,test,run24|41cda13ce65f17a18ccdf61f
16089,train,run24|6324937269b0aaab164298a0
16090,train,run24|c89a729fd5ff9d1449f21d62
16091,test,run24|52c704787c25cd912787f02b
16092,train,run24|2008489186bcf80e5b622095
16093,train,run24|f42ea435aede37f52f04a85a
16094,train,run24|e407eab758be5be5f8e31707
16095,train,run24|532a1a38281bedf8ce66f023
16096,train,run24|156c87e2369933bbabcdfe89
16097,train,run24|b2eca8bc7acda27d8d455459
16098,train,run24|1105533f7284de25b7de5c7f
16099,train,run24|3fe3a23267b2d7313cb69620
16100,train,run24|48ebeb2744348294dde4a991
16101,train,run24|7e8d8622fdbbf038ca61b9bd
16102,val,run24|3f5a62ba7968f3c082e19c23
16103,train,run24|385723526ea13d43674aec8e
16104,test,run24|a09c623fa1d73c0ed9708c6d
16105,train,run24|08e7442d8ecc30c1c0c51fc4
16106,train,run24|aa660ca167d488b14b70bc97
16107,train,run24|a8fccf7a3487fb9071994548
16108,test,run24|93e4c8ba4f992aff11a16225
16109,train,run24|f2e160fce76d247fdfeef9ba
16110,test,run24|baa918714b9b02d71acfe0b4
16111,train,run24|bed59e67d6333596c2d87910
16112,train,run24|e21375ceb6987c1007cda5de
16113,val,run24|67eb01cbea43ef525cb65ab6
16114,train,run24|ace81e2540fe4ae14c880aee
16115,train,run24|beb058ce7d1ae1c68afc65e7
16116,train,run24|424f375f180581d82bc4b865
16117,train,run24|fadb8216ddf166827fe4d44e
16118,train,run24|55d219275d768f39e3c0208e
16119,train,run24|b11f94cdfce625e22635f5c1
16120,train,run24|14e41f4e19481f8c8227047e
16121,val,run24|fa59b11f511dffc9994bf978
16122,train,run24|557b485fcd96b4b399ac79b1
16123,train,run24|4fb6decc5dd0b8427079e978
16124,train,run24|2d552aa1deb5c21cf6a97f28
16125,test,run24|12f74677dcbfc847e51e97ec
16126,test,run24|2a0839629b6dbd6b199c8c69
16127,train,run24|4b4a97d7fc19c2d60da77934
16128,train,run24|a26a841414d943ce2c1f9e6a
16129,val,run24|94c015288023d99dee50f3d7
16130,test,run24|c89151661dc9bb540307efb0
16131,val,run24|4d911491fa332684a132fb95
16132,test,run24|330faae088b82e7c91395289
16133,test,run24|39f2ea19b46354f9dbe4dd86
16134,train,run24|dc86cbe791fdfc99e976e167
16135,val,run24|5258eba407a133d2cea0e7bd
16136,test,run24|617732b82706c70c2ea12b47
16137,train,run24|ffb6f07237b6de0f951e1e06
16138,train,run24|bd163666b5d74c489d04477f
16139,train,run24|e5d478131bb86da79bc968e6
16140,test,run24|6821f6864aaf6eb64be586b9
16141,train,run24|021d7484eecd539c98860031
16142,train,run24|01c9dcff9d43a09e72fa2257
16143,train,run24|adcfe54b2f0c3fd6ca877ee1
16144,val,run24|a3da54ce7f823c37855d89c5
16145,train,run24|415ccf280d781ddadcaf503a
16146,val,run24|2f4a8d90099b060b0e55c703
16147,train,run24|090338260188a99514e92890
16148,test,run24|cbe169df5e39f691df90ec29
16149,val,run24|de75e7bf689ba7eb8eb095d2
16150,test,run24|c752f922495d18e0cd1245b6
16151,test,run24|41cda13ce65f17a18ccdf61f
16152,train,run24|6324937269b0aaab164298a0
16153,train,run24|c89a729fd5ff9d1449f21d62
16154,test,run24|52c704787c25cd912787f02b
16155,train,run24|2008489186bcf80e5b622095
16156,train,run24|f42ea435aede37f52f04a85a
16157,train,run24|e407eab758be5be5f8e31707
16158,train,run24|532a1a38281bedf8ce66f023
16159,train,run24|156c87e2369933bbabcdfe89
16160,train,run24|b2eca8bc7acda27d8d455459
16161,train,run24|1105533f7284de25b7de5c7f
16162,train,run24|3fe3a23267b2d7313cb69620
16163,train,run24|48ebeb2744348294dde4a991
16164,train,run24|7e8d8622fdbbf038ca61b9bd
16165,val,run24|3f5a62ba7968f3c082e19c23
16166,train,run24|385723526ea13d43674aec8e
16167,test,run24|a09c623fa1d73c0ed9708c6d
16168,train,run24|08e7442d8ecc30c1c0c51fc4
16169,train,run24|aa660ca167d488b14b70bc97
16170,train,run24|a8fccf7a3487fb9071994548
16171,test,run24|93e4c8ba4f992aff11a16225
16172,train,run24|f2e160fce76d247fdfeef9ba
16173,test,run24|baa918714b9b02d71acfe0b4
16174,train,run24|bed59e67d6333596c2d87910
16175,train,run24|e21375ceb6987c1007cda5de
16176,val,run24|67eb01cbea43ef525cb65ab6
16177,train,run24|ace81e2540fe4ae14c880aee
16178,train,run24|beb058ce7d1ae1c68afc65e7
16179,train,run24|424f375f180581d82bc4b865
16180,train,run24|fadb8216ddf166827fe4d44e
16181,train,run24|55d219275d768f39e3c0208e
16182,train,run24|b11f94cdfce625e22635f5c1
16183,train,run24|14e41f4e19481f8c8227047e
16184,val,run24|fa59b11f511dffc9994bf978
16185,train,run24|557b485fcd96b4b399ac79b1
16186,train,run24|4fb6decc5dd0b8427079e978
16187,train,run24|2d552aa1deb5c21cf6a97f28
16188,test,run24|12f74677dcbfc847e51e97ec
16189,test,run24|2a0839629b6dbd6b199c8c69
16190,train,run24|4b4a97d7fc19c2d60da77934
16191,train,run24|a26a841414d943ce2c1f9e6a
16192,val,run24|94c015288023d99dee50f3d7
16193,test,run24|c89151661dc9bb540307efb0
16194,val,run24|4d911491fa332684a132fb95
16195,test,run24|330faae088b82e7c91395289
16196,test,run24|39f2ea19b46354f9dbe4dd86
16197,train,run24|dc86cbe791fdfc99e976e167
16198,val,run24|5258eba407a133d2cea0e7bd
16199,test,run24|617732b82706c70c2ea12b47
16200,train,run24|ffb6f07237b6de0f951e1e06
16201,train,run24|bd163666b5d74c489d04477f
16202,train,run24|e5d478131bb86da79bc968e6
16203,test,run24|6821f6864aaf6eb64be586b9
16204,train,run24|021d7484eecd539c98860031
16205,train,run24|01c9dcff9d43a09e72fa2257
16206,train,run24|adcfe54b2f0c3fd6ca877ee1
16207,val,run24|a3da54ce7f823c37855d89c5
16208,train,run24|415ccf280d781ddadcaf503a
16209,val,run24|2f4a8d90099b060b0e55c703
16210,train,run24|090338260188a99514e92890
16211,test,run24|cbe169df5e39f691df90ec29
16212,val,run24|de75e7bf689ba7eb8eb095d2
16213,test,run24|c752f922495d18e0cd1245b6
16214,test,run24|41cda13ce65f17a18ccdf61f
16215,train,run24|6324937269b0aaab164298a0
16216,train,run24|c89a729fd5ff9d1449f21d62
16217,test,run24|52c704787c25cd912787f02b
16218,train,run24|2008489186bcf80e5b622095
16219,train,run24|f42ea435aede37f52f04a85a
16220,train,run24|e407eab758be5be5f8e31707
16221,train,run24|532a1a38281bedf8ce66f023
16222,train,run24|156c87e2369933bbabcdfe89
16223,train,run24|b2eca8bc7acda27d8d455459
16224,train,run24|1105533f7284de25b7de5c7f
16225,train,run24|3fe3a23267b2d7313cb69620
16226,train,run24|48ebeb2744348294dde4a991
16227,train,run24|7e8d8622fdbbf038ca61b9bd
16228,val,run24|3f5a62ba7968f3c082e19c23
16229,train,run24|385723526ea13d43674aec8e
16230,test,run24|a09c623fa1d73c0ed9708c6d
16231,train,run24|08e7442d8ecc30c1c0c51fc4
16232,train,run24|aa660ca167d488b14b70bc97
16233,train,run24|a8fccf7a3487fb9071994548
16234,test,run24|93e4c8ba4f992aff11a16225
16235,train,run24|f2e160fce76d247fdfeef9ba
16236,test,run24|baa918714b9b02d71acfe0b4
16237,train,run24|bed59e67d6333596c2d87910
16238,train,run24|e21375ceb6987c1007cda5de
16239,val,run24|67eb01cbea43ef525cb65ab6
16240,train,run24|ace81e2540fe4ae14c880aee
16241,train,run24|beb058ce7d1ae1c68afc65e7
16242,train,run24|5365418d585c98b8c5db8557
16243,train,run24|424f375f180581d82bc4b865
16244,train,run24|fadb8216ddf166827fe4d44e
16245,train,run24|55d219275d768f39e3c0208e
16246,train,run24|b11f94cdfce625e22635f5c1
16247,train,run24|14e41f4e19481f8c8227047e
16248,val,run24|fa59b11f511dffc9994bf978
16249,train,run24|557b485fcd96b4b399ac79b1
16250,train,run24|4fb6decc5dd0b8427079e978
16251,train,run24|2d552aa1deb5c21cf6a97f28
16252,test,run24|12f74677dcbfc847e51e97ec
16253,test,run24|2a0839629b6dbd6b199c8c69
16254,train,run24|4b4a97d7fc19c2d60da77934
16255,train,run24|a26a841414d943ce2c1f9e6a
16256,val,run24|94c015288023d99dee50f3d7
16257,test,run24|c89151661dc9bb540307efb0
16258,val,run24|4d911491fa332684a132fb95
16259,test,run24|330faae088b82e7c91395289
16260,test,run24|39f2ea19b46354f9dbe4dd86
16261,train,run24|dc86cbe791fdfc99e976e167
16262,val,run24|5258eba407a133d2cea0e7bd
16263,test,run24|617732b82706c70c2ea12b47
16264,train,run24|ffb6f07237b6de0f951e1e06
16265,train,run24|bd163666b5d74c489d04477f
16266,train,run24|e5d478131bb86da79bc968e6
16267,test,run24|6821f6864aaf6eb64be586b9
16268,train,run24|021d7484eecd539c98860031
16269,train,run24|01c9dcff9d43a09e72fa2257
16270,train,run24|adcfe54b2f0c3fd6ca877ee1
16271,val,run24|a3da54ce7f823c37855d89c5
16272,train,run24|415ccf280d781ddadcaf503a
16273,val,run24|2f4a8d90099b060b0e55c703
16274,train,run24|090338260188a99514e92890
16275,test,run24|cbe169df5e39f691df90ec29
16276,val,run24|de75e7bf689ba7eb8eb095d2
16277,test,run24|c752f922495d18e0cd1245b6
16278,test,run24|41cda13ce65f17a18ccdf61f
16279,train,run24|6324937269b0aaab164298a0
16280,train,run24|c89a729fd5ff9d1449f21d62
16281,test,run24|52c704787c25cd912787f02b
16282,train,run24|2008489186bcf80e5b622095
16283,train,run24|f42ea435aede37f52f04a85a
16284,train,run24|e407eab758be5be5f8e31707
16285,train,run24|532a1a38281bedf8ce66f023
16286,train,run24|156c87e2369933bbabcdfe89
16287,train,run24|b2eca8bc7acda27d8d455459
16288,train,run24|1105533f7284de25b7de5c7f
16289,train,run24|3fe3a23267b2d7313cb69620
16290,train,run24|48ebeb2744348294dde4a991
16291,train,run24|7e8d8622fdbbf038ca61b9bd
16292,val,run24|3f5a62ba7968f3c082e19c23
16293,train,run24|385723526ea13d43674aec8e
16294,test,run24|a09c623fa1d73c0ed9708c6d
16295,train,run24|08e7442d8ecc30c1c0c51fc4
16296,train,run24|aa660ca167d488b14b70bc97
16297,train,run24|a8fccf7a3487fb9071994548
16298,test,run24|93e4c8ba4f992aff11a16225
16299,train,run24|f2e160fce76d247fdfeef9ba
16300,test,run24|baa918714b9b02d71acfe0b4
16301,train,run24|bed59e67d6333596c2d87910
16302,train,run24|e21375ceb6987c1007cda5de
16303,val,run24|67eb01cbea43ef525cb65ab6
16304,train,run24|ace81e2540fe4ae14c880aee
16305,train,run24|beb058ce7d1ae1c68afc65e7
16306,test,run24|be138825161cf1fe731c0a0e
16307,train,run24|b74570798e70946f9149508b
16308,train,run24|424f375f180581d82bc4b865
16309,train,run24|fadb8216ddf166827fe4d44e
16310,train,run24|55d219275d768f39e3c0208e
16311,train,run24|b11f94cdfce625e22635f5c1
16312,train,run24|14e41f4e19481f8c8227047e
16313,val,run24|fa59b11f511dffc9994bf978
16314,train,run24|557b485fcd96b4b399ac79b1
16315,train,run24|4fb6decc5dd0b8427079e978
16316,train,run24|2d552aa1deb5c21cf6a97f28
16317,test,run24|12f74677dcbfc847e51e97ec
16318,test,run24|2a0839629b6dbd6b199c8c69
16319,train,run24|4b4a97d7fc19c2d60da77934
16320,train,run24|a26a841414d943ce2c1f9e6a
16321,val,run24|94c015288023d99dee50f3d7
16322,test,run24|c89151661dc9bb540307efb0
16323,val,run24|4d911491fa332684a132fb95
16324,test,run24|330faae088b82e7c91395289
16325,test,run24|39f2ea19b46354f9dbe4dd86
16326,train,run24|dc86cbe791fdfc99e976e167
16327,val,run24|5258eba407a133d2cea0e7bd
16328,test,run24|617732b82706c70c2ea12b47
16329,train,run24|ffb6f07237b6de0f951e1e06
16330,train,run24|bd163666b5d74c489d04477f
16331,train,run24|e5d478131bb86da79bc968e6
16332,test,run24|6821f6864aaf6eb64be586b9
16333,train,run24|021d7484eecd539c98860031
16334,train,run24|01c9dcff9d43a09e72fa2257
16335,train,run24|adcfe54b2f0c3fd6ca877ee1
16336,val,run24|a3da54ce7f823c37855d89c5
16337,train,run24|415ccf280d781ddadcaf503a
16338,val,run24|2f4a8d90099b060b0e55c703
16339,train,run24|090338260188a99514e92890
16340,test,run24|cbe169df5e39f691df90ec29
16341,val,run24|de75e7bf689ba7eb8eb095d2
16342,test,run24|c752f922495d18e0cd1245b6
16343,test,run24|41cda13ce65f17a18ccdf61f
16344,train,run24|6324937269b0aaab164298a0
16345,train,run24|c89a729fd5ff9d1449f21d62
16346,test,run24|52c704787c25cd912787f02b
16347,train,run24|2008489186bcf80e5b622095
16348,train,run24|f42ea435aede37f52f04a85a
16349,train,run24|e407eab758be5be5f8e31707
16350,train,run24|532a1a38281bedf8ce66f023
16351,train,run24|156c87e2369933bbabcdfe89
16352,train,run24|b2eca8bc7acda27d8d455459
16353,train,run24|1105533f7284de25b7de5c7f
16354,train,run24|3fe3a23267b2d7313cb69620
16355,train,run24|48ebeb2744348294dde4a991
16356,train,run24|7e8d8622fdbbf038ca61b9bd
16357,val,run24|3f5a62ba7968f3c082e19c23
16358,train,run24|385723526ea13d43674aec8e
16359,test,run24|a09c623fa1d73c0ed9708c6d
16360,train,run24|08e7442d8ecc30c1c0c51fc4
16361,train,run24|aa660ca167d488b14b70bc97
16362,train,run24|a8fccf7a3487fb9071994548
16363,test,run24|93e4c8ba4f992aff11a16225
16364,train,run24|f2e160fce76d247fdfeef9ba
16365,test,run24|baa918714b9b02d71acfe0b4
16366,train,run24|bed59e67d6333596c2d87910
16367,train,run24|e21375ceb6987c1007cda5de
16368,val,run24|67eb01cbea43ef525cb65ab6
16369,train,run24|ace81e2540fe4ae14c880aee
16370,train,run24|beb058ce7d1ae1c68afc65e7
16371,train,run24|6464bd40facfb27a92ec763b
16372,train,run24|30cda786fff5edf0f5c9f324
16373,train,run24|7ae1545febef7ee38cf9921e
16374,train,run24|424f375f180581d82bc4b865
16375,train,run24|fadb8216ddf166827fe4d44e
16376,train,run24|55d219275d768f39e3c0208e
16377,train,run24|b11f94cdfce625e22635f5c1
16378,train,run24|14e41f4e19481f8c8227047e
16379,val,run24|fa59b11f511dffc9994bf978
16380,train,run24|557b485fcd96b4b399ac79b1
16381,train,run24|4fb6decc5dd0b8427079e978
16382,train,run24|2d552aa1deb5c21cf6a97f28
16383,test,run24|12f74677dcbfc847e51e97ec
16384,test,run24|2a0839629b6dbd6b199c8c69
16385,train,run24|4b4a97d7fc19c2d60da77934
16386,train,run24|a26a841414d943ce2c1f9e6a
16387,val,run24|94c015288023d99dee50f3d7
16388,test,run24|c89151661dc9bb540307efb0
16389,val,run24|4d911491fa332684a132fb95
16390,test,run24|330faae088b82e7c91395289
16391,test,run24|39f2ea19b46354f9dbe4dd86
16392,train,run24|dc86cbe791fdfc99e976e167
16393,val,run24|5258eba407a133d2cea0e7bd
16394,test,run24|617732b82706c70c2ea12b47
16395,train,run24|ffb6f07237b6de0f951e1e06
16396,train,run24|bd163666b5d74c489d04477f
16397,train,run24|e5d478131bb86da79bc968e6
16398,test,run24|6821f6864aaf6eb64be586b9
16399,train,run24|021d7484eecd539c98860031
16400,train,run24|01c9dcff9d43a09e72fa2257
16401,train,run24|adcfe54b2f0c3fd6ca877ee1
16402,val,run24|a3da54ce7f823c37855d89c5
16403,train,run24|415ccf280d781ddadcaf503a
16404,val,run24|2f4a8d90099b060b0e55c703
16405,train,run24|090338260188a99514e92890
16406,test,run24|cbe169df5e39f691df90ec29
16407,val,run24|de75e7bf689ba7eb8eb095d2
16408,test,run24|c752f922495d18e0cd1245b6
16409,test,run24|41cda13ce65f17a18ccdf61f
16410,train,run24|6324937269b0aaab164298a0
16411,train,run24|c89a729fd5ff9d1449f21d62
16412,test,run24|52c704787c25cd912787f02b
16413,train,run24|2008489186bcf80e5b622095
16414,train,run24|f42ea435aede37f52f04a85a
16415,train,run24|e407eab758be5be5f8e31707
16416,train,run24|532a1a38281bedf8ce66f023
16417,train,run24|156c87e2369933bbabcdfe89
16418,train,run24|b2eca8bc7acda27d8d455459
16419,train,run24|1105533f7284de25b7de5c7f
16420,train,run24|3fe3a23267b2d7313cb69620
16421,train,run24|48ebeb2744348294dde4a991
16422,train,run24|7e8d8622fdbbf038ca61b9bd
16423,val,run24|3f5a62ba7968f3c082e19c23
16424,train,run24|385723526ea13d43674aec8e
16425,test,run24|a09c623fa1d73c0ed9708c6d
16426,train,run24|08e7442d8ecc30c1c0c51fc4
16427,train,run24|aa660ca167d488b14b70bc97
16428,train,run24|a8fccf7a3487fb9071994548
16429,test,run24|93e4c8ba4f992aff11a16225
16430,train,run24|f2e160fce76d247fdfeef9ba
16431,test,run24|baa918714b9b02d71acfe0b4
16432,train,run24|bed59e67d6333596c2d87910
16433,train,run24|e21375ceb6987c1007cda5de
16434,val,run24|67eb01cbea43ef525cb65ab6
16435,train,run24|ace81e2540fe4ae14c880aee
16436,train,run24|beb058ce7d1ae1c68afc65e7
16437,train,run24|de2b13c2951a49395f182ee1
16438,val,run24|18efd8f5a940e62049a3162f
