row_id,split,group_key
1,train,run2|17dde8cf2afb54d99ab0ac5e
2,train,run2|f41bd4cc7e7e8f66cb5cc455
3,train,run2|ab0cfdaf6eb6c3e773bfacfa
4,train,run2|5ddf743ef23544520e244a98
5,train,run2|5d44bf5aea69f568205ce1a1
6,test,run2|d16dac38dfafc94fb4116549
7,test,run2|00aa36e49fe6181b6afd3e8c
8,train,run2|e9826cf72a65db922595ebda
9,train,run2|ccee71a3d6025b45c633524c
10,test,run2|b0c2aee832fa84239d018de5
11,test,run2|85f08222aa5e6d7dd52cb5b7
12,val,run2|616fa19d97321021af51bd04
13,train,run2|bdd287258858da63757942d0
14,test,run2|83b59ff12c3cd90b020cb4bf
15,test,run2|3eb6ab2bead24f6dbcaffb34
16,test,run2|53c5994836cb3b6c7c2b50bb
17,test,run2|1fa376de3e6b876b19e90d51
18,test,run2|d3b30309cc67bacc71abf70b
19,val,run2|5cd09b0c289144baa4be6a4d
20,test,run2|8f21edcfccb78c694d9da86e
21,train,run2|a375e7eb2c52a1c008a7a88d
22,train,run2|749e96ede19c4287ce8048bf
23,test,run2|bc02eaf538e23f6c5980271d
24,val,run2|f1ff5ab8939772119e714602
25,train,run2|d6896a3310a9e7b3d084575e
26,test,run2|fc66938eae33f094b47b285e
27,val,run2|68d8e42113d3b619daeef994
28,train,run2|b3e4669774758a43d98ef406
29,test,run2|95a32918d0bf71415898809a
30,train,run2|a21e20fc3d9a0961ae8d2f4d
31,test,run2|e7e3012465a1ec02ccac0cea
32,train,run2|c2ffcc863534ee8cd4468891
33,train,run2|700535596dbf7e80b8baed77
34,train,run2|a4c0fbe3ec84f7fc67e8d92d
35,train,run2|79a3c284bcbfbfe4ee441972
36,train,run2|5dd149d4bb023ecd9141647d
37,train,run2|7de1010e5abf280a43a8412b
38,train,run2|594ff3863ddda259fe03af8d
39,train,run2|64f8537fac850c8ed5303d3a
40,train,run2|aae4758eef69c562ba8f20e2
41,train,run2|66701efc4e80831fddff5c38
42,val,run2|fb443d0a8d107797e8b5c2e5
43,val,run2|5b22bde7922cc65aec1d8ce4
44,train,run2|187756ad1fb6d383d0f29002
45,train,run2|c373fa08a7b996b23e055285
46,train,run2|4391c6e43c588f977e24f394
47,test,run2|fd8297ed4e9bf1912c19c03a
48,train,run2|76e964463ab4412d1bf504eb
49,train,run2|7fc5f3c32280ebf8756bf781
50,train,run2|02b43d4024aa6aff8f544c4d
51,val,run2|2518ce6a26ecc4102de59bc6
52,train,run2|f758133c50aa885042605865
53,test,run2|8a002e6bb29cfe60345eec5f
54,train,run2|45c8163d85c843e453d1cf71
55,val,run2|d529b775880721b6d8f25be7
56,test,run2|3bf9a4795f09c0e36f4de5c9
57,train,run2|3890db6d79736647867a518c
58,train,run2|478327b4808c93ffb87b7c10
59,val,run2|2082ea83d0ae651fb5283c6c
60,train,run2|fa1ec52e783b05f1495997af
61,test,run2|eeb6492a9d9d0f18488a17b3
62,train,run2|9c79af0132637572f9930fe4
63,train,run2|296c98c4a3be66c41fd5bc9a
64,train,run2|7385ec499b48803ecfa4b23e
65,val,run2|ad8fdd07b286c2665b4188e5
66,test,run2|ee22c40d4afbf7572d4cfc7d
67,train,run2|1a32816dc202d694aba52af9
68,train,run2|6cb6ced710325b2c500f6d73
69,test,run2|95c92111c3ce51fb6c6e3f91
70,test,run2|65f79fe86c414e7c0bd24b12
71,val,run2|aeeb824579c6decb1a2e30f2
72,train,run2|5e676168da528ef97690a269
73,test,run2|dfc13a9159b53b3dd22d99c8
74,train,run2|c5ea148f9922b94a6e4e7226
75,train,run2|227ee6f19a5a92d850e10b00
76,val,run2|e521ef6a5a57b843f70094e2
77,train,run2|cc87bb08afd2a3aef6e16d79
78,train,run2|7c5b81846dd0d9b06cd09abb
79,train,run2|e1b5f042284da20ac7cd8a36
80,train,run2|17dde8cf2afb54d99ab0ac5e
81,train,run2|f41bd4cc7e7e8f66cb5cc455
82,train,run2|ab0cfdaf6eb6c3e773bfacfa
83,train,run2|5ddf743ef23544520e244a98
84,train,run2|5d44bf5aea69f568205ce1a1
85,test,run2|d16dac38dfafc94fb4116549
86,test,run2|00aa36e49fe6181b6afd3e8c
87,train,run2|e9826cf72a65db922595ebda
88,train,run2|ccee71a3d6025b45c633524c
89,test,run2|b0c2aee832fa84239d018de5
90,test,run2|85f08222aa5e6d7dd52cb5b7
91,val,run2|616fa19d97321021af51bd04
92,train,run2|bdd287258858da63757942d0
93,test,run2|83b59ff12c3cd90b020cb4bf
94,test,run2|3eb6ab2bead24f6dbcaffb34
95,test,run2|53c5994836cb3b6c7c2b50bb
96,test,run2|1fa376de3e6b876b19e90d51
97,test,run2|d3b30309cc67bacc71abf70b
98,val,run2|5cd09b0c289144baa4be6a4d
99,test,run2|8f21edcfccb78c694d9da86e
100,train,run2|a375e7eb2c52a1c008a7a88d
101,train,run2|749e96ede19c4287ce8048bf
102,test,run2|bc02eaf538e23f6c5980271d
103,val,run2|f1ff5ab8939772119e714602
104,train,run2|d6896a3310a9e7b3d084575e
105,test,run2|fc66938eae33f094b47b285e
106,val,run2|68d8e42113d3b619daeef994
107,train,run2|b3e4669774758a43d98ef406
108,test,run2|95a32918d0bf71415898809a
109,train,run2|a21e20fc3d9a0961ae8d2f4d
110,test,run2|e7e3012465a1ec02ccac0cea
111,train,run2|c2ffcc863534ee8cd4468891
112,train,run2|700535596dbf7e80b8baed77
113,train,run2|a4c0fbe3ec84f7fc67e8d92d
114,train,run2|79a3c284bcbfbfe4ee441972
115,train,run2|5dd149d4bb023ecd9141647d
116,train,run2|7de1010e5abf280a43a8412b
117,train,run2|594ff3863ddda259fe03af8d
118,train,run2|64f8537fac850c8ed5303d3a
119,train,run2|aae4758eef69c562ba8f20e2
120,train,run2|66701efc4e80831fddff5c38
121,val,run2|fb443d0a8d107797e8b5c2e5
122,val,run2|5b22bde7922cc65aec1d8ce4
123,train,run2|187756ad1fb6d383d0f29002
124,train,run2|c373fa08a7b996b23e055285
125,train,run2|4391c6e43c588f977e24f394
126,test,run2|fd8297ed4e9bf1912c19c03a
127,train,run2|76e964463ab4412d1bf504eb
128,train,run2|7fc5f3c32280ebf8756bf781
129,train,run2|02b43d4024aa6aff8f544c4d
130,val,run2|2518ce6a26ecc4102de59bc6
131,train,run2|f758133c50aa885042605865
132,test,run2|8a002e6bb29cfe60345eec5f
133,train,run2|45c8163d85c843e453d1cf71
134,val,run2|d529b775880721b6d8f25be7
135,test,run2|3bf9a4795f09c0e36f4de5c9
136,train,run2|3890db6d79736647867a518c
137,train,run2|478327b4808c93ffb87b7c10
138,val,run2|2082ea83d0ae651fb5283c6c
139,train,run2|fa1ec52e783b05f1495997af
140,test,run2|eeb6492a9d9d0f18488a17b3
141,train,run2|9c79af0132637572f9930fe4
142,train,run2|296c98c4a3be66c41fd5bc9a
143,train,run2|17dde8cf2afb54d99ab0ac5e
144,train,run2|f41bd4cc7e7e8f66cb5cc455
145,train,run2|ab0cfdaf6eb6c3e773bfacfa
146,train,run2|5ddf743ef23544520e244a98
147,train,run2|5d44bf5aea69f568205ce1a1
148,test,run2|d16dac38dfafc94fb4116549
149,test,run2|00aa36e49fe6181b6afd3e8c
150,train,run2|e9826cf72a65db922595ebda
151,train,run2|ccee71a3d6025b45c633524c
152,test,run2|b0c2aee832fa84239d018de5
153,test,run2|85f08222aa5e6d7dd52cb5b7
154,val,run2|616fa19d97321021af51bd04
155,train,run2|bdd287258858da63757942d0
156,test,run2|83b59ff12c3cd90b020cb4bf
157,test,run2|3eb6ab2bead24f6dbcaffb34
158,test,run2|53c5994836cb3b6c7c2b50bb
159,test,run2|1fa376de3e6b876b19e90d51
160,test,run2|d3b30309cc67bacc71abf70b
161,val,run2|5cd09b0c289144baa4be6a4d
162,test,run2|8f21edcfccb78c694d9da86e
163,train,run2|a375e7eb2c52a1c008a7a88d
164,train,run2|749e96ede19c4287ce8048bf
165,test,run2|bc02eaf538e23f6c5980271d
166,val,run2|f1ff5ab8939772119e714602
167,train,run2|d6896a3310a9e7b3d084575e
168,test,run2|fc66938eae33f094b47b285e
169,val,run2|68d8e42113d3b619daeef994
170,train,run2|b3e4669774758a43d98ef406
171,test,run2|95a32918d0bf71415898809a
172,train,run2|a21e20fc3d9a0961ae8d2f4d
173,test,run2|e7e3012465a1ec02ccac0cea
174,train,run2|c2ffcc863534ee8cd4468891
175,train,run2|700535596dbf7e80b8baed77
176,train,run2|a4c0fbe3ec84f7fc67e8d92d
177,train,run2|79a3c284bcbfbfe4ee441972
178,train,run2|5dd149d4bb023ecd9141647d
179,train,run2|7de1010e5abf280a43a8412b
180,train,run2|594ff3863ddda259fe03af8d
181,train,run2|64f8537fac850c8ed5303d3a
182,train,run2|aae4758eef69c562ba8f20e2
183,train,run2|66701efc4e80831fddff5c38
184,val,run2|fb443d0a8d107797e8b5c2e5
185,val,run2|5b22bde7922cc65aec1d8ce4
186,train,run2|187756ad1fb6d383d0f29002
187,train,run2|c373fa08a7b996b23e055285
188,train,run2|4391c6e43c588f977e24f394
189,test,run2|fd8297ed4e9bf1912c19c03a
190,train,run2|76e964463ab4412d1bf504eb
191,train,run2|7fc5f3c32280ebf8756bf781
192,train,run2|02b43d4024aa6aff8f544c4d
193,val,run2|2518ce6a26ecc4102de59bc6
194,train,run2|f758133c50aa885042605865
195,test,run2|8a002e6bb29cfe60345eec5f
196,train,run2|45c8163d85c843e453d1cf71
197,val,run2|d529b775880721b6d8f25be7
198,test,run2|3bf9a4795f09c0e36f4de5c9
199,train,run2|3890db6d79736647867a518c
200,train,run2|478327b4808c93ffb87b7c10
201,val,run2|2082ea83d0ae651fb5283c6c
202,train,run2|fa1ec52e783b05f1495997af
203,test,run2|eeb6492a9d9d0f18488a17b3
204,train,run2|9c79af0132637572f9930fe4
205,train,run2|296c98c4a3be66c41fd5bc9a
206,train,run2|17dde8cf2afb54d99ab0ac5e
207,train,run2|f41bd4cc7e7e8f66cb5cc455
208,train,run2|ab0cfdaf6eb6c3e773bfacfa
209,train,run2|5ddf743ef23544520e244a98
210,train,run2|5d44bf5aea69f568205ce1a1
211,test,run2|d16dac38dfafc94fb4116549
212,test,run2|00aa36e49fe6181b6afd3e8c
213,train,run2|e9826cf72a65db922595ebda
214,train,run2|ccee71a3d6025b45c633524c
215,test,run2|b0c2aee832fa84239d018de5
216,test,run2|85f08222aa5e6d7dd52cb5b7
217,val,run2|616fa19d97321021af51bd04
218,train,run2|bdd287258858da63757942d0
219,test,run2|83b59ff12c3cd90b020cb4bf
220,test,run2|3eb6ab2bead24f6dbcaffb34
221,test,run2|53c5994836cb3b6c7c2b50bb
222,test,run2|1fa376de3e6b876b19e90d51
223,test,run2|d3b30309cc67bacc71abf70b
224,val,run2|5cd09b0c289144baa4be6a4d
225,test,run2|8f21edcfccb78c694d9da86e
226,train,run2|a375e7eb2c52a1c008a7a88d
227,train,run2|749e96ede19c4287ce8048bf
228,test,run2|bc02eaf538e23f6c5980271d
229,val,run2|f1ff5ab8939772119e714602
230,train,run2|d6896a3310a9e7b3d084575e
231,test,run2|fc66938eae33f094b47b285e
232,val,run2|68d8e42113d3b619daeef994
233,train,run2|b3e4669774758a43d98ef406
234,test,run2|95a32918d0bf71415898809a
235,train,run2|a21e20fc3d9a0961ae8d2f4d
236,test,run2|e7e3012465a1ec02ccac0cea
237,train,run2|c2ffcc863534ee8cd4468891
238,train,run2|700535596dbf7e80b8baed77
239,train,run2|a4c0fbe3ec84f7fc67e8d92d
240,train,run2|79a3c284bcbfbfe4ee441972
241,train,run2|5dd149d4bb023ecd9141647d
242,train,run2|7de1010e5abf280a43a8412b
243,train,run2|594ff3863ddda259fe03af8d
244,train,run2|64f8537fac850c8ed5303d3a
245,train,run2|aae4758eef69c562ba8f20e2
246,train,run2|66701efc4e80831fddff5c38
247,val,run2|fb443d0a8d107797e8b5c2e5
248,val,run2|5b22bde7922cc65aec1d8ce4
249,train,run2|187756ad1fb6d383d0f29002
250,train,run2|c373fa08a7b996b23e055285
251,train,run2|4391c6e43c588f977e24f394
252,test,run2|fd8297ed4e9bf1912c19c03a
253,train,run2|76e964463ab4412d1bf504eb
254,train,run2|7fc5f3c32280ebf8756bf781
255,train,run2|02b43d4024aa6aff8f544c4d
256,val,run2|2518ce6a26ecc4102de59bc6
257,train,run2|f758133c50aa885042605865
258,test,run2|8a002e6bb29cfe60345eec5f
259,train,run2|45c8163d85c843e453d1cf71
260,val,run2|d529b775880721b6d8f25be7
261,test,run2|3bf9a4795f09c0e36f4de5c9
262,train,run2|3890db6d79736647867a518c
263,train,run2|478327b4808c93ffb87b7c10
264,val,run2|2082ea83d0ae651fb5283c6c
265,train,run2|fa1ec52e783b05f1495997af
266,test,run2|eeb6492a9d9d0f18488a17b3
267,train,run2|9c79af0132637572f9930fe4
268,train,run2|296c98c4a3be66c41fd5bc9a
269,train,run2|17dde8cf2afb54d99ab0ac5e
270,train,run2|f41bd4cc7e7e8f66cb5cc455
271,train,run2|ab0cfdaf6eb6c3e773bfacfa
272,train,run2|5ddf743ef23544520e244a98
273,train,run2|5d44bf5aea69f568205ce1a1
274,test,run2|d16dac38dfafc94fb4116549
275,test,run2|00aa36e49fe6181b6afd3e8c
276,train,run2|e9826cf72a65db922595ebda
277,train,run2|ccee71a3d6025b45c633524c
278,test,run2|b0c2aee832fa84239d018de5
279,test,run2|85f08222aa5e6d7dd52cb5b7
280,val,run2|616fa19d97321021af51bd04
281,train,run2|bdd287258858da63757942d0
282,test,run2|83b59ff12c3cd90b020cb4bf
283,test,run2|3eb6ab2bead24f6dbcaffb34
284,test,run2|53c5994836cb3b6c7c2b50bb
285,test,run2|1fa376de3e6b876b19e90d51
286,test,run2|d3b30309cc67bacc71abf70b
287,val,run2|5cd09b0c289144baa4be6a4d
288,test,run2|8f21edcfccb78c694d9da86e
289,train,run2|a375e7eb2c52a1c008a7a88d
290,train,run2|749e96ede19c4287ce8048bf
291,test,run2|bc02eaf538e23f6c5980271d
292,val,run2|f1ff5ab8939772119e714602
293,train,run2|d6896a3310a9e7b3d084575e
294,test,run2|fc66938eae33f094b47b285e
295,val,run2|68d8e42113d3b619daeef994
296,train,run2|b3e4669774758a43d98ef406
297,test,run2|95a32918d0bf71415898809a
298,train,run2|a21e20fc3d9a0961ae8d2f4d
299,test,run2|e7e3012465a1ec02ccac0cea
300,train,run2|c2ffcc863534ee8cd4468891
301,train,run2|700535596dbf7e80b8baed77
302,train,run2|a4c0fbe3ec84f7fc67e8d92d
303,train,run2|79a3c284bcbfbfe4ee441972
304,train,run2|5dd149d4bb023ecd9141647d
305,train,run2|7de1010e5abf280a43a8412b
306,train,run2|594ff3863ddda259fe03af8d
307,train,run2|64f8537fac850c8ed5303d3a
308,train,run2|aae4758eef69c562ba8f20e2
309,train,run2|66701efc4e80831fddff5c38
310,val,run2|fb443d0a8d107797e8b5c2e5
311,val,run2|5b22bde7922cc65aec1d8ce4
312,train,run2|187756ad1fb6d383d0f29002
313,train,run2|c373fa08a7b996b23e055285
314,train,run2|4391c6e43c588f977e24f394
315,test,run2|fd8297ed4e9bf1912c19c03a
316,train,run2|76e964463ab4412d1bf504eb
317,train,run2|7fc5f3c32280ebf8756bf781
318,train,run2|02b43d4024aa6aff8f544c4d
319,val,run2|2518ce6a26ecc4102de59bc6
320,train,run2|f758133c50aa885042605865
321,test,run2|8a002e6bb29cfe60345eec5f
322,train,run2|45c8163d85c843e453d1cf71
323,val,run2|d529b775880721b6d8f25be7
324,test,run2|3bf9a4795f09c0e36f4de5c9
325,train,run2|3890db6d79736647867a518c
326,train,run2|478327b4808c93ffb87b7c10
327,val,run2|2082ea83d0ae651fb5283c6c
328,train,run2|fa1ec52e783b05f1495997af
329,test,run2|eeb6492a9d9d0f18488a17b3
330,train,run2|9c79af0132637572f9930fe4
331,train,run2|296c98c4a3be66c41fd5bc9a
332,train,run2|17dde8cf2afb54d99ab0ac5e
333,train,run2|f41bd4cc7e7e8f66cb5cc455
334,train,run2|ab0cfdaf6eb6c3e773bfacfa
335,train,run2|5ddf743ef23544520e244a98
336,train,run2|5d44bf5aea69f568205ce1a1
337,test,run2|d16dac38dfafc94fb4116549
338,test,run2|00aa36e49fe6181b6afd3e8c
339,train,run2|e9826cf72a65db922595ebda
340,train,run2|ccee71a3d6025b45c633524c
341,test,run2|b0c2aee832fa84239d018de5
342,test,run2|85f08222aa5e6d7dd52cb5b7
343,val,run2|616fa19d97321021af51bd04
344,train,run2|bdd287258858da63757942d0
345,test,run2|83b59ff12c3cd90b020cb4bf
346,test,run2|3eb6ab2bead24f6dbcaffb34
347,test,run2|53c5994836cb3b6c7c2b50bb
348,test,run2|1fa376de3e6b876b19e90d51
349,test,run2|d3b30309cc67bacc71abf70b
350,val,run2|5cd09b0c289144baa4be6a4d
351,test,run2|8f21edcfccb78c694d9da86e
352,train,run2|a375e7eb2c52a1c008a7a88d
353,train,run2|749e96ede19c4287ce8048bf
354,test,run2|bc02eaf538e23f6c5980271d
355,val,run2|f1ff5ab8939772119e714602
356,train,run2|d6896a3310a9e7b3d084575e
357,test,run2|fc66938eae33f094b47b285e
358,val,run2|68d8e42113d3b619daeef994
359,train,run2|b3e4669774758a43d98ef406
360,test,run2|95a32918d0bf71415898809a
361,train,run2|a21e20fc3d9a0961ae8d2f4d
362,test,run2|e7e3012465a1ec02ccac0cea
363,train,run2|c2ffcc863534ee8cd4468891
364,train,run2|700535596dbf7e80b8baed77
365,train,run2|a4c0fbe3ec84f7fc67e8d92d
366,train,run2|79a3c284bcbfbfe4ee441972
367,train,run2|5dd149d4bb023ecd9141647d
368,train,run2|7de1010e5abf280a43a8412b
369,train,run2|594ff3863ddda259fe03af8d
370,train,run2|64f8537fac850c8ed5303d3a
371,train,run2|aae4758eef69c562ba8f20e2
372,train,run2|66701efc4e80831fddff5c38
373,val,run2|fb443d0a8d107797e8b5c2e5
374,val,run2|5b22bde7922cc65aec1d8ce4
375,train,run2|187756ad1fb6d383d0f29002
376,train,run2|c373fa08a7b996b23e055285
377,train,run2|4391c6e43c588f977e24f394
378,test,run2|fd8297ed4e9bf1912c19c03a
379,train,run2|76e964463ab4412d1bf504eb
380,train,run2|7fc5f3c32280ebf8756bf781
381,train,run2|02b43d4024aa6aff8f544c4d
382,val,run2|2518ce6a26ecc4102de59bc6
383,train,run2|f758133c50aa885042605865
384,test,run2|8a002e6bb29cfe60345eec5f
385,train,run2|45c8163d85c843e453d1cf71
386,val,run2|d529b775880721b6d8f25be7
387,test,run2|3bf9a4795f09c0e36f4de5c9
388,train,run2|3890db6d79736647867a518c
389,train,run2|478327b4808c93ffb87b7c10
390,val,run2|2082ea83d0ae651fb5283c6c
391,train,run2|fa1ec52e783b05f1495997af
392,test,run2|eeb6492a9d9d0f18488a17b3
393,train,run2|9c79af0132637572f9930fe4
394,train,run2|296c98c4a3be66c41fd5bc9a
395,train,run2|17dde8cf2afb54d99ab0ac5e
396,train,run2|f41bd4cc7e7e8f66cb5cc455
397,train,run2|ab0cfdaf6eb6c3e773bfacfa
398,train,run2|5ddf743ef23544520e244a98
399,train,run2|5d44bf5aea69f568205ce1a1
400,test,run2|d16dac38dfafc94fb4116549
401,test,run2|00aa36e49fe6181b6afd3e8c
402,train,run2|e9826cf72a65db922595ebda
403,train,run2|ccee71a3d6025b45c633524c
404,test,run2|b0c2aee832fa84239d018de5
405,test,run2|85f08222aa5e6d7dd52cb5b7
406,val,run2|616fa19d97321021af51bd04
407,train,run2|bdd287258858da63757942d0
408,test,run2|83b59ff12c3cd90b020cb4bf
409,test,run2|3eb6ab2bead24f6dbcaffb34
410,test,run2|53c5994836cb3b6c7c2b50bb
411,test,run2|1fa376de3e6b876b19e90d51
412,test,run2|d3b30309cc67bacc71abf70b
413,val,run2|5cd09b0c289144baa4be6a4d
414,test,run2|8f21edcfccb78c694d9da86e
415,train,run2|a375e7eb2c52a1c008a7a88d
416,train,run2|749e96ede19c4287ce8048bf
417,test,run2|bc02eaf538e23f6c5980271d
418,val,run2|f1ff5ab8939772119e714602
419,train,run2|d6896a3310a9e7b3d084575e
420,test,run2|fc66938eae33f094b47b285e
421,val,run2|68d8e42113d3b619daeef994
422,train,run2|b3e4669774758a43d98ef406
423,test,run2|95a32918d0bf71415898809a
424,train,run2|a21e20fc3d9a0961ae8d2f4d
425,test,run2|e7e3012465a1ec02ccac0cea
426,train,run2|c2ffcc863534ee8cd4468891
427,train,run2|700535596dbf7e80b8baed77
428,train,run2|a4c0fbe3ec84f7fc67e8d92d
429,train,run2|79a3c284bcbfbfe4ee441972
430,train,run2|5dd149d4bb023ecd9141647d
431,train,run2|7de1010e5abf280a43a8412b
432,train,run2|594ff3863ddda259fe03af8d
433,train,run2|64f8537fac850c8ed5303d3a
434,train,run2|aae4758eef69c562ba8f20e2
435,train,run2|66701efc4e80831fddff5c38
436,val,run2|fb443d0a8d107797e8b5c2e5
437,val,run2|5b22bde7922cc65aec1d8ce4
438,train,run2|187756ad1fb6d383d0f29002
439,train,run2|c373fa08a7b996b23e055285
440,train,run2|4391c6e43c588f977e24f394
441,test,run2|fd8297ed4e9bf1912c19c03a
442,train,run2|76e964463ab4412d1bf504eb
443,train,run2|7fc5f3c32280ebf8756bf781
444,train,run2|02b43d4024aa6aff8f544c4d
445,val,run2|2518ce6a26ecc4102de59bc6
446,train,run2|f758133c50aa885042605865
447,test,run2|8a002e6bb29cfe60345eec5f
448,train,run2|45c8163d85c843e453d1cf71
449,val,run2|d529b775880721b6d8f25be7
450,test,run2|3bf9a4795f09c0e36f4de5c9
451,train,run2|3890db6d79736647867a518c
452,train,run2|478327b4808c93ffb87b7c10
453,val,run2|2082ea83d0ae651fb5283c6c
454,train,run2|fa1ec52e783b05f1495997af
455,test,run2|eeb6492a9d9d0f18488a17b3
456,train,run2|9c79af0132637572f9930fe4
457,train,run2|296c98c4a3be66c41fd5bc9a
458,train,run2|17dde8cf2afb54d99ab0ac5e
459,train,run2|f41bd4cc7e7e8f66cb5cc455
460,train,run2|ab0cfdaf6eb6c3e773bfacfa
461,train,run2|5ddf743ef23544520e244a98
462,train,run2|5d44bf5aea69f568205ce1a1
463,test,run2|d16dac38dfafc94fb4116549
464,test,run2|00aa36e49fe6181b6afd3e8c
465,train,run2|e9826cf72a65db922595ebda
466,train,run2|ccee71a3d6025b45c633524c
467,test,run2|b0c2aee832fa84239d018de5
468,test,run2|85f08222aa5e6d7dd52cb5b7
469,val,run2|616fa19d97321021af51bd04
470,train,run2|bdd287258858da63757942d0
471,test,run2|83b59ff12c3cd90b020cb4bf
472,test,run2|3eb6ab2bead24f6dbcaffb34
473,test,run2|53c5994836cb3b6c7c2b50bb
474,test,run2|1fa376de3e6b876b19e90d51
475,test,run2|d3b30309cc67bacc71abf70b
476,val,run2|5cd09b0c289144baa4be6a4d
477,test,run2|8f21edcfccb78c694d9da86e
478,train,run2|a375e7eb2c52a1c008a7a88d
479,train,run2|749e96ede19c4287ce8048bf
480,test,run2|bc02eaf538e23f6c5980271d
481,val,run2|f1ff5ab8939772119e714602
482,train,run2|d6896a3310a9e7b3d084575e
483,test,run2|fc66938eae33f094b47b285e
484,val,run2|68d8e42113d3b619daeef994
485,train,run2|b3e4669774758a43d98ef406
486,test,run2|95a32918d0bf71415898809a
487,train,run2|a21e20fc3d9a0961ae8d2f4d
488,test,run2|e7e3012465a1ec02ccac0cea
489,train,run2|c2ffcc863534ee8cd4468891
490,train,run2|700535596dbf7e80b8baed77
491,train,run2|a4c0fbe3ec84f7fc67e8d92d
492,train,run2|79a3c284bcbfbfe4ee441972
493,train,run2|5dd149d4bb023ecd9141647d
494,train,run2|7de1010e5abf280a43a8412b
495,train,run2|594ff3863ddda259fe03af8d
496,train,run2|64f8537fac850c8ed5303d3a
497,train,run2|aae4758eef69c562ba8f20e2
498,train,run2|66701efc4e80831fddff5c38
499,val,run2|fb443d0a8d107797e8b5c2e5
500,val,run2|5b22bde7922cc65aec1d8ce4
501,train,run2|187756ad1fb6d383d0f29002
502,train,run2|c373fa08a7b996b23e055285
503,train,run2|4391c6e43c588f977e24f394
504,test,run2|fd8297ed4e9bf1912c19c03a
505,train,run2|76e964463ab4412d1bf504eb
506,train,run2|7fc5f3c32280ebf8756bf781
507,train,run2|02b43d4024aa6aff8f544c4d
508,val,run2|2518ce6a26ecc4102de59bc6
509,train,run2|f758133c50aa885042605865
510,test,run2|8a002e6bb29cfe60345eec5f
511,train,run2|45c8163d85c843e453d1cf71
512,val,run2|d529b775880721b6d8f25be7
513,test,run2|3bf9a4795f09c0e36f4de5c9
514,train,run2|3890db6d79736647867a518c
515,train,run2|478327b4808c93ffb87b7c10
516,val,run2|2082ea83d0ae651fb5283c6c
517,train,run2|fa1ec52e783b05f1495997af
518,test,run2|eeb6492a9d9d0f18488a17b3
519,train,run2|9c79af0132637572f9930fe4
520,train,run2|296c98c4a3be66c41fd5bc9a
521,train,run2|17dde8cf2afb54d99ab0ac5e
522,train,run2|f41bd4cc7e7e8f66cb5cc455
523,train,run2|ab0cfdaf6eb6c3e773bfacfa
524,train,run2|5ddf743ef23544520e244a98
525,train,run2|5d44bf5aea69f568205ce1a1
526,test,run2|d16dac38dfafc94fb4116549
527,test,run2|00aa36e49fe6181b6afd3e8c
528,train,run2|e9826cf72a65db922595ebda
529,train,run2|ccee71a3d6025b45c633524c
530,test,run2|b0c2aee832fa84239d018de5
531,test,run2|85f08222aa5e6d7dd52cb5b7
532,val,run2|616fa19d97321021af51bd04
533,train,run2|bdd287258858da63757942d0
534,test,run2|83b59ff12c3cd90b020cb4bf
535,test,run2|3eb6ab2bead24f6dbcaffb34
536,test,run2|53c5994836cb3b6c7c2b50bb
537,test,run2|1fa376de3e6b876b19e90d51
538,test,run2|d3b30309cc67bacc71abf70b
539,val,run2|5cd09b0c289144baa4be6a4d
540,test,run2|8f21edcfccb78c694d9da86e
541,train,run2|a375e7eb2c52a1c008a7a88d
542,train,run2|749e96ede19c4287ce8048bf
543,test,run2|bc02eaf538e23f6c5980271d
544,val,run2|f1ff5ab8939772119e714602
545,train,run2|d6896a3310a9e7b3d084575e
546,test,run2|fc66938eae33f094b47b285e
547,val,run2|68d8e42113d3b619daeef994
548,train,run2|b3e4669774758a43d98ef406
549,test,run2|95a32918d0bf71415898809a
550,train,run2|a21e20fc3d9a0961ae8d2f4d
551,test,run2|e7e3012465a1ec02ccac0cea
552,train,run2|c2ffcc863534ee8cd4468891
553,train,run2|700535596dbf7e80b8baed77
554,train,run2|a4c0fbe3ec84f7fc67e8d92d
555,train,run2|79a3c284bcbfbfe4ee441972
556,train,run2|5dd149d4bb023ecd9141647d
557,train,run2|7de1010e5abf280a43a8412b
558,train,run2|594ff3863ddda259fe03af8d
559,train,run2|64f8537fac850c8ed5303d3a
560,train,run2|aae4758eef69c562ba8f20e2
561,train,run2|66701efc4e80831fddff5c38
562,val,run2|fb443d0a8d107797e8b5c2e5
563,val,run2|5b22bde7922cc65aec1d8ce4
564,train,run2|187756ad1fb6d383d0f29002
565,train,run2|c373fa08a7b996b23e055285
566,train,run2|4391c6e43c588f977e24f394
567,test,run2|fd8297ed4e9bf1912c19c03a
568,train,run2|76e964463ab4412d1bf504eb
569,train,run2|7fc5f3c32280ebf8756bf781
570,train,run2|02b43d4024aa6aff8f544c4d
571,val,run2|2518ce6a26ecc4102de59bc6
572,train,run2|f758133c50aa885042605865
573,test,run2|8a002e6bb29cfe60345eec5f
574,train,run2|45c8163d85c843e453d1cf71
575,val,run2|d529b775880721b6d8f25be7
576,test,run2|3bf9a4795f09c0e36f4de5c9
577,train,run2|3890db6d79736647867a518c
578,train,run2|478327b4808c93ffb87b7c10
579,val,run2|2082ea83d0ae651fb5283c6c
580,train,run2|fa1ec52e783b05f1495997af
581,test,run2|eeb6492a9d9d0f18488a17b3
582,train,run2|9c79af0132637572f9930fe4
583,train,run2|296c98c4a3be66c41fd5bc9a
584,train,run2|5e676168da528ef97690a269
585,val,run2|e521ef6a5a57b843f70094e2
586,train,run2|7c5b81846dd0d9b06cd09abb
587,train,run2|17dde8cf2afb54d99ab0ac5e
588,train,run2|f41bd4cc7e7e8f66cb5cc455
589,train,run2|ab0cfdaf6eb6c3e773bfacfa
590,train,run2|5ddf743ef23544520e244a98
591,train,run2|5d44bf5aea69f568205ce1a1
592,test,run2|d16dac38dfafc94fb4116549
593,test,run2|00aa36e49fe6181b6afd3e8c
594,train,run2|e9826cf72a65db922595ebda
595,train,run2|ccee71a3d6025b45c633524c
596,test,run2|b0c2aee832fa84239d018de5
597,test,run2|85f08222aa5e6d7dd52cb5b7
598,val,run2|616fa19d97321021af51bd04
599,train,run2|bdd287258858da63757942d0
600,test,run2|83b59ff12c3cd90b020cb4bf
601,test,run2|3eb6ab2bead24f6dbcaffb34
602,test,run2|53c5994836cb3b6c7c2b50bb
603,test,run2|1fa376de3e6b876b19e90d51
604,test,run2|d3b30309cc67bacc71abf70b
605,val,run2|5cd09b0c289144baa4be6a4d
606,test,run2|8f21edcfccb78c694d9da86e
607,train,run2|a375e7eb2c52a1c008a7a88d
608,train,run2|749e96ede19c4287ce8048bf
609,test,run2|bc02eaf538e23f6c5980271d
610,val,run2|f1ff5ab8939772119e714602
611,train,run2|d6896a3310a9e7b3d084575e
612,test,run2|fc66938eae33f094b47b285e
613,val,run2|68d8e42113d3b619daeef994
614,train,run2|b3e4669774758a43d98ef406
615,test,run2|95a32918d0bf71415898809a
616,train,run2|a21e20fc3d9a0961ae8d2f4d
617,test,run2|e7e3012465a1ec02ccac0cea
618,train,run2|c2ffcc863534ee8cd4468891
619,train,run2|700535596dbf7e80b8baed77
620,train,run2|a4c0fbe3ec84f7fc67e8d92d
621,train,run2|79a3c284bcbfbfe4ee441972
622,train,run2|5dd149d4bb023ecd9141647d
623,train,run2|7de1010e5abf280a43a8412b
624,train,run2|594ff3863ddda259fe03af8d
625,train,run2|64f8537fac850c8ed5303d3a
626,train,run2|aae4758eef69c562ba8f20e2
627,train,run2|66701efc4e80831fddff5c38
628,val,run2|fb443d0a8d107797e8b5c2e5
629,val,run2|5b22bde7922cc65aec1d8ce4
630,train,run2|187756ad1fb6d383d0f29002
631,train,run2|c373fa08a7b996b23e055285
632,train,run2|4391c6e43c588f977e24f394
633,test,run2|fd8297ed4e9bf1912c19c03a
634,train,run2|76e964463ab4412d1bf504eb
635,train,run2|7fc5f3c32280ebf8756bf781
636,train,run2|02b43d4024aa6aff8f544c4d
637,val,run2|2518ce6a26ecc4102de59bc6
638,train,run2|f758133c50aa885042605865
639,test,run2|8a002e6bb29cfe60345eec5f
640,train,run2|45c8163d85c843e453d1cf71
641,val,run2|d529b775880721b6d8f25be7
642,test,run2|3bf9a4795f09c0e36f4de5c9
643,train,run2|3890db6d79736647867a518c
644,train,run2|478327b4808c93ffb87b7c10
645,val,run2|2082ea83d0ae651fb5283c6c
646,train,run2|fa1ec52e783b05f1495997af
647,test,run2|eeb6492a9d9d0f18488a17b3
648,train,run2|9c79af0132637572f9930fe4
649,train,run2|296c98c4a3be66c41fd5bc9a
650,train,run2|c5ea148f9922b94a6e4e7226
651,train,run2|e1b5f042284da20ac7cd8a36
652,train,run2|17dde8cf2afb54d99ab0ac5e
653,train,run2|f41bd4cc7e7e8f66cb5cc455
654,train,run2|ab0cfdaf6eb6c3e773bfacfa
655,train,run2|5ddf743ef23544520e244a98
656,train,run2|5d44bf5aea69f568205ce1a1
657,test,run2|d16dac38dfafc94fb4116549
658,test,run2|00aa36e49fe6181b6afd3e8c
659,train,run2|e9826cf72a65db922595ebda
660,train,run2|ccee71a3d6025b45c633524c
661,test,run2|b0c2aee832fa84239d018de5
662,test,run2|85f08222aa5e6d7dd52cb5b7
663,val,run2|616fa19d97321021af51bd04
664,train,run2|bdd287258858da63757942d0
665,test,run2|83b59ff12c3cd90b020cb4bf
666,test,run2|3eb6ab2bead24f6dbcaffb34
667,test,run2|53c5994836cb3b6c7c2b50bb
668,test,run2|1fa376de3e6b876b19e90d51
669,test,run2|d3b30309cc67bacc71abf70b
670,val,run2|5cd09b0c289144baa4be6a4d
671,test,run2|8f21edcfccb78c694d9da86e
672,train,run2|a375e7eb2c52a1c008a7a88d
673,train,run2|749e96ede19c4287ce8048bf
674,test,run2|bc02eaf538e23f6c5980271d
675,val,run2|f1ff5ab8939772119e714602
676,train,run2|d6896a3310a9e7b3d084575e
677,test,run2|fc66938eae33f094b47b285e
678,val,run2|68d8e42113d3b619daeef994
679,train,run2|b3e4669774758a43d98ef406
680,test,run2|95a32918d0bf71415898809a
681,train,run2|a21e20fc3d9a0961ae8d2f4d
682,test,run2|e7e3012465a1ec02ccac0cea
683,train,run2|c2ffcc863534ee8cd4468891
684,train,run2|700535596dbf7e80b8baed77
685,train,run2|a4c0fbe3ec84f7fc67e8d92d
686,train,run2|79a3c284bcbfbfe4ee441972
687,train,run2|5dd149d4bb023ecd9141647d
688,train,run2|7de1010e5abf280a43a8412b
689,train,run2|594ff3863ddda259fe03af8d
690,train,run2|64f8537fac850c8ed5303d3a
691,train,run2|aae4758eef69c562ba8f20e2
692,train,run2|66701efc4e80831fddff5c38
693,val,run2|fb443d0a8d107797e8b5c2e5
694,val,run2|5b22bde7922cc65aec1d8ce4
695,train,run2|187756ad1fb6d383d0f29002
696,train,run2|c373fa08a7b996b23e055285
697,train,run2|4391c6e43c588f977e24f394
698,test,run2|fd8297ed4e9bf1912c19c03a
699,train,run2|76e964463ab4412d1bf504eb
700,train,run2|7fc5f3c32280ebf8756bf781
701,train,run2|02b43d4024aa6aff8f544c4d
702,val,run2|2518ce6a26ecc4102de59bc6
703,train,run2|f758133c50aa885042605865
704,test,run2|8a002e6bb29cfe60345eec5f
705,train,run2|45c8163d85c843e453d1cf71
706,val,run2|d529b775880721b6d8f25be7
707,test,run2|3bf9a4795f09c0e36f4de5c9
708,train,run2|3890db6d79736647867a518c
709,train,run2|478327b4808c93ffb87b7c10
710,val,run2|2082ea83d0ae651fb5283c6c
711,train,run2|fa1ec52e783b05f1495997af
712,test,run2|eeb6492a9d9d0f18488a17b3
713,train,run2|9c79af0132637572f9930fe4
714,train,run2|296c98c4a3be66c41fd5bc9a
715,test,run2|dfc13a9159b53b3dd22d99c8
716,train,run2|227ee6f19a5a92d850e10b00
717,train,run2|cc87bb08afd2a3aef6e16d79
718,val,run3|2ee2cfc4c60c8716649c1ce5
719,val,run3|64298ae5c6634e8c8e784cc0
720,train,run3|c2d1a4e90bd4a3a04bae2e4b
721,test,run3|f884971ac2a99a2e20d6ada3
722,train,run3|c26b7492f8cfada9f49b4abd
723,train,run3|042511afe29e2b94a62f59d6
724,test,run3|5998fa6bdca0e5ceed989cd1
725,train,run3|09ae78e4d9324288c2976f59
726,train,run3|cee64edf52e42b7c2a860177
727,test,run3|894bfb6fd86837a1f6c1475b
728,test,run3|15e89162bb3ceae62f8d90d4
729,test,run3|1698bdc8af1714ae798a352a
730,val,run3|03dbbeb914e9c25ebc6d1f18
731,val,run3|8234cf351d4423b781f761c3
732,val,run3|1bb728850e3002941e63e192
733,test,run3|a34b849473df03ec6203fc5e
734,test,run3|3a94cdc6303f78a50d64e841
735,test,run3|68b90e51f6e53bd88a5f8ec2
736,train,run3|e414d1e2fefa651ebed9b33e
737,train,run3|f85cfa31f4de43c524cc47e5
738,train,run3|4f0306c9be53f2e3564b8284
739,train,run3|2592cdcfa6240a29f0e8772c
740,test,run3|e0b42826bfde80e74ef28b47
741,train,run3|35e625ac0cff02a503e8dfe7
742,train,run3|cc6d6350e72595418c838c62
743,train,run3|538de45783db43e1b4ee2624
744,val,run3|eaa5873fdbeff80eb9e8efdc
745,test,run3|4cf3815a30509a8a352b469c
746,train,run3|3baedf9704b4e41b6d91ab0e
747,train,run3|c4c1d4807fb260ab3e1afeda
748,train,run3|dab3325f125b6e3e96bbefbf
749,train,run3|facbd8a8354af63e756c5c36
750,test,run3|6c5830c6f5ba39ed5f2d4b77
751,train,run3|310f0fdb6118f1589acc908f
752,test,run3|8f025abb20f1c36e80bbeabb
753,test,run3|4a5f8df5744849e5fd0fde5c
754,test,run3|a553755ad8ccbce4d806d483
755,train,run3|4d7281b879b397c0cac1cdd2
756,train,run3|b608b9950eab20860a26f7f6
757,test,run3|b69f7009f377de4cb4de39f9
758,train,run3|a8615d071e3dc4c6af123bae
759,val,run3|f9f9e2bc4402be04732005c3
760,train,run3|d7242b47ac14307fd420f734
761,train,run3|bcc0b9f1cacc9f12ba044e73
762,test,run3|5fe65a24ff1882dbd88132f9
763,val,run3|16c15bf0ebdf5ea6d3b9d64d
764,train,run3|dbcc7ec65dcc9149fe56953a
765,val,run3|5bcd14c29c4dd55c08e36955
766,train,run3|77868eed45dd5fe98ee0aed6
767,test,run3|7d98eb8d8bfc441d469b0391
768,train,run3|c84dcce2b2fe098960c2f440
769,train,run3|3baab3c320448423fb9a3222
770,train,run3|3fc2ae463ee6edc405e95845
771,train,run3|ef249a95cf2d38477d88c35f
772,test,run3|54b686253d507c6a7ddfbeb3
773,val,run3|ae761fbc839a6c6088fb58fe
774,val,run3|53d6878373891e7bbffe2f91
775,train,run3|510bf4ead61965d4f9cbfc51
776,val,run3|b1790a2214f3267b111fee87
777,val,run3|aea0b0389a9f44d3085f1712
778,test,run3|75269c672e4d9cdcff3db09c
779,train,run3|1b9545bf943ea230f3bdf27e
780,val,run3|92fb751f091e39e6347fdefd
781,val,run3|a151052dee421251b93de83c
782,train,run3|496447a914bf29875976aefc
783,train,run3|15bd69647445c194a697b87c
784,test,run3|b6e585eed3d051a4c0c5941a
785,test,run3|e5e035df40cb2eb47d899751
786,train,run3|08d3857059c4f389eff87c13
787,test,run3|e643b0dee39d9985ab9ca510
788,test,run3|9a2578314218e21c6e3e31d3
789,train,run3|ee3b18d1c427fd9a664573e3
790,train,run3|668bbfb3fa07c85db11efbd3
791,test,run3|b41b5abfa049df4e33b41d8f
792,train,run3|6e13af9989ebaf9d39a79dc2
793,train,run3|63b4991f6e739c97c681bd45
794,train,run3|7083feb24cc7cfec6dc8ce13
795,train,run3|f9410cb355ca9665bcb12a9c
796,train,run3|828042dd845d1106fb75d77b
797,val,run3|2ee2cfc4c60c8716649c1ce5
798,val,run3|64298ae5c6634e8c8e784cc0
799,train,run3|c2d1a4e90bd4a3a04bae2e4b
800,test,run3|f884971ac2a99a2e20d6ada3
801,train,run3|c26b7492f8cfada9f49b4abd
802,train,run3|042511afe29e2b94a62f59d6
803,test,run3|5998fa6bdca0e5ceed989cd1
804,train,run3|09ae78e4d9324288c2976f59
805,train,run3|cee64edf52e42b7c2a860177
806,test,run3|894bfb6fd86837a1f6c1475b
807,test,run3|15e89162bb3ceae62f8d90d4
808,test,run3|1698bdc8af1714ae798a352a
809,val,run3|03dbbeb914e9c25ebc6d1f18
810,val,run3|8234cf351d4423b781f761c3
811,val,run3|1bb728850e3002941e63e192
812,test,run3|a34b849473df03ec6203fc5e
813,test,run3|3a94cdc6303f78a50d64e841
814,test,run3|68b90e51f6e53bd88a5f8ec2
815,train,run3|e414d1e2fefa651ebed9b33e
816,train,run3|f85cfa31f4de43c524cc47e5
817,train,run3|4f0306c9be53f2e3564b8284
818,train,run3|2592cdcfa6240a29f0e8772c
819,test,run3|e0b42826bfde80e74ef28b47
820,train,run3|35e625ac0cff02a503e8dfe7
821,train,run3|cc6d6350e72595418c838c62
822,train,run3|538de45783db43e1b4ee2624
823,val,run3|eaa5873fdbeff80eb9e8efdc
824,test,run3|4cf3815a30509a8a352b469c
825,train,run3|3baedf9704b4e41b6d91ab0e
826,train,run3|c4c1d4807fb260ab3e1afeda
827,train,run3|dab3325f125b6e3e96bbefbf
828,train,run3|facbd8a8354af63e756c5c36
829,test,run3|6c5830c6f5ba39ed5f2d4b77
830,train,run3|310f0fdb6118f1589acc908f
831,test,run3|8f025abb20f1c36e80bbeabb
832,test,run3|4a5f8df5744849e5fd0fde5c
833,test,run3|a553755ad8ccbce4d806d483
834,train,run3|4d7281b879b397c0cac1cdd2
835,train,run3|b608b9950eab20860a26f7f6
836,test,run3|b69f7009f377de4cb4de39f9
837,train,run3|a8615d071e3dc4c6af123bae
838,val,run3|f9f9e2bc4402be04732005c3
839,train,run3|d7242b47ac14307fd420f734
840,train,run3|bcc0b9f1cacc9f12ba044e73
841,test,run3|5fe65a24ff1882dbd88132f9
842,val,run3|16c15bf0ebdf5ea6d3b9d64d
843,train,run3|dbcc7ec65dcc9149fe56953a
844,val,run3|5bcd14c29c4dd55c08e36955
845,train,run3|77868eed45dd5fe98ee0aed6
846,test,run3|7d98eb8d8bfc441d469b0391
847,train,run3|c84dcce2b2fe098960c2f440
848,train,run3|3baab3c320448423fb9a3222
849,train,run3|3fc2ae463ee6edc405e95845
850,train,run3|ef249a95cf2d38477d88c35f
851,test,run3|54b686253d507c6a7ddfbeb3
852,val,run3|ae761fbc839a6c6088fb58fe
853,val,run3|53d6878373891e7bbffe2f91
854,train,run3|510bf4ead61965d4f9cbfc51
855,val,run3|b1790a2214f3267b111fee87
856,val,run3|aea0b0389a9f44d3085f1712
857,test,run3|75269c672e4d9cdcff3db09c
858,train,run3|1b9545bf943ea230f3bdf27e
859,val,run3|92fb751f091e39e6347fdefd
860,val,run3|2ee2cfc4c60c8716649c1ce5
861,val,run3|64298ae5c6634e8c8e784cc0
862,train,run3|c2d1a4e90bd4a3a04bae2e4b
863,test,run3|f884971ac2a99a2e20d6ada3
864,train,run3|c26b7492f8cfada9f49b4abd
865,train,run3|042511afe29e2b94a62f59d6
866,test,run3|5998fa6bdca0e5ceed989cd1
867,train,run3|09ae78e4d9324288c2976f59
868,train,run3|cee64edf52e42b7c2a860177
869,test,run3|894bfb6fd86837a1f6c1475b
870,test,run3|15e89162bb3ceae62f8d90d4
871,test,run3|1698bdc8af1714ae798a352a
872,val,run3|03dbbeb914e9c25ebc6d1f18
873,val,run3|8234cf351d4423b781f761c3
874,val,run3|1bb728850e3002941e63e192
875,test,run3|a34b849473df03ec6203fc5e
876,test,run3|3a94cdc6303f78a50d64e841
877,test,run3|68b90e51f6e53bd88a5f8ec2
878,train,run3|e414d1e2fefa651ebed9b33e
879,train,run3|f85cfa31f4de43c524cc47e5
880,train,run3|4f0306c9be53f2e3564b8284
881,train,run3|2592cdcfa6240a29f0e8772c
882,test,run3|e0b42826bfde80e74ef28b47
883,train,run3|35e625ac0cff02a503e8dfe7
884,train,run3|cc6d6350e72595418c838c62
885,train,run3|538de45783db43e1b4ee2624
886,val,run3|eaa5873fdbeff80eb9e8efdc
887,test,run3|4cf3815a30509a8a352b469c
888,train,run3|3baedf9704b4e41b6d91ab0e
889,train,run3|c4c1d4807fb260ab3e1afeda
890,train,run3|dab3325f125b6e3e96bbefbf
891,train,run3|facbd8a8354af63e756c5c36
892,test,run3|6c5830c6f5ba39ed5f2d4b77
893,train,run3|310f0fdb6118f1589acc908f
894,test,run3|8f025abb20f1c36e80bbeabb
895,test,run3|4a5f8df5744849e5fd0fde5c
896,test,run3|a553755ad8ccbce4d806d483
897,train,run3|4d7281b879b397c0cac1cdd2
898,train,run3|b608b9950eab20860a26f7f6
899,test,run3|b69f7009f377de4cb4de39f9
900,train,run3|a8615d071e3dc4c6af123bae
901,val,run3|f9f9e2bc4402be04732005c3
902,train,run3|d7242b47ac14307fd420f734
903,train,run3|bcc0b9f1cacc9f12ba044e73
904,test,run3|5fe65a24ff1882dbd88132f9
905,val,run3|16c15bf0ebdf5ea6d3b9d64d
906,train,run3|dbcc7ec65dcc9149fe56953a
907,val,run3|5bcd14c29c4dd55c08e36955
908,train,run3|77868eed45dd5fe98ee0aed6
909,test,run3|7d98eb8d8bfc441d469b0391
910,train,run3|c84dcce2b2fe098960c2f440
911,train,run3|3baab3c320448423fb9a3222
912,train,run3|3fc2ae463ee6edc405e95845
913,train,run3|ef249a95cf2d38477d88c35f
914,test,run3|54b686253d507c6a7ddfbeb3
915,val,run3|ae761fbc839a6c6088fb58fe
916,val,run3|53d6878373891e7bbffe2f91
917,train,run3|510bf4ead61965d4f9cbfc51
918,val,run3|b1790a2214f3267b111fee87
919,val,run3|aea0b0389a9f44d3085f1712
920,test,run3|75269c672e4d9cdcff3db09c
921,train,run3|1b9545bf943ea230f3bdf27e
922,val,run3|92fb751f091e39e6347fdefd
923,val,run3|2ee2cfc4c60c8716649c1ce5
924,val,run3|64298ae5c6634e8c8e784cc0
925,train,run3|c2d1a4e90bd4a3a04bae2e4b
926,test,run3|f884971ac2a99a2e20d6ada3
927,train,run3|c26b7492f8cfada9f49b4abd
928,train,run3|042511afe29e2b94a62f59d6
929,test,run3|5998fa6bdca0e5ceed989cd1
930,train,run3|09ae78e4d9324288c2976f59
931,train,run3|cee64edf52e42b7c2a860177
932,test,run3|894bfb6fd86837a1f6c1475b
933,test,run3|15e89162bb3ceae62f8d90d4
934,test,run3|1698bdc8af1714ae798a352a
935,val,run3|03dbbeb914e9c25ebc6d1f18
936,val,run3|8234cf351d4423b781f761c3
937,val,run3|1bb728850e3002941e63e192
938,test,run3|a34b849473df03ec6203fc5e
939,test,run3|3a94cdc6303f78a50d64e841
940,test,run3|68b90e51f6e53bd88a5f8ec2
941,train,run3|e414d1e2fefa651ebed9b33e
942,train,run3|f85cfa31f4de43c524cc47e5
943,train,run3|4f0306c9be53f2e3564b8284
944,train,run3|2592cdcfa6240a29f0e8772c
945,test,run3|e0b42826bfde80e74ef28b47
946,train,run3|35e625ac0cff02a503e8dfe7
947,train,run3|cc6d6350e72595418c838c62
948,train,run3|538de45783db43e1b4ee2624
949,val,run3|eaa5873fdbeff80eb9e8efdc
950,test,run3|4cf3815a30509a8a352b469c
951,train,run3|3baedf9704b4e41b6d91ab0e
952,train,run3|c4c1d4807fb260ab3e1afeda
953,train,run3|dab3325f125b6e3e96bbefbf
954,train,run3|facbd8a8354af63e756c5c36
955,test,run3|6c5830c6f5ba39ed5f2d4b77
956,train,run3|310f0fdb6118f1589acc908f
957,test,run3|8f025abb20f1c36e80bbeabb
958,test,run3|4a5f8df5744849e5fd0fde5c
959,test,run3|a553755ad8ccbce4d806d483
960,train,run3|4d7281b879b397c0cac1cdd2
961,train,run3|b608b9950eab20860a26f7f6
962,test,run3|b69f7009f377de4cb4de39f9
963,train,run3|a8615d071e3dc4c6af123bae
964,val,run3|f9f9e2bc4402be04732005c3
965,train,run3|d7242b47ac14307fd420f734
966,train,run3|bcc0b9f1cacc9f12ba044e73
967,test,run3|5fe65a24ff1882dbd88132f9
968,val,run3|16c15bf0ebdf5ea6d3b9d64d
969,train,run3|dbcc7ec65dcc9149fe56953a
970,val,run3|5bcd14c29c4dd55c08e36955
971,train,run3|77868eed45dd5fe98ee0aed6
972,test,run3|7d98eb8d8bfc441d469b0391
973,train,run3|c84dcce2b2fe098960c2f440
974,train,run3|3baab3c320448423fb9a3222
975,train,run3|3fc2ae463ee6edc405e95845
976,train,run3|ef249a95cf2d38477d88c35f
977,test,run3|54b686253d507c6a7ddfbeb3
978,val,run3|ae761fbc839a6c6088fb58fe
979,val,run3|53d6878373891e7bbffe2f91
980,train,run3|510bf4ead61965d4f9cbfc51
981,val,run3|b1790a2214f3267b111fee87
982,val,run3|aea0b0389a9f44d3085f1712
983,test,run3|75269c672e4d9cdcff3db09c
984,train,run3|1b9545bf943ea230f3bdf27e
985,val,run3|92fb751f091e39e6347fdefd
986,val,run3|2ee2cfc4c60c8716649c1ce5
987,val,run3|64298ae5c6634e8c8e784cc0
988,train,run3|c2d1a4e90bd4a3a04bae2e4b
989,test,run3|f884971ac2a99a2e20d6ada3
990,train,run3|c26b7492f8cfada9f49b4abd
991,train,run3|042511afe29e2b94a62f59d6
992,test,run3|5998fa6bdca0e5ceed989cd1
993,train,run3|09ae78e4d9324288c2976f59
994,train,run3|cee64edf52e42b7c2a860177
995,test,run3|894bfb6fd86837a1f6c1475b
996,test,run3|15e89162bb3ceae62f8d90d4
997,test,run3|1698bdc8af1714ae798a352a
998,val,run3|03dbbeb914e9c25ebc6d1f18
999,val,run3|8234cf351d4423b781f761c3
1000,val,run3|1bb728850e3002941e63e192
1001,test,run3|a34b849473df03ec6203fc5e
1002,test,run3|3a94cdc6303f78a50d64e841
1003,test,run3|68b90e51f6e53bd88a5f8ec2
1004,train,run3|e414d1e2fefa651ebed9b33e
1005,train,run3|f85cfa31f4de43c524cc47e5
1006,train,run3|4f0306c9be53f2e3564b8284
1007,train,run3|2592cdcfa6240a29f0e8772c
1008,test,run3|e0b42826bfde80e74ef28b47
1009,train,run3|35e625ac0cff02a503e8dfe7
1010,train,run3|cc6d6350e72595418c838c62
1011,train,run3|538de45783db43e1b4ee2624
1012,val,run3|eaa5873fdbeff80eb9e8efdc
1013,test,run3|4cf3815a30509a8a352b469c
1014,train,run3|3baedf9704b4e41b6d91ab0e
1015,train,run3|c4c1d4807fb260ab3e1afeda
1016,train,run3|dab3325f125b6e3e96bbefbf
1017,train,run3|facbd8a8354af63e756c5c36
1018,test,run3|6c5830c6f5ba39ed5f2d4b77
1019,train,run3|310f0fdb6118f1589acc908f
1020,test,run3|8f025abb20f1c36e80bbeabb
1021,test,run3|4a5f8df5744849e5fd0fde5c
1022,test,run3|a553755ad8ccbce4d806d483
1023,train,run3|4d7281b879b397c0cac1cdd2
1024,train,run3|b608b9950eab20860a26f7f6
1025,test,run3|b69f7009f377de4cb4de39f9
1026,train,run3|a8615d071e3dc4c6af123bae
1027,val,run3|f9f9e2bc4402be04732005c3
1028,train,run3|d7242b47ac14307fd420f734
1029,train,run3|bcc0b9f1cacc9f12ba044e73
1030,test,run3|5fe65a24ff1882dbd88132f9
1031,val,run3|16c15bf0ebdf5ea6d3b9d64d
1032,train,run3|dbcc7ec65dcc9149fe56953a
1033,val,run3|5bcd14c29c4dd55c08e36955
1034,train,run3|77868eed45dd5fe98ee0aed6
1035,test,run3|7d98eb8d8bfc441d469b0391
1036,train,run3|c84dcce2b2fe098960c2f440
1037,train,run3|3baab3c320448423fb9a3222
1038,train,run3|3fc2ae463ee6edc405e95845
1039,train,run3|ef249a95cf2d38477d88c35f
1040,test,run3|54b686253d507c6a7ddfbeb3
1041,val,run3|ae761fbc839a6c6088fb58fe
1042,val,run3|53d6878373891e7bbffe2f91
1043,train,run3|510bf4ead61965d4f9cbfc51
1044,val,run3|b1790a2214f3267b111fee87
1045,val,run3|aea0b0389a9f44d3085f1712
1046,test,run3|75269c672e4d9cdcff3db09c
1047,train,run3|1b9545bf943ea230f3bdf27e
1048,val,run3|92fb751f091e39e6347fdefd
1049,val,run3|2ee2cfc4c60c8716649c1ce5
1050,val,run3|64298ae5c6634e8c8e784cc0
1051,train,run3|c2d1a4e90bd4a3a04bae2e4b
1052,test,run3|f884971ac2a99a2e20d6ada3
1053,train,run3|c26b7492f8cfada9f49b4abd
1054,train,run3|042511afe29e2b94a62f59d6
1055,test,run3|5998fa6bdca0e5ceed989cd1
1056,train,run3|09ae78e4d9324288c2976f59
1057,train,run3|cee64edf52e42b7c2a860177
1058,test,run3|894bfb6fd86837a1f6c1475b
1059,test,run3|15e89162bb3ceae62f8d90d4
1060,test,run3|1698bdc8af1714ae798a352a
1061,val,run3|03dbbeb914e9c25ebc6d1f18
1062,val,run3|8234cf351d4423b781f761c3
1063,val,run3|1bb728850e3002941e63e192
1064,test,run3|a34b849473df03ec6203fc5e
1065,test,run3|3a94cdc6303f78a50d64e841
1066,test,run3|68b90e51f6e53bd88a5f8ec2
1067,train,run3|e414d1e2fefa651ebed9b33e
1068,train,run3|f85cfa31f4de43c524cc47e5
1069,train,run3|4f0306c9be53f2e3564b8284
1070,train,run3|2592cdcfa6240a29f0e8772c
1071,test,run3|e0b42826bfde80e74ef28b47
1072,train,run3|35e625ac0cff02a503e8dfe7
1073,train,run3|cc6d6350e72595418c838c62
1074,train,run3|538de45783db43e1b4ee2624
1075,val,run3|eaa5873fdbeff80eb9e8efdc
1076,test,run3|4cf3815a30509a8a352b469c
1077,train,run3|3baedf9704b4e41b6d91ab0e
1078,train,run3|c4c1d4807fb260ab3e1afeda
1079,train,run3|dab3325f125b6e3e96bbefbf
1080,train,run3|facbd8a8354af63e756c5c36
1081,test,run3|6c5830c6f5ba39ed5f2d4b77
1082,train,run3|310f0fdb6118f1589acc908f
1083,test,run3|8f025abb20f1c36e80bbeabb
1084,test,run3|4a5f8df5744849e5fd0fde5c
1085,test,run3|a553755ad8ccbce4d806d483
1086,train,run3|4d7281b879b397c0cac1cdd2
1087,train,run3|b608b9950eab20860a26f7f6
1088,test,run3|b69f7009f377de4cb4de39f9
1089,train,run3|a8615d071e3dc4c6af123bae
1090,val,run3|f9f9e2bc4402be04732005c3
1091,train,run3|d7242b47ac14307fd420f734
1092,train,run3|bcc0b9f1cacc9f12ba044e73
1093,test,run3|5fe65a24ff1882dbd88132f9
1094,val,run3|16c15bf0ebdf5ea6d3b9d64d
1095,train,run3|dbcc7ec65dcc9149fe56953a
1096,val,run3|5bcd14c29c4dd55c08e36955
1097,train,run3|77868eed45dd5fe98ee0aed6
1098,test,run3|7d98eb8d8bfc441d469b0391
1099,train,run3|c84dcce2b2fe098960c2f440
1100,train,run3|3baab3c320448423fb9a3222
1101,train,run3|3fc2ae463ee6edc405e95845
1102,train,run3|ef249a95cf2d38477d88c35f
1103,test,run3|54b686253d507c6a7ddfbeb3
1104,val,run3|ae761fbc839a6c6088fb58fe
1105,val,run3|53d6878373891e7bbffe2f91
1106,train,run3|510bf4ead61965d4f9cbfc51
1107,val,run3|b1790a2214f3267b111fee87
1108,val,run3|aea0b0389a9f44d3085f1712
1109,test,run3|75269c672e4d9cdcff3db09c
1110,train,run3|1b9545bf943ea230f3bdf27e
1111,val,run3|92fb751f091e39e6347fdefd
1112,val,run3|2ee2cfc4c60c8716649c1ce5
1113,val,run3|64298ae5c6634e8c8e784cc0
1114,train,run3|c2d1a4e90bd4a3a04bae2e4b
1115,test,run3|f884971ac2a99a2e20d6ada3
1116,train,run3|c26b7492f8cfada9f49b4abd
1117,train,run3|042511afe29e2b94a62f59d6
1118,test,run3|5998fa6bdca0e5ceed989cd1
1119,train,run3|09ae78e4d9324288c2976f59
1120,train,run3|cee64edf52e42b7c2a860177
1121,test,run3|894bfb6fd86837a1f6c1475b
1122,test,run3|15e89162bb3ceae62f8d90d4
1123,test,run3|1698bdc8af1714ae798a352a
1124,val,run3|03dbbeb914e9c25ebc6d1f18
1125,val,run3|8234cf351d4423b781f761c3
1126,val,run3|1bb728850e3002941e63e192
1127,test,run3|a34b849473df03ec6203fc5e
1128,test,run3|3a94cdc6303f78a50d64e841
1129,test,run3|68b90e51f6e53bd88a5f8ec2
1130,train,run3|e414d1e2fefa651ebed9b33e
1131,train,run3|f85cfa31f4de43c524cc47e5
1132,train,run3|4f0306c9be53f2e3564b8284
1133,train,run3|2592cdcfa6240a29f0e8772c
1134,test,run3|e0b42826bfde80e74ef28b47
1135,train,run3|35e625ac0cff02a503e8dfe7
1136,train,run3|cc6d6350e72595418c838c62
1137,train,run3|538de45783db43e1b4ee2624
1138,val,run3|eaa5873fdbeff80eb9e8efdc
1139,test,run3|4cf3815a30509a8a352b469c
1140,train,run3|3baedf9704b4e41b6d91ab0e
1141,train,run3|c4c1d4807fb260ab3e1afeda
1142,train,run3|dab3325f125b6e3e96bbefbf
1143,train,run3|facbd8a8354af63e756c5c36
1144,test,run3|6c5830c6f5ba39ed5f2d4b77
1145,train,run3|310f0fdb6118f1589acc908f
1146,test,run3|8f025abb20f1c36e80bbeabb
1147,test,run3|4a5f8df5744849e5fd0fde5c
1148,test,run3|a553755ad8ccbce4d806d483
1149,train,run3|4d7281b879b397c0cac1cdd2
1150,train,run3|b608b9950eab20860a26f7f6
1151,test,run3|b69f7009f377de4cb4de39f9
1152,train,run3|a8615d071e3dc4c6af123bae
1153,val,run3|f9f9e2bc4402be04732005c3
1154,train,run3|d7242b47ac14307fd420f734
1155,train,run3|bcc0b9f1cacc9f12ba044e73
1156,test,run3|5fe65a24ff1882dbd88132f9
1157,val,run3|16c15bf0ebdf5ea6d3b9d64d
1158,train,run3|dbcc7ec65dcc9149fe56953a
1159,val,run3|5bcd14c29c4dd55c08e36955
1160,train,run3|77868eed45dd5fe98ee0aed6
1161,test,run3|7d98eb8d8bfc441d469b0391
1162,train,run3|c84dcce2b2fe098960c2f440
1163,train,run3|3baab3c320448423fb9a3222
1164,train,run3|3fc2ae463ee6edc405e95845
1165,train,run3|ef249a95cf2d38477d88c35f
1166,test,run3|54b686253d507c6a7ddfbeb3
1167,val,run3|ae761fbc839a6c6088fb58fe
1168,val,run3|53d6878373891e7bbffe2f91
1169,train,run3|510bf4ead61965d4f9cbfc51
1170,val,run3|b1790a2214f3267b111fee87
1171,val,run3|aea0b0389a9f44d3085f1712
1172,test,run3|75269c672e4d9cdcff3db09c
1173,train,run3|1b9545bf943ea230f3bdf27e
1174,val,run3|92fb751f091e39e6347fdefd
1175,val,run3|2ee2cfc4c60c8716649c1ce5
1176,val,run3|64298ae5c6634e8c8e784cc0
1177,train,run3|c2d1a4e90bd4a3a04bae2e4b
1178,test,run3|f884971ac2a99a2e20d6ada3
1179,train,run3|c26b7492f8cfada9f49b4abd
1180,train,run3|042511afe29e2b94a62f59d6
1181,test,run3|5998fa6bdca0e5ceed989cd1
1182,train,run3|09ae78e4d9324288c2976f59
1183,train,run3|cee64edf52e42b7c2a860177
1184,test,run3|894bfb6fd86837a1f6c1475b
1185,test,run3|15e89162bb3ceae62f8d90d4
1186,test,run3|1698bdc8af1714ae798a352a
1187,val,run3|03dbbeb914e9c25ebc6d1f18
1188,val,run3|8234cf351d4423b781f761c3
1189,val,run3|1bb728850e3002941e63e192
1190,test,run3|a34b849473df03ec6203fc5e
1191,test,run3|3a94cdc6303f78a50d64e841
1192,test,run3|68b90e51f6e53bd88a5f8ec2
1193,train,run3|e414d1e2fefa651ebed9b33e
1194,train,run3|f85cfa31f4de43c524cc47e5
1195,train,run3|4f0306c9be53f2e3564b8284
1196,train,run3|2592cdcfa6240a29f0e8772c
1197,test,run3|e0b42826bfde80e74ef28b47
1198,train,run3|35e625ac0cff02a503e8dfe7
1199,train,run3|cc6d6350e72595418c838c62
1200,train,run3|538de45783db43e1b4ee2624
1201,val,run3|eaa5873fdbeff80eb9e8efdc
1202,test,run3|4cf3815a30509a8a352b469c
1203,train,run3|3baedf9704b4e41b6d91ab0e
1204,train,run3|c4c1d4807fb260ab3e1afeda
1205,train,run3|dab3325f125b6e3e96bbefbf
1206,train,run3|facbd8a8354af63e756c5c36
1207,test,run3|6c5830c6f5ba39ed5f2d4b77
1208,train,run3|310f0fdb6118f1589acc908f
1209,test,run3|8f025abb20f1c36e80bbeabb
1210,test,run3|4a5f8df5744849e5fd0fde5c
1211,test,run3|a553755ad8ccbce4d806d483
1212,train,run3|4d7281b879b397c0cac1cdd2
1213,train,run3|b608b9950eab20860a26f7f6
1214,test,run3|b69f7009f377de4cb4de39f9
1215,train,run3|a8615d071e3dc4c6af123bae
1216,val,run3|f9f9e2bc4402be04732005c3
1217,train,run3|d7242b47ac14307fd420f734
1218,train,run3|bcc0b9f1cacc9f12ba044e73
1219,test,run3|5fe65a24ff1882dbd88132f9
1220,val,run3|16c15bf0ebdf5ea6d3b9d64d
1221,train,run3|dbcc7ec65dcc9149fe56953a
1222,val,run3|5bcd14c29c4dd55c08e36955
1223,train,run3|77868eed45dd5fe98ee0aed6
1224,test,run3|7d98eb8d8bfc441d469b0391
1225,train,run3|c84dcce2b2fe098960c2f440
1226,train,run3|3baab3c320448423fb9a3222
1227,train,run3|3fc2ae463ee6edc405e95845
1228,train,run3|ef249a95cf2d38477d88c35f
1229,test,run3|54b686253d507c6a7ddfbeb3
1230,val,run3|ae761fbc839a6c6088fb58fe
1231,val,run3|53d6878373891e7bbffe2f91
1232,train,run3|510bf4ead61965d4f9cbfc51
1233,val,run3|b1790a2214f3267b111fee87
1234,val,run3|aea0b0389a9f44d3085f1712
1235,test,run3|75269c672e4d9cdcff3db09c
1236,train,run3|1b9545bf943ea230f3bdf27e
1237,val,run3|92fb751f091e39e6347fdefd
1238,val,run3|2ee2cfc4c60c8716649c1ce5
1239,val,run3|64298ae5c6634e8c8e784cc0
1240,train,run3|c2d1a4e90bd4a3a04bae2e4b
1241,test,run3|f884971ac2a99a2e20d6ada3
1242,train,run3|c26b7492f8cfada9f49b4abd
1243,train,run3|042511afe29e2b94a62f59d6
1244,test,run3|5998fa6bdca0e5ceed989cd1
1245,train,run3|09ae78e4d9324288c2976f59
1246,train,run3|cee64edf52e42b7c2a860177
1247,test,run3|894bfb6fd86837a1f6c1475b
1248,test,run3|15e89162bb3ceae62f8d90d4
1249,test,run3|1698bdc8af1714ae798a352a
1250,val,run3|03dbbeb914e9c25ebc6d1f18
1251,val,run3|8234cf351d4423b781f761c3
1252,val,run3|1bb728850e3002941e63e192
1253,test,run3|a34b849473df03ec6203fc5e
1254,test,run3|3a94cdc6303f78a50d64e841
1255,test,run3|68b90e51f6e53bd88a5f8ec2
1256,train,run3|e414d1e2fefa651ebed9b33e
1257,train,run3|f85cfa31f4de43c524cc47e5
1258,train,run3|4f0306c9be53f2e3564b8284
1259,train,run3|2592cdcfa6240a29f0e8772c
1260,test,run3|e0b42826bfde80e74ef28b47
1261,train,run3|35e625ac0cff02a503e8dfe7
1262,train,run3|cc6d6350e72595418c838c62
1263,train,run3|538de45783db43e1b4ee2624
1264,val,run3|eaa5873fdbeff80eb9e8efdc
1265,test,run3|4cf3815a30509a8a352b469c
1266,train,run3|3baedf9704b4e41b6d91ab0e
1267,train,run3|c4c1d4807fb260ab3e1afeda
1268,train,run3|dab3325f125b6e3e96bbefbf
1269,train,run3|facbd8a8354af63e756c5c36
1270,test,run3|6c5830c6f5ba39ed5f2d4b77
1271,train,run3|310f0fdb6118f1589acc908f
1272,test,run3|8f025abb20f1c36e80bbeabb
1273,test,run3|4a5f8df5744849e5fd0fde5c
1274,test,run3|a553755ad8ccbce4d806d483
1275,train,run3|4d7281b879b397c0cac1cdd2
1276,train,run3|b608b9950eab20860a26f7f6
1277,test,run3|b69f7009f377de4cb4de39f9
1278,train,run3|a8615d071e3dc4c6af123bae
1279,val,run3|f9f9e2bc4402be04732005c3
1280,train,run3|d7242b47ac14307fd420f734
1281,train,run3|bcc0b9f1cacc9f12ba044e73
1282,test,run3|5fe65a24ff1882dbd88132f9
1283,val,run3|16c15bf0ebdf5ea6d3b9d64d
1284,train,run3|dbcc7ec65dcc9149fe56953a
1285,val,run3|5bcd14c29c4dd55c08e36955
1286,train,run3|77868eed45dd5fe98ee0aed6
1287,test,run3|7d98eb8d8bfc441d469b0391
1288,train,run3|c84dcce2b2fe098960c2f440
1289,train,run3|3baab3c320448423fb9a3222
1290,train,run3|3fc2ae463ee6edc405e95845
1291,train,run3|ef249a95cf2d38477d88c35f
1292,test,run3|54b686253d507c6a7ddfbeb3
1293,val,run3|ae761fbc839a6c6088fb58fe
1294,val,run3|53d6878373891e7bbffe2f91
1295,train,run3|510bf4ead61965d4f9cbfc51
1296,val,run3|b1790a2214f3267b111fee87
1297,val,run3|aea0b0389a9f44d3085f1712
1298,test,run3|75269c672e4d9cdcff3db09c
1299,train,run3|1b9545bf943ea230f3bdf27e
1300,val,run3|92fb751f091e39e6347fdefd
1301,train,run3|63b4991f6e739c97c681bd45
1302,train,run3|f9410cb355ca9665bcb12a9c
1303,val,run3|2ee2cfc4c60c8716649c1ce5
1304,val,run3|64298ae5c6634e8c8e784cc0
1305,train,run3|c2d1a4e90bd4a3a04bae2e4b
1306,test,run3|f884971ac2a99a2e20d6ada3
1307,train,run3|c26b7492f8cfada9f49b4abd
1308,train,run3|042511afe29e2b94a62f59d6
1309,test,run3|5998fa6bdca0e5ceed989cd1
1310,train,run3|09ae78e4d9324288c2976f59
1311,train,run3|cee64edf52e42b7c2a860177
1312,test,run3|894bfb6fd86837a1f6c1475b
1313,test,run3|15e89162bb3ceae62f8d90d4
1314,test,run3|1698bdc8af1714ae798a352a
1315,val,run3|03dbbeb914e9c25ebc6d1f18
1316,val,run3|8234cf351d4423b781f761c3
1317,val,run3|1bb728850e3002941e63e192
1318,test,run3|a34b849473df03ec6203fc5e
1319,test,run3|3a94cdc6303f78a50d64e841
1320,test,run3|68b90e51f6e53bd88a5f8ec2
1321,train,run3|e414d1e2fefa651ebed9b33e
1322,train,run3|f85cfa31f4de43c524cc47e5
1323,train,run3|4f0306c9be53f2e3564b8284
1324,train,run3|2592cdcfa6240a29f0e8772c
1325,test,run3|e0b42826bfde80e74ef28b47
1326,train,run3|35e625ac0cff02a503e8dfe7
1327,train,run3|cc6d6350e72595418c838c62
1328,train,run3|538de45783db43e1b4ee2624
1329,val,run3|eaa5873fdbeff80eb9e8efdc
1330,test,run3|4cf3815a30509a8a352b469c
1331,train,run3|3baedf9704b4e41b6d91ab0e
1332,train,run3|c4c1d4807fb260ab3e1afeda
1333,train,run3|dab3325f125b6e3e96bbefbf
1334,train,run3|facbd8a8354af63e756c5c36
1335,test,run3|6c5830c6f5ba39ed5f2d4b77
1336,train,run3|310f0fdb6118f1589acc908f
1337,test,run3|8f025abb20f1c36e80bbeabb
1338,test,run3|4a5f8df5744849e5fd0fde5c
1339,test,run3|a553755ad8ccbce4d806d483
1340,train,run3|4d7281b879b397c0cac1cdd2
1341,train,run3|b608b9950eab20860a26f7f6
1342,test,run3|b69f7009f377de4cb4de39f9
1343,train,run3|a8615d071e3dc4c6af123bae
1344,val,run3|f9f9e2bc4402be04732005c3
1345,train,run3|d7242b47ac14307fd420f734
1346,train,run3|bcc0b9f1cacc9f12ba044e73
1347,test,run3|5fe65a24ff1882dbd88132f9
1348,val,run3|16c15bf0ebdf5ea6d3b9d64d
1349,train,run3|dbcc7ec65dcc9149fe56953a
1350,val,run3|5bcd14c29c4dd55c08e36955
1351,train,run3|77868eed45dd5fe98ee0aed6
1352,test,run3|7d98eb8d8bfc441d469b0391
1353,train,run3|c84dcce2b2fe098960c2f440
1354,train,run3|3baab3c320448423fb9a3222
1355,train,run3|3fc2ae463ee6edc405e95845
1356,train,run3|ef249a95cf2d38477d88c35f
1357,test,run3|54b686253d507c6a7ddfbeb3
1358,val,run3|ae761fbc839a6c6088fb58fe
1359,val,run3|53d6878373891e7bbffe2f91
1360,train,run3|510bf4ead61965d4f9cbfc51
1361,val,run3|b1790a2214f3267b111fee87
1362,val,run3|aea0b0389a9f44d3085f1712
1363,test,run3|75269c672e4d9cdcff3db09c
1364,train,run3|1b9545bf943ea230f3bdf27e
1365,val,run3|92fb751f091e39e6347fdefd
1366,train,run3|ee3b18d1c427fd9a664573e3
1367,train,run3|6e13af9989ebaf9d39a79dc2
1368,train,run3|828042dd845d1106fb75d77b
1369,val,run3|2ee2cfc4c60c8716649c1ce5
1370,val,run3|64298ae5c6634e8c8e784cc0
1371,train,run3|c2d1a4e90bd4a3a04bae2e4b
1372,test,run3|f884971ac2a99a2e20d6ada3
1373,train,run3|c26b7492f8cfada9f49b4abd
1374,train,run3|042511afe29e2b94a62f59d6
1375,test,run3|5998fa6bdca0e5ceed989cd1
1376,train,run3|09ae78e4d9324288c2976f59
1377,train,run3|cee64edf52e42b7c2a860177
1378,test,run3|894bfb6fd86837a1f6c1475b
1379,test,run3|15e89162bb3ceae62f8d90d4
1380,test,run3|1698bdc8af1714ae798a352a
1381,val,run3|03dbbeb914e9c25ebc6d1f18
1382,val,run3|8234cf351d4423b781f761c3
1383,val,run3|1bb728850e3002941e63e192
1384,test,run3|a34b849473df03ec6203fc5e
1385,test,run3|3a94cdc6303f78a50d64e841
1386,test,run3|68b90e51f6e53bd88a5f8ec2
1387,train,run3|e414d1e2fefa651ebed9b33e
1388,train,run3|f85cfa31f4de43c524cc47e5
1389,train,run3|4f0306c9be53f2e3564b8284
1390,train,run3|2592cdcfa6240a29f0e8772c
1391,test,run3|e0b42826bfde80e74ef28b47
1392,train,run3|35e625ac0cff02a503e8dfe7
1393,train,run3|cc6d6350e72595418c838c62
1394,train,run3|538de45783db43e1b4ee2624
1395,val,run3|eaa5873fdbeff80eb9e8efdc
1396,test,run3|4cf3815a30509a8a352b469c
1397,train,run3|3baedf9704b4e41b6d91ab0e
1398,train,run3|c4c1d4807fb260ab3e1afeda
1399,train,run3|dab3325f125b6e3e96bbefbf
1400,train,run3|facbd8a8354af63e756c5c36
1401,test,run3|6c5830c6f5ba39ed5f2d4b77
1402,train,run3|310f0fdb6118f1589acc908f
1403,test,run3|8f025abb20f1c36e80bbeabb
1404,test,run3|4a5f8df5744849e5fd0fde5c
1405,test,run3|a553755ad8ccbce4d806d483
1406,train,run3|4d7281b879b397c0cac1cdd2
1407,train,run3|b608b9950eab20860a26f7f6
1408,test,run3|b69f7009f377de4cb4de39f9
1409,train,run3|a8615d071e3dc4c6af123bae
1410,val,run3|f9f9e2bc4402be04732005c3
1411,train,run3|d7242b47ac14307fd420f734
1412,train,run3|bcc0b9f1cacc9f12ba044e73
1413,test,run3|5fe65a24ff1882dbd88132f9
1414,val,run3|16c15bf0ebdf5ea6d3b9d64d
1415,train,run3|dbcc7ec65dcc9149fe56953a
1416,val,run3|5bcd14c29c4dd55c08e36955
1417,train,run3|77868eed45dd5fe98ee0aed6
1418,test,run3|7d98eb8d8bfc441d469b0391
1419,train,run3|c84dcce2b2fe098960c2f440
1420,train,run3|3baab3c320448423fb9a3222
1421,train,run3|3fc2ae463ee6edc405e95845
1422,train,run3|ef249a95cf2d38477d88c35f
1423,test,run3|54b686253d507c6a7ddfbeb3
1424,val,run3|ae761fbc839a6c6088fb58fe
1425,val,run3|53d6878373891e7bbffe2f91
1426,train,run3|510bf4ead61965d4f9cbfc51
1427,val,run3|b1790a2214f3267b111fee87
1428,val,run3|aea0b0389a9f44d3085f1712
1429,test,run3|75269c672e4d9cdcff3db09c
1430,train,run3|1b9545bf943ea230f3bdf27e
1431,val,run3|92fb751f091e39e6347fdefd
1432,train,run3|668bbfb3fa07c85db11efbd3
1433,test,run3|b41b5abfa049df4e33b41d8f
1434,train,run3|7083feb24cc7cfec6dc8ce13
1435,train,run4|51294a27b216109d014ce73a
1436,val,run4|c822e8f61c76256b621c2dbc
1437,train,run4|ad252be27459483d8dee3207
1438,train,run4|37f0bdf919d3ffb6eba2f66e
1439,train,run4|688e4b64e779f52b605251b0
1440,train,run4|d3d31ba9eeefcd5c9ca84a79
1441,train,run4|deaf0965164be743875496bc
1442,train,run4|51033dd0d3d7902854f5834b
1443,train,run4|97213f7769640aba5b91a5fc
1444,test,run4|259d8eee85603f558baf2a67
1445,test,run4|5c56998347f098715202feab
1446,test,run4|fc768a7485526739a9ac89d7
1447,test,run4|599b94886cc20b8229e9b7f7
1448,test,run4|b59ab8de5ab3af36c79634a6
1449,val,run4|6b774eb3642337aff82b1f6a
1450,val,run4|3276c3d76ef01e8310673b6c
1451,val,run4|1b74cbcdce246f0e6ecd3a00
1452,test,run4|378b90757bd203155f5f96eb
1453,train,run4|f7178e44d70f0bb418d328c5
1454,train,run4|a1584dffe9aec3c2436b721c
1455,train,run4|5a69b9293275038e2e9425ec
1456,test,run4|22085691f55d2a7bc595ddca
1457,train,run4|0e2c29f45f1c83c888ce8349
1458,train,run4|a0060ebb1865788b1976d9c0
1459,train,run4|c97d9ba217bf553552b63aff
1460,test,run4|774d347fdd0cb7980b62b09a
1461,train,run4|79ad9fe3821416253f056524
1462,train,run4|d51ab52d1e4242ade28b7a46
1463,train,run4|ba9eefe2925448cbcac833a4
1464,train,run4|59cc2067b4c5bfcb76ce98e3
1465,train,run4|b589a71324c99a7502648e06
1466,train,run4|50c131c29f44c09d92e5990c
1467,train,run4|3fd9f243376ab1e4d4db131f
1468,train,run4|6509576e845c8062b1775ee0
1469,test,run4|334dd7a9f4e9b27f42215c47
1470,val,run4|92ba3ee8c7dee26497d2ff07
1471,train,run4|c11853f5f375432c0562cd32
1472,train,run4|559df312c275733adcc2119a
1473,train,run4|27d9b23c09e036531d5daa40
1474,train,run4|9e804a964c51bc5298bb268d
1475,train,run4|75e6ad0a5da0512456c184df
1476,train,run4|ada03f0f28ef8186c5718d47
1477,train,run4|4423a34b758c4b389a6103ec
1478,val,run4|71ef94faaa8429a52b755650
1479,test,run4|da21b6658baae7dd1224d62b
1480,train,run4|733a731dc75ad1b460ae9f99
1481,train,run4|d924a8a325fc0f68e3dc7b5c
1482,train,run4|a84f5cd68b920f39f0ab6f2c
1483,train,run4|674eea8b583538ff7d31ba43
1484,val,run4|efd244653b3d8dd2c748608f
1485,train,run4|69a3169b420b82e6b11ccb3c
1486,val,run4|106c9cfd6fe6c870a8377d5c
1487,train,run4|d7d1bc93e0d24c665872383c
1488,test,run4|f7e5882b36fe0da67871b1af
1489,val,run4|25e504f71f294ea32da03d27
1490,train,run4|010a119bbee8e7cc78a35736
1491,test,run4|9269e271681ada38711e2a5f
1492,train,run4|b1bc63c1bb599c7f394b944d
1493,train,run4|aff079e63b6ecf981a5f4107
1494,train,run4|c38b3882cf707a9a4fac0490
1495,train,run4|f580adb2d3f368b4cff53d70
1496,train,run4|8b591a206d8254ac8ec9dac7
1497,train,run4|026799823ae05c82c3858ce4
1498,train,run4|55693c3a5f716515f9affbfd
1499,val,run4|04189d201d83c04cbe30c7e6
1500,train,run4|0bddb26f868ad2ae0b89eedb
1501,val,run4|72a5eb0d194a948a692fe371
1502,train,run4|9591cfb0e2a0beebbdd1589b
1503,test,run4|ec491d8c65000763e7af0076
1504,train,run4|920324788206f0181c6c3c33
1505,train,run4|e79f44515ef3504e6ac1aae1
1506,val,run4|7da2fa02a052a35c1d0289f8
1507,val,run4|500f66ec7d4e8e72fece0c38
1508,val,run4|e1aae3eb507c7fe0b1c64530
1509,test,run4|aca99c7452b659f56f6f32ee
1510,train,run4|73e3fd8058249b081e4362fa
1511,test,run4|4dafd31bb805b545c978af4f
1512,train,run4|eabdbde74e19a47a8819168f
1513,train,run4|b51cf4b67b0939788b18f0a5
1514,train,run4|51294a27b216109d014ce73a
1515,val,run4|c822e8f61c76256b621c2dbc
1516,train,run4|ad252be27459483d8dee3207
1517,train,run4|37f0bdf919d3ffb6eba2f66e
1518,train,run4|688e4b64e779f52b605251b0
1519,train,run4|d3d31ba9eeefcd5c9ca84a79
1520,train,run4|deaf0965164be743875496bc
1521,train,run4|51033dd0d3d7902854f5834b
1522,train,run4|97213f7769640aba5b91a5fc
1523,test,run4|259d8eee85603f558baf2a67
1524,test,run4|5c56998347f098715202feab
1525,test,run4|fc768a7485526739a9ac89d7
1526,test,run4|599b94886cc20b8229e9b7f7
1527,test,run4|b59ab8de5ab3af36c79634a6
1528,val,run4|6b774eb3642337aff82b1f6a
1529,val,run4|3276c3d76ef01e8310673b6c
1530,val,run4|1b74cbcdce246f0e6ecd3a00
1531,test,run4|378b90757bd203155f5f96eb
1532,train,run4|f7178e44d70f0bb418d328c5
1533,train,run4|a1584dffe9aec3c2436b721c
1534,train,run4|5a69b9293275038e2e9425ec
1535,test,run4|22085691f55d2a7bc595ddca
1536,train,run4|0e2c29f45f1c83c888ce8349
1537,train,run4|a0060ebb1865788b1976d9c0
1538,train,run4|c97d9ba217bf553552b63aff
1539,test,run4|774d347fdd0cb7980b62b09a
1540,train,run4|79ad9fe3821416253f056524
1541,train,run4|d51ab52d1e4242ade28b7a46
1542,train,run4|ba9eefe2925448cbcac833a4
1543,train,run4|59cc2067b4c5bfcb76ce98e3
1544,train,run4|b589a71324c99a7502648e06
1545,train,run4|50c131c29f44c09d92e5990c
1546,train,run4|3fd9f243376ab1e4d4db131f
1547,train,run4|6509576e845c8062b1775ee0
1548,test,run4|334dd7a9f4e9b27f42215c47
1549,val,run4|92ba3ee8c7dee26497d2ff07
1550,train,run4|c11853f5f375432c0562cd32
1551,train,run4|559df312c275733adcc2119a
1552,train,run4|27d9b23c09e036531d5daa40
1553,train,run4|9e804a964c51bc5298bb268d
1554,train,run4|75e6ad0a5da0512456c184df
1555,train,run4|ada03f0f28ef8186c5718d47
1556,train,run4|4423a34b758c4b389a6103ec
1557,val,run4|71ef94faaa8429a52b755650
1558,test,run4|da21b6658baae7dd1224d62b
1559,train,run4|733a731dc75ad1b460ae9f99
1560,train,run4|d924a8a325fc0f68e3dc7b5c
1561,train,run4|a84f5cd68b920f39f0ab6f2c
1562,train,run4|674eea8b583538ff7d31ba43
1563,val,run4|efd244653b3d8dd2c748608f
1564,train,run4|69a3169b420b82e6b11ccb3c
1565,val,run4|106c9cfd6fe6c870a8377d5c
1566,train,run4|d7d1bc93e0d24c665872383c
1567,test,run4|f7e5882b36fe0da67871b1af
1568,val,run4|25e504f71f294ea32da03d27
1569,train,run4|010a119bbee8e7cc78a35736
1570,test,run4|9269e271681ada38711e2a5f
1571,train,run4|b1bc63c1bb599c7f394b944d
1572,train,run4|aff079e63b6ecf981a5f4107
1573,train,run4|c38b3882cf707a9a4fac0490
1574,train,run4|f580adb2d3f368b4cff53d70
1575,train,run4|8b591a206d8254ac8ec9dac7
1576,train,run4|026799823ae05c82c3858ce4
1577,train,run4|51294a27b216109d014ce73a
1578,val,run4|c822e8f61c76256b621c2dbc
1579,train,run4|ad252be27459483d8dee3207
1580,train,run4|37f0bdf919d3ffb6eba2f66e
1581,train,run4|688e4b64e779f52b605251b0
1582,train,run4|d3d31ba9eeefcd5c9ca84a79
1583,train,run4|deaf0965164be743875496bc
1584,train,run4|51033dd0d3d7902854f5834b
1585,train,run4|97213f7769640aba5b91a5fc
1586,test,run4|259d8eee85603f558baf2a67
1587,test,run4|5c56998347f098715202feab
1588,test,run4|fc768a7485526739a9ac89d7
1589,test,run4|599b94886cc20b8229e9b7f7
1590,test,run4|b59ab8de5ab3af36c79634a6
1591,val,run4|6b774eb3642337aff82b1f6a
1592,val,run4|3276c3d76ef01e8310673b6c
1593,val,run4|1b74cbcdce246f0e6ecd3a00
1594,test,run4|378b90757bd203155f5f96eb
1595,train,run4|f7178e44d70f0bb418d328c5
1596,train,run4|a1584dffe9aec3c2436b721c
1597,train,run4|5a69b9293275038e2e9425ec
1598,test,run4|22085691f55d2a7bc595ddca
1599,train,run4|0e2c29f45f1c83c888ce8349
1600,train,run4|a0060ebb1865788b1976d9c0
1601,train,run4|c97d9ba217bf553552b63aff
1602,test,run4|774d347fdd0cb7980b62b09a
1603,train,run4|79ad9fe3821416253f056524
1604,train,run4|d51ab52d1e4242ade28b7a46
1605,train,run4|ba9eefe2925448cbcac833a4
1606,train,run4|59cc2067b4c5bfcb76ce98e3
1607,train,run4|b589a71324c99a7502648e06
1608,train,run4|50c131c29f44c09d92e5990c
1609,train,run4|3fd9f243376ab1e4d4db131f
1610,train,run4|6509576e845c8062b1775ee0
1611,test,run4|334dd7a9f4e9b27f42215c47
1612,val,run4|92ba3ee8c7dee26497d2ff07
1613,train,run4|c11853f5f375432c0562cd32
1614,train,run4|559df312c275733adcc2119a
1615,train,run4|27d9b23c09e036531d5daa40
1616,train,run4|9e804a964c51bc5298bb268d
1617,train,run4|75e6ad0a5da0512456c184df
1618,train,run4|ada03f0f28ef8186c5718d47
1619,train,run4|4423a34b758c4b389a6103ec
1620,val,run4|71ef94faaa8429a52b755650
1621,test,run4|da21b6658baae7dd1224d62b
1622,train,run4|733a731dc75ad1b460ae9f99
1623,train,run4|d924a8a325fc0f68e3dc7b5c
1624,train,run4|a84f5cd68b920f39f0ab6f2c
1625,train,run4|674eea8b583538ff7d31ba43
1626,val,run4|efd244653b3d8dd2c748608f
1627,train,run4|69a3169b420b82e6b11ccb3c
1628,val,run4|106c9cfd6fe6c870a8377d5c
1629,train,run4|d7d1bc93e0d24c665872383c
1630,test,run4|f7e5882b36fe0da67871b1af
1631,val,run4|25e504f71f294ea32da03d27
1632,train,run4|010a119bbee8e7cc78a35736
1633,test,run4|9269e271681ada38711e2a5f
1634,train,run4|b1bc63c1bb599c7f394b944d
1635,train,run4|aff079e63b6ecf981a5f4107
1636,train,run4|c38b3882cf707a9a4fac0490
1637,train,run4|f580adb2d3f368b4cff53d70
1638,train,run4|8b591a206d8254ac8ec9dac7
1639,train,run4|026799823ae05c82c3858ce4
1640,train,run4|51294a27b216109d014ce73a
1641,val,run4|c822e8f61c76256b621c2dbc
1642,train,run4|ad252be27459483d8dee3207
1643,train,run4|37f0bdf919d3ffb6eba2f66e
1644,train,run4|688e4b64e779f52b605251b0
1645,train,run4|d3d31ba9eeefcd5c9ca84a79
1646,train,run4|deaf0965164be743875496bc
1647,train,run4|51033dd0d3d7902854f5834b
1648,train,run4|97213f7769640aba5b91a5fc
1649,test,run4|259d8eee85603f558baf2a67
1650,test,run4|5c56998347f098715202feab
1651,test,run4|fc768a7485526739a9ac89d7
1652,test,run4|599b94886cc20b8229e9b7f7
1653,test,run4|b59ab8de5ab3af36c79634a6
1654,val,run4|6b774eb3642337aff82b1f6a
1655,val,run4|3276c3d76ef01e8310673b6c
1656,val,run4|1b74cbcdce246f0e6ecd3a00
1657,test,run4|378b90757bd203155f5f96eb
1658,train,run4|f7178e44d70f0bb418d328c5
1659,train,run4|a1584dffe9aec3c2436b721c
1660,train,run4|5a69b9293275038e2e9425ec
1661,test,run4|22085691f55d2a7bc595ddca
1662,train,run4|0e2c29f45f1c83c888ce8349
1663,train,run4|a0060ebb1865788b1976d9c0
1664,train,run4|c97d9ba217bf553552b63aff
1665,test,run4|774d347fdd0cb7980b62b09a
1666,train,run4|79ad9fe3821416253f056524
1667,train,run4|d51ab52d1e4242ade28b7a46
1668,train,run4|ba9eefe2925448cbcac833a4
1669,train,run4|59cc2067b4c5bfcb76ce98e3
1670,train,run4|b589a71324c99a7502648e06
1671,train,run4|50c131c29f44c09d92e5990c
1672,train,run4|3fd9f243376ab1e4d4db131f
1673,train,run4|6509576e845c8062b1775ee0
1674,test,run4|334dd7a9f4e9b27f42215c47
1675,val,run4|92ba3ee8c7dee26497d2ff07
1676,train,run4|c11853f5f375432c0562cd32
1677,train,run4|559df312c275733adcc2119a
1678,train,run4|27d9b23c09e036531d5daa40
1679,train,run4|9e804a964c51bc5298bb268d
1680,train,run4|75e6ad0a5da0512456c184df
1681,train,run4|ada03f0f28ef8186c5718d47
1682,train,run4|4423a34b758c4b389a6103ec
1683,val,run4|71ef94faaa8429a52b755650
1684,test,run4|da21b6658baae7dd1224d62b
1685,train,run4|733a731dc75ad1b460ae9f99
1686,train,run4|d924a8a325fc0f68e3dc7b5c
1687,train,run4|a84f5cd68b920f39f0ab6f2c
1688,train,run4|674eea8b583538ff7d31ba43
1689,val,run4|efd244653b3d8dd2c748608f
1690,train,run4|69a3169b420b82e6b11ccb3c
1691,val,run4|106c9cfd6fe6c870a8377d5c
1692,train,run4|d7d1bc93e0d24c665872383c
1693,test,run4|f7e5882b36fe0da67871b1af
1694,val,run4|25e504f71f294ea32da03d27
1695,train,run4|010a119bbee8e7cc78a35736
1696,test,run4|9269e271681ada38711e2a5f
1697,train,run4|b1bc63c1bb599c7f394b944d
1698,train,run4|aff079e63b6ecf981a5f4107
1699,train,run4|c38b3882cf707a9a4fac0490
1700,train,run4|f580adb2d3f368b4cff53d70
1701,train,run4|8b591a206d8254ac8ec9dac7
1702,train,run4|026799823ae05c82c3858ce4
1703,train,run4|51294a27b216109d014ce73a
1704,val,run4|c822e8f61c76256b621c2dbc
1705,train,run4|ad252be27459483d8dee3207
1706,train,run4|37f0bdf919d3ffb6eba2f66e
1707,train,run4|688e4b64e779f52b605251b0
1708,train,run4|d3d31ba9eeefcd5c9ca84a79
1709,train,run4|deaf0965164be743875496bc
1710,train,run4|51033dd0d3d7902854f5834b
1711,train,run4|97213f7769640aba5b91a5fc
1712,test,run4|259d8eee85603f558baf2a67
1713,test,run4|5c56998347f098715202feab
1714,test,run4|fc768a7485526739a9ac89d7
1715,test,run4|599b94886cc20b8229e9b7f7
1716,test,run4|b59ab8de5ab3af36c79634a6
1717,val,run4|6b774eb3642337aff82b1f6a
1718,val,run4|3276c3d76ef01e8310673b6c
1719,val,run4|1b74cbcdce246f0e6ecd3a00
1720,test,run4|378b90757bd203155f5f96eb
1721,train,run4|f7178e44d70f0bb418d328c5
1722,train,run4|a1584dffe9aec3c2436b721c
1723,train,run4|5a69b9293275038e2e9425ec
1724,test,run4|22085691f55d2a7bc595ddca
1725,train,run4|0e2c29f45f1c83c888ce8349
1726,train,run4|a0060ebb1865788b1976d9c0
1727,train,run4|c97d9ba217bf553552b63aff
1728,test,run4|774d347fdd0cb7980b62b09a
1729,train,run4|79ad9fe3821416253f056524
1730,train,run4|d51ab52d1e4242ade28b7a46
1731,train,run4|ba9eefe2925448cbcac833a4
1732,train,run4|59cc2067b4c5bfcb76ce98e3
1733,train,run4|b589a71324c99a7502648e06
1734,train,run4|50c131c29f44c09d92e5990c
1735,train,run4|3fd9f243376ab1e4d4db131f
1736,train,run4|6509576e845c8062b1775ee0
1737,test,run4|334dd7a9f4e9b27f42215c47
1738,val,run4|92ba3ee8c7dee26497d2ff07
1739,train,run4|c11853f5f375432c0562cd32
1740,train,run4|559df312c275733adcc2119a
1741,train,run4|27d9b23c09e036531d5daa40
1742,train,run4|9e804a964c51bc5298bb268d
1743,train,run4|75e6ad0a5da0512456c184df
1744,train,run4|ada03f0f28ef8186c5718d47
1745,train,run4|4423a34b758c4b389a6103ec
1746,val,run4|71ef94faaa8429a52b755650
1747,test,run4|da21b6658baae7dd1224d62b
1748,train,run4|733a731dc75ad1b460ae9f99
1749,train,run4|d924a8a325fc0f68e3dc7b5c
1750,train,run4|a84f5cd68b920f39f0ab6f2c
1751,train,run4|674eea8b583538ff7d31ba43
1752,val,run4|efd244653b3d8dd2c748608f
1753,train,run4|69a3169b420b82e6b11ccb3c
1754,val,run4|106c9cfd6fe6c870a8377d5c
1755,train,run4|d7d1bc93e0d24c665872383c
1756,test,run4|f7e5882b36fe0da67871b1af
1757,val,run4|25e504f71f294ea32da03d27
1758,train,run4|010a119bbee8e7cc78a35736
1759,test,run4|9269e271681ada38711e2a5f
1760,train,run4|b1bc63c1bb599c7f394b944d
1761,train,run4|aff079e63b6ecf981a5f4107
1762,train,run4|c38b3882cf707a9a4fac0490
1763,train,run4|f580adb2d3f368b4cff53d70
1764,train,run4|8b591a206d8254ac8ec9dac7
1765,train,run4|026799823ae05c82c3858ce4
1766,train,run4|51294a27b216109d014ce73a
1767,val,run4|c822e8f61c76256b621c2dbc
1768,train,run4|ad252be27459483d8dee3207
1769,train,run4|37f0bdf919d3ffb6eba2f66e
1770,train,run4|688e4b64e779f52b605251b0
1771,train,run4|d3d31ba9eeefcd5c9ca84a79
1772,train,run4|deaf0965164be743875496bc
1773,train,run4|51033dd0d3d7902854f5834b
1774,train,run4|97213f7769640aba5b91a5fc
1775,test,run4|259d8eee85603f558baf2a67
1776,test,run4|5c56998347f098715202feab
1777,test,run4|fc768a7485526739a9ac89d7
1778,test,run4|599b94886cc20b8229e9b7f7
1779,test,run4|b59ab8de5ab3af36c79634a6
1780,val,run4|6b774eb3642337aff82b1f6a
1781,val,run4|3276c3d76ef01e8310673b6c
1782,val,run4|1b74cbcdce246f0e6ecd3a00
1783,test,run4|378b90757bd203155f5f96eb
1784,train,run4|f7178e44d70f0bb418d328c5
1785,train,run4|a1584dffe9aec3c2436b721c
1786,train,run4|5a69b9293275038e2e9425ec
1787,test,run4|22085691f55d2a7bc595ddca
1788,train,run4|0e2c29f45f1c83c888ce8349
1789,train,run4|a0060ebb1865788b1976d9c0
1790,train,run4|c97d9ba217bf553552b63aff
1791,test,run4|774d347fdd0cb7980b62b09a
1792,train,run4|79ad9fe3821416253f056524
1793,train,run4|d51ab52d1e4242ade28b7a46
1794,train,run4|ba9eefe2925448cbcac833a4
1795,train,run4|59cc2067b4c5bfcb76ce98e3
1796,train,run4|b589a71324c99a7502648e06
1797,train,run4|50c131c29f44c09d92e5990c
1798,train,run4|3fd9f243376ab1e4d4db131f
1799,train,run4|6509576e845c8062b1775ee0
1800,test,run4|334dd7a9f4e9b27f42215c47
1801,val,run4|92ba3ee8c7dee26497d2ff07
1802,train,run4|c11853f5f375432c0562cd32
1803,train,run4|559df312c275733adcc2119a
1804,train,run4|27d9b23c09e036531d5daa40
1805,train,run4|9e804a964c51bc5298bb268d
1806,train,run4|75e6ad0a5da0512456c184df
1807,train,run4|ada03f0f28ef8186c5718d47
1808,train,run4|4423a34b758c4b389a6103ec
1809,val,run4|71ef94faaa8429a52b755650
1810,test,run4|da21b6658baae7dd1224d62b
1811,train,run4|733a731dc75ad1b460ae9f99
1812,train,run4|d924a8a325fc0f68e3dc7b5c
1813,train,run4|a84f5cd68b920f39f0ab6f2c
1814,train,run4|674eea8b583538ff7d31ba43
1815,val,run4|efd244653b3d8dd2c748608f
1816,train,run4|69a3169b420b82e6b11ccb3c
1817,val,run4|106c9cfd6fe6c870a8377d5c
1818,train,run4|d7d1bc93e0d24c665872383c
1819,test,run4|f7e5882b36fe0da67871b1af
1820,val,run4|25e504f71f294ea32da03d27
1821,train,run4|010a119bbee8e7cc78a35736
1822,test,run4|9269e271681ada38711e2a5f
1823,train,run4|b1bc63c1bb599c7f394b944d
1824,train,run4|aff079e63b6ecf981a5f4107
1825,train,run4|c38b3882cf707a9a4fac0490
1826,train,run4|f580adb2d3f368b4cff53d70
1827,train,run4|8b591a206d8254ac8ec9dac7
1828,train,run4|026799823ae05c82c3858ce4
1829,train,run4|51294a27b216109d014ce73a
1830,val,run4|c822e8f61c76256b621c2dbc
1831,train,run4|ad252be27459483d8dee3207
1832,train,run4|37f0bdf919d3ffb6eba2f66e
1833,train,run4|688e4b64e779f52b605251b0
1834,train,run4|d3d31ba9eeefcd5c9ca84a79
1835,train,run4|deaf0965164be743875496bc
1836,train,run4|51033dd0d3d7902854f5834b
1837,train,run4|97213f7769640aba5b91a5fc
1838,test,run4|259d8eee85603f558baf2a67
1839,test,run4|5c56998347f098715202feab
1840,test,run4|fc768a7485526739a9ac89d7
1841,test,run4|599b94886cc20b8229e9b7f7
1842,test,run4|b59ab8de5ab3af36c79634a6
1843,val,run4|6b774eb3642337aff82b1f6a
1844,val,run4|3276c3d76ef01e8310673b6c
1845,val,run4|1b74cbcdce246f0e6ecd3a00
1846,test,run4|378b90757bd203155f5f96eb
1847,train,run4|f7178e44d70f0bb418d328c5
1848,train,run4|a1584dffe9aec3c2436b721c
1849,train,run4|5a69b9293275038e2e9425ec
1850,test,run4|22085691f55d2a7bc595ddca
1851,train,run4|0e2c29f45f1c83c888ce8349
1852,train,run4|a0060ebb1865788b1976d9c0
1853,train,run4|c97d9ba217bf553552b63aff
1854,test,run4|774d347fdd0cb7980b62b09a
1855,train,run4|79ad9fe3821416253f056524
1856,train,run4|d51ab52d1e4242ade28b7a46
1857,train,run4|ba9eefe2925448cbcac833a4
1858,train,run4|59cc2067b4c5bfcb76ce98e3
1859,train,run4|b589a71324c99a7502648e06
1860,train,run4|50c131c29f44c09d92e5990c
1861,train,run4|3fd9f243376ab1e4d4db131f
1862,train,run4|6509576e845c8062b1775ee0
1863,test,run4|334dd7a9f4e9b27f42215c47
1864,val,run4|92ba3ee8c7dee26497d2ff07
1865,train,run4|c11853f5f375432c0562cd32
1866,train,run4|559df312c275733adcc2119a
1867,train,run4|27d9b23c09e036531d5daa40
1868,train,run4|9e804a964c51bc5298bb268d
1869,train,run4|75e6ad0a5da0512456c184df
1870,train,run4|ada03f0f28ef8186c5718d47
1871,train,run4|4423a34b758c4b389a6103ec
1872,val,run4|71ef94faaa8429a52b755650
1873,test,run4|da21b6658baae7dd1224d62b
1874,train,run4|733a731dc75ad1b460ae9f99
1875,train,run4|d924a8a325fc0f68e3dc7b5c
1876,train,run4|a84f5cd68b920f39f0ab6f2c
1877,train,run4|674eea8b583538ff7d31ba43
1878,val,run4|efd244653b3d8dd2c748608f
1879,train,run4|69a3169b420b82e6b11ccb3c
1880,val,run4|106c9cfd6fe6c870a8377d5c
1881,train,run4|d7d1bc93e0d24c665872383c
1882,test,run4|f7e5882b36fe0da67871b1af
1883,val,run4|25e504f71f294ea32da03d27
1884,train,run4|010a119bbee8e7cc78a35736
1885,test,run4|9269e271681ada38711e2a5f
1886,train,run4|b1bc63c1bb599c7f394b944d
1887,train,run4|aff079e63b6ecf981a5f4107
1888,train,run4|c38b3882cf707a9a4fac0490
1889,train,run4|f580adb2d3f368b4cff53d70
1890,train,run4|8b591a206d8254ac8ec9dac7
1891,train,run4|026799823ae05c82c3858ce4
1892,train,run4|51294a27b216109d014ce73a
1893,val,run4|c822e8f61c76256b621c2dbc
1894,train,run4|ad252be27459483d8dee3207
1895,train,run4|37f0bdf919d3ffb6eba2f66e
1896,train,run4|688e4b64e779f52b605251b0
1897,train,run4|d3d31ba9eeefcd5c9ca84a79
1898,train,run4|deaf0965164be743875496bc
1899,train,run4|51033dd0d3d7902854f5834b
1900,train,run4|97213f7769640aba5b91a5fc
1901,test,run4|259d8eee85603f558baf2a67
1902,test,run4|5c56998347f098715202feab
1903,test,run4|fc768a7485526739a9ac89d7
1904,test,run4|599b94886cc20b8229e9b7f7
1905,test,run4|b59ab8de5ab3af36c79634a6
1906,val,run4|6b774eb3642337aff82b1f6a
1907,val,run4|3276c3d76ef01e8310673b6c
1908,val,run4|1b74cbcdce246f0e6ecd3a00
1909,test,run4|378b90757bd203155f5f96eb
1910,train,run4|f7178e44d70f0bb418d328c5
1911,train,run4|a1584dffe9aec3c2436b721c
1912,train,run4|5a69b9293275038e2e9425ec
1913,test,run4|22085691f55d2a7bc595ddca
1914,train,run4|0e2c29f45f1c83c888ce8349
1915,train,run4|a0060ebb1865788b1976d9c0
1916,train,run4|c97d9ba217bf553552b63aff
1917,test,run4|774d347fdd0cb7980b62b09a
1918,train,run4|79ad9fe3821416253f056524
1919,train,run4|d51ab52d1e4242ade28b7a46
1920,train,run4|ba9eefe2925448cbcac833a4
1921,train,run4|59cc2067b4c5bfcb76ce98e3
1922,train,run4|b589a71324c99a7502648e06
1923,train,run4|50c131c29f44c09d92e5990c
1924,train,run4|3fd9f243376ab1e4d4db131f
1925,train,run4|6509576e845c8062b1775ee0
1926,test,run4|334dd7a9f4e9b27f42215c47
1927,val,run4|92ba3ee8c7dee26497d2ff07
1928,train,run4|c11853f5f375432c0562cd32
1929,train,run4|559df312c275733adcc2119a
1930,train,run4|27d9b23c09e036531d5daa40
1931,train,run4|9e804a964c51bc5298bb268d
1932,train,run4|75e6ad0a5da0512456c184df
1933,train,run4|ada03f0f28ef8186c5718d47
1934,train,run4|4423a34b758c4b389a6103ec
1935,val,run4|71ef94faaa8429a52b755650
1936,test,run4|da21b6658baae7dd1224d62b
1937,train,run4|733a731dc75ad1b460ae9f99
1938,train,run4|d924a8a325fc0f68e3dc7b5c
1939,train,run4|a84f5cd68b920f39f0ab6f2c
1940,train,run4|674eea8b583538ff7d31ba43
1941,val,run4|efd244653b3d8dd2c748608f
1942,train,run4|69a3169b420b82e6b11ccb3c
1943,val,run4|106c9cfd6fe6c870a8377d5c
1944,train,run4|d7d1bc93e0d24c665872383c
1945,test,run4|f7e5882b36fe0da67871b1af
1946,val,run4|25e504f71f294ea32da03d27
1947,train,run4|010a119bbee8e7cc78a35736
1948,test,run4|9269e271681ada38711e2a5f
1949,train,run4|b1bc63c1bb599c7f394b944d
1950,train,run4|aff079e63b6ecf981a5f4107
1951,train,run4|c38b3882cf707a9a4fac0490
1952,train,run4|f580adb2d3f368b4cff53d70
1953,train,run4|8b591a206d8254ac8ec9dac7
1954,train,run4|026799823ae05c82c3858ce4
1955,train,run4|51294a27b216109d014ce73a
1956,val,run4|c822e8f61c76256b621c2dbc
1957,train,run4|ad252be27459483d8dee3207
1958,train,run4|37f0bdf919d3ffb6eba2f66e
1959,train,run4|688e4b64e779f52b605251b0
1960,train,run4|d3d31ba9eeefcd5c9ca84a79
1961,train,run4|deaf0965164be743875496bc
1962,train,run4|51033dd0d3d7902854f5834b
1963,train,run4|97213f7769640aba5b91a5fc
1964,test,run4|259d8eee85603f558baf2a67
1965,test,run4|5c56998347f098715202feab
1966,test,run4|fc768a7485526739a9ac89d7
1967,test,run4|599b94886cc20b8229e9b7f7
1968,test,run4|b59ab8de5ab3af36c79634a6
1969,val,run4|6b774eb3642337aff82b1f6a
1970,val,run4|3276c3d76ef01e8310673b6c
1971,val,run4|1b74cbcdce246f0e6ecd3a00
1972,test,run4|378b90757bd203155f5f96eb
1973,train,run4|f7178e44d70f0bb418d328c5
1974,train,run4|a1584dffe9aec3c2436b721c
1975,train,run4|5a69b9293275038e2e9425ec
1976,test,run4|22085691f55d2a7bc595ddca
1977,train,run4|0e2c29f45f1c83c888ce8349
1978,train,run4|a0060ebb1865788b1976d9c0
1979,train,run4|c97d9ba217bf553552b63aff
1980,test,run4|774d347fdd0cb7980b62b09a
1981,train,run4|79ad9fe3821416253f056524
1982,train,run4|d51ab52d1e4242ade28b7a46
1983,train,run4|ba9eefe2925448cbcac833a4
1984,train,run4|59cc2067b4c5bfcb76ce98e3
1985,train,run4|b589a71324c99a7502648e06
1986,train,run4|50c131c29f44c09d92e5990c
1987,train,run4|3fd9f243376ab1e4d4db131f
1988,train,run4|6509576e845c8062b1775ee0
1989,test,run4|334dd7a9f4e9b27f42215c47
1990,val,run4|92ba3ee8c7dee26497d2ff07
1991,train,run4|c11853f5f375432c0562cd32
1992,train,run4|559df312c275733adcc2119a
1993,train,run4|27d9b23c09e036531d5daa40
1994,train,run4|9e804a964c51bc5298bb268d
1995,train,run4|75e6ad0a5da0512456c184df
1996,train,run4|ada03f0f28ef8186c5718d47
1997,train,run4|4423a34b758c4b389a6103ec
1998,val,run4|71ef94faaa8429a52b755650
1999,test,run4|da21b6658baae7dd1224d62b
2000,train,run4|733a731dc75ad1b460ae9f99
2001,train,run4|d924a8a325fc0f68e3dc7b5c
2002,train,run4|a84f5cd68b920f39f0ab6f2c
2003,train,run4|674eea8b583538ff7d31ba43
2004,val,run4|efd244653b3d8dd2c748608f
2005,train,run4|69a3169b420b82e6b11ccb3c
2006,val,run4|106c9cfd6fe6c870a8377d5c
2007,train,run4|d7d1bc93e0d24c665872383c
2008,test,run4|f7e5882b36fe0da67871b1af
2009,val,run4|25e504f71f294ea32da03d27
2010,train,run4|010a119bbee8e7cc78a35736
2011,test,run4|9269e271681ada38711e2a5f
2012,train,run4|b1bc63c1bb599c7f394b944d
2013,train,run4|aff079e63b6ecf981a5f4107
2014,train,run4|c38b3882cf707a9a4fac0490
2015,train,run4|f580adb2d3f368b4cff53d70
2016,train,run4|8b591a206d8254ac8ec9dac7
2017,train,run4|026799823ae05c82c3858ce4
2018,test,run4|aca99c7452b659f56f6f32ee
2019,train,run4|eabdbde74e19a47a8819168f
2020,train,run4|51294a27b216109d014ce73a
2021,val,run4|c822e8f61c76256b621c2dbc
2022,train,run4|ad252be27459483d8dee3207
2023,train,run4|37f0bdf919d3ffb6eba2f66e
2024,train,run4|688e4b64e779f52b605251b0
2025,train,run4|d3d31ba9eeefcd5c9ca84a79
2026,train,run4|deaf0965164be743875496bc
2027,train,run4|51033dd0d3d7902854f5834b
2028,train,run4|97213f7769640aba5b91a5fc
2029,test,run4|259d8eee85603f558baf2a67
2030,test,run4|5c56998347f098715202feab
2031,test,run4|fc768a7485526739a9ac89d7
2032,test,run4|599b94886cc20b8229e9b7f7
2033,test,run4|b59ab8de5ab3af36c79634a6
2034,val,run4|6b774eb3642337aff82b1f6a
2035,val,run4|3276c3d76ef01e8310673b6c
2036,val,run4|1b74cbcdce246f0e6ecd3a00
2037,test,run4|378b90757bd203155f5f96eb
2038,train,run4|f7178e44d70f0bb418d328c5
2039,train,run4|a1584dffe9aec3c2436b721c
2040,train,run4|5a69b9293275038e2e9425ec
2041,test,run4|22085691f55d2a7bc595ddca
2042,train,run4|0e2c29f45f1c83c888ce8349
2043,train,run4|a0060ebb1865788b1976d9c0
2044,train,run4|c97d9ba217bf553552b63aff
2045,test,run4|774d347fdd0cb7980b62b09a
2046,train,run4|79ad9fe3821416253f056524
2047,train,run4|d51ab52d1e4242ade28b7a46
2048,train,run4|ba9eefe2925448cbcac833a4
2049,train,run4|59cc2067b4c5bfcb76ce98e3
2050,train,run4|b589a71324c99a7502648e06
2051,train,run4|50c131c29f44c09d92e5990c
2052,train,run4|3fd9f243376ab1e4d4db131f
2053,train,run4|6509576e845c8062b1775ee0
2054,test,run4|334dd7a9f4e9b27f42215c47
2055,val,run4|92ba3ee8c7dee26497d2ff07
2056,train,run4|c11853f5f375432c0562cd32
2057,train,run4|559df312c275733adcc2119a
2058,train,run4|27d9b23c09e036531d5daa40
2059,train,run4|9e804a964c51bc5298bb268d
2060,train,run4|75e6ad0a5da0512456c184df
2061,train,run4|ada03f0f28ef8186c5718d47
2062,train,run4|4423a34b758c4b389a6103ec
2063,val,run4|71ef94faaa8429a52b755650
2064,test,run4|da21b6658baae7dd1224d62b
2065,train,run4|733a731dc75ad1b460ae9f99
2066,train,run4|d924a8a325fc0f68e3dc7b5c
2067,train,run4|a84f5cd68b920f39f0ab6f2c
2068,train,run4|674eea8b583538ff7d31ba43
2069,val,run4|efd244653b3d8dd2c748608f
2070,train,run4|69a3169b420b82e6b11ccb3c
2071,val,run4|106c9cfd6fe6c870a8377d5c
2072,train,run4|d7d1bc93e0d24c665872383c
2073,test,run4|f7e5882b36fe0da67871b1af
2074,val,run4|25e504f71f294ea32da03d27
2075,train,run4|010a119bbee8e7cc78a35736
2076,test,run4|9269e271681ada38711e2a5f
2077,train,run4|b1bc63c1bb599c7f394b944d
2078,train,run4|aff079e63b6ecf981a5f4107
2079,train,run4|c38b3882cf707a9a4fac0490
2080,train,run4|f580adb2d3f368b4cff53d70
2081,train,run4|8b591a206d8254ac8ec9dac7
2082,train,run4|026799823ae05c82c3858ce4
2083,val,run4|500f66ec7d4e8e72fece0c38
2084,val,run4|e1aae3eb507c7fe0b1c64530
2085,train,run4|51294a27b216109d014ce73a
2086,val,run4|c822e8f61c76256b621c2dbc
2087,train,run4|ad252be27459483d8dee3207
2088,train,run4|37f0bdf919d3ffb6eba2f66e
2089,train,run4|688e4b64e779f52b605251b0
2090,train,run4|d3d31ba9eeefcd5c9ca84a79
2091,train,run4|deaf0965164be743875496bc
2092,train,run4|51033dd0d3d7902854f5834b
2093,train,run4|97213f7769640aba5b91a5fc
2094,test,run4|259d8eee85603f558baf2a67
2095,test,run4|5c56998347f098715202feab
2096,test,run4|fc768a7485526739a9ac89d7
2097,test,run4|599b94886cc20b8229e9b7f7
2098,test,run4|b59ab8de5ab3af36c79634a6
2099,val,run4|6b774eb3642337aff82b1f6a
2100,val,run4|3276c3d76ef01e8310673b6c
2101,val,run4|1b74cbcdce246f0e6ecd3a00
2102,test,run4|378b90757bd203155f5f96eb
2103,train,run4|f7178e44d70f0bb418d328c5
2104,train,run4|a1584dffe9aec3c2436b721c
2105,train,run4|5a69b9293275038e2e9425ec
2106,test,run4|22085691f55d2a7bc595ddca
2107,train,run4|0e2c29f45f1c83c888ce8349
2108,train,run4|a0060ebb1865788b1976d9c0
2109,train,run4|c97d9ba217bf553552b63aff
2110,test,run4|774d347fdd0cb7980b62b09a
2111,train,run4|79ad9fe3821416253f056524
2112,train,run4|d51ab52d1e4242ade28b7a46
2113,train,run4|ba9eefe2925448cbcac833a4
2114,train,run4|59cc2067b4c5bfcb76ce98e3
2115,train,run4|b589a71324c99a7502648e06
2116,train,run4|50c131c29f44c09d92e5990c
2117,train,run4|3fd9f243376ab1e4d4db131f
2118,train,run4|6509576e845c8062b1775ee0
2119,test,run4|334dd7a9f4e9b27f42215c47
2120,val,run4|92ba3ee8c7dee26497d2ff07
2121,train,run4|c11853f5f375432c0562cd32
2122,train,run4|559df312c275733adcc2119a
2123,train,run4|27d9b23c09e036531d5daa40
2124,train,run4|9e804a964c51bc5298bb268d
2125,train,run4|75e6ad0a5da0512456c184df
2126,train,run4|ada03f0f28ef8186c5718d47
2127,train,run4|4423a34b758c4b389a6103ec
2128,val,run4|71ef94faaa8429a52b755650
2129,test,run4|da21b6658baae7dd1224d62b
2130,train,run4|733a731dc75ad1b460ae9f99
2131,train,run4|d924a8a325fc0f68e3dc7b5c
2132,train,run4|a84f5cd68b920f39f0ab6f2c
2133,train,run4|674eea8b583538ff7d31ba43
2134,val,run4|efd244653b3d8dd2c748608f
2135,train,run4|69a3169b420b82e6b11ccb3c
2136,val,run4|106c9cfd6fe6c870a8377d5c
2137,train,run4|d7d1bc93e0d24c665872383c
2138,test,run4|f7e5882b36fe0da67871b1af
2139,val,run4|25e504f71f294ea32da03d27
2140,train,run4|010a119bbee8e7cc78a35736
2141,test,run4|9269e271681ada38711e2a5f
2142,train,run4|b1bc63c1bb599c7f394b944d
2143,train,run4|aff079e63b6ecf981a5f4107
2144,train,run4|c38b3882cf707a9a4fac0490
2145,train,run4|f580adb2d3f368b4cff53d70
2146,train,run4|8b591a206d8254ac8ec9dac7
2147,train,run4|026799823ae05c82c3858ce4
2148,val,run4|7da2fa02a052a35c1d0289f8
2149,train,run4|73e3fd8058249b081e4362fa
2150,test,run4|4dafd31bb805b545c978af4f
2151,train,run4|b51cf4b67b0939788b18f0a5
2152,train,run5|eb6314b0878ab41d120c2c68
2153,val,run5|55c1dfa790aae80968a98457
2154,train,run5|fbc6ca6ccff85bee876a10ed
2155,train,run5|c6aee9df87b2dbf86b22fa6c
2156,train,run5|4a36702058fa2ffdd3184acf
2157,train,run5|c480f2570e1c58d65946215a
2158,val,run5|24b316a484705f482fb89a92
2159,train,run5|407eaad50a1560a5bf24e2de
2160,test,run5|cd15462ee493ed94a0e9d581
2161,test,run5|e39ae5c698872d3bf005a453
2162,test,run5|8bce01f9f1c738cf9048655b
2163,train,run5|d0a6b9d4cd1f30fde486e347
2164,val,run5|2ff66217a2c9c4274bf6db95
2165,test,run5|cbf972f9decbb394fdbb7011
2166,val,run5|fc680d75d4cbff07e0c99e13
2167,test,run5|7e1f1033a92a90cac36cfd95
2168,test,run5|3db8f8beacee587eb1ff2269
2169,test,run5|0a6d2b2005284307da684370
2170,val,run5|445ed6cd68242523fbb46351
2171,train,run5|48907671a0cec37b0830127f
2172,train,run5|30daf0246d9a1010b94e91a4
2173,train,run5|2f60d94307efdbe4f7a83edf
2174,train,run5|c24da07662a09b8f2ff3a87a
2175,test,run5|e462bf62ca83f55079d7df90
2176,train,run5|34bf84cd68e774ccade48508
2177,train,run5|17a03b8b075b9684d6f17369
2178,train,run5|7c7f7cf9c172a52ba672d395
2179,train,run5|dae201e9aecab2a01379327a
2180,train,run5|df8f285eb261c9ff79bc8763
2181,train,run5|668a8e6a64ca9061160b7560
2182,train,run5|fcd18c51d37dbffda628cf36
2183,val,run5|f2c1dbeae13f503f749e9a1a
2184,test,run5|5de6b62af025051d7f357d36
2185,train,run5|a13e1c1eed0a5253e5957b5f
2186,test,run5|db118dec11fbf69dceca8cbd
2187,train,run5|0456cb3ade69d236d1954a17
2188,test,run5|129f9b92d49617550032cdf2
2189,val,run5|15d796c063c85caed10cfce7
2190,val,run5|fbb552d23472b2e7479f212e
2191,train,run5|18b0d25d446296279f2cac1d
2192,train,run5|d1b4edd93d3dde197674b578
2193,val,run5|f21818758e5c37575afdb75b
2194,train,run5|ee64f87ec9da035d45f8d721
2195,train,run5|9dc386aef65e44d0756f09e9
2196,train,run5|1353e2aa19e58564966479ba
2197,train,run5|5c52c9ce3e7d8f183ee2efa4
2198,test,run5|c784d7a920561a0a98a437e2
2199,train,run5|9c7a151ce84ab86431284e83
2200,train,run5|ebc05002aedf02cfccf760af
2201,train,run5|7aafb3508052762c70d52e02
2202,train,run5|5d8aeef9a03b420faeb8e6ba
2203,train,run5|24e789023ffa1d059a63d555
2204,train,run5|6188bb8fec88c244e9b5f0bb
2205,val,run5|4a699a0d4478095c7149d7ab
2206,train,run5|6cdecba370099aec37f4110c
2207,test,run5|cbe34981984709430821e9f2
2208,train,run5|a53dcb60e1b90f5f1b3ab8f5
2209,test,run5|2169b88d15181a50189ca232
2210,val,run5|837b6211c3690b7edd018dfb
2211,train,run5|559ea6fcc229e773e5255d3f
2212,train,run5|3d3bdd03964112a4ec0e0e66
2213,train,run5|e2af81541d597491752941a1
2214,train,run5|ca26b176fd93c68711869a32
2215,test,run5|649117c662dd431f5602ef59
2216,train,run5|bd377860114ad7dbd56c43c7
2217,train,run5|21dae24e1b548e6792deb419
2218,train,run5|52386d98d6762e04a713ef8b
2219,test,run5|88a9f5d60e4bf06d967b4e17
2220,train,run5|1b53f505ab2beba086781f0a
2221,train,run5|d5de13fcc94997b071f6b2fa
2222,test,run5|59baf741b2b620e07cb2af84
2223,train,run5|24fffe31996c1117b2ea2e93
2224,train,run5|aa26b18c886267308fd83f84
2225,train,run5|f19a1bb91c051bb866e7feca
2226,train,run5|35f2790e35c9713d85c4f43d
2227,val,run5|573881dcfc68d1e08b53f3f9
2228,train,run5|c2298fa8bc464532326872c8
2229,train,run5|377f8220ca664ea3ab734298
2230,val,run5|cdb61a95a956b92a6329bbe5
2231,train,run5|eb6314b0878ab41d120c2c68
2232,val,run5|55c1dfa790aae80968a98457
2233,train,run5|fbc6ca6ccff85bee876a10ed
2234,train,run5|c6aee9df87b2dbf86b22fa6c
2235,train,run5|4a36702058fa2ffdd3184acf
2236,train,run5|c480f2570e1c58d65946215a
2237,val,run5|24b316a484705f482fb89a92
2238,train,run5|407eaad50a1560a5bf24e2de
2239,test,run5|cd15462ee493ed94a0e9d581
2240,test,run5|e39ae5c698872d3bf005a453
2241,test,run5|8bce01f9f1c738cf9048655b
2242,train,run5|d0a6b9d4cd1f30fde486e347
2243,val,run5|2ff66217a2c9c4274bf6db95
2244,test,run5|cbf972f9decbb394fdbb7011
2245,val,run5|fc680d75d4cbff07e0c99e13
2246,test,run5|7e1f1033a92a90cac36cfd95
2247,test,run5|3db8f8beacee587eb1ff2269
2248,test,run5|0a6d2b2005284307da684370
2249,val,run5|445ed6cd68242523fbb46351
2250,train,run5|48907671a0cec37b0830127f
2251,train,run5|30daf0246d9a1010b94e91a4
2252,train,run5|2f60d94307efdbe4f7a83edf
2253,train,run5|c24da07662a09b8f2ff3a87a
2254,test,run5|e462bf62ca83f55079d7df90
2255,train,run5|34bf84cd68e774ccade48508
2256,train,run5|17a03b8b075b9684d6f17369
2257,train,run5|7c7f7cf9c172a52ba672d395
2258,train,run5|dae201e9aecab2a01379327a
2259,train,run5|df8f285eb261c9ff79bc8763
2260,train,run5|668a8e6a64ca9061160b7560
2261,train,run5|fcd18c51d37dbffda628cf36
2262,val,run5|f2c1dbeae13f503f749e9a1a
2263,test,run5|5de6b62af025051d7f357d36
2264,train,run5|a13e1c1eed0a5253e5957b5f
2265,test,run5|db118dec11fbf69dceca8cbd
2266,train,run5|0456cb3ade69d236d1954a17
2267,test,run5|129f9b92d49617550032cdf2
2268,val,run5|15d796c063c85caed10cfce7
2269,val,run5|fbb552d23472b2e7479f212e
2270,train,run5|18b0d25d446296279f2cac1d
2271,train,run5|d1b4edd93d3dde197674b578
2272,val,run5|f21818758e5c37575afdb75b
2273,train,run5|ee64f87ec9da035d45f8d721
2274,train,run5|9dc386aef65e44d0756f09e9
2275,train,run5|1353e2aa19e58564966479ba
2276,train,run5|5c52c9ce3e7d8f183ee2efa4
2277,test,run5|c784d7a920561a0a98a437e2
2278,train,run5|9c7a151ce84ab86431284e83
2279,train,run5|ebc05002aedf02cfccf760af
2280,train,run5|7aafb3508052762c70d52e02
2281,train,run5|5d8aeef9a03b420faeb8e6ba
2282,train,run5|24e789023ffa1d059a63d555
2283,train,run5|6188bb8fec88c244e9b5f0bb
2284,val,run5|4a699a0d4478095c7149d7ab
2285,train,run5|6cdecba370099aec37f4110c
2286,test,run5|cbe34981984709430821e9f2
2287,train,run5|a53dcb60e1b90f5f1b3ab8f5
2288,test,run5|2169b88d15181a50189ca232
2289,val,run5|837b6211c3690b7edd018dfb
2290,train,run5|559ea6fcc229e773e5255d3f
2291,train,run5|3d3bdd03964112a4ec0e0e66
2292,train,run5|e2af81541d597491752941a1
2293,train,run5|ca26b176fd93c68711869a32
2294,train,run5|eb6314b0878ab41d120c2c68
2295,val,run5|55c1dfa790aae80968a98457
2296,train,run5|fbc6ca6ccff85bee876a10ed
2297,train,run5|c6aee9df87b2dbf86b22fa6c
2298,train,run5|4a36702058fa2ffdd3184acf
2299,train,run5|c480f2570e1c58d65946215a
2300,val,run5|24b316a484705f482fb89a92
2301,train,run5|407eaad50a1560a5bf24e2de
2302,test,run5|cd15462ee493ed94a0e9d581
2303,test,run5|e39ae5c698872d3bf005a453
2304,test,run5|8bce01f9f1c738cf9048655b
2305,train,run5|d0a6b9d4cd1f30fde486e347
2306,val,run5|2ff66217a2c9c4274bf6db95
2307,test,run5|cbf972f9decbb394fdbb7011
2308,val,run5|fc680d75d4cbff07e0c99e13
2309,test,run5|7e1f1033a92a90cac36cfd95
2310,test,run5|3db8f8beacee587eb1ff2269
2311,test,run5|0a6d2b2005284307da684370
2312,val,run5|445ed6cd68242523fbb46351
2313,train,run5|48907671a0cec37b0830127f
2314,train,run5|30daf0246d9a1010b94e91a4
2315,train,run5|2f60d94307efdbe4f7a83edf
2316,train,run5|c24da07662a09b8f2ff3a87a
2317,test,run5|e462bf62ca83f55079d7df90
2318,train,run5|34bf84cd68e774ccade48508
2319,train,run5|17a03b8b075b9684d6f17369
2320,train,run5|7c7f7cf9c172a52ba672d395
2321,train,run5|dae201e9aecab2a01379327a
2322,train,run5|df8f285eb261c9ff79bc8763
2323,train,run5|668a8e6a64ca9061160b7560
2324,train,run5|fcd18c51d37dbffda628cf36
2325,val,run5|f2c1dbeae13f503f749e9a1a
2326,test,run5|5de6b62af025051d7f357d36
2327,train,run5|a13e1c1eed0a5253e5957b5f
2328,test,run5|db118dec11fbf69dceca8cbd
2329,train,run5|0456cb3ade69d236d1954a17
2330,test,run5|129f9b92d49617550032cdf2
2331,val,run5|15d796c063c85caed10cfce7
2332,val,run5|fbb552d23472b2e7479f212e
2333,train,run5|18b0d25d446296279f2cac1d
2334,train,run5|d1b4edd93d3dde197674b578
2335,val,run5|f21818758e5c37575afdb75b
2336,train,run5|ee64f87ec9da035d45f8d721
2337,train,run5|9dc386aef65e44d0756f09e9
2338,train,run5|1353e2aa19e58564966479ba
2339,train,run5|5c52c9ce3e7d8f183ee2efa4
2340,test,run5|c784d7a920561a0a98a437e2
2341,train,run5|9c7a151ce84ab86431284e83
2342,train,run5|ebc05002aedf02cfccf760af
2343,train,run5|7aafb3508052762c70d52e02
2344,train,run5|5d8aeef9a03b420faeb8e6ba
2345,train,run5|24e789023ffa1d059a63d555
2346,train,run5|6188bb8fec88c244e9b5f0bb
2347,val,run5|4a699a0d4478095c7149d7ab
2348,train,run5|6cdecba370099aec37f4110c
2349,test,run5|cbe34981984709430821e9f2
2350,train,run5|a53dcb60e1b90f5f1b3ab8f5
2351,test,run5|2169b88d15181a50189ca232
2352,val,run5|837b6211c3690b7edd018dfb
2353,train,run5|559ea6fcc229e773e5255d3f
2354,train,run5|3d3bdd03964112a4ec0e0e66
2355,train,run5|e2af81541d597491752941a1
2356,train,run5|ca26b176fd93c68711869a32
2357,train,run5|eb6314b0878ab41d120c2c68
2358,val,run5|55c1dfa790aae80968a98457
2359,train,run5|fbc6ca6ccff85bee876a10ed
2360,train,run5|c6aee9df87b2dbf86b22fa6c
2361,train,run5|4a36702058fa2ffdd3184acf
2362,train,run5|c480f2570e1c58d65946215a
2363,val,run5|24b316a484705f482fb89a92
2364,train,run5|407eaad50a1560a5bf24e2de
2365,test,run5|cd15462ee493ed94a0e9d581
2366,test,run5|e39ae5c698872d3bf005a453
2367,test,run5|8bce01f9f1c738cf9048655b
2368,train,run5|d0a6b9d4cd1f30fde486e347
2369,val,run5|2ff66217a2c9c4274bf6db95
2370,test,run5|cbf972f9decbb394fdbb7011
2371,val,run5|fc680d75d4cbff07e0c99e13
2372,test,run5|7e1f1033a92a90cac36cfd95
2373,test,run5|3db8f8beacee587eb1ff2269
2374,test,run5|0a6d2b2005284307da684370
2375,val,run5|445ed6cd68242523fbb46351
2376,train,run5|48907671a0cec37b0830127f
2377,train,run5|30daf0246d9a1010b94e91a4
2378,train,run5|2f60d94307efdbe4f7a83edf
2379,train,run5|c24da07662a09b8f2ff3a87a
2380,test,run5|e462bf62ca83f55079d7df90
2381,train,run5|34bf84cd68e774ccade48508
2382,train,run5|17a03b8b075b9684d6f17369
2383,train,run5|7c7f7cf9c172a52ba672d395
2384,train,run5|dae201e9aecab2a01379327a
2385,train,run5|df8f285eb261c9ff79bc8763
2386,train,run5|668a8e6a64ca9061160b7560
2387,train,run5|fcd18c51d37dbffda628cf36
2388,val,run5|f2c1dbeae13f503f749e9a1a
2389,test,run5|5de6b62af025051d7f357d36
2390,train,run5|a13e1c1eed0a5253e5957b5f
2391,test,run5|db118dec11fbf69dceca8cbd
2392,train,run5|0456cb3ade69d236d1954a17
2393,test,run5|129f9b92d49617550032cdf2
2394,val,run5|15d796c063c85caed10cfce7
2395,val,run5|fbb552d23472b2e7479f212e
2396,train,run5|18b0d25d446296279f2cac1d
2397,train,run5|d1b4edd93d3dde197674b578
2398,val,run5|f21818758e5c37575afdb75b
2399,train,run5|ee64f87ec9da035d45f8d721
2400,train,run5|9dc386aef65e44d0756f09e9
2401,train,run5|1353e2aa19e58564966479ba
2402,train,run5|5c52c9ce3e7d8f183ee2efa4
2403,test,run5|c784d7a920561a0a98a437e2
2404,train,run5|9c7a151ce84ab86431284e83
2405,train,run5|ebc05002aedf02cfccf760af
2406,train,run5|7aafb3508052762c70d52e02
2407,train,run5|5d8aeef9a03b420faeb8e6ba
2408,train,run5|24e789023ffa1d059a63d555
2409,train,run5|6188bb8fec88c244e9b5f0bb
2410,val,run5|4a699a0d4478095c7149d7ab
2411,train,run5|6cdecba370099aec37f4110c
2412,test,run5|cbe34981984709430821e9f2
2413,train,run5|a53dcb60e1b90f5f1b3ab8f5
2414,test,run5|2169b88d15181a50189ca232
2415,val,run5|837b6211c3690b7edd018dfb
2416,train,run5|559ea6fcc229e773e5255d3f
2417,train,run5|3d3bdd03964112a4ec0e0e66
2418,train,run5|e2af81541d597491752941a1
2419,train,run5|ca26b176fd93c68711869a32
2420,train,run5|eb6314b0878ab41d120c2c68
2421,val,run5|55c1dfa790aae80968a98457
2422,train,run5|fbc6ca6ccff85bee876a10ed
2423,train,run5|c6aee9df87b2dbf86b22fa6c
2424,train,run5|4a36702058fa2ffdd3184acf
2425,train,run5|c480f2570e1c58d65946215a
2426,val,run5|24b316a484705f482fb89a92
2427,train,run5|407eaad50a1560a5bf24e2de
2428,test,run5|cd15462ee493ed94a0e9d581
2429,test,run5|e39ae5c698872d3bf005a453
2430,test,run5|8bce01f9f1c738cf9048655b
2431,train,run5|d0a6b9d4cd1f30fde486e347
2432,val,run5|2ff66217a2c9c4274bf6db95
2433,test,run5|cbf972f9decbb394fdbb7011
2434,val,run5|fc680d75d4cbff07e0c99e13
2435,test,run5|7e1f1033a92a90cac36cfd95
2436,test,run5|3db8f8beacee587eb1ff2269
2437,test,run5|0a6d2b2005284307da684370
2438,val,run5|445ed6cd68242523fbb46351
2439,train,run5|48907671a0cec37b0830127f
2440,train,run5|30daf0246d9a1010b94e91a4
2441,train,run5|2f60d94307efdbe4f7a83edf
2442,train,run5|c24da07662a09b8f2ff3a87a
2443,test,run5|e462bf62ca83f55079d7df90
2444,train,run5|34bf84cd68e774ccade48508
2445,train,run5|17a03b8b075b9684d6f17369
2446,train,run5|7c7f7cf9c172a52ba672d395
2447,train,run5|dae201e9aecab2a01379327a
2448,train,run5|df8f285eb261c9ff79bc8763
2449,train,run5|668a8e6a64ca9061160b7560
2450,train,run5|fcd18c51d37dbffda628cf36
2451,val,run5|f2c1dbeae13f503f749e9a1a
2452,test,run5|5de6b62af025051d7f357d36
2453,train,run5|a13e1c1eed0a5253e5957b5f
2454,test,run5|db118dec11fbf69dceca8cbd
2455,train,run5|0456cb3ade69d236d1954a17
2456,test,run5|129f9b92d49617550032cdf2
2457,val,run5|15d796c063c85caed10cfce7
2458,val,run5|fbb552d23472b2e7479f212e
2459,train,run5|18b0d25d446296279f2cac1d
2460,train,run5|d1b4edd93d3dde197674b578
2461,val,run5|f21818758e5c37575afdb75b
2462,train,run5|ee64f87ec9da035d45f8d721
2463,train,run5|9dc386aef65e44d0756f09e9
2464,train,run5|1353e2aa19e58564966479ba
2465,train,run5|5c52c9ce3e7d8f183ee2efa4
2466,test,run5|c784d7a920561a0a98a437e2
2467,train,run5|9c7a151ce84ab86431284e83
2468,train,run5|ebc05002aedf02cfccf760af
2469,train,run5|7aafb3508052762c70d52e02
2470,train,run5|5d8aeef9a03b420faeb8e6ba
2471,train,run5|24e789023ffa1d059a63d555
2472,train,run5|6188bb8fec88c244e9b5f0bb
2473,val,run5|4a699a0d4478095c7149d7ab
2474,train,run5|6cdecba370099aec37f4110c
2475,test,run5|cbe34981984709430821e9f2
2476,train,run5|a53dcb60e1b90f5f1b3ab8f5
2477,test,run5|2169b88d15181a50189ca232
2478,val,run5|837b6211c3690b7edd018dfb
2479,train,run5|559ea6fcc229e773e5255d3f
2480,train,run5|3d3bdd03964112a4ec0e0e66
2481,train,run5|e2af81541d597491752941a1
2482,train,run5|ca26b176fd93c68711869a32
2483,train,run5|eb6314b0878ab41d120c2c68
2484,val,run5|55c1dfa790aae80968a98457
2485,train,run5|fbc6ca6ccff85bee876a10ed
2486,train,run5|c6aee9df87b2dbf86b22fa6c
2487,train,run5|4a36702058fa2ffdd3184acf
2488,train,run5|c480f2570e1c58d65946215a
2489,val,run5|24b316a484705f482fb89a92
2490,train,run5|407eaad50a1560a5bf24e2de
2491,test,run5|cd15462ee493ed94a0e9d581
2492,test,run5|e39ae5c698872d3bf005a453
2493,test,run5|8bce01f9f1c738cf9048655b
2494,train,run5|d0a6b9d4cd1f30fde486e347
2495,val,run5|2ff66217a2c9c4274bf6db95
2496,test,run5|cbf972f9decbb394fdbb7011
2497,val,run5|fc680d75d4cbff07e0c99e13
2498,test,run5|7e1f1033a92a90cac36cfd95
2499,test,run5|3db8f8beacee587eb1ff2269
2500,test,run5|0a6d2b2005284307da684370
2501,val,run5|445ed6cd68242523fbb46351
2502,train,run5|48907671a0cec37b0830127f
2503,train,run5|30daf0246d9a1010b94e91a4
2504,train,run5|2f60d94307efdbe4f7a83edf
2505,train,run5|c24da07662a09b8f2ff3a87a
2506,test,run5|e462bf62ca83f55079d7df90
2507,train,run5|34bf84cd68e774ccade48508
2508,train,run5|17a03b8b075b9684d6f17369
2509,train,run5|7c7f7cf9c172a52ba672d395
2510,train,run5|dae201e9aecab2a01379327a
2511,train,run5|df8f285eb261c9ff79bc8763
2512,train,run5|668a8e6a64ca9061160b7560
2513,train,run5|fcd18c51d37dbffda628cf36
2514,val,run5|f2c1dbeae13f503f749e9a1a
2515,test,run5|5de6b62af025051d7f357d36
2516,train,run5|a13e1c1eed0a5253e5957b5f
2517,test,run5|db118dec11fbf69dceca8cbd
2518,train,run5|0456cb3ade69d236d1954a17
2519,test,run5|129f9b92d49617550032cdf2
2520,val,run5|15d796c063c85caed10cfce7
2521,val,run5|fbb552d23472b2e7479f212e
2522,train,run5|18b0d25d446296279f2cac1d
2523,train,run5|d1b4edd93d3dde197674b578
2524,val,run5|f21818758e5c37575afdb75b
2525,train,run5|ee64f87ec9da035d45f8d721
2526,train,run5|9dc386aef65e44d0756f09e9
2527,train,run5|1353e2aa19e58564966479ba
2528,train,run5|5c52c9ce3e7d8f183ee2efa4
2529,test,run5|c784d7a920561a0a98a437e2
2530,train,run5|9c7a151ce84ab86431284e83
2531,train,run5|ebc05002aedf02cfccf760af
2532,train,run5|7aafb3508052762c70d52e02
2533,train,run5|5d8aeef9a03b420faeb8e6ba
2534,train,run5|24e789023ffa1d059a63d555
2535,train,run5|6188bb8fec88c244e9b5f0bb
2536,val,run5|4a699a0d4478095c7149d7ab
2537,train,run5|6cdecba370099aec37f4110c
2538,test,run5|cbe34981984709430821e9f2
2539,train,run5|a53dcb60e1b90f5f1b3ab8f5
2540,test,run5|2169b88d15181a50189ca232
2541,val,run5|837b6211c3690b7edd018dfb
2542,train,run5|559ea6fcc229e773e5255d3f
2543,train,run5|3d3bdd03964112a4ec0e0e66
2544,train,run5|e2af81541d597491752941a1
2545,train,run5|ca26b176fd93c68711869a32
2546,train,run5|eb6314b0878ab41d120c2c68
2547,val,run5|55c1dfa790aae80968a98457
2548,train,run5|fbc6ca6ccff85bee876a10ed
2549,train,run5|c6aee9df87b2dbf86b22fa6c
2550,train,run5|4a36702058fa2ffdd3184acf
2551,train,run5|c480f2570e1c58d65946215a
2552,val,run5|24b316a484705f482fb89a92
2553,train,run5|407eaad50a1560a5bf24e2de
2554,test,run5|cd15462ee493ed94a0e9d581
2555,test,run5|e39ae5c698872d3bf005a453
2556,test,run5|8bce01f9f1c738cf9048655b
2557,train,run5|d0a6b9d4cd1f30fde486e347
2558,val,run5|2ff66217a2c9c4274bf6db95
2559,test,run5|cbf972f9decbb394fdbb7011
2560,val,run5|fc680d75d4cbff07e0c99e13
2561,test,run5|7e1f1033a92a90cac36cfd95
2562,test,run5|3db8f8beacee587eb1ff2269
2563,test,run5|0a6d2b2005284307da684370
2564,val,run5|445ed6cd68242523fbb46351
2565,train,run5|48907671a0cec37b0830127f
2566,train,run5|30daf0246d9a1010b94e91a4
2567,train,run5|2f60d94307efdbe4f7a83edf
2568,train,run5|c24da07662a09b8f2ff3a87a
2569,test,run5|e462bf62ca83f55079d7df90
2570,train,run5|34bf84cd68e774ccade48508
2571,train,run5|17a03b8b075b9684d6f17369
2572,train,run5|7c7f7cf9c172a52ba672d395
2573,train,run5|dae201e9aecab2a01379327a
2574,train,run5|df8f285eb261c9ff79bc8763
2575,train,run5|668a8e6a64ca9061160b7560
2576,train,run5|fcd18c51d37dbffda628cf36
2577,val,run5|f2c1dbeae13f503f749e9a1a
2578,test,run5|5de6b62af025051d7f357d36
2579,train,run5|a13e1c1eed0a5253e5957b5f
2580,test,run5|db118dec11fbf69dceca8cbd
2581,train,run5|0456cb3ade69d236d1954a17
2582,test,run5|129f9b92d49617550032cdf2
2583,val,run5|15d796c063c85caed10cfce7
2584,val,run5|fbb552d23472b2e7479f212e
2585,train,run5|18b0d25d446296279f2cac1d
2586,train,run5|d1b4edd93d3dde197674b578
2587,val,run5|f21818758e5c37575afdb75b
2588,train,run5|ee64f87ec9da035d45f8d721
2589,train,run5|9dc386aef65e44d0756f09e9
2590,train,run5|1353e2aa19e58564966479ba
2591,train,run5|5c52c9ce3e7d8f183ee2efa4
2592,test,run5|c784d7a920561a0a98a437e2
2593,train,run5|9c7a151ce84ab86431284e83
2594,train,run5|ebc05002aedf02cfccf760af
2595,train,run5|7aafb3508052762c70d52e02
2596,train,run5|5d8aeef9a03b420faeb8e6ba
2597,train,run5|24e789023ffa1d059a63d555
2598,train,run5|6188bb8fec88c244e9b5f0bb
2599,val,run5|4a699a0d4478095c7149d7ab
2600,train,run5|6cdecba370099aec37f4110c
2601,test,run5|cbe34981984709430821e9f2
2602,train,run5|a53dcb60e1b90f5f1b3ab8f5
2603,test,run5|2169b88d15181a50189ca232
2604,val,run5|837b6211c3690b7edd018dfb
2605,train,run5|559ea6fcc229e773e5255d3f
2606,train,run5|3d3bdd03964112a4ec0e0e66
2607,train,run5|e2af81541d597491752941a1
2608,train,run5|ca26b176fd93c68711869a32
2609,train,run5|eb6314b0878ab41d120c2c68
2610,val,run5|55c1dfa790aae80968a98457
2611,train,run5|fbc6ca6ccff85bee876a10ed
2612,train,run5|c6aee9df87b2dbf86b22fa6c
2613,train,run5|4a36702058fa2ffdd3184acf
2614,train,run5|c480f2570e1c58d65946215a
2615,val,run5|24b316a484705f482fb89a92
2616,train,run5|407eaad50a1560a5bf24e2de
2617,test,run5|cd15462ee493ed94a0e9d581
2618,test,run5|e39ae5c698872d3bf005a453
2619,test,run5|8bce01f9f1c738cf9048655b
2620,train,run5|d0a6b9d4cd1f30fde486e347
2621,val,run5|2ff66217a2c9c4274bf6db95
2622,test,run5|cbf972f9decbb394fdbb7011
2623,val,run5|fc680d75d4cbff07e0c99e13
2624,test,run5|7e1f1033a92a90cac36cfd95
2625,test,run5|3db8f8beacee587eb1ff2269
2626,test,run5|0a6d2b2005284307da684370
2627,val,run5|445ed6cd68242523fbb46351
2628,train,run5|48907671a0cec37b0830127f
2629,train,run5|30daf0246d9a1010b94e91a4
2630,train,run5|2f60d94307efdbe4f7a83edf
2631,train,run5|c24da07662a09b8f2ff3a87a
2632,test,run5|e462bf62ca83f55079d7df90
2633,train,run5|34bf84cd68e774ccade48508
2634,train,run5|17a03b8b075b9684d6f17369
2635,train,run5|7c7f7cf9c172a52ba672d395
2636,train,run5|dae201e9aecab2a01379327a
2637,train,run5|df8f285eb261c9ff79bc8763
2638,train,run5|668a8e6a64ca9061160b7560
2639,train,run5|fcd18c51d37dbffda628cf36
2640,val,run5|f2c1dbeae13f503f749e9a1a
2641,test,run5|5de6b62af025051d7f357d36
2642,train,run5|a13e1c1eed0a5253e5957b5f
2643,test,run5|db118dec11fbf69dceca8cbd
2644,train,run5|0456cb3ade69d236d1954a17
2645,test,run5|129f9b92d49617550032cdf2
2646,val,run5|15d796c063c85caed10cfce7
2647,val,run5|fbb552d23472b2e7479f212e
2648,train,run5|18b0d25d446296279f2cac1d
2649,train,run5|d1b4edd93d3dde197674b578
2650,val,run5|f21818758e5c37575afdb75b
2651,train,run5|ee64f87ec9da035d45f8d721
2652,train,run5|9dc386aef65e44d0756f09e9
2653,train,run5|1353e2aa19e58564966479ba
2654,train,run5|5c52c9ce3e7d8f183ee2efa4
2655,test,run5|c784d7a920561a0a98a437e2
2656,train,run5|9c7a151ce84ab86431284e83
2657,train,run5|ebc05002aedf02cfccf760af
2658,train,run5|7aafb3508052762c70d52e02
2659,train,run5|5d8aeef9a03b420faeb8e6ba
2660,train,run5|24e789023ffa1d059a63d555
2661,train,run5|6188bb8fec88c244e9b5f0bb
2662,val,run5|4a699a0d4478095c7149d7ab
2663,train,run5|6cdecba370099aec37f4110c
2664,test,run5|cbe34981984709430821e9f2
2665,train,run5|a53dcb60e1b90f5f1b3ab8f5
2666,test,run5|2169b88d15181a50189ca232
2667,val,run5|837b6211c3690b7edd018dfb
2668,train,run5|559ea6fcc229e773e5255d3f
2669,train,run5|3d3bdd03964112a4ec0e0e66
2670,train,run5|e2af81541d597491752941a1
2671,train,run5|ca26b176fd93c68711869a32
2672,train,run5|eb6314b0878ab41d120c2c68
2673,val,run5|55c1dfa790aae80968a98457
2674,train,run5|fbc6ca6ccff85bee876a10ed
2675,train,run5|c6aee9df87b2dbf86b22fa6c
2676,train,run5|4a36702058fa2ffdd3184acf
2677,train,run5|c480f2570e1c58d65946215a
2678,val,run5|24b316a484705f482fb89a92
2679,train,run5|407eaad50a1560a5bf24e2de
2680,test,run5|cd15462ee493ed94a0e9d581
2681,test,run5|e39ae5c698872d3bf005a453
2682,test,run5|8bce01f9f1c738cf9048655b
2683,train,run5|d0a6b9d4cd1f30fde486e347
2684,val,run5|2ff66217a2c9c4274bf6db95
2685,test,run5|cbf972f9decbb394fdbb7011
2686,val,run5|fc680d75d4cbff07e0c99e13
2687,test,run5|7e1f1033a92a90cac36cfd95
2688,test,run5|3db8f8beacee587eb1ff2269
2689,test,run5|0a6d2b2005284307da684370
2690,val,run5|445ed6cd68242523fbb46351
2691,train,run5|48907671a0cec37b0830127f
2692,train,run5|30daf0246d9a1010b94e91a4
2693,train,run5|2f60d94307efdbe4f7a83edf
2694,train,run5|c24da07662a09b8f2ff3a87a
2695,test,run5|e462bf62ca83f55079d7df90
2696,train,run5|34bf84cd68e774ccade48508
2697,train,run5|17a03b8b075b9684d6f17369
2698,train,run5|7c7f7cf9c172a52ba672d395
2699,train,run5|dae201e9aecab2a01379327a
2700,train,run5|df8f285eb261c9ff79bc8763
2701,train,run5|668a8e6a64ca9061160b7560
2702,train,run5|fcd18c51d37dbffda628cf36
2703,val,run5|f2c1dbeae13f503f749e9a1a
2704,test,run5|5de6b62af025051d7f357d36
2705,train,run5|a13e1c1eed0a5253e5957b5f
2706,test,run5|db118dec11fbf69dceca8cbd
2707,train,run5|0456cb3ade69d236d1954a17
2708,test,run5|129f9b92d49617550032cdf2
2709,val,run5|15d796c063c85caed10cfce7
2710,val,run5|fbb552d23472b2e7479f212e
2711,train,run5|18b0d25d446296279f2cac1d
2712,train,run5|d1b4edd93d3dde197674b578
2713,val,run5|f21818758e5c37575afdb75b
2714,train,run5|ee64f87ec9da035d45f8d721
2715,train,run5|9dc386aef65e44d0756f09e9
2716,train,run5|1353e2aa19e58564966479ba
2717,train,run5|5c52c9ce3e7d8f183ee2efa4
2718,test,run5|c784d7a920561a0a98a437e2
2719,train,run5|9c7a151ce84ab86431284e83
2720,train,run5|ebc05002aedf02cfccf760af
2721,train,run5|7aafb3508052762c70d52e02
2722,train,run5|5d8aeef9a03b420faeb8e6ba
2723,train,run5|24e789023ffa1d059a63d555
2724,train,run5|6188bb8fec88c244e9b5f0bb
2725,val,run5|4a699a0d4478095c7149d7ab
2726,train,run5|6cdecba370099aec37f4110c
2727,test,run5|cbe34981984709430821e9f2
2728,train,run5|a53dcb60e1b90f5f1b3ab8f5
2729,test,run5|2169b88d15181a50189ca232
2730,val,run5|837b6211c3690b7edd018dfb
2731,train,run5|559ea6fcc229e773e5255d3f
2732,train,run5|3d3bdd03964112a4ec0e0e66
2733,train,run5|e2af81541d597491752941a1
2734,train,run5|ca26b176fd93c68711869a32
2735,train,run5|24fffe31996c1117b2ea2e93
2736,train,run5|aa26b18c886267308fd83f84
2737,train,run5|f19a1bb91c051bb866e7feca
2738,train,run5|c2298fa8bc464532326872c8
2739,train,run5|eb6314b0878ab41d120c2c68
2740,val,run5|55c1dfa790aae80968a98457
2741,train,run5|fbc6ca6ccff85bee876a10ed
2742,train,run5|c6aee9df87b2dbf86b22fa6c
2743,train,run5|4a36702058fa2ffdd3184acf
2744,train,run5|c480f2570e1c58d65946215a
2745,val,run5|24b316a484705f482fb89a92
2746,train,run5|407eaad50a1560a5bf24e2de
2747,test,run5|cd15462ee493ed94a0e9d581
2748,test,run5|e39ae5c698872d3bf005a453
2749,test,run5|8bce01f9f1c738cf9048655b
2750,train,run5|d0a6b9d4cd1f30fde486e347
2751,val,run5|2ff66217a2c9c4274bf6db95
2752,test,run5|cbf972f9decbb394fdbb7011
2753,val,run5|fc680d75d4cbff07e0c99e13
2754,test,run5|7e1f1033a92a90cac36cfd95
2755,test,run5|3db8f8beacee587eb1ff2269
2756,test,run5|0a6d2b2005284307da684370
2757,val,run5|445ed6cd68242523fbb46351
2758,train,run5|48907671a0cec37b0830127f
2759,train,run5|30daf0246d9a1010b94e91a4
2760,train,run5|2f60d94307efdbe4f7a83edf
2761,train,run5|c24da07662a09b8f2ff3a87a
2762,test,run5|e462bf62ca83f55079d7df90
2763,train,run5|34bf84cd68e774ccade48508
2764,train,run5|17a03b8b075b9684d6f17369
2765,train,run5|7c7f7cf9c172a52ba672d395
2766,train,run5|dae201e9aecab2a01379327a
2767,train,run5|df8f285eb261c9ff79bc8763
2768,train,run5|668a8e6a64ca9061160b7560
2769,train,run5|fcd18c51d37dbffda628cf36
2770,val,run5|f2c1dbeae13f503f749e9a1a
2771,test,run5|5de6b62af025051d7f357d36
2772,train,run5|a13e1c1eed0a5253e5957b5f
2773,test,run5|db118dec11fbf69dceca8cbd
2774,train,run5|0456cb3ade69d236d1954a17
2775,test,run5|129f9b92d49617550032cdf2
2776,val,run5|15d796c063c85caed10cfce7
2777,val,run5|fbb552d23472b2e7479f212e
2778,train,run5|18b0d25d446296279f2cac1d
2779,train,run5|d1b4edd93d3dde197674b578
2780,val,run5|f21818758e5c37575afdb75b
2781,train,run5|ee64f87ec9da035d45f8d721
2782,train,run5|9dc386aef65e44d0756f09e9
2783,train,run5|1353e2aa19e58564966479ba
2784,train,run5|5c52c9ce3e7d8f183ee2efa4
2785,test,run5|c784d7a920561a0a98a437e2
2786,train,run5|9c7a151ce84ab86431284e83
2787,train,run5|ebc05002aedf02cfccf760af
2788,train,run5|7aafb3508052762c70d52e02
2789,train,run5|5d8aeef9a03b420faeb8e6ba
2790,train,run5|24e789023ffa1d059a63d555
2791,train,run5|6188bb8fec88c244e9b5f0bb
2792,val,run5|4a699a0d4478095c7149d7ab
2793,train,run5|6cdecba370099aec37f4110c
2794,test,run5|cbe34981984709430821e9f2
2795,train,run5|a53dcb60e1b90f5f1b3ab8f5
2796,test,run5|2169b88d15181a50189ca232
2797,val,run5|837b6211c3690b7edd018dfb
2798,train,run5|559ea6fcc229e773e5255d3f
2799,train,run5|3d3bdd03964112a4ec0e0e66
2800,train,run5|e2af81541d597491752941a1
2801,train,run5|ca26b176fd93c68711869a32
2802,val,run5|573881dcfc68d1e08b53f3f9
2803,val,run5|cdb61a95a956b92a6329bbe5
2804,train,run5|eb6314b0878ab41d120c2c68
2805,val,run5|55c1dfa790aae80968a98457
2806,train,run5|fbc6ca6ccff85bee876a10ed
2807,train,run5|c6aee9df87b2dbf86b22fa6c
2808,train,run5|4a36702058fa2ffdd3184acf
2809,train,run5|c480f2570e1c58d65946215a
2810,val,run5|24b316a484705f482fb89a92
2811,train,run5|407eaad50a1560a5bf24e2de
2812,test,run5|cd15462ee493ed94a0e9d581
2813,test,run5|e39ae5c698872d3bf005a453
2814,test,run5|8bce01f9f1c738cf9048655b
2815,train,run5|d0a6b9d4cd1f30fde486e347
2816,val,run5|2ff66217a2c9c4274bf6db95
2817,test,run5|cbf972f9decbb394fdbb7011
2818,val,run5|fc680d75d4cbff07e0c99e13
2819,test,run5|7e1f1033a92a90cac36cfd95
2820,test,run5|3db8f8beacee587eb1ff2269
2821,test,run5|0a6d2b2005284307da684370
2822,val,run5|445ed6cd68242523fbb46351
2823,train,run5|48907671a0cec37b0830127f
2824,train,run5|30daf0246d9a1010b94e91a4
2825,train,run5|2f60d94307efdbe4f7a83edf
2826,train,run5|c24da07662a09b8f2ff3a87a
2827,test,run5|e462bf62ca83f55079d7df90
2828,train,run5|34bf84cd68e774ccade48508
2829,train,run5|17a03b8b075b9684d6f17369
2830,train,run5|7c7f7cf9c172a52ba672d395
2831,train,run5|dae201e9aecab2a01379327a
2832,train,run5|df8f285eb261c9ff79bc8763
2833,train,run5|668a8e6a64ca9061160b7560
2834,train,run5|fcd18c51d37dbffda628cf36
2835,val,run5|f2c1dbeae13f503f749e9a1a
2836,test,run5|5de6b62af025051d7f357d36
2837,train,run5|a13e1c1eed0a5253e5957b5f
2838,test,run5|db118dec11fbf69dceca8cbd
2839,train,run5|0456cb3ade69d236d1954a17
2840,test,run5|129f9b92d49617550032cdf2
2841,val,run5|15d796c063c85caed10cfce7
2842,val,run5|fbb552d23472b2e7479f212e
2843,train,run5|18b0d25d446296279f2cac1d
2844,train,run5|d1b4edd93d3dde197674b578
2845,val,run5|f21818758e5c37575afdb75b
2846,train,run5|ee64f87ec9da035d45f8d721
2847,train,run5|9dc386aef65e44d0756f09e9
2848,train,run5|1353e2aa19e58564966479ba
2849,train,run5|5c52c9ce3e7d8f183ee2efa4
2850,test,run5|c784d7a920561a0a98a437e2
2851,train,run5|9c7a151ce84ab86431284e83
2852,train,run5|ebc05002aedf02cfccf760af
2853,train,run5|7aafb3508052762c70d52e02
2854,train,run5|5d8aeef9a03b420faeb8e6ba
2855,train,run5|24e789023ffa1d059a63d555
2856,train,run5|6188bb8fec88c244e9b5f0bb
2857,val,run5|4a699a0d4478095c7149d7ab
2858,train,run5|6cdecba370099aec37f4110c
2859,test,run5|cbe34981984709430821e9f2
2860,train,run5|a53dcb60e1b90f5f1b3ab8f5
2861,test,run5|2169b88d15181a50189ca232
2862,val,run5|837b6211c3690b7edd018dfb
2863,train,run5|559ea6fcc229e773e5255d3f
2864,train,run5|3d3bdd03964112a4ec0e0e66
2865,train,run5|e2af81541d597491752941a1
2866,train,run5|ca26b176fd93c68711869a32
2867,train,run5|35f2790e35c9713d85c4f43d
2868,train,run5|377f8220ca664ea3ab734298
2869,train,run6|61a8e02961e7c9cb012c762a
2870,train,run6|30aaea540600cd069678d52c
2871,train,run6|3c9f657763c8dbbb46c8cc1f
2872,train,run6|36298827aabc074211c6ba8e
2873,train,run6|74e87898be36acee3c07f05c
2874,train,run6|4cc09deeb60de85fac88bc24
2875,val,run6|e403ed08f16f3cd268121104
2876,train,run6|ce0c0c1ccaa95b47cd7bd096
2877,val,run6|551302e8ca0a735b57f5cfaf
2878,test,run6|e0081ead598adec72193623f
2879,test,run6|9a0648d803347b06e43e6fbc
2880,test,run6|2c3ca93d808041e5ce015d1a
2881,train,run6|337c75ae76e6148f4f361ead
2882,test,run6|ca44726d03e762720016593f
2883,val,run6|66e38e78340e0134a2322dbc
2884,val,run6|93adaa7b4bb237bc93c1991f
2885,test,run6|2ff82b67c8d9c54ac60f0208
2886,val,run6|eb6db0d0fae0f8c9cf2bd868
2887,train,run6|7ddba9ba46b4387f03ded2a6
2888,train,run6|a152272f5fd3e61a1e43b0f7
2889,test,run6|bbfa791205d296e590caa447
2890,train,run6|216888ee59756e2ea995f580
2891,test,run6|6483abc10f1cf03787090efc
2892,val,run6|2f0f488d2999f2f7f3d76285
2893,val,run6|03f88881c520782e9eca97ee
2894,val,run6|452ea8502dc10c18138810b3
2895,train,run6|0388b60b9dc0baa13f1fed00
2896,test,run6|6bb3d95742fc2e59a8812aaa
2897,train,run6|545709b002f943fb6c971a87
2898,train,run6|dd8c2d208a94501623d1a2fa
2899,train,run6|720367b3b8b0d3934ed69180
2900,test,run6|5d4c14d26495dd33b02a6094
2901,train,run6|0aa7c2f66b5bd3b3fbad70a6
2902,train,run6|fec7e41d79171cb596bd4a73
2903,train,run6|b3f97342dbe5a768cbdac012
2904,test,run6|0d0a0841f160550cb8478b01
2905,train,run6|8075dfd644eb68c9ef9d1693
2906,test,run6|b8247982ff1146cece5469c6
2907,val,run6|110b125067d982deb43dde17
2908,test,run6|7616fc4f0230806e99052322
2909,test,run6|e1ef4f87bc3cbe7912ccf604
2910,train,run6|9e478abb94f4aaaf63ae32b1
2911,train,run6|a2fb887f78a915e24a49526a
2912,train,run6|e82c04b6b9e98b2b6785b7ed
2913,test,run6|4e9a7c95aa39cbd1bd9fc188
2914,train,run6|cfee8d3673404f2340b6297a
2915,train,run6|72886752f3f45843e43cd63e
2916,train,run6|bac43f90f1ec6e56b2254015
2917,train,run6|c8f25d0ee254d624dd86ac34
2918,train,run6|602d84840359676e4107af75
2919,test,run6|2fde63f1263d81f4a6ddeb26
2920,val,run6|d18bfeebe9f3a993169e31a6
2921,train,run6|bfe305571163c443d0aebaf8
2922,val,run6|be8e7b77ac1a4605b18618ef
2923,train,run6|ee6c301322a741b030ccdf86
2924,val,run6|5f3ba1300a6f04e5a9109850
2925,val,run6|ea86dd1ed422169ed490ff10
2926,train,run6|23e1fa25ee15f008887b5de1
2927,test,run6|ca8c39b7b028e04a6960a3df
2928,train,run6|61e45d1892ca79b004a52a76
2929,val,run6|ace53da58c99f0777529ac66
2930,train,run6|665c65c8448d014ddb71f24a
2931,train,run6|40fac88f2ba8685edf6551ac
2932,train,run6|21339dfca79ed90be7ec1d0a
2933,test,run6|f087422136c30a01a7d67ed5
2934,train,run6|4c2aca77c3e233d52fa3fd80
2935,train,run6|173a0db5bf7b669dc782d976
2936,train,run6|afc5b179b3bc23c1214baf8d
2937,train,run6|a91fc65c052b82328f7b7b40
2938,train,run6|2ebbc3ee43e9acf4ad98e5c1
2939,train,run6|0fcb695baa4ce600f604543c
2940,train,run6|48147ccb6ba0f98609833152
2941,val,run6|885a4e5e6d586bbe0848d6e8
2942,test,run6|fc0167045d33ed00177fa3c7
2943,test,run6|d969c6493d8d2a0336e882c8
2944,test,run6|858c7a13d83118927adaf4ac
2945,train,run6|b82dba81c0485cec9e7fd5f0
2946,test,run6|227f8876f39c62b46a9ab7a7
2947,test,run6|70c147d9831bbef76a59a037
2948,train,run6|61a8e02961e7c9cb012c762a
2949,train,run6|30aaea540600cd069678d52c
2950,train,run6|3c9f657763c8dbbb46c8cc1f
2951,train,run6|36298827aabc074211c6ba8e
2952,train,run6|74e87898be36acee3c07f05c
2953,train,run6|4cc09deeb60de85fac88bc24
2954,val,run6|e403ed08f16f3cd268121104
2955,train,run6|ce0c0c1ccaa95b47cd7bd096
2956,val,run6|551302e8ca0a735b57f5cfaf
2957,test,run6|e0081ead598adec72193623f
2958,test,run6|9a0648d803347b06e43e6fbc
2959,test,run6|2c3ca93d808041e5ce015d1a
2960,train,run6|337c75ae76e6148f4f361ead
2961,test,run6|ca44726d03e762720016593f
2962,val,run6|66e38e78340e0134a2322dbc
2963,val,run6|93adaa7b4bb237bc93c1991f
2964,test,run6|2ff82b67c8d9c54ac60f0208
2965,val,run6|eb6db0d0fae0f8c9cf2bd868
2966,train,run6|7ddba9ba46b4387f03ded2a6
2967,train,run6|a152272f5fd3e61a1e43b0f7
2968,test,run6|bbfa791205d296e590caa447
2969,train,run6|216888ee59756e2ea995f580
2970,test,run6|6483abc10f1cf03787090efc
2971,val,run6|2f0f488d2999f2f7f3d76285
2972,val,run6|03f88881c520782e9eca97ee
2973,val,run6|452ea8502dc10c18138810b3
2974,train,run6|0388b60b9dc0baa13f1fed00
2975,test,run6|6bb3d95742fc2e59a8812aaa
2976,train,run6|545709b002f943fb6c971a87
2977,train,run6|dd8c2d208a94501623d1a2fa
2978,train,run6|720367b3b8b0d3934ed69180
2979,test,run6|5d4c14d26495dd33b02a6094
2980,train,run6|0aa7c2f66b5bd3b3fbad70a6
2981,train,run6|fec7e41d79171cb596bd4a73
2982,train,run6|b3f97342dbe5a768cbdac012
2983,test,run6|0d0a0841f160550cb8478b01
2984,train,run6|8075dfd644eb68c9ef9d1693
2985,test,run6|b8247982ff1146cece5469c6
2986,val,run6|110b125067d982deb43dde17
2987,test,run6|7616fc4f0230806e99052322
2988,test,run6|e1ef4f87bc3cbe7912ccf604
2989,train,run6|9e478abb94f4aaaf63ae32b1
2990,train,run6|a2fb887f78a915e24a49526a
2991,train,run6|e82c04b6b9e98b2b6785b7ed
2992,test,run6|4e9a7c95aa39cbd1bd9fc188
2993,train,run6|cfee8d3673404f2340b6297a
2994,train,run6|72886752f3f45843e43cd63e
2995,train,run6|bac43f90f1ec6e56b2254015
2996,train,run6|c8f25d0ee254d624dd86ac34
2997,train,run6|602d84840359676e4107af75
2998,test,run6|2fde63f1263d81f4a6ddeb26
2999,val,run6|d18bfeebe9f3a993169e31a6
3000,train,run6|bfe305571163c443d0aebaf8
3001,val,run6|be8e7b77ac1a4605b18618ef
3002,train,run6|ee6c301322a741b030ccdf86
3003,val,run6|5f3ba1300a6f04e5a9109850
3004,val,run6|ea86dd1ed422169ed490ff10
3005,train,run6|23e1fa25ee15f008887b5de1
3006,test,run6|ca8c39b7b028e04a6960a3df
3007,train,run6|61e45d1892ca79b004a52a76
3008,val,run6|ace53da58c99f0777529ac66
3009,train,run6|665c65c8448d014ddb71f24a
3010,train,run6|40fac88f2ba8685edf6551ac
3011,train,run6|61a8e02961e7c9cb012c762a
3012,train,run6|30aaea540600cd069678d52c
3013,train,run6|3c9f657763c8dbbb46c8cc1f
3014,train,run6|36298827aabc074211c6ba8e
3015,train,run6|74e87898be36acee3c07f05c
3016,train,run6|4cc09deeb60de85fac88bc24
3017,val,run6|e403ed08f16f3cd268121104
3018,train,run6|ce0c0c1ccaa95b47cd7bd096
3019,val,run6|551302e8ca0a735b57f5cfaf
3020,test,run6|e0081ead598adec72193623f
3021,test,run6|9a0648d803347b06e43e6fbc
3022,test,run6|2c3ca93d808041e5ce015d1a
3023,train,run6|337c75ae76e6148f4f361ead
3024,test,run6|ca44726d03e762720016593f
3025,val,run6|66e38e78340e0134a2322dbc
3026,val,run6|93adaa7b4bb237bc93c1991f
3027,test,run6|2ff82b67c8d9c54ac60f0208
3028,val,run6|eb6db0d0fae0f8c9cf2bd868
3029,train,run6|7ddba9ba46b4387f03ded2a6
3030,train,run6|a152272f5fd3e61a1e43b0f7
3031,test,run6|bbfa791205d296e590caa447
3032,train,run6|216888ee59756e2ea995f580
3033,test,run6|6483abc10f1cf03787090efc
3034,val,run6|2f0f488d2999f2f7f3d76285
3035,val,run6|03f88881c520782e9eca97ee
3036,val,run6|452ea8502dc10c18138810b3
3037,train,run6|0388b60b9dc0baa13f1fed00
3038,test,run6|6bb3d95742fc2e59a8812aaa
3039,train,run6|545709b002f943fb6c971a87
3040,train,run6|dd8c2d208a94501623d1a2fa
3041,train,run6|720367b3b8b0d3934ed69180
3042,test,run6|5d4c14d26495dd33b02a6094
3043,train,run6|0aa7c2f66b5bd3b3fbad70a6
3044,train,run6|fec7e41d79171cb596bd4a73
3045,train,run6|b3f97342dbe5a768cbdac012
3046,test,run6|0d0a0841f160550cb8478b01
3047,train,run6|8075dfd644eb68c9ef9d1693
3048,test,run6|b8247982ff1146cece5469c6
3049,val,run6|110b125067d982deb43dde17
3050,test,run6|7616fc4f0230806e99052322
3051,test,run6|e1ef4f87bc3cbe7912ccf604
3052,train,run6|9e478abb94f4aaaf63ae32b1
3053,train,run6|a2fb887f78a915e24a49526a
3054,train,run6|e82c04b6b9e98b2b6785b7ed
3055,test,run6|4e9a7c95aa39cbd1bd9fc188
3056,train,run6|cfee8d3673404f2340b6297a
3057,train,run6|72886752f3f45843e43cd63e
3058,train,run6|bac43f90f1ec6e56b2254015
3059,train,run6|c8f25d0ee254d624dd86ac34
3060,train,run6|602d84840359676e4107af75
3061,test,run6|2fde63f1263d81f4a6ddeb26
3062,val,run6|d18bfeebe9f3a993169e31a6
3063,train,run6|bfe305571163c443d0aebaf8
3064,val,run6|be8e7b77ac1a4605b18618ef
3065,train,run6|ee6c301322a741b030ccdf86
3066,val,run6|5f3ba1300a6f04e5a9109850
3067,val,run6|ea86dd1ed422169ed490ff10
3068,train,run6|23e1fa25ee15f008887b5de1
3069,test,run6|ca8c39b7b028e04a6960a3df
3070,train,run6|61e45d1892ca79b004a52a76
3071,val,run6|ace53da58c99f0777529ac66
3072,train,run6|665c65c8448d014ddb71f24a
3073,train,run6|40fac88f2ba8685edf6551ac
3074,train,run6|61a8e02961e7c9cb012c762a
3075,train,run6|30aaea540600cd069678d52c
3076,train,run6|3c9f657763c8dbbb46c8cc1f
3077,train,run6|36298827aabc074211c6ba8e
3078,train,run6|74e87898be36acee3c07f05c
3079,train,run6|4cc09deeb60de85fac88bc24
3080,val,run6|e403ed08f16f3cd268121104
3081,train,run6|ce0c0c1ccaa95b47cd7bd096
3082,val,run6|551302e8ca0a735b57f5cfaf
3083,test,run6|e0081ead598adec72193623f
3084,test,run6|9a0648d803347b06e43e6fbc
3085,test,run6|2c3ca93d808041e5ce015d1a
3086,train,run6|337c75ae76e6148f4f361ead
3087,test,run6|ca44726d03e762720016593f
3088,val,run6|66e38e78340e0134a2322dbc
3089,val,run6|93adaa7b4bb237bc93c1991f
3090,test,run6|2ff82b67c8d9c54ac60f0208
3091,val,run6|eb6db0d0fae0f8c9cf2bd868
3092,train,run6|7ddba9ba46b4387f03ded2a6
3093,train,run6|a152272f5fd3e61a1e43b0f7
3094,test,run6|bbfa791205d296e590caa447
3095,train,run6|216888ee59756e2ea995f580
3096,test,run6|6483abc10f1cf03787090efc
3097,val,run6|2f0f488d2999f2f7f3d76285
3098,val,run6|03f88881c520782e9eca97ee
3099,val,run6|452ea8502dc10c18138810b3
3100,train,run6|0388b60b9dc0baa13f1fed00
3101,test,run6|6bb3d95742fc2e59a8812aaa
3102,train,run6|545709b002f943fb6c971a87
3103,train,run6|dd8c2d208a94501623d1a2fa
3104,train,run6|720367b3b8b0d3934ed69180
3105,test,run6|5d4c14d26495dd33b02a6094
3106,train,run6|0aa7c2f66b5bd3b3fbad70a6
3107,train,run6|fec7e41d79171cb596bd4a73
3108,train,run6|b3f97342dbe5a768cbdac012
3109,test,run6|0d0a0841f160550cb8478b01
3110,train,run6|8075dfd644eb68c9ef9d1693
3111,test,run6|b8247982ff1146cece5469c6
3112,val,run6|110b125067d982deb43dde17
3113,test,run6|7616fc4f0230806e99052322
3114,test,run6|e1ef4f87bc3cbe7912ccf604
3115,train,run6|9e478abb94f4aaaf63ae32b1
3116,train,run6|a2fb887f78a915e24a49526a
3117,train,run6|e82c04b6b9e98b2b6785b7ed
3118,test,run6|4e9a7c95aa39cbd1bd9fc188
3119,train,run6|cfee8d3673404f2340b6297a
3120,train,run6|72886752f3f45843e43cd63e
3121,train,run6|bac43f90f1ec6e56b2254015
3122,train,run6|c8f25d0ee254d624dd86ac34
3123,train,run6|602d84840359676e4107af75
3124,test,run6|2fde63f1263d81f4a6ddeb26
3125,val,run6|d18bfeebe9f3a993169e31a6
3126,train,run6|bfe305571163c443d0aebaf8
3127,val,run6|be8e7b77ac1a4605b18618ef
3128,train,run6|ee6c301322a741b030ccdf86
3129,val,run6|5f3ba1300a6f04e5a9109850
3130,val,run6|ea86dd1ed422169ed490ff10
3131,train,run6|23e1fa25ee15f008887b5de1
3132,test,run6|ca8c39b7b028e04a6960a3df
3133,train,run6|61e45d1892ca79b004a52a76
3134,val,run6|ace53da58c99f0777529ac66
3135,train,run6|665c65c8448d014ddb71f24a
3136,train,run6|40fac88f2ba8685edf6551ac
3137,train,run6|61a8e02961e7c9cb012c762a
3138,train,run6|30aaea540600cd069678d52c
3139,train,run6|3c9f657763c8dbbb46c8cc1f
3140,train,run6|36298827aabc074211c6ba8e
3141,train,run6|74e87898be36acee3c07f05c
3142,train,run6|4cc09deeb60de85fac88bc24
3143,val,run6|e403ed08f16f3cd268121104
3144,train,run6|ce0c0c1ccaa95b47cd7bd096
3145,val,run6|551302e8ca0a735b57f5cfaf
3146,test,run6|e0081ead598adec72193623f
3147,test,run6|9a0648d803347b06e43e6fbc
3148,test,run6|2c3ca93d808041e5ce015d1a
3149,train,run6|337c75ae76e6148f4f361ead
3150,test,run6|ca44726d03e762720016593f
3151,val,run6|66e38e78340e0134a2322dbc
3152,val,run6|93adaa7b4bb237bc93c1991f
3153,test,run6|2ff82b67c8d9c54ac60f0208
3154,val,run6|eb6db0d0fae0f8c9cf2bd868
3155,train,run6|7ddba9ba46b4387f03ded2a6
3156,train,run6|a152272f5fd3e61a1e43b0f7
3157,test,run6|bbfa791205d296e590caa447
3158,train,run6|216888ee59756e2ea995f580
3159,test,run6|6483abc10f1cf03787090efc
3160,val,run6|2f0f488d2999f2f7f3d76285
3161,val,run6|03f88881c520782e9eca97ee
3162,val,run6|452ea8502dc10c18138810b3
3163,train,run6|0388b60b9dc0baa13f1fed00
3164,test,run6|6bb3d95742fc2e59a8812aaa
3165,train,run6|545709b002f943fb6c971a87
3166,train,run6|dd8c2d208a94501623d1a2fa
3167,train,run6|720367b3b8b0d3934ed69180
3168,test,run6|5d4c14d26495dd33b02a6094
3169,train,run6|0aa7c2f66b5bd3b3fbad70a6
3170,train,run6|fec7e41d79171cb596bd4a73
3171,train,run6|b3f97342dbe5a768cbdac012
3172,test,run6|0d0a0841f160550cb8478b01
3173,train,run6|8075dfd644eb68c9ef9d1693
3174,test,run6|b8247982ff1146cece5469c6
3175,val,run6|110b125067d982deb43dde17
3176,test,run6|7616fc4f0230806e99052322
3177,test,run6|e1ef4f87bc3cbe7912ccf604
3178,train,run6|9e478abb94f4aaaf63ae32b1
3179,train,run6|a2fb887f78a915e24a49526a
3180,train,run6|e82c04b6b9e98b2b6785b7ed
3181,test,run6|4e9a7c95aa39cbd1bd9fc188
3182,train,run6|cfee8d3673404f2340b6297a
3183,train,run6|72886752f3f45843e43cd63e
3184,train,run6|bac43f90f1ec6e56b2254015
3185,train,run6|c8f25d0ee254d624dd86ac34
3186,train,run6|602d84840359676e4107af75
3187,test,run6|2fde63f1263d81f4a6ddeb26
3188,val,run6|d18bfeebe9f3a993169e31a6
3189,train,run6|bfe305571163c443d0aebaf8
3190,val,run6|be8e7b77ac1a4605b18618ef
3191,train,run6|ee6c301322a741b030ccdf86
3192,val,run6|5f3ba1300a6f04e5a9109850
3193,val,run6|ea86dd1ed422169ed490ff10
3194,train,run6|23e1fa25ee15f008887b5de1
3195,test,run6|ca8c39b7b028e04a6960a3df
3196,train,run6|61e45d1892ca79b004a52a76
3197,val,run6|ace53da58c99f0777529ac66
3198,train,run6|665c65c8448d014ddb71f24a
3199,train,run6|40fac88f2ba8685edf6551ac
3200,train,run6|61a8e02961e7c9cb012c762a
3201,train,run6|30aaea540600cd069678d52c
3202,train,run6|3c9f657763c8dbbb46c8cc1f
3203,train,run6|36298827aabc074211c6ba8e
3204,train,run6|74e87898be36acee3c07f05c
3205,train,run6|4cc09deeb60de85fac88bc24
3206,val,run6|e403ed08f16f3cd268121104
3207,train,run6|ce0c0c1ccaa95b47cd7bd096
3208,val,run6|551302e8ca0a735b57f5cfaf
3209,test,run6|e0081ead598adec72193623f
3210,test,run6|9a0648d803347b06e43e6fbc
3211,test,run6|2c3ca93d808041e5ce015d1a
3212,train,run6|337c75ae76e6148f4f361ead
3213,test,run6|ca44726d03e762720016593f
3214,val,run6|66e38e78340e0134a2322dbc
3215,val,run6|93adaa7b4bb237bc93c1991f
3216,test,run6|2ff82b67c8d9c54ac60f0208
3217,val,run6|eb6db0d0fae0f8c9cf2bd868
3218,train,run6|7ddba9ba46b4387f03ded2a6
3219,train,run6|a152272f5fd3e61a1e43b0f7
3220,test,run6|bbfa791205d296e590caa447
3221,train,run6|216888ee59756e2ea995f580
3222,test,run6|6483abc10f1cf03787090efc
3223,val,run6|2f0f488d2999f2f7f3d76285
3224,val,run6|03f88881c520782e9eca97ee
3225,val,run6|452ea8502dc10c18138810b3
3226,train,run6|0388b60b9dc0baa13f1fed00
3227,test,run6|6bb3d95742fc2e59a8812aaa
3228,train,run6|545709b002f943fb6c971a87
3229,train,run6|dd8c2d208a94501623d1a2fa
3230,train,run6|720367b3b8b0d3934ed69180
3231,test,run6|5d4c14d26495dd33b02a6094
3232,train,run6|0aa7c2f66b5bd3b3fbad70a6
3233,train,run6|fec7e41d79171cb596bd4a73
3234,train,run6|b3f97342dbe5a768cbdac012
3235,test,run6|0d0a0841f160550cb8478b01
3236,train,run6|8075dfd644eb68c9ef9d1693
3237,test,run6|b8247982ff1146cece5469c6
3238,val,run6|110b125067d982deb43dde17
3239,test,run6|7616fc4f0230806e99052322
3240,test,run6|e1ef4f87bc3cbe7912ccf604
3241,train,run6|9e478abb94f4aaaf63ae32b1
3242,train,run6|a2fb887f78a915e24a49526a
3243,train,run6|e82c04b6b9e98b2b6785b7ed
3244,test,run6|4e9a7c95aa39cbd1bd9fc188
3245,train,run6|cfee8d3673404f2340b6297a
3246,train,run6|72886752f3f45843e43cd63e
3247,train,run6|bac43f90f1ec6e56b2254015
3248,train,run6|c8f25d0ee254d624dd86ac34
3249,train,run6|602d84840359676e4107af75
3250,test,run6|2fde63f1263d81f4a6ddeb26
3251,val,run6|d18bfeebe9f3a993169e31a6
3252,train,run6|bfe305571163c443d0aebaf8
3253,val,run6|be8e7b77ac1a4605b18618ef
3254,train,run6|ee6c301322a741b030ccdf86
3255,val,run6|5f3ba1300a6f04e5a9109850
3256,val,run6|ea86dd1ed422169ed490ff10
3257,train,run6|23e1fa25ee15f008887b5de1
3258,test,run6|ca8c39b7b028e04a6960a3df
3259,train,run6|61e45d1892ca79b004a52a76
3260,val,run6|ace53da58c99f0777529ac66
3261,train,run6|665c65c8448d014ddb71f24a
3262,train,run6|40fac88f2ba8685edf6551ac
3263,train,run6|61a8e02961e7c9cb012c762a
3264,train,run6|30aaea540600cd069678d52c
3265,train,run6|3c9f657763c8dbbb46c8cc1f
3266,train,run6|36298827aabc074211c6ba8e
3267,train,run6|74e87898be36acee3c07f05c
3268,train,run6|4cc09deeb60de85fac88bc24
3269,val,run6|e403ed08f16f3cd268121104
3270,train,run6|ce0c0c1ccaa95b47cd7bd096
3271,val,run6|551302e8ca0a735b57f5cfaf
3272,test,run6|e0081ead598adec72193623f
3273,test,run6|9a0648d803347b06e43e6fbc
3274,test,run6|2c3ca93d808041e5ce015d1a
3275,train,run6|337c75ae76e6148f4f361ead
3276,test,run6|ca44726d03e762720016593f
3277,val,run6|66e38e78340e0134a2322dbc
3278,val,run6|93adaa7b4bb237bc93c1991f
3279,test,run6|2ff82b67c8d9c54ac60f0208
3280,val,run6|eb6db0d0fae0f8c9cf2bd868
3281,train,run6|7ddba9ba46b4387f03ded2a6
3282,train,run6|a152272f5fd3e61a1e43b0f7
3283,test,run6|bbfa791205d296e590caa447
3284,train,run6|216888ee59756e2ea995f580
3285,test,run6|6483abc10f1cf03787090efc
3286,val,run6|2f0f488d2999f2f7f3d76285
3287,val,run6|03f88881c520782e9eca97ee
3288,val,run6|452ea8502dc10c18138810b3
3289,train,run6|0388b60b9dc0baa13f1fed00
3290,test,run6|6bb3d95742fc2e59a8812aaa
3291,train,run6|545709b002f943fb6c971a87
3292,train,run6|dd8c2d208a94501623d1a2fa
3293,train,run6|720367b3b8b0d3934ed69180
3294,test,run6|5d4c14d26495dd33b02a6094
3295,train,run6|0aa7c2f66b5bd3b3fbad70a6
3296,train,run6|fec7e41d79171cb596bd4a73
3297,train,run6|b3f97342dbe5a768cbdac012
3298,test,run6|0d0a0841f160550cb8478b01
3299,train,run6|8075dfd644eb68c9ef9d1693
3300,test,run6|b8247982ff1146cece5469c6
3301,val,run6|110b125067d982deb43dde17
3302,test,run6|7616fc4f0230806e99052322
3303,test,run6|e1ef4f87bc3cbe7912ccf604
3304,train,run6|9e478abb94f4aaaf63ae32b1
3305,train,run6|a2fb887f78a915e24a49526a
3306,train,run6|e82c04b6b9e98b2b6785b7ed
3307,test,run6|4e9a7c95aa39cbd1bd9fc188
3308,train,run6|cfee8d3673404f2340b6297a
3309,train,run6|72886752f3f45843e43cd63e
3310,train,run6|bac43f90f1ec6e56b2254015
3311,train,run6|c8f25d0ee254d624dd86ac34
3312,train,run6|602d84840359676e4107af75
3313,test,run6|2fde63f1263d81f4a6ddeb26
3314,val,run6|d18bfeebe9f3a993169e31a6
3315,train,run6|bfe305571163c443d0aebaf8
3316,val,run6|be8e7b77ac1a4605b18618ef
3317,train,run6|ee6c301322a741b030ccdf86
3318,val,run6|5f3ba1300a6f04e5a9109850
3319,val,run6|ea86dd1ed422169ed490ff10
3320,train,run6|23e1fa25ee15f008887b5de1
3321,test,run6|ca8c39b7b028e04a6960a3df
3322,train,run6|61e45d1892ca79b004a52a76
3323,val,run6|ace53da58c99f0777529ac66
3324,train,run6|665c65c8448d014ddb71f24a
3325,train,run6|40fac88f2ba8685edf6551ac
3326,train,run6|61a8e02961e7c9cb012c762a
3327,train,run6|30aaea540600cd069678d52c
3328,train,run6|3c9f657763c8dbbb46c8cc1f
3329,train,run6|36298827aabc074211c6ba8e
3330,train,run6|74e87898be36acee3c07f05c
3331,train,run6|4cc09deeb60de85fac88bc24
3332,val,run6|e403ed08f16f3cd268121104
3333,train,run6|ce0c0c1ccaa95b47cd7bd096
3334,val,run6|551302e8ca0a735b57f5cfaf
3335,test,run6|e0081ead598adec72193623f
3336,test,run6|9a0648d803347b06e43e6fbc
3337,test,run6|2c3ca93d808041e5ce015d1a
3338,train,run6|337c75ae76e6148f4f361ead
3339,test,run6|ca44726d03e762720016593f
3340,val,run6|66e38e78340e0134a2322dbc
3341,val,run6|93adaa7b4bb237bc93c1991f
3342,test,run6|2ff82b67c8d9c54ac60f0208
3343,val,run6|eb6db0d0fae0f8c9cf2bd868
3344,train,run6|7ddba9ba46b4387f03ded2a6
3345,train,run6|a152272f5fd3e61a1e43b0f7
3346,test,run6|bbfa791205d296e590caa447
3347,train,run6|216888ee59756e2ea995f580
3348,test,run6|6483abc10f1cf03787090efc
3349,val,run6|2f0f488d2999f2f7f3d76285
3350,val,run6|03f88881c520782e9eca97ee
3351,val,run6|452ea8502dc10c18138810b3
3352,train,run6|0388b60b9dc0baa13f1fed00
3353,test,run6|6bb3d95742fc2e59a8812aaa
3354,train,run6|545709b002f943fb6c971a87
3355,train,run6|dd8c2d208a94501623d1a2fa
3356,train,run6|720367b3b8b0d3934ed69180
3357,test,run6|5d4c14d26495dd33b02a6094
3358,train,run6|0aa7c2f66b5bd3b3fbad70a6
3359,train,run6|fec7e41d79171cb596bd4a73
3360,train,run6|b3f97342dbe5a768cbdac012
3361,test,run6|0d0a0841f160550cb8478b01
3362,train,run6|8075dfd644eb68c9ef9d1693
3363,test,run6|b8247982ff1146cece5469c6
3364,val,run6|110b125067d982deb43dde17
3365,test,run6|7616fc4f0230806e99052322
3366,test,run6|e1ef4f87bc3cbe7912ccf604
3367,train,run6|9e478abb94f4aaaf63ae32b1
3368,train,run6|a2fb887f78a915e24a49526a
3369,train,run6|e82c04b6b9e98b2b6785b7ed
3370,test,run6|4e9a7c95aa39cbd1bd9fc188
3371,train,run6|cfee8d3673404f2340b6297a
3372,train,run6|72886752f3f45843e43cd63e
3373,train,run6|bac43f90f1ec6e56b2254015
3374,train,run6|c8f25d0ee254d624dd86ac34
3375,train,run6|602d84840359676e4107af75
3376,test,run6|2fde63f1263d81f4a6ddeb26
3377,val,run6|d18bfeebe9f3a993169e31a6
3378,train,run6|bfe305571163c443d0aebaf8
3379,val,run6|be8e7b77ac1a4605b18618ef
3380,train,run6|ee6c301322a741b030ccdf86
3381,val,run6|5f3ba1300a6f04e5a9109850
3382,val,run6|ea86dd1ed422169ed490ff10
3383,train,run6|23e1fa25ee15f008887b5de1
3384,test,run6|ca8c39b7b028e04a6960a3df
3385,train,run6|61e45d1892ca79b004a52a76
3386,val,run6|ace53da58c99f0777529ac66
3387,train,run6|665c65c8448d014ddb71f24a
3388,train,run6|40fac88f2ba8685edf6551ac
3389,train,run6|61a8e02961e7c9cb012c762a
3390,train,run6|30aaea540600cd069678d52c
3391,train,run6|3c9f657763c8dbbb46c8cc1f
3392,train,run6|36298827aabc074211c6ba8e
3393,train,run6|74e87898be36acee3c07f05c
3394,train,run6|4cc09deeb60de85fac88bc24
3395,val,run6|e403ed08f16f3cd268121104
3396,train,run6|ce0c0c1ccaa95b47cd7bd096
3397,val,run6|551302e8ca0a735b57f5cfaf
3398,test,run6|e0081ead598adec72193623f
3399,test,run6|9a0648d803347b06e43e6fbc
3400,test,run6|2c3ca93d808041e5ce015d1a
3401,train,run6|337c75ae76e6148f4f361ead
3402,test,run6|ca44726d03e762720016593f
3403,val,run6|66e38e78340e0134a2322dbc
3404,val,run6|93adaa7b4bb237bc93c1991f
3405,test,run6|2ff82b67c8d9c54ac60f0208
3406,val,run6|eb6db0d0fae0f8c9cf2bd868
3407,train,run6|7ddba9ba46b4387f03ded2a6
3408,train,run6|a152272f5fd3e61a1e43b0f7
3409,test,run6|bbfa791205d296e590caa447
3410,train,run6|216888ee59756e2ea995f580
3411,test,run6|6483abc10f1cf03787090efc
3412,val,run6|2f0f488d2999f2f7f3d76285
3413,val,run6|03f88881c520782e9eca97ee
3414,val,run6|452ea8502dc10c18138810b3
3415,train,run6|0388b60b9dc0baa13f1fed00
3416,test,run6|6bb3d95742fc2e59a8812aaa
3417,train,run6|545709b002f943fb6c971a87
3418,train,run6|dd8c2d208a94501623d1a2fa
3419,train,run6|720367b3b8b0d3934ed69180
3420,test,run6|5d4c14d26495dd33b02a6094
3421,train,run6|0aa7c2f66b5bd3b3fbad70a6
3422,train,run6|fec7e41d79171cb596bd4a73
3423,train,run6|b3f97342dbe5a768cbdac012
3424,test,run6|0d0a0841f160550cb8478b01
3425,train,run6|8075dfd644eb68c9ef9d1693
3426,test,run6|b8247982ff1146cece5469c6
3427,val,run6|110b125067d982deb43dde17
3428,test,run6|7616fc4f0230806e99052322
3429,test,run6|e1ef4f87bc3cbe7912ccf604
3430,train,run6|9e478abb94f4aaaf63ae32b1
3431,train,run6|a2fb887f78a915e24a49526a
3432,train,run6|e82c04b6b9e98b2b6785b7ed
3433,test,run6|4e9a7c95aa39cbd1bd9fc188
3434,train,run6|cfee8d3673404f2340b6297a
3435,train,run6|72886752f3f45843e43cd63e
3436,train,run6|bac43f90f1ec6e56b2254015
3437,train,run6|c8f25d0ee254d624dd86ac34
3438,train,run6|602d84840359676e4107af75
3439,test,run6|2fde63f1263d81f4a6ddeb26
3440,val,run6|d18bfeebe9f3a993169e31a6
3441,train,run6|bfe305571163c443d0aebaf8
3442,val,run6|be8e7b77ac1a4605b18618ef
3443,train,run6|ee6c301322a741b030ccdf86
3444,val,run6|5f3ba1300a6f04e5a9109850
3445,val,run6|ea86dd1ed422169ed490ff10
3446,train,run6|23e1fa25ee15f008887b5de1
3447,test,run6|ca8c39b7b028e04a6960a3df
3448,train,run6|61e45d1892ca79b004a52a76
3449,val,run6|ace53da58c99f0777529ac66
3450,train,run6|665c65c8448d014ddb71f24a
3451,train,run6|40fac88f2ba8685edf6551ac
3452,test,run6|858c7a13d83118927adaf4ac
3453,test,run6|70c147d9831bbef76a59a037
3454,train,run6|61a8e02961e7c9cb012c762a
3455,train,run6|30aaea540600cd069678d52c
3456,train,run6|3c9f657763c8dbbb46c8cc1f
3457,train,run6|36298827aabc074211c6ba8e
3458,train,run6|74e87898be36acee3c07f05c
3459,train,run6|4cc09deeb60de85fac88bc24
3460,val,run6|e403ed08f16f3cd268121104
3461,train,run6|ce0c0c1ccaa95b47cd7bd096
3462,val,run6|551302e8ca0a735b57f5cfaf
3463,test,run6|e0081ead598adec72193623f
3464,test,run6|9a0648d803347b06e43e6fbc
3465,test,run6|2c3ca93d808041e5ce015d1a
3466,train,run6|337c75ae76e6148f4f361ead
3467,test,run6|ca44726d03e762720016593f
3468,val,run6|66e38e78340e0134a2322dbc
3469,val,run6|93adaa7b4bb237bc93c1991f
3470,test,run6|2ff82b67c8d9c54ac60f0208
3471,val,run6|eb6db0d0fae0f8c9cf2bd868
3472,train,run6|7ddba9ba46b4387f03ded2a6
3473,train,run6|a152272f5fd3e61a1e43b0f7
3474,test,run6|bbfa791205d296e590caa447
3475,train,run6|216888ee59756e2ea995f580
3476,test,run6|6483abc10f1cf03787090efc
3477,val,run6|2f0f488d2999f2f7f3d76285
3478,val,run6|03f88881c520782e9eca97ee
3479,val,run6|452ea8502dc10c18138810b3
3480,train,run6|0388b60b9dc0baa13f1fed00
3481,test,run6|6bb3d95742fc2e59a8812aaa
3482,train,run6|545709b002f943fb6c971a87
3483,train,run6|dd8c2d208a94501623d1a2fa
3484,train,run6|720367b3b8b0d3934ed69180
3485,test,run6|5d4c14d26495dd33b02a6094
3486,train,run6|0aa7c2f66b5bd3b3fbad70a6
3487,train,run6|fec7e41d79171cb596bd4a73
3488,train,run6|b3f97342dbe5a768cbdac012
3489,test,run6|0d0a0841f160550cb8478b01
3490,train,run6|8075dfd644eb68c9ef9d1693
3491,test,run6|b8247982ff1146cece5469c6
3492,val,run6|110b125067d982deb43dde17
3493,test,run6|7616fc4f0230806e99052322
3494,test,run6|e1ef4f87bc3cbe7912ccf604
3495,train,run6|9e478abb94f4aaaf63ae32b1
3496,train,run6|a2fb887f78a915e24a49526a
3497,train,run6|e82c04b6b9e98b2b6785b7ed
3498,test,run6|4e9a7c95aa39cbd1bd9fc188
3499,train,run6|cfee8d3673404f2340b6297a
3500,train,run6|72886752f3f45843e43cd63e
3501,train,run6|bac43f90f1ec6e56b2254015
3502,train,run6|c8f25d0ee254d624dd86ac34
3503,train,run6|602d84840359676e4107af75
3504,test,run6|2fde63f1263d81f4a6ddeb26
3505,val,run6|d18bfeebe9f3a993169e31a6
3506,train,run6|bfe305571163c443d0aebaf8
3507,val,run6|be8e7b77ac1a4605b18618ef
3508,train,run6|ee6c301322a741b030ccdf86
3509,val,run6|5f3ba1300a6f04e5a9109850
3510,val,run6|ea86dd1ed422169ed490ff10
3511,train,run6|23e1fa25ee15f008887b5de1
3512,test,run6|ca8c39b7b028e04a6960a3df
3513,train,run6|61e45d1892ca79b004a52a76
3514,val,run6|ace53da58c99f0777529ac66
3515,train,run6|665c65c8448d014ddb71f24a
3516,train,run6|40fac88f2ba8685edf6551ac
3517,val,run6|885a4e5e6d586bbe0848d6e8
3518,test,run6|fc0167045d33ed00177fa3c7
3519,test,run6|d969c6493d8d2a0336e882c8
3520,train,run6|b82dba81c0485cec9e7fd5f0
3521,test,run6|227f8876f39c62b46a9ab7a7
3522,train,run6|61a8e02961e7c9cb012c762a
3523,train,run6|30aaea540600cd069678d52c
3524,train,run6|3c9f657763c8dbbb46c8cc1f
3525,train,run6|36298827aabc074211c6ba8e
3526,train,run6|74e87898be36acee3c07f05c
3527,train,run6|4cc09deeb60de85fac88bc24
3528,val,run6|e403ed08f16f3cd268121104
3529,train,run6|ce0c0c1ccaa95b47cd7bd096
3530,val,run6|551302e8ca0a735b57f5cfaf
3531,test,run6|e0081ead598adec72193623f
3532,test,run6|9a0648d803347b06e43e6fbc
3533,test,run6|2c3ca93d808041e5ce015d1a
3534,train,run6|337c75ae76e6148f4f361ead
3535,test,run6|ca44726d03e762720016593f
3536,val,run6|66e38e78340e0134a2322dbc
3537,val,run6|93adaa7b4bb237bc93c1991f
3538,test,run6|2ff82b67c8d9c54ac60f0208
3539,val,run6|eb6db0d0fae0f8c9cf2bd868
3540,train,run6|7ddba9ba46b4387f03ded2a6
3541,train,run6|a152272f5fd3e61a1e43b0f7
3542,test,run6|bbfa791205d296e590caa447
3543,train,run6|216888ee59756e2ea995f580
3544,test,run6|6483abc10f1cf03787090efc
3545,val,run6|2f0f488d2999f2f7f3d76285
3546,val,run6|03f88881c520782e9eca97ee
3547,val,run6|452ea8502dc10c18138810b3
3548,train,run6|0388b60b9dc0baa13f1fed00
3549,test,run6|6bb3d95742fc2e59a8812aaa
3550,train,run6|545709b002f943fb6c971a87
3551,train,run6|dd8c2d208a94501623d1a2fa
3552,train,run6|720367b3b8b0d3934ed69180
3553,test,run6|5d4c14d26495dd33b02a6094
3554,train,run6|0aa7c2f66b5bd3b3fbad70a6
3555,train,run6|fec7e41d79171cb596bd4a73
3556,train,run6|b3f97342dbe5a768cbdac012
3557,test,run6|0d0a0841f160550cb8478b01
3558,train,run6|8075dfd644eb68c9ef9d1693
3559,test,run6|b8247982ff1146cece5469c6
3560,val,run6|110b125067d982deb43dde17
3561,test,run6|7616fc4f0230806e99052322
3562,test,run6|e1ef4f87bc3cbe7912ccf604
3563,train,run6|9e478abb94f4aaaf63ae32b1
3564,train,run6|a2fb887f78a915e24a49526a
3565,train,run6|e82c04b6b9e98b2b6785b7ed
3566,test,run6|4e9a7c95aa39cbd1bd9fc188
3567,train,run6|cfee8d3673404f2340b6297a
3568,train,run6|72886752f3f45843e43cd63e
3569,train,run6|bac43f90f1ec6e56b2254015
3570,train,run6|c8f25d0ee254d624dd86ac34
3571,train,run6|602d84840359676e4107af75
3572,test,run6|2fde63f1263d81f4a6ddeb26
3573,val,run6|d18bfeebe9f3a993169e31a6
3574,train,run6|bfe305571163c443d0aebaf8
3575,val,run6|be8e7b77ac1a4605b18618ef
3576,train,run6|ee6c301322a741b030ccdf86
3577,val,run6|5f3ba1300a6f04e5a9109850
3578,val,run6|ea86dd1ed422169ed490ff10
3579,train,run6|23e1fa25ee15f008887b5de1
3580,test,run6|ca8c39b7b028e04a6960a3df
3581,train,run6|61e45d1892ca79b004a52a76
3582,val,run6|ace53da58c99f0777529ac66
3583,train,run6|665c65c8448d014ddb71f24a
3584,train,run6|40fac88f2ba8685edf6551ac
3585,train,run6|48147ccb6ba0f98609833152
3586,val,run6|ace53da58c99f0777529ac66
3587,train,run7|d39a31ceba23031b254c2f64
3588,test,run7|d09daf1406b67bbaad34b8f3
3589,train,run7|51c4fa9b81770f6dcd4e1d75
3590,val,run7|2d21225c7ebd323bcf7fb860
3591,train,run7|961f8976255f557842577cf3
3592,train,run7|12cfde2f81e0dadfb7edc5d9
3593,train,run7|832cb89b41438313df59d45f
3594,val,run7|e4922abf688174f471f7b185
3595,train,run7|c51a218a5d74c0624486f398
3596,test,run7|aca2ca11e5ac3d7ad7ae091c
3597,test,run7|3fb64947f3231b4462551dc4
3598,val,run7|da7936298351ccb135ae9bc8
3599,train,run7|7cdf176d5119a58babea8520
3600,val,run7|a397666ae00a87c7693dc57a
3601,test,run7|0a8da8df8bbfbe6fd1266167
3602,val,run7|4f96d1ed5af01d279e8f6f76
3603,val,run7|4c3e5943c1703269c8e5388d
3604,val,run7|113ca3f3df4db43817ef21c6
3605,train,run7|111ee2f9e1ca53f052c769a4
3606,test,run7|75fc0032f14ad7db4073e608
3607,train,run7|1bfffef87f348e22251a13d5
3608,train,run7|ed95ca92822378cf45d367c8
3609,test,run7|03011713a281db8ca27d7a59
3610,val,run7|4c4bc1b55c37efa3070a4448
3611,test,run7|f9added14b18fc7180e917e1
3612,train,run7|98fb520ae9fb9f1e3ba3ffc9
3613,train,run7|f546404c6e9ab5523411acb1
3614,train,run7|03ec18fff87723f5f70520cf
3615,train,run7|391b5eba5d752ca9e5c55c18
3616,train,run7|bcc15fe4c958051f2c0ca24d
3617,test,run7|cd8e13341768a6eb2f778605
3618,test,run7|5f675e545cf7634d4206b271
3619,train,run7|4e0dd7dda2061d9fd97ecad3
3620,test,run7|a593a692a9741d97db8db665
3621,train,run7|2dc6943a172fa290e30a3a8b
3622,train,run7|fbd7485fa51c9d1b6b73f1d7
3623,test,run7|0b1325953873cf07d85f1e40
3624,train,run7|683a44156655a84956d31050
3625,train,run7|7b7f7630c55b7fe784b57977
3626,val,run7|7d8b750643f4a5da9647f39e
3627,train,run7|1e2b9c41ad8ceb9efc6b33a5
3628,train,run7|7904e2580ab955e7f0f406a9
3629,val,run7|0c74803db76fff58de12c11a
3630,train,run7|a88e716a6a9a5c1ab023976d
3631,val,run7|9a889410b223d81927a4868d
3632,val,run7|111cc5ff0935f0f2b69dbf7b
3633,train,run7|01e25be3545783167f57eea9
3634,train,run7|e6dc08120bd15265d45abeab
3635,train,run7|682911bd88da4fa0fb61f3e7
3636,train,run7|701d2550391e0b0a2dbe8abe
3637,train,run7|907c67a2bfa486b15d72ed26
3638,val,run7|7e9280f6db7cf33cbd5a7f24
3639,val,run7|45f58c04435bdc845e69b6b7
3640,train,run7|952e7f086b2b9b557c4f27b1
3641,train,run7|1db12de0b40ebb3ddb46201f
3642,train,run7|3aaa4aadb306796342bc0d57
3643,train,run7|4619a295da7f15c7f14d4858
3644,train,run7|a86178f06e9167630a09d44d
3645,train,run7|9c58ae4ef974301ac48144ff
3646,test,run7|f9e7c7a5d32d9f9cfe2bb1d9
3647,val,run7|e7e4d52b589ab3f8f0c8a4ec
3648,train,run7|cb7d9d2b4f9b6fa860d28b59
3649,train,run7|89fc2ab437d1a56b52049606
3650,train,run7|aa296b829ceb4609f7a59eac
3651,test,run7|ef6decdc08aad041c338e542
3652,train,run7|043f3ba46ea33759cb92e510
3653,train,run7|68a0f903db33c3c1644ec141
3654,test,run7|f96f211c454f66affeadd536
3655,train,run7|022379607cab268adf062ebc
3656,train,run7|287657155836f9a697ad9a79
3657,test,run7|681ff7541e26381227127d47
3658,train,run7|de929eef10dbb531b3e52f37
3659,train,run7|5873d1c030b71059c23aea31
3660,val,run7|e368c0c23729e041af8436f0
3661,val,run7|600c866ad63028c9a4af35e4
3662,train,run7|a07934fc8eefc3a97bb96ce8
3663,train,run7|8d24f09793b59c9a17a4ca7e
3664,val,run7|217a105df0d3438791350bfd
3665,test,run7|725d43b6b4fbdeab439860fb
3666,train,run7|d39a31ceba23031b254c2f64
3667,test,run7|d09daf1406b67bbaad34b8f3
3668,train,run7|51c4fa9b81770f6dcd4e1d75
3669,val,run7|2d21225c7ebd323bcf7fb860
3670,train,run7|961f8976255f557842577cf3
3671,train,run7|12cfde2f81e0dadfb7edc5d9
3672,train,run7|832cb89b41438313df59d45f
3673,val,run7|e4922abf688174f471f7b185
3674,train,run7|c51a218a5d74c0624486f398
3675,test,run7|aca2ca11e5ac3d7ad7ae091c
3676,test,run7|3fb64947f3231b4462551dc4
3677,val,run7|da7936298351ccb135ae9bc8
3678,train,run7|7cdf176d5119a58babea8520
3679,val,run7|a397666ae00a87c7693dc57a
3680,test,run7|0a8da8df8bbfbe6fd1266167
3681,val,run7|4f96d1ed5af01d279e8f6f76
3682,val,run7|4c3e5943c1703269c8e5388d
3683,val,run7|113ca3f3df4db43817ef21c6
3684,train,run7|111ee2f9e1ca53f052c769a4
3685,test,run7|75fc0032f14ad7db4073e608
3686,train,run7|1bfffef87f348e22251a13d5
3687,train,run7|ed95ca92822378cf45d367c8
3688,test,run7|03011713a281db8ca27d7a59
3689,val,run7|4c4bc1b55c37efa3070a4448
3690,test,run7|f9added14b18fc7180e917e1
3691,train,run7|98fb520ae9fb9f1e3ba3ffc9
3692,train,run7|f546404c6e9ab5523411acb1
3693,train,run7|03ec18fff87723f5f70520cf
3694,train,run7|391b5eba5d752ca9e5c55c18
3695,train,run7|bcc15fe4c958051f2c0ca24d
3696,test,run7|cd8e13341768a6eb2f778605
3697,test,run7|5f675e545cf7634d4206b271
3698,train,run7|4e0dd7dda2061d9fd97ecad3
3699,test,run7|a593a692a9741d97db8db665
3700,train,run7|2dc6943a172fa290e30a3a8b
3701,train,run7|fbd7485fa51c9d1b6b73f1d7
3702,test,run7|0b1325953873cf07d85f1e40
3703,train,run7|683a44156655a84956d31050
3704,train,run7|7b7f7630c55b7fe784b57977
3705,val,run7|7d8b750643f4a5da9647f39e
3706,train,run7|1e2b9c41ad8ceb9efc6b33a5
3707,train,run7|7904e2580ab955e7f0f406a9
3708,val,run7|0c74803db76fff58de12c11a
3709,train,run7|a88e716a6a9a5c1ab023976d
3710,val,run7|9a889410b223d81927a4868d
3711,val,run7|111cc5ff0935f0f2b69dbf7b
3712,train,run7|01e25be3545783167f57eea9
3713,train,run7|e6dc08120bd15265d45abeab
3714,train,run7|682911bd88da4fa0fb61f3e7
3715,train,run7|701d2550391e0b0a2dbe8abe
3716,train,run7|907c67a2bfa486b15d72ed26
3717,val,run7|7e9280f6db7cf33cbd5a7f24
3718,val,run7|45f58c04435bdc845e69b6b7
3719,train,run7|952e7f086b2b9b557c4f27b1
3720,train,run7|1db12de0b40ebb3ddb46201f
3721,train,run7|3aaa4aadb306796342bc0d57
3722,train,run7|4619a295da7f15c7f14d4858
3723,train,run7|a86178f06e9167630a09d44d
3724,train,run7|9c58ae4ef974301ac48144ff
3725,test,run7|f9e7c7a5d32d9f9cfe2bb1d9
3726,val,run7|e7e4d52b589ab3f8f0c8a4ec
3727,train,run7|cb7d9d2b4f9b6fa860d28b59
3728,train,run7|89fc2ab437d1a56b52049606
3729,train,run7|043f3ba46ea33759cb92e510
3730,train,run7|68a0f903db33c3c1644ec141
3731,train,run7|022379607cab268adf062ebc
3732,train,run7|d39a31ceba23031b254c2f64
3733,test,run7|d09daf1406b67bbaad34b8f3
3734,train,run7|51c4fa9b81770f6dcd4e1d75
3735,val,run7|2d21225c7ebd323bcf7fb860
3736,train,run7|961f8976255f557842577cf3
3737,train,run7|12cfde2f81e0dadfb7edc5d9
3738,train,run7|832cb89b41438313df59d45f
3739,val,run7|e4922abf688174f471f7b185
3740,train,run7|c51a218a5d74c0624486f398
3741,test,run7|aca2ca11e5ac3d7ad7ae091c
3742,test,run7|3fb64947f3231b4462551dc4
3743,val,run7|da7936298351ccb135ae9bc8
3744,train,run7|7cdf176d5119a58babea8520
3745,val,run7|a397666ae00a87c7693dc57a
3746,test,run7|0a8da8df8bbfbe6fd1266167
3747,val,run7|4f96d1ed5af01d279e8f6f76
3748,val,run7|4c3e5943c1703269c8e5388d
3749,val,run7|113ca3f3df4db43817ef21c6
3750,train,run7|111ee2f9e1ca53f052c769a4
3751,test,run7|75fc0032f14ad7db4073e608
3752,train,run7|1bfffef87f348e22251a13d5
3753,train,run7|ed95ca92822378cf45d367c8
3754,test,run7|03011713a281db8ca27d7a59
3755,val,run7|4c4bc1b55c37efa3070a4448
3756,test,run7|f9added14b18fc7180e917e1
3757,train,run7|98fb520ae9fb9f1e3ba3ffc9
3758,train,run7|f546404c6e9ab5523411acb1
3759,train,run7|03ec18fff87723f5f70520cf
3760,train,run7|391b5eba5d752ca9e5c55c18
3761,train,run7|bcc15fe4c958051f2c0ca24d
3762,test,run7|cd8e13341768a6eb2f778605
3763,test,run7|5f675e545cf7634d4206b271
3764,train,run7|4e0dd7dda2061d9fd97ecad3
3765,test,run7|a593a692a9741d97db8db665
3766,train,run7|2dc6943a172fa290e30a3a8b
3767,train,run7|fbd7485fa51c9d1b6b73f1d7
3768,test,run7|0b1325953873cf07d85f1e40
3769,train,run7|683a44156655a84956d31050
3770,train,run7|7b7f7630c55b7fe784b57977
3771,val,run7|7d8b750643f4a5da9647f39e
3772,train,run7|1e2b9c41ad8ceb9efc6b33a5
3773,train,run7|7904e2580ab955e7f0f406a9
3774,val,run7|0c74803db76fff58de12c11a
3775,train,run7|a88e716a6a9a5c1ab023976d
3776,val,run7|9a889410b223d81927a4868d
3777,val,run7|111cc5ff0935f0f2b69dbf7b
3778,train,run7|01e25be3545783167f57eea9
3779,train,run7|e6dc08120bd15265d45abeab
3780,train,run7|682911bd88da4fa0fb61f3e7
3781,train,run7|701d2550391e0b0a2dbe8abe
3782,train,run7|907c67a2bfa486b15d72ed26
3783,val,run7|7e9280f6db7cf33cbd5a7f24
3784,val,run7|45f58c04435bdc845e69b6b7
3785,train,run7|952e7f086b2b9b557c4f27b1
3786,train,run7|1db12de0b40ebb3ddb46201f
3787,train,run7|3aaa4aadb306796342bc0d57
3788,train,run7|4619a295da7f15c7f14d4858
3789,train,run7|a86178f06e9167630a09d44d
3790,train,run7|9c58ae4ef974301ac48144ff
3791,test,run7|f9e7c7a5d32d9f9cfe2bb1d9
3792,val,run7|e7e4d52b589ab3f8f0c8a4ec
3793,train,run7|cb7d9d2b4f9b6fa860d28b59
3794,train,run7|89fc2ab437d1a56b52049606
3795,train,run7|d39a31ceba23031b254c2f64
3796,test,run7|d09daf1406b67bbaad34b8f3
3797,train,run7|51c4fa9b81770f6dcd4e1d75
3798,val,run7|2d21225c7ebd323bcf7fb860
3799,train,run7|961f8976255f557842577cf3
3800,train,run7|12cfde2f81e0dadfb7edc5d9
3801,train,run7|832cb89b41438313df59d45f
3802,val,run7|e4922abf688174f471f7b185
3803,train,run7|c51a218a5d74c0624486f398
3804,test,run7|aca2ca11e5ac3d7ad7ae091c
3805,test,run7|3fb64947f3231b4462551dc4
3806,val,run7|da7936298351ccb135ae9bc8
3807,train,run7|7cdf176d5119a58babea8520
3808,val,run7|a397666ae00a87c7693dc57a
3809,test,run7|0a8da8df8bbfbe6fd1266167
3810,val,run7|4f96d1ed5af01d279e8f6f76
3811,val,run7|4c3e5943c1703269c8e5388d
3812,val,run7|113ca3f3df4db43817ef21c6
3813,train,run7|111ee2f9e1ca53f052c769a4
3814,test,run7|75fc0032f14ad7db4073e608
3815,train,run7|1bfffef87f348e22251a13d5
3816,train,run7|ed95ca92822378cf45d367c8
3817,test,run7|03011713a281db8ca27d7a59
3818,val,run7|4c4bc1b55c37efa3070a4448
3819,test,run7|f9added14b18fc7180e917e1
3820,train,run7|98fb520ae9fb9f1e3ba3ffc9
3821,train,run7|f546404c6e9ab5523411acb1
3822,train,run7|03ec18fff87723f5f70520cf
3823,train,run7|391b5eba5d752ca9e5c55c18
3824,train,run7|bcc15fe4c958051f2c0ca24d
3825,test,run7|cd8e13341768a6eb2f778605
3826,test,run7|5f675e545cf7634d4206b271
3827,train,run7|4e0dd7dda2061d9fd97ecad3
3828,test,run7|a593a692a9741d97db8db665
3829,train,run7|2dc6943a172fa290e30a3a8b
3830,train,run7|fbd7485fa51c9d1b6b73f1d7
3831,test,run7|0b1325953873cf07d85f1e40
3832,train,run7|683a44156655a84956d31050
3833,train,run7|7b7f7630c55b7fe784b57977
3834,val,run7|7d8b750643f4a5da9647f39e
3835,train,run7|1e2b9c41ad8ceb9efc6b33a5
3836,train,run7|7904e2580ab955e7f0f406a9
3837,val,run7|0c74803db76fff58de12c11a
3838,train,run7|a88e716a6a9a5c1ab023976d
3839,val,run7|9a889410b223d81927a4868d
3840,val,run7|111cc5ff0935f0f2b69dbf7b
3841,train,run7|01e25be3545783167f57eea9
3842,train,run7|e6dc08120bd15265d45abeab
3843,train,run7|682911bd88da4fa0fb61f3e7
3844,train,run7|701d2550391e0b0a2dbe8abe
3845,train,run7|907c67a2bfa486b15d72ed26
3846,val,run7|7e9280f6db7cf33cbd5a7f24
3847,val,run7|45f58c04435bdc845e69b6b7
3848,train,run7|952e7f086b2b9b557c4f27b1
3849,train,run7|1db12de0b40ebb3ddb46201f
3850,train,run7|3aaa4aadb306796342bc0d57
3851,train,run7|4619a295da7f15c7f14d4858
3852,train,run7|a86178f06e9167630a09d44d
3853,train,run7|9c58ae4ef974301ac48144ff
3854,test,run7|f9e7c7a5d32d9f9cfe2bb1d9
3855,val,run7|e7e4d52b589ab3f8f0c8a4ec
3856,train,run7|cb7d9d2b4f9b6fa860d28b59
3857,train,run7|89fc2ab437d1a56b52049606
3858,train,run7|d39a31ceba23031b254c2f64
3859,test,run7|d09daf1406b67bbaad34b8f3
3860,train,run7|51c4fa9b81770f6dcd4e1d75
3861,val,run7|2d21225c7ebd323bcf7fb860
3862,train,run7|961f8976255f557842577cf3
3863,train,run7|12cfde2f81e0dadfb7edc5d9
3864,train,run7|832cb89b41438313df59d45f
3865,val,run7|e4922abf688174f471f7b185
3866,train,run7|c51a218a5d74c0624486f398
3867,test,run7|aca2ca11e5ac3d7ad7ae091c
3868,test,run7|3fb64947f3231b4462551dc4
3869,val,run7|da7936298351ccb135ae9bc8
3870,train,run7|7cdf176d5119a58babea8520
3871,val,run7|a397666ae00a87c7693dc57a
3872,test,run7|0a8da8df8bbfbe6fd1266167
3873,val,run7|4f96d1ed5af01d279e8f6f76
3874,val,run7|4c3e5943c1703269c8e5388d
3875,val,run7|113ca3f3df4db43817ef21c6
3876,train,run7|111ee2f9e1ca53f052c769a4
3877,test,run7|75fc0032f14ad7db4073e608
3878,train,run7|1bfffef87f348e22251a13d5
3879,train,run7|ed95ca92822378cf45d367c8
3880,test,run7|03011713a281db8ca27d7a59
3881,val,run7|4c4bc1b55c37efa3070a4448
3882,test,run7|f9added14b18fc7180e917e1
3883,train,run7|98fb520ae9fb9f1e3ba3ffc9
3884,train,run7|f546404c6e9ab5523411acb1
3885,train,run7|03ec18fff87723f5f70520cf
3886,train,run7|391b5eba5d752ca9e5c55c18
3887,train,run7|bcc15fe4c958051f2c0ca24d
3888,test,run7|cd8e13341768a6eb2f778605
3889,test,run7|5f675e545cf7634d4206b271
3890,train,run7|4e0dd7dda2061d9fd97ecad3
3891,test,run7|a593a692a9741d97db8db665
3892,train,run7|2dc6943a172fa290e30a3a8b
3893,train,run7|fbd7485fa51c9d1b6b73f1d7
3894,test,run7|0b1325953873cf07d85f1e40
3895,train,run7|683a44156655a84956d31050
3896,train,run7|7b7f7630c55b7fe784b57977
3897,val,run7|7d8b750643f4a5da9647f39e
3898,train,run7|1e2b9c41ad8ceb9efc6b33a5
3899,train,run7|7904e2580ab955e7f0f406a9
3900,val,run7|0c74803db76fff58de12c11a
3901,train,run7|a88e716a6a9a5c1ab023976d
3902,val,run7|9a889410b223d81927a4868d
3903,val,run7|111cc5ff0935f0f2b69dbf7b
3904,train,run7|01e25be3545783167f57eea9
3905,train,run7|e6dc08120bd15265d45abeab
3906,train,run7|682911bd88da4fa0fb61f3e7
3907,train,run7|701d2550391e0b0a2dbe8abe
3908,train,run7|907c67a2bfa486b15d72ed26
3909,val,run7|7e9280f6db7cf33cbd5a7f24
3910,val,run7|45f58c04435bdc845e69b6b7
3911,train,run7|952e7f086b2b9b557c4f27b1
3912,train,run7|1db12de0b40ebb3ddb46201f
3913,train,run7|3aaa4aadb306796342bc0d57
3914,train,run7|4619a295da7f15c7f14d4858
3915,train,run7|a86178f06e9167630a09d44d
3916,train,run7|9c58ae4ef974301ac48144ff
3917,test,run7|f9e7c7a5d32d9f9cfe2bb1d9
3918,val,run7|e7e4d52b589ab3f8f0c8a4ec
3919,train,run7|cb7d9d2b4f9b6fa860d28b59
3920,train,run7|89fc2ab437d1a56b52049606
3921,train,run7|d39a31ceba23031b254c2f64
3922,test,run7|d09daf1406b67bbaad34b8f3
3923,train,run7|51c4fa9b81770f6dcd4e1d75
3924,val,run7|2d21225c7ebd323bcf7fb860
3925,train,run7|961f8976255f557842577cf3
3926,train,run7|12cfde2f81e0dadfb7edc5d9
3927,train,run7|832cb89b41438313df59d45f
3928,val,run7|e4922abf688174f471f7b185
3929,train,run7|c51a218a5d74c0624486f398
3930,test,run7|aca2ca11e5ac3d7ad7ae091c
3931,test,run7|3fb64947f3231b4462551dc4
3932,val,run7|da7936298351ccb135ae9bc8
3933,train,run7|7cdf176d5119a58babea8520
3934,val,run7|a397666ae00a87c7693dc57a
3935,test,run7|0a8da8df8bbfbe6fd1266167
3936,val,run7|4f96d1ed5af01d279e8f6f76
3937,val,run7|4c3e5943c1703269c8e5388d
3938,val,run7|113ca3f3df4db43817ef21c6
3939,train,run7|111ee2f9e1ca53f052c769a4
3940,test,run7|75fc0032f14ad7db4073e608
3941,train,run7|1bfffef87f348e22251a13d5
3942,train,run7|ed95ca92822378cf45d367c8
3943,test,run7|03011713a281db8ca27d7a59
3944,val,run7|4c4bc1b55c37efa3070a4448
3945,test,run7|f9added14b18fc7180e917e1
3946,train,run7|98fb520ae9fb9f1e3ba3ffc9
3947,train,run7|f546404c6e9ab5523411acb1
3948,train,run7|03ec18fff87723f5f70520cf
3949,train,run7|391b5eba5d752ca9e5c55c18
3950,train,run7|bcc15fe4c958051f2c0ca24d
3951,test,run7|cd8e13341768a6eb2f778605
3952,test,run7|5f675e545cf7634d4206b271
3953,train,run7|4e0dd7dda2061d9fd97ecad3
3954,test,run7|a593a692a9741d97db8db665
3955,train,run7|2dc6943a172fa290e30a3a8b
3956,train,run7|fbd7485fa51c9d1b6b73f1d7
3957,test,run7|0b1325953873cf07d85f1e40
3958,train,run7|683a44156655a84956d31050
3959,train,run7|7b7f7630c55b7fe784b57977
3960,val,run7|7d8b750643f4a5da9647f39e
3961,train,run7|1e2b9c41ad8ceb9efc6b33a5
3962,train,run7|7904e2580ab955e7f0f406a9
3963,val,run7|0c74803db76fff58de12c11a
3964,train,run7|a88e716a6a9a5c1ab023976d
3965,val,run7|9a889410b223d81927a4868d
3966,val,run7|111cc5ff0935f0f2b69dbf7b
3967,train,run7|01e25be3545783167f57eea9
3968,train,run7|e6dc08120bd15265d45abeab
3969,train,run7|682911bd88da4fa0fb61f3e7
3970,train,run7|701d2550391e0b0a2dbe8abe
3971,train,run7|907c67a2bfa486b15d72ed26
3972,val,run7|7e9280f6db7cf33cbd5a7f24
3973,val,run7|45f58c04435bdc845e69b6b7
3974,train,run7|952e7f086b2b9b557c4f27b1
3975,train,run7|1db12de0b40ebb3ddb46201f
3976,train,run7|3aaa4aadb306796342bc0d57
3977,train,run7|4619a295da7f15c7f14d4858
3978,train,run7|a86178f06e9167630a09d44d
3979,train,run7|9c58ae4ef974301ac48144ff
3980,test,run7|f9e7c7a5d32d9f9cfe2bb1d9
3981,val,run7|e7e4d52b589ab3f8f0c8a4ec
3982,train,run7|cb7d9d2b4f9b6fa860d28b59
3983,train,run7|89fc2ab437d1a56b52049606
3984,train,run7|d39a31ceba23031b254c2f64
3985,test,run7|d09daf1406b67bbaad34b8f3
3986,train,run7|51c4fa9b81770f6dcd4e1d75
3987,val,run7|2d21225c7ebd323bcf7fb860
3988,train,run7|961f8976255f557842577cf3
3989,train,run7|12cfde2f81e0dadfb7edc5d9
3990,train,run7|832cb89b41438313df59d45f
3991,val,run7|e4922abf688174f471f7b185
3992,train,run7|c51a218a5d74c0624486f398
3993,test,run7|aca2ca11e5ac3d7ad7ae091c
3994,test,run7|3fb64947f3231b4462551dc4
3995,val,run7|da7936298351ccb135ae9bc8
3996,train,run7|7cdf176d5119a58babea8520
3997,val,run7|a397666ae00a87c7693dc57a
3998,test,run7|0a8da8df8bbfbe6fd1266167
3999,val,run7|4f96d1ed5af01d279e8f6f76
4000,val,run7|4c3e5943c1703269c8e5388d
4001,val,run7|113ca3f3df4db43817ef21c6
4002,train,run7|111ee2f9e1ca53f052c769a4
4003,test,run7|75fc0032f14ad7db4073e608
4004,train,run7|1bfffef87f348e22251a13d5
4005,train,run7|ed95ca92822378cf45d367c8
4006,test,run7|03011713a281db8ca27d7a59
4007,val,run7|4c4bc1b55c37efa3070a4448
4008,test,run7|f9added14b18fc7180e917e1
4009,train,run7|98fb520ae9fb9f1e3ba3ffc9
4010,train,run7|f546404c6e9ab5523411acb1
4011,train,run7|03ec18fff87723f5f70520cf
4012,train,run7|391b5eba5d752ca9e5c55c18
4013,train,run7|bcc15fe4c958051f2c0ca24d
4014,test,run7|cd8e13341768a6eb2f778605
4015,test,run7|5f675e545cf7634d4206b271
4016,train,run7|4e0dd7dda2061d9fd97ecad3
4017,test,run7|a593a692a9741d97db8db665
4018,train,run7|2dc6943a172fa290e30a3a8b
4019,train,run7|fbd7485fa51c9d1b6b73f1d7
4020,test,run7|0b1325953873cf07d85f1e40
4021,train,run7|683a44156655a84956d31050
4022,train,run7|7b7f7630c55b7fe784b57977
4023,val,run7|7d8b750643f4a5da9647f39e
4024,train,run7|1e2b9c41ad8ceb9efc6b33a5
4025,train,run7|7904e2580ab955e7f0f406a9
4026,val,run7|0c74803db76fff58de12c11a
4027,train,run7|a88e716a6a9a5c1ab023976d
4028,val,run7|9a889410b223d81927a4868d
4029,val,run7|111cc5ff0935f0f2b69dbf7b
4030,train,run7|01e25be3545783167f57eea9
4031,train,run7|e6dc08120bd15265d45abeab
4032,train,run7|682911bd88da4fa0fb61f3e7
4033,train,run7|701d2550391e0b0a2dbe8abe
4034,train,run7|907c67a2bfa486b15d72ed26
4035,val,run7|7e9280f6db7cf33cbd5a7f24
4036,val,run7|45f58c04435bdc845e69b6b7
4037,train,run7|952e7f086b2b9b557c4f27b1
4038,train,run7|1db12de0b40ebb3ddb46201f
4039,train,run7|3aaa4aadb306796342bc0d57
4040,train,run7|4619a295da7f15c7f14d4858
4041,train,run7|a86178f06e9167630a09d44d
4042,train,run7|9c58ae4ef974301ac48144ff
4043,test,run7|f9e7c7a5d32d9f9cfe2bb1d9
4044,val,run7|e7e4d52b589ab3f8f0c8a4ec
4045,train,run7|cb7d9d2b4f9b6fa860d28b59
4046,train,run7|89fc2ab437d1a56b52049606
4047,train,run7|d39a31ceba23031b254c2f64
4048,test,run7|d09daf1406b67bbaad34b8f3
4049,train,run7|51c4fa9b81770f6dcd4e1d75
4050,val,run7|2d21225c7ebd323bcf7fb860
4051,train,run7|961f8976255f557842577cf3
4052,train,run7|12cfde2f81e0dadfb7edc5d9
4053,train,run7|832cb89b41438313df59d45f
4054,val,run7|e4922abf688174f471f7b185
4055,train,run7|c51a218a5d74c0624486f398
4056,test,run7|aca2ca11e5ac3d7ad7ae091c
4057,test,run7|3fb64947f3231b4462551dc4
4058,val,run7|da7936298351ccb135ae9bc8
4059,train,run7|7cdf176d5119a58babea8520
4060,val,run7|a397666ae00a87c7693dc57a
4061,test,run7|0a8da8df8bbfbe6fd1266167
4062,val,run7|4f96d1ed5af01d279e8f6f76
4063,val,run7|4c3e5943c1703269c8e5388d
4064,val,run7|113ca3f3df4db43817ef21c6
4065,train,run7|111ee2f9e1ca53f052c769a4
4066,test,run7|75fc0032f14ad7db4073e608
4067,train,run7|1bfffef87f348e22251a13d5
4068,train,run7|ed95ca92822378cf45d367c8
4069,test,run7|03011713a281db8ca27d7a59
4070,val,run7|4c4bc1b55c37efa3070a4448
4071,test,run7|f9added14b18fc7180e917e1
4072,train,run7|98fb520ae9fb9f1e3ba3ffc9
4073,train,run7|f546404c6e9ab5523411acb1
4074,train,run7|03ec18fff87723f5f70520cf
4075,train,run7|391b5eba5d752ca9e5c55c18
4076,train,run7|bcc15fe4c958051f2c0ca24d
4077,test,run7|cd8e13341768a6eb2f778605
4078,test,run7|5f675e545cf7634d4206b271
4079,train,run7|4e0dd7dda2061d9fd97ecad3
4080,test,run7|a593a692a9741d97db8db665
4081,train,run7|2dc6943a172fa290e30a3a8b
4082,train,run7|fbd7485fa51c9d1b6b73f1d7
4083,test,run7|0b1325953873cf07d85f1e40
4084,train,run7|683a44156655a84956d31050
4085,train,run7|7b7f7630c55b7fe784b57977
4086,val,run7|7d8b750643f4a5da9647f39e
4087,train,run7|1e2b9c41ad8ceb9efc6b33a5
4088,train,run7|7904e2580ab955e7f0f406a9
4089,val,run7|0c74803db76fff58de12c11a
4090,train,run7|a88e716a6a9a5c1ab023976d
4091,val,run7|9a889410b223d81927a4868d
4092,val,run7|111cc5ff0935f0f2b69dbf7b
4093,train,run7|01e25be3545783167f57eea9
4094,train,run7|e6dc08120bd15265d45abeab
4095,train,run7|682911bd88da4fa0fb61f3e7
4096,train,run7|701d2550391e0b0a2dbe8abe
4097,train,run7|907c67a2bfa486b15d72ed26
4098,val,run7|7e9280f6db7cf33cbd5a7f24
4099,val,run7|45f58c04435bdc845e69b6b7
4100,train,run7|952e7f086b2b9b557c4f27b1
4101,train,run7|1db12de0b40ebb3ddb46201f
4102,train,run7|3aaa4aadb306796342bc0d57
4103,train,run7|4619a295da7f15c7f14d4858
4104,train,run7|a86178f06e9167630a09d44d
4105,train,run7|9c58ae4ef974301ac48144ff
4106,test,run7|f9e7c7a5d32d9f9cfe2bb1d9
4107,val,run7|e7e4d52b589ab3f8f0c8a4ec
4108,train,run7|cb7d9d2b4f9b6fa860d28b59
4109,train,run7|89fc2ab437d1a56b52049606
4110,train,run7|d39a31ceba23031b254c2f64
4111,test,run7|d09daf1406b67bbaad34b8f3
4112,train,run7|51c4fa9b81770f6dcd4e1d75
4113,val,run7|2d21225c7ebd323bcf7fb860
4114,train,run7|961f8976255f557842577cf3
4115,train,run7|12cfde2f81e0dadfb7edc5d9
4116,train,run7|832cb89b41438313df59d45f
4117,val,run7|e4922abf688174f471f7b185
4118,train,run7|c51a218a5d74c0624486f398
4119,test,run7|aca2ca11e5ac3d7ad7ae091c
4120,test,run7|3fb64947f3231b4462551dc4
4121,val,run7|da7936298351ccb135ae9bc8
4122,train,run7|7cdf176d5119a58babea8520
4123,val,run7|a397666ae00a87c7693dc57a
4124,test,run7|0a8da8df8bbfbe6fd1266167
4125,val,run7|4f96d1ed5af01d279e8f6f76
4126,val,run7|4c3e5943c1703269c8e5388d
4127,val,run7|113ca3f3df4db43817ef21c6
4128,train,run7|111ee2f9e1ca53f052c769a4
4129,test,run7|75fc0032f14ad7db4073e608
4130,train,run7|1bfffef87f348e22251a13d5
4131,train,run7|ed95ca92822378cf45d367c8
4132,test,run7|03011713a281db8ca27d7a59
4133,val,run7|4c4bc1b55c37efa3070a4448
4134,test,run7|f9added14b18fc7180e917e1
4135,train,run7|98fb520ae9fb9f1e3ba3ffc9
4136,train,run7|f546404c6e9ab5523411acb1
4137,train,run7|03ec18fff87723f5f70520cf
4138,train,run7|391b5eba5d752ca9e5c55c18
4139,train,run7|bcc15fe4c958051f2c0ca24d
4140,test,run7|cd8e13341768a6eb2f778605
4141,test,run7|5f675e545cf7634d4206b271
4142,train,run7|4e0dd7dda2061d9fd97ecad3
4143,test,run7|a593a692a9741d97db8db665
4144,train,run7|2dc6943a172fa290e30a3a8b
4145,train,run7|fbd7485fa51c9d1b6b73f1d7
4146,test,run7|0b1325953873cf07d85f1e40
4147,train,run7|683a44156655a84956d31050
4148,train,run7|7b7f7630c55b7fe784b57977
4149,val,run7|7d8b750643f4a5da9647f39e
4150,train,run7|1e2b9c41ad8ceb9efc6b33a5
4151,train,run7|7904e2580ab955e7f0f406a9
4152,val,run7|0c74803db76fff58de12c11a
4153,train,run7|a88e716a6a9a5c1ab023976d
4154,val,run7|9a889410b223d81927a4868d
4155,val,run7|111cc5ff0935f0f2b69dbf7b
4156,train,run7|01e25be3545783167f57eea9
4157,train,run7|e6dc08120bd15265d45abeab
4158,train,run7|682911bd88da4fa0fb61f3e7
4159,train,run7|701d2550391e0b0a2dbe8abe
4160,train,run7|907c67a2bfa486b15d72ed26
4161,val,run7|7e9280f6db7cf33cbd5a7f24
4162,val,run7|45f58c04435bdc845e69b6b7
4163,train,run7|952e7f086b2b9b557c4f27b1
4164,train,run7|1db12de0b40ebb3ddb46201f
4165,train,run7|3aaa4aadb306796342bc0d57
4166,train,run7|4619a295da7f15c7f14d4858
4167,train,run7|a86178f06e9167630a09d44d
4168,train,run7|9c58ae4ef974301ac48144ff
4169,test,run7|f9e7c7a5d32d9f9cfe2bb1d9
4170,val,run7|e7e4d52b589ab3f8f0c8a4ec
4171,train,run7|cb7d9d2b4f9b6fa860d28b59
4172,train,run7|89fc2ab437d1a56b52049606
4173,val,run7|e368c0c23729e041af8436f0
4174,train,run7|a07934fc8eefc3a97bb96ce8
4175,val,run7|217a105df0d3438791350bfd
4176,train,run7|d39a31ceba23031b254c2f64
4177,test,run7|d09daf1406b67bbaad34b8f3
4178,train,run7|51c4fa9b81770f6dcd4e1d75
4179,val,run7|2d21225c7ebd323bcf7fb860
4180,train,run7|961f8976255f557842577cf3
4181,train,run7|12cfde2f81e0dadfb7edc5d9
4182,train,run7|832cb89b41438313df59d45f
4183,val,run7|e4922abf688174f471f7b185
4184,train,run7|c51a218a5d74c0624486f398
4185,test,run7|aca2ca11e5ac3d7ad7ae091c
4186,test,run7|3fb64947f3231b4462551dc4
4187,val,run7|da7936298351ccb135ae9bc8
4188,train,run7|7cdf176d5119a58babea8520
4189,val,run7|a397666ae00a87c7693dc57a
4190,test,run7|0a8da8df8bbfbe6fd1266167
4191,val,run7|4f96d1ed5af01d279e8f6f76
4192,val,run7|4c3e5943c1703269c8e5388d
4193,val,run7|113ca3f3df4db43817ef21c6
4194,train,run7|111ee2f9e1ca53f052c769a4
4195,test,run7|75fc0032f14ad7db4073e608
4196,train,run7|1bfffef87f348e22251a13d5
4197,train,run7|ed95ca92822378cf45d367c8
4198,test,run7|03011713a281db8ca27d7a59
4199,val,run7|4c4bc1b55c37efa3070a4448
4200,test,run7|f9added14b18fc7180e917e1
4201,train,run7|98fb520ae9fb9f1e3ba3ffc9
4202,train,run7|f546404c6e9ab5523411acb1
4203,train,run7|03ec18fff87723f5f70520cf
4204,train,run7|391b5eba5d752ca9e5c55c18
4205,train,run7|bcc15fe4c958051f2c0ca24d
4206,test,run7|cd8e13341768a6eb2f778605
4207,test,run7|5f675e545cf7634d4206b271
4208,train,run7|4e0dd7dda2061d9fd97ecad3
4209,test,run7|a593a692a9741d97db8db665
4210,train,run7|2dc6943a172fa290e30a3a8b
4211,train,run7|fbd7485fa51c9d1b6b73f1d7
4212,test,run7|0b1325953873cf07d85f1e40
4213,train,run7|683a44156655a84956d31050
4214,train,run7|7b7f7630c55b7fe784b57977
4215,val,run7|7d8b750643f4a5da9647f39e
4216,train,run7|1e2b9c41ad8ceb9efc6b33a5
4217,train,run7|7904e2580ab955e7f0f406a9
4218,val,run7|0c74803db76fff58de12c11a
4219,train,run7|a88e716a6a9a5c1ab023976d
4220,val,run7|9a889410b223d81927a4868d
4221,val,run7|111cc5ff0935f0f2b69dbf7b
4222,train,run7|01e25be3545783167f57eea9
4223,train,run7|e6dc08120bd15265d45abeab
4224,train,run7|682911bd88da4fa0fb61f3e7
4225,train,run7|701d2550391e0b0a2dbe8abe
4226,train,run7|907c67a2bfa486b15d72ed26
4227,val,run7|7e9280f6db7cf33cbd5a7f24
4228,val,run7|45f58c04435bdc845e69b6b7
4229,train,run7|952e7f086b2b9b557c4f27b1
4230,train,run7|1db12de0b40ebb3ddb46201f
4231,train,run7|3aaa4aadb306796342bc0d57
4232,train,run7|4619a295da7f15c7f14d4858
4233,train,run7|a86178f06e9167630a09d44d
4234,train,run7|9c58ae4ef974301ac48144ff
4235,test,run7|f9e7c7a5d32d9f9cfe2bb1d9
4236,val,run7|e7e4d52b589ab3f8f0c8a4ec
4237,train,run7|cb7d9d2b4f9b6fa860d28b59
4238,train,run7|89fc2ab437d1a56b52049606
4239,train,run7|8d24f09793b59c9a17a4ca7e
4240,test,run7|725d43b6b4fbdeab439860fb
4241,train,run7|d39a31ceba23031b254c2f64
4242,test,run7|d09daf1406b67bbaad34b8f3
4243,train,run7|51c4fa9b81770f6dcd4e1d75
4244,val,run7|2d21225c7ebd323bcf7fb860
4245,train,run7|961f8976255f557842577cf3
4246,train,run7|12cfde2f81e0dadfb7edc5d9
4247,train,run7|832cb89b41438313df59d45f
4248,val,run7|e4922abf688174f471f7b185
4249,train,run7|c51a218a5d74c0624486f398
4250,test,run7|aca2ca11e5ac3d7ad7ae091c
4251,test,run7|3fb64947f3231b4462551dc4
4252,val,run7|da7936298351ccb135ae9bc8
4253,train,run7|7cdf176d5119a58babea8520
4254,val,run7|a397666ae00a87c7693dc57a
4255,test,run7|0a8da8df8bbfbe6fd1266167
4256,val,run7|4f96d1ed5af01d279e8f6f76
4257,val,run7|4c3e5943c1703269c8e5388d
4258,val,run7|113ca3f3df4db43817ef21c6
4259,train,run7|111ee2f9e1ca53f052c769a4
4260,test,run7|75fc0032f14ad7db4073e608
4261,train,run7|1bfffef87f348e22251a13d5
4262,train,run7|ed95ca92822378cf45d367c8
4263,test,run7|03011713a281db8ca27d7a59
4264,val,run7|4c4bc1b55c37efa3070a4448
4265,test,run7|f9added14b18fc7180e917e1
4266,train,run7|98fb520ae9fb9f1e3ba3ffc9
4267,train,run7|f546404c6e9ab5523411acb1
4268,train,run7|03ec18fff87723f5f70520cf
4269,train,run7|391b5eba5d752ca9e5c55c18
4270,train,run7|bcc15fe4c958051f2c0ca24d
4271,test,run7|cd8e13341768a6eb2f778605
4272,test,run7|5f675e545cf7634d4206b271
4273,train,run7|4e0dd7dda2061d9fd97ecad3
4274,test,run7|a593a692a9741d97db8db665
4275,train,run7|2dc6943a172fa290e30a3a8b
4276,train,run7|fbd7485fa51c9d1b6b73f1d7
4277,test,run7|0b1325953873cf07d85f1e40
4278,train,run7|683a44156655a84956d31050
4279,train,run7|7b7f7630c55b7fe784b57977
4280,val,run7|7d8b750643f4a5da9647f39e
4281,train,run7|1e2b9c41ad8ceb9efc6b33a5
4282,train,run7|7904e2580ab955e7f0f406a9
4283,val,run7|0c74803db76fff58de12c11a
4284,train,run7|a88e716a6a9a5c1ab023976d
4285,val,run7|9a889410b223d81927a4868d
4286,val,run7|111cc5ff0935f0f2b69dbf7b
4287,train,run7|01e25be3545783167f57eea9
4288,train,run7|e6dc08120bd15265d45abeab
4289,train,run7|682911bd88da4fa0fb61f3e7
4290,train,run7|701d2550391e0b0a2dbe8abe
4291,train,run7|907c67a2bfa486b15d72ed26
4292,val,run7|7e9280f6db7cf33cbd5a7f24
4293,val,run7|45f58c04435bdc845e69b6b7
4294,train,run7|952e7f086b2b9b557c4f27b1
4295,train,run7|1db12de0b40ebb3ddb46201f
4296,train,run7|3aaa4aadb306796342bc0d57
4297,train,run7|4619a295da7f15c7f14d4858
4298,train,run7|a86178f06e9167630a09d44d
4299,train,run7|9c58ae4ef974301ac48144ff
4300,test,run7|f9e7c7a5d32d9f9cfe2bb1d9
4301,val,run7|e7e4d52b589ab3f8f0c8a4ec
4302,train,run7|cb7d9d2b4f9b6fa860d28b59
4303,train,run7|89fc2ab437d1a56b52049606
4304,train,run7|de929eef10dbb531b3e52f37
4305,train,run7|5873d1c030b71059c23aea31
4306,val,run7|600c866ad63028c9a4af35e4
4307,train,run7|3aaa4aadb306796342bc0d57
4308,test,run7|f9e7c7a5d32d9f9cfe2bb1d9
4309,train,run7|cb7d9d2b4f9b6fa860d28b59
4310,train,run7|89fc2ab437d1a56b52049606
4311,val,run8|0a207ce47b3aa570c8ce1f97
4312,train,run8|46d3f8f442764ac593b00665
4313,test,run8|6c8fba4b0e6707f556bad245
4314,test,run8|3e1b0f91d486d90f1fcb23ec
4315,train,run8|9c2c1ec07b9a8432dbc296c5
4316,val,run8|c7d409d8810302a2c7869c4d
4317,train,run8|249dd97fd0fd57174593a7aa
4318,train,run8|f0625cf420dc4467f826aab9
4319,train,run8|8393decd2e02035d737809f4
4320,test,run8|6fa32458a3a2daee1578d223
4321,test,run8|23a50176b769f8e6c2d6b217
4322,train,run8|8ae87c29dfcf533f855e1abc
4323,train,run8|21b5fbd677ffccfb5d79ecc6
4324,val,run8|b0b5bfa294c47de3f866b0b1
4325,val,run8|e15f702794f8fea4a891fcfd
4326,val,run8|e277147f32491d9d23e568e9
4327,test,run8|aec0f66a82c2feca327f4fa3
4328,val,run8|25c9daf8a40815c67ebadd73
4329,val,run8|7a10050460f2b7480824442f
4330,train,run8|d36fbcccacb9c9a5475940e9
4331,val,run8|d43e2d7d2bac2b08454b58e2
4332,train,run8|2703581b4c8c68a38a26b7a9
4333,train,run8|ad97bdde0fa76ee8f2154d9a
4334,train,run8|882d48a185899073ff33bec2
4335,val,run8|8f996b2c5b2d73b5b2e9f3ba
4336,val,run8|cf788b6a9c7515b9ac7bfd66
4337,test,run8|48c5548c5993e6949c58c43f
4338,train,run8|6d861c435bd1d41a67e846d9
4339,train,run8|1f17e4faaac3920154cf544a
4340,val,run8|360ff298ac113511638f5dc1
4341,test,run8|f39b9a27a139543ade947729
4342,train,run8|3876b4aac7cf43a1e36b61b3
4343,train,run8|2989f899ffa0f2f89eac9943
4344,train,run8|7dcb264e96b9ffbbb8160875
4345,val,run8|5cb449cdb54fc8493cb6af2b
4346,train,run8|3e24aa7c76de664f14c6c32a
4347,test,run8|aafac246cf42bdbf57bfc51e
4348,test,run8|62f739d63c16109e8dec19c5
4349,val,run8|9f94c2b74cb391b9b3f23c28
4350,train,run8|f84f11c930ac46f8c92f20c0
4351,train,run8|969738cb879320e115c6c11c
4352,train,run8|d75442362b054bce3a392367
4353,train,run8|2bcff07ea11b070850d3f1dc
4354,val,run8|f43bf69a2b1c54a753ac5c72
4355,train,run8|5878817a85bca805ba6aca0e
4356,val,run8|2bdc8c398dad636ea4738394
4357,test,run8|ceab41547619fd5a3c735631
4358,train,run8|f0e09cdc5dd18599103f9c39
4359,train,run8|4a439c250e71c225b6e244c0
4360,train,run8|9a0fa57a2d1ea0c5a05f4783
4361,val,run8|55b56b11ebdb646a015b8550
4362,test,run8|c96616027d801f41e5d43581
4363,train,run8|773dfc8f3ce0d4b415b089a1
4364,train,run8|7480b3c225eaf606a396e450
4365,test,run8|ae705db4bd8e54a8754f6e3b
4366,train,run8|dbc7d70aabddf96fab8a9a81
4367,val,run8|437f9d8d7863a92a89acb45e
4368,test,run8|3a99d3d767e460e9ab55ed5d
4369,test,run8|82426b098ae688c33bda45cb
4370,val,run8|a980689a7c4a4360953d6eb6
4371,train,run8|e470b185502a363aac9efd12
4372,test,run8|071b86fee4a683cc8fd4c049
4373,train,run8|4a3811141ba9bd40059b4c61
4374,train,run8|0ea3bfe2dd1155437aa31121
4375,test,run8|a49de2a73e7bc6f1a5e2e1e7
4376,train,run8|6e0f89493d87884e52ad759e
4377,train,run8|e4488c664d0e4db70102823e
4378,test,run8|7b8ce3c288274eae51c453ab
4379,train,run8|a3e857ec2c1d7a37f5fa4048
4380,val,run8|b1a67f2b0ca053fa0dee7d84
4381,train,run8|e4e12f38ab324791a72ffeed
4382,train,run8|c159580d4dcb0f4c8a51628f
4383,train,run8|96ec80a42f64dd65ecff18ea
4384,test,run8|029a3dc8c2b399cbd741d41a
4385,train,run8|c308fa4bf5d5f7d28a71fc49
4386,train,run8|4e6dbe2528bd445ee813f5b9
4387,train,run8|03808aa30f44933bfc171e64
4388,train,run8|28eb5fdf0f2aad6a8ffb5d62
4389,val,run8|a73a46d11e64824f3fe3732c
4390,val,run8|0a207ce47b3aa570c8ce1f97
4391,train,run8|46d3f8f442764ac593b00665
4392,test,run8|6c8fba4b0e6707f556bad245
4393,test,run8|3e1b0f91d486d90f1fcb23ec
4394,train,run8|9c2c1ec07b9a8432dbc296c5
4395,val,run8|c7d409d8810302a2c7869c4d
4396,train,run8|249dd97fd0fd57174593a7aa
4397,train,run8|f0625cf420dc4467f826aab9
4398,train,run8|8393decd2e02035d737809f4
4399,test,run8|6fa32458a3a2daee1578d223
4400,test,run8|23a50176b769f8e6c2d6b217
4401,train,run8|8ae87c29dfcf533f855e1abc
4402,train,run8|21b5fbd677ffccfb5d79ecc6
4403,val,run8|b0b5bfa294c47de3f866b0b1
4404,val,run8|e15f702794f8fea4a891fcfd
4405,val,run8|e277147f32491d9d23e568e9
4406,test,run8|aec0f66a82c2feca327f4fa3
4407,val,run8|25c9daf8a40815c67ebadd73
4408,val,run8|7a10050460f2b7480824442f
4409,train,run8|d36fbcccacb9c9a5475940e9
4410,val,run8|d43e2d7d2bac2b08454b58e2
4411,train,run8|2703581b4c8c68a38a26b7a9
4412,train,run8|ad97bdde0fa76ee8f2154d9a
4413,train,run8|882d48a185899073ff33bec2
4414,val,run8|8f996b2c5b2d73b5b2e9f3ba
4415,val,run8|cf788b6a9c7515b9ac7bfd66
4416,test,run8|48c5548c5993e6949c58c43f
4417,train,run8|6d861c435bd1d41a67e846d9
4418,train,run8|1f17e4faaac3920154cf544a
4419,val,run8|360ff298ac113511638f5dc1
4420,test,run8|f39b9a27a139543ade947729
4421,train,run8|3876b4aac7cf43a1e36b61b3
4422,train,run8|2989f899ffa0f2f89eac9943
4423,train,run8|7dcb264e96b9ffbbb8160875
4424,val,run8|5cb449cdb54fc8493cb6af2b
4425,train,run8|3e24aa7c76de664f14c6c32a
4426,test,run8|aafac246cf42bdbf57bfc51e
4427,test,run8|62f739d63c16109e8dec19c5
4428,val,run8|9f94c2b74cb391b9b3f23c28
4429,train,run8|f84f11c930ac46f8c92f20c0
4430,train,run8|969738cb879320e115c6c11c
4431,train,run8|d75442362b054bce3a392367
4432,train,run8|2bcff07ea11b070850d3f1dc
4433,val,run8|f43bf69a2b1c54a753ac5c72
4434,train,run8|5878817a85bca805ba6aca0e
4435,val,run8|2bdc8c398dad636ea4738394
4436,test,run8|ceab41547619fd5a3c735631
4437,train,run8|f0e09cdc5dd18599103f9c39
4438,train,run8|4a439c250e71c225b6e244c0
4439,train,run8|9a0fa57a2d1ea0c5a05f4783
4440,val,run8|55b56b11ebdb646a015b8550
4441,test,run8|c96616027d801f41e5d43581
4442,train,run8|773dfc8f3ce0d4b415b089a1
4443,train,run8|7480b3c225eaf606a396e450
4444,test,run8|ae705db4bd8e54a8754f6e3b
4445,train,run8|dbc7d70aabddf96fab8a9a81
4446,val,run8|437f9d8d7863a92a89acb45e
4447,test,run8|3a99d3d767e460e9ab55ed5d
4448,test,run8|82426b098ae688c33bda45cb
4449,val,run8|a980689a7c4a4360953d6eb6
4450,train,run8|e470b185502a363aac9efd12
4451,test,run8|071b86fee4a683cc8fd4c049
4452,train,run8|4a3811141ba9bd40059b4c61
4453,train,run8|0ea3bfe2dd1155437aa31121
4454,train,run8|6e0f89493d87884e52ad759e
4455,train,run8|e4488c664d0e4db70102823e
4456,test,run8|7b8ce3c288274eae51c453ab
4457,train,run8|a3e857ec2c1d7a37f5fa4048
4458,val,run8|b1a67f2b0ca053fa0dee7d84
4459,train,run8|e4e12f38ab324791a72ffeed
4460,train,run8|c159580d4dcb0f4c8a51628f
4461,train,run8|4e6dbe2528bd445ee813f5b9
4462,train,run8|28eb5fdf0f2aad6a8ffb5d62
4463,val,run8|0a207ce47b3aa570c8ce1f97
4464,train,run8|46d3f8f442764ac593b00665
4465,test,run8|6c8fba4b0e6707f556bad245
4466,test,run8|3e1b0f91d486d90f1fcb23ec
4467,train,run8|9c2c1ec07b9a8432dbc296c5
4468,val,run8|c7d409d8810302a2c7869c4d
4469,train,run8|249dd97fd0fd57174593a7aa
4470,train,run8|f0625cf420dc4467f826aab9
4471,train,run8|8393decd2e02035d737809f4
4472,test,run8|6fa32458a3a2daee1578d223
4473,test,run8|23a50176b769f8e6c2d6b217
4474,train,run8|8ae87c29dfcf533f855e1abc
4475,train,run8|21b5fbd677ffccfb5d79ecc6
4476,val,run8|b0b5bfa294c47de3f866b0b1
4477,val,run8|e15f702794f8fea4a891fcfd
4478,val,run8|e277147f32491d9d23e568e9
4479,test,run8|aec0f66a82c2feca327f4fa3
4480,val,run8|25c9daf8a40815c67ebadd73
4481,val,run8|7a10050460f2b7480824442f
4482,train,run8|d36fbcccacb9c9a5475940e9
4483,val,run8|d43e2d7d2bac2b08454b58e2
4484,train,run8|2703581b4c8c68a38a26b7a9
4485,train,run8|ad97bdde0fa76ee8f2154d9a
4486,train,run8|882d48a185899073ff33bec2
4487,val,run8|8f996b2c5b2d73b5b2e9f3ba
4488,val,run8|cf788b6a9c7515b9ac7bfd66
4489,test,run8|48c5548c5993e6949c58c43f
4490,train,run8|6d861c435bd1d41a67e846d9
4491,train,run8|1f17e4faaac3920154cf544a
4492,val,run8|360ff298ac113511638f5dc1
4493,test,run8|f39b9a27a139543ade947729
4494,train,run8|3876b4aac7cf43a1e36b61b3
4495,train,run8|2989f899ffa0f2f89eac9943
4496,train,run8|7dcb264e96b9ffbbb8160875
4497,val,run8|5cb449cdb54fc8493cb6af2b
4498,train,run8|3e24aa7c76de664f14c6c32a
4499,test,run8|aafac246cf42bdbf57bfc51e
4500,test,run8|62f739d63c16109e8dec19c5
4501,val,run8|9f94c2b74cb391b9b3f23c28
4502,train,run8|f84f11c930ac46f8c92f20c0
4503,train,run8|969738cb879320e115c6c11c
4504,train,run8|d75442362b054bce3a392367
4505,train,run8|2bcff07ea11b070850d3f1dc
4506,val,run8|f43bf69a2b1c54a753ac5c72
4507,train,run8|5878817a85bca805ba6aca0e
4508,val,run8|2bdc8c398dad636ea4738394
4509,test,run8|ceab41547619fd5a3c735631
4510,train,run8|f0e09cdc5dd18599103f9c39
4511,train,run8|4a439c250e71c225b6e244c0
4512,train,run8|9a0fa57a2d1ea0c5a05f4783
4513,val,run8|55b56b11ebdb646a015b8550
4514,test,run8|c96616027d801f41e5d43581
4515,train,run8|773dfc8f3ce0d4b415b089a1
4516,train,run8|7480b3c225eaf606a396e450
4517,test,run8|ae705db4bd8e54a8754f6e3b
4518,train,run8|dbc7d70aabddf96fab8a9a81
4519,val,run8|437f9d8d7863a92a89acb45e
4520,test,run8|3a99d3d767e460e9ab55ed5d
4521,test,run8|82426b098ae688c33bda45cb
4522,val,run8|a980689a7c4a4360953d6eb6
4523,train,run8|e470b185502a363aac9efd12
4524,test,run8|071b86fee4a683cc8fd4c049
4525,train,run8|4a3811141ba9bd40059b4c61
4526,val,run8|0a207ce47b3aa570c8ce1f97
4527,train,run8|46d3f8f442764ac593b00665
4528,test,run8|6c8fba4b0e6707f556bad245
4529,test,run8|3e1b0f91d486d90f1fcb23ec
4530,train,run8|9c2c1ec07b9a8432dbc296c5
4531,val,run8|c7d409d8810302a2c7869c4d
4532,train,run8|249dd97fd0fd57174593a7aa
4533,train,run8|f0625cf420dc4467f826aab9
4534,train,run8|8393decd2e02035d737809f4
4535,test,run8|6fa32458a3a2daee1578d223
4536,test,run8|23a50176b769f8e6c2d6b217
4537,train,run8|8ae87c29dfcf533f855e1abc
4538,train,run8|21b5fbd677ffccfb5d79ecc6
4539,val,run8|b0b5bfa294c47de3f866b0b1
4540,val,run8|e15f702794f8fea4a891fcfd
4541,val,run8|e277147f32491d9d23e568e9
4542,test,run8|aec0f66a82c2feca327f4fa3
4543,val,run8|25c9daf8a40815c67ebadd73
4544,val,run8|7a10050460f2b7480824442f
4545,train,run8|d36fbcccacb9c9a5475940e9
4546,val,run8|d43e2d7d2bac2b08454b58e2
4547,train,run8|2703581b4c8c68a38a26b7a9
4548,train,run8|ad97bdde0fa76ee8f2154d9a
4549,train,run8|882d48a185899073ff33bec2
4550,val,run8|8f996b2c5b2d73b5b2e9f3ba
4551,val,run8|cf788b6a9c7515b9ac7bfd66
4552,test,run8|48c5548c5993e6949c58c43f
4553,train,run8|6d861c435bd1d41a67e846d9
4554,train,run8|1f17e4faaac3920154cf544a
4555,val,run8|360ff298ac113511638f5dc1
4556,test,run8|f39b9a27a139543ade947729
4557,train,run8|3876b4aac7cf43a1e36b61b3
4558,train,run8|2989f899ffa0f2f89eac9943
4559,train,run8|7dcb264e96b9ffbbb8160875
4560,val,run8|5cb449cdb54fc8493cb6af2b
4561,train,run8|3e24aa7c76de664f14c6c32a
4562,test,run8|aafac246cf42bdbf57bfc51e
4563,test,run8|62f739d63c16109e8dec19c5
4564,val,run8|9f94c2b74cb391b9b3f23c28
4565,train,run8|f84f11c930ac46f8c92f20c0
4566,train,run8|969738cb879320e115c6c11c
4567,train,run8|d75442362b054bce3a392367
4568,train,run8|2bcff07ea11b070850d3f1dc
4569,val,run8|f43bf69a2b1c54a753ac5c72
4570,train,run8|5878817a85bca805ba6aca0e
4571,val,run8|2bdc8c398dad636ea4738394
4572,test,run8|ceab41547619fd5a3c735631
4573,train,run8|f0e09cdc5dd18599103f9c39
4574,train,run8|4a439c250e71c225b6e244c0
4575,train,run8|9a0fa57a2d1ea0c5a05f4783
4576,val,run8|55b56b11ebdb646a015b8550
4577,test,run8|c96616027d801f41e5d43581
4578,train,run8|773dfc8f3ce0d4b415b089a1
4579,train,run8|7480b3c225eaf606a396e450
4580,test,run8|ae705db4bd8e54a8754f6e3b
4581,train,run8|dbc7d70aabddf96fab8a9a81
4582,val,run8|437f9d8d7863a92a89acb45e
4583,test,run8|3a99d3d767e460e9ab55ed5d
4584,test,run8|82426b098ae688c33bda45cb
4585,val,run8|a980689a7c4a4360953d6eb6
4586,train,run8|e470b185502a363aac9efd12
4587,test,run8|071b86fee4a683cc8fd4c049
4588,train,run8|4a3811141ba9bd40059b4c61
4589,val,run8|0a207ce47b3aa570c8ce1f97
4590,train,run8|46d3f8f442764ac593b00665
4591,test,run8|6c8fba4b0e6707f556bad245
4592,test,run8|3e1b0f91d486d90f1fcb23ec
4593,train,run8|9c2c1ec07b9a8432dbc296c5
4594,val,run8|c7d409d8810302a2c7869c4d
4595,train,run8|249dd97fd0fd57174593a7aa
4596,train,run8|f0625cf420dc4467f826aab9
4597,train,run8|8393decd2e02035d737809f4
4598,test,run8|6fa32458a3a2daee1578d223
4599,test,run8|23a50176b769f8e6c2d6b217
4600,train,run8|8ae87c29dfcf533f855e1abc
4601,train,run8|21b5fbd677ffccfb5d79ecc6
4602,val,run8|b0b5bfa294c47de3f866b0b1
4603,val,run8|e15f702794f8fea4a891fcfd
4604,val,run8|e277147f32491d9d23e568e9
4605,test,run8|aec0f66a82c2feca327f4fa3
4606,val,run8|25c9daf8a40815c67ebadd73
4607,val,run8|7a10050460f2b7480824442f
4608,train,run8|d36fbcccacb9c9a5475940e9
4609,val,run8|d43e2d7d2bac2b08454b58e2
4610,train,run8|2703581b4c8c68a38a26b7a9
4611,train,run8|ad97bdde0fa76ee8f2154d9a
4612,train,run8|882d48a185899073ff33bec2
4613,val,run8|8f996b2c5b2d73b5b2e9f3ba
4614,val,run8|cf788b6a9c7515b9ac7bfd66
4615,test,run8|48c5548c5993e6949c58c43f
4616,train,run8|6d861c435bd1d41a67e846d9
4617,train,run8|1f17e4faaac3920154cf544a
4618,val,run8|360ff298ac113511638f5dc1
4619,test,run8|f39b9a27a139543ade947729
4620,train,run8|3876b4aac7cf43a1e36b61b3
4621,train,run8|2989f899ffa0f2f89eac9943
4622,train,run8|7dcb264e96b9ffbbb8160875
4623,val,run8|5cb449cdb54fc8493cb6af2b
4624,train,run8|3e24aa7c76de664f14c6c32a
4625,test,run8|aafac246cf42bdbf57bfc51e
4626,test,run8|62f739d63c16109e8dec19c5
4627,val,run8|9f94c2b74cb391b9b3f23c28
4628,train,run8|f84f11c930ac46f8c92f20c0
4629,train,run8|969738cb879320e115c6c11c
4630,train,run8|d75442362b054bce3a392367
4631,train,run8|2bcff07ea11b070850d3f1dc
4632,val,run8|f43bf69a2b1c54a753ac5c72
4633,train,run8|5878817a85bca805ba6aca0e
4634,val,run8|2bdc8c398dad636ea4738394
4635,test,run8|ceab41547619fd5a3c735631
4636,train,run8|f0e09cdc5dd18599103f9c39
4637,train,run8|4a439c250e71c225b6e244c0
4638,train,run8|9a0fa57a2d1ea0c5a05f4783
4639,val,run8|55b56b11ebdb646a015b8550
4640,test,run8|c96616027d801f41e5d43581
4641,train,run8|773dfc8f3ce0d4b415b089a1
4642,train,run8|7480b3c225eaf606a396e450
4643,test,run8|ae705db4bd8e54a8754f6e3b
4644,train,run8|dbc7d70aabddf96fab8a9a81
4645,val,run8|437f9d8d7863a92a89acb45e
4646,test,run8|3a99d3d767e460e9ab55ed5d
4647,test,run8|82426b098ae688c33bda45cb
4648,val,run8|a980689a7c4a4360953d6eb6
4649,train,run8|e470b185502a363aac9efd12
4650,test,run8|071b86fee4a683cc8fd4c049
4651,train,run8|4a3811141ba9bd40059b4c61
4652,val,run8|0a207ce47b3aa570c8ce1f97
4653,train,run8|46d3f8f442764ac593b00665
4654,test,run8|6c8fba4b0e6707f556bad245
4655,test,run8|3e1b0f91d486d90f1fcb23ec
4656,train,run8|9c2c1ec07b9a8432dbc296c5
4657,val,run8|c7d409d8810302a2c7869c4d
4658,train,run8|249dd97fd0fd57174593a7aa
4659,train,run8|f0625cf420dc4467f826aab9
4660,train,run8|8393decd2e02035d737809f4
4661,test,run8|6fa32458a3a2daee1578d223
4662,test,run8|23a50176b769f8e6c2d6b217
4663,train,run8|8ae87c29dfcf533f855e1abc
4664,train,run8|21b5fbd677ffccfb5d79ecc6
4665,val,run8|b0b5bfa294c47de3f866b0b1
4666,val,run8|e15f702794f8fea4a891fcfd
4667,val,run8|e277147f32491d9d23e568e9
4668,test,run8|aec0f66a82c2feca327f4fa3
4669,val,run8|25c9daf8a40815c67ebadd73
4670,val,run8|7a10050460f2b7480824442f
4671,train,run8|d36fbcccacb9c9a5475940e9
4672,val,run8|d43e2d7d2bac2b08454b58e2
4673,train,run8|2703581b4c8c68a38a26b7a9
4674,train,run8|ad97bdde0fa76ee8f2154d9a
4675,train,run8|882d48a185899073ff33bec2
4676,val,run8|8f996b2c5b2d73b5b2e9f3ba
4677,val,run8|cf788b6a9c7515b9ac7bfd66
4678,test,run8|48c5548c5993e6949c58c43f
4679,train,run8|6d861c435bd1d41a67e846d9
4680,train,run8|1f17e4faaac3920154cf544a
4681,val,run8|360ff298ac113511638f5dc1
4682,test,run8|f39b9a27a139543ade947729
4683,train,run8|3876b4aac7cf43a1e36b61b3
4684,train,run8|2989f899ffa0f2f89eac9943
4685,train,run8|7dcb264e96b9ffbbb8160875
4686,val,run8|5cb449cdb54fc8493cb6af2b
4687,train,run8|3e24aa7c76de664f14c6c32a
4688,test,run8|aafac246cf42bdbf57bfc51e
4689,test,run8|62f739d63c16109e8dec19c5
4690,val,run8|9f94c2b74cb391b9b3f23c28
4691,train,run8|f84f11c930ac46f8c92f20c0
4692,train,run8|969738cb879320e115c6c11c
4693,train,run8|d75442362b054bce3a392367
4694,train,run8|2bcff07ea11b070850d3f1dc
4695,val,run8|f43bf69a2b1c54a753ac5c72
4696,train,run8|5878817a85bca805ba6aca0e
4697,val,run8|2bdc8c398dad636ea4738394
4698,test,run8|ceab41547619fd5a3c735631
4699,train,run8|f0e09cdc5dd18599103f9c39
4700,train,run8|4a439c250e71c225b6e244c0
4701,train,run8|9a0fa57a2d1ea0c5a05f4783
4702,val,run8|55b56b11ebdb646a015b8550
4703,test,run8|c96616027d801f41e5d43581
4704,train,run8|773dfc8f3ce0d4b415b089a1
4705,train,run8|7480b3c225eaf606a396e450
4706,test,run8|ae705db4bd8e54a8754f6e3b
4707,train,run8|dbc7d70aabddf96fab8a9a81
4708,val,run8|437f9d8d7863a92a89acb45e
4709,test,run8|3a99d3d767e460e9ab55ed5d
4710,test,run8|82426b098ae688c33bda45cb
4711,val,run8|a980689a7c4a4360953d6eb6
4712,train,run8|e470b185502a363aac9efd12
4713,test,run8|071b86fee4a683cc8fd4c049
4714,train,run8|4a3811141ba9bd40059b4c61
4715,val,run8|0a207ce47b3aa570c8ce1f97
4716,train,run8|46d3f8f442764ac593b00665
4717,test,run8|6c8fba4b0e6707f556bad245
4718,test,run8|3e1b0f91d486d90f1fcb23ec
4719,train,run8|9c2c1ec07b9a8432dbc296c5
4720,val,run8|c7d409d8810302a2c7869c4d
4721,train,run8|249dd97fd0fd57174593a7aa
4722,train,run8|f0625cf420dc4467f826aab9
4723,train,run8|8393decd2e02035d737809f4
4724,test,run8|6fa32458a3a2daee1578d223
4725,test,run8|23a50176b769f8e6c2d6b217
4726,train,run8|8ae87c29dfcf533f855e1abc
4727,train,run8|21b5fbd677ffccfb5d79ecc6
4728,val,run8|b0b5bfa294c47de3f866b0b1
4729,val,run8|e15f702794f8fea4a891fcfd
4730,val,run8|e277147f32491d9d23e568e9
4731,test,run8|aec0f66a82c2feca327f4fa3
4732,val,run8|25c9daf8a40815c67ebadd73
4733,val,run8|7a10050460f2b7480824442f
4734,train,run8|d36fbcccacb9c9a5475940e9
4735,val,run8|d43e2d7d2bac2b08454b58e2
4736,train,run8|2703581b4c8c68a38a26b7a9
4737,train,run8|ad97bdde0fa76ee8f2154d9a
4738,train,run8|882d48a185899073ff33bec2
4739,val,run8|8f996b2c5b2d73b5b2e9f3ba
4740,val,run8|cf788b6a9c7515b9ac7bfd66
4741,test,run8|48c5548c5993e6949c58c43f
4742,train,run8|6d861c435bd1d41a67e846d9
4743,train,run8|1f17e4faaac3920154cf544a
4744,val,run8|360ff298ac113511638f5dc1
4745,test,run8|f39b9a27a139543ade947729
4746,train,run8|3876b4aac7cf43a1e36b61b3
4747,train,run8|2989f899ffa0f2f89eac9943
4748,train,run8|7dcb264e96b9ffbbb8160875
4749,val,run8|5cb449cdb54fc8493cb6af2b
4750,train,run8|3e24aa7c76de664f14c6c32a
4751,test,run8|aafac246cf42bdbf57bfc51e
4752,test,run8|62f739d63c16109e8dec19c5
4753,val,run8|9f94c2b74cb391b9b3f23c28
4754,train,run8|f84f11c930ac46f8c92f20c0
4755,train,run8|969738cb879320e115c6c11c
4756,train,run8|d75442362b054bce3a392367
4757,train,run8|2bcff07ea11b070850d3f1dc
4758,val,run8|f43bf69a2b1c54a753ac5c72
4759,train,run8|5878817a85bca805ba6aca0e
4760,val,run8|2bdc8c398dad636ea4738394
4761,test,run8|ceab41547619fd5a3c735631
4762,train,run8|f0e09cdc5dd18599103f9c39
4763,train,run8|4a439c250e71c225b6e244c0
4764,train,run8|9a0fa57a2d1ea0c5a05f4783
4765,val,run8|55b56b11ebdb646a015b8550
4766,test,run8|c96616027d801f41e5d43581
4767,train,run8|773dfc8f3ce0d4b415b089a1
4768,train,run8|7480b3c225eaf606a396e450
4769,test,run8|ae705db4bd8e54a8754f6e3b
4770,train,run8|dbc7d70aabddf96fab8a9a81
4771,val,run8|437f9d8d7863a92a89acb45e
4772,test,run8|3a99d3d767e460e9ab55ed5d
4773,test,run8|82426b098ae688c33bda45cb
4774,val,run8|a980689a7c4a4360953d6eb6
4775,train,run8|e470b185502a363aac9efd12
4776,test,run8|071b86fee4a683cc8fd4c049
4777,train,run8|4a3811141ba9bd40059b4c61
4778,val,run8|0a207ce47b3aa570c8ce1f97
4779,train,run8|46d3f8f442764ac593b00665
4780,test,run8|6c8fba4b0e6707f556bad245
4781,test,run8|3e1b0f91d486d90f1fcb23ec
4782,train,run8|9c2c1ec07b9a8432dbc296c5
4783,val,run8|c7d409d8810302a2c7869c4d
4784,train,run8|249dd97fd0fd57174593a7aa
4785,train,run8|f0625cf420dc4467f826aab9
4786,train,run8|8393decd2e02035d737809f4
4787,test,run8|6fa32458a3a2daee1578d223
4788,test,run8|23a50176b769f8e6c2d6b217
4789,train,run8|8ae87c29dfcf533f855e1abc
4790,train,run8|21b5fbd677ffccfb5d79ecc6
4791,val,run8|b0b5bfa294c47de3f866b0b1
4792,val,run8|e15f702794f8fea4a891fcfd
4793,val,run8|e277147f32491d9d23e568e9
4794,test,run8|aec0f66a82c2feca327f4fa3
4795,val,run8|25c9daf8a40815c67ebadd73
4796,val,run8|7a10050460f2b7480824442f
4797,train,run8|d36fbcccacb9c9a5475940e9
4798,val,run8|d43e2d7d2bac2b08454b58e2
4799,train,run8|2703581b4c8c68a38a26b7a9
4800,train,run8|ad97bdde0fa76ee8f2154d9a
4801,train,run8|882d48a185899073ff33bec2
4802,val,run8|8f996b2c5b2d73b5b2e9f3ba
4803,val,run8|cf788b6a9c7515b9ac7bfd66
4804,test,run8|48c5548c5993e6949c58c43f
4805,train,run8|6d861c435bd1d41a67e846d9
4806,train,run8|1f17e4faaac3920154cf544a
4807,val,run8|360ff298ac113511638f5dc1
4808,test,run8|f39b9a27a139543ade947729
4809,train,run8|3876b4aac7cf43a1e36b61b3
4810,train,run8|2989f899ffa0f2f89eac9943
4811,train,run8|7dcb264e96b9ffbbb8160875
4812,val,run8|5cb449cdb54fc8493cb6af2b
4813,train,run8|3e24aa7c76de664f14c6c32a
4814,test,run8|aafac246cf42bdbf57bfc51e
4815,test,run8|62f739d63c16109e8dec19c5
4816,val,run8|9f94c2b74cb391b9b3f23c28
4817,train,run8|f84f11c930ac46f8c92f20c0
4818,train,run8|969738cb879320e115c6c11c
4819,train,run8|d75442362b054bce3a392367
4820,train,run8|2bcff07ea11b070850d3f1dc
4821,val,run8|f43bf69a2b1c54a753ac5c72
4822,train,run8|5878817a85bca805ba6aca0e
4823,val,run8|2bdc8c398dad636ea4738394
4824,test,run8|ceab41547619fd5a3c735631
4825,train,run8|f0e09cdc5dd18599103f9c39
4826,train,run8|4a439c250e71c225b6e244c0
4827,train,run8|9a0fa57a2d1ea0c5a05f4783
4828,val,run8|55b56b11ebdb646a015b8550
4829,test,run8|c96616027d801f41e5d43581
4830,train,run8|773dfc8f3ce0d4b415b089a1
4831,train,run8|7480b3c225eaf606a396e450
4832,test,run8|ae705db4bd8e54a8754f6e3b
4833,train,run8|dbc7d70aabddf96fab8a9a81
4834,val,run8|437f9d8d7863a92a89acb45e
4835,test,run8|3a99d3d767e460e9ab55ed5d
4836,test,run8|82426b098ae688c33bda45cb
4837,val,run8|a980689a7c4a4360953d6eb6
4838,train,run8|e470b185502a363aac9efd12
4839,test,run8|071b86fee4a683cc8fd4c049
4840,train,run8|4a3811141ba9bd40059b4c61
4841,val,run8|0a207ce47b3aa570c8ce1f97
4842,train,run8|46d3f8f442764ac593b00665
4843,test,run8|6c8fba4b0e6707f556bad245
4844,test,run8|3e1b0f91d486d90f1fcb23ec
4845,train,run8|9c2c1ec07b9a8432dbc296c5
4846,val,run8|c7d409d8810302a2c7869c4d
4847,train,run8|249dd97fd0fd57174593a7aa
4848,train,run8|f0625cf420dc4467f826aab9
4849,train,run8|8393decd2e02035d737809f4
4850,test,run8|6fa32458a3a2daee1578d223
4851,test,run8|23a50176b769f8e6c2d6b217
4852,train,run8|8ae87c29dfcf533f855e1abc
4853,train,run8|21b5fbd677ffccfb5d79ecc6
4854,val,run8|b0b5bfa294c47de3f866b0b1
4855,val,run8|e15f702794f8fea4a891fcfd
4856,val,run8|e277147f32491d9d23e568e9
4857,test,run8|aec0f66a82c2feca327f4fa3
4858,val,run8|25c9daf8a40815c67ebadd73
4859,val,run8|7a10050460f2b7480824442f
4860,train,run8|d36fbcccacb9c9a5475940e9
4861,val,run8|d43e2d7d2bac2b08454b58e2
4862,train,run8|2703581b4c8c68a38a26b7a9
4863,train,run8|ad97bdde0fa76ee8f2154d9a
4864,train,run8|882d48a185899073ff33bec2
4865,val,run8|8f996b2c5b2d73b5b2e9f3ba
4866,val,run8|cf788b6a9c7515b9ac7bfd66
4867,test,run8|48c5548c5993e6949c58c43f
4868,train,run8|6d861c435bd1d41a67e846d9
4869,train,run8|1f17e4faaac3920154cf544a
4870,val,run8|360ff298ac113511638f5dc1
4871,test,run8|f39b9a27a139543ade947729
4872,train,run8|3876b4aac7cf43a1e36b61b3
4873,train,run8|2989f899ffa0f2f89eac9943
4874,train,run8|7dcb264e96b9ffbbb8160875
4875,val,run8|5cb449cdb54fc8493cb6af2b
4876,train,run8|3e24aa7c76de664f14c6c32a
4877,test,run8|aafac246cf42bdbf57bfc51e
4878,test,run8|62f739d63c16109e8dec19c5
4879,val,run8|9f94c2b74cb391b9b3f23c28
4880,train,run8|f84f11c930ac46f8c92f20c0
4881,train,run8|969738cb879320e115c6c11c
4882,train,run8|d75442362b054bce3a392367
4883,train,run8|2bcff07ea11b070850d3f1dc
4884,val,run8|f43bf69a2b1c54a753ac5c72
4885,train,run8|5878817a85bca805ba6aca0e
4886,val,run8|2bdc8c398dad636ea4738394
4887,test,run8|ceab41547619fd5a3c735631
4888,train,run8|f0e09cdc5dd18599103f9c39
4889,train,run8|4a439c250e71c225b6e244c0
4890,train,run8|9a0fa57a2d1ea0c5a05f4783
4891,val,run8|55b56b11ebdb646a015b8550
4892,test,run8|c96616027d801f41e5d43581
4893,train,run8|773dfc8f3ce0d4b415b089a1
4894,train,run8|7480b3c225eaf606a396e450
4895,test,run8|ae705db4bd8e54a8754f6e3b
4896,train,run8|dbc7d70aabddf96fab8a9a81
4897,val,run8|437f9d8d7863a92a89acb45e
4898,test,run8|3a99d3d767e460e9ab55ed5d
4899,test,run8|82426b098ae688c33bda45cb
4900,val,run8|a980689a7c4a4360953d6eb6
4901,train,run8|e470b185502a363aac9efd12
4902,test,run8|071b86fee4a683cc8fd4c049
4903,train,run8|4a3811141ba9bd40059b4c61
4904,val,run8|a73a46d11e64824f3fe3732c
4905,val,run8|0a207ce47b3aa570c8ce1f97
4906,train,run8|46d3f8f442764ac593b00665
4907,test,run8|6c8fba4b0e6707f556bad245
4908,test,run8|3e1b0f91d486d90f1fcb23ec
4909,train,run8|9c2c1ec07b9a8432dbc296c5
4910,val,run8|c7d409d8810302a2c7869c4d
4911,train,run8|249dd97fd0fd57174593a7aa
4912,train,run8|f0625cf420dc4467f826aab9
4913,train,run8|8393decd2e02035d737809f4
4914,test,run8|6fa32458a3a2daee1578d223
4915,test,run8|23a50176b769f8e6c2d6b217
4916,train,run8|8ae87c29dfcf533f855e1abc
4917,train,run8|21b5fbd677ffccfb5d79ecc6
4918,val,run8|b0b5bfa294c47de3f866b0b1
4919,val,run8|e15f702794f8fea4a891fcfd
4920,val,run8|e277147f32491d9d23e568e9
4921,test,run8|aec0f66a82c2feca327f4fa3
4922,val,run8|25c9daf8a40815c67ebadd73
4923,val,run8|7a10050460f2b7480824442f
4924,train,run8|d36fbcccacb9c9a5475940e9
4925,val,run8|d43e2d7d2bac2b08454b58e2
4926,train,run8|2703581b4c8c68a38a26b7a9
4927,train,run8|ad97bdde0fa76ee8f2154d9a
4928,train,run8|882d48a185899073ff33bec2
4929,val,run8|8f996b2c5b2d73b5b2e9f3ba
4930,val,run8|cf788b6a9c7515b9ac7bfd66
4931,test,run8|48c5548c5993e6949c58c43f
4932,train,run8|6d861c435bd1d41a67e846d9
4933,train,run8|1f17e4faaac3920154cf544a
4934,val,run8|360ff298ac113511638f5dc1
4935,test,run8|f39b9a27a139543ade947729
4936,train,run8|3876b4aac7cf43a1e36b61b3
4937,train,run8|2989f899ffa0f2f89eac9943
4938,train,run8|7dcb264e96b9ffbbb8160875
4939,val,run8|5cb449cdb54fc8493cb6af2b
4940,train,run8|3e24aa7c76de664f14c6c32a
4941,test,run8|aafac246cf42bdbf57bfc51e
4942,test,run8|62f739d63c16109e8dec19c5
4943,val,run8|9f94c2b74cb391b9b3f23c28
4944,train,run8|f84f11c930ac46f8c92f20c0
4945,train,run8|969738cb879320e115c6c11c
4946,train,run8|d75442362b054bce3a392367
4947,train,run8|2bcff07ea11b070850d3f1dc
4948,val,run8|f43bf69a2b1c54a753ac5c72
4949,train,run8|5878817a85bca805ba6aca0e
4950,val,run8|2bdc8c398dad636ea4738394
4951,test,run8|ceab41547619fd5a3c735631
4952,train,run8|f0e09cdc5dd18599103f9c39
4953,train,run8|4a439c250e71c225b6e244c0
4954,train,run8|9a0fa57a2d1ea0c5a05f4783
4955,val,run8|55b56b11ebdb646a015b8550
4956,test,run8|c96616027d801f41e5d43581
4957,train,run8|773dfc8f3ce0d4b415b089a1
4958,train,run8|7480b3c225eaf606a396e450
4959,test,run8|ae705db4bd8e54a8754f6e3b
4960,train,run8|dbc7d70aabddf96fab8a9a81
4961,val,run8|437f9d8d7863a92a89acb45e
4962,test,run8|3a99d3d767e460e9ab55ed5d
4963,test,run8|82426b098ae688c33bda45cb
4964,val,run8|a980689a7c4a4360953d6eb6
4965,train,run8|e470b185502a363aac9efd12
4966,test,run8|071b86fee4a683cc8fd4c049
4967,train,run8|4a3811141ba9bd40059b4c61
4968,train,run8|c159580d4dcb0f4c8a51628f
4969,train,run8|96ec80a42f64dd65ecff18ea
4970,test,run8|029a3dc8c2b399cbd741d41a
4971,train,run8|28eb5fdf0f2aad6a8ffb5d62
4972,val,run8|0a207ce47b3aa570c8ce1f97
4973,train,run8|46d3f8f442764ac593b00665
4974,test,run8|6c8fba4b0e6707f556bad245
4975,test,run8|3e1b0f91d486d90f1fcb23ec
4976,train,run8|9c2c1ec07b9a8432dbc296c5
4977,val,run8|c7d409d8810302a2c7869c4d
4978,train,run8|249dd97fd0fd57174593a7aa
4979,train,run8|f0625cf420dc4467f826aab9
4980,train,run8|8393decd2e02035d737809f4
4981,test,run8|6fa32458a3a2daee1578d223
4982,test,run8|23a50176b769f8e6c2d6b217
4983,train,run8|8ae87c29dfcf533f855e1abc
4984,train,run8|21b5fbd677ffccfb5d79ecc6
4985,val,run8|b0b5bfa294c47de3f866b0b1
4986,val,run8|e15f702794f8fea4a891fcfd
4987,val,run8|e277147f32491d9d23e568e9
4988,test,run8|aec0f66a82c2feca327f4fa3
4989,val,run8|25c9daf8a40815c67ebadd73
4990,val,run8|7a10050460f2b7480824442f
4991,train,run8|d36fbcccacb9c9a5475940e9
4992,val,run8|d43e2d7d2bac2b08454b58e2
4993,train,run8|2703581b4c8c68a38a26b7a9
4994,train,run8|ad97bdde0fa76ee8f2154d9a
4995,train,run8|882d48a185899073ff33bec2
4996,val,run8|8f996b2c5b2d73b5b2e9f3ba
4997,val,run8|cf788b6a9c7515b9ac7bfd66
4998,test,run8|48c5548c5993e6949c58c43f
4999,train,run8|6d861c435bd1d41a67e846d9
5000,train,run8|1f17e4faaac3920154cf544a
5001,val,run8|360ff298ac113511638f5dc1
5002,test,run8|f39b9a27a139543ade947729
5003,train,run8|3876b4aac7cf43a1e36b61b3
5004,train,run8|2989f899ffa0f2f89eac9943
5005,train,run8|7dcb264e96b9ffbbb8160875
5006,val,run8|5cb449cdb54fc8493cb6af2b
5007,train,run8|3e24aa7c76de664f14c6c32a
5008,test,run8|aafac246cf42bdbf57bfc51e
5009,test,run8|62f739d63c16109e8dec19c5
5010,val,run8|9f94c2b74cb391b9b3f23c28
5011,train,run8|f84f11c930ac46f8c92f20c0
5012,train,run8|969738cb879320e115c6c11c
5013,train,run8|d75442362b054bce3a392367
5014,train,run8|2bcff07ea11b070850d3f1dc
5015,val,run8|f43bf69a2b1c54a753ac5c72
5016,train,run8|5878817a85bca805ba6aca0e
5017,val,run8|2bdc8c398dad636ea4738394
5018,test,run8|ceab41547619fd5a3c735631
5019,train,run8|f0e09cdc5dd18599103f9c39
5020,train,run8|4a439c250e71c225b6e244c0
5021,train,run8|9a0fa57a2d1ea0c5a05f4783
5022,val,run8|55b56b11ebdb646a015b8550
5023,test,run8|c96616027d801f41e5d43581
5024,train,run8|773dfc8f3ce0d4b415b089a1
5025,train,run8|7480b3c225eaf606a396e450
5026,test,run8|ae705db4bd8e54a8754f6e3b
5027,train,run8|dbc7d70aabddf96fab8a9a81
5028,val,run8|437f9d8d7863a92a89acb45e
5029,test,run8|3a99d3d767e460e9ab55ed5d
5030,test,run8|82426b098ae688c33bda45cb
5031,val,run8|a980689a7c4a4360953d6eb6
5032,train,run8|e470b185502a363aac9efd12
5033,test,run8|071b86fee4a683cc8fd4c049
5034,train,run8|4a3811141ba9bd40059b4c61
5035,train,run8|c308fa4bf5d5f7d28a71fc49
5036,train,run8|4e6dbe2528bd445ee813f5b9
5037,train,run8|03808aa30f44933bfc171e64
5038,val,run8|437f9d8d7863a92a89acb45e
5039,test,run8|82426b098ae688c33bda45cb
5040,val,run9|3f05712bf4071ddcce5d5fee
5041,train,run9|379b4261fd27b8914d50cfe6
5042,test,run9|ff8f148501f30b51db746637
5043,train,run9|1bdd083ef51a39d22cfb788d
5044,val,run9|eb8890cb168b02c7d6eed73d
5045,val,run9|ceb2642da2f30da56eb224a9
5046,val,run9|fae7b59a09da485c3f1f6b4e
5047,train,run9|f6ad37e3157b88b5f51f48c0
5048,train,run9|4adf045f623a1dc125cae911
5049,test,run9|24af78664ccae8cfe8728aec
5050,test,run9|46a6e23fb5ed242771e6026c
5051,train,run9|05c3519c1d55be921c0ea1ce
5052,train,run9|15b2430896048b99290e34e0
5053,val,run9|139f9604e1ea33eea7226ed2
5054,val,run9|7c63d4b63ea58dfbbc2f81c0
5055,test,run9|21f9e1b8e36d194cae699b8c
5056,test,run9|44952f1311a2c3931c9b33e3
5057,test,run9|ed5523e24033da433db13328
5058,train,run9|e4f934c32cd3b7d55cb34ac9
5059,train,run9|755e01d9976f017a03f385e4
5060,train,run9|b7d7cfc56c0556b2d5755794
5061,train,run9|60da767a65e36c09466e4136
5062,test,run9|74e7386d9059da263fc233ac
5063,val,run9|55eca579bdb60487ecc7be83
5064,train,run9|fe6743c33aebe503734add99
5065,train,run9|23d5b58bf290005da5682a2d
5066,val,run9|f8344e3ae0fd785e346db882
5067,train,run9|d416419d94dbb4c5b2a7c173
5068,train,run9|37da8c8bfb19dbbf25068876
5069,test,run9|fd72639394e25cb700f2727b
5070,train,run9|66afd41167cb3066d8d7375f
5071,val,run9|15f81b661abeee2f28d2b275
5072,val,run9|589db2b88dea746d5c023746
5073,train,run9|0f342f6d7b300a91782763e9
5074,val,run9|5301daef642b9499a33c9bcd
5075,val,run9|bfa9c69d42ee58d8fbac8f9e
5076,train,run9|af252666cac7ba728db76173
5077,val,run9|3e2ce06a5137a48f1bf42ede
5078,train,run9|ae8f1c76a6dfe2e15e18faaf
5079,train,run9|682a6d6e9716ba96896882f2
5080,test,run9|7e09a1f8984af7e4cc24a19d
5081,test,run9|a836620a940d19afb49b7c75
5082,train,run9|b18f5332264423713d55c58b
5083,train,run9|df79550a448e220035e32803
5084,train,run9|b40ea1228c57371acaf7deac
5085,test,run9|13369b88bf4f9643b38bbce6
5086,train,run9|0cd39efa81d321e6776aeeb8
5087,train,run9|a73496a8fd7e21a95914ea86
5088,train,run9|ee66407853ae471ddbeeb81e
5089,train,run9|9659476ff73e5fe6d86e0ee7
5090,train,run9|cd87c4d933f1fa2c17a9d638
5091,test,run9|53ec2bbf57e5ac5ee2c44ea2
5092,train,run9|d01b2e39f6ffd29e8455d224
5093,test,run9|8d007074eb931d47645a045d
5094,val,run9|14390f7038047c546fa1dbd3
5095,train,run9|4b69e03b6fd9e32a8103020c
5096,train,run9|c1c9ee31cc4d911bebe06119
5097,train,run9|7f60eec60ad5782ab297f5a3
5098,train,run9|827a2efc410ecd363d8c2080
5099,test,run9|fe76155fc7aa706b3b390432
5100,val,run9|a2e40797b5a17bf9b6d04407
5101,test,run9|af300e9ba532f4a3ee23a506
5102,train,run9|df4afe72427a95fb9b31799d
5103,test,run9|3f5ef3f01e49fea00e32a8ec
5104,val,run9|85e11881c42c484f5e5f9483
5105,test,run9|0958bdefd70428fedf2580c9
5106,val,run9|d75e7df3aca7d5d8400afdc0
5107,train,run9|8a97e6afa61f3289fc94bdff
5108,train,run9|4e7d5350b42edb46b5417aa0
5109,train,run9|360153049b2875322851048f
5110,test,run9|dacb79ce07ca4b0293619f28
5111,train,run9|7b7962b587f46d7b9003818d
5112,test,run9|d1f0addd211e1261fef15773
5113,val,run9|fb0730b397fe9150db2e2a37
5114,train,run9|3d2e2df1413a23bf4b071084
5115,train,run9|110a92d7ef57f7c3e5d512ef
5116,train,run9|5301b8b8a71145119d5ea8bd
5117,val,run9|26c3e4e43ca0846319861729
5118,train,run9|51939a580abfa2941826b21d
5119,val,run9|3f05712bf4071ddcce5d5fee
5120,train,run9|379b4261fd27b8914d50cfe6
5121,test,run9|ff8f148501f30b51db746637
5122,train,run9|1bdd083ef51a39d22cfb788d
5123,val,run9|eb8890cb168b02c7d6eed73d
5124,val,run9|ceb2642da2f30da56eb224a9
5125,val,run9|fae7b59a09da485c3f1f6b4e
5126,train,run9|f6ad37e3157b88b5f51f48c0
5127,train,run9|4adf045f623a1dc125cae911
5128,test,run9|24af78664ccae8cfe8728aec
5129,test,run9|46a6e23fb5ed242771e6026c
5130,train,run9|05c3519c1d55be921c0ea1ce
5131,train,run9|15b2430896048b99290e34e0
5132,val,run9|139f9604e1ea33eea7226ed2
5133,val,run9|7c63d4b63ea58dfbbc2f81c0
5134,test,run9|21f9e1b8e36d194cae699b8c
5135,test,run9|44952f1311a2c3931c9b33e3
5136,test,run9|ed5523e24033da433db13328
5137,train,run9|e4f934c32cd3b7d55cb34ac9
5138,train,run9|755e01d9976f017a03f385e4
5139,train,run9|b7d7cfc56c0556b2d5755794
5140,train,run9|60da767a65e36c09466e4136
5141,test,run9|74e7386d9059da263fc233ac
5142,val,run9|55eca579bdb60487ecc7be83
5143,train,run9|fe6743c33aebe503734add99
5144,train,run9|23d5b58bf290005da5682a2d
5145,val,run9|f8344e3ae0fd785e346db882
5146,train,run9|d416419d94dbb4c5b2a7c173
5147,train,run9|37da8c8bfb19dbbf25068876
5148,test,run9|fd72639394e25cb700f2727b
5149,train,run9|66afd41167cb3066d8d7375f
5150,val,run9|15f81b661abeee2f28d2b275
5151,val,run9|589db2b88dea746d5c023746
5152,train,run9|0f342f6d7b300a91782763e9
5153,val,run9|5301daef642b9499a33c9bcd
5154,val,run9|bfa9c69d42ee58d8fbac8f9e
5155,train,run9|af252666cac7ba728db76173
5156,val,run9|3e2ce06a5137a48f1bf42ede
5157,train,run9|ae8f1c76a6dfe2e15e18faaf
5158,train,run9|682a6d6e9716ba96896882f2
5159,test,run9|7e09a1f8984af7e4cc24a19d
5160,test,run9|a836620a940d19afb49b7c75
5161,train,run9|b18f5332264423713d55c58b
5162,train,run9|df79550a448e220035e32803
5163,train,run9|b40ea1228c57371acaf7deac
5164,test,run9|13369b88bf4f9643b38bbce6
5165,train,run9|0cd39efa81d321e6776aeeb8
5166,train,run9|a73496a8fd7e21a95914ea86
5167,train,run9|ee66407853ae471ddbeeb81e
5168,train,run9|9659476ff73e5fe6d86e0ee7
5169,train,run9|cd87c4d933f1fa2c17a9d638
5170,test,run9|53ec2bbf57e5ac5ee2c44ea2
5171,train,run9|d01b2e39f6ffd29e8455d224
5172,test,run9|8d007074eb931d47645a045d
5173,val,run9|14390f7038047c546fa1dbd3
5174,train,run9|4b69e03b6fd9e32a8103020c
5175,train,run9|c1c9ee31cc4d911bebe06119
5176,train,run9|7f60eec60ad5782ab297f5a3
5177,train,run9|827a2efc410ecd363d8c2080
5178,test,run9|fe76155fc7aa706b3b390432
5179,val,run9|a2e40797b5a17bf9b6d04407
5180,test,run9|af300e9ba532f4a3ee23a506
5181,train,run9|df4afe72427a95fb9b31799d
5182,val,run9|3f05712bf4071ddcce5d5fee
5183,train,run9|379b4261fd27b8914d50cfe6
5184,test,run9|ff8f148501f30b51db746637
5185,train,run9|1bdd083ef51a39d22cfb788d
5186,val,run9|eb8890cb168b02c7d6eed73d
5187,val,run9|ceb2642da2f30da56eb224a9
5188,val,run9|fae7b59a09da485c3f1f6b4e
5189,train,run9|f6ad37e3157b88b5f51f48c0
5190,train,run9|4adf045f623a1dc125cae911
5191,test,run9|24af78664ccae8cfe8728aec
5192,test,run9|46a6e23fb5ed242771e6026c
5193,train,run9|05c3519c1d55be921c0ea1ce
5194,train,run9|15b2430896048b99290e34e0
5195,val,run9|139f9604e1ea33eea7226ed2
5196,val,run9|7c63d4b63ea58dfbbc2f81c0
5197,test,run9|21f9e1b8e36d194cae699b8c
5198,test,run9|44952f1311a2c3931c9b33e3
5199,test,run9|ed5523e24033da433db13328
5200,train,run9|e4f934c32cd3b7d55cb34ac9
5201,train,run9|755e01d9976f017a03f385e4
5202,train,run9|b7d7cfc56c0556b2d5755794
5203,train,run9|60da767a65e36c09466e4136
5204,test,run9|74e7386d9059da263fc233ac
5205,val,run9|55eca579bdb60487ecc7be83
5206,train,run9|fe6743c33aebe503734add99
5207,train,run9|23d5b58bf290005da5682a2d
5208,val,run9|f8344e3ae0fd785e346db882
5209,train,run9|d416419d94dbb4c5b2a7c173
5210,train,run9|37da8c8bfb19dbbf25068876
5211,test,run9|fd72639394e25cb700f2727b
5212,train,run9|66afd41167cb3066d8d7375f
5213,val,run9|15f81b661abeee2f28d2b275
5214,val,run9|589db2b88dea746d5c023746
5215,train,run9|0f342f6d7b300a91782763e9
5216,val,run9|5301daef642b9499a33c9bcd
5217,val,run9|bfa9c69d42ee58d8fbac8f9e
5218,train,run9|af252666cac7ba728db76173
5219,val,run9|3e2ce06a5137a48f1bf42ede
5220,train,run9|ae8f1c76a6dfe2e15e18faaf
5221,train,run9|682a6d6e9716ba96896882f2
5222,test,run9|7e09a1f8984af7e4cc24a19d
5223,test,run9|a836620a940d19afb49b7c75
5224,train,run9|b18f5332264423713d55c58b
5225,train,run9|df79550a448e220035e32803
5226,train,run9|b40ea1228c57371acaf7deac
5227,test,run9|13369b88bf4f9643b38bbce6
5228,train,run9|0cd39efa81d321e6776aeeb8
5229,train,run9|a73496a8fd7e21a95914ea86
5230,train,run9|ee66407853ae471ddbeeb81e
5231,train,run9|9659476ff73e5fe6d86e0ee7
5232,train,run9|cd87c4d933f1fa2c17a9d638
5233,test,run9|53ec2bbf57e5ac5ee2c44ea2
5234,train,run9|d01b2e39f6ffd29e8455d224
5235,test,run9|8d007074eb931d47645a045d
5236,val,run9|14390f7038047c546fa1dbd3
5237,train,run9|4b69e03b6fd9e32a8103020c
5238,train,run9|c1c9ee31cc4d911bebe06119
5239,train,run9|7f60eec60ad5782ab297f5a3
5240,train,run9|827a2efc410ecd363d8c2080
5241,test,run9|fe76155fc7aa706b3b390432
5242,val,run9|a2e40797b5a17bf9b6d04407
5243,test,run9|af300e9ba532f4a3ee23a506
5244,train,run9|df4afe72427a95fb9b31799d
5245,val,run9|3f05712bf4071ddcce5d5fee
5246,train,run9|379b4261fd27b8914d50cfe6
5247,test,run9|ff8f148501f30b51db746637
5248,train,run9|1bdd083ef51a39d22cfb788d
5249,val,run9|eb8890cb168b02c7d6eed73d
5250,val,run9|ceb2642da2f30da56eb224a9
5251,val,run9|fae7b59a09da485c3f1f6b4e
5252,train,run9|f6ad37e3157b88b5f51f48c0
5253,train,run9|4adf045f623a1dc125cae911
5254,test,run9|24af78664ccae8cfe8728aec
5255,test,run9|46a6e23fb5ed242771e6026c
5256,train,run9|05c3519c1d55be921c0ea1ce
5257,train,run9|15b2430896048b99290e34e0
5258,val,run9|139f9604e1ea33eea7226ed2
5259,val,run9|7c63d4b63ea58dfbbc2f81c0
5260,test,run9|21f9e1b8e36d194cae699b8c
5261,test,run9|44952f1311a2c3931c9b33e3
5262,test,run9|ed5523e24033da433db13328
5263,train,run9|e4f934c32cd3b7d55cb34ac9
5264,train,run9|755e01d9976f017a03f385e4
5265,train,run9|b7d7cfc56c0556b2d5755794
5266,train,run9|60da767a65e36c09466e4136
5267,test,run9|74e7386d9059da263fc233ac
5268,val,run9|55eca579bdb60487ecc7be83
5269,train,run9|fe6743c33aebe503734add99
5270,train,run9|23d5b58bf290005da5682a2d
5271,val,run9|f8344e3ae0fd785e346db882
5272,train,run9|d416419d94dbb4c5b2a7c173
5273,train,run9|37da8c8bfb19dbbf25068876
5274,test,run9|fd72639394e25cb700f2727b
5275,train,run9|66afd41167cb3066d8d7375f
5276,val,run9|15f81b661abeee2f28d2b275
5277,val,run9|589db2b88dea746d5c023746
5278,train,run9|0f342f6d7b300a91782763e9
5279,val,run9|5301daef642b9499a33c9bcd
5280,val,run9|bfa9c69d42ee58d8fbac8f9e
5281,train,run9|af252666cac7ba728db76173
5282,val,run9|3e2ce06a5137a48f1bf42ede
5283,train,run9|ae8f1c76a6dfe2e15e18faaf
5284,train,run9|682a6d6e9716ba96896882f2
5285,test,run9|7e09a1f8984af7e4cc24a19d
5286,test,run9|a836620a940d19afb49b7c75
5287,train,run9|b18f5332264423713d55c58b
5288,train,run9|df79550a448e220035e32803
5289,train,run9|b40ea1228c57371acaf7deac
5290,test,run9|13369b88bf4f9643b38bbce6
5291,train,run9|0cd39efa81d321e6776aeeb8
5292,train,run9|a73496a8fd7e21a95914ea86
5293,train,run9|ee66407853ae471ddbeeb81e
5294,train,run9|9659476ff73e5fe6d86e0ee7
5295,train,run9|cd87c4d933f1fa2c17a9d638
5296,test,run9|53ec2bbf57e5ac5ee2c44ea2
5297,train,run9|d01b2e39f6ffd29e8455d224
5298,test,run9|8d007074eb931d47645a045d
5299,val,run9|14390f7038047c546fa1dbd3
5300,train,run9|4b69e03b6fd9e32a8103020c
5301,train,run9|c1c9ee31cc4d911bebe06119
5302,train,run9|7f60eec60ad5782ab297f5a3
5303,train,run9|827a2efc410ecd363d8c2080
5304,test,run9|fe76155fc7aa706b3b390432
5305,val,run9|a2e40797b5a17bf9b6d04407
5306,test,run9|af300e9ba532f4a3ee23a506
5307,train,run9|df4afe72427a95fb9b31799d
5308,val,run9|3f05712bf4071ddcce5d5fee
5309,train,run9|379b4261fd27b8914d50cfe6
5310,test,run9|ff8f148501f30b51db746637
5311,train,run9|1bdd083ef51a39d22cfb788d
5312,val,run9|eb8890cb168b02c7d6eed73d
5313,val,run9|ceb2642da2f30da56eb224a9
5314,val,run9|fae7b59a09da485c3f1f6b4e
5315,train,run9|f6ad37e3157b88b5f51f48c0
5316,train,run9|4adf045f623a1dc125cae911
5317,test,run9|24af78664ccae8cfe8728aec
5318,test,run9|46a6e23fb5ed242771e6026c
5319,train,run9|05c3519c1d55be921c0ea1ce
5320,train,run9|15b2430896048b99290e34e0
5321,val,run9|139f9604e1ea33eea7226ed2
5322,val,run9|7c63d4b63ea58dfbbc2f81c0
5323,test,run9|21f9e1b8e36d194cae699b8c
5324,test,run9|44952f1311a2c3931c9b33e3
5325,test,run9|ed5523e24033da433db13328
5326,train,run9|e4f934c32cd3b7d55cb34ac9
5327,train,run9|755e01d9976f017a03f385e4
5328,train,run9|b7d7cfc56c0556b2d5755794
5329,train,run9|60da767a65e36c09466e4136
5330,test,run9|74e7386d9059da263fc233ac
5331,val,run9|55eca579bdb60487ecc7be83
5332,train,run9|fe6743c33aebe503734add99
5333,train,run9|23d5b58bf290005da5682a2d
5334,val,run9|f8344e3ae0fd785e346db882
5335,train,run9|d416419d94dbb4c5b2a7c173
5336,train,run9|37da8c8bfb19dbbf25068876
5337,test,run9|fd72639394e25cb700f2727b
5338,train,run9|66afd41167cb3066d8d7375f
5339,val,run9|15f81b661abeee2f28d2b275
5340,val,run9|589db2b88dea746d5c023746
5341,train,run9|0f342f6d7b300a91782763e9
5342,val,run9|5301daef642b9499a33c9bcd
5343,val,run9|bfa9c69d42ee58d8fbac8f9e
5344,train,run9|af252666cac7ba728db76173
5345,val,run9|3e2ce06a5137a48f1bf42ede
5346,train,run9|ae8f1c76a6dfe2e15e18faaf
5347,train,run9|682a6d6e9716ba96896882f2
5348,test,run9|7e09a1f8984af7e4cc24a19d
5349,test,run9|a836620a940d19afb49b7c75
5350,train,run9|b18f5332264423713d55c58b
5351,train,run9|df79550a448e220035e32803
5352,train,run9|b40ea1228c57371acaf7deac
5353,test,run9|13369b88bf4f9643b38bbce6
5354,train,run9|0cd39efa81d321e6776aeeb8
5355,train,run9|a73496a8fd7e21a95914ea86
5356,train,run9|ee66407853ae471ddbeeb81e
5357,train,run9|9659476ff73e5fe6d86e0ee7
5358,train,run9|cd87c4d933f1fa2c17a9d638
5359,test,run9|53ec2bbf57e5ac5ee2c44ea2
5360,train,run9|d01b2e39f6ffd29e8455d224
5361,test,run9|8d007074eb931d47645a045d
5362,val,run9|14390f7038047c546fa1dbd3
5363,train,run9|4b69e03b6fd9e32a8103020c
5364,train,run9|c1c9ee31cc4d911bebe06119
5365,train,run9|7f60eec60ad5782ab297f5a3
5366,train,run9|827a2efc410ecd363d8c2080
5367,test,run9|fe76155fc7aa706b3b390432
5368,val,run9|a2e40797b5a17bf9b6d04407
5369,test,run9|af300e9ba532f4a3ee23a506
5370,train,run9|df4afe72427a95fb9b31799d
5371,val,run9|3f05712bf4071ddcce5d5fee
5372,train,run9|379b4261fd27b8914d50cfe6
5373,test,run9|ff8f148501f30b51db746637
5374,train,run9|1bdd083ef51a39d22cfb788d
5375,val,run9|eb8890cb168b02c7d6eed73d
5376,val,run9|ceb2642da2f30da56eb224a9
5377,val,run9|fae7b59a09da485c3f1f6b4e
5378,train,run9|f6ad37e3157b88b5f51f48c0
5379,train,run9|4adf045f623a1dc125cae911
5380,test,run9|24af78664ccae8cfe8728aec
5381,test,run9|46a6e23fb5ed242771e6026c
5382,train,run9|05c3519c1d55be921c0ea1ce
5383,train,run9|15b2430896048b99290e34e0
5384,val,run9|139f9604e1ea33eea7226ed2
5385,val,run9|7c63d4b63ea58dfbbc2f81c0
5386,test,run9|21f9e1b8e36d194cae699b8c
5387,test,run9|44952f1311a2c3931c9b33e3
5388,test,run9|ed5523e24033da433db13328
5389,train,run9|e4f934c32cd3b7d55cb34ac9
5390,train,run9|755e01d9976f017a03f385e4
5391,train,run9|b7d7cfc56c0556b2d5755794
5392,train,run9|60da767a65e36c09466e4136
5393,test,run9|74e7386d9059da263fc233ac
5394,val,run9|55eca579bdb60487ecc7be83
5395,train,run9|fe6743c33aebe503734add99
5396,train,run9|23d5b58bf290005da5682a2d
5397,val,run9|f8344e3ae0fd785e346db882
5398,train,run9|d416419d94dbb4c5b2a7c173
5399,train,run9|37da8c8bfb19dbbf25068876
5400,test,run9|fd72639394e25cb700f2727b
5401,train,run9|66afd41167cb3066d8d7375f
5402,val,run9|15f81b661abeee2f28d2b275
5403,val,run9|589db2b88dea746d5c023746
5404,train,run9|0f342f6d7b300a91782763e9
5405,val,run9|5301daef642b9499a33c9bcd
5406,val,run9|bfa9c69d42ee58d8fbac8f9e
5407,train,run9|af252666cac7ba728db76173
5408,val,run9|3e2ce06a5137a48f1bf42ede
5409,train,run9|ae8f1c76a6dfe2e15e18faaf
5410,train,run9|682a6d6e9716ba96896882f2
5411,test,run9|7e09a1f8984af7e4cc24a19d
5412,test,run9|a836620a940d19afb49b7c75
5413,train,run9|b18f5332264423713d55c58b
5414,train,run9|df79550a448e220035e32803
5415,train,run9|b40ea1228c57371acaf7deac
5416,test,run9|13369b88bf4f9643b38bbce6
5417,train,run9|0cd39efa81d321e6776aeeb8
5418,train,run9|a73496a8fd7e21a95914ea86
5419,train,run9|ee66407853ae471ddbeeb81e
5420,train,run9|9659476ff73e5fe6d86e0ee7
5421,train,run9|cd87c4d933f1fa2c17a9d638
5422,test,run9|53ec2bbf57e5ac5ee2c44ea2
5423,train,run9|d01b2e39f6ffd29e8455d224
5424,test,run9|8d007074eb931d47645a045d
5425,val,run9|14390f7038047c546fa1dbd3
5426,train,run9|4b69e03b6fd9e32a8103020c
5427,train,run9|c1c9ee31cc4d911bebe06119
5428,train,run9|7f60eec60ad5782ab297f5a3
5429,train,run9|827a2efc410ecd363d8c2080
5430,test,run9|fe76155fc7aa706b3b390432
5431,val,run9|a2e40797b5a17bf9b6d04407
5432,test,run9|af300e9ba532f4a3ee23a506
5433,train,run9|df4afe72427a95fb9b31799d
5434,val,run9|3f05712bf4071ddcce5d5fee
5435,train,run9|379b4261fd27b8914d50cfe6
5436,test,run9|ff8f148501f30b51db746637
5437,train,run9|1bdd083ef51a39d22cfb788d
5438,val,run9|eb8890cb168b02c7d6eed73d
5439,val,run9|ceb2642da2f30da56eb224a9
5440,val,run9|fae7b59a09da485c3f1f6b4e
5441,train,run9|f6ad37e3157b88b5f51f48c0
5442,train,run9|4adf045f623a1dc125cae911
5443,test,run9|24af78664ccae8cfe8728aec
5444,test,run9|46a6e23fb5ed242771e6026c
5445,train,run9|05c3519c1d55be921c0ea1ce
5446,train,run9|15b2430896048b99290e34e0
5447,val,run9|139f9604e1ea33eea7226ed2
5448,val,run9|7c63d4b63ea58dfbbc2f81c0
5449,test,run9|21f9e1b8e36d194cae699b8c
5450,test,run9|44952f1311a2c3931c9b33e3
5451,test,run9|ed5523e24033da433db13328
5452,train,run9|e4f934c32cd3b7d55cb34ac9
5453,train,run9|755e01d9976f017a03f385e4
5454,train,run9|b7d7cfc56c0556b2d5755794
5455,train,run9|60da767a65e36c09466e4136
5456,test,run9|74e7386d9059da263fc233ac
5457,val,run9|55eca579bdb60487ecc7be83
5458,train,run9|fe6743c33aebe503734add99
5459,train,run9|23d5b58bf290005da5682a2d
5460,val,run9|f8344e3ae0fd785e346db882
5461,train,run9|d416419d94dbb4c5b2a7c173
5462,train,run9|37da8c8bfb19dbbf25068876
5463,test,run9|fd72639394e25cb700f2727b
5464,train,run9|66afd41167cb3066d8d7375f
5465,val,run9|15f81b661abeee2f28d2b275
5466,val,run9|589db2b88dea746d5c023746
5467,train,run9|0f342f6d7b300a91782763e9
5468,val,run9|5301daef642b9499a33c9bcd
5469,val,run9|bfa9c69d42ee58d8fbac8f9e
5470,train,run9|af252666cac7ba728db76173
5471,val,run9|3e2ce06a5137a48f1bf42ede
5472,train,run9|ae8f1c76a6dfe2e15e18faaf
5473,train,run9|682a6d6e9716ba96896882f2
5474,test,run9|7e09a1f8984af7e4cc24a19d
5475,test,run9|a836620a940d19afb49b7c75
5476,train,run9|b18f5332264423713d55c58b
5477,train,run9|df79550a448e220035e32803
5478,train,run9|b40ea1228c57371acaf7deac
5479,test,run9|13369b88bf4f9643b38bbce6
5480,train,run9|0cd39efa81d321e6776aeeb8
5481,train,run9|a73496a8fd7e21a95914ea86
5482,train,run9|ee66407853ae471ddbeeb81e
5483,train,run9|9659476ff73e5fe6d86e0ee7
5484,train,run9|cd87c4d933f1fa2c17a9d638
5485,test,run9|53ec2bbf57e5ac5ee2c44ea2
5486,train,run9|d01b2e39f6ffd29e8455d224
5487,test,run9|8d007074eb931d47645a045d
5488,val,run9|14390f7038047c546fa1dbd3
5489,train,run9|4b69e03b6fd9e32a8103020c
5490,train,run9|c1c9ee31cc4d911bebe06119
5491,train,run9|7f60eec60ad5782ab297f5a3
5492,train,run9|827a2efc410ecd363d8c2080
5493,test,run9|fe76155fc7aa706b3b390432
5494,val,run9|a2e40797b5a17bf9b6d04407
5495,test,run9|af300e9ba532f4a3ee23a506
5496,train,run9|df4afe72427a95fb9b31799d
5497,val,run9|3f05712bf4071ddcce5d5fee
5498,train,run9|379b4261fd27b8914d50cfe6
5499,test,run9|ff8f148501f30b51db746637
5500,train,run9|1bdd083ef51a39d22cfb788d
5501,val,run9|eb8890cb168b02c7d6eed73d
5502,val,run9|ceb2642da2f30da56eb224a9
5503,val,run9|fae7b59a09da485c3f1f6b4e
5504,train,run9|f6ad37e3157b88b5f51f48c0
5505,train,run9|4adf045f623a1dc125cae911
5506,test,run9|24af78664ccae8cfe8728aec
5507,test,run9|46a6e23fb5ed242771e6026c
5508,train,run9|05c3519c1d55be921c0ea1ce
5509,train,run9|15b2430896048b99290e34e0
5510,val,run9|139f9604e1ea33eea7226ed2
5511,val,run9|7c63d4b63ea58dfbbc2f81c0
5512,test,run9|21f9e1b8e36d194cae699b8c
5513,test,run9|44952f1311a2c3931c9b33e3
5514,test,run9|ed5523e24033da433db13328
5515,train,run9|e4f934c32cd3b7d55cb34ac9
5516,train,run9|755e01d9976f017a03f385e4
5517,train,run9|b7d7cfc56c0556b2d5755794
5518,train,run9|60da767a65e36c09466e4136
5519,test,run9|74e7386d9059da263fc233ac
5520,val,run9|55eca579bdb60487ecc7be83
5521,train,run9|fe6743c33aebe503734add99
5522,train,run9|23d5b58bf290005da5682a2d
5523,val,run9|f8344e3ae0fd785e346db882
5524,train,run9|d416419d94dbb4c5b2a7c173
5525,train,run9|37da8c8bfb19dbbf25068876
5526,test,run9|fd72639394e25cb700f2727b
5527,train,run9|66afd41167cb3066d8d7375f
5528,val,run9|15f81b661abeee2f28d2b275
5529,val,run9|589db2b88dea746d5c023746
5530,train,run9|0f342f6d7b300a91782763e9
5531,val,run9|5301daef642b9499a33c9bcd
5532,val,run9|bfa9c69d42ee58d8fbac8f9e
5533,train,run9|af252666cac7ba728db76173
5534,val,run9|3e2ce06a5137a48f1bf42ede
5535,train,run9|ae8f1c76a6dfe2e15e18faaf
5536,train,run9|682a6d6e9716ba96896882f2
5537,test,run9|7e09a1f8984af7e4cc24a19d
5538,test,run9|a836620a940d19afb49b7c75
5539,train,run9|b18f5332264423713d55c58b
5540,train,run9|df79550a448e220035e32803
5541,train,run9|b40ea1228c57371acaf7deac
5542,test,run9|13369b88bf4f9643b38bbce6
5543,train,run9|0cd39efa81d321e6776aeeb8
5544,train,run9|a73496a8fd7e21a95914ea86
5545,train,run9|ee66407853ae471ddbeeb81e
5546,train,run9|9659476ff73e5fe6d86e0ee7
5547,train,run9|cd87c4d933f1fa2c17a9d638
5548,test,run9|53ec2bbf57e5ac5ee2c44ea2
5549,train,run9|d01b2e39f6ffd29e8455d224
5550,test,run9|8d007074eb931d47645a045d
5551,val,run9|14390f7038047c546fa1dbd3
5552,train,run9|4b69e03b6fd9e32a8103020c
5553,train,run9|c1c9ee31cc4d911bebe06119
5554,train,run9|7f60eec60ad5782ab297f5a3
5555,train,run9|827a2efc410ecd363d8c2080
5556,test,run9|fe76155fc7aa706b3b390432
5557,val,run9|a2e40797b5a17bf9b6d04407
5558,test,run9|af300e9ba532f4a3ee23a506
5559,train,run9|df4afe72427a95fb9b31799d
5560,test,run9|d1f0addd211e1261fef15773
5561,val,run9|3f05712bf4071ddcce5d5fee
5562,train,run9|379b4261fd27b8914d50cfe6
5563,test,run9|ff8f148501f30b51db746637
5564,train,run9|1bdd083ef51a39d22cfb788d
5565,val,run9|eb8890cb168b02c7d6eed73d
5566,val,run9|ceb2642da2f30da56eb224a9
5567,val,run9|fae7b59a09da485c3f1f6b4e
5568,train,run9|f6ad37e3157b88b5f51f48c0
5569,train,run9|4adf045f623a1dc125cae911
5570,test,run9|24af78664ccae8cfe8728aec
5571,test,run9|46a6e23fb5ed242771e6026c
5572,train,run9|05c3519c1d55be921c0ea1ce
5573,train,run9|15b2430896048b99290e34e0
5574,val,run9|139f9604e1ea33eea7226ed2
5575,val,run9|7c63d4b63ea58dfbbc2f81c0
5576,test,run9|21f9e1b8e36d194cae699b8c
5577,test,run9|44952f1311a2c3931c9b33e3
5578,test,run9|ed5523e24033da433db13328
5579,train,run9|e4f934c32cd3b7d55cb34ac9
5580,train,run9|755e01d9976f017a03f385e4
5581,train,run9|b7d7cfc56c0556b2d5755794
5582,train,run9|60da767a65e36c09466e4136
5583,test,run9|74e7386d9059da263fc233ac
5584,val,run9|55eca579bdb60487ecc7be83
5585,train,run9|fe6743c33aebe503734add99
5586,train,run9|23d5b58bf290005da5682a2d
5587,val,run9|f8344e3ae0fd785e346db882
5588,train,run9|d416419d94dbb4c5b2a7c173
5589,train,run9|37da8c8bfb19dbbf25068876
5590,test,run9|fd72639394e25cb700f2727b
5591,train,run9|66afd41167cb3066d8d7375f
5592,val,run9|15f81b661abeee2f28d2b275
5593,val,run9|589db2b88dea746d5c023746
5594,train,run9|0f342f6d7b300a91782763e9
5595,val,run9|5301daef642b9499a33c9bcd
5596,val,run9|bfa9c69d42ee58d8fbac8f9e
5597,train,run9|af252666cac7ba728db76173
5598,val,run9|3e2ce06a5137a48f1bf42ede
5599,train,run9|ae8f1c76a6dfe2e15e18faaf
5600,train,run9|682a6d6e9716ba96896882f2
5601,test,run9|7e09a1f8984af7e4cc24a19d
5602,test,run9|a836620a940d19afb49b7c75
5603,train,run9|b18f5332264423713d55c58b
5604,train,run9|df79550a448e220035e32803
5605,train,run9|b40ea1228c57371acaf7deac
5606,test,run9|13369b88bf4f9643b38bbce6
5607,train,run9|0cd39efa81d321e6776aeeb8
5608,train,run9|a73496a8fd7e21a95914ea86
5609,train,run9|ee66407853ae471ddbeeb81e
5610,train,run9|9659476ff73e5fe6d86e0ee7
5611,train,run9|cd87c4d933f1fa2c17a9d638
5612,test,run9|53ec2bbf57e5ac5ee2c44ea2
5613,train,run9|d01b2e39f6ffd29e8455d224
5614,test,run9|8d007074eb931d47645a045d
5615,val,run9|14390f7038047c546fa1dbd3
5616,train,run9|4b69e03b6fd9e32a8103020c
5617,train,run9|c1c9ee31cc4d911bebe06119
5618,train,run9|7f60eec60ad5782ab297f5a3
5619,train,run9|827a2efc410ecd363d8c2080
5620,test,run9|fe76155fc7aa706b3b390432
5621,val,run9|a2e40797b5a17bf9b6d04407
5622,test,run9|af300e9ba532f4a3ee23a506
5623,train,run9|df4afe72427a95fb9b31799d
5624,val,run9|fb0730b397fe9150db2e2a37
5625,val,run9|3f05712bf4071ddcce5d5fee
5626,train,run9|379b4261fd27b8914d50cfe6
5627,test,run9|ff8f148501f30b51db746637
5628,train,run9|1bdd083ef51a39d22cfb788d
5629,val,run9|eb8890cb168b02c7d6eed73d
5630,val,run9|ceb2642da2f30da56eb224a9
5631,val,run9|fae7b59a09da485c3f1f6b4e
5632,train,run9|f6ad37e3157b88b5f51f48c0
5633,train,run9|4adf045f623a1dc125cae911
5634,test,run9|24af78664ccae8cfe8728aec
5635,test,run9|46a6e23fb5ed242771e6026c
5636,train,run9|05c3519c1d55be921c0ea1ce
5637,train,run9|15b2430896048b99290e34e0
5638,val,run9|139f9604e1ea33eea7226ed2
5639,val,run9|7c63d4b63ea58dfbbc2f81c0
5640,test,run9|21f9e1b8e36d194cae699b8c
5641,test,run9|44952f1311a2c3931c9b33e3
5642,test,run9|ed5523e24033da433db13328
5643,train,run9|e4f934c32cd3b7d55cb34ac9
5644,train,run9|755e01d9976f017a03f385e4
5645,train,run9|b7d7cfc56c0556b2d5755794
5646,train,run9|60da767a65e36c09466e4136
5647,test,run9|74e7386d9059da263fc233ac
5648,val,run9|55eca579bdb60487ecc7be83
5649,train,run9|fe6743c33aebe503734add99
5650,train,run9|23d5b58bf290005da5682a2d
5651,val,run9|f8344e3ae0fd785e346db882
5652,train,run9|d416419d94dbb4c5b2a7c173
5653,train,run9|37da8c8bfb19dbbf25068876
5654,test,run9|fd72639394e25cb700f2727b
5655,train,run9|66afd41167cb3066d8d7375f
5656,val,run9|15f81b661abeee2f28d2b275
5657,val,run9|589db2b88dea746d5c023746
5658,train,run9|0f342f6d7b300a91782763e9
5659,val,run9|5301daef642b9499a33c9bcd
5660,val,run9|bfa9c69d42ee58d8fbac8f9e
5661,train,run9|af252666cac7ba728db76173
5662,val,run9|3e2ce06a5137a48f1bf42ede
5663,train,run9|ae8f1c76a6dfe2e15e18faaf
5664,train,run9|682a6d6e9716ba96896882f2
5665,test,run9|7e09a1f8984af7e4cc24a19d
5666,test,run9|a836620a940d19afb49b7c75
5667,train,run9|b18f5332264423713d55c58b
5668,train,run9|df79550a448e220035e32803
5669,train,run9|b40ea1228c57371acaf7deac
5670,test,run9|13369b88bf4f9643b38bbce6
5671,train,run9|0cd39efa81d321e6776aeeb8
5672,train,run9|a73496a8fd7e21a95914ea86
5673,train,run9|ee66407853ae471ddbeeb81e
5674,train,run9|9659476ff73e5fe6d86e0ee7
5675,train,run9|cd87c4d933f1fa2c17a9d638
5676,test,run9|53ec2bbf57e5ac5ee2c44ea2
5677,train,run9|d01b2e39f6ffd29e8455d224
5678,test,run9|8d007074eb931d47645a045d
5679,val,run9|14390f7038047c546fa1dbd3
5680,train,run9|4b69e03b6fd9e32a8103020c
5681,train,run9|c1c9ee31cc4d911bebe06119
5682,train,run9|7f60eec60ad5782ab297f5a3
5683,train,run9|827a2efc410ecd363d8c2080
5684,test,run9|fe76155fc7aa706b3b390432
5685,val,run9|a2e40797b5a17bf9b6d04407
5686,test,run9|af300e9ba532f4a3ee23a506
5687,train,run9|df4afe72427a95fb9b31799d
5688,train,run9|7b7962b587f46d7b9003818d
5689,train,run9|3d2e2df1413a23bf4b071084
5690,train,run9|110a92d7ef57f7c3e5d512ef
5691,train,run9|5301b8b8a71145119d5ea8bd
5692,val,run9|26c3e4e43ca0846319861729
5693,train,run9|51939a580abfa2941826b21d
5694,val,run9|3f05712bf4071ddcce5d5fee
5695,train,run9|379b4261fd27b8914d50cfe6
5696,train,run9|1bdd083ef51a39d22cfb788d
5697,val,run9|fae7b59a09da485c3f1f6b4e
5698,train,run9|4adf045f623a1dc125cae911
5699,test,run9|24af78664ccae8cfe8728aec
5700,test,run9|46a6e23fb5ed242771e6026c
5701,train,run9|15b2430896048b99290e34e0
5702,val,run9|139f9604e1ea33eea7226ed2
5703,val,run9|7c63d4b63ea58dfbbc2f81c0
5704,test,run9|21f9e1b8e36d194cae699b8c
5705,test,run9|44952f1311a2c3931c9b33e3
5706,test,run9|ed5523e24033da433db13328
5707,train,run9|755e01d9976f017a03f385e4
5708,test,run9|74e7386d9059da263fc233ac
5709,val,run9|55eca579bdb60487ecc7be83
5710,train,run9|fe6743c33aebe503734add99
5711,test,run9|fd72639394e25cb700f2727b
5712,train,run9|0f342f6d7b300a91782763e9
5713,val,run9|5301daef642b9499a33c9bcd
5714,val,run9|3e2ce06a5137a48f1bf42ede
5715,train,run9|682a6d6e9716ba96896882f2
5716,test,run9|7e09a1f8984af7e4cc24a19d
5717,test,run9|a836620a940d19afb49b7c75
5718,train,run9|b18f5332264423713d55c58b
5719,train,run9|df79550a448e220035e32803
5720,train,run9|ee66407853ae471ddbeeb81e
5721,train,run9|9659476ff73e5fe6d86e0ee7
5722,test,run9|53ec2bbf57e5ac5ee2c44ea2
5723,val,run9|14390f7038047c546fa1dbd3
5724,train,run9|827a2efc410ecd363d8c2080
5725,train,run9|df4afe72427a95fb9b31799d
5726,train,run10|2b97f3b7ee5deb3ada635b3f
5727,test,run10|4cd144a04a6ddacbd2f39f5c
5728,test,run10|e74a326b21e984993626237c
5729,train,run10|540b92a8bd019a46476671a8
5730,test,run10|2503c2b54bd0adf66a79b75c
5731,train,run10|f285efda4d146eaa1262b31c
5732,train,run10|26b61ddb9230b4f6ceff0f91
5733,val,run10|e734c0ee643874f03e1f78a3
5734,val,run10|323c4254e431a87bca08dc80
5735,test,run10|006819f17438ceae0bf2101f
5736,test,run10|202b37404b51c32d98ccf1e7
5737,train,run10|62721e91282827393184e38c
5738,train,run10|e2e22e1ba527a0ecf6803899
5739,val,run10|63238bf85cc0c4ad2e8ba9e7
5740,test,run10|887b36abb60c9498dd82ad15
5741,val,run10|89af08eabeb095b520555a69
5742,test,run10|2fb6610137c4fe7553ba5fd8
5743,test,run10|40197728866ec4b51085f949
5744,val,run10|08b359a157b7caa74017a77d
5745,val,run10|f1eeadc1359bd715b32477a3
5746,train,run10|9e32c4389cab85804b196f80
5747,train,run10|5783dc199a261101f7ee63af
5748,train,run10|8c099158cd5988e9b581420f
5749,test,run10|b8195d0db67b2abe069a4fde
5750,val,run10|073bf2bb07b9f83a21b943c8
5751,train,run10|6f6799d2767ab9bf729de4ed
5752,train,run10|cf4dbd0b2e624dfca5b943d7
5753,train,run10|b1ffbf4fc3c08972002ec715
5754,val,run10|28606d6cb40c970180835bdf
5755,train,run10|5cf836fe1cfc91cb92a4ad5c
5756,train,run10|e5d9ef6a82a67eb7a77ee12e
5757,test,run10|6ccdc8745922d676dff82f03
5758,val,run10|615d0ae4e1f2ac6dc14e72f9
5759,test,run10|7b24e8765255cfe64448a8e1
5760,test,run10|0996646255b0f69aea9e523a
5761,train,run10|3efa34ce1154054fafe189d1
5762,train,run10|8d52fd9f2bd78fd73cf3c315
5763,train,run10|b39f77fb3944df0e1ffb9b2d
5764,val,run10|b1e0a423b373c40899cfe711
5765,train,run10|17436d62c57add5e65c92ab0
5766,val,run10|4285929606a4a8f52d2914a3
5767,train,run10|72226d2ae718a825e1f3768a
5768,train,run10|ab0e764d6ec7bd299449d863
5769,train,run10|8cfdaf7479af23b3e1e1b5bf
5770,test,run10|e00bca4a07645dda6c42e80d
5771,train,run10|5e6764411f613dd8dc1d08f2
5772,test,run10|addf0289f41637cf15951029
5773,train,run10|5188f5cfc7a30fdfc5a2a612
5774,train,run10|f17a8b0d03463bfdca02caea
5775,train,run10|0adc49bef25d576fbb8c968c
5776,test,run10|853072971df65f1c6a17ba20
5777,train,run10|2cbc6603678cb067af3d618d
5778,train,run10|e9f6db8c5210a11b21394cce
5779,val,run10|c2b35f0a1ed9c912e19cf05c
5780,test,run10|3d0abfd284ed5128496584f1
5781,val,run10|c7613969acabf700d10423b4
5782,test,run10|cd9788d4b670674db1d5b47e
5783,train,run10|e8fe9a3e5a0e9365dbf5fba1
5784,train,run10|2e2c49cdf6206dcef20895e8
5785,train,run10|c4ba2b41e2ec2ee922108b3e
5786,train,run10|091039630fb86083995e6983
5787,test,run10|a9c3cabbee4bf56a45188a55
5788,val,run10|e190d63a8484f2cbb05a3102
5789,train,run10|ab93fd259dce0d733bb5c432
5790,train,run10|44ea27ed8c3533efd53b74d1
5791,val,run10|d021cf697b819988d71d245b
5792,train,run10|8d7a61469f68ce3deca3c657
5793,train,run10|290efa35df76db33e7191e3d
5794,val,run10|a1b94ed5275b7daf8f36f2cf
5795,train,run10|f7f8cc150838c9c2e247f861
5796,train,run10|9310d7e707ce7b1bdf84fb6b
5797,test,run10|5794c6c633d3f8c72abc19c3
5798,test,run10|31065ba93f289a4e99f7dc65
5799,train,run10|7f3d709f077c0a4adb949136
5800,test,run10|78201dcf496ba0299cc96985
5801,val,run10|448597687062fbd0baf9bb6f
5802,train,run10|644a5770e0feb49620cf876b
5803,test,run10|24bc93c440c8880c18fe85d0
5804,train,run10|8a684c359a25827cc15d6c71
5805,train,run10|2b97f3b7ee5deb3ada635b3f
5806,test,run10|4cd144a04a6ddacbd2f39f5c
5807,test,run10|e74a326b21e984993626237c
5808,train,run10|540b92a8bd019a46476671a8
5809,test,run10|2503c2b54bd0adf66a79b75c
5810,train,run10|f285efda4d146eaa1262b31c
5811,train,run10|26b61ddb9230b4f6ceff0f91
5812,val,run10|e734c0ee643874f03e1f78a3
5813,val,run10|323c4254e431a87bca08dc80
5814,test,run10|006819f17438ceae0bf2101f
5815,test,run10|202b37404b51c32d98ccf1e7
5816,train,run10|62721e91282827393184e38c
5817,train,run10|e2e22e1ba527a0ecf6803899
5818,val,run10|63238bf85cc0c4ad2e8ba9e7
5819,test,run10|887b36abb60c9498dd82ad15
5820,val,run10|89af08eabeb095b520555a69
5821,test,run10|2fb6610137c4fe7553ba5fd8
5822,test,run10|40197728866ec4b51085f949
5823,val,run10|08b359a157b7caa74017a77d
5824,val,run10|f1eeadc1359bd715b32477a3
5825,train,run10|9e32c4389cab85804b196f80
5826,train,run10|5783dc199a261101f7ee63af
5827,train,run10|8c099158cd5988e9b581420f
5828,test,run10|b8195d0db67b2abe069a4fde
5829,val,run10|073bf2bb07b9f83a21b943c8
5830,train,run10|6f6799d2767ab9bf729de4ed
5831,train,run10|cf4dbd0b2e624dfca5b943d7
5832,train,run10|b1ffbf4fc3c08972002ec715
5833,val,run10|28606d6cb40c970180835bdf
5834,train,run10|5cf836fe1cfc91cb92a4ad5c
5835,train,run10|e5d9ef6a82a67eb7a77ee12e
5836,test,run10|6ccdc8745922d676dff82f03
5837,val,run10|615d0ae4e1f2ac6dc14e72f9
5838,test,run10|7b24e8765255cfe64448a8e1
5839,test,run10|0996646255b0f69aea9e523a
5840,train,run10|3efa34ce1154054fafe189d1
5841,train,run10|8d52fd9f2bd78fd73cf3c315
5842,train,run10|b39f77fb3944df0e1ffb9b2d
5843,val,run10|b1e0a423b373c40899cfe711
5844,train,run10|17436d62c57add5e65c92ab0
5845,val,run10|4285929606a4a8f52d2914a3
5846,train,run10|72226d2ae718a825e1f3768a
5847,train,run10|ab0e764d6ec7bd299449d863
5848,train,run10|8cfdaf7479af23b3e1e1b5bf
5849,test,run10|e00bca4a07645dda6c42e80d
5850,train,run10|5e6764411f613dd8dc1d08f2
5851,test,run10|addf0289f41637cf15951029
5852,train,run10|5188f5cfc7a30fdfc5a2a612
5853,train,run10|f17a8b0d03463bfdca02caea
5854,train,run10|0adc49bef25d576fbb8c968c
5855,test,run10|853072971df65f1c6a17ba20
5856,train,run10|2cbc6603678cb067af3d618d
5857,train,run10|e9f6db8c5210a11b21394cce
5858,val,run10|c2b35f0a1ed9c912e19cf05c
5859,test,run10|3d0abfd284ed5128496584f1
5860,val,run10|c7613969acabf700d10423b4
5861,test,run10|cd9788d4b670674db1d5b47e
5862,train,run10|e8fe9a3e5a0e9365dbf5fba1
5863,train,run10|2e2c49cdf6206dcef20895e8
5864,train,run10|c4ba2b41e2ec2ee922108b3e
5865,train,run10|091039630fb86083995e6983
5866,test,run10|a9c3cabbee4bf56a45188a55
5867,val,run10|e190d63a8484f2cbb05a3102
5868,train,run10|2b97f3b7ee5deb3ada635b3f
5869,test,run10|4cd144a04a6ddacbd2f39f5c
5870,test,run10|e74a326b21e984993626237c
5871,train,run10|540b92a8bd019a46476671a8
5872,test,run10|2503c2b54bd0adf66a79b75c
5873,train,run10|f285efda4d146eaa1262b31c
5874,train,run10|26b61ddb9230b4f6ceff0f91
5875,val,run10|e734c0ee643874f03e1f78a3
5876,val,run10|323c4254e431a87bca08dc80
5877,test,run10|006819f17438ceae0bf2101f
5878,test,run10|202b37404b51c32d98ccf1e7
5879,train,run10|62721e91282827393184e38c
5880,train,run10|e2e22e1ba527a0ecf6803899
5881,val,run10|63238bf85cc0c4ad2e8ba9e7
5882,test,run10|887b36abb60c9498dd82ad15
5883,val,run10|89af08eabeb095b520555a69
5884,test,run10|2fb6610137c4fe7553ba5fd8
5885,test,run10|40197728866ec4b51085f949
5886,val,run10|08b359a157b7caa74017a77d
5887,val,run10|f1eeadc1359bd715b32477a3
5888,train,run10|9e32c4389cab85804b196f80
5889,train,run10|5783dc199a261101f7ee63af
5890,train,run10|8c099158cd5988e9b581420f
5891,test,run10|b8195d0db67b2abe069a4fde
5892,val,run10|073bf2bb07b9f83a21b943c8
5893,train,run10|6f6799d2767ab9bf729de4ed
5894,train,run10|cf4dbd0b2e624dfca5b943d7
5895,train,run10|b1ffbf4fc3c08972002ec715
5896,val,run10|28606d6cb40c970180835bdf
5897,train,run10|5cf836fe1cfc91cb92a4ad5c
5898,train,run10|e5d9ef6a82a67eb7a77ee12e
5899,test,run10|6ccdc8745922d676dff82f03
5900,val,run10|615d0ae4e1f2ac6dc14e72f9
5901,test,run10|7b24e8765255cfe64448a8e1
5902,test,run10|0996646255b0f69aea9e523a
5903,train,run10|3efa34ce1154054fafe189d1
5904,train,run10|8d52fd9f2bd78fd73cf3c315
5905,train,run10|b39f77fb3944df0e1ffb9b2d
5906,val,run10|b1e0a423b373c40899cfe711
5907,train,run10|17436d62c57add5e65c92ab0
5908,val,run10|4285929606a4a8f52d2914a3
5909,train,run10|72226d2ae718a825e1f3768a
5910,train,run10|ab0e764d6ec7bd299449d863
5911,train,run10|8cfdaf7479af23b3e1e1b5bf
5912,test,run10|e00bca4a07645dda6c42e80d
5913,train,run10|5e6764411f613dd8dc1d08f2
5914,test,run10|addf0289f41637cf15951029
5915,train,run10|5188f5cfc7a30fdfc5a2a612
5916,train,run10|f17a8b0d03463bfdca02caea
5917,train,run10|0adc49bef25d576fbb8c968c
5918,test,run10|853072971df65f1c6a17ba20
5919,train,run10|2cbc6603678cb067af3d618d
5920,train,run10|e9f6db8c5210a11b21394cce
5921,val,run10|c2b35f0a1ed9c912e19cf05c
5922,test,run10|3d0abfd284ed5128496584f1
5923,val,run10|c7613969acabf700d10423b4
5924,test,run10|cd9788d4b670674db1d5b47e
5925,train,run10|e8fe9a3e5a0e9365dbf5fba1
5926,train,run10|2e2c49cdf6206dcef20895e8
5927,train,run10|c4ba2b41e2ec2ee922108b3e
5928,train,run10|091039630fb86083995e6983
5929,test,run10|a9c3cabbee4bf56a45188a55
5930,val,run10|e190d63a8484f2cbb05a3102
5931,train,run10|2b97f3b7ee5deb3ada635b3f
5932,test,run10|4cd144a04a6ddacbd2f39f5c
5933,test,run10|e74a326b21e984993626237c
5934,train,run10|540b92a8bd019a46476671a8
5935,test,run10|2503c2b54bd0adf66a79b75c
5936,train,run10|f285efda4d146eaa1262b31c
5937,train,run10|26b61ddb9230b4f6ceff0f91
5938,val,run10|e734c0ee643874f03e1f78a3
5939,val,run10|323c4254e431a87bca08dc80
5940,test,run10|006819f17438ceae0bf2101f
5941,test,run10|202b37404b51c32d98ccf1e7
5942,train,run10|62721e91282827393184e38c
5943,train,run10|e2e22e1ba527a0ecf6803899
5944,val,run10|63238bf85cc0c4ad2e8ba9e7
5945,test,run10|887b36abb60c9498dd82ad15
5946,val,run10|89af08eabeb095b520555a69
5947,test,run10|2fb6610137c4fe7553ba5fd8
5948,test,run10|40197728866ec4b51085f949
5949,val,run10|08b359a157b7caa74017a77d
5950,val,run10|f1eeadc1359bd715b32477a3
5951,train,run10|9e32c4389cab85804b196f80
5952,train,run10|5783dc199a261101f7ee63af
5953,train,run10|8c099158cd5988e9b581420f
5954,test,run10|b8195d0db67b2abe069a4fde
5955,val,run10|073bf2bb07b9f83a21b943c8
5956,train,run10|6f6799d2767ab9bf729de4ed
5957,train,run10|cf4dbd0b2e624dfca5b943d7
5958,train,run10|b1ffbf4fc3c08972002ec715
5959,val,run10|28606d6cb40c970180835bdf
5960,train,run10|5cf836fe1cfc91cb92a4ad5c
5961,train,run10|e5d9ef6a82a67eb7a77ee12e
5962,test,run10|6ccdc8745922d676dff82f03
5963,val,run10|615d0ae4e1f2ac6dc14e72f9
5964,test,run10|7b24e8765255cfe64448a8e1
5965,test,run10|0996646255b0f69aea9e523a
5966,train,run10|3efa34ce1154054fafe189d1
5967,train,run10|8d52fd9f2bd78fd73cf3c315
5968,train,run10|b39f77fb3944df0e1ffb9b2d
5969,val,run10|b1e0a423b373c40899cfe711
5970,train,run10|17436d62c57add5e65c92ab0
5971,val,run10|4285929606a4a8f52d2914a3
5972,train,run10|72226d2ae718a825e1f3768a
5973,train,run10|ab0e764d6ec7bd299449d863
5974,train,run10|8cfdaf7479af23b3e1e1b5bf
5975,test,run10|e00bca4a07645dda6c42e80d
5976,train,run10|5e6764411f613dd8dc1d08f2
5977,test,run10|addf0289f41637cf15951029
5978,train,run10|5188f5cfc7a30fdfc5a2a612
5979,train,run10|f17a8b0d03463bfdca02caea
5980,train,run10|0adc49bef25d576fbb8c968c
5981,test,run10|853072971df65f1c6a17ba20
5982,train,run10|2cbc6603678cb067af3d618d
5983,train,run10|e9f6db8c5210a11b21394cce
5984,val,run10|c2b35f0a1ed9c912e19cf05c
5985,test,run10|3d0abfd284ed5128496584f1
5986,val,run10|c7613969acabf700d10423b4
5987,test,run10|cd9788d4b670674db1d5b47e
5988,train,run10|e8fe9a3e5a0e9365dbf5fba1
5989,train,run10|2e2c49cdf6206dcef20895e8
5990,train,run10|c4ba2b41e2ec2ee922108b3e
5991,train,run10|091039630fb86083995e6983
5992,test,run10|a9c3cabbee4bf56a45188a55
5993,val,run10|e190d63a8484f2cbb05a3102
5994,train,run10|2b97f3b7ee5deb3ada635b3f
5995,test,run10|4cd144a04a6ddacbd2f39f5c
5996,test,run10|e74a326b21e984993626237c
5997,train,run10|540b92a8bd019a46476671a8
5998,test,run10|2503c2b54bd0adf66a79b75c
5999,train,run10|f285efda4d146eaa1262b31c
6000,train,run10|26b61ddb9230b4f6ceff0f91
6001,val,run10|e734c0ee643874f03e1f78a3
6002,val,run10|323c4254e431a87bca08dc80
6003,test,run10|006819f17438ceae0bf2101f
6004,test,run10|202b37404b51c32d98ccf1e7
6005,train,run10|62721e91282827393184e38c
6006,train,run10|e2e22e1ba527a0ecf6803899
6007,val,run10|63238bf85cc0c4ad2e8ba9e7
6008,test,run10|887b36abb60c9498dd82ad15
6009,val,run10|89af08eabeb095b520555a69
6010,test,run10|2fb6610137c4fe7553ba5fd8
6011,test,run10|40197728866ec4b51085f949
6012,val,run10|08b359a157b7caa74017a77d
6013,val,run10|f1eeadc1359bd715b32477a3
6014,train,run10|9e32c4389cab85804b196f80
6015,train,run10|5783dc199a261101f7ee63af
6016,train,run10|8c099158cd5988e9b581420f
6017,test,run10|b8195d0db67b2abe069a4fde
6018,val,run10|073bf2bb07b9f83a21b943c8
6019,train,run10|6f6799d2767ab9bf729de4ed
6020,train,run10|cf4dbd0b2e624dfca5b943d7
6021,train,run10|b1ffbf4fc3c08972002ec715
6022,val,run10|28606d6cb40c970180835bdf
6023,train,run10|5cf836fe1cfc91cb92a4ad5c
6024,train,run10|e5d9ef6a82a67eb7a77ee12e
6025,test,run10|6ccdc8745922d676dff82f03
6026,val,run10|615d0ae4e1f2ac6dc14e72f9
6027,test,run10|7b24e8765255cfe64448a8e1
6028,test,run10|0996646255b0f69aea9e523a
6029,train,run10|3efa34ce1154054fafe189d1
6030,train,run10|8d52fd9f2bd78fd73cf3c315
6031,train,run10|b39f77fb3944df0e1ffb9b2d
6032,val,run10|b1e0a423b373c40899cfe711
6033,train,run10|17436d62c57add5e65c92ab0
6034,val,run10|4285929606a4a8f52d2914a3
6035,train,run10|72226d2ae718a825e1f3768a
6036,train,run10|ab0e764d6ec7bd299449d863
6037,train,run10|8cfdaf7479af23b3e1e1b5bf
6038,test,run10|e00bca4a07645dda6c42e80d
6039,train,run10|5e6764411f613dd8dc1d08f2
6040,test,run10|addf0289f41637cf15951029
6041,train,run10|5188f5cfc7a30fdfc5a2a612
6042,train,run10|f17a8b0d03463bfdca02caea
6043,train,run10|0adc49bef25d576fbb8c968c
6044,test,run10|853072971df65f1c6a17ba20
6045,train,run10|2cbc6603678cb067af3d618d
6046,train,run10|e9f6db8c5210a11b21394cce
6047,val,run10|c2b35f0a1ed9c912e19cf05c
6048,test,run10|3d0abfd284ed5128496584f1
6049,val,run10|c7613969acabf700d10423b4
6050,test,run10|cd9788d4b670674db1d5b47e
6051,train,run10|e8fe9a3e5a0e9365dbf5fba1
6052,train,run10|2e2c49cdf6206dcef20895e8
6053,train,run10|c4ba2b41e2ec2ee922108b3e
6054,train,run10|091039630fb86083995e6983
6055,test,run10|a9c3cabbee4bf56a45188a55
6056,val,run10|e190d63a8484f2cbb05a3102
6057,train,run10|2b97f3b7ee5deb3ada635b3f
6058,test,run10|4cd144a04a6ddacbd2f39f5c
6059,test,run10|e74a326b21e984993626237c
6060,train,run10|540b92a8bd019a46476671a8
6061,test,run10|2503c2b54bd0adf66a79b75c
6062,train,run10|f285efda4d146eaa1262b31c
6063,train,run10|26b61ddb9230b4f6ceff0f91
6064,val,run10|e734c0ee643874f03e1f78a3
6065,val,run10|323c4254e431a87bca08dc80
6066,test,run10|006819f17438ceae0bf2101f
6067,test,run10|202b37404b51c32d98ccf1e7
6068,train,run10|62721e91282827393184e38c
6069,train,run10|e2e22e1ba527a0ecf6803899
6070,val,run10|63238bf85cc0c4ad2e8ba9e7
6071,test,run10|887b36abb60c9498dd82ad15
6072,val,run10|89af08eabeb095b520555a69
6073,test,run10|2fb6610137c4fe7553ba5fd8
6074,test,run10|40197728866ec4b51085f949
6075,val,run10|08b359a157b7caa74017a77d
6076,val,run10|f1eeadc1359bd715b32477a3
6077,train,run10|9e32c4389cab85804b196f80
6078,train,run10|5783dc199a261101f7ee63af
6079,train,run10|8c099158cd5988e9b581420f
6080,test,run10|b8195d0db67b2abe069a4fde
6081,val,run10|073bf2bb07b9f83a21b943c8
6082,train,run10|6f6799d2767ab9bf729de4ed
6083,train,run10|cf4dbd0b2e624dfca5b943d7
6084,train,run10|b1ffbf4fc3c08972002ec715
6085,val,run10|28606d6cb40c970180835bdf
6086,train,run10|5cf836fe1cfc91cb92a4ad5c
6087,train,run10|e5d9ef6a82a67eb7a77ee12e
6088,test,run10|6ccdc8745922d676dff82f03
6089,val,run10|615d0ae4e1f2ac6dc14e72f9
6090,test,run10|7b24e8765255cfe64448a8e1
6091,test,run10|0996646255b0f69aea9e523a
6092,train,run10|3efa34ce1154054fafe189d1
6093,train,run10|8d52fd9f2bd78fd73cf3c315
6094,train,run10|b39f77fb3944df0e1ffb9b2d
6095,val,run10|b1e0a423b373c40899cfe711
6096,train,run10|17436d62c57add5e65c92ab0
6097,val,run10|4285929606a4a8f52d2914a3
6098,train,run10|72226d2ae718a825e1f3768a
6099,train,run10|ab0e764d6ec7bd299449d863
6100,train,run10|8cfdaf7479af23b3e1e1b5bf
6101,test,run10|e00bca4a07645dda6c42e80d
6102,train,run10|5e6764411f613dd8dc1d08f2
6103,test,run10|addf0289f41637cf15951029
6104,train,run10|5188f5cfc7a30fdfc5a2a612
6105,train,run10|f17a8b0d03463bfdca02caea
6106,train,run10|0adc49bef25d576fbb8c968c
6107,test,run10|853072971df65f1c6a17ba20
6108,train,run10|2cbc6603678cb067af3d618d
6109,train,run10|e9f6db8c5210a11b21394cce
6110,val,run10|c2b35f0a1ed9c912e19cf05c
6111,test,run10|3d0abfd284ed5128496584f1
6112,val,run10|c7613969acabf700d10423b4
6113,test,run10|cd9788d4b670674db1d5b47e
6114,train,run10|e8fe9a3e5a0e9365dbf5fba1
6115,train,run10|2e2c49cdf6206dcef20895e8
6116,train,run10|c4ba2b41e2ec2ee922108b3e
6117,train,run10|091039630fb86083995e6983
6118,test,run10|a9c3cabbee4bf56a45188a55
6119,val,run10|e190d63a8484f2cbb05a3102
6120,train,run10|2b97f3b7ee5deb3ada635b3f
6121,test,run10|4cd144a04a6ddacbd2f39f5c
6122,test,run10|e74a326b21e984993626237c
6123,train,run10|540b92a8bd019a46476671a8
6124,test,run10|2503c2b54bd0adf66a79b75c
6125,train,run10|f285efda4d146eaa1262b31c
6126,train,run10|26b61ddb9230b4f6ceff0f91
6127,val,run10|e734c0ee643874f03e1f78a3
6128,val,run10|323c4254e431a87bca08dc80
6129,test,run10|006819f17438ceae0bf2101f
6130,test,run10|202b37404b51c32d98ccf1e7
6131,train,run10|62721e91282827393184e38c
6132,train,run10|e2e22e1ba527a0ecf6803899
6133,val,run10|63238bf85cc0c4ad2e8ba9e7
6134,test,run10|887b36abb60c9498dd82ad15
6135,val,run10|89af08eabeb095b520555a69
6136,test,run10|2fb6610137c4fe7553ba5fd8
6137,test,run10|40197728866ec4b51085f949
6138,val,run10|08b359a157b7caa74017a77d
6139,val,run10|f1eeadc1359bd715b32477a3
6140,train,run10|9e32c4389cab85804b196f80
6141,train,run10|5783dc199a261101f7ee63af
6142,train,run10|8c099158cd5988e9b581420f
6143,test,run10|b8195d0db67b2abe069a4fde
6144,val,run10|073bf2bb07b9f83a21b943c8
6145,train,run10|6f6799d2767ab9bf729de4ed
6146,train,run10|cf4dbd0b2e624dfca5b943d7
6147,train,run10|b1ffbf4fc3c08972002ec715
6148,val,run10|28606d6cb40c970180835bdf
6149,train,run10|5cf836fe1cfc91cb92a4ad5c
6150,train,run10|e5d9ef6a82a67eb7a77ee12e
6151,test,run10|6ccdc8745922d676dff82f03
6152,val,run10|615d0ae4e1f2ac6dc14e72f9
6153,test,run10|7b24e8765255cfe64448a8e1
6154,test,run10|0996646255b0f69aea9e523a
6155,train,run10|3efa34ce1154054fafe189d1
6156,train,run10|8d52fd9f2bd78fd73cf3c315
6157,train,run10|b39f77fb3944df0e1ffb9b2d
6158,val,run10|b1e0a423b373c40899cfe711
6159,train,run10|17436d62c57add5e65c92ab0
6160,val,run10|4285929606a4a8f52d2914a3
6161,train,run10|72226d2ae718a825e1f3768a
6162,train,run10|ab0e764d6ec7bd299449d863
6163,train,run10|8cfdaf7479af23b3e1e1b5bf
6164,test,run10|e00bca4a07645dda6c42e80d
6165,train,run10|5e6764411f613dd8dc1d08f2
6166,test,run10|addf0289f41637cf15951029
6167,train,run10|5188f5cfc7a30fdfc5a2a612
6168,train,run10|f17a8b0d03463bfdca02caea
6169,train,run10|0adc49bef25d576fbb8c968c
6170,test,run10|853072971df65f1c6a17ba20
6171,train,run10|2cbc6603678cb067af3d618d
6172,train,run10|e9f6db8c5210a11b21394cce
6173,val,run10|c2b35f0a1ed9c912e19cf05c
6174,test,run10|3d0abfd284ed5128496584f1
6175,val,run10|c7613969acabf700d10423b4
6176,test,run10|cd9788d4b670674db1d5b47e
6177,train,run10|e8fe9a3e5a0e9365dbf5fba1
6178,train,run10|2e2c49cdf6206dcef20895e8
6179,train,run10|c4ba2b41e2ec2ee922108b3e
6180,train,run10|091039630fb86083995e6983
6181,test,run10|a9c3cabbee4bf56a45188a55
6182,val,run10|e190d63a8484f2cbb05a3102
6183,train,run10|2b97f3b7ee5deb3ada635b3f
6184,test,run10|4cd144a04a6ddacbd2f39f5c
6185,test,run10|e74a326b21e984993626237c
6186,train,run10|540b92a8bd019a46476671a8
6187,test,run10|2503c2b54bd0adf66a79b75c
6188,train,run10|f285efda4d146eaa1262b31c
6189,train,run10|26b61ddb9230b4f6ceff0f91
6190,val,run10|e734c0ee643874f03e1f78a3
6191,val,run10|323c4254e431a87bca08dc80
6192,test,run10|006819f17438ceae0bf2101f
6193,test,run10|202b37404b51c32d98ccf1e7
6194,train,run10|62721e91282827393184e38c
6195,train,run10|e2e22e1ba527a0ecf6803899
6196,val,run10|63238bf85cc0c4ad2e8ba9e7
6197,test,run10|887b36abb60c9498dd82ad15
6198,val,run10|89af08eabeb095b520555a69
6199,test,run10|2fb6610137c4fe7553ba5fd8
6200,test,run10|40197728866ec4b51085f949
6201,val,run10|08b359a157b7caa74017a77d
6202,val,run10|f1eeadc1359bd715b32477a3
6203,train,run10|9e32c4389cab85804b196f80
6204,train,run10|5783dc199a261101f7ee63af
6205,train,run10|8c099158cd5988e9b581420f
6206,test,run10|b8195d0db67b2abe069a4fde
6207,val,run10|073bf2bb07b9f83a21b943c8
6208,train,run10|6f6799d2767ab9bf729de4ed
6209,train,run10|cf4dbd0b2e624dfca5b943d7
6210,train,run10|b1ffbf4fc3c08972002ec715
6211,val,run10|28606d6cb40c970180835bdf
6212,train,run10|5cf836fe1cfc91cb92a4ad5c
6213,train,run10|e5d9ef6a82a67eb7a77ee12e
6214,test,run10|6ccdc8745922d676dff82f03
6215,val,run10|615d0ae4e1f2ac6dc14e72f9
6216,test,run10|7b24e8765255cfe64448a8e1
6217,test,run10|0996646255b0f69aea9e523a
6218,train,run10|3efa34ce1154054fafe189d1
6219,train,run10|8d52fd9f2bd78fd73cf3c315
6220,train,run10|b39f77fb3944df0e1ffb9b2d
6221,val,run10|b1e0a423b373c40899cfe711
6222,train,run10|17436d62c57add5e65c92ab0
6223,val,run10|4285929606a4a8f52d2914a3
6224,train,run10|72226d2ae718a825e1f3768a
6225,train,run10|ab0e764d6ec7bd299449d863
6226,train,run10|8cfdaf7479af23b3e1e1b5bf
6227,test,run10|e00bca4a07645dda6c42e80d
6228,train,run10|5e6764411f613dd8dc1d08f2
6229,test,run10|addf0289f41637cf15951029
6230,train,run10|5188f5cfc7a30fdfc5a2a612
6231,train,run10|f17a8b0d03463bfdca02caea
6232,train,run10|0adc49bef25d576fbb8c968c
6233,test,run10|853072971df65f1c6a17ba20
6234,train,run10|2cbc6603678cb067af3d618d
6235,train,run10|e9f6db8c5210a11b21394cce
6236,val,run10|c2b35f0a1ed9c912e19cf05c
6237,test,run10|3d0abfd284ed5128496584f1
6238,val,run10|c7613969acabf700d10423b4
6239,test,run10|cd9788d4b670674db1d5b47e
6240,train,run10|e8fe9a3e5a0e9365dbf5fba1
6241,train,run10|2e2c49cdf6206dcef20895e8
6242,train,run10|c4ba2b41e2ec2ee922108b3e
6243,train,run10|091039630fb86083995e6983
6244,test,run10|a9c3cabbee4bf56a45188a55
6245,val,run10|e190d63a8484f2cbb05a3102
6246,train,run10|2b97f3b7ee5deb3ada635b3f
6247,test,run10|4cd144a04a6ddacbd2f39f5c
6248,test,run10|e74a326b21e984993626237c
6249,train,run10|540b92a8bd019a46476671a8
6250,test,run10|2503c2b54bd0adf66a79b75c
6251,train,run10|f285efda4d146eaa1262b31c
6252,train,run10|26b61ddb9230b4f6ceff0f91
6253,val,run10|e734c0ee643874f03e1f78a3
6254,val,run10|323c4254e431a87bca08dc80
6255,test,run10|006819f17438ceae0bf2101f
6256,test,run10|202b37404b51c32d98ccf1e7
6257,train,run10|62721e91282827393184e38c
6258,train,run10|e2e22e1ba527a0ecf6803899
6259,val,run10|63238bf85cc0c4ad2e8ba9e7
6260,test,run10|887b36abb60c9498dd82ad15
6261,val,run10|89af08eabeb095b520555a69
6262,test,run10|2fb6610137c4fe7553ba5fd8
6263,test,run10|40197728866ec4b51085f949
6264,val,run10|08b359a157b7caa74017a77d
6265,val,run10|f1eeadc1359bd715b32477a3
6266,train,run10|9e32c4389cab85804b196f80
6267,train,run10|5783dc199a261101f7ee63af
6268,train,run10|8c099158cd5988e9b581420f
6269,test,run10|b8195d0db67b2abe069a4fde
6270,val,run10|073bf2bb07b9f83a21b943c8
6271,train,run10|6f6799d2767ab9bf729de4ed
6272,train,run10|cf4dbd0b2e624dfca5b943d7
6273,train,run10|b1ffbf4fc3c08972002ec715
6274,val,run10|28606d6cb40c970180835bdf
6275,train,run10|5cf836fe1cfc91cb92a4ad5c
6276,train,run10|e5d9ef6a82a67eb7a77ee12e
6277,test,run10|6ccdc8745922d676dff82f03
6278,val,run10|615d0ae4e1f2ac6dc14e72f9
6279,test,run10|7b24e8765255cfe64448a8e1
6280,test,run10|0996646255b0f69aea9e523a
6281,train,run10|3efa34ce1154054fafe189d1
6282,train,run10|8d52fd9f2bd78fd73cf3c315
6283,train,run10|b39f77fb3944df0e1ffb9b2d
6284,val,run10|b1e0a423b373c40899cfe711
6285,train,run10|17436d62c57add5e65c92ab0
6286,val,run10|4285929606a4a8f52d2914a3
6287,train,run10|72226d2ae718a825e1f3768a
6288,train,run10|ab0e764d6ec7bd299449d863
6289,train,run10|8cfdaf7479af23b3e1e1b5bf
6290,test,run10|e00bca4a07645dda6c42e80d
6291,train,run10|5e6764411f613dd8dc1d08f2
6292,test,run10|addf0289f41637cf15951029
6293,train,run10|5188f5cfc7a30fdfc5a2a612
6294,train,run10|f17a8b0d03463bfdca02caea
6295,train,run10|0adc49bef25d576fbb8c968c
6296,test,run10|853072971df65f1c6a17ba20
6297,train,run10|2cbc6603678cb067af3d618d
6298,train,run10|e9f6db8c5210a11b21394cce
6299,val,run10|c2b35f0a1ed9c912e19cf05c
6300,test,run10|3d0abfd284ed5128496584f1
6301,val,run10|c7613969acabf700d10423b4
6302,test,run10|cd9788d4b670674db1d5b47e
6303,train,run10|e8fe9a3e5a0e9365dbf5fba1
6304,train,run10|2e2c49cdf6206dcef20895e8
6305,train,run10|c4ba2b41e2ec2ee922108b3e
6306,train,run10|091039630fb86083995e6983
6307,test,run10|a9c3cabbee4bf56a45188a55
6308,val,run10|e190d63a8484f2cbb05a3102
6309,test,run10|5794c6c633d3f8c72abc19c3
6310,train,run10|644a5770e0feb49620cf876b
6311,train,run10|2b97f3b7ee5deb3ada635b3f
6312,test,run10|4cd144a04a6ddacbd2f39f5c
6313,test,run10|e74a326b21e984993626237c
6314,train,run10|540b92a8bd019a46476671a8
6315,test,run10|2503c2b54bd0adf66a79b75c
6316,train,run10|f285efda4d146eaa1262b31c
6317,train,run10|26b61ddb9230b4f6ceff0f91
6318,val,run10|e734c0ee643874f03e1f78a3
6319,val,run10|323c4254e431a87bca08dc80
6320,test,run10|006819f17438ceae0bf2101f
6321,test,run10|202b37404b51c32d98ccf1e7
6322,train,run10|62721e91282827393184e38c
6323,train,run10|e2e22e1ba527a0ecf6803899
6324,val,run10|63238bf85cc0c4ad2e8ba9e7
6325,test,run10|887b36abb60c9498dd82ad15
6326,val,run10|89af08eabeb095b520555a69
6327,test,run10|2fb6610137c4fe7553ba5fd8
6328,test,run10|40197728866ec4b51085f949
6329,val,run10|08b359a157b7caa74017a77d
6330,val,run10|f1eeadc1359bd715b32477a3
6331,train,run10|9e32c4389cab85804b196f80
6332,train,run10|5783dc199a261101f7ee63af
6333,train,run10|8c099158cd5988e9b581420f
6334,test,run10|b8195d0db67b2abe069a4fde
6335,val,run10|073bf2bb07b9f83a21b943c8
6336,train,run10|6f6799d2767ab9bf729de4ed
6337,train,run10|cf4dbd0b2e624dfca5b943d7
6338,train,run10|b1ffbf4fc3c08972002ec715
6339,val,run10|28606d6cb40c970180835bdf
6340,train,run10|5cf836fe1cfc91cb92a4ad5c
6341,train,run10|e5d9ef6a82a67eb7a77ee12e
6342,test,run10|6ccdc8745922d676dff82f03
6343,val,run10|615d0ae4e1f2ac6dc14e72f9
6344,test,run10|7b24e8765255cfe64448a8e1
6345,test,run10|0996646255b0f69aea9e523a
6346,train,run10|3efa34ce1154054fafe189d1
6347,train,run10|8d52fd9f2bd78fd73cf3c315
6348,train,run10|b39f77fb3944df0e1ffb9b2d
6349,val,run10|b1e0a423b373c40899cfe711
6350,train,run10|17436d62c57add5e65c92ab0
6351,val,run10|4285929606a4a8f52d2914a3
6352,train,run10|72226d2ae718a825e1f3768a
6353,train,run10|ab0e764d6ec7bd299449d863
6354,train,run10|8cfdaf7479af23b3e1e1b5bf
6355,test,run10|e00bca4a07645dda6c42e80d
6356,train,run10|5e6764411f613dd8dc1d08f2
6357,test,run10|addf0289f41637cf15951029
6358,train,run10|5188f5cfc7a30fdfc5a2a612
6359,train,run10|f17a8b0d03463bfdca02caea
6360,train,run10|0adc49bef25d576fbb8c968c
6361,test,run10|853072971df65f1c6a17ba20
6362,train,run10|2cbc6603678cb067af3d618d
6363,train,run10|e9f6db8c5210a11b21394cce
6364,val,run10|c2b35f0a1ed9c912e19cf05c
6365,test,run10|3d0abfd284ed5128496584f1
6366,val,run10|c7613969acabf700d10423b4
6367,test,run10|cd9788d4b670674db1d5b47e
6368,train,run10|e8fe9a3e5a0e9365dbf5fba1
6369,train,run10|2e2c49cdf6206dcef20895e8
6370,train,run10|c4ba2b41e2ec2ee922108b3e
6371,train,run10|091039630fb86083995e6983
6372,test,run10|a9c3cabbee4bf56a45188a55
6373,val,run10|e190d63a8484f2cbb05a3102
6374,test,run10|31065ba93f289a4e99f7dc65
6375,train,run10|7f3d709f077c0a4adb949136
6376,test,run10|78201dcf496ba0299cc96985
6377,val,run10|448597687062fbd0baf9bb6f
6378,test,run10|24bc93c440c8880c18fe85d0
6379,train,run10|8a684c359a25827cc15d6c71
6380,train,run10|2b97f3b7ee5deb3ada635b3f
6381,test,run10|4cd144a04a6ddacbd2f39f5c
6382,test,run10|e74a326b21e984993626237c
6383,train,run10|540b92a8bd019a46476671a8
6384,test,run10|2503c2b54bd0adf66a79b75c
6385,train,run10|f285efda4d146eaa1262b31c
6386,train,run10|26b61ddb9230b4f6ceff0f91
6387,val,run10|e734c0ee643874f03e1f78a3
6388,val,run10|323c4254e431a87bca08dc80
6389,test,run10|006819f17438ceae0bf2101f
6390,test,run10|202b37404b51c32d98ccf1e7
6391,train,run10|e2e22e1ba527a0ecf6803899
6392,val,run10|63238bf85cc0c4ad2e8ba9e7
6393,test,run10|887b36abb60c9498dd82ad15
6394,val,run10|89af08eabeb095b520555a69
6395,test,run10|2fb6610137c4fe7553ba5fd8
6396,test,run10|40197728866ec4b51085f949
6397,val,run10|08b359a157b7caa74017a77d
6398,val,run10|f1eeadc1359bd715b32477a3
6399,train,run10|9e32c4389cab85804b196f80
6400,train,run10|5783dc199a261101f7ee63af
6401,train,run10|8c099158cd5988e9b581420f
6402,test,run10|b8195d0db67b2abe069a4fde
6403,val,run10|073bf2bb07b9f83a21b943c8
6404,train,run10|6f6799d2767ab9bf729de4ed
6405,train,run10|cf4dbd0b2e624dfca5b943d7
6406,train,run10|b1ffbf4fc3c08972002ec715
6407,val,run10|28606d6cb40c970180835bdf
6408,train,run10|5cf836fe1cfc91cb92a4ad5c
6409,train,run10|e5d9ef6a82a67eb7a77ee12e
6410,val,run10|615d0ae4e1f2ac6dc14e72f9
6411,test,run10|7b24e8765255cfe64448a8e1
6412,test,run10|0996646255b0f69aea9e523a
6413,train,run10|3efa34ce1154054fafe189d1
6414,train,run10|8d52fd9f2bd78fd73cf3c315
6415,train,run10|b39f77fb3944df0e1ffb9b2d
6416,val,run10|b1e0a423b373c40899cfe711
6417,train,run10|17436d62c57add5e65c92ab0
6418,val,run10|4285929606a4a8f52d2914a3
6419,train,run10|72226d2ae718a825e1f3768a
6420,train,run10|ab0e764d6ec7bd299449d863
6421,train,run10|8cfdaf7479af23b3e1e1b5bf
6422,test,run10|e00bca4a07645dda6c42e80d
6423,train,run10|5e6764411f613dd8dc1d08f2
6424,test,run10|addf0289f41637cf15951029
6425,train,run10|5188f5cfc7a30fdfc5a2a612
6426,train,run10|f17a8b0d03463bfdca02caea
6427,val,run10|c2b35f0a1ed9c912e19cf05c
6428,test,run10|3d0abfd284ed5128496584f1
6429,val,run10|c7613969acabf700d10423b4
6430,train,run10|e8fe9a3e5a0e9365dbf5fba1
6431,train,run10|2e2c49cdf6206dcef20895e8
6432,train,run10|c4ba2b41e2ec2ee922108b3e
6433,val,run10|e190d63a8484f2cbb05a3102
6434,train,run11|d464d83a5c5b8f77db5461b1
6435,test,run11|64cd79f349dcfa62c5581aea
6436,val,run11|ccca31bb67fe35162747cc2d
6437,val,run11|a16c6cf4d2bb47847a7c9911
6438,train,run11|ab0d87233efa497c7499f594
6439,train,run11|ac82dc49aa8346ad57364a26
6440,train,run11|a0265c23b22449be46e0a97f
6441,train,run11|e666f948bc5572199a717448
6442,val,run11|acc523a25520fe3b25191441
6443,test,run11|56116d381433e02a41468a25
6444,test,run11|dc6ff5bdc9b26ea13d108ded
6445,test,run11|4e2805a95848fcdf1f3cfaf0
6446,train,run11|6a3131e47376adc2b6c20d8c
6447,test,run11|b9897783dc17852f0ce84e51
6448,test,run11|97e497bcf74f5621ca1890fb
6449,val,run11|54314966e1c4aa0ca49bbd59
6450,test,run11|e2e261419bd86d1742b3fa66
6451,test,run11|74f6e4e607e26044a1230ecd
6452,test,run11|a46b1326b1fbc900c00151a0
6453,val,run11|68540216c85f0460fa80f535
6454,train,run11|0fe84cc4e8f180ef29b91b47
6455,test,run11|e0338d09dbd63a7d978c2700
6456,train,run11|eae09678fe58a57302d69290
6457,val,run11|1f4556446721ebf3c7f3f92e
6458,test,run11|3a18572146f6d7fd5539ddae
6459,train,run11|cc068bc5420fc3bbdce8a5bf
6460,val,run11|67592ac2f6b5eb7600bf7b1a
6461,test,run11|d93ebefbbc66fc1707d074b7
6462,train,run11|ebf56c41dc1f7b7d1076d251
6463,train,run11|8e4247940c4cdadf08bc09b0
6464,val,run11|962ded5aa65884cc2f6c915c
6465,test,run11|fc0b9a95846099c25a4621d9
6466,train,run11|08a111714a865dd981fd715d
6467,val,run11|cd7577a0732438f62a2b28f3
6468,train,run11|d1d7db66c68bcf42fe6a4214
6469,val,run11|0c205a893b3f2bcfea512d59
6470,val,run11|8f4557cf367a800b42914e03
6471,test,run11|8bcbd98d47c6c8376bdb0ea3
6472,train,run11|b8b2ee50da9cd5c5433965f2
6473,train,run11|d00aab6248dd11b453d4efaa
6474,train,run11|b3362ef03931cb112c642b40
6475,train,run11|4f090c54f53e26d57ac5aa44
6476,train,run11|3ed8a15f72e7f909c4e1de34
6477,test,run11|f26332bf4967806dccf5ff94
6478,train,run11|f13211322ae6b2d43f4b19d4
6479,test,run11|3bb39a02e533172801b15939
6480,test,run11|e1e5748bce220d3daecf506b
6481,train,run11|1e9a1e95ca8be91a879e8535
6482,train,run11|98d04370b20b3d41d08b5474
6483,test,run11|6198c238de5ec708afaaa20d
6484,train,run11|a26dc221cff70e99b36af608
6485,train,run11|eafc8827d0bff00a9eb42f92
6486,test,run11|99d4e4abc17867addd219e6d
6487,train,run11|5cf88c4f2096ab7eb2bd0ed4
6488,val,run11|19ec93e5fd0f3b282468bd3d
6489,train,run11|b621cd5cd6e1eca757b66847
6490,train,run11|a94c112447b2ed29e42cdf6f
6491,train,run11|3e284c920d2be6777f6d8570
6492,train,run11|c9741508787e09723c0fd7e4
6493,train,run11|2e8bc52c3032bf922d74ab52
6494,train,run11|58743a7deaf0f2baf7da69e8
6495,train,run11|51a048751f11958a8638ba89
6496,test,run11|f455795aaece6562f210b833
6497,train,run11|7b372d3bcff03183e32182d2
6498,val,run11|9a6f3103ebfb40001ed034d8
6499,val,run11|ea17674349ed569b8f2b581a
6500,test,run11|ad97cc57d602235ed8b865cb
6501,train,run11|1787c7118c7071c51484e391
6502,test,run11|7abb1a15f8611e2fb703eaf1
6503,train,run11|590f43fc997528e861b31944
6504,train,run11|0c05d217e45d483094f8f9d6
6505,train,run11|c1923f30060f99978f37c6f5
6506,val,run11|48957a5eeb3566fa8ac6b228
6507,test,run11|e393b1758bc32d73fc2f0978
6508,train,run11|f645dd240159cd5c95d68ef1
6509,train,run11|8e49cd171294c8be60b2ae26
6510,train,run11|b65e40488019b04a30054756
6511,train,run11|7bb6457a8c586665d25897e9
6512,train,run11|2a61dc4c5777ddc2dc10bdae
6513,train,run11|d464d83a5c5b8f77db5461b1
6514,test,run11|64cd79f349dcfa62c5581aea
6515,val,run11|ccca31bb67fe35162747cc2d
6516,val,run11|a16c6cf4d2bb47847a7c9911
6517,train,run11|ab0d87233efa497c7499f594
6518,train,run11|ac82dc49aa8346ad57364a26
6519,train,run11|a0265c23b22449be46e0a97f
6520,train,run11|e666f948bc5572199a717448
6521,val,run11|acc523a25520fe3b25191441
6522,test,run11|56116d381433e02a41468a25
6523,test,run11|dc6ff5bdc9b26ea13d108ded
6524,test,run11|4e2805a95848fcdf1f3cfaf0
6525,train,run11|6a3131e47376adc2b6c20d8c
6526,test,run11|b9897783dc17852f0ce84e51
6527,test,run11|97e497bcf74f5621ca1890fb
6528,val,run11|54314966e1c4aa0ca49bbd59
6529,test,run11|e2e261419bd86d1742b3fa66
6530,test,run11|74f6e4e607e26044a1230ecd
6531,test,run11|a46b1326b1fbc900c00151a0
6532,val,run11|68540216c85f0460fa80f535
6533,train,run11|0fe84cc4e8f180ef29b91b47
6534,test,run11|e0338d09dbd63a7d978c2700
6535,train,run11|eae09678fe58a57302d69290
6536,val,run11|1f4556446721ebf3c7f3f92e
6537,test,run11|3a18572146f6d7fd5539ddae
6538,train,run11|cc068bc5420fc3bbdce8a5bf
6539,val,run11|67592ac2f6b5eb7600bf7b1a
6540,test,run11|d93ebefbbc66fc1707d074b7
6541,train,run11|ebf56c41dc1f7b7d1076d251
6542,train,run11|8e4247940c4cdadf08bc09b0
6543,val,run11|962ded5aa65884cc2f6c915c
6544,test,run11|fc0b9a95846099c25a4621d9
6545,train,run11|08a111714a865dd981fd715d
6546,val,run11|cd7577a0732438f62a2b28f3
6547,train,run11|d1d7db66c68bcf42fe6a4214
6548,val,run11|0c205a893b3f2bcfea512d59
6549,val,run11|8f4557cf367a800b42914e03
6550,test,run11|8bcbd98d47c6c8376bdb0ea3
6551,train,run11|b8b2ee50da9cd5c5433965f2
6552,train,run11|d00aab6248dd11b453d4efaa
6553,train,run11|b3362ef03931cb112c642b40
6554,train,run11|4f090c54f53e26d57ac5aa44
6555,train,run11|3ed8a15f72e7f909c4e1de34
6556,test,run11|f26332bf4967806dccf5ff94
6557,train,run11|f13211322ae6b2d43f4b19d4
6558,test,run11|3bb39a02e533172801b15939
6559,test,run11|e1e5748bce220d3daecf506b
6560,train,run11|1e9a1e95ca8be91a879e8535
6561,train,run11|98d04370b20b3d41d08b5474
6562,test,run11|6198c238de5ec708afaaa20d
6563,train,run11|a26dc221cff70e99b36af608
6564,train,run11|eafc8827d0bff00a9eb42f92
6565,test,run11|99d4e4abc17867addd219e6d
6566,train,run11|5cf88c4f2096ab7eb2bd0ed4
6567,val,run11|19ec93e5fd0f3b282468bd3d
6568,train,run11|b621cd5cd6e1eca757b66847
6569,train,run11|a94c112447b2ed29e42cdf6f
6570,train,run11|3e284c920d2be6777f6d8570
6571,train,run11|c9741508787e09723c0fd7e4
6572,train,run11|2e8bc52c3032bf922d74ab52
6573,train,run11|58743a7deaf0f2baf7da69e8
6574,train,run11|51a048751f11958a8638ba89
6575,test,run11|f455795aaece6562f210b833
6576,train,run11|d464d83a5c5b8f77db5461b1
6577,test,run11|64cd79f349dcfa62c5581aea
6578,val,run11|ccca31bb67fe35162747cc2d
6579,val,run11|a16c6cf4d2bb47847a7c9911
6580,train,run11|ab0d87233efa497c7499f594
6581,train,run11|ac82dc49aa8346ad57364a26
6582,train,run11|a0265c23b22449be46e0a97f
6583,train,run11|e666f948bc5572199a717448
6584,val,run11|acc523a25520fe3b25191441
6585,test,run11|56116d381433e02a41468a25
6586,test,run11|dc6ff5bdc9b26ea13d108ded
6587,test,run11|4e2805a95848fcdf1f3cfaf0
6588,train,run11|6a3131e47376adc2b6c20d8c
6589,test,run11|b9897783dc17852f0ce84e51
6590,test,run11|97e497bcf74f5621ca1890fb
6591,val,run11|54314966e1c4aa0ca49bbd59
6592,test,run11|e2e261419bd86d1742b3fa66
6593,test,run11|74f6e4e607e26044a1230ecd
6594,test,run11|a46b1326b1fbc900c00151a0
6595,val,run11|68540216c85f0460fa80f535
6596,train,run11|0fe84cc4e8f180ef29b91b47
6597,test,run11|e0338d09dbd63a7d978c2700
6598,train,run11|eae09678fe58a57302d69290
6599,val,run11|1f4556446721ebf3c7f3f92e
6600,test,run11|3a18572146f6d7fd5539ddae
6601,train,run11|cc068bc5420fc3bbdce8a5bf
6602,val,run11|67592ac2f6b5eb7600bf7b1a
6603,test,run11|d93ebefbbc66fc1707d074b7
6604,train,run11|ebf56c41dc1f7b7d1076d251
6605,train,run11|8e4247940c4cdadf08bc09b0
6606,val,run11|962ded5aa65884cc2f6c915c
6607,test,run11|fc0b9a95846099c25a4621d9
6608,train,run11|08a111714a865dd981fd715d
6609,val,run11|cd7577a0732438f62a2b28f3
6610,train,run11|d1d7db66c68bcf42fe6a4214
6611,val,run11|0c205a893b3f2bcfea512d59
6612,val,run11|8f4557cf367a800b42914e03
6613,test,run11|8bcbd98d47c6c8376bdb0ea3
6614,train,run11|b8b2ee50da9cd5c5433965f2
6615,train,run11|d00aab6248dd11b453d4efaa
6616,train,run11|b3362ef03931cb112c642b40
6617,train,run11|4f090c54f53e26d57ac5aa44
6618,train,run11|3ed8a15f72e7f909c4e1de34
6619,test,run11|f26332bf4967806dccf5ff94
6620,train,run11|f13211322ae6b2d43f4b19d4
6621,test,run11|3bb39a02e533172801b15939
6622,test,run11|e1e5748bce220d3daecf506b
6623,train,run11|1e9a1e95ca8be91a879e8535
6624,train,run11|98d04370b20b3d41d08b5474
6625,test,run11|6198c238de5ec708afaaa20d
6626,train,run11|a26dc221cff70e99b36af608
6627,train,run11|eafc8827d0bff00a9eb42f92
6628,test,run11|99d4e4abc17867addd219e6d
6629,train,run11|5cf88c4f2096ab7eb2bd0ed4
6630,val,run11|19ec93e5fd0f3b282468bd3d
6631,train,run11|b621cd5cd6e1eca757b66847
6632,train,run11|a94c112447b2ed29e42cdf6f
6633,train,run11|3e284c920d2be6777f6d8570
6634,train,run11|c9741508787e09723c0fd7e4
6635,train,run11|2e8bc52c3032bf922d74ab52
6636,train,run11|58743a7deaf0f2baf7da69e8
6637,train,run11|51a048751f11958a8638ba89
6638,test,run11|f455795aaece6562f210b833
6639,train,run11|d464d83a5c5b8f77db5461b1
6640,test,run11|64cd79f349dcfa62c5581aea
6641,val,run11|ccca31bb67fe35162747cc2d
6642,val,run11|a16c6cf4d2bb47847a7c9911
6643,train,run11|ab0d87233efa497c7499f594
6644,train,run11|ac82dc49aa8346ad57364a26
6645,train,run11|a0265c23b22449be46e0a97f
6646,train,run11|e666f948bc5572199a717448
6647,val,run11|acc523a25520fe3b25191441
6648,test,run11|56116d381433e02a41468a25
6649,test,run11|dc6ff5bdc9b26ea13d108ded
6650,test,run11|4e2805a95848fcdf1f3cfaf0
6651,train,run11|6a3131e47376adc2b6c20d8c
6652,test,run11|b9897783dc17852f0ce84e51
6653,test,run11|97e497bcf74f5621ca1890fb
6654,val,run11|54314966e1c4aa0ca49bbd59
6655,test,run11|e2e261419bd86d1742b3fa66
6656,test,run11|74f6e4e607e26044a1230ecd
6657,test,run11|a46b1326b1fbc900c00151a0
6658,val,run11|68540216c85f0460fa80f535
6659,train,run11|0fe84cc4e8f180ef29b91b47
6660,test,run11|e0338d09dbd63a7d978c2700
6661,train,run11|eae09678fe58a57302d69290
6662,val,run11|1f4556446721ebf3c7f3f92e
6663,test,run11|3a18572146f6d7fd5539ddae
6664,train,run11|cc068bc5420fc3bbdce8a5bf
6665,val,run11|67592ac2f6b5eb7600bf7b1a
6666,test,run11|d93ebefbbc66fc1707d074b7
6667,train,run11|ebf56c41dc1f7b7d1076d251
6668,train,run11|8e4247940c4cdadf08bc09b0
6669,val,run11|962ded5aa65884cc2f6c915c
6670,test,run11|fc0b9a95846099c25a4621d9
6671,train,run11|08a111714a865dd981fd715d
6672,val,run11|cd7577a0732438f62a2b28f3
6673,train,run11|d1d7db66c68bcf42fe6a4214
6674,val,run11|0c205a893b3f2bcfea512d59
6675,val,run11|8f4557cf367a800b42914e03
6676,test,run11|8bcbd98d47c6c8376bdb0ea3
6677,train,run11|b8b2ee50da9cd5c5433965f2
6678,train,run11|d00aab6248dd11b453d4efaa
6679,train,run11|b3362ef03931cb112c642b40
6680,train,run11|4f090c54f53e26d57ac5aa44
6681,train,run11|3ed8a15f72e7f909c4e1de34
6682,test,run11|f26332bf4967806dccf5ff94
6683,train,run11|f13211322ae6b2d43f4b19d4
6684,test,run11|3bb39a02e533172801b15939
6685,test,run11|e1e5748bce220d3daecf506b
6686,train,run11|1e9a1e95ca8be91a879e8535
6687,train,run11|98d04370b20b3d41d08b5474
6688,test,run11|6198c238de5ec708afaaa20d
6689,train,run11|a26dc221cff70e99b36af608
6690,train,run11|eafc8827d0bff00a9eb42f92
6691,test,run11|99d4e4abc17867addd219e6d
6692,train,run11|5cf88c4f2096ab7eb2bd0ed4
6693,val,run11|19ec93e5fd0f3b282468bd3d
6694,train,run11|b621cd5cd6e1eca757b66847
6695,train,run11|a94c112447b2ed29e42cdf6f
6696,train,run11|3e284c920d2be6777f6d8570
6697,train,run11|c9741508787e09723c0fd7e4
6698,train,run11|2e8bc52c3032bf922d74ab52
6699,train,run11|58743a7deaf0f2baf7da69e8
6700,train,run11|51a048751f11958a8638ba89
6701,test,run11|f455795aaece6562f210b833
6702,train,run11|d464d83a5c5b8f77db5461b1
6703,test,run11|64cd79f349dcfa62c5581aea
6704,val,run11|ccca31bb67fe35162747cc2d
6705,val,run11|a16c6cf4d2bb47847a7c9911
6706,train,run11|ab0d87233efa497c7499f594
6707,train,run11|ac82dc49aa8346ad57364a26
6708,train,run11|a0265c23b22449be46e0a97f
6709,train,run11|e666f948bc5572199a717448
6710,val,run11|acc523a25520fe3b25191441
6711,test,run11|56116d381433e02a41468a25
6712,test,run11|dc6ff5bdc9b26ea13d108ded
6713,test,run11|4e2805a95848fcdf1f3cfaf0
6714,train,run11|6a3131e47376adc2b6c20d8c
6715,test,run11|b9897783dc17852f0ce84e51
6716,test,run11|97e497bcf74f5621ca1890fb
6717,val,run11|54314966e1c4aa0ca49bbd59
6718,test,run11|e2e261419bd86d1742b3fa66
6719,test,run11|74f6e4e607e26044a1230ecd
6720,test,run11|a46b1326b1fbc900c00151a0
6721,val,run11|68540216c85f0460fa80f535
6722,train,run11|0fe84cc4e8f180ef29b91b47
6723,test,run11|e0338d09dbd63a7d978c2700
6724,train,run11|eae09678fe58a57302d69290
6725,val,run11|1f4556446721ebf3c7f3f92e
6726,test,run11|3a18572146f6d7fd5539ddae
6727,train,run11|cc068bc5420fc3bbdce8a5bf
6728,val,run11|67592ac2f6b5eb7600bf7b1a
6729,test,run11|d93ebefbbc66fc1707d074b7
6730,train,run11|ebf56c41dc1f7b7d1076d251
6731,train,run11|8e4247940c4cdadf08bc09b0
6732,val,run11|962ded5aa65884cc2f6c915c
6733,test,run11|fc0b9a95846099c25a4621d9
6734,train,run11|08a111714a865dd981fd715d
6735,val,run11|cd7577a0732438f62a2b28f3
6736,train,run11|d1d7db66c68bcf42fe6a4214
6737,val,run11|0c205a893b3f2bcfea512d59
6738,val,run11|8f4557cf367a800b42914e03
6739,test,run11|8bcbd98d47c6c8376bdb0ea3
6740,train,run11|b8b2ee50da9cd5c5433965f2
6741,train,run11|d00aab6248dd11b453d4efaa
6742,train,run11|b3362ef03931cb112c642b40
6743,train,run11|4f090c54f53e26d57ac5aa44
6744,train,run11|3ed8a15f72e7f909c4e1de34
6745,test,run11|f26332bf4967806dccf5ff94
6746,train,run11|f13211322ae6b2d43f4b19d4
6747,test,run11|3bb39a02e533172801b15939
6748,test,run11|e1e5748bce220d3daecf506b
6749,train,run11|1e9a1e95ca8be91a879e8535
6750,train,run11|98d04370b20b3d41d08b5474
6751,test,run11|6198c238de5ec708afaaa20d
6752,train,run11|a26dc221cff70e99b36af608
6753,train,run11|eafc8827d0bff00a9eb42f92
6754,test,run11|99d4e4abc17867addd219e6d
6755,train,run11|5cf88c4f2096ab7eb2bd0ed4
6756,val,run11|19ec93e5fd0f3b282468bd3d
6757,train,run11|b621cd5cd6e1eca757b66847
6758,train,run11|a94c112447b2ed29e42cdf6f
6759,train,run11|3e284c920d2be6777f6d8570
6760,train,run11|c9741508787e09723c0fd7e4
6761,train,run11|2e8bc52c3032bf922d74ab52
6762,train,run11|58743a7deaf0f2baf7da69e8
6763,train,run11|51a048751f11958a8638ba89
6764,test,run11|f455795aaece6562f210b833
6765,train,run11|d464d83a5c5b8f77db5461b1
6766,test,run11|64cd79f349dcfa62c5581aea
6767,val,run11|ccca31bb67fe35162747cc2d
6768,val,run11|a16c6cf4d2bb47847a7c9911
6769,train,run11|ab0d87233efa497c7499f594
6770,train,run11|ac82dc49aa8346ad57364a26
6771,train,run11|a0265c23b22449be46e0a97f
6772,train,run11|e666f948bc5572199a717448
6773,val,run11|acc523a25520fe3b25191441
6774,test,run11|56116d381433e02a41468a25
6775,test,run11|dc6ff5bdc9b26ea13d108ded
6776,test,run11|4e2805a95848fcdf1f3cfaf0
6777,train,run11|6a3131e47376adc2b6c20d8c
6778,test,run11|b9897783dc17852f0ce84e51
6779,test,run11|97e497bcf74f5621ca1890fb
6780,val,run11|54314966e1c4aa0ca49bbd59
6781,test,run11|e2e261419bd86d1742b3fa66
6782,test,run11|74f6e4e607e26044a1230ecd
6783,test,run11|a46b1326b1fbc900c00151a0
6784,val,run11|68540216c85f0460fa80f535
6785,train,run11|0fe84cc4e8f180ef29b91b47
6786,test,run11|e0338d09dbd63a7d978c2700
6787,train,run11|eae09678fe58a57302d69290
6788,val,run11|1f4556446721ebf3c7f3f92e
6789,test,run11|3a18572146f6d7fd5539ddae
6790,train,run11|cc068bc5420fc3bbdce8a5bf
6791,val,run11|67592ac2f6b5eb7600bf7b1a
6792,test,run11|d93ebefbbc66fc1707d074b7
6793,train,run11|ebf56c41dc1f7b7d1076d251
6794,train,run11|8e4247940c4cdadf08bc09b0
6795,val,run11|962ded5aa65884cc2f6c915c
6796,test,run11|fc0b9a95846099c25a4621d9
6797,train,run11|08a111714a865dd981fd715d
6798,val,run11|cd7577a0732438f62a2b28f3
6799,train,run11|d1d7db66c68bcf42fe6a4214
6800,val,run11|0c205a893b3f2bcfea512d59
6801,val,run11|8f4557cf367a800b42914e03
6802,test,run11|8bcbd98d47c6c8376bdb0ea3
6803,train,run11|b8b2ee50da9cd5c5433965f2
6804,train,run11|d00aab6248dd11b453d4efaa
6805,train,run11|b3362ef03931cb112c642b40
6806,train,run11|4f090c54f53e26d57ac5aa44
6807,train,run11|3ed8a15f72e7f909c4e1de34
6808,test,run11|f26332bf4967806dccf5ff94
6809,train,run11|f13211322ae6b2d43f4b19d4
6810,test,run11|3bb39a02e533172801b15939
6811,test,run11|e1e5748bce220d3daecf506b
6812,train,run11|1e9a1e95ca8be91a879e8535
6813,train,run11|98d04370b20b3d41d08b5474
6814,test,run11|6198c238de5ec708afaaa20d
6815,train,run11|a26dc221cff70e99b36af608
6816,train,run11|eafc8827d0bff00a9eb42f92
6817,test,run11|99d4e4abc17867addd219e6d
6818,train,run11|5cf88c4f2096ab7eb2bd0ed4
6819,val,run11|19ec93e5fd0f3b282468bd3d
6820,train,run11|b621cd5cd6e1eca757b66847
6821,train,run11|a94c112447b2ed29e42cdf6f
6822,train,run11|3e284c920d2be6777f6d8570
6823,train,run11|c9741508787e09723c0fd7e4
6824,train,run11|2e8bc52c3032bf922d74ab52
6825,train,run11|58743a7deaf0f2baf7da69e8
6826,train,run11|51a048751f11958a8638ba89
6827,test,run11|f455795aaece6562f210b833
6828,train,run11|d464d83a5c5b8f77db5461b1
6829,test,run11|64cd79f349dcfa62c5581aea
6830,val,run11|ccca31bb67fe35162747cc2d
6831,val,run11|a16c6cf4d2bb47847a7c9911
6832,train,run11|ab0d87233efa497c7499f594
6833,train,run11|ac82dc49aa8346ad57364a26
6834,train,run11|a0265c23b22449be46e0a97f
6835,train,run11|e666f948bc5572199a717448
6836,val,run11|acc523a25520fe3b25191441
6837,test,run11|56116d381433e02a41468a25
6838,test,run11|dc6ff5bdc9b26ea13d108ded
6839,test,run11|4e2805a95848fcdf1f3cfaf0
6840,train,run11|6a3131e47376adc2b6c20d8c
6841,test,run11|b9897783dc17852f0ce84e51
6842,test,run11|97e497bcf74f5621ca1890fb
6843,val,run11|54314966e1c4aa0ca49bbd59
6844,test,run11|e2e261419bd86d1742b3fa66
6845,test,run11|74f6e4e607e26044a1230ecd
6846,test,run11|a46b1326b1fbc900c00151a0
6847,val,run11|68540216c85f0460fa80f535
6848,train,run11|0fe84cc4e8f180ef29b91b47
6849,test,run11|e0338d09dbd63a7d978c2700
6850,train,run11|eae09678fe58a57302d69290
6851,val,run11|1f4556446721ebf3c7f3f92e
6852,test,run11|3a18572146f6d7fd5539ddae
6853,train,run11|cc068bc5420fc3bbdce8a5bf
6854,val,run11|67592ac2f6b5eb7600bf7b1a
6855,test,run11|d93ebefbbc66fc1707d074b7
6856,train,run11|ebf56c41dc1f7b7d1076d251
6857,train,run11|8e4247940c4cdadf08bc09b0
6858,val,run11|962ded5aa65884cc2f6c915c
6859,test,run11|fc0b9a95846099c25a4621d9
6860,train,run11|08a111714a865dd981fd715d
6861,val,run11|cd7577a0732438f62a2b28f3
6862,train,run11|d1d7db66c68bcf42fe6a4214
6863,val,run11|0c205a893b3f2bcfea512d59
6864,val,run11|8f4557cf367a800b42914e03
6865,test,run11|8bcbd98d47c6c8376bdb0ea3
6866,train,run11|b8b2ee50da9cd5c5433965f2
6867,train,run11|d00aab6248dd11b453d4efaa
6868,train,run11|b3362ef03931cb112c642b40
6869,train,run11|4f090c54f53e26d57ac5aa44
6870,train,run11|3ed8a15f72e7f909c4e1de34
6871,test,run11|f26332bf4967806dccf5ff94
6872,train,run11|f13211322ae6b2d43f4b19d4
6873,test,run11|3bb39a02e533172801b15939
6874,test,run11|e1e5748bce220d3daecf506b
6875,train,run11|1e9a1e95ca8be91a879e8535
6876,train,run11|98d04370b20b3d41d08b5474
6877,test,run11|6198c238de5ec708afaaa20d
6878,train,run11|a26dc221cff70e99b36af608
6879,train,run11|eafc8827d0bff00a9eb42f92
6880,test,run11|99d4e4abc17867addd219e6d
6881,train,run11|5cf88c4f2096ab7eb2bd0ed4
6882,val,run11|19ec93e5fd0f3b282468bd3d
6883,train,run11|b621cd5cd6e1eca757b66847
6884,train,run11|a94c112447b2ed29e42cdf6f
6885,train,run11|3e284c920d2be6777f6d8570
6886,train,run11|c9741508787e09723c0fd7e4
6887,train,run11|2e8bc52c3032bf922d74ab52
6888,train,run11|58743a7deaf0f2baf7da69e8
6889,train,run11|51a048751f11958a8638ba89
6890,test,run11|f455795aaece6562f210b833
6891,train,run11|d464d83a5c5b8f77db5461b1
6892,test,run11|64cd79f349dcfa62c5581aea
6893,val,run11|ccca31bb67fe35162747cc2d
6894,val,run11|a16c6cf4d2bb47847a7c9911
6895,train,run11|ab0d87233efa497c7499f594
6896,train,run11|ac82dc49aa8346ad57364a26
6897,train,run11|a0265c23b22449be46e0a97f
6898,train,run11|e666f948bc5572199a717448
6899,val,run11|acc523a25520fe3b25191441
6900,test,run11|56116d381433e02a41468a25
6901,test,run11|dc6ff5bdc9b26ea13d108ded
6902,test,run11|4e2805a95848fcdf1f3cfaf0
6903,train,run11|6a3131e47376adc2b6c20d8c
6904,test,run11|b9897783dc17852f0ce84e51
6905,test,run11|97e497bcf74f5621ca1890fb
6906,val,run11|54314966e1c4aa0ca49bbd59
6907,test,run11|e2e261419bd86d1742b3fa66
6908,test,run11|74f6e4e607e26044a1230ecd
6909,test,run11|a46b1326b1fbc900c00151a0
6910,val,run11|68540216c85f0460fa80f535
6911,train,run11|0fe84cc4e8f180ef29b91b47
6912,test,run11|e0338d09dbd63a7d978c2700
6913,train,run11|eae09678fe58a57302d69290
6914,val,run11|1f4556446721ebf3c7f3f92e
6915,test,run11|3a18572146f6d7fd5539ddae
6916,train,run11|cc068bc5420fc3bbdce8a5bf
6917,val,run11|67592ac2f6b5eb7600bf7b1a
6918,test,run11|d93ebefbbc66fc1707d074b7
6919,train,run11|ebf56c41dc1f7b7d1076d251
6920,train,run11|8e4247940c4cdadf08bc09b0
6921,val,run11|962ded5aa65884cc2f6c915c
6922,test,run11|fc0b9a95846099c25a4621d9
6923,train,run11|08a111714a865dd981fd715d
6924,val,run11|cd7577a0732438f62a2b28f3
6925,train,run11|d1d7db66c68bcf42fe6a4214
6926,val,run11|0c205a893b3f2bcfea512d59
6927,val,run11|8f4557cf367a800b42914e03
6928,test,run11|8bcbd98d47c6c8376bdb0ea3
6929,train,run11|b8b2ee50da9cd5c5433965f2
6930,train,run11|d00aab6248dd11b453d4efaa
6931,train,run11|b3362ef03931cb112c642b40
6932,train,run11|4f090c54f53e26d57ac5aa44
6933,train,run11|3ed8a15f72e7f909c4e1de34
6934,test,run11|f26332bf4967806dccf5ff94
6935,train,run11|f13211322ae6b2d43f4b19d4
6936,test,run11|3bb39a02e533172801b15939
6937,test,run11|e1e5748bce220d3daecf506b
6938,train,run11|1e9a1e95ca8be91a879e8535
6939,train,run11|98d04370b20b3d41d08b5474
6940,test,run11|6198c238de5ec708afaaa20d
6941,train,run11|a26dc221cff70e99b36af608
6942,train,run11|eafc8827d0bff00a9eb42f92
6943,test,run11|99d4e4abc17867addd219e6d
6944,train,run11|5cf88c4f2096ab7eb2bd0ed4
6945,val,run11|19ec93e5fd0f3b282468bd3d
6946,train,run11|b621cd5cd6e1eca757b66847
6947,train,run11|a94c112447b2ed29e42cdf6f
6948,train,run11|3e284c920d2be6777f6d8570
6949,train,run11|c9741508787e09723c0fd7e4
6950,train,run11|2e8bc52c3032bf922d74ab52
6951,train,run11|58743a7deaf0f2baf7da69e8
6952,train,run11|51a048751f11958a8638ba89
6953,test,run11|f455795aaece6562f210b833
6954,train,run11|d464d83a5c5b8f77db5461b1
6955,test,run11|64cd79f349dcfa62c5581aea
6956,val,run11|ccca31bb67fe35162747cc2d
6957,val,run11|a16c6cf4d2bb47847a7c9911
6958,train,run11|ab0d87233efa497c7499f594
6959,train,run11|ac82dc49aa8346ad57364a26
6960,train,run11|a0265c23b22449be46e0a97f
6961,train,run11|e666f948bc5572199a717448
6962,val,run11|acc523a25520fe3b25191441
6963,test,run11|56116d381433e02a41468a25
6964,test,run11|dc6ff5bdc9b26ea13d108ded
6965,test,run11|4e2805a95848fcdf1f3cfaf0
6966,train,run11|6a3131e47376adc2b6c20d8c
6967,test,run11|b9897783dc17852f0ce84e51
6968,test,run11|97e497bcf74f5621ca1890fb
6969,val,run11|54314966e1c4aa0ca49bbd59
6970,test,run11|e2e261419bd86d1742b3fa66
6971,test,run11|74f6e4e607e26044a1230ecd
6972,test,run11|a46b1326b1fbc900c00151a0
6973,val,run11|68540216c85f0460fa80f535
6974,train,run11|0fe84cc4e8f180ef29b91b47
6975,test,run11|e0338d09dbd63a7d978c2700
6976,train,run11|eae09678fe58a57302d69290
6977,val,run11|1f4556446721ebf3c7f3f92e
6978,test,run11|3a18572146f6d7fd5539ddae
6979,train,run11|cc068bc5420fc3bbdce8a5bf
6980,val,run11|67592ac2f6b5eb7600bf7b1a
6981,test,run11|d93ebefbbc66fc1707d074b7
6982,train,run11|ebf56c41dc1f7b7d1076d251
6983,train,run11|8e4247940c4cdadf08bc09b0
6984,val,run11|962ded5aa65884cc2f6c915c
6985,test,run11|fc0b9a95846099c25a4621d9
6986,train,run11|08a111714a865dd981fd715d
6987,val,run11|cd7577a0732438f62a2b28f3
6988,train,run11|d1d7db66c68bcf42fe6a4214
6989,val,run11|0c205a893b3f2bcfea512d59
6990,val,run11|8f4557cf367a800b42914e03
6991,test,run11|8bcbd98d47c6c8376bdb0ea3
6992,train,run11|b8b2ee50da9cd5c5433965f2
6993,train,run11|d00aab6248dd11b453d4efaa
6994,train,run11|b3362ef03931cb112c642b40
6995,train,run11|4f090c54f53e26d57ac5aa44
6996,train,run11|3ed8a15f72e7f909c4e1de34
6997,test,run11|f26332bf4967806dccf5ff94
6998,train,run11|f13211322ae6b2d43f4b19d4
6999,test,run11|3bb39a02e533172801b15939
7000,test,run11|e1e5748bce220d3daecf506b
7001,train,run11|1e9a1e95ca8be91a879e8535
7002,train,run11|98d04370b20b3d41d08b5474
7003,test,run11|6198c238de5ec708afaaa20d
7004,train,run11|a26dc221cff70e99b36af608
7005,train,run11|eafc8827d0bff00a9eb42f92
7006,test,run11|99d4e4abc17867addd219e6d
7007,train,run11|5cf88c4f2096ab7eb2bd0ed4
7008,val,run11|19ec93e5fd0f3b282468bd3d
7009,train,run11|b621cd5cd6e1eca757b66847
7010,train,run11|a94c112447b2ed29e42cdf6f
7011,train,run11|3e284c920d2be6777f6d8570
7012,train,run11|c9741508787e09723c0fd7e4
7013,train,run11|2e8bc52c3032bf922d74ab52
7014,train,run11|58743a7deaf0f2baf7da69e8
7015,train,run11|51a048751f11958a8638ba89
7016,test,run11|f455795aaece6562f210b833
7017,train,run11|c1923f30060f99978f37c6f5
7018,test,run11|e393b1758bc32d73fc2f0978
7019,train,run11|8e49cd171294c8be60b2ae26
7020,train,run11|7bb6457a8c586665d25897e9
7021,train,run11|d464d83a5c5b8f77db5461b1
7022,test,run11|64cd79f349dcfa62c5581aea
7023,val,run11|ccca31bb67fe35162747cc2d
7024,val,run11|a16c6cf4d2bb47847a7c9911
7025,train,run11|ab0d87233efa497c7499f594
7026,train,run11|ac82dc49aa8346ad57364a26
7027,train,run11|a0265c23b22449be46e0a97f
7028,train,run11|e666f948bc5572199a717448
7029,val,run11|acc523a25520fe3b25191441
7030,test,run11|56116d381433e02a41468a25
7031,test,run11|dc6ff5bdc9b26ea13d108ded
7032,test,run11|4e2805a95848fcdf1f3cfaf0
7033,train,run11|6a3131e47376adc2b6c20d8c
7034,test,run11|b9897783dc17852f0ce84e51
7035,test,run11|97e497bcf74f5621ca1890fb
7036,val,run11|54314966e1c4aa0ca49bbd59
7037,test,run11|e2e261419bd86d1742b3fa66
7038,test,run11|74f6e4e607e26044a1230ecd
7039,test,run11|a46b1326b1fbc900c00151a0
7040,val,run11|68540216c85f0460fa80f535
7041,train,run11|0fe84cc4e8f180ef29b91b47
7042,test,run11|e0338d09dbd63a7d978c2700
7043,train,run11|eae09678fe58a57302d69290
7044,val,run11|1f4556446721ebf3c7f3f92e
7045,test,run11|3a18572146f6d7fd5539ddae
7046,train,run11|cc068bc5420fc3bbdce8a5bf
7047,val,run11|67592ac2f6b5eb7600bf7b1a
7048,test,run11|d93ebefbbc66fc1707d074b7
7049,train,run11|ebf56c41dc1f7b7d1076d251
7050,train,run11|8e4247940c4cdadf08bc09b0
7051,val,run11|962ded5aa65884cc2f6c915c
7052,test,run11|fc0b9a95846099c25a4621d9
7053,train,run11|08a111714a865dd981fd715d
7054,val,run11|cd7577a0732438f62a2b28f3
7055,train,run11|d1d7db66c68bcf42fe6a4214
7056,val,run11|0c205a893b3f2bcfea512d59
7057,val,run11|8f4557cf367a800b42914e03
7058,test,run11|8bcbd98d47c6c8376bdb0ea3
7059,train,run11|b8b2ee50da9cd5c5433965f2
7060,train,run11|d00aab6248dd11b453d4efaa
7061,train,run11|b3362ef03931cb112c642b40
7062,train,run11|4f090c54f53e26d57ac5aa44
7063,train,run11|3ed8a15f72e7f909c4e1de34
7064,test,run11|f26332bf4967806dccf5ff94
7065,train,run11|f13211322ae6b2d43f4b19d4
7066,test,run11|3bb39a02e533172801b15939
7067,test,run11|e1e5748bce220d3daecf506b
7068,train,run11|1e9a1e95ca8be91a879e8535
7069,train,run11|98d04370b20b3d41d08b5474
7070,test,run11|6198c238de5ec708afaaa20d
7071,train,run11|a26dc221cff70e99b36af608
7072,train,run11|eafc8827d0bff00a9eb42f92
7073,test,run11|99d4e4abc17867addd219e6d
7074,train,run11|5cf88c4f2096ab7eb2bd0ed4
7075,val,run11|19ec93e5fd0f3b282468bd3d
7076,train,run11|b621cd5cd6e1eca757b66847
7077,train,run11|a94c112447b2ed29e42cdf6f
7078,train,run11|3e284c920d2be6777f6d8570
7079,train,run11|c9741508787e09723c0fd7e4
7080,train,run11|2e8bc52c3032bf922d74ab52
7081,train,run11|58743a7deaf0f2baf7da69e8
7082,train,run11|51a048751f11958a8638ba89
7083,test,run11|f455795aaece6562f210b833
7084,val,run11|48957a5eeb3566fa8ac6b228
7085,train,run11|f645dd240159cd5c95d68ef1
7086,train,run11|b65e40488019b04a30054756
7087,train,run11|d464d83a5c5b8f77db5461b1
7088,test,run11|64cd79f349dcfa62c5581aea
7089,val,run11|ccca31bb67fe35162747cc2d
7090,val,run11|a16c6cf4d2bb47847a7c9911
7091,train,run11|ab0d87233efa497c7499f594
7092,train,run11|ac82dc49aa8346ad57364a26
7093,train,run11|a0265c23b22449be46e0a97f
7094,train,run11|e666f948bc5572199a717448
7095,val,run11|acc523a25520fe3b25191441
7096,test,run11|56116d381433e02a41468a25
7097,test,run11|dc6ff5bdc9b26ea13d108ded
7098,test,run11|4e2805a95848fcdf1f3cfaf0
7099,train,run11|6a3131e47376adc2b6c20d8c
7100,test,run11|b9897783dc17852f0ce84e51
7101,test,run11|97e497bcf74f5621ca1890fb
7102,val,run11|54314966e1c4aa0ca49bbd59
7103,test,run11|e2e261419bd86d1742b3fa66
7104,test,run11|74f6e4e607e26044a1230ecd
7105,test,run11|a46b1326b1fbc900c00151a0
7106,val,run11|68540216c85f0460fa80f535
7107,train,run11|0fe84cc4e8f180ef29b91b47
7108,test,run11|e0338d09dbd63a7d978c2700
7109,train,run11|eae09678fe58a57302d69290
7110,val,run11|1f4556446721ebf3c7f3f92e
7111,test,run11|3a18572146f6d7fd5539ddae
7112,train,run11|cc068bc5420fc3bbdce8a5bf
7113,val,run11|67592ac2f6b5eb7600bf7b1a
7114,test,run11|d93ebefbbc66fc1707d074b7
7115,train,run11|ebf56c41dc1f7b7d1076d251
7116,train,run11|8e4247940c4cdadf08bc09b0
7117,val,run11|962ded5aa65884cc2f6c915c
7118,test,run11|fc0b9a95846099c25a4621d9
7119,train,run11|08a111714a865dd981fd715d
7120,val,run11|cd7577a0732438f62a2b28f3
7121,train,run11|d1d7db66c68bcf42fe6a4214
7122,val,run11|0c205a893b3f2bcfea512d59
7123,val,run11|8f4557cf367a800b42914e03
7124,test,run11|8bcbd98d47c6c8376bdb0ea3
7125,train,run11|b8b2ee50da9cd5c5433965f2
7126,train,run11|d00aab6248dd11b453d4efaa
7127,train,run11|b3362ef03931cb112c642b40
7128,train,run11|4f090c54f53e26d57ac5aa44
7129,train,run11|3ed8a15f72e7f909c4e1de34
7130,test,run11|f26332bf4967806dccf5ff94
7131,train,run11|f13211322ae6b2d43f4b19d4
7132,test,run11|3bb39a02e533172801b15939
7133,test,run11|e1e5748bce220d3daecf506b
7134,train,run11|1e9a1e95ca8be91a879e8535
7135,train,run11|98d04370b20b3d41d08b5474
7136,train,run11|a26dc221cff70e99b36af608
7137,train,run11|eafc8827d0bff00a9eb42f92
7138,val,run11|19ec93e5fd0f3b282468bd3d
7139,train,run11|b621cd5cd6e1eca757b66847
7140,train,run11|a94c112447b2ed29e42cdf6f
7141,train,run11|3e284c920d2be6777f6d8570
7142,train,run11|c9741508787e09723c0fd7e4
7143,train,run11|2e8bc52c3032bf922d74ab52
7144,train,run11|58743a7deaf0f2baf7da69e8
7145,train,run11|51a048751f11958a8638ba89
7146,test,run11|f455795aaece6562f210b833
7147,train,run11|2a61dc4c5777ddc2dc10bdae
7148,train,run12|bda2f74b5ff887ba98983cb9
7149,test,run12|e7c72652758abddcf81b7aa3
7150,train,run12|951bf2bd4f55914f5dfc2196
7151,train,run12|a8a208a826f3563e7162688f
7152,val,run12|7d92a9e23c760c31fd2427da
7153,train,run12|d1b4269eb7e808077f232878
7154,train,run12|dc859a923bdc70c7cd850a83
7155,val,run12|0944db5264c16959171500fa
7156,train,run12|ce31aca8bbbdb1305adccc8a
7157,test,run12|58e99d733ee928b0778fed23
7158,test,run12|c6d78e0fbf9f162056e2a215
7159,test,run12|3156128096f723f965067987
7160,test,run12|488b78dd3783e58ccbcd77cf
7161,test,run12|eec6e34264271ab9aa4cd7d5
7162,val,run12|ab02c67d11ae74968132d4f5
7163,val,run12|dd0b283cee11c7e0cb877f84
7164,test,run12|5bf4ce1b6a74d01feb7aa9d3
7165,test,run12|30bf1f86404583667fc28a66
7166,train,run12|3817912647bde483d7d5d7df
7167,train,run12|02c1e04ef222d35038bc2871
7168,train,run12|4643977deff8c9cf7206b473
7169,val,run12|70ef2eb997494a5e6473936f
7170,test,run12|250f4b1b720d563ae71563b1
7171,train,run12|6088e30efcd24bcb42fb4155
7172,val,run12|bb9e2d51e0fd9c562dd09011
7173,val,run12|a7f047ca6fe068077450820a
7174,train,run12|66064150db4dfd7e76ccd14e
7175,val,run12|9c86e2d45bffea2947c1e818
7176,train,run12|0ffec7aa7cb62cdc22e16720
7177,train,run12|a379c03f55eab21026876b9f
7178,train,run12|5e0045ee1ebd5d1195ff5b8a
7179,val,run12|e47ca2b6e845dd29ac39dbf1
7180,train,run12|00290a68381f767228a608ec
7181,train,run12|9f77fd6bf411dd429c7e80d8
7182,train,run12|6da1e74be997442d92ac8195
7183,val,run12|9183d2893ab9a1cccfd13811
7184,train,run12|0c3c4a42e82d980761ee529b
7185,val,run12|6e11c9f90e0229386381eb84
7186,test,run12|de63a16fb5d8493397b56be0
7187,val,run12|35f51e8c5bead3abcd9e5cf1
7188,train,run12|1639111c938d80a1e5c4f0ac
7189,train,run12|e5d9e72c2ecc682122f64ca4
7190,train,run12|70c1d4fcec1c30feec669329
7191,test,run12|f31871eb6c111ba461ad97f5
7192,train,run12|04af8854cdbea044b29ec227
7193,val,run12|0635183d6d2a235bb77a2924
7194,val,run12|42f010e03a0261e3c0eb3587
7195,train,run12|54feac85b4590a602324e6cb
7196,test,run12|1bd6143e243a05680e1dbd64
7197,train,run12|59b3eda8414112ffb2b13af9
7198,train,run12|c39b7e1728a49a9f4f8cdc9d
7199,train,run12|67fb97f50f8488e30320cf22
7200,test,run12|0083c14975c0597174d98a3b
7201,train,run12|ec043fc0e3f0b6eba046cc00
7202,val,run12|506ec31894ec827436d172b6
7203,val,run12|1bd4db8d2172b58e97dc1f61
7204,val,run12|152734a33afc3374e9b48367
7205,train,run12|090ee80272f85f852dcf9ae4
7206,train,run12|7ed93c73fdea3f1205c6e91b
7207,train,run12|38e77e8637e252e0bac5209b
7208,train,run12|1de9e300e444317ec4645921
7209,val,run12|193b4dd26cb1181c15f8c2b6
7210,train,run12|254a3c66f7b9a5d6623bbd59
7211,train,run12|23edfbca47552fa9bf054da1
7212,train,run12|aef1e29388250a4ef2899fea
7213,train,run12|293d9301dffcc377310fdbd0
7214,train,run12|a313bf9f6326831050b0d0b0
7215,train,run12|6fff2703b0aa055b41e7da37
7216,train,run12|643402a4fa6f53590ca58aad
7217,test,run12|5a6dd4f259f836761adc910a
7218,train,run12|5218b9fef7c265086c830e9c
7219,train,run12|03fe843d1e24285fe6410b6b
7220,test,run12|8d07ec8f2815bd56422148c6
7221,test,run12|a0b4501f68bb9d879609c9e7
7222,train,run12|29ebbae4de1cff6e46705ce1
7223,train,run12|1c433228bf80055884cfcee9
7224,val,run12|0c3706ac20c179dae525f17b
7225,train,run12|4ec89f24bea561b1ec87eb89
7226,train,run12|90a3964990311afade82df9a
7227,train,run12|bda2f74b5ff887ba98983cb9
7228,test,run12|e7c72652758abddcf81b7aa3
7229,train,run12|951bf2bd4f55914f5dfc2196
7230,train,run12|a8a208a826f3563e7162688f
7231,val,run12|7d92a9e23c760c31fd2427da
7232,train,run12|d1b4269eb7e808077f232878
7233,train,run12|dc859a923bdc70c7cd850a83
7234,val,run12|0944db5264c16959171500fa
7235,train,run12|ce31aca8bbbdb1305adccc8a
7236,test,run12|58e99d733ee928b0778fed23
7237,test,run12|c6d78e0fbf9f162056e2a215
7238,test,run12|3156128096f723f965067987
7239,test,run12|488b78dd3783e58ccbcd77cf
7240,test,run12|eec6e34264271ab9aa4cd7d5
7241,val,run12|ab02c67d11ae74968132d4f5
7242,val,run12|dd0b283cee11c7e0cb877f84
7243,test,run12|5bf4ce1b6a74d01feb7aa9d3
7244,test,run12|30bf1f86404583667fc28a66
7245,train,run12|3817912647bde483d7d5d7df
7246,train,run12|02c1e04ef222d35038bc2871
7247,train,run12|4643977deff8c9cf7206b473
7248,val,run12|70ef2eb997494a5e6473936f
7249,test,run12|250f4b1b720d563ae71563b1
7250,train,run12|6088e30efcd24bcb42fb4155
7251,val,run12|bb9e2d51e0fd9c562dd09011
7252,val,run12|a7f047ca6fe068077450820a
7253,train,run12|66064150db4dfd7e76ccd14e
7254,val,run12|9c86e2d45bffea2947c1e818
7255,train,run12|0ffec7aa7cb62cdc22e16720
7256,train,run12|a379c03f55eab21026876b9f
7257,train,run12|5e0045ee1ebd5d1195ff5b8a
7258,val,run12|e47ca2b6e845dd29ac39dbf1
7259,train,run12|00290a68381f767228a608ec
7260,train,run12|9f77fd6bf411dd429c7e80d8
7261,train,run12|6da1e74be997442d92ac8195
7262,val,run12|9183d2893ab9a1cccfd13811
7263,train,run12|0c3c4a42e82d980761ee529b
7264,val,run12|6e11c9f90e0229386381eb84
7265,test,run12|de63a16fb5d8493397b56be0
7266,val,run12|35f51e8c5bead3abcd9e5cf1
7267,train,run12|1639111c938d80a1e5c4f0ac
7268,train,run12|e5d9e72c2ecc682122f64ca4
7269,train,run12|70c1d4fcec1c30feec669329
7270,test,run12|f31871eb6c111ba461ad97f5
7271,train,run12|04af8854cdbea044b29ec227
7272,val,run12|0635183d6d2a235bb77a2924
7273,val,run12|42f010e03a0261e3c0eb3587
7274,train,run12|54feac85b4590a602324e6cb
7275,test,run12|1bd6143e243a05680e1dbd64
7276,train,run12|59b3eda8414112ffb2b13af9
7277,train,run12|c39b7e1728a49a9f4f8cdc9d
7278,train,run12|67fb97f50f8488e30320cf22
7279,test,run12|0083c14975c0597174d98a3b
7280,train,run12|ec043fc0e3f0b6eba046cc00
7281,val,run12|506ec31894ec827436d172b6
7282,val,run12|1bd4db8d2172b58e97dc1f61
7283,val,run12|152734a33afc3374e9b48367
7284,train,run12|090ee80272f85f852dcf9ae4
7285,train,run12|7ed93c73fdea3f1205c6e91b
7286,train,run12|38e77e8637e252e0bac5209b
7287,train,run12|1de9e300e444317ec4645921
7288,val,run12|193b4dd26cb1181c15f8c2b6
7289,train,run12|254a3c66f7b9a5d6623bbd59
7290,train,run12|bda2f74b5ff887ba98983cb9
7291,test,run12|e7c72652758abddcf81b7aa3
7292,train,run12|951bf2bd4f55914f5dfc2196
7293,train,run12|a8a208a826f3563e7162688f
7294,val,run12|7d92a9e23c760c31fd2427da
7295,train,run12|d1b4269eb7e808077f232878
7296,train,run12|dc859a923bdc70c7cd850a83
7297,val,run12|0944db5264c16959171500fa
7298,train,run12|ce31aca8bbbdb1305adccc8a
7299,test,run12|58e99d733ee928b0778fed23
7300,test,run12|c6d78e0fbf9f162056e2a215
7301,test,run12|3156128096f723f965067987
7302,test,run12|488b78dd3783e58ccbcd77cf
7303,test,run12|eec6e34264271ab9aa4cd7d5
7304,val,run12|ab02c67d11ae74968132d4f5
7305,val,run12|dd0b283cee11c7e0cb877f84
7306,test,run12|5bf4ce1b6a74d01feb7aa9d3
7307,test,run12|30bf1f86404583667fc28a66
7308,train,run12|3817912647bde483d7d5d7df
7309,train,run12|02c1e04ef222d35038bc2871
7310,train,run12|4643977deff8c9cf7206b473
7311,val,run12|70ef2eb997494a5e6473936f
7312,test,run12|250f4b1b720d563ae71563b1
7313,train,run12|6088e30efcd24bcb42fb4155
7314,val,run12|bb9e2d51e0fd9c562dd09011
7315,val,run12|a7f047ca6fe068077450820a
7316,train,run12|66064150db4dfd7e76ccd14e
7317,val,run12|9c86e2d45bffea2947c1e818
7318,train,run12|0ffec7aa7cb62cdc22e16720
7319,train,run12|a379c03f55eab21026876b9f
7320,train,run12|5e0045ee1ebd5d1195ff5b8a
7321,val,run12|e47ca2b6e845dd29ac39dbf1
7322,train,run12|00290a68381f767228a608ec
7323,train,run12|9f77fd6bf411dd429c7e80d8
7324,train,run12|6da1e74be997442d92ac8195
7325,val,run12|9183d2893ab9a1cccfd13811
7326,train,run12|0c3c4a42e82d980761ee529b
7327,val,run12|6e11c9f90e0229386381eb84
7328,test,run12|de63a16fb5d8493397b56be0
7329,val,run12|35f51e8c5bead3abcd9e5cf1
7330,train,run12|1639111c938d80a1e5c4f0ac
7331,train,run12|e5d9e72c2ecc682122f64ca4
7332,train,run12|70c1d4fcec1c30feec669329
7333,test,run12|f31871eb6c111ba461ad97f5
7334,train,run12|04af8854cdbea044b29ec227
7335,val,run12|0635183d6d2a235bb77a2924
7336,val,run12|42f010e03a0261e3c0eb3587
7337,train,run12|54feac85b4590a602324e6cb
7338,test,run12|1bd6143e243a05680e1dbd64
7339,train,run12|59b3eda8414112ffb2b13af9
7340,train,run12|c39b7e1728a49a9f4f8cdc9d
7341,train,run12|67fb97f50f8488e30320cf22
7342,test,run12|0083c14975c0597174d98a3b
7343,train,run12|ec043fc0e3f0b6eba046cc00
7344,val,run12|506ec31894ec827436d172b6
7345,val,run12|1bd4db8d2172b58e97dc1f61
7346,val,run12|152734a33afc3374e9b48367
7347,train,run12|090ee80272f85f852dcf9ae4
7348,train,run12|7ed93c73fdea3f1205c6e91b
7349,train,run12|38e77e8637e252e0bac5209b
7350,train,run12|1de9e300e444317ec4645921
7351,val,run12|193b4dd26cb1181c15f8c2b6
7352,train,run12|254a3c66f7b9a5d6623bbd59
7353,train,run12|bda2f74b5ff887ba98983cb9
7354,test,run12|e7c72652758abddcf81b7aa3
7355,train,run12|951bf2bd4f55914f5dfc2196
7356,train,run12|a8a208a826f3563e7162688f
7357,val,run12|7d92a9e23c760c31fd2427da
7358,train,run12|d1b4269eb7e808077f232878
7359,train,run12|dc859a923bdc70c7cd850a83
7360,val,run12|0944db5264c16959171500fa
7361,train,run12|ce31aca8bbbdb1305adccc8a
7362,test,run12|58e99d733ee928b0778fed23
7363,test,run12|c6d78e0fbf9f162056e2a215
7364,test,run12|3156128096f723f965067987
7365,test,run12|488b78dd3783e58ccbcd77cf
7366,test,run12|eec6e34264271ab9aa4cd7d5
7367,val,run12|ab02c67d11ae74968132d4f5
7368,val,run12|dd0b283cee11c7e0cb877f84
7369,test,run12|5bf4ce1b6a74d01feb7aa9d3
7370,test,run12|30bf1f86404583667fc28a66
7371,train,run12|3817912647bde483d7d5d7df
7372,train,run12|02c1e04ef222d35038bc2871
7373,train,run12|4643977deff8c9cf7206b473
7374,val,run12|70ef2eb997494a5e6473936f
7375,test,run12|250f4b1b720d563ae71563b1
7376,train,run12|6088e30efcd24bcb42fb4155
7377,val,run12|bb9e2d51e0fd9c562dd09011
7378,val,run12|a7f047ca6fe068077450820a
7379,train,run12|66064150db4dfd7e76ccd14e
7380,val,run12|9c86e2d45bffea2947c1e818
7381,train,run12|0ffec7aa7cb62cdc22e16720
7382,train,run12|a379c03f55eab21026876b9f
7383,train,run12|5e0045ee1ebd5d1195ff5b8a
7384,val,run12|e47ca2b6e845dd29ac39dbf1
7385,train,run12|00290a68381f767228a608ec
7386,train,run12|9f77fd6bf411dd429c7e80d8
7387,train,run12|6da1e74be997442d92ac8195
7388,val,run12|9183d2893ab9a1cccfd13811
7389,train,run12|0c3c4a42e82d980761ee529b
7390,val,run12|6e11c9f90e0229386381eb84
7391,test,run12|de63a16fb5d8493397b56be0
7392,val,run12|35f51e8c5bead3abcd9e5cf1
7393,train,run12|1639111c938d80a1e5c4f0ac
7394,train,run12|e5d9e72c2ecc682122f64ca4
7395,train,run12|70c1d4fcec1c30feec669329
7396,test,run12|f31871eb6c111ba461ad97f5
7397,train,run12|04af8854cdbea044b29ec227
7398,val,run12|0635183d6d2a235bb77a2924
7399,val,run12|42f010e03a0261e3c0eb3587
7400,train,run12|54feac85b4590a602324e6cb
7401,test,run12|1bd6143e243a05680e1dbd64
7402,train,run12|59b3eda8414112ffb2b13af9
7403,train,run12|c39b7e1728a49a9f4f8cdc9d
7404,train,run12|67fb97f50f8488e30320cf22
7405,test,run12|0083c14975c0597174d98a3b
7406,train,run12|ec043fc0e3f0b6eba046cc00
7407,val,run12|506ec31894ec827436d172b6
7408,val,run12|1bd4db8d2172b58e97dc1f61
7409,val,run12|152734a33afc3374e9b48367
7410,train,run12|090ee80272f85f852dcf9ae4
7411,train,run12|7ed93c73fdea3f1205c6e91b
7412,train,run12|38e77e8637e252e0bac5209b
7413,train,run12|1de9e300e444317ec4645921
7414,val,run12|193b4dd26cb1181c15f8c2b6
7415,train,run12|254a3c66f7b9a5d6623bbd59
7416,train,run12|bda2f74b5ff887ba98983cb9
7417,test,run12|e7c72652758abddcf81b7aa3
7418,train,run12|951bf2bd4f55914f5dfc2196
7419,train,run12|a8a208a826f3563e7162688f
7420,val,run12|7d92a9e23c760c31fd2427da
7421,train,run12|d1b4269eb7e808077f232878
7422,train,run12|dc859a923bdc70c7cd850a83
7423,val,run12|0944db5264c16959171500fa
7424,train,run12|ce31aca8bbbdb1305adccc8a
7425,test,run12|58e99d733ee928b0778fed23
7426,test,run12|c6d78e0fbf9f162056e2a215
7427,test,run12|3156128096f723f965067987
7428,test,run12|488b78dd3783e58ccbcd77cf
7429,test,run12|eec6e34264271ab9aa4cd7d5
7430,val,run12|ab02c67d11ae74968132d4f5
7431,val,run12|dd0b283cee11c7e0cb877f84
7432,test,run12|5bf4ce1b6a74d01feb7aa9d3
7433,test,run12|30bf1f86404583667fc28a66
7434,train,run12|3817912647bde483d7d5d7df
7435,train,run12|02c1e04ef222d35038bc2871
7436,train,run12|4643977deff8c9cf7206b473
7437,val,run12|70ef2eb997494a5e6473936f
7438,test,run12|250f4b1b720d563ae71563b1
7439,train,run12|6088e30efcd24bcb42fb4155
7440,val,run12|bb9e2d51e0fd9c562dd09011
7441,val,run12|a7f047ca6fe068077450820a
7442,train,run12|66064150db4dfd7e76ccd14e
7443,val,run12|9c86e2d45bffea2947c1e818
7444,train,run12|0ffec7aa7cb62cdc22e16720
7445,train,run12|a379c03f55eab21026876b9f
7446,train,run12|5e0045ee1ebd5d1195ff5b8a
7447,val,run12|e47ca2b6e845dd29ac39dbf1
7448,train,run12|00290a68381f767228a608ec
7449,train,run12|9f77fd6bf411dd429c7e80d8
7450,train,run12|6da1e74be997442d92ac8195
7451,val,run12|9183d2893ab9a1cccfd13811
7452,train,run12|0c3c4a42e82d980761ee529b
7453,val,run12|6e11c9f90e0229386381eb84
7454,test,run12|de63a16fb5d8493397b56be0
7455,val,run12|35f51e8c5bead3abcd9e5cf1
7456,train,run12|1639111c938d80a1e5c4f0ac
7457,train,run12|e5d9e72c2ecc682122f64ca4
7458,train,run12|70c1d4fcec1c30feec669329
7459,test,run12|f31871eb6c111ba461ad97f5
7460,train,run12|04af8854cdbea044b29ec227
7461,val,run12|0635183d6d2a235bb77a2924
7462,val,run12|42f010e03a0261e3c0eb3587
7463,train,run12|54feac85b4590a602324e6cb
7464,test,run12|1bd6143e243a05680e1dbd64
7465,train,run12|59b3eda8414112ffb2b13af9
7466,train,run12|c39b7e1728a49a9f4f8cdc9d
7467,train,run12|67fb97f50f8488e30320cf22
7468,test,run12|0083c14975c0597174d98a3b
7469,train,run12|ec043fc0e3f0b6eba046cc00
7470,val,run12|506ec31894ec827436d172b6
7471,val,run12|1bd4db8d2172b58e97dc1f61
7472,val,run12|152734a33afc3374e9b48367
7473,train,run12|090ee80272f85f852dcf9ae4
7474,train,run12|7ed93c73fdea3f1205c6e91b
7475,train,run12|38e77e8637e252e0bac5209b
7476,train,run12|1de9e300e444317ec4645921
7477,val,run12|193b4dd26cb1181c15f8c2b6
7478,train,run12|254a3c66f7b9a5d6623bbd59
7479,train,run12|bda2f74b5ff887ba98983cb9
7480,test,run12|e7c72652758abddcf81b7aa3
7481,train,run12|951bf2bd4f55914f5dfc2196
7482,train,run12|a8a208a826f3563e7162688f
7483,val,run12|7d92a9e23c760c31fd2427da
7484,train,run12|d1b4269eb7e808077f232878
7485,train,run12|dc859a923bdc70c7cd850a83
7486,val,run12|0944db5264c16959171500fa
7487,train,run12|ce31aca8bbbdb1305adccc8a
7488,test,run12|58e99d733ee928b0778fed23
7489,test,run12|c6d78e0fbf9f162056e2a215
7490,test,run12|3156128096f723f965067987
7491,test,run12|488b78dd3783e58ccbcd77cf
7492,test,run12|eec6e34264271ab9aa4cd7d5
7493,val,run12|ab02c67d11ae74968132d4f5
7494,val,run12|dd0b283cee11c7e0cb877f84
7495,test,run12|5bf4ce1b6a74d01feb7aa9d3
7496,test,run12|30bf1f86404583667fc28a66
7497,train,run12|3817912647bde483d7d5d7df
7498,train,run12|02c1e04ef222d35038bc2871
7499,train,run12|4643977deff8c9cf7206b473
7500,val,run12|70ef2eb997494a5e6473936f
7501,test,run12|250f4b1b720d563ae71563b1
7502,train,run12|6088e30efcd24bcb42fb4155
7503,val,run12|bb9e2d51e0fd9c562dd09011
7504,val,run12|a7f047ca6fe068077450820a
7505,train,run12|66064150db4dfd7e76ccd14e
7506,val,run12|9c86e2d45bffea2947c1e818
7507,train,run12|0ffec7aa7cb62cdc22e16720
7508,train,run12|a379c03f55eab21026876b9f
7509,train,run12|5e0045ee1ebd5d1195ff5b8a
7510,val,run12|e47ca2b6e845dd29ac39dbf1
7511,train,run12|00290a68381f767228a608ec
7512,train,run12|9f77fd6bf411dd429c7e80d8
7513,train,run12|6da1e74be997442d92ac8195
7514,val,run12|9183d2893ab9a1cccfd13811
7515,train,run12|0c3c4a42e82d980761ee529b
7516,val,run12|6e11c9f90e0229386381eb84
7517,test,run12|de63a16fb5d8493397b56be0
7518,val,run12|35f51e8c5bead3abcd9e5cf1
7519,train,run12|1639111c938d80a1e5c4f0ac
7520,train,run12|e5d9e72c2ecc682122f64ca4
7521,train,run12|70c1d4fcec1c30feec669329
7522,test,run12|f31871eb6c111ba461ad97f5
7523,train,run12|04af8854cdbea044b29ec227
7524,val,run12|0635183d6d2a235bb77a2924
7525,val,run12|42f010e03a0261e3c0eb3587
7526,train,run12|54feac85b4590a602324e6cb
7527,test,run12|1bd6143e243a05680e1dbd64
7528,train,run12|59b3eda8414112ffb2b13af9
7529,train,run12|c39b7e1728a49a9f4f8cdc9d
7530,train,run12|67fb97f50f8488e30320cf22
7531,test,run12|0083c14975c0597174d98a3b
7532,train,run12|ec043fc0e3f0b6eba046cc00
7533,val,run12|506ec31894ec827436d172b6
7534,val,run12|1bd4db8d2172b58e97dc1f61
7535,val,run12|152734a33afc3374e9b48367
7536,train,run12|090ee80272f85f852dcf9ae4
7537,train,run12|7ed93c73fdea3f1205c6e91b
7538,train,run12|38e77e8637e252e0bac5209b
7539,train,run12|1de9e300e444317ec4645921
7540,val,run12|193b4dd26cb1181c15f8c2b6
7541,train,run12|254a3c66f7b9a5d6623bbd59
7542,train,run12|bda2f74b5ff887ba98983cb9
7543,test,run12|e7c72652758abddcf81b7aa3
7544,train,run12|951bf2bd4f55914f5dfc2196
7545,train,run12|a8a208a826f3563e7162688f
7546,val,run12|7d92a9e23c760c31fd2427da
7547,train,run12|d1b4269eb7e808077f232878
7548,train,run12|dc859a923bdc70c7cd850a83
7549,val,run12|0944db5264c16959171500fa
7550,train,run12|ce31aca8bbbdb1305adccc8a
7551,test,run12|58e99d733ee928b0778fed23
7552,test,run12|c6d78e0fbf9f162056e2a215
7553,test,run12|3156128096f723f965067987
7554,test,run12|488b78dd3783e58ccbcd77cf
7555,test,run12|eec6e34264271ab9aa4cd7d5
7556,val,run12|ab02c67d11ae74968132d4f5
7557,val,run12|dd0b283cee11c7e0cb877f84
7558,test,run12|5bf4ce1b6a74d01feb7aa9d3
7559,test,run12|30bf1f86404583667fc28a66
7560,train,run12|3817912647bde483d7d5d7df
7561,train,run12|02c1e04ef222d35038bc2871
7562,train,run12|4643977deff8c9cf7206b473
7563,val,run12|70ef2eb997494a5e6473936f
7564,test,run12|250f4b1b720d563ae71563b1
7565,train,run12|6088e30efcd24bcb42fb4155
7566,val,run12|bb9e2d51e0fd9c562dd09011
7567,val,run12|a7f047ca6fe068077450820a
7568,train,run12|66064150db4dfd7e76ccd14e
7569,val,run12|9c86e2d45bffea2947c1e818
7570,train,run12|0ffec7aa7cb62cdc22e16720
7571,train,run12|a379c03f55eab21026876b9f
7572,train,run12|5e0045ee1ebd5d1195ff5b8a
7573,val,run12|e47ca2b6e845dd29ac39dbf1
7574,train,run12|00290a68381f767228a608ec
7575,train,run12|9f77fd6bf411dd429c7e80d8
7576,train,run12|6da1e74be997442d92ac8195
7577,val,run12|9183d2893ab9a1cccfd13811
7578,train,run12|0c3c4a42e82d980761ee529b
7579,val,run12|6e11c9f90e0229386381eb84
7580,test,run12|de63a16fb5d8493397b56be0
7581,val,run12|35f51e8c5bead3abcd9e5cf1
7582,train,run12|1639111c938d80a1e5c4f0ac
7583,train,run12|e5d9e72c2ecc682122f64ca4
7584,train,run12|70c1d4fcec1c30feec669329
7585,test,run12|f31871eb6c111ba461ad97f5
7586,train,run12|04af8854cdbea044b29ec227
7587,val,run12|0635183d6d2a235bb77a2924
7588,val,run12|42f010e03a0261e3c0eb3587
7589,train,run12|54feac85b4590a602324e6cb
7590,test,run12|1bd6143e243a05680e1dbd64
7591,train,run12|59b3eda8414112ffb2b13af9
7592,train,run12|c39b7e1728a49a9f4f8cdc9d
7593,train,run12|67fb97f50f8488e30320cf22
7594,test,run12|0083c14975c0597174d98a3b
7595,train,run12|ec043fc0e3f0b6eba046cc00
7596,val,run12|506ec31894ec827436d172b6
7597,val,run12|1bd4db8d2172b58e97dc1f61
7598,val,run12|152734a33afc3374e9b48367
7599,train,run12|090ee80272f85f852dcf9ae4
7600,train,run12|7ed93c73fdea3f1205c6e91b
7601,train,run12|38e77e8637e252e0bac5209b
7602,train,run12|1de9e300e444317ec4645921
7603,val,run12|193b4dd26cb1181c15f8c2b6
7604,train,run12|254a3c66f7b9a5d6623bbd59
7605,train,run12|bda2f74b5ff887ba98983cb9
7606,test,run12|e7c72652758abddcf81b7aa3
7607,train,run12|951bf2bd4f55914f5dfc2196
7608,train,run12|a8a208a826f3563e7162688f
7609,val,run12|7d92a9e23c760c31fd2427da
7610,train,run12|d1b4269eb7e808077f232878
7611,train,run12|dc859a923bdc70c7cd850a83
7612,val,run12|0944db5264c16959171500fa
7613,train,run12|ce31aca8bbbdb1305adccc8a
7614,test,run12|58e99d733ee928b0778fed23
7615,test,run12|c6d78e0fbf9f162056e2a215
7616,test,run12|3156128096f723f965067987
7617,test,run12|488b78dd3783e58ccbcd77cf
7618,test,run12|eec6e34264271ab9aa4cd7d5
7619,val,run12|ab02c67d11ae74968132d4f5
7620,val,run12|dd0b283cee11c7e0cb877f84
7621,test,run12|5bf4ce1b6a74d01feb7aa9d3
7622,test,run12|30bf1f86404583667fc28a66
7623,train,run12|3817912647bde483d7d5d7df
7624,train,run12|02c1e04ef222d35038bc2871
7625,train,run12|4643977deff8c9cf7206b473
7626,val,run12|70ef2eb997494a5e6473936f
7627,test,run12|250f4b1b720d563ae71563b1
7628,train,run12|6088e30efcd24bcb42fb4155
7629,val,run12|bb9e2d51e0fd9c562dd09011
7630,val,run12|a7f047ca6fe068077450820a
7631,train,run12|66064150db4dfd7e76ccd14e
7632,val,run12|9c86e2d45bffea2947c1e818
7633,train,run12|0ffec7aa7cb62cdc22e16720
7634,train,run12|a379c03f55eab21026876b9f
7635,train,run12|5e0045ee1ebd5d1195ff5b8a
7636,val,run12|e47ca2b6e845dd29ac39dbf1
7637,train,run12|00290a68381f767228a608ec
7638,train,run12|9f77fd6bf411dd429c7e80d8
7639,train,run12|6da1e74be997442d92ac8195
7640,val,run12|9183d2893ab9a1cccfd13811
7641,train,run12|0c3c4a42e82d980761ee529b
7642,val,run12|6e11c9f90e0229386381eb84
7643,test,run12|de63a16fb5d8493397b56be0
7644,val,run12|35f51e8c5bead3abcd9e5cf1
7645,train,run12|1639111c938d80a1e5c4f0ac
7646,train,run12|e5d9e72c2ecc682122f64ca4
7647,train,run12|70c1d4fcec1c30feec669329
7648,test,run12|f31871eb6c111ba461ad97f5
7649,train,run12|04af8854cdbea044b29ec227
7650,val,run12|0635183d6d2a235bb77a2924
7651,val,run12|42f010e03a0261e3c0eb3587
7652,train,run12|54feac85b4590a602324e6cb
7653,test,run12|1bd6143e243a05680e1dbd64
7654,train,run12|59b3eda8414112ffb2b13af9
7655,train,run12|c39b7e1728a49a9f4f8cdc9d
7656,train,run12|67fb97f50f8488e30320cf22
7657,test,run12|0083c14975c0597174d98a3b
7658,train,run12|ec043fc0e3f0b6eba046cc00
7659,val,run12|506ec31894ec827436d172b6
7660,val,run12|1bd4db8d2172b58e97dc1f61
7661,val,run12|152734a33afc3374e9b48367
7662,train,run12|090ee80272f85f852dcf9ae4
7663,train,run12|7ed93c73fdea3f1205c6e91b
7664,train,run12|38e77e8637e252e0bac5209b
7665,train,run12|1de9e300e444317ec4645921
7666,val,run12|193b4dd26cb1181c15f8c2b6
7667,train,run12|254a3c66f7b9a5d6623bbd59
7668,val,run12|0c3706ac20c179dae525f17b
7669,train,run12|bda2f74b5ff887ba98983cb9
7670,test,run12|e7c72652758abddcf81b7aa3
7671,train,run12|951bf2bd4f55914f5dfc2196
7672,train,run12|a8a208a826f3563e7162688f
7673,val,run12|7d92a9e23c760c31fd2427da
7674,train,run12|d1b4269eb7e808077f232878
7675,train,run12|dc859a923bdc70c7cd850a83
7676,val,run12|0944db5264c16959171500fa
7677,train,run12|ce31aca8bbbdb1305adccc8a
7678,test,run12|58e99d733ee928b0778fed23
7679,test,run12|c6d78e0fbf9f162056e2a215
7680,test,run12|3156128096f723f965067987
7681,test,run12|488b78dd3783e58ccbcd77cf
7682,test,run12|eec6e34264271ab9aa4cd7d5
7683,val,run12|ab02c67d11ae74968132d4f5
7684,val,run12|dd0b283cee11c7e0cb877f84
7685,test,run12|5bf4ce1b6a74d01feb7aa9d3
7686,test,run12|30bf1f86404583667fc28a66
7687,train,run12|3817912647bde483d7d5d7df
7688,train,run12|02c1e04ef222d35038bc2871
7689,train,run12|4643977deff8c9cf7206b473
7690,val,run12|70ef2eb997494a5e6473936f
7691,test,run12|250f4b1b720d563ae71563b1
7692,train,run12|6088e30efcd24bcb42fb4155
7693,val,run12|bb9e2d51e0fd9c562dd09011
7694,val,run12|a7f047ca6fe068077450820a
7695,train,run12|66064150db4dfd7e76ccd14e
7696,val,run12|9c86e2d45bffea2947c1e818
7697,train,run12|0ffec7aa7cb62cdc22e16720
7698,train,run12|a379c03f55eab21026876b9f
7699,train,run12|5e0045ee1ebd5d1195ff5b8a
7700,val,run12|e47ca2b6e845dd29ac39dbf1
7701,train,run12|00290a68381f767228a608ec
7702,train,run12|9f77fd6bf411dd429c7e80d8
7703,train,run12|6da1e74be997442d92ac8195
7704,val,run12|9183d2893ab9a1cccfd13811
7705,train,run12|0c3c4a42e82d980761ee529b
7706,val,run12|6e11c9f90e0229386381eb84
7707,test,run12|de63a16fb5d8493397b56be0
7708,val,run12|35f51e8c5bead3abcd9e5cf1
7709,train,run12|1639111c938d80a1e5c4f0ac
7710,train,run12|e5d9e72c2ecc682122f64ca4
7711,train,run12|70c1d4fcec1c30feec669329
7712,test,run12|f31871eb6c111ba461ad97f5
7713,train,run12|04af8854cdbea044b29ec227
7714,val,run12|0635183d6d2a235bb77a2924
7715,val,run12|42f010e03a0261e3c0eb3587
7716,train,run12|54feac85b4590a602324e6cb
7717,test,run12|1bd6143e243a05680e1dbd64
7718,train,run12|59b3eda8414112ffb2b13af9
7719,train,run12|c39b7e1728a49a9f4f8cdc9d
7720,train,run12|67fb97f50f8488e30320cf22
7721,test,run12|0083c14975c0597174d98a3b
7722,train,run12|ec043fc0e3f0b6eba046cc00
7723,val,run12|506ec31894ec827436d172b6
7724,val,run12|1bd4db8d2172b58e97dc1f61
7725,val,run12|152734a33afc3374e9b48367
7726,train,run12|090ee80272f85f852dcf9ae4
7727,train,run12|7ed93c73fdea3f1205c6e91b
7728,train,run12|38e77e8637e252e0bac5209b
7729,train,run12|1de9e300e444317ec4645921
7730,val,run12|193b4dd26cb1181c15f8c2b6
7731,train,run12|254a3c66f7b9a5d6623bbd59
7732,test,run12|8d07ec8f2815bd56422148c6
7733,train,run12|29ebbae4de1cff6e46705ce1
7734,train,run12|90a3964990311afade82df9a
7735,train,run12|bda2f74b5ff887ba98983cb9
7736,test,run12|e7c72652758abddcf81b7aa3
7737,train,run12|951bf2bd4f55914f5dfc2196
7738,train,run12|a8a208a826f3563e7162688f
7739,val,run12|7d92a9e23c760c31fd2427da
7740,train,run12|d1b4269eb7e808077f232878
7741,train,run12|dc859a923bdc70c7cd850a83
7742,val,run12|0944db5264c16959171500fa
7743,train,run12|ce31aca8bbbdb1305adccc8a
7744,test,run12|58e99d733ee928b0778fed23
7745,test,run12|c6d78e0fbf9f162056e2a215
7746,test,run12|3156128096f723f965067987
7747,test,run12|488b78dd3783e58ccbcd77cf
7748,test,run12|eec6e34264271ab9aa4cd7d5
7749,val,run12|ab02c67d11ae74968132d4f5
7750,val,run12|dd0b283cee11c7e0cb877f84
7751,test,run12|5bf4ce1b6a74d01feb7aa9d3
7752,test,run12|30bf1f86404583667fc28a66
7753,train,run12|3817912647bde483d7d5d7df
7754,train,run12|02c1e04ef222d35038bc2871
7755,train,run12|4643977deff8c9cf7206b473
7756,val,run12|70ef2eb997494a5e6473936f
7757,test,run12|250f4b1b720d563ae71563b1
7758,train,run12|6088e30efcd24bcb42fb4155
7759,val,run12|bb9e2d51e0fd9c562dd09011
7760,val,run12|a7f047ca6fe068077450820a
7761,train,run12|66064150db4dfd7e76ccd14e
7762,val,run12|9c86e2d45bffea2947c1e818
7763,train,run12|0ffec7aa7cb62cdc22e16720
7764,train,run12|a379c03f55eab21026876b9f
7765,train,run12|5e0045ee1ebd5d1195ff5b8a
7766,val,run12|e47ca2b6e845dd29ac39dbf1
7767,train,run12|00290a68381f767228a608ec
7768,train,run12|9f77fd6bf411dd429c7e80d8
7769,train,run12|6da1e74be997442d92ac8195
7770,val,run12|9183d2893ab9a1cccfd13811
7771,train,run12|0c3c4a42e82d980761ee529b
7772,val,run12|6e11c9f90e0229386381eb84
7773,test,run12|de63a16fb5d8493397b56be0
7774,val,run12|35f51e8c5bead3abcd9e5cf1
7775,train,run12|1639111c938d80a1e5c4f0ac
7776,train,run12|e5d9e72c2ecc682122f64ca4
7777,train,run12|70c1d4fcec1c30feec669329
7778,test,run12|f31871eb6c111ba461ad97f5
7779,train,run12|04af8854cdbea044b29ec227
7780,val,run12|0635183d6d2a235bb77a2924
7781,val,run12|42f010e03a0261e3c0eb3587
7782,train,run12|54feac85b4590a602324e6cb
7783,test,run12|1bd6143e243a05680e1dbd64
7784,train,run12|59b3eda8414112ffb2b13af9
7785,train,run12|c39b7e1728a49a9f4f8cdc9d
7786,train,run12|67fb97f50f8488e30320cf22
7787,test,run12|0083c14975c0597174d98a3b
7788,train,run12|ec043fc0e3f0b6eba046cc00
7789,val,run12|506ec31894ec827436d172b6
7790,val,run12|1bd4db8d2172b58e97dc1f61
7791,val,run12|152734a33afc3374e9b48367
7792,train,run12|090ee80272f85f852dcf9ae4
7793,train,run12|7ed93c73fdea3f1205c6e91b
7794,train,run12|38e77e8637e252e0bac5209b
7795,train,run12|1de9e300e444317ec4645921
7796,val,run12|193b4dd26cb1181c15f8c2b6
7797,train,run12|254a3c66f7b9a5d6623bbd59
7798,train,run12|03fe843d1e24285fe6410b6b
7799,test,run12|a0b4501f68bb9d879609c9e7
7800,train,run12|1c433228bf80055884cfcee9
7801,train,run12|4ec89f24bea561b1ec87eb89
7802,train,run12|bda2f74b5ff887ba98983cb9
7803,test,run12|e7c72652758abddcf81b7aa3
7804,train,run12|951bf2bd4f55914f5dfc2196
7805,train,run12|a8a208a826f3563e7162688f
7806,val,run12|7d92a9e23c760c31fd2427da
7807,train,run12|d1b4269eb7e808077f232878
7808,train,run12|dc859a923bdc70c7cd850a83
7809,val,run12|0944db5264c16959171500fa
7810,train,run12|ce31aca8bbbdb1305adccc8a
7811,test,run12|58e99d733ee928b0778fed23
7812,test,run12|c6d78e0fbf9f162056e2a215
7813,test,run12|3156128096f723f965067987
7814,test,run12|488b78dd3783e58ccbcd77cf
7815,test,run12|eec6e34264271ab9aa4cd7d5
7816,val,run12|ab02c67d11ae74968132d4f5
7817,val,run12|dd0b283cee11c7e0cb877f84
7818,test,run12|5bf4ce1b6a74d01feb7aa9d3
7819,test,run12|30bf1f86404583667fc28a66
7820,train,run12|3817912647bde483d7d5d7df
7821,train,run12|02c1e04ef222d35038bc2871
7822,train,run12|4643977deff8c9cf7206b473
7823,val,run12|70ef2eb997494a5e6473936f
7824,test,run12|250f4b1b720d563ae71563b1
7825,train,run12|6088e30efcd24bcb42fb4155
7826,val,run12|bb9e2d51e0fd9c562dd09011
7827,val,run12|a7f047ca6fe068077450820a
7828,train,run12|66064150db4dfd7e76ccd14e
7829,val,run12|9c86e2d45bffea2947c1e818
7830,train,run12|0ffec7aa7cb62cdc22e16720
7831,train,run12|a379c03f55eab21026876b9f
7832,train,run12|5e0045ee1ebd5d1195ff5b8a
7833,val,run12|e47ca2b6e845dd29ac39dbf1
7834,train,run12|00290a68381f767228a608ec
7835,train,run12|9f77fd6bf411dd429c7e80d8
7836,train,run12|6da1e74be997442d92ac8195
7837,val,run12|9183d2893ab9a1cccfd13811
7838,train,run12|0c3c4a42e82d980761ee529b
7839,val,run12|6e11c9f90e0229386381eb84
7840,test,run12|de63a16fb5d8493397b56be0
7841,val,run12|35f51e8c5bead3abcd9e5cf1
7842,train,run12|1639111c938d80a1e5c4f0ac
7843,train,run12|e5d9e72c2ecc682122f64ca4
7844,train,run12|70c1d4fcec1c30feec669329
7845,test,run12|f31871eb6c111ba461ad97f5
7846,train,run12|04af8854cdbea044b29ec227
7847,val,run12|0635183d6d2a235bb77a2924
7848,val,run12|42f010e03a0261e3c0eb3587
7849,train,run12|54feac85b4590a602324e6cb
7850,test,run12|1bd6143e243a05680e1dbd64
7851,train,run12|59b3eda8414112ffb2b13af9
7852,train,run12|c39b7e1728a49a9f4f8cdc9d
7853,train,run12|67fb97f50f8488e30320cf22
7854,test,run12|0083c14975c0597174d98a3b
7855,train,run12|ec043fc0e3f0b6eba046cc00
7856,val,run12|506ec31894ec827436d172b6
7857,val,run12|1bd4db8d2172b58e97dc1f61
7858,val,run12|152734a33afc3374e9b48367
7859,train,run12|090ee80272f85f852dcf9ae4
7860,train,run12|7ed93c73fdea3f1205c6e91b
7861,train,run12|38e77e8637e252e0bac5209b
7862,train,run12|1de9e300e444317ec4645921
7863,val,run12|193b4dd26cb1181c15f8c2b6
7864,train,run12|254a3c66f7b9a5d6623bbd59
7865,val,run13|349c7d56b7a81a424e55de51
7866,test,run13|be33a307a7ce0b4375416b4d
7867,train,run13|b2f9e02691179815743a54f2
7868,train,run13|a934668eb5e571a0d9ee6070
7869,train,run13|27c58ae329b469a5bc763def
7870,train,run13|d157bea92e83c85c549a1e5f
7871,val,run13|47b2a14fd79d08fa1194e5bd
7872,test,run13|a9c1e83e3da1c85cbe12a63c
7873,train,run13|51776430d9fee991b5829dd6
7874,test,run13|c52e614eeec9069f504173aa
7875,test,run13|1bf970775917b71aaad22b5b
7876,test,run13|936f767a968ccae6089a817d
7877,train,run13|45067e207a6867a367ae4699
7878,test,run13|310c527d206d9f95592792c3
7879,test,run13|42993e77248fa7209f92448a
7880,test,run13|ed291d3e10dc2ea220ead91e
7881,test,run13|9da7fcc3e7bccba08230ba1d
7882,val,run13|47ac5033773a53fe55777944
7883,test,run13|5b606831a83ec7237077f064
7884,train,run13|f6e50258b69c01f6f0db3699
7885,test,run13|4372d607377c74dd409dcc24
7886,train,run13|66ed53ed05f2331857967bc0
7887,train,run13|3dd88a58bc1c4f052ff04aa0
7888,train,run13|608cc30aa2601399cbf4454c
7889,train,run13|ba3f3ac5e757c75231971d83
7890,test,run13|98452905c20470b38f90b26b
7891,train,run13|9119c2a0a5630edaa592c97e
7892,train,run13|11e8eb8ac103c5581f178445
7893,train,run13|1e0a509d9202314999884906
7894,val,run13|39e51cb1e2ee879bcd57a9b3
7895,train,run13|4baa0c4c550561ff3602f500
7896,train,run13|28b17d0c5404c778b878b76f
7897,val,run13|ee3737c52e0fbf2c2969c716
7898,train,run13|0a4c51bc85fedf9e949ef09a
7899,train,run13|b2990afbd9362c1a494615fa
7900,val,run13|78c8f41770bd3b1474850d9a
7901,test,run13|ea6b055c7beb7cc0a327e8f8
7902,train,run13|f1f2ac796263e5383259510e
7903,test,run13|cacfc8969c9bd1f12d51947e
7904,val,run13|a413f2be7e4b041c16ef6f2f
7905,val,run13|a7814b7a8b4a769c5bc0d44e
7906,train,run13|f1235c9262f799648dc7375c
7907,test,run13|107e68139c9176ff2e3debdc
7908,test,run13|a423ada4c5d56bcab3531ee8
7909,train,run13|27c7e02493fca77ee27d61e0
7910,train,run13|32ba148d44c5ad5475056307
7911,train,run13|6522b3d303ec76cd33f426ed
7912,train,run13|0593fa37af71d21b7e50853c
7913,train,run13|2ed0479588588eaeb90a9538
7914,test,run13|b8f6bf105f2cc101588eb31b
7915,val,run13|0f7c069a39aac1847af1cfd3
7916,train,run13|8acf1c9110c87786b3c9658b
7917,train,run13|718acb68f368e91872a05a10
7918,train,run13|587e3238ee5ab5b7e75a9011
7919,test,run13|6489f522a8f4b4345852eb92
7920,val,run13|aef479dbcbebaa701a24d649
7921,train,run13|8fb422e1d715865be74d2e4b
7922,train,run13|8a794841c7ddfdf0b068ee53
7923,train,run13|e8e1ec9bc781b267aed7c896
7924,train,run13|b39c41240e4708d4089a4898
7925,train,run13|f3ff87972141f13f0743591b
7926,test,run13|493e7ab84f6a42eb4f97d6f6
7927,train,run13|00cdb7ad099a009e9f402a8a
7928,train,run13|75f3b270a56f1eb652cb8cda
7929,train,run13|621cc85631264741d6445796
7930,train,run13|d661762a6de249ec0a0151af
7931,train,run13|fd29a3b6c0e71d9f1bd28de3
7932,test,run13|6ffa58f53fc48c2f557a090d
7933,test,run13|d1fbc0a07766fc8e0dc5ebd6
7934,val,run13|ebb2340668c70a69d2d82ef5
7935,test,run13|0103b2c75e8ba6421a6ee6ba
7936,val,run13|3cb50af85322e78d6eb2e2f3
7937,train,run13|5a6848d685737c7b5edbff08
7938,train,run13|fbe62f6d984b3852593200b7
7939,train,run13|3272dc6ca1a6ad78b0469cd8
7940,train,run13|f67e8cb08a948b5602f806be
7941,train,run13|bf1c6bc998ade65247f24b5b
7942,train,run13|be91f85c5876e2865ccd3854
7943,train,run13|028934cbda92202260228fad
7944,val,run13|349c7d56b7a81a424e55de51
7945,test,run13|be33a307a7ce0b4375416b4d
7946,train,run13|b2f9e02691179815743a54f2
7947,train,run13|a934668eb5e571a0d9ee6070
7948,train,run13|27c58ae329b469a5bc763def
7949,train,run13|d157bea92e83c85c549a1e5f
7950,val,run13|47b2a14fd79d08fa1194e5bd
7951,test,run13|a9c1e83e3da1c85cbe12a63c
7952,train,run13|51776430d9fee991b5829dd6
7953,test,run13|c52e614eeec9069f504173aa
7954,test,run13|1bf970775917b71aaad22b5b
7955,test,run13|936f767a968ccae6089a817d
7956,train,run13|45067e207a6867a367ae4699
7957,test,run13|310c527d206d9f95592792c3
7958,test,run13|42993e77248fa7209f92448a
7959,test,run13|ed291d3e10dc2ea220ead91e
7960,test,run13|9da7fcc3e7bccba08230ba1d
7961,val,run13|47ac5033773a53fe55777944
7962,test,run13|5b606831a83ec7237077f064
7963,train,run13|f6e50258b69c01f6f0db3699
7964,test,run13|4372d607377c74dd409dcc24
7965,train,run13|66ed53ed05f2331857967bc0
7966,train,run13|3dd88a58bc1c4f052ff04aa0
7967,train,run13|608cc30aa2601399cbf4454c
7968,train,run13|ba3f3ac5e757c75231971d83
7969,test,run13|98452905c20470b38f90b26b
7970,train,run13|9119c2a0a5630edaa592c97e
7971,train,run13|11e8eb8ac103c5581f178445
7972,train,run13|1e0a509d9202314999884906
7973,val,run13|39e51cb1e2ee879bcd57a9b3
7974,train,run13|4baa0c4c550561ff3602f500
7975,train,run13|28b17d0c5404c778b878b76f
7976,val,run13|ee3737c52e0fbf2c2969c716
7977,train,run13|0a4c51bc85fedf9e949ef09a
7978,train,run13|b2990afbd9362c1a494615fa
7979,val,run13|78c8f41770bd3b1474850d9a
7980,test,run13|ea6b055c7beb7cc0a327e8f8
7981,train,run13|f1f2ac796263e5383259510e
7982,test,run13|cacfc8969c9bd1f12d51947e
7983,val,run13|a413f2be7e4b041c16ef6f2f
7984,val,run13|a7814b7a8b4a769c5bc0d44e
7985,train,run13|f1235c9262f799648dc7375c
7986,test,run13|107e68139c9176ff2e3debdc
7987,test,run13|a423ada4c5d56bcab3531ee8
7988,train,run13|27c7e02493fca77ee27d61e0
7989,train,run13|32ba148d44c5ad5475056307
7990,train,run13|6522b3d303ec76cd33f426ed
7991,train,run13|0593fa37af71d21b7e50853c
7992,train,run13|2ed0479588588eaeb90a9538
7993,test,run13|b8f6bf105f2cc101588eb31b
7994,val,run13|0f7c069a39aac1847af1cfd3
7995,train,run13|8acf1c9110c87786b3c9658b
7996,train,run13|718acb68f368e91872a05a10
7997,train,run13|587e3238ee5ab5b7e75a9011
7998,test,run13|6489f522a8f4b4345852eb92
7999,val,run13|aef479dbcbebaa701a24d649
8000,train,run13|8fb422e1d715865be74d2e4b
8001,train,run13|8a794841c7ddfdf0b068ee53
8002,train,run13|e8e1ec9bc781b267aed7c896
8003,train,run13|b39c41240e4708d4089a4898
8004,train,run13|f3ff87972141f13f0743591b
8005,test,run13|493e7ab84f6a42eb4f97d6f6
8006,train,run13|00cdb7ad099a009e9f402a8a
8007,val,run13|349c7d56b7a81a424e55de51
8008,test,run13|be33a307a7ce0b4375416b4d
8009,train,run13|b2f9e02691179815743a54f2
8010,train,run13|a934668eb5e571a0d9ee6070
8011,train,run13|27c58ae329b469a5bc763def
8012,train,run13|d157bea92e83c85c549a1e5f
8013,val,run13|47b2a14fd79d08fa1194e5bd
8014,test,run13|a9c1e83e3da1c85cbe12a63c
8015,train,run13|51776430d9fee991b5829dd6
8016,test,run13|c52e614eeec9069f504173aa
8017,test,run13|1bf970775917b71aaad22b5b
8018,test,run13|936f767a968ccae6089a817d
8019,train,run13|45067e207a6867a367ae4699
8020,test,run13|310c527d206d9f95592792c3
8021,test,run13|42993e77248fa7209f92448a
8022,test,run13|ed291d3e10dc2ea220ead91e
8023,test,run13|9da7fcc3e7bccba08230ba1d
8024,val,run13|47ac5033773a53fe55777944
8025,test,run13|5b606831a83ec7237077f064
8026,train,run13|f6e50258b69c01f6f0db3699
8027,test,run13|4372d607377c74dd409dcc24
8028,train,run13|66ed53ed05f2331857967bc0
8029,train,run13|3dd88a58bc1c4f052ff04aa0
8030,train,run13|608cc30aa2601399cbf4454c
8031,train,run13|ba3f3ac5e757c75231971d83
8032,test,run13|98452905c20470b38f90b26b
8033,train,run13|9119c2a0a5630edaa592c97e
8034,train,run13|11e8eb8ac103c5581f178445
8035,train,run13|1e0a509d9202314999884906
8036,val,run13|39e51cb1e2ee879bcd57a9b3
8037,train,run13|4baa0c4c550561ff3602f500
8038,train,run13|28b17d0c5404c778b878b76f
8039,val,run13|ee3737c52e0fbf2c2969c716
8040,train,run13|0a4c51bc85fedf9e949ef09a
8041,train,run13|b2990afbd9362c1a494615fa
8042,val,run13|78c8f41770bd3b1474850d9a
8043,test,run13|ea6b055c7beb7cc0a327e8f8
8044,train,run13|f1f2ac796263e5383259510e
8045,test,run13|cacfc8969c9bd1f12d51947e
8046,val,run13|a413f2be7e4b041c16ef6f2f
8047,val,run13|a7814b7a8b4a769c5bc0d44e
8048,train,run13|f1235c9262f799648dc7375c
8049,test,run13|107e68139c9176ff2e3debdc
8050,test,run13|a423ada4c5d56bcab3531ee8
8051,train,run13|27c7e02493fca77ee27d61e0
8052,train,run13|32ba148d44c5ad5475056307
8053,train,run13|6522b3d303ec76cd33f426ed
8054,train,run13|0593fa37af71d21b7e50853c
8055,train,run13|2ed0479588588eaeb90a9538
8056,test,run13|b8f6bf105f2cc101588eb31b
8057,val,run13|0f7c069a39aac1847af1cfd3
8058,train,run13|8acf1c9110c87786b3c9658b
8059,train,run13|718acb68f368e91872a05a10
8060,train,run13|587e3238ee5ab5b7e75a9011
8061,test,run13|6489f522a8f4b4345852eb92
8062,val,run13|aef479dbcbebaa701a24d649
8063,train,run13|8fb422e1d715865be74d2e4b
8064,train,run13|8a794841c7ddfdf0b068ee53
8065,train,run13|e8e1ec9bc781b267aed7c896
8066,train,run13|b39c41240e4708d4089a4898
8067,train,run13|f3ff87972141f13f0743591b
8068,test,run13|493e7ab84f6a42eb4f97d6f6
8069,train,run13|00cdb7ad099a009e9f402a8a
8070,val,run13|349c7d56b7a81a424e55de51
8071,test,run13|be33a307a7ce0b4375416b4d
8072,train,run13|b2f9e02691179815743a54f2
8073,train,run13|a934668eb5e571a0d9ee6070
8074,train,run13|27c58ae329b469a5bc763def
8075,train,run13|d157bea92e83c85c549a1e5f
8076,val,run13|47b2a14fd79d08fa1194e5bd
8077,test,run13|a9c1e83e3da1c85cbe12a63c
8078,train,run13|51776430d9fee991b5829dd6
8079,test,run13|c52e614eeec9069f504173aa
8080,test,run13|1bf970775917b71aaad22b5b
8081,test,run13|936f767a968ccae6089a817d
8082,train,run13|45067e207a6867a367ae4699
8083,test,run13|310c527d206d9f95592792c3
8084,test,run13|42993e77248fa7209f92448a
8085,test,run13|ed291d3e10dc2ea220ead91e
8086,test,run13|9da7fcc3e7bccba08230ba1d
8087,val,run13|47ac5033773a53fe55777944
8088,test,run13|5b606831a83ec7237077f064
8089,train,run13|f6e50258b69c01f6f0db3699
8090,test,run13|4372d607377c74dd409dcc24
8091,train,run13|66ed53ed05f2331857967bc0
8092,train,run13|3dd88a58bc1c4f052ff04aa0
8093,train,run13|608cc30aa2601399cbf4454c
8094,train,run13|ba3f3ac5e757c75231971d83
8095,test,run13|98452905c20470b38f90b26b
8096,train,run13|9119c2a0a5630edaa592c97e
8097,train,run13|11e8eb8ac103c5581f178445
8098,train,run13|1e0a509d9202314999884906
8099,val,run13|39e51cb1e2ee879bcd57a9b3
8100,train,run13|4baa0c4c550561ff3602f500
8101,train,run13|28b17d0c5404c778b878b76f
8102,val,run13|ee3737c52e0fbf2c2969c716
8103,train,run13|0a4c51bc85fedf9e949ef09a
8104,train,run13|b2990afbd9362c1a494615fa
8105,val,run13|78c8f41770bd3b1474850d9a
8106,test,run13|ea6b055c7beb7cc0a327e8f8
8107,train,run13|f1f2ac796263e5383259510e
8108,test,run13|cacfc8969c9bd1f12d51947e
8109,val,run13|a413f2be7e4b041c16ef6f2f
8110,val,run13|a7814b7a8b4a769c5bc0d44e
8111,train,run13|f1235c9262f799648dc7375c
8112,test,run13|107e68139c9176ff2e3debdc
8113,test,run13|a423ada4c5d56bcab3531ee8
8114,train,run13|27c7e02493fca77ee27d61e0
8115,train,run13|32ba148d44c5ad5475056307
8116,train,run13|6522b3d303ec76cd33f426ed
8117,train,run13|0593fa37af71d21b7e50853c
8118,train,run13|2ed0479588588eaeb90a9538
8119,test,run13|b8f6bf105f2cc101588eb31b
8120,val,run13|0f7c069a39aac1847af1cfd3
8121,train,run13|8acf1c9110c87786b3c9658b
8122,train,run13|718acb68f368e91872a05a10
8123,train,run13|587e3238ee5ab5b7e75a9011
8124,test,run13|6489f522a8f4b4345852eb92
8125,val,run13|aef479dbcbebaa701a24d649
8126,train,run13|8fb422e1d715865be74d2e4b
8127,train,run13|8a794841c7ddfdf0b068ee53
8128,train,run13|e8e1ec9bc781b267aed7c896
8129,train,run13|b39c41240e4708d4089a4898
8130,train,run13|f3ff87972141f13f0743591b
8131,test,run13|493e7ab84f6a42eb4f97d6f6
8132,train,run13|00cdb7ad099a009e9f402a8a
8133,val,run13|349c7d56b7a81a424e55de51
8134,test,run13|be33a307a7ce0b4375416b4d
8135,train,run13|b2f9e02691179815743a54f2
8136,train,run13|a934668eb5e571a0d9ee6070
8137,train,run13|27c58ae329b469a5bc763def
8138,train,run13|d157bea92e83c85c549a1e5f
8139,val,run13|47b2a14fd79d08fa1194e5bd
8140,test,run13|a9c1e83e3da1c85cbe12a63c
8141,train,run13|51776430d9fee991b5829dd6
8142,test,run13|c52e614eeec9069f504173aa
8143,test,run13|1bf970775917b71aaad22b5b
8144,test,run13|936f767a968ccae6089a817d
8145,train,run13|45067e207a6867a367ae4699
8146,test,run13|310c527d206d9f95592792c3
8147,test,run13|42993e77248fa7209f92448a
8148,test,run13|ed291d3e10dc2ea220ead91e
8149,test,run13|9da7fcc3e7bccba08230ba1d
8150,val,run13|47ac5033773a53fe55777944
8151,test,run13|5b606831a83ec7237077f064
8152,train,run13|f6e50258b69c01f6f0db3699
8153,test,run13|4372d607377c74dd409dcc24
8154,train,run13|66ed53ed05f2331857967bc0
8155,train,run13|3dd88a58bc1c4f052ff04aa0
8156,train,run13|608cc30aa2601399cbf4454c
8157,train,run13|ba3f3ac5e757c75231971d83
8158,test,run13|98452905c20470b38f90b26b
8159,train,run13|9119c2a0a5630edaa592c97e
8160,train,run13|11e8eb8ac103c5581f178445
8161,train,run13|1e0a509d9202314999884906
8162,val,run13|39e51cb1e2ee879bcd57a9b3
8163,train,run13|4baa0c4c550561ff3602f500
8164,train,run13|28b17d0c5404c778b878b76f
8165,val,run13|ee3737c52e0fbf2c2969c716
8166,train,run13|0a4c51bc85fedf9e949ef09a
8167,train,run13|b2990afbd9362c1a494615fa
8168,val,run13|78c8f41770bd3b1474850d9a
8169,test,run13|ea6b055c7beb7cc0a327e8f8
8170,train,run13|f1f2ac796263e5383259510e
8171,test,run13|cacfc8969c9bd1f12d51947e
8172,val,run13|a413f2be7e4b041c16ef6f2f
8173,val,run13|a7814b7a8b4a769c5bc0d44e
8174,train,run13|f1235c9262f799648dc7375c
8175,test,run13|107e68139c9176ff2e3debdc
8176,test,run13|a423ada4c5d56bcab3531ee8
8177,train,run13|27c7e02493fca77ee27d61e0
8178,train,run13|32ba148d44c5ad5475056307
8179,train,run13|6522b3d303ec76cd33f426ed
8180,train,run13|0593fa37af71d21b7e50853c
8181,train,run13|2ed0479588588eaeb90a9538
8182,test,run13|b8f6bf105f2cc101588eb31b
8183,val,run13|0f7c069a39aac1847af1cfd3
8184,train,run13|8acf1c9110c87786b3c9658b
8185,train,run13|718acb68f368e91872a05a10
8186,train,run13|587e3238ee5ab5b7e75a9011
8187,test,run13|6489f522a8f4b4345852eb92
8188,val,run13|aef479dbcbebaa701a24d649
8189,train,run13|8fb422e1d715865be74d2e4b
8190,train,run13|8a794841c7ddfdf0b068ee53
8191,train,run13|e8e1ec9bc781b267aed7c896
8192,train,run13|b39c41240e4708d4089a4898
8193,train,run13|f3ff87972141f13f0743591b
8194,test,run13|493e7ab84f6a42eb4f97d6f6
8195,train,run13|00cdb7ad099a009e9f402a8a
8196,val,run13|349c7d56b7a81a424e55de51
8197,test,run13|be33a307a7ce0b4375416b4d
8198,train,run13|b2f9e02691179815743a54f2
8199,train,run13|a934668eb5e571a0d9ee6070
8200,train,run13|27c58ae329b469a5bc763def
8201,train,run13|d157bea92e83c85c549a1e5f
8202,val,run13|47b2a14fd79d08fa1194e5bd
8203,test,run13|a9c1e83e3da1c85cbe12a63c
8204,train,run13|51776430d9fee991b5829dd6
8205,test,run13|c52e614eeec9069f504173aa
8206,test,run13|1bf970775917b71aaad22b5b
8207,test,run13|936f767a968ccae6089a817d
8208,train,run13|45067e207a6867a367ae4699
8209,test,run13|310c527d206d9f95592792c3
8210,test,run13|42993e77248fa7209f92448a
8211,test,run13|ed291d3e10dc2ea220ead91e
8212,test,run13|9da7fcc3e7bccba08230ba1d
8213,val,run13|47ac5033773a53fe55777944
8214,test,run13|5b606831a83ec7237077f064
8215,train,run13|f6e50258b69c01f6f0db3699
8216,test,run13|4372d607377c74dd409dcc24
8217,train,run13|66ed53ed05f2331857967bc0
8218,train,run13|3dd88a58bc1c4f052ff04aa0
8219,train,run13|608cc30aa2601399cbf4454c
8220,train,run13|ba3f3ac5e757c75231971d83
8221,test,run13|98452905c20470b38f90b26b
8222,train,run13|9119c2a0a5630edaa592c97e
8223,train,run13|11e8eb8ac103c5581f178445
8224,train,run13|1e0a509d9202314999884906
8225,val,run13|39e51cb1e2ee879bcd57a9b3
8226,train,run13|4baa0c4c550561ff3602f500
8227,train,run13|28b17d0c5404c778b878b76f
8228,val,run13|ee3737c52e0fbf2c2969c716
8229,train,run13|0a4c51bc85fedf9e949ef09a
8230,train,run13|b2990afbd9362c1a494615fa
8231,val,run13|78c8f41770bd3b1474850d9a
8232,test,run13|ea6b055c7beb7cc0a327e8f8
8233,train,run13|f1f2ac796263e5383259510e
8234,test,run13|cacfc8969c9bd1f12d51947e
8235,val,run13|a413f2be7e4b041c16ef6f2f
8236,val,run13|a7814b7a8b4a769c5bc0d44e
8237,train,run13|f1235c9262f799648dc7375c
8238,test,run13|107e68139c9176ff2e3debdc
8239,test,run13|a423ada4c5d56bcab3531ee8
8240,train,run13|27c7e02493fca77ee27d61e0
8241,train,run13|32ba148d44c5ad5475056307
8242,train,run13|6522b3d303ec76cd33f426ed
8243,train,run13|0593fa37af71d21b7e50853c
8244,train,run13|2ed0479588588eaeb90a9538
8245,test,run13|b8f6bf105f2cc101588eb31b
8246,val,run13|0f7c069a39aac1847af1cfd3
8247,train,run13|8acf1c9110c87786b3c9658b
8248,train,run13|718acb68f368e91872a05a10
8249,train,run13|587e3238ee5ab5b7e75a9011
8250,test,run13|6489f522a8f4b4345852eb92
8251,val,run13|aef479dbcbebaa701a24d649
8252,train,run13|8fb422e1d715865be74d2e4b
8253,train,run13|8a794841c7ddfdf0b068ee53
8254,train,run13|e8e1ec9bc781b267aed7c896
8255,train,run13|b39c41240e4708d4089a4898
8256,train,run13|f3ff87972141f13f0743591b
8257,test,run13|493e7ab84f6a42eb4f97d6f6
8258,train,run13|00cdb7ad099a009e9f402a8a
8259,val,run13|349c7d56b7a81a424e55de51
8260,test,run13|be33a307a7ce0b4375416b4d
8261,train,run13|b2f9e02691179815743a54f2
8262,train,run13|a934668eb5e571a0d9ee6070
8263,train,run13|27c58ae329b469a5bc763def
8264,train,run13|d157bea92e83c85c549a1e5f
8265,val,run13|47b2a14fd79d08fa1194e5bd
8266,test,run13|a9c1e83e3da1c85cbe12a63c
8267,train,run13|51776430d9fee991b5829dd6
8268,test,run13|c52e614eeec9069f504173aa
8269,test,run13|1bf970775917b71aaad22b5b
8270,test,run13|936f767a968ccae6089a817d
8271,train,run13|45067e207a6867a367ae4699
8272,test,run13|310c527d206d9f95592792c3
8273,test,run13|42993e77248fa7209f92448a
8274,test,run13|ed291d3e10dc2ea220ead91e
8275,test,run13|9da7fcc3e7bccba08230ba1d
8276,val,run13|47ac5033773a53fe55777944
8277,test,run13|5b606831a83ec7237077f064
8278,train,run13|f6e50258b69c01f6f0db3699
8279,test,run13|4372d607377c74dd409dcc24
8280,train,run13|66ed53ed05f2331857967bc0
8281,train,run13|3dd88a58bc1c4f052ff04aa0
8282,train,run13|608cc30aa2601399cbf4454c
8283,train,run13|ba3f3ac5e757c75231971d83
8284,test,run13|98452905c20470b38f90b26b
8285,train,run13|9119c2a0a5630edaa592c97e
8286,train,run13|11e8eb8ac103c5581f178445
8287,train,run13|1e0a509d9202314999884906
8288,val,run13|39e51cb1e2ee879bcd57a9b3
8289,train,run13|4baa0c4c550561ff3602f500
8290,train,run13|28b17d0c5404c778b878b76f
8291,val,run13|ee3737c52e0fbf2c2969c716
8292,train,run13|0a4c51bc85fedf9e949ef09a
8293,train,run13|b2990afbd9362c1a494615fa
8294,val,run13|78c8f41770bd3b1474850d9a
8295,test,run13|ea6b055c7beb7cc0a327e8f8
8296,train,run13|f1f2ac796263e5383259510e
8297,test,run13|cacfc8969c9bd1f12d51947e
8298,val,run13|a413f2be7e4b041c16ef6f2f
8299,val,run13|a7814b7a8b4a769c5bc0d44e
8300,train,run13|f1235c9262f799648dc7375c
8301,test,run13|107e68139c9176ff2e3debdc
8302,test,run13|a423ada4c5d56bcab3531ee8
8303,train,run13|27c7e02493fca77ee27d61e0
8304,train,run13|32ba148d44c5ad5475056307
8305,train,run13|6522b3d303ec76cd33f426ed
8306,train,run13|0593fa37af71d21b7e50853c
8307,train,run13|2ed0479588588eaeb90a9538
8308,test,run13|b8f6bf105f2cc101588eb31b
8309,val,run13|0f7c069a39aac1847af1cfd3
8310,train,run13|8acf1c9110c87786b3c9658b
8311,train,run13|718acb68f368e91872a05a10
8312,train,run13|587e3238ee5ab5b7e75a9011
8313,test,run13|6489f522a8f4b4345852eb92
8314,val,run13|aef479dbcbebaa701a24d649
8315,train,run13|8fb422e1d715865be74d2e4b
8316,train,run13|8a794841c7ddfdf0b068ee53
8317,train,run13|e8e1ec9bc781b267aed7c896
8318,train,run13|b39c41240e4708d4089a4898
8319,train,run13|f3ff87972141f13f0743591b
8320,test,run13|493e7ab84f6a42eb4f97d6f6
8321,train,run13|00cdb7ad099a009e9f402a8a
8322,val,run13|349c7d56b7a81a424e55de51
8323,test,run13|be33a307a7ce0b4375416b4d
8324,train,run13|b2f9e02691179815743a54f2
8325,train,run13|a934668eb5e571a0d9ee6070
8326,train,run13|27c58ae329b469a5bc763def
8327,train,run13|d157bea92e83c85c549a1e5f
8328,val,run13|47b2a14fd79d08fa1194e5bd
8329,test,run13|a9c1e83e3da1c85cbe12a63c
8330,train,run13|51776430d9fee991b5829dd6
8331,test,run13|c52e614eeec9069f504173aa
8332,test,run13|1bf970775917b71aaad22b5b
8333,test,run13|936f767a968ccae6089a817d
8334,train,run13|45067e207a6867a367ae4699
8335,test,run13|310c527d206d9f95592792c3
8336,test,run13|42993e77248fa7209f92448a
8337,test,run13|ed291d3e10dc2ea220ead91e
8338,test,run13|9da7fcc3e7bccba08230ba1d
8339,val,run13|47ac5033773a53fe55777944
8340,test,run13|5b606831a83ec7237077f064
8341,train,run13|f6e50258b69c01f6f0db3699
8342,test,run13|4372d607377c74dd409dcc24
8343,train,run13|66ed53ed05f2331857967bc0
8344,train,run13|3dd88a58bc1c4f052ff04aa0
8345,train,run13|608cc30aa2601399cbf4454c
8346,train,run13|ba3f3ac5e757c75231971d83
8347,test,run13|98452905c20470b38f90b26b
8348,train,run13|9119c2a0a5630edaa592c97e
8349,train,run13|11e8eb8ac103c5581f178445
8350,train,run13|1e0a509d9202314999884906
8351,val,run13|39e51cb1e2ee879bcd57a9b3
8352,train,run13|4baa0c4c550561ff3602f500
8353,train,run13|28b17d0c5404c778b878b76f
8354,val,run13|ee3737c52e0fbf2c2969c716
8355,train,run13|0a4c51bc85fedf9e949ef09a
8356,train,run13|b2990afbd9362c1a494615fa
8357,val,run13|78c8f41770bd3b1474850d9a
8358,test,run13|ea6b055c7beb7cc0a327e8f8
8359,train,run13|f1f2ac796263e5383259510e
8360,test,run13|cacfc8969c9bd1f12d51947e
8361,val,run13|a413f2be7e4b041c16ef6f2f
8362,val,run13|a7814b7a8b4a769c5bc0d44e
8363,train,run13|f1235c9262f799648dc7375c
8364,test,run13|107e68139c9176ff2e3debdc
8365,test,run13|a423ada4c5d56bcab3531ee8
8366,train,run13|27c7e02493fca77ee27d61e0
8367,train,run13|32ba148d44c5ad5475056307
8368,train,run13|6522b3d303ec76cd33f426ed
8369,train,run13|0593fa37af71d21b7e50853c
8370,train,run13|2ed0479588588eaeb90a9538
8371,test,run13|b8f6bf105f2cc101588eb31b
8372,val,run13|0f7c069a39aac1847af1cfd3
8373,train,run13|8acf1c9110c87786b3c9658b
8374,train,run13|718acb68f368e91872a05a10
8375,train,run13|587e3238ee5ab5b7e75a9011
8376,test,run13|6489f522a8f4b4345852eb92
8377,val,run13|aef479dbcbebaa701a24d649
8378,train,run13|8fb422e1d715865be74d2e4b
8379,train,run13|8a794841c7ddfdf0b068ee53
8380,train,run13|e8e1ec9bc781b267aed7c896
8381,train,run13|b39c41240e4708d4089a4898
8382,train,run13|f3ff87972141f13f0743591b
8383,test,run13|493e7ab84f6a42eb4f97d6f6
8384,train,run13|00cdb7ad099a009e9f402a8a
8385,val,run13|349c7d56b7a81a424e55de51
8386,test,run13|be33a307a7ce0b4375416b4d
8387,train,run13|b2f9e02691179815743a54f2
8388,train,run13|a934668eb5e571a0d9ee6070
8389,train,run13|27c58ae329b469a5bc763def
8390,train,run13|d157bea92e83c85c549a1e5f
8391,val,run13|47b2a14fd79d08fa1194e5bd
8392,test,run13|a9c1e83e3da1c85cbe12a63c
8393,train,run13|51776430d9fee991b5829dd6
8394,test,run13|c52e614eeec9069f504173aa
8395,test,run13|1bf970775917b71aaad22b5b
8396,test,run13|936f767a968ccae6089a817d
8397,train,run13|45067e207a6867a367ae4699
8398,test,run13|310c527d206d9f95592792c3
8399,test,run13|42993e77248fa7209f92448a
8400,test,run13|ed291d3e10dc2ea220ead91e
8401,test,run13|9da7fcc3e7bccba08230ba1d
8402,val,run13|47ac5033773a53fe55777944
8403,test,run13|5b606831a83ec7237077f064
8404,train,run13|f6e50258b69c01f6f0db3699
8405,test,run13|4372d607377c74dd409dcc24
8406,train,run13|66ed53ed05f2331857967bc0
8407,train,run13|3dd88a58bc1c4f052ff04aa0
8408,train,run13|608cc30aa2601399cbf4454c
8409,train,run13|ba3f3ac5e757c75231971d83
8410,test,run13|98452905c20470b38f90b26b
8411,train,run13|9119c2a0a5630edaa592c97e
8412,train,run13|11e8eb8ac103c5581f178445
8413,train,run13|1e0a509d9202314999884906
8414,val,run13|39e51cb1e2ee879bcd57a9b3
8415,train,run13|4baa0c4c550561ff3602f500
8416,train,run13|28b17d0c5404c778b878b76f
8417,val,run13|ee3737c52e0fbf2c2969c716
8418,train,run13|0a4c51bc85fedf9e949ef09a
8419,train,run13|b2990afbd9362c1a494615fa
8420,val,run13|78c8f41770bd3b1474850d9a
8421,test,run13|ea6b055c7beb7cc0a327e8f8
8422,train,run13|f1f2ac796263e5383259510e
8423,test,run13|cacfc8969c9bd1f12d51947e
8424,val,run13|a413f2be7e4b041c16ef6f2f
8425,val,run13|a7814b7a8b4a769c5bc0d44e
8426,train,run13|f1235c9262f799648dc7375c
8427,test,run13|107e68139c9176ff2e3debdc
8428,test,run13|a423ada4c5d56bcab3531ee8
8429,train,run13|27c7e02493fca77ee27d61e0
8430,train,run13|32ba148d44c5ad5475056307
8431,train,run13|6522b3d303ec76cd33f426ed
8432,train,run13|0593fa37af71d21b7e50853c
8433,train,run13|2ed0479588588eaeb90a9538
8434,test,run13|b8f6bf105f2cc101588eb31b
8435,val,run13|0f7c069a39aac1847af1cfd3
8436,train,run13|8acf1c9110c87786b3c9658b
8437,train,run13|718acb68f368e91872a05a10
8438,train,run13|587e3238ee5ab5b7e75a9011
8439,test,run13|6489f522a8f4b4345852eb92
8440,val,run13|aef479dbcbebaa701a24d649
8441,train,run13|8fb422e1d715865be74d2e4b
8442,train,run13|8a794841c7ddfdf0b068ee53
8443,train,run13|e8e1ec9bc781b267aed7c896
8444,train,run13|b39c41240e4708d4089a4898
8445,train,run13|f3ff87972141f13f0743591b
8446,test,run13|493e7ab84f6a42eb4f97d6f6
8447,train,run13|00cdb7ad099a009e9f402a8a
8448,val,run13|3cb50af85322e78d6eb2e2f3
8449,train,run13|5a6848d685737c7b5edbff08
8450,train,run13|fbe62f6d984b3852593200b7
8451,train,run13|f67e8cb08a948b5602f806be
8452,train,run13|bf1c6bc998ade65247f24b5b
8453,val,run13|349c7d56b7a81a424e55de51
8454,test,run13|be33a307a7ce0b4375416b4d
8455,train,run13|b2f9e02691179815743a54f2
8456,train,run13|a934668eb5e571a0d9ee6070
8457,train,run13|27c58ae329b469a5bc763def
8458,train,run13|d157bea92e83c85c549a1e5f
8459,val,run13|47b2a14fd79d08fa1194e5bd
8460,test,run13|a9c1e83e3da1c85cbe12a63c
8461,train,run13|51776430d9fee991b5829dd6
8462,test,run13|c52e614eeec9069f504173aa
8463,test,run13|1bf970775917b71aaad22b5b
8464,test,run13|936f767a968ccae6089a817d
8465,train,run13|45067e207a6867a367ae4699
8466,test,run13|310c527d206d9f95592792c3
8467,test,run13|42993e77248fa7209f92448a
8468,test,run13|ed291d3e10dc2ea220ead91e
8469,test,run13|9da7fcc3e7bccba08230ba1d
8470,val,run13|47ac5033773a53fe55777944
8471,test,run13|5b606831a83ec7237077f064
8472,train,run13|f6e50258b69c01f6f0db3699
8473,test,run13|4372d607377c74dd409dcc24
8474,train,run13|66ed53ed05f2331857967bc0
8475,train,run13|3dd88a58bc1c4f052ff04aa0
8476,train,run13|608cc30aa2601399cbf4454c
8477,train,run13|ba3f3ac5e757c75231971d83
8478,test,run13|98452905c20470b38f90b26b
8479,train,run13|9119c2a0a5630edaa592c97e
8480,train,run13|11e8eb8ac103c5581f178445
8481,train,run13|1e0a509d9202314999884906
8482,val,run13|39e51cb1e2ee879bcd57a9b3
8483,train,run13|4baa0c4c550561ff3602f500
8484,train,run13|28b17d0c5404c778b878b76f
8485,val,run13|ee3737c52e0fbf2c2969c716
8486,train,run13|0a4c51bc85fedf9e949ef09a
8487,train,run13|b2990afbd9362c1a494615fa
8488,val,run13|78c8f41770bd3b1474850d9a
8489,test,run13|ea6b055c7beb7cc0a327e8f8
8490,train,run13|f1f2ac796263e5383259510e
8491,test,run13|cacfc8969c9bd1f12d51947e
8492,val,run13|a413f2be7e4b041c16ef6f2f
8493,val,run13|a7814b7a8b4a769c5bc0d44e
8494,train,run13|f1235c9262f799648dc7375c
8495,test,run13|107e68139c9176ff2e3debdc
8496,test,run13|a423ada4c5d56bcab3531ee8
8497,train,run13|27c7e02493fca77ee27d61e0
8498,train,run13|32ba148d44c5ad5475056307
8499,train,run13|6522b3d303ec76cd33f426ed
8500,train,run13|0593fa37af71d21b7e50853c
8501,train,run13|2ed0479588588eaeb90a9538
8502,test,run13|b8f6bf105f2cc101588eb31b
8503,val,run13|0f7c069a39aac1847af1cfd3
8504,train,run13|8acf1c9110c87786b3c9658b
8505,train,run13|718acb68f368e91872a05a10
8506,train,run13|587e3238ee5ab5b7e75a9011
8507,test,run13|6489f522a8f4b4345852eb92
8508,val,run13|aef479dbcbebaa701a24d649
8509,train,run13|8fb422e1d715865be74d2e4b
8510,train,run13|8a794841c7ddfdf0b068ee53
8511,train,run13|e8e1ec9bc781b267aed7c896
8512,train,run13|b39c41240e4708d4089a4898
8513,train,run13|f3ff87972141f13f0743591b
8514,test,run13|493e7ab84f6a42eb4f97d6f6
8515,train,run13|00cdb7ad099a009e9f402a8a
8516,train,run13|3272dc6ca1a6ad78b0469cd8
8517,train,run13|028934cbda92202260228fad
8518,val,run13|349c7d56b7a81a424e55de51
8519,test,run13|be33a307a7ce0b4375416b4d
8520,train,run13|b2f9e02691179815743a54f2
8521,train,run13|a934668eb5e571a0d9ee6070
8522,train,run13|27c58ae329b469a5bc763def
8523,train,run13|d157bea92e83c85c549a1e5f
8524,val,run13|47b2a14fd79d08fa1194e5bd
8525,test,run13|a9c1e83e3da1c85cbe12a63c
8526,train,run13|51776430d9fee991b5829dd6
8527,test,run13|c52e614eeec9069f504173aa
8528,test,run13|1bf970775917b71aaad22b5b
8529,test,run13|936f767a968ccae6089a817d
8530,train,run13|45067e207a6867a367ae4699
8531,test,run13|310c527d206d9f95592792c3
8532,test,run13|42993e77248fa7209f92448a
8533,test,run13|ed291d3e10dc2ea220ead91e
8534,test,run13|9da7fcc3e7bccba08230ba1d
8535,val,run13|47ac5033773a53fe55777944
8536,test,run13|5b606831a83ec7237077f064
8537,train,run13|f6e50258b69c01f6f0db3699
8538,test,run13|4372d607377c74dd409dcc24
8539,train,run13|66ed53ed05f2331857967bc0
8540,train,run13|3dd88a58bc1c4f052ff04aa0
8541,train,run13|608cc30aa2601399cbf4454c
8542,train,run13|ba3f3ac5e757c75231971d83
8543,test,run13|98452905c20470b38f90b26b
8544,train,run13|9119c2a0a5630edaa592c97e
8545,train,run13|11e8eb8ac103c5581f178445
8546,train,run13|1e0a509d9202314999884906
8547,val,run13|39e51cb1e2ee879bcd57a9b3
8548,train,run13|4baa0c4c550561ff3602f500
8549,train,run13|28b17d0c5404c778b878b76f
8550,val,run13|ee3737c52e0fbf2c2969c716
8551,train,run13|0a4c51bc85fedf9e949ef09a
8552,train,run13|b2990afbd9362c1a494615fa
8553,val,run13|78c8f41770bd3b1474850d9a
8554,test,run13|ea6b055c7beb7cc0a327e8f8
8555,train,run13|f1f2ac796263e5383259510e
8556,test,run13|cacfc8969c9bd1f12d51947e
8557,val,run13|a413f2be7e4b041c16ef6f2f
8558,val,run13|a7814b7a8b4a769c5bc0d44e
8559,train,run13|f1235c9262f799648dc7375c
8560,test,run13|107e68139c9176ff2e3debdc
8561,test,run13|a423ada4c5d56bcab3531ee8
8562,train,run13|27c7e02493fca77ee27d61e0
8563,train,run13|32ba148d44c5ad5475056307
8564,train,run13|6522b3d303ec76cd33f426ed
8565,train,run13|0593fa37af71d21b7e50853c
8566,train,run13|2ed0479588588eaeb90a9538
8567,test,run13|b8f6bf105f2cc101588eb31b
8568,val,run13|0f7c069a39aac1847af1cfd3
8569,train,run13|8acf1c9110c87786b3c9658b
8570,train,run13|718acb68f368e91872a05a10
8571,train,run13|587e3238ee5ab5b7e75a9011
8572,test,run13|6489f522a8f4b4345852eb92
8573,val,run13|aef479dbcbebaa701a24d649
8574,train,run13|8fb422e1d715865be74d2e4b
8575,train,run13|8a794841c7ddfdf0b068ee53
8576,train,run13|e8e1ec9bc781b267aed7c896
8577,train,run13|b39c41240e4708d4089a4898
8578,train,run13|f3ff87972141f13f0743591b
8579,test,run13|493e7ab84f6a42eb4f97d6f6
8580,train,run13|00cdb7ad099a009e9f402a8a
8581,train,run13|be91f85c5876e2865ccd3854
8582,train,run14|6a64210887332aece82dc60a
8583,train,run14|e3c1f96c796b1cbacc2969db
8584,train,run14|17eac94534bf4cb2d31c5274
8585,val,run14|8cd43032ee80e9a707e1976b
8586,train,run14|be5e24311853843a15db8cfe
8587,train,run14|5fa21c1a8d507bc9367b26e9
8588,train,run14|17e3c1a910d211c534f2f451
8589,test,run14|6804afbf2eb27a2a398dc2b4
8590,train,run14|a7b4ef7b800dc3e0c0d45cff
8591,test,run14|abaeb9fc9da7c429f663cd89
8592,test,run14|21012bb538f7a8209d563b51
8593,train,run14|0c1b839078f07652778bf79f
8594,val,run14|b9a51855772f673e62dde72c
8595,val,run14|941ade99c22660617830cde9
8596,test,run14|e2023fb45fcd88366d6043db
8597,val,run14|3146c2531fc0a6745a79b5da
8598,test,run14|62ed507e40706e734b0d4a33
8599,test,run14|b360eba20ff9f0c233287dbf
8600,train,run14|42befd993e08fc80179929dd
8601,train,run14|c39df0ff0e6acd9399ae11e8
8602,train,run14|205b5b868b1e6d22903fa7d2
8603,train,run14|b87d687fc8a4c5bcfe96105a
8604,val,run14|94a3274520b8231a9eb1f92d
8605,train,run14|9dead6c7bd579d44b7c2b9b2
8606,val,run14|771130b01a9a5258be73fae4
8607,train,run14|0b0761380301f56ff3eba554
8608,train,run14|9032212a88ed898bafd19fa6
8609,val,run14|e7e6b1fefb68b17212534939
8610,train,run14|01d8a6888b95168630b4691c
8611,test,run14|603a7a646420c19e4ef10bc7
8612,val,run14|4bb8a2495c26f594eb9905d9
8613,train,run14|d6de1707351711019554a1db
8614,train,run14|e44c2206545ea6e035ac6236
8615,train,run14|f730d518519552caa0f5ac50
8616,train,run14|67324989a9f00eec356505b3
8617,train,run14|9aecc902cd823e5971742300
8618,train,run14|027e5ef3f1636420c544230d
8619,val,run14|404016629e736c6eecb92c27
8620,train,run14|91f262179d92100cfa48a096
8621,val,run14|a95671c8db04b392e1bdb2b0
8622,train,run14|91b0721d2f470dd570efb3a9
8623,val,run14|5845358e1b17f3a7970530c8
8624,train,run14|8ba0db0a5038bc2ef1ec1a4d
8625,train,run14|751bc4bf90f6d49548c2a373
8626,val,run14|0e6e51119343214625ebd70b
8627,val,run14|b314e5bb43f62337a333ae75
8628,val,run14|b0f19cbca90e8f4633337f38
8629,val,run14|c2109520a663a9232fb80ac6
8630,train,run14|8e2208eb358b4ad15a8db95b
8631,train,run14|b85a1dddffbb30eac869fef3
8632,train,run14|de806847926c00eda008ff60
8633,val,run14|f5f111d69986a2819c90ec21
8634,val,run14|8afb4207425abb1c3938e7dc
8635,train,run14|18846db90fbb31d29bf6bc53
8636,test,run14|e8040b75667e08e602529087
8637,train,run14|f8ae3f6aadef695fd2c73d8b
8638,test,run14|220898fdf587817dc1702ad4
8639,val,run14|8500b1e9f9ac81ea9a4dcaf3
8640,test,run14|3f39c5f52b23ff69f8e4869d
8641,test,run14|3371bfaec28b301dce0b6710
8642,train,run14|1104e17b5b976fe60f5c7da8
8643,train,run14|67cc254a038586c5571d9911
8644,test,run14|08f3c63e8b3f162030e05d62
8645,train,run14|a49ec644ec167bc6509495d2
8646,train,run14|55421ba308b5d53a5bba820b
8647,train,run14|3ec782cb655e7f0ab4113d75
8648,train,run14|769a4bc2c61ebb362eb2ec92
8649,train,run14|63795c6247477d79705e8e98
8650,test,run14|408888838c22a61f7c1e496b
8651,train,run14|6dafc60f94b3eaa5ecb65079
8652,test,run14|9cef2096aee382e876c917e3
8653,train,run14|68895bd3dfbbc3658534be76
8654,val,run14|301c87bb767568f7ae02cf3d
8655,test,run14|71ee59f18557c029b7ceddf3
8656,train,run14|428858cc6d44a31006963b43
8657,train,run14|5dc1bb34007517aeedbc6107
8658,train,run14|4439ca7ace3f53a12904b58d
8659,test,run14|112c48a875919320abf0e014
8660,test,run14|a79db55d2290e28f39b2f68c
8661,train,run14|6a64210887332aece82dc60a
8662,train,run14|e3c1f96c796b1cbacc2969db
8663,train,run14|17eac94534bf4cb2d31c5274
8664,val,run14|8cd43032ee80e9a707e1976b
8665,train,run14|be5e24311853843a15db8cfe
8666,train,run14|5fa21c1a8d507bc9367b26e9
8667,train,run14|17e3c1a910d211c534f2f451
8668,test,run14|6804afbf2eb27a2a398dc2b4
8669,train,run14|a7b4ef7b800dc3e0c0d45cff
8670,test,run14|abaeb9fc9da7c429f663cd89
8671,test,run14|21012bb538f7a8209d563b51
8672,train,run14|0c1b839078f07652778bf79f
8673,val,run14|b9a51855772f673e62dde72c
8674,val,run14|941ade99c22660617830cde9
8675,test,run14|e2023fb45fcd88366d6043db
8676,val,run14|3146c2531fc0a6745a79b5da
8677,test,run14|62ed507e40706e734b0d4a33
8678,test,run14|b360eba20ff9f0c233287dbf
8679,train,run14|42befd993e08fc80179929dd
8680,train,run14|c39df0ff0e6acd9399ae11e8
8681,train,run14|205b5b868b1e6d22903fa7d2
8682,train,run14|b87d687fc8a4c5bcfe96105a
8683,val,run14|94a3274520b8231a9eb1f92d
8684,train,run14|9dead6c7bd579d44b7c2b9b2
8685,val,run14|771130b01a9a5258be73fae4
8686,train,run14|0b0761380301f56ff3eba554
8687,train,run14|9032212a88ed898bafd19fa6
8688,val,run14|e7e6b1fefb68b17212534939
8689,train,run14|01d8a6888b95168630b4691c
8690,test,run14|603a7a646420c19e4ef10bc7
8691,val,run14|4bb8a2495c26f594eb9905d9
8692,train,run14|d6de1707351711019554a1db
8693,train,run14|e44c2206545ea6e035ac6236
8694,train,run14|f730d518519552caa0f5ac50
8695,train,run14|67324989a9f00eec356505b3
8696,train,run14|9aecc902cd823e5971742300
8697,train,run14|027e5ef3f1636420c544230d
8698,val,run14|404016629e736c6eecb92c27
8699,train,run14|91f262179d92100cfa48a096
8700,val,run14|a95671c8db04b392e1bdb2b0
8701,train,run14|91b0721d2f470dd570efb3a9
8702,val,run14|5845358e1b17f3a7970530c8
8703,train,run14|8ba0db0a5038bc2ef1ec1a4d
8704,train,run14|751bc4bf90f6d49548c2a373
8705,val,run14|0e6e51119343214625ebd70b
8706,val,run14|b314e5bb43f62337a333ae75
8707,val,run14|b0f19cbca90e8f4633337f38
8708,val,run14|c2109520a663a9232fb80ac6
8709,train,run14|8e2208eb358b4ad15a8db95b
8710,train,run14|b85a1dddffbb30eac869fef3
8711,train,run14|de806847926c00eda008ff60
8712,val,run14|f5f111d69986a2819c90ec21
8713,val,run14|8afb4207425abb1c3938e7dc
8714,train,run14|18846db90fbb31d29bf6bc53
8715,test,run14|e8040b75667e08e602529087
8716,train,run14|f8ae3f6aadef695fd2c73d8b
8717,test,run14|220898fdf587817dc1702ad4
8718,val,run14|8500b1e9f9ac81ea9a4dcaf3
8719,test,run14|3f39c5f52b23ff69f8e4869d
8720,test,run14|3371bfaec28b301dce0b6710
8721,train,run14|1104e17b5b976fe60f5c7da8
8722,train,run14|67cc254a038586c5571d9911
8723,test,run14|08f3c63e8b3f162030e05d62
8724,train,run14|6a64210887332aece82dc60a
8725,train,run14|e3c1f96c796b1cbacc2969db
8726,train,run14|17eac94534bf4cb2d31c5274
8727,val,run14|8cd43032ee80e9a707e1976b
8728,train,run14|be5e24311853843a15db8cfe
8729,train,run14|5fa21c1a8d507bc9367b26e9
8730,train,run14|17e3c1a910d211c534f2f451
8731,test,run14|6804afbf2eb27a2a398dc2b4
8732,train,run14|a7b4ef7b800dc3e0c0d45cff
8733,test,run14|abaeb9fc9da7c429f663cd89
8734,test,run14|21012bb538f7a8209d563b51
8735,train,run14|0c1b839078f07652778bf79f
8736,val,run14|b9a51855772f673e62dde72c
8737,val,run14|941ade99c22660617830cde9
8738,test,run14|e2023fb45fcd88366d6043db
8739,val,run14|3146c2531fc0a6745a79b5da
8740,test,run14|62ed507e40706e734b0d4a33
8741,test,run14|b360eba20ff9f0c233287dbf
8742,train,run14|42befd993e08fc80179929dd
8743,train,run14|c39df0ff0e6acd9399ae11e8
8744,train,run14|205b5b868b1e6d22903fa7d2
8745,train,run14|b87d687fc8a4c5bcfe96105a
8746,val,run14|94a3274520b8231a9eb1f92d
8747,train,run14|9dead6c7bd579d44b7c2b9b2
8748,val,run14|771130b01a9a5258be73fae4
8749,train,run14|0b0761380301f56ff3eba554
8750,train,run14|9032212a88ed898bafd19fa6
8751,val,run14|e7e6b1fefb68b17212534939
8752,train,run14|01d8a6888b95168630b4691c
8753,test,run14|603a7a646420c19e4ef10bc7
8754,val,run14|4bb8a2495c26f594eb9905d9
8755,train,run14|d6de1707351711019554a1db
8756,train,run14|e44c2206545ea6e035ac6236
8757,train,run14|f730d518519552caa0f5ac50
8758,train,run14|67324989a9f00eec356505b3
8759,train,run14|9aecc902cd823e5971742300
8760,train,run14|027e5ef3f1636420c544230d
8761,val,run14|404016629e736c6eecb92c27
8762,train,run14|91f262179d92100cfa48a096
8763,val,run14|a95671c8db04b392e1bdb2b0
8764,train,run14|91b0721d2f470dd570efb3a9
8765,val,run14|5845358e1b17f3a7970530c8
8766,train,run14|8ba0db0a5038bc2ef1ec1a4d
8767,train,run14|751bc4bf90f6d49548c2a373
8768,val,run14|0e6e51119343214625ebd70b
8769,val,run14|b314e5bb43f62337a333ae75
8770,val,run14|b0f19cbca90e8f4633337f38
8771,val,run14|c2109520a663a9232fb80ac6
8772,train,run14|8e2208eb358b4ad15a8db95b
8773,train,run14|b85a1dddffbb30eac869fef3
8774,train,run14|de806847926c00eda008ff60
8775,val,run14|f5f111d69986a2819c90ec21
8776,val,run14|8afb4207425abb1c3938e7dc
8777,train,run14|18846db90fbb31d29bf6bc53
8778,test,run14|e8040b75667e08e602529087
8779,train,run14|f8ae3f6aadef695fd2c73d8b
8780,test,run14|220898fdf587817dc1702ad4
8781,val,run14|8500b1e9f9ac81ea9a4dcaf3
8782,test,run14|3f39c5f52b23ff69f8e4869d
8783,test,run14|3371bfaec28b301dce0b6710
8784,train,run14|1104e17b5b976fe60f5c7da8
8785,train,run14|67cc254a038586c5571d9911
8786,test,run14|08f3c63e8b3f162030e05d62
8787,train,run14|6a64210887332aece82dc60a
8788,train,run14|e3c1f96c796b1cbacc2969db
8789,train,run14|17eac94534bf4cb2d31c5274
8790,val,run14|8cd43032ee80e9a707e1976b
8791,train,run14|be5e24311853843a15db8cfe
8792,train,run14|5fa21c1a8d507bc9367b26e9
8793,train,run14|17e3c1a910d211c534f2f451
8794,test,run14|6804afbf2eb27a2a398dc2b4
8795,train,run14|a7b4ef7b800dc3e0c0d45cff
8796,test,run14|abaeb9fc9da7c429f663cd89
8797,test,run14|21012bb538f7a8209d563b51
8798,train,run14|0c1b839078f07652778bf79f
8799,val,run14|b9a51855772f673e62dde72c
8800,val,run14|941ade99c22660617830cde9
8801,test,run14|e2023fb45fcd88366d6043db
8802,val,run14|3146c2531fc0a6745a79b5da
8803,test,run14|62ed507e40706e734b0d4a33
8804,test,run14|b360eba20ff9f0c233287dbf
8805,train,run14|42befd993e08fc80179929dd
8806,train,run14|c39df0ff0e6acd9399ae11e8
8807,train,run14|205b5b868b1e6d22903fa7d2
8808,train,run14|b87d687fc8a4c5bcfe96105a
8809,val,run14|94a3274520b8231a9eb1f92d
8810,train,run14|9dead6c7bd579d44b7c2b9b2
8811,val,run14|771130b01a9a5258be73fae4
8812,train,run14|0b0761380301f56ff3eba554
8813,train,run14|9032212a88ed898bafd19fa6
8814,val,run14|e7e6b1fefb68b17212534939
8815,train,run14|01d8a6888b95168630b4691c
8816,test,run14|603a7a646420c19e4ef10bc7
8817,val,run14|4bb8a2495c26f594eb9905d9
8818,train,run14|d6de1707351711019554a1db
8819,train,run14|e44c2206545ea6e035ac6236
8820,train,run14|f730d518519552caa0f5ac50
8821,train,run14|67324989a9f00eec356505b3
8822,train,run14|9aecc902cd823e5971742300
8823,train,run14|027e5ef3f1636420c544230d
8824,val,run14|404016629e736c6eecb92c27
8825,train,run14|91f262179d92100cfa48a096
8826,val,run14|a95671c8db04b392e1bdb2b0
8827,train,run14|91b0721d2f470dd570efb3a9
8828,val,run14|5845358e1b17f3a7970530c8
8829,train,run14|8ba0db0a5038bc2ef1ec1a4d
8830,train,run14|751bc4bf90f6d49548c2a373
8831,val,run14|0e6e51119343214625ebd70b
8832,val,run14|b314e5bb43f62337a333ae75
8833,val,run14|b0f19cbca90e8f4633337f38
8834,val,run14|c2109520a663a9232fb80ac6
8835,train,run14|8e2208eb358b4ad15a8db95b
8836,train,run14|b85a1dddffbb30eac869fef3
8837,train,run14|de806847926c00eda008ff60
8838,val,run14|f5f111d69986a2819c90ec21
8839,val,run14|8afb4207425abb1c3938e7dc
8840,train,run14|18846db90fbb31d29bf6bc53
8841,test,run14|e8040b75667e08e602529087
8842,train,run14|f8ae3f6aadef695fd2c73d8b
8843,test,run14|220898fdf587817dc1702ad4
8844,val,run14|8500b1e9f9ac81ea9a4dcaf3
8845,test,run14|3f39c5f52b23ff69f8e4869d
8846,test,run14|3371bfaec28b301dce0b6710
8847,train,run14|1104e17b5b976fe60f5c7da8
8848,train,run14|67cc254a038586c5571d9911
8849,test,run14|08f3c63e8b3f162030e05d62
8850,train,run14|6a64210887332aece82dc60a
8851,train,run14|e3c1f96c796b1cbacc2969db
8852,train,run14|17eac94534bf4cb2d31c5274
8853,val,run14|8cd43032ee80e9a707e1976b
8854,train,run14|be5e24311853843a15db8cfe
8855,train,run14|5fa21c1a8d507bc9367b26e9
8856,train,run14|17e3c1a910d211c534f2f451
8857,test,run14|6804afbf2eb27a2a398dc2b4
8858,train,run14|a7b4ef7b800dc3e0c0d45cff
8859,test,run14|abaeb9fc9da7c429f663cd89
8860,test,run14|21012bb538f7a8209d563b51
8861,train,run14|0c1b839078f07652778bf79f
8862,val,run14|b9a51855772f673e62dde72c
8863,val,run14|941ade99c22660617830cde9
8864,test,run14|e2023fb45fcd88366d6043db
8865,val,run14|3146c2531fc0a6745a79b5da
8866,test,run14|62ed507e40706e734b0d4a33
8867,test,run14|b360eba20ff9f0c233287dbf
8868,train,run14|42befd993e08fc80179929dd
8869,train,run14|c39df0ff0e6acd9399ae11e8
8870,train,run14|205b5b868b1e6d22903fa7d2
8871,train,run14|b87d687fc8a4c5bcfe96105a
8872,val,run14|94a3274520b8231a9eb1f92d
8873,train,run14|9dead6c7bd579d44b7c2b9b2
8874,val,run14|771130b01a9a5258be73fae4
8875,train,run14|0b0761380301f56ff3eba554
8876,train,run14|9032212a88ed898bafd19fa6
8877,val,run14|e7e6b1fefb68b17212534939
8878,train,run14|01d8a6888b95168630b4691c
8879,test,run14|603a7a646420c19e4ef10bc7
8880,val,run14|4bb8a2495c26f594eb9905d9
8881,train,run14|d6de1707351711019554a1db
8882,train,run14|e44c2206545ea6e035ac6236
8883,train,run14|f730d518519552caa0f5ac50
8884,train,run14|67324989a9f00eec356505b3
8885,train,run14|9aecc902cd823e5971742300
8886,train,run14|027e5ef3f1636420c544230d
8887,val,run14|404016629e736c6eecb92c27
8888,train,run14|91f262179d92100cfa48a096
8889,val,run14|a95671c8db04b392e1bdb2b0
8890,train,run14|91b0721d2f470dd570efb3a9
8891,val,run14|5845358e1b17f3a7970530c8
8892,train,run14|8ba0db0a5038bc2ef1ec1a4d
8893,train,run14|751bc4bf90f6d49548c2a373
8894,val,run14|0e6e51119343214625ebd70b
8895,val,run14|b314e5bb43f62337a333ae75
8896,val,run14|b0f19cbca90e8f4633337f38
8897,val,run14|c2109520a663a9232fb80ac6
8898,train,run14|8e2208eb358b4ad15a8db95b
8899,train,run14|b85a1dddffbb30eac869fef3
8900,train,run14|de806847926c00eda008ff60
8901,val,run14|f5f111d69986a2819c90ec21
8902,val,run14|8afb4207425abb1c3938e7dc
8903,train,run14|18846db90fbb31d29bf6bc53
8904,test,run14|e8040b75667e08e602529087
8905,train,run14|f8ae3f6aadef695fd2c73d8b
8906,test,run14|220898fdf587817dc1702ad4
8907,val,run14|8500b1e9f9ac81ea9a4dcaf3
8908,test,run14|3f39c5f52b23ff69f8e4869d
8909,test,run14|3371bfaec28b301dce0b6710
8910,train,run14|1104e17b5b976fe60f5c7da8
8911,train,run14|67cc254a038586c5571d9911
8912,test,run14|08f3c63e8b3f162030e05d62
8913,train,run14|6a64210887332aece82dc60a
8914,train,run14|e3c1f96c796b1cbacc2969db
8915,train,run14|17eac94534bf4cb2d31c5274
8916,val,run14|8cd43032ee80e9a707e1976b
8917,train,run14|be5e24311853843a15db8cfe
8918,train,run14|5fa21c1a8d507bc9367b26e9
8919,train,run14|17e3c1a910d211c534f2f451
8920,test,run14|6804afbf2eb27a2a398dc2b4
8921,train,run14|a7b4ef7b800dc3e0c0d45cff
8922,test,run14|abaeb9fc9da7c429f663cd89
8923,test,run14|21012bb538f7a8209d563b51
8924,train,run14|0c1b839078f07652778bf79f
8925,val,run14|b9a51855772f673e62dde72c
8926,val,run14|941ade99c22660617830cde9
8927,test,run14|e2023fb45fcd88366d6043db
8928,val,run14|3146c2531fc0a6745a79b5da
8929,test,run14|62ed507e40706e734b0d4a33
8930,test,run14|b360eba20ff9f0c233287dbf
8931,train,run14|42befd993e08fc80179929dd
8932,train,run14|c39df0ff0e6acd9399ae11e8
8933,train,run14|205b5b868b1e6d22903fa7d2
8934,train,run14|b87d687fc8a4c5bcfe96105a
8935,val,run14|94a3274520b8231a9eb1f92d
8936,train,run14|9dead6c7bd579d44b7c2b9b2
8937,val,run14|771130b01a9a5258be73fae4
8938,train,run14|0b0761380301f56ff3eba554
8939,train,run14|9032212a88ed898bafd19fa6
8940,val,run14|e7e6b1fefb68b17212534939
8941,train,run14|01d8a6888b95168630b4691c
8942,test,run14|603a7a646420c19e4ef10bc7
8943,val,run14|4bb8a2495c26f594eb9905d9
8944,train,run14|d6de1707351711019554a1db
8945,train,run14|e44c2206545ea6e035ac6236
8946,train,run14|f730d518519552caa0f5ac50
8947,train,run14|67324989a9f00eec356505b3
8948,train,run14|9aecc902cd823e5971742300
8949,train,run14|027e5ef3f1636420c544230d
8950,val,run14|404016629e736c6eecb92c27
8951,train,run14|91f262179d92100cfa48a096
8952,val,run14|a95671c8db04b392e1bdb2b0
8953,train,run14|91b0721d2f470dd570efb3a9
8954,val,run14|5845358e1b17f3a7970530c8
8955,train,run14|8ba0db0a5038bc2ef1ec1a4d
8956,train,run14|751bc4bf90f6d49548c2a373
8957,val,run14|0e6e51119343214625ebd70b
8958,val,run14|b314e5bb43f62337a333ae75
8959,val,run14|b0f19cbca90e8f4633337f38
8960,val,run14|c2109520a663a9232fb80ac6
8961,train,run14|8e2208eb358b4ad15a8db95b
8962,train,run14|b85a1dddffbb30eac869fef3
8963,train,run14|de806847926c00eda008ff60
8964,val,run14|f5f111d69986a2819c90ec21
8965,val,run14|8afb4207425abb1c3938e7dc
8966,train,run14|18846db90fbb31d29bf6bc53
8967,test,run14|e8040b75667e08e602529087
8968,train,run14|f8ae3f6aadef695fd2c73d8b
8969,test,run14|220898fdf587817dc1702ad4
8970,val,run14|8500b1e9f9ac81ea9a4dcaf3
8971,test,run14|3f39c5f52b23ff69f8e4869d
8972,test,run14|3371bfaec28b301dce0b6710
8973,train,run14|1104e17b5b976fe60f5c7da8
8974,train,run14|67cc254a038586c5571d9911
8975,test,run14|08f3c63e8b3f162030e05d62
8976,train,run14|6a64210887332aece82dc60a
8977,train,run14|e3c1f96c796b1cbacc2969db
8978,train,run14|17eac94534bf4cb2d31c5274
8979,val,run14|8cd43032ee80e9a707e1976b
8980,train,run14|be5e24311853843a15db8cfe
8981,train,run14|5fa21c1a8d507bc9367b26e9
8982,train,run14|17e3c1a910d211c534f2f451
8983,test,run14|6804afbf2eb27a2a398dc2b4
8984,train,run14|a7b4ef7b800dc3e0c0d45cff
8985,test,run14|abaeb9fc9da7c429f663cd89
8986,test,run14|21012bb538f7a8209d563b51
8987,train,run14|0c1b839078f07652778bf79f
8988,val,run14|b9a51855772f673e62dde72c
8989,val,run14|941ade99c22660617830cde9
8990,test,run14|e2023fb45fcd88366d6043db
8991,val,run14|3146c2531fc0a6745a79b5da
8992,test,run14|62ed507e40706e734b0d4a33
8993,test,run14|b360eba20ff9f0c233287dbf
8994,train,run14|42befd993e08fc80179929dd
8995,train,run14|c39df0ff0e6acd9399ae11e8
8996,train,run14|205b5b868b1e6d22903fa7d2
8997,train,run14|b87d687fc8a4c5bcfe96105a
8998,val,run14|94a3274520b8231a9eb1f92d
8999,train,run14|9dead6c7bd579d44b7c2b9b2
9000,val,run14|771130b01a9a5258be73fae4
9001,train,run14|0b0761380301f56ff3eba554
9002,train,run14|9032212a88ed898bafd19fa6
9003,val,run14|e7e6b1fefb68b17212534939
9004,train,run14|01d8a6888b95168630b4691c
9005,test,run14|603a7a646420c19e4ef10bc7
9006,val,run14|4bb8a2495c26f594eb9905d9
9007,train,run14|d6de1707351711019554a1db
9008,train,run14|e44c2206545ea6e035ac6236
9009,train,run14|f730d518519552caa0f5ac50
9010,train,run14|67324989a9f00eec356505b3
9011,train,run14|9aecc902cd823e5971742300
9012,train,run14|027e5ef3f1636420c544230d
9013,val,run14|404016629e736c6eecb92c27
9014,train,run14|91f262179d92100cfa48a096
9015,val,run14|a95671c8db04b392e1bdb2b0
9016,train,run14|91b0721d2f470dd570efb3a9
9017,val,run14|5845358e1b17f3a7970530c8
9018,train,run14|8ba0db0a5038bc2ef1ec1a4d
9019,train,run14|751bc4bf90f6d49548c2a373
9020,val,run14|0e6e51119343214625ebd70b
9021,val,run14|b314e5bb43f62337a333ae75
9022,val,run14|b0f19cbca90e8f4633337f38
9023,val,run14|c2109520a663a9232fb80ac6
9024,train,run14|8e2208eb358b4ad15a8db95b
9025,train,run14|b85a1dddffbb30eac869fef3
9026,train,run14|de806847926c00eda008ff60
9027,val,run14|f5f111d69986a2819c90ec21
9028,val,run14|8afb4207425abb1c3938e7dc
9029,train,run14|18846db90fbb31d29bf6bc53
9030,test,run14|e8040b75667e08e602529087
9031,train,run14|f8ae3f6aadef695fd2c73d8b
9032,test,run14|220898fdf587817dc1702ad4
9033,val,run14|8500b1e9f9ac81ea9a4dcaf3
9034,test,run14|3f39c5f52b23ff69f8e4869d
9035,test,run14|3371bfaec28b301dce0b6710
9036,train,run14|1104e17b5b976fe60f5c7da8
9037,train,run14|67cc254a038586c5571d9911
9038,test,run14|08f3c63e8b3f162030e05d62
9039,train,run14|6a64210887332aece82dc60a
9040,train,run14|e3c1f96c796b1cbacc2969db
9041,train,run14|17eac94534bf4cb2d31c5274
9042,val,run14|8cd43032ee80e9a707e1976b
9043,train,run14|be5e24311853843a15db8cfe
9044,train,run14|5fa21c1a8d507bc9367b26e9
9045,train,run14|17e3c1a910d211c534f2f451
9046,test,run14|6804afbf2eb27a2a398dc2b4
9047,train,run14|a7b4ef7b800dc3e0c0d45cff
9048,test,run14|abaeb9fc9da7c429f663cd89
9049,test,run14|21012bb538f7a8209d563b51
9050,train,run14|0c1b839078f07652778bf79f
9051,val,run14|b9a51855772f673e62dde72c
9052,val,run14|941ade99c22660617830cde9
9053,test,run14|e2023fb45fcd88366d6043db
9054,val,run14|3146c2531fc0a6745a79b5da
9055,test,run14|62ed507e40706e734b0d4a33
9056,test,run14|b360eba20ff9f0c233287dbf
9057,train,run14|42befd993e08fc80179929dd
9058,train,run14|c39df0ff0e6acd9399ae11e8
9059,train,run14|205b5b868b1e6d22903fa7d2
9060,train,run14|b87d687fc8a4c5bcfe96105a
9061,val,run14|94a3274520b8231a9eb1f92d
9062,train,run14|9dead6c7bd579d44b7c2b9b2
9063,val,run14|771130b01a9a5258be73fae4
9064,train,run14|0b0761380301f56ff3eba554
9065,train,run14|9032212a88ed898bafd19fa6
9066,val,run14|e7e6b1fefb68b17212534939
9067,train,run14|01d8a6888b95168630b4691c
9068,test,run14|603a7a646420c19e4ef10bc7
9069,val,run14|4bb8a2495c26f594eb9905d9
9070,train,run14|d6de1707351711019554a1db
9071,train,run14|e44c2206545ea6e035ac6236
9072,train,run14|f730d518519552caa0f5ac50
9073,train,run14|67324989a9f00eec356505b3
9074,train,run14|9aecc902cd823e5971742300
9075,train,run14|027e5ef3f1636420c544230d
9076,val,run14|404016629e736c6eecb92c27
9077,train,run14|91f262179d92100cfa48a096
9078,val,run14|a95671c8db04b392e1bdb2b0
9079,train,run14|91b0721d2f470dd570efb3a9
9080,val,run14|5845358e1b17f3a7970530c8
9081,train,run14|8ba0db0a5038bc2ef1ec1a4d
9082,train,run14|751bc4bf90f6d49548c2a373
9083,val,run14|0e6e51119343214625ebd70b
9084,val,run14|b314e5bb43f62337a333ae75
9085,val,run14|b0f19cbca90e8f4633337f38
9086,val,run14|c2109520a663a9232fb80ac6
9087,train,run14|8e2208eb358b4ad15a8db95b
9088,train,run14|b85a1dddffbb30eac869fef3
9089,train,run14|de806847926c00eda008ff60
9090,val,run14|f5f111d69986a2819c90ec21
9091,val,run14|8afb4207425abb1c3938e7dc
9092,train,run14|18846db90fbb31d29bf6bc53
9093,test,run14|e8040b75667e08e602529087
9094,train,run14|f8ae3f6aadef695fd2c73d8b
9095,test,run14|220898fdf587817dc1702ad4
9096,val,run14|8500b1e9f9ac81ea9a4dcaf3
9097,test,run14|3f39c5f52b23ff69f8e4869d
9098,test,run14|3371bfaec28b301dce0b6710
9099,train,run14|1104e17b5b976fe60f5c7da8
9100,train,run14|67cc254a038586c5571d9911
9101,test,run14|08f3c63e8b3f162030e05d62
9102,train,run14|6a64210887332aece82dc60a
9103,train,run14|e3c1f96c796b1cbacc2969db
9104,train,run14|17eac94534bf4cb2d31c5274
9105,val,run14|8cd43032ee80e9a707e1976b
9106,train,run14|be5e24311853843a15db8cfe
9107,train,run14|5fa21c1a8d507bc9367b26e9
9108,train,run14|17e3c1a910d211c534f2f451
9109,test,run14|6804afbf2eb27a2a398dc2b4
9110,train,run14|a7b4ef7b800dc3e0c0d45cff
9111,test,run14|abaeb9fc9da7c429f663cd89
9112,test,run14|21012bb538f7a8209d563b51
9113,train,run14|0c1b839078f07652778bf79f
9114,val,run14|b9a51855772f673e62dde72c
9115,val,run14|941ade99c22660617830cde9
9116,test,run14|e2023fb45fcd88366d6043db
9117,val,run14|3146c2531fc0a6745a79b5da
9118,test,run14|62ed507e40706e734b0d4a33
9119,test,run14|b360eba20ff9f0c233287dbf
9120,train,run14|42befd993e08fc80179929dd
9121,train,run14|c39df0ff0e6acd9399ae11e8
9122,train,run14|205b5b868b1e6d22903fa7d2
9123,train,run14|b87d687fc8a4c5bcfe96105a
9124,val,run14|94a3274520b8231a9eb1f92d
9125,train,run14|9dead6c7bd579d44b7c2b9b2
9126,val,run14|771130b01a9a5258be73fae4
9127,train,run14|0b0761380301f56ff3eba554
9128,train,run14|9032212a88ed898bafd19fa6
9129,val,run14|e7e6b1fefb68b17212534939
9130,train,run14|01d8a6888b95168630b4691c
9131,test,run14|603a7a646420c19e4ef10bc7
9132,val,run14|4bb8a2495c26f594eb9905d9
9133,train,run14|d6de1707351711019554a1db
9134,train,run14|e44c2206545ea6e035ac6236
9135,train,run14|f730d518519552caa0f5ac50
9136,train,run14|67324989a9f00eec356505b3
9137,train,run14|9aecc902cd823e5971742300
9138,train,run14|027e5ef3f1636420c544230d
9139,val,run14|404016629e736c6eecb92c27
9140,train,run14|91f262179d92100cfa48a096
9141,val,run14|a95671c8db04b392e1bdb2b0
9142,train,run14|91b0721d2f470dd570efb3a9
9143,val,run14|5845358e1b17f3a7970530c8
9144,train,run14|8ba0db0a5038bc2ef1ec1a4d
9145,train,run14|751bc4bf90f6d49548c2a373
9146,val,run14|0e6e51119343214625ebd70b
9147,val,run14|b314e5bb43f62337a333ae75
9148,val,run14|b0f19cbca90e8f4633337f38
9149,val,run14|c2109520a663a9232fb80ac6
9150,train,run14|8e2208eb358b4ad15a8db95b
9151,train,run14|b85a1dddffbb30eac869fef3
9152,train,run14|de806847926c00eda008ff60
9153,val,run14|f5f111d69986a2819c90ec21
9154,val,run14|8afb4207425abb1c3938e7dc
9155,train,run14|18846db90fbb31d29bf6bc53
9156,test,run14|e8040b75667e08e602529087
9157,train,run14|f8ae3f6aadef695fd2c73d8b
9158,test,run14|220898fdf587817dc1702ad4
9159,val,run14|8500b1e9f9ac81ea9a4dcaf3
9160,test,run14|3f39c5f52b23ff69f8e4869d
9161,test,run14|3371bfaec28b301dce0b6710
9162,train,run14|1104e17b5b976fe60f5c7da8
9163,train,run14|67cc254a038586c5571d9911
9164,test,run14|08f3c63e8b3f162030e05d62
9165,test,run14|71ee59f18557c029b7ceddf3
9166,train,run14|5dc1bb34007517aeedbc6107
9167,train,run14|4439ca7ace3f53a12904b58d
9168,train,run14|6a64210887332aece82dc60a
9169,train,run14|e3c1f96c796b1cbacc2969db
9170,train,run14|17eac94534bf4cb2d31c5274
9171,val,run14|8cd43032ee80e9a707e1976b
9172,train,run14|be5e24311853843a15db8cfe
9173,train,run14|5fa21c1a8d507bc9367b26e9
9174,train,run14|17e3c1a910d211c534f2f451
9175,test,run14|6804afbf2eb27a2a398dc2b4
9176,train,run14|a7b4ef7b800dc3e0c0d45cff
9177,test,run14|abaeb9fc9da7c429f663cd89
9178,test,run14|21012bb538f7a8209d563b51
9179,train,run14|0c1b839078f07652778bf79f
9180,val,run14|b9a51855772f673e62dde72c
9181,val,run14|941ade99c22660617830cde9
9182,test,run14|e2023fb45fcd88366d6043db
9183,val,run14|3146c2531fc0a6745a79b5da
9184,test,run14|62ed507e40706e734b0d4a33
9185,test,run14|b360eba20ff9f0c233287dbf
9186,train,run14|42befd993e08fc80179929dd
9187,train,run14|c39df0ff0e6acd9399ae11e8
9188,train,run14|205b5b868b1e6d22903fa7d2
9189,train,run14|b87d687fc8a4c5bcfe96105a
9190,val,run14|94a3274520b8231a9eb1f92d
9191,train,run14|9dead6c7bd579d44b7c2b9b2
9192,val,run14|771130b01a9a5258be73fae4
9193,train,run14|0b0761380301f56ff3eba554
9194,train,run14|9032212a88ed898bafd19fa6
9195,val,run14|e7e6b1fefb68b17212534939
9196,train,run14|01d8a6888b95168630b4691c
9197,test,run14|603a7a646420c19e4ef10bc7
9198,val,run14|4bb8a2495c26f594eb9905d9
9199,train,run14|d6de1707351711019554a1db
9200,train,run14|e44c2206545ea6e035ac6236
9201,train,run14|f730d518519552caa0f5ac50
9202,train,run14|67324989a9f00eec356505b3
9203,train,run14|9aecc902cd823e5971742300
9204,train,run14|027e5ef3f1636420c544230d
9205,val,run14|404016629e736c6eecb92c27
9206,train,run14|91f262179d92100cfa48a096
9207,val,run14|a95671c8db04b392e1bdb2b0
9208,train,run14|91b0721d2f470dd570efb3a9
9209,val,run14|5845358e1b17f3a7970530c8
9210,train,run14|8ba0db0a5038bc2ef1ec1a4d
9211,train,run14|751bc4bf90f6d49548c2a373
9212,val,run14|0e6e51119343214625ebd70b
9213,val,run14|b314e5bb43f62337a333ae75
9214,val,run14|b0f19cbca90e8f4633337f38
9215,val,run14|c2109520a663a9232fb80ac6
9216,train,run14|8e2208eb358b4ad15a8db95b
9217,train,run14|b85a1dddffbb30eac869fef3
9218,train,run14|de806847926c00eda008ff60
9219,val,run14|f5f111d69986a2819c90ec21
9220,val,run14|8afb4207425abb1c3938e7dc
9221,train,run14|18846db90fbb31d29bf6bc53
9222,test,run14|e8040b75667e08e602529087
9223,train,run14|f8ae3f6aadef695fd2c73d8b
9224,test,run14|220898fdf587817dc1702ad4
9225,val,run14|8500b1e9f9ac81ea9a4dcaf3
9226,test,run14|3f39c5f52b23ff69f8e4869d
9227,test,run14|3371bfaec28b301dce0b6710
9228,train,run14|1104e17b5b976fe60f5c7da8
9229,train,run14|67cc254a038586c5571d9911
9230,test,run14|08f3c63e8b3f162030e05d62
9231,train,run14|68895bd3dfbbc3658534be76
9232,val,run14|301c87bb767568f7ae02cf3d
9233,test,run14|112c48a875919320abf0e014
9234,train,run14|6a64210887332aece82dc60a
9235,train,run14|e3c1f96c796b1cbacc2969db
9236,train,run14|17eac94534bf4cb2d31c5274
9237,val,run14|8cd43032ee80e9a707e1976b
9238,train,run14|be5e24311853843a15db8cfe
9239,train,run14|5fa21c1a8d507bc9367b26e9
9240,train,run14|17e3c1a910d211c534f2f451
9241,test,run14|6804afbf2eb27a2a398dc2b4
9242,train,run14|a7b4ef7b800dc3e0c0d45cff
9243,test,run14|abaeb9fc9da7c429f663cd89
9244,test,run14|21012bb538f7a8209d563b51
9245,train,run14|0c1b839078f07652778bf79f
9246,val,run14|b9a51855772f673e62dde72c
9247,val,run14|941ade99c22660617830cde9
9248,test,run14|e2023fb45fcd88366d6043db
9249,val,run14|3146c2531fc0a6745a79b5da
9250,test,run14|62ed507e40706e734b0d4a33
9251,test,run14|b360eba20ff9f0c233287dbf
9252,train,run14|42befd993e08fc80179929dd
9253,train,run14|c39df0ff0e6acd9399ae11e8
9254,train,run14|205b5b868b1e6d22903fa7d2
9255,train,run14|b87d687fc8a4c5bcfe96105a
9256,val,run14|94a3274520b8231a9eb1f92d
9257,train,run14|9dead6c7bd579d44b7c2b9b2
9258,val,run14|771130b01a9a5258be73fae4
9259,train,run14|0b0761380301f56ff3eba554
9260,train,run14|9032212a88ed898bafd19fa6
9261,val,run14|e7e6b1fefb68b17212534939
9262,train,run14|01d8a6888b95168630b4691c
9263,test,run14|603a7a646420c19e4ef10bc7
9264,val,run14|4bb8a2495c26f594eb9905d9
9265,train,run14|d6de1707351711019554a1db
9266,train,run14|e44c2206545ea6e035ac6236
9267,train,run14|f730d518519552caa0f5ac50
9268,train,run14|67324989a9f00eec356505b3
9269,train,run14|9aecc902cd823e5971742300
9270,train,run14|027e5ef3f1636420c544230d
9271,val,run14|404016629e736c6eecb92c27
9272,train,run14|91f262179d92100cfa48a096
9273,val,run14|a95671c8db04b392e1bdb2b0
9274,train,run14|91b0721d2f470dd570efb3a9
9275,val,run14|5845358e1b17f3a7970530c8
9276,train,run14|8ba0db0a5038bc2ef1ec1a4d
9277,train,run14|751bc4bf90f6d49548c2a373
9278,val,run14|0e6e51119343214625ebd70b
9279,val,run14|b314e5bb43f62337a333ae75
9280,val,run14|b0f19cbca90e8f4633337f38
9281,val,run14|c2109520a663a9232fb80ac6
9282,train,run14|8e2208eb358b4ad15a8db95b
9283,train,run14|b85a1dddffbb30eac869fef3
9284,train,run14|de806847926c00eda008ff60
9285,val,run14|f5f111d69986a2819c90ec21
9286,val,run14|8afb4207425abb1c3938e7dc
9287,train,run14|18846db90fbb31d29bf6bc53
9288,test,run14|e8040b75667e08e602529087
9289,train,run14|f8ae3f6aadef695fd2c73d8b
9290,test,run14|220898fdf587817dc1702ad4
9291,val,run14|8500b1e9f9ac81ea9a4dcaf3
9292,test,run14|3f39c5f52b23ff69f8e4869d
9293,test,run14|3371bfaec28b301dce0b6710
9294,train,run14|1104e17b5b976fe60f5c7da8
9295,train,run14|67cc254a038586c5571d9911
9296,test,run14|08f3c63e8b3f162030e05d62
9297,train,run14|428858cc6d44a31006963b43
9298,test,run14|a79db55d2290e28f39b2f68c
9299,train,run15|5a7ee9e50fdad86cb326153a
9300,train,run15|5bf0c92c3696ef4c0354cc1d
9301,train,run15|7874734390847254d1750478
9302,train,run15|e5d400d875cd7f0ce85699b9
9303,val,run15|ae3a1afd39ec09833ba9495b
9304,train,run15|c5d091e55fab2bec1df3b862
9305,train,run15|b90d57e7b1bb7b8528916d2f
9306,train,run15|1951aa7fad4a0c7d12912a71
9307,train,run15|8838bebf27e73067657a74dd
9308,test,run15|c906357f1146117affe3cc4c
9309,test,run15|0ae817e488ffdd50f22d9a23
9310,train,run15|7f3699b1051d5561f557018f
9311,train,run15|1ab0f6e1a1c174401da6deee
9312,test,run15|62721e782fa2f28d236c56ad
9313,val,run15|a8230e7fc910579c3ca32e95
9314,val,run15|f7a68a21e782ad9657c65ec0
9315,val,run15|5fe5870e46525e5cfd6ceeac
9316,test,run15|f6b7e2f87b532b38e112b127
9317,test,run15|12a72c61c6c543d9c53dff7f
9318,val,run15|da891ca283a6faed7f1ca20e
9319,test,run15|143518e52112de9ce0fb4f51
9320,train,run15|8603f1ed063dfbe99caceaf6
9321,train,run15|13f5b3190fde6258bceaccca
9322,train,run15|8ccb73fb770924e48927c491
9323,train,run15|fe4c66ddac120baea6943a89
9324,train,run15|dfef7420dcd5d04b5f569d79
9325,train,run15|806d6bc4a6ee369931091fe4
9326,val,run15|a25154897c84be1652e2b7ab
9327,train,run15|592416927490ecf1b400853a
9328,train,run15|3422ad74fdf3b4aa9a017919
9329,test,run15|97c45f7837059639cb5e42c7
9330,train,run15|cc78093037fd294b8a7e345f
9331,train,run15|5de4cd22919cf3944f917698
9332,train,run15|9f865d741abc7a7e607a6e9b
9333,val,run15|f93e7919eb02cd108194d408
9334,train,run15|58a51c98dbf2d6a62093f29a
9335,train,run15|47fe202d4ff0bf65cf560b9c
9336,test,run15|9052832c10ee860dd89e25fb
9337,val,run15|e7f0421b923c40c88e713a48
9338,val,run15|22b8da128839bcc859e47ab3
9339,val,run15|55861eedb81713b6ec32ef1e
9340,train,run15|a1a4f347ecc25f7aa586b943
9341,train,run15|a9dd533e9bc2048cede41f8e
9342,train,run15|ae363d532c633100908bee37
9343,test,run15|c5166b882b796931d6347d84
9344,train,run15|ebcd8b0dfbb96b53bee466cc
9345,test,run15|43e6b097a3fba28d5d76dfc7
9346,train,run15|0d02ab305325eeceda7aeea3
9347,test,run15|98ef82cf53638391a52a75e4
9348,train,run15|be7566e33f28fdf58dc544df
9349,train,run15|9fdf81225cb8302ba1da46d1
9350,train,run15|dd8630a385f6890c04af67af
9351,train,run15|91239c2d772d6647b631f7e8
9352,val,run15|007e121539ece7329064a9be
9353,train,run15|474f8f41f60ce5a0be6d6941
9354,train,run15|3c9b7d80254614f18630cf59
9355,train,run15|a7fa0030a5482efc67d3f51f
9356,train,run15|62bcc737e3e2f92edc2c5e66
9357,val,run15|ef3922d9886be7613f1b70a0
9358,val,run15|d3dbb4c6082beb59a9ed71be
9359,train,run15|3cee91983a6965005dcc2b2e
9360,val,run15|fdce3903b8b1b64b44104753
9361,train,run15|c0c4a22dfd05a704c787324e
9362,train,run15|7fb803e4e16a894600a9c5ed
9363,train,run15|bdf1776f2765e2f1a4b5b4ca
9364,train,run15|c048745ecadcb8ad56b07e59
9365,train,run15|ab8fcb89fc066303545455cc
9366,train,run15|0b574288ad45848462ab5dbd
9367,train,run15|acbc00661b52d195153c01d0
9368,train,run15|8480059b9830e860f9556ec0
9369,train,run15|1fd2c49f596d508b4a9194f2
9370,train,run15|459136f97bd7363f0c0168f6
9371,train,run15|b5156c1e553ff43dd4238b1c
9372,val,run15|02887f4257115e2639bf0c8f
9373,val,run15|172b4283272c2b98a37e0577
9374,val,run15|3efbb25592de5da379866819
9375,train,run15|be846a5355642901bf91a07d
9376,val,run15|0d792880600a1d153bf602c4
9377,test,run15|7f8a9720e4ca3034ce43d0d2
9378,train,run15|5a7ee9e50fdad86cb326153a
9379,train,run15|5bf0c92c3696ef4c0354cc1d
9380,train,run15|7874734390847254d1750478
9381,train,run15|e5d400d875cd7f0ce85699b9
9382,val,run15|ae3a1afd39ec09833ba9495b
9383,train,run15|c5d091e55fab2bec1df3b862
9384,train,run15|b90d57e7b1bb7b8528916d2f
9385,train,run15|1951aa7fad4a0c7d12912a71
9386,train,run15|8838bebf27e73067657a74dd
9387,test,run15|c906357f1146117affe3cc4c
9388,test,run15|0ae817e488ffdd50f22d9a23
9389,train,run15|7f3699b1051d5561f557018f
9390,train,run15|1ab0f6e1a1c174401da6deee
9391,test,run15|62721e782fa2f28d236c56ad
9392,val,run15|a8230e7fc910579c3ca32e95
9393,val,run15|f7a68a21e782ad9657c65ec0
9394,val,run15|5fe5870e46525e5cfd6ceeac
9395,test,run15|f6b7e2f87b532b38e112b127
9396,test,run15|12a72c61c6c543d9c53dff7f
9397,val,run15|da891ca283a6faed7f1ca20e
9398,test,run15|143518e52112de9ce0fb4f51
9399,train,run15|8603f1ed063dfbe99caceaf6
9400,train,run15|13f5b3190fde6258bceaccca
9401,train,run15|8ccb73fb770924e48927c491
9402,train,run15|fe4c66ddac120baea6943a89
9403,train,run15|dfef7420dcd5d04b5f569d79
9404,train,run15|806d6bc4a6ee369931091fe4
9405,val,run15|a25154897c84be1652e2b7ab
9406,train,run15|592416927490ecf1b400853a
9407,train,run15|3422ad74fdf3b4aa9a017919
9408,test,run15|97c45f7837059639cb5e42c7
9409,train,run15|cc78093037fd294b8a7e345f
9410,train,run15|5de4cd22919cf3944f917698
9411,train,run15|9f865d741abc7a7e607a6e9b
9412,val,run15|f93e7919eb02cd108194d408
9413,train,run15|58a51c98dbf2d6a62093f29a
9414,train,run15|47fe202d4ff0bf65cf560b9c
9415,test,run15|9052832c10ee860dd89e25fb
9416,val,run15|e7f0421b923c40c88e713a48
9417,val,run15|22b8da128839bcc859e47ab3
9418,val,run15|55861eedb81713b6ec32ef1e
9419,train,run15|a1a4f347ecc25f7aa586b943
9420,train,run15|a9dd533e9bc2048cede41f8e
9421,train,run15|ae363d532c633100908bee37
9422,test,run15|c5166b882b796931d6347d84
9423,train,run15|ebcd8b0dfbb96b53bee466cc
9424,test,run15|43e6b097a3fba28d5d76dfc7
9425,train,run15|0d02ab305325eeceda7aeea3
9426,test,run15|98ef82cf53638391a52a75e4
9427,train,run15|be7566e33f28fdf58dc544df
9428,train,run15|9fdf81225cb8302ba1da46d1
9429,train,run15|dd8630a385f6890c04af67af
9430,train,run15|91239c2d772d6647b631f7e8
9431,val,run15|007e121539ece7329064a9be
9432,train,run15|474f8f41f60ce5a0be6d6941
9433,train,run15|3c9b7d80254614f18630cf59
9434,train,run15|a7fa0030a5482efc67d3f51f
9435,train,run15|62bcc737e3e2f92edc2c5e66
9436,val,run15|ef3922d9886be7613f1b70a0
9437,val,run15|d3dbb4c6082beb59a9ed71be
9438,train,run15|3cee91983a6965005dcc2b2e
9439,val,run15|fdce3903b8b1b64b44104753
9440,train,run15|c0c4a22dfd05a704c787324e
9441,train,run15|5a7ee9e50fdad86cb326153a
9442,train,run15|5bf0c92c3696ef4c0354cc1d
9443,train,run15|7874734390847254d1750478
9444,train,run15|e5d400d875cd7f0ce85699b9
9445,val,run15|ae3a1afd39ec09833ba9495b
9446,train,run15|c5d091e55fab2bec1df3b862
9447,train,run15|b90d57e7b1bb7b8528916d2f
9448,train,run15|1951aa7fad4a0c7d12912a71
9449,train,run15|8838bebf27e73067657a74dd
9450,test,run15|c906357f1146117affe3cc4c
9451,test,run15|0ae817e488ffdd50f22d9a23
9452,train,run15|7f3699b1051d5561f557018f
9453,train,run15|1ab0f6e1a1c174401da6deee
9454,test,run15|62721e782fa2f28d236c56ad
9455,val,run15|a8230e7fc910579c3ca32e95
9456,val,run15|f7a68a21e782ad9657c65ec0
9457,val,run15|5fe5870e46525e5cfd6ceeac
9458,test,run15|f6b7e2f87b532b38e112b127
9459,test,run15|12a72c61c6c543d9c53dff7f
9460,val,run15|da891ca283a6faed7f1ca20e
9461,test,run15|143518e52112de9ce0fb4f51
9462,train,run15|8603f1ed063dfbe99caceaf6
9463,train,run15|13f5b3190fde6258bceaccca
9464,train,run15|8ccb73fb770924e48927c491
9465,train,run15|fe4c66ddac120baea6943a89
9466,train,run15|dfef7420dcd5d04b5f569d79
9467,train,run15|806d6bc4a6ee369931091fe4
9468,val,run15|a25154897c84be1652e2b7ab
9469,train,run15|592416927490ecf1b400853a
9470,train,run15|3422ad74fdf3b4aa9a017919
9471,test,run15|97c45f7837059639cb5e42c7
9472,train,run15|cc78093037fd294b8a7e345f
9473,train,run15|5de4cd22919cf3944f917698
9474,train,run15|9f865d741abc7a7e607a6e9b
9475,val,run15|f93e7919eb02cd108194d408
9476,train,run15|58a51c98dbf2d6a62093f29a
9477,train,run15|47fe202d4ff0bf65cf560b9c
9478,test,run15|9052832c10ee860dd89e25fb
9479,val,run15|e7f0421b923c40c88e713a48
9480,val,run15|22b8da128839bcc859e47ab3
9481,val,run15|55861eedb81713b6ec32ef1e
9482,train,run15|a1a4f347ecc25f7aa586b943
9483,train,run15|a9dd533e9bc2048cede41f8e
9484,train,run15|ae363d532c633100908bee37
9485,test,run15|c5166b882b796931d6347d84
9486,train,run15|ebcd8b0dfbb96b53bee466cc
9487,test,run15|43e6b097a3fba28d5d76dfc7
9488,train,run15|0d02ab305325eeceda7aeea3
9489,test,run15|98ef82cf53638391a52a75e4
9490,train,run15|be7566e33f28fdf58dc544df
9491,train,run15|9fdf81225cb8302ba1da46d1
9492,train,run15|dd8630a385f6890c04af67af
9493,train,run15|91239c2d772d6647b631f7e8
9494,val,run15|007e121539ece7329064a9be
9495,train,run15|474f8f41f60ce5a0be6d6941
9496,train,run15|3c9b7d80254614f18630cf59
9497,train,run15|a7fa0030a5482efc67d3f51f
9498,train,run15|62bcc737e3e2f92edc2c5e66
9499,val,run15|ef3922d9886be7613f1b70a0
9500,val,run15|d3dbb4c6082beb59a9ed71be
9501,train,run15|3cee91983a6965005dcc2b2e
9502,val,run15|fdce3903b8b1b64b44104753
9503,train,run15|c0c4a22dfd05a704c787324e
9504,train,run15|5a7ee9e50fdad86cb326153a
9505,train,run15|5bf0c92c3696ef4c0354cc1d
9506,train,run15|7874734390847254d1750478
9507,train,run15|e5d400d875cd7f0ce85699b9
9508,val,run15|ae3a1afd39ec09833ba9495b
9509,train,run15|c5d091e55fab2bec1df3b862
9510,train,run15|b90d57e7b1bb7b8528916d2f
9511,train,run15|1951aa7fad4a0c7d12912a71
9512,train,run15|8838bebf27e73067657a74dd
9513,test,run15|c906357f1146117affe3cc4c
9514,test,run15|0ae817e488ffdd50f22d9a23
9515,train,run15|7f3699b1051d5561f557018f
9516,train,run15|1ab0f6e1a1c174401da6deee
9517,test,run15|62721e782fa2f28d236c56ad
9518,val,run15|a8230e7fc910579c3ca32e95
9519,val,run15|f7a68a21e782ad9657c65ec0
9520,val,run15|5fe5870e46525e5cfd6ceeac
9521,test,run15|f6b7e2f87b532b38e112b127
9522,test,run15|12a72c61c6c543d9c53dff7f
9523,val,run15|da891ca283a6faed7f1ca20e
9524,test,run15|143518e52112de9ce0fb4f51
9525,train,run15|8603f1ed063dfbe99caceaf6
9526,train,run15|13f5b3190fde6258bceaccca
9527,train,run15|8ccb73fb770924e48927c491
9528,train,run15|fe4c66ddac120baea6943a89
9529,train,run15|dfef7420dcd5d04b5f569d79
9530,train,run15|806d6bc4a6ee369931091fe4
9531,val,run15|a25154897c84be1652e2b7ab
9532,train,run15|592416927490ecf1b400853a
9533,train,run15|3422ad74fdf3b4aa9a017919
9534,test,run15|97c45f7837059639cb5e42c7
9535,train,run15|cc78093037fd294b8a7e345f
9536,train,run15|5de4cd22919cf3944f917698
9537,train,run15|9f865d741abc7a7e607a6e9b
9538,val,run15|f93e7919eb02cd108194d408
9539,train,run15|58a51c98dbf2d6a62093f29a
9540,train,run15|47fe202d4ff0bf65cf560b9c
9541,test,run15|9052832c10ee860dd89e25fb
9542,val,run15|e7f0421b923c40c88e713a48
9543,val,run15|22b8da128839bcc859e47ab3
9544,val,run15|55861eedb81713b6ec32ef1e
9545,train,run15|a1a4f347ecc25f7aa586b943
9546,train,run15|a9dd533e9bc2048cede41f8e
9547,train,run15|ae363d532c633100908bee37
9548,test,run15|c5166b882b796931d6347d84
9549,train,run15|ebcd8b0dfbb96b53bee466cc
9550,test,run15|43e6b097a3fba28d5d76dfc7
9551,train,run15|0d02ab305325eeceda7aeea3
9552,test,run15|98ef82cf53638391a52a75e4
9553,train,run15|be7566e33f28fdf58dc544df
9554,train,run15|9fdf81225cb8302ba1da46d1
9555,train,run15|dd8630a385f6890c04af67af
9556,train,run15|91239c2d772d6647b631f7e8
9557,val,run15|007e121539ece7329064a9be
9558,train,run15|474f8f41f60ce5a0be6d6941
9559,train,run15|3c9b7d80254614f18630cf59
9560,train,run15|a7fa0030a5482efc67d3f51f
9561,train,run15|62bcc737e3e2f92edc2c5e66
9562,val,run15|ef3922d9886be7613f1b70a0
9563,val,run15|d3dbb4c6082beb59a9ed71be
9564,train,run15|3cee91983a6965005dcc2b2e
9565,val,run15|fdce3903b8b1b64b44104753
9566,train,run15|c0c4a22dfd05a704c787324e
9567,train,run15|5a7ee9e50fdad86cb326153a
9568,train,run15|5bf0c92c3696ef4c0354cc1d
9569,train,run15|7874734390847254d1750478
9570,train,run15|e5d400d875cd7f0ce85699b9
9571,val,run15|ae3a1afd39ec09833ba9495b
9572,train,run15|c5d091e55fab2bec1df3b862
9573,train,run15|b90d57e7b1bb7b8528916d2f
9574,train,run15|1951aa7fad4a0c7d12912a71
9575,train,run15|8838bebf27e73067657a74dd
9576,test,run15|c906357f1146117affe3cc4c
9577,test,run15|0ae817e488ffdd50f22d9a23
9578,train,run15|7f3699b1051d5561f557018f
9579,train,run15|1ab0f6e1a1c174401da6deee
9580,test,run15|62721e782fa2f28d236c56ad
9581,val,run15|a8230e7fc910579c3ca32e95
9582,val,run15|f7a68a21e782ad9657c65ec0
9583,val,run15|5fe5870e46525e5cfd6ceeac
9584,test,run15|f6b7e2f87b532b38e112b127
9585,test,run15|12a72c61c6c543d9c53dff7f
9586,val,run15|da891ca283a6faed7f1ca20e
9587,test,run15|143518e52112de9ce0fb4f51
9588,train,run15|8603f1ed063dfbe99caceaf6
9589,train,run15|13f5b3190fde6258bceaccca
9590,train,run15|8ccb73fb770924e48927c491
9591,train,run15|fe4c66ddac120baea6943a89
9592,train,run15|dfef7420dcd5d04b5f569d79
9593,train,run15|806d6bc4a6ee369931091fe4
9594,val,run15|a25154897c84be1652e2b7ab
9595,train,run15|592416927490ecf1b400853a
9596,train,run15|3422ad74fdf3b4aa9a017919
9597,test,run15|97c45f7837059639cb5e42c7
9598,train,run15|cc78093037fd294b8a7e345f
9599,train,run15|5de4cd22919cf3944f917698
9600,train,run15|9f865d741abc7a7e607a6e9b
9601,val,run15|f93e7919eb02cd108194d408
9602,train,run15|58a51c98dbf2d6a62093f29a
9603,train,run15|47fe202d4ff0bf65cf560b9c
9604,test,run15|9052832c10ee860dd89e25fb
9605,val,run15|e7f0421b923c40c88e713a48
9606,val,run15|22b8da128839bcc859e47ab3
9607,val,run15|55861eedb81713b6ec32ef1e
9608,train,run15|a1a4f347ecc25f7aa586b943
9609,train,run15|a9dd533e9bc2048cede41f8e
9610,train,run15|ae363d532c633100908bee37
9611,test,run15|c5166b882b796931d6347d84
9612,train,run15|ebcd8b0dfbb96b53bee466cc
9613,test,run15|43e6b097a3fba28d5d76dfc7
9614,train,run15|0d02ab305325eeceda7aeea3
9615,test,run15|98ef82cf53638391a52a75e4
9616,train,run15|be7566e33f28fdf58dc544df
9617,train,run15|9fdf81225cb8302ba1da46d1
9618,train,run15|dd8630a385f6890c04af67af
9619,train,run15|91239c2d772d6647b631f7e8
9620,val,run15|007e121539ece7329064a9be
9621,train,run15|474f8f41f60ce5a0be6d6941
9622,train,run15|3c9b7d80254614f18630cf59
9623,train,run15|a7fa0030a5482efc67d3f51f
9624,train,run15|62bcc737e3e2f92edc2c5e66
9625,val,run15|ef3922d9886be7613f1b70a0
9626,val,run15|d3dbb4c6082beb59a9ed71be
9627,train,run15|3cee91983a6965005dcc2b2e
9628,val,run15|fdce3903b8b1b64b44104753
9629,train,run15|c0c4a22dfd05a704c787324e
9630,train,run15|5a7ee9e50fdad86cb326153a
9631,train,run15|5bf0c92c3696ef4c0354cc1d
9632,train,run15|7874734390847254d1750478
9633,train,run15|e5d400d875cd7f0ce85699b9
9634,val,run15|ae3a1afd39ec09833ba9495b
9635,train,run15|c5d091e55fab2bec1df3b862
9636,train,run15|b90d57e7b1bb7b8528916d2f
9637,train,run15|1951aa7fad4a0c7d12912a71
9638,train,run15|8838bebf27e73067657a74dd
9639,test,run15|c906357f1146117affe3cc4c
9640,test,run15|0ae817e488ffdd50f22d9a23
9641,train,run15|7f3699b1051d5561f557018f
9642,train,run15|1ab0f6e1a1c174401da6deee
9643,test,run15|62721e782fa2f28d236c56ad
9644,val,run15|a8230e7fc910579c3ca32e95
9645,val,run15|f7a68a21e782ad9657c65ec0
9646,val,run15|5fe5870e46525e5cfd6ceeac
9647,test,run15|f6b7e2f87b532b38e112b127
9648,test,run15|12a72c61c6c543d9c53dff7f
9649,val,run15|da891ca283a6faed7f1ca20e
9650,test,run15|143518e52112de9ce0fb4f51
9651,train,run15|8603f1ed063dfbe99caceaf6
9652,train,run15|13f5b3190fde6258bceaccca
9653,train,run15|8ccb73fb770924e48927c491
9654,train,run15|fe4c66ddac120baea6943a89
9655,train,run15|dfef7420dcd5d04b5f569d79
9656,train,run15|806d6bc4a6ee369931091fe4
9657,val,run15|a25154897c84be1652e2b7ab
9658,train,run15|592416927490ecf1b400853a
9659,train,run15|3422ad74fdf3b4aa9a017919
9660,test,run15|97c45f7837059639cb5e42c7
9661,train,run15|cc78093037fd294b8a7e345f
9662,train,run15|5de4cd22919cf3944f917698
9663,train,run15|9f865d741abc7a7e607a6e9b
9664,val,run15|f93e7919eb02cd108194d408
9665,train,run15|58a51c98dbf2d6a62093f29a
9666,train,run15|47fe202d4ff0bf65cf560b9c
9667,test,run15|9052832c10ee860dd89e25fb
9668,val,run15|e7f0421b923c40c88e713a48
9669,val,run15|22b8da128839bcc859e47ab3
9670,val,run15|55861eedb81713b6ec32ef1e
9671,train,run15|a1a4f347ecc25f7aa586b943
9672,train,run15|a9dd533e9bc2048cede41f8e
9673,train,run15|ae363d532c633100908bee37
9674,test,run15|c5166b882b796931d6347d84
9675,train,run15|ebcd8b0dfbb96b53bee466cc
9676,test,run15|43e6b097a3fba28d5d76dfc7
9677,train,run15|0d02ab305325eeceda7aeea3
9678,test,run15|98ef82cf53638391a52a75e4
9679,train,run15|be7566e33f28fdf58dc544df
9680,train,run15|9fdf81225cb8302ba1da46d1
9681,train,run15|dd8630a385f6890c04af67af
9682,train,run15|91239c2d772d6647b631f7e8
9683,val,run15|007e121539ece7329064a9be
9684,train,run15|474f8f41f60ce5a0be6d6941
9685,train,run15|3c9b7d80254614f18630cf59
9686,train,run15|a7fa0030a5482efc67d3f51f
9687,train,run15|62bcc737e3e2f92edc2c5e66
9688,val,run15|ef3922d9886be7613f1b70a0
9689,val,run15|d3dbb4c6082beb59a9ed71be
9690,train,run15|3cee91983a6965005dcc2b2e
9691,val,run15|fdce3903b8b1b64b44104753
9692,train,run15|c0c4a22dfd05a704c787324e
9693,train,run15|5a7ee9e50fdad86cb326153a
9694,train,run15|5bf0c92c3696ef4c0354cc1d
9695,train,run15|7874734390847254d1750478
9696,train,run15|e5d400d875cd7f0ce85699b9
9697,val,run15|ae3a1afd39ec09833ba9495b
9698,train,run15|c5d091e55fab2bec1df3b862
9699,train,run15|b90d57e7b1bb7b8528916d2f
9700,train,run15|1951aa7fad4a0c7d12912a71
9701,train,run15|8838bebf27e73067657a74dd
9702,test,run15|c906357f1146117affe3cc4c
9703,test,run15|0ae817e488ffdd50f22d9a23
9704,train,run15|7f3699b1051d5561f557018f
9705,train,run15|1ab0f6e1a1c174401da6deee
9706,test,run15|62721e782fa2f28d236c56ad
9707,val,run15|a8230e7fc910579c3ca32e95
9708,val,run15|f7a68a21e782ad9657c65ec0
9709,val,run15|5fe5870e46525e5cfd6ceeac
9710,test,run15|f6b7e2f87b532b38e112b127
9711,test,run15|12a72c61c6c543d9c53dff7f
9712,val,run15|da891ca283a6faed7f1ca20e
9713,test,run15|143518e52112de9ce0fb4f51
9714,train,run15|8603f1ed063dfbe99caceaf6
9715,train,run15|13f5b3190fde6258bceaccca
9716,train,run15|8ccb73fb770924e48927c491
9717,train,run15|fe4c66ddac120baea6943a89
9718,train,run15|dfef7420dcd5d04b5f569d79
9719,train,run15|806d6bc4a6ee369931091fe4
9720,val,run15|a25154897c84be1652e2b7ab
9721,train,run15|592416927490ecf1b400853a
9722,train,run15|3422ad74fdf3b4aa9a017919
9723,test,run15|97c45f7837059639cb5e42c7
9724,train,run15|cc78093037fd294b8a7e345f
9725,train,run15|5de4cd22919cf3944f917698
9726,train,run15|9f865d741abc7a7e607a6e9b
9727,val,run15|f93e7919eb02cd108194d408
9728,train,run15|58a51c98dbf2d6a62093f29a
9729,train,run15|47fe202d4ff0bf65cf560b9c
9730,test,run15|9052832c10ee860dd89e25fb
9731,val,run15|e7f0421b923c40c88e713a48
9732,val,run15|22b8da128839bcc859e47ab3
9733,val,run15|55861eedb81713b6ec32ef1e
9734,train,run15|a1a4f347ecc25f7aa586b943
9735,train,run15|a9dd533e9bc2048cede41f8e
9736,train,run15|ae363d532c633100908bee37
9737,test,run15|c5166b882b796931d6347d84
9738,train,run15|ebcd8b0dfbb96b53bee466cc
9739,test,run15|43e6b097a3fba28d5d76dfc7
9740,train,run15|0d02ab305325eeceda7aeea3
9741,test,run15|98ef82cf53638391a52a75e4
9742,train,run15|be7566e33f28fdf58dc544df
9743,train,run15|9fdf81225cb8302ba1da46d1
9744,train,run15|dd8630a385f6890c04af67af
9745,train,run15|91239c2d772d6647b631f7e8
9746,val,run15|007e121539ece7329064a9be
9747,train,run15|474f8f41f60ce5a0be6d6941
9748,train,run15|3c9b7d80254614f18630cf59
9749,train,run15|a7fa0030a5482efc67d3f51f
9750,train,run15|62bcc737e3e2f92edc2c5e66
9751,val,run15|ef3922d9886be7613f1b70a0
9752,val,run15|d3dbb4c6082beb59a9ed71be
9753,train,run15|3cee91983a6965005dcc2b2e
9754,val,run15|fdce3903b8b1b64b44104753
9755,train,run15|c0c4a22dfd05a704c787324e
9756,train,run15|5a7ee9e50fdad86cb326153a
9757,train,run15|5bf0c92c3696ef4c0354cc1d
9758,train,run15|7874734390847254d1750478
9759,train,run15|e5d400d875cd7f0ce85699b9
9760,val,run15|ae3a1afd39ec09833ba9495b
9761,train,run15|c5d091e55fab2bec1df3b862
9762,train,run15|b90d57e7b1bb7b8528916d2f
9763,train,run15|1951aa7fad4a0c7d12912a71
9764,train,run15|8838bebf27e73067657a74dd
9765,test,run15|c906357f1146117affe3cc4c
9766,test,run15|0ae817e488ffdd50f22d9a23
9767,train,run15|7f3699b1051d5561f557018f
9768,train,run15|1ab0f6e1a1c174401da6deee
9769,test,run15|62721e782fa2f28d236c56ad
9770,val,run15|a8230e7fc910579c3ca32e95
9771,val,run15|f7a68a21e782ad9657c65ec0
9772,val,run15|5fe5870e46525e5cfd6ceeac
9773,test,run15|f6b7e2f87b532b38e112b127
9774,test,run15|12a72c61c6c543d9c53dff7f
9775,val,run15|da891ca283a6faed7f1ca20e
9776,test,run15|143518e52112de9ce0fb4f51
9777,train,run15|8603f1ed063dfbe99caceaf6
9778,train,run15|13f5b3190fde6258bceaccca
9779,train,run15|8ccb73fb770924e48927c491
9780,train,run15|fe4c66ddac120baea6943a89
9781,train,run15|dfef7420dcd5d04b5f569d79
9782,train,run15|806d6bc4a6ee369931091fe4
9783,val,run15|a25154897c84be1652e2b7ab
9784,train,run15|592416927490ecf1b400853a
9785,train,run15|3422ad74fdf3b4aa9a017919
9786,test,run15|97c45f7837059639cb5e42c7
9787,train,run15|cc78093037fd294b8a7e345f
9788,train,run15|5de4cd22919cf3944f917698
9789,train,run15|9f865d741abc7a7e607a6e9b
9790,val,run15|f93e7919eb02cd108194d408
9791,train,run15|58a51c98dbf2d6a62093f29a
9792,train,run15|47fe202d4ff0bf65cf560b9c
9793,test,run15|9052832c10ee860dd89e25fb
9794,val,run15|e7f0421b923c40c88e713a48
9795,val,run15|22b8da128839bcc859e47ab3
9796,val,run15|55861eedb81713b6ec32ef1e
9797,train,run15|a1a4f347ecc25f7aa586b943
9798,train,run15|a9dd533e9bc2048cede41f8e
9799,train,run15|ae363d532c633100908bee37
9800,test,run15|c5166b882b796931d6347d84
9801,train,run15|ebcd8b0dfbb96b53bee466cc
9802,test,run15|43e6b097a3fba28d5d76dfc7
9803,train,run15|0d02ab305325eeceda7aeea3
9804,test,run15|98ef82cf53638391a52a75e4
9805,train,run15|be7566e33f28fdf58dc544df
9806,train,run15|9fdf81225cb8302ba1da46d1
9807,train,run15|dd8630a385f6890c04af67af
9808,train,run15|91239c2d772d6647b631f7e8
9809,val,run15|007e121539ece7329064a9be
9810,train,run15|474f8f41f60ce5a0be6d6941
9811,train,run15|3c9b7d80254614f18630cf59
9812,train,run15|a7fa0030a5482efc67d3f51f
9813,train,run15|62bcc737e3e2f92edc2c5e66
9814,val,run15|ef3922d9886be7613f1b70a0
9815,val,run15|d3dbb4c6082beb59a9ed71be
9816,train,run15|3cee91983a6965005dcc2b2e
9817,val,run15|fdce3903b8b1b64b44104753
9818,train,run15|c0c4a22dfd05a704c787324e
9819,train,run15|5a7ee9e50fdad86cb326153a
9820,train,run15|5bf0c92c3696ef4c0354cc1d
9821,train,run15|7874734390847254d1750478
9822,train,run15|e5d400d875cd7f0ce85699b9
9823,val,run15|ae3a1afd39ec09833ba9495b
9824,train,run15|c5d091e55fab2bec1df3b862
9825,train,run15|b90d57e7b1bb7b8528916d2f
9826,train,run15|1951aa7fad4a0c7d12912a71
9827,train,run15|8838bebf27e73067657a74dd
9828,test,run15|c906357f1146117affe3cc4c
9829,test,run15|0ae817e488ffdd50f22d9a23
9830,train,run15|7f3699b1051d5561f557018f
9831,train,run15|1ab0f6e1a1c174401da6deee
9832,test,run15|62721e782fa2f28d236c56ad
9833,val,run15|a8230e7fc910579c3ca32e95
9834,val,run15|f7a68a21e782ad9657c65ec0
9835,val,run15|5fe5870e46525e5cfd6ceeac
9836,test,run15|f6b7e2f87b532b38e112b127
9837,test,run15|12a72c61c6c543d9c53dff7f
9838,val,run15|da891ca283a6faed7f1ca20e
9839,test,run15|143518e52112de9ce0fb4f51
9840,train,run15|8603f1ed063dfbe99caceaf6
9841,train,run15|13f5b3190fde6258bceaccca
9842,train,run15|8ccb73fb770924e48927c491
9843,train,run15|fe4c66ddac120baea6943a89
9844,train,run15|dfef7420dcd5d04b5f569d79
9845,train,run15|806d6bc4a6ee369931091fe4
9846,val,run15|a25154897c84be1652e2b7ab
9847,train,run15|592416927490ecf1b400853a
9848,train,run15|3422ad74fdf3b4aa9a017919
9849,test,run15|97c45f7837059639cb5e42c7
9850,train,run15|cc78093037fd294b8a7e345f
9851,train,run15|5de4cd22919cf3944f917698
9852,train,run15|9f865d741abc7a7e607a6e9b
9853,val,run15|f93e7919eb02cd108194d408
9854,train,run15|58a51c98dbf2d6a62093f29a
9855,train,run15|47fe202d4ff0bf65cf560b9c
9856,test,run15|9052832c10ee860dd89e25fb
9857,val,run15|e7f0421b923c40c88e713a48
9858,val,run15|22b8da128839bcc859e47ab3
9859,val,run15|55861eedb81713b6ec32ef1e
9860,train,run15|a1a4f347ecc25f7aa586b943
9861,train,run15|a9dd533e9bc2048cede41f8e
9862,train,run15|ae363d532c633100908bee37
9863,test,run15|c5166b882b796931d6347d84
9864,train,run15|ebcd8b0dfbb96b53bee466cc
9865,test,run15|43e6b097a3fba28d5d76dfc7
9866,train,run15|0d02ab305325eeceda7aeea3
9867,test,run15|98ef82cf53638391a52a75e4
9868,train,run15|be7566e33f28fdf58dc544df
9869,train,run15|9fdf81225cb8302ba1da46d1
9870,train,run15|dd8630a385f6890c04af67af
9871,train,run15|91239c2d772d6647b631f7e8
9872,val,run15|007e121539ece7329064a9be
9873,train,run15|474f8f41f60ce5a0be6d6941
9874,train,run15|3c9b7d80254614f18630cf59
9875,train,run15|a7fa0030a5482efc67d3f51f
9876,train,run15|62bcc737e3e2f92edc2c5e66
9877,val,run15|ef3922d9886be7613f1b70a0
9878,val,run15|d3dbb4c6082beb59a9ed71be
9879,train,run15|3cee91983a6965005dcc2b2e
9880,val,run15|fdce3903b8b1b64b44104753
9881,train,run15|c0c4a22dfd05a704c787324e
9882,val,run15|02887f4257115e2639bf0c8f
9883,train,run15|5a7ee9e50fdad86cb326153a
9884,train,run15|5bf0c92c3696ef4c0354cc1d
9885,train,run15|7874734390847254d1750478
9886,train,run15|e5d400d875cd7f0ce85699b9
9887,val,run15|ae3a1afd39ec09833ba9495b
9888,train,run15|c5d091e55fab2bec1df3b862
9889,train,run15|b90d57e7b1bb7b8528916d2f
9890,train,run15|1951aa7fad4a0c7d12912a71
9891,train,run15|8838bebf27e73067657a74dd
9892,test,run15|c906357f1146117affe3cc4c
9893,test,run15|0ae817e488ffdd50f22d9a23
9894,train,run15|7f3699b1051d5561f557018f
9895,train,run15|1ab0f6e1a1c174401da6deee
9896,test,run15|62721e782fa2f28d236c56ad
9897,val,run15|a8230e7fc910579c3ca32e95
9898,val,run15|f7a68a21e782ad9657c65ec0
9899,val,run15|5fe5870e46525e5cfd6ceeac
9900,test,run15|f6b7e2f87b532b38e112b127
9901,test,run15|12a72c61c6c543d9c53dff7f
9902,val,run15|da891ca283a6faed7f1ca20e
9903,test,run15|143518e52112de9ce0fb4f51
9904,train,run15|8603f1ed063dfbe99caceaf6
9905,train,run15|13f5b3190fde6258bceaccca
9906,train,run15|8ccb73fb770924e48927c491
9907,train,run15|fe4c66ddac120baea6943a89
9908,train,run15|dfef7420dcd5d04b5f569d79
9909,train,run15|806d6bc4a6ee369931091fe4
9910,val,run15|a25154897c84be1652e2b7ab
9911,train,run15|592416927490ecf1b400853a
9912,train,run15|3422ad74fdf3b4aa9a017919
9913,test,run15|97c45f7837059639cb5e42c7
9914,train,run15|cc78093037fd294b8a7e345f
9915,train,run15|5de4cd22919cf3944f917698
9916,train,run15|9f865d741abc7a7e607a6e9b
9917,val,run15|f93e7919eb02cd108194d408
9918,train,run15|58a51c98dbf2d6a62093f29a
9919,train,run15|47fe202d4ff0bf65cf560b9c
9920,test,run15|9052832c10ee860dd89e25fb
9921,val,run15|e7f0421b923c40c88e713a48
9922,val,run15|22b8da128839bcc859e47ab3
9923,val,run15|55861eedb81713b6ec32ef1e
9924,train,run15|a1a4f347ecc25f7aa586b943
9925,train,run15|a9dd533e9bc2048cede41f8e
9926,train,run15|ae363d532c633100908bee37
9927,test,run15|c5166b882b796931d6347d84
9928,train,run15|ebcd8b0dfbb96b53bee466cc
9929,test,run15|43e6b097a3fba28d5d76dfc7
9930,train,run15|0d02ab305325eeceda7aeea3
9931,test,run15|98ef82cf53638391a52a75e4
9932,train,run15|be7566e33f28fdf58dc544df
9933,train,run15|9fdf81225cb8302ba1da46d1
9934,train,run15|dd8630a385f6890c04af67af
9935,train,run15|91239c2d772d6647b631f7e8
9936,val,run15|007e121539ece7329064a9be
9937,train,run15|474f8f41f60ce5a0be6d6941
9938,train,run15|3c9b7d80254614f18630cf59
9939,train,run15|a7fa0030a5482efc67d3f51f
9940,train,run15|62bcc737e3e2f92edc2c5e66
9941,val,run15|ef3922d9886be7613f1b70a0
9942,val,run15|d3dbb4c6082beb59a9ed71be
9943,train,run15|3cee91983a6965005dcc2b2e
9944,val,run15|fdce3903b8b1b64b44104753
9945,train,run15|c0c4a22dfd05a704c787324e
9946,train,run15|459136f97bd7363f0c0168f6
9947,train,run15|b5156c1e553ff43dd4238b1c
9948,val,run15|3efbb25592de5da379866819
9949,test,run15|7f8a9720e4ca3034ce43d0d2
9950,train,run15|5a7ee9e50fdad86cb326153a
9951,train,run15|5bf0c92c3696ef4c0354cc1d
9952,train,run15|7874734390847254d1750478
9953,train,run15|e5d400d875cd7f0ce85699b9
9954,val,run15|ae3a1afd39ec09833ba9495b
9955,train,run15|c5d091e55fab2bec1df3b862
9956,train,run15|b90d57e7b1bb7b8528916d2f
9957,train,run15|1951aa7fad4a0c7d12912a71
9958,train,run15|8838bebf27e73067657a74dd
9959,test,run15|c906357f1146117affe3cc4c
9960,test,run15|0ae817e488ffdd50f22d9a23
9961,train,run15|7f3699b1051d5561f557018f
9962,train,run15|1ab0f6e1a1c174401da6deee
9963,test,run15|62721e782fa2f28d236c56ad
9964,val,run15|a8230e7fc910579c3ca32e95
9965,val,run15|f7a68a21e782ad9657c65ec0
9966,val,run15|5fe5870e46525e5cfd6ceeac
9967,test,run15|f6b7e2f87b532b38e112b127
9968,test,run15|12a72c61c6c543d9c53dff7f
9969,val,run15|da891ca283a6faed7f1ca20e
9970,test,run15|143518e52112de9ce0fb4f51
9971,train,run15|8603f1ed063dfbe99caceaf6
9972,train,run15|13f5b3190fde6258bceaccca
9973,train,run15|8ccb73fb770924e48927c491
9974,train,run15|fe4c66ddac120baea6943a89
9975,train,run15|dfef7420dcd5d04b5f569d79
9976,train,run15|806d6bc4a6ee369931091fe4
9977,val,run15|a25154897c84be1652e2b7ab
9978,train,run15|592416927490ecf1b400853a
9979,train,run15|3422ad74fdf3b4aa9a017919
9980,test,run15|97c45f7837059639cb5e42c7
9981,train,run15|cc78093037fd294b8a7e345f
9982,train,run15|5de4cd22919cf3944f917698
9983,train,run15|9f865d741abc7a7e607a6e9b
9984,val,run15|f93e7919eb02cd108194d408
9985,train,run15|58a51c98dbf2d6a62093f29a
9986,train,run15|47fe202d4ff0bf65cf560b9c
9987,test,run15|9052832c10ee860dd89e25fb
9988,val,run15|e7f0421b923c40c88e713a48
9989,val,run15|22b8da128839bcc859e47ab3
9990,val,run15|55861eedb81713b6ec32ef1e
9991,train,run15|a1a4f347ecc25f7aa586b943
9992,train,run15|a9dd533e9bc2048cede41f8e
9993,train,run15|ae363d532c633100908bee37
9994,test,run15|c5166b882b796931d6347d84
9995,train,run15|ebcd8b0dfbb96b53bee466cc
9996,test,run15|43e6b097a3fba28d5d76dfc7
9997,train,run15|0d02ab305325eeceda7aeea3
9998,test,run15|98ef82cf53638391a52a75e4
9999,train,run15|be7566e33f28fdf58dc544df
10000,train,run15|9fdf81225cb8302ba1da46d1
10001,train,run15|dd8630a385f6890c04af67af
10002,train,run15|91239c2d772d6647b631f7e8
10003,val,run15|007e121539ece7329064a9be
10004,train,run15|474f8f41f60ce5a0be6d6941
10005,train,run15|3c9b7d80254614f18630cf59
10006,train,run15|a7fa0030a5482efc67d3f51f
10007,train,run15|62bcc737e3e2f92edc2c5e66
10008,val,run15|ef3922d9886be7613f1b70a0
10009,val,run15|d3dbb4c6082beb59a9ed71be
10010,train,run15|3cee91983a6965005dcc2b2e
10011,val,run15|fdce3903b8b1b64b44104753
10012,train,run15|c0c4a22dfd05a704c787324e
10013,val,run15|172b4283272c2b98a37e0577
10014,train,run15|be846a5355642901bf91a07d
10015,val,run15|0d792880600a1d153bf602c4
10016,train,run16|378fd243f63cc98b292ebe4e
10017,train,run16|32b7c7fe6713ac9006e43939
10018,test,run16|fa9951b5f33d7918fcb7867f
10019,val,run16|b5afaf60ad74e59cd1d7328e
10020,test,run16|f310209b0c2f2b15ea126c15
10021,train,run16|a50d5769ed6c49f8142372c1
10022,val,run16|fc8d871d569385b1ac1ecac6
10023,test,run16|d3c0cb15d6b62cfe0ccfb166
10024,train,run16|4bc0179bff5474995d244ce1
10025,test,run16|d0460bd2dcd469503497c697
10026,test,run16|ff406ccca4da246579216819
10027,train,run16|dbd98d520d4e3d76f655fc49
10028,test,run16|b7df9bd6050e24087c4e28ba
10029,test,run16|1ea7f88c047915c83decc833
10030,val,run16|cf13d7846aa0bbd40a866347
10031,val,run16|9acffe6a69231426eeb5b0cd
10032,val,run16|5a1528c4b052168c32d6d687
10033,test,run16|d806aafc2fbd42bbb448cdbf
10034,val,run16|4e0c98a63c14b7ff08645951
10035,val,run16|42933faab42bd3f3ea24f8e2
10036,val,run16|94224b5cbbadd3c2ed51dbb8
10037,train,run16|bfd4fe68c34735e435a7668f
10038,train,run16|e961719abca4deac0956d1f5
10039,train,run16|5ac09445ccd6b5d3bdf7b9b3
10040,test,run16|b9e7f6b7cd4a3d05db6671e6
10041,train,run16|38f3c2062bed7cb9e4e8a793
10042,train,run16|6da0d80114e40b3dcac8a37d
10043,train,run16|5d710f90de66f7fee9318af5
10044,train,run16|078a6124c541edcc1706c8b3
10045,test,run16|a8a9d9f11eb91ccbe6f95799
10046,val,run16|a7a4449be2b37c8cb855ca2d
10047,test,run16|c197e79c7316b25abed59703
10048,train,run16|5c94a7e0f1fee3a353b13bf6
10049,train,run16|38d66de15fbf9c2aad2d9a3e
10050,val,run16|204b70bf1cb6d4a0564b7dd5
10051,train,run16|c56f8e9842379335391f756c
10052,train,run16|54262f7533ae851f87899395
10053,train,run16|dd34a393b2f55eae13e664e1
10054,train,run16|b3b2c69a95f4bb29e783c357
10055,train,run16|28b45cdab63e11d956c7194f
10056,val,run16|f5452b4f82267d1fc691e122
10057,test,run16|7ec19b1f0ed9050589a3d2f2
10058,val,run16|9e83c80e0f84ac608ee8fb61
10059,test,run16|1e6429cd0ed9f1ba93dae5bf
10060,train,run16|4bd60605559d76dcba008318
10061,val,run16|8d922e487cc2632d8606a7f5
10062,val,run16|70641a11b63912fe788a2b97
10063,train,run16|8c6806784d85418730ecdd4d
10064,test,run16|ec7a8b880921d0293601641d
10065,train,run16|bf5d11e12c0f4055831f9866
10066,train,run16|993b63bfb8693fd67ca7821a
10067,train,run16|9708707b2264468aac4d8a3e
10068,test,run16|8fcaafc07d88f0f305d5804b
10069,train,run16|fa166805914a716f438966e0
10070,train,run16|57b0bab71733e2591d69469a
10071,val,run16|34efe83ba0853aa814d14465
10072,val,run16|127f898ad608486fb06a80e2
10073,test,run16|a1655944589ae4dca43c7ff5
10074,train,run16|4ff7f92c78ec6440605d7afa
10075,test,run16|69e1871236304d263c335312
10076,train,run16|55f2af17d1f2498a27a5f02a
10077,train,run16|ff62a1df9c743ad0a449b3a5
10078,val,run16|07f132c636a3a3e3b93527cb
10079,train,run16|d57529e16e657bc9b7a096ef
10080,train,run16|3e71c39cc593efab1633dbef
10081,train,run16|673f8ee99540d5a4a0f8e3c4
10082,train,run16|c3a9cdb5587330c4eb7746bc
10083,val,run16|8bc901bba71fec9ad0eeb72f
10084,test,run16|5ef4594588582c530e106f23
10085,train,run16|75dc021a0226b8c26ac1fbad
10086,val,run16|7d7b480eb0168f63c45dd03d
10087,val,run16|f81680c03204e79da207dfd8
10088,train,run16|b8eb3a7bb79917e5b4092cd0
10089,test,run16|902c499bd0edf8327887a447
10090,train,run16|fe468a6a9cb82fa0c588ea0f
10091,train,run16|69dfd709eacdf46520acc5c7
10092,train,run16|e8ee39908492868ed452e38e
10093,test,run16|958fd27550ffc89837e55645
10094,train,run16|7216bfa2e30d80b514094c80
10095,train,run16|378fd243f63cc98b292ebe4e
10096,train,run16|32b7c7fe6713ac9006e43939
10097,test,run16|fa9951b5f33d7918fcb7867f
10098,val,run16|b5afaf60ad74e59cd1d7328e
10099,test,run16|f310209b0c2f2b15ea126c15
10100,train,run16|a50d5769ed6c49f8142372c1
10101,val,run16|fc8d871d569385b1ac1ecac6
10102,test,run16|d3c0cb15d6b62cfe0ccfb166
10103,train,run16|4bc0179bff5474995d244ce1
10104,test,run16|d0460bd2dcd469503497c697
10105,test,run16|ff406ccca4da246579216819
10106,train,run16|dbd98d520d4e3d76f655fc49
10107,test,run16|b7df9bd6050e24087c4e28ba
10108,test,run16|1ea7f88c047915c83decc833
10109,val,run16|cf13d7846aa0bbd40a866347
10110,val,run16|9acffe6a69231426eeb5b0cd
10111,val,run16|5a1528c4b052168c32d6d687
10112,test,run16|d806aafc2fbd42bbb448cdbf
10113,val,run16|4e0c98a63c14b7ff08645951
10114,val,run16|42933faab42bd3f3ea24f8e2
10115,val,run16|94224b5cbbadd3c2ed51dbb8
10116,train,run16|bfd4fe68c34735e435a7668f
10117,train,run16|e961719abca4deac0956d1f5
10118,train,run16|5ac09445ccd6b5d3bdf7b9b3
10119,test,run16|b9e7f6b7cd4a3d05db6671e6
10120,train,run16|38f3c2062bed7cb9e4e8a793
10121,train,run16|6da0d80114e40b3dcac8a37d
10122,train,run16|5d710f90de66f7fee9318af5
10123,train,run16|078a6124c541edcc1706c8b3
10124,test,run16|a8a9d9f11eb91ccbe6f95799
10125,val,run16|a7a4449be2b37c8cb855ca2d
10126,test,run16|c197e79c7316b25abed59703
10127,train,run16|5c94a7e0f1fee3a353b13bf6
10128,train,run16|38d66de15fbf9c2aad2d9a3e
10129,val,run16|204b70bf1cb6d4a0564b7dd5
10130,train,run16|c56f8e9842379335391f756c
10131,train,run16|54262f7533ae851f87899395
10132,train,run16|dd34a393b2f55eae13e664e1
10133,train,run16|b3b2c69a95f4bb29e783c357
10134,train,run16|28b45cdab63e11d956c7194f
10135,val,run16|f5452b4f82267d1fc691e122
10136,test,run16|7ec19b1f0ed9050589a3d2f2
10137,val,run16|9e83c80e0f84ac608ee8fb61
10138,test,run16|1e6429cd0ed9f1ba93dae5bf
10139,train,run16|4bd60605559d76dcba008318
10140,val,run16|8d922e487cc2632d8606a7f5
10141,val,run16|70641a11b63912fe788a2b97
10142,train,run16|8c6806784d85418730ecdd4d
10143,test,run16|ec7a8b880921d0293601641d
10144,train,run16|bf5d11e12c0f4055831f9866
10145,train,run16|993b63bfb8693fd67ca7821a
10146,train,run16|9708707b2264468aac4d8a3e
10147,test,run16|8fcaafc07d88f0f305d5804b
10148,train,run16|fa166805914a716f438966e0
10149,train,run16|57b0bab71733e2591d69469a
10150,val,run16|34efe83ba0853aa814d14465
10151,val,run16|127f898ad608486fb06a80e2
10152,test,run16|a1655944589ae4dca43c7ff5
10153,train,run16|4ff7f92c78ec6440605d7afa
10154,test,run16|69e1871236304d263c335312
10155,train,run16|55f2af17d1f2498a27a5f02a
10156,train,run16|ff62a1df9c743ad0a449b3a5
10157,val,run16|07f132c636a3a3e3b93527cb
10158,train,run16|378fd243f63cc98b292ebe4e
10159,train,run16|32b7c7fe6713ac9006e43939
10160,test,run16|fa9951b5f33d7918fcb7867f
10161,val,run16|b5afaf60ad74e59cd1d7328e
10162,test,run16|f310209b0c2f2b15ea126c15
10163,train,run16|a50d5769ed6c49f8142372c1
10164,val,run16|fc8d871d569385b1ac1ecac6
10165,test,run16|d3c0cb15d6b62cfe0ccfb166
10166,train,run16|4bc0179bff5474995d244ce1
10167,test,run16|d0460bd2dcd469503497c697
10168,test,run16|ff406ccca4da246579216819
10169,train,run16|dbd98d520d4e3d76f655fc49
10170,test,run16|b7df9bd6050e24087c4e28ba
10171,test,run16|1ea7f88c047915c83decc833
10172,val,run16|cf13d7846aa0bbd40a866347
10173,val,run16|9acffe6a69231426eeb5b0cd
10174,val,run16|5a1528c4b052168c32d6d687
10175,test,run16|d806aafc2fbd42bbb448cdbf
10176,val,run16|4e0c98a63c14b7ff08645951
10177,val,run16|42933faab42bd3f3ea24f8e2
10178,val,run16|94224b5cbbadd3c2ed51dbb8
10179,train,run16|bfd4fe68c34735e435a7668f
10180,train,run16|e961719abca4deac0956d1f5
10181,train,run16|5ac09445ccd6b5d3bdf7b9b3
10182,test,run16|b9e7f6b7cd4a3d05db6671e6
10183,train,run16|38f3c2062bed7cb9e4e8a793
10184,train,run16|6da0d80114e40b3dcac8a37d
10185,train,run16|5d710f90de66f7fee9318af5
10186,train,run16|078a6124c541edcc1706c8b3
10187,test,run16|a8a9d9f11eb91ccbe6f95799
10188,val,run16|a7a4449be2b37c8cb855ca2d
10189,test,run16|c197e79c7316b25abed59703
10190,train,run16|5c94a7e0f1fee3a353b13bf6
10191,train,run16|38d66de15fbf9c2aad2d9a3e
10192,val,run16|204b70bf1cb6d4a0564b7dd5
10193,train,run16|c56f8e9842379335391f756c
10194,train,run16|54262f7533ae851f87899395
10195,train,run16|dd34a393b2f55eae13e664e1
10196,train,run16|b3b2c69a95f4bb29e783c357
10197,train,run16|28b45cdab63e11d956c7194f
10198,val,run16|f5452b4f82267d1fc691e122
10199,test,run16|7ec19b1f0ed9050589a3d2f2
10200,val,run16|9e83c80e0f84ac608ee8fb61
10201,test,run16|1e6429cd0ed9f1ba93dae5bf
10202,train,run16|4bd60605559d76dcba008318
10203,val,run16|8d922e487cc2632d8606a7f5
10204,val,run16|70641a11b63912fe788a2b97
10205,train,run16|8c6806784d85418730ecdd4d
10206,test,run16|ec7a8b880921d0293601641d
10207,train,run16|bf5d11e12c0f4055831f9866
10208,train,run16|993b63bfb8693fd67ca7821a
10209,train,run16|9708707b2264468aac4d8a3e
10210,test,run16|8fcaafc07d88f0f305d5804b
10211,train,run16|fa166805914a716f438966e0
10212,train,run16|57b0bab71733e2591d69469a
10213,val,run16|34efe83ba0853aa814d14465
10214,val,run16|127f898ad608486fb06a80e2
10215,test,run16|a1655944589ae4dca43c7ff5
10216,train,run16|4ff7f92c78ec6440605d7afa
10217,test,run16|69e1871236304d263c335312
10218,train,run16|55f2af17d1f2498a27a5f02a
10219,train,run16|ff62a1df9c743ad0a449b3a5
10220,val,run16|07f132c636a3a3e3b93527cb
10221,train,run16|378fd243f63cc98b292ebe4e
10222,train,run16|32b7c7fe6713ac9006e43939
10223,test,run16|fa9951b5f33d7918fcb7867f
10224,val,run16|b5afaf60ad74e59cd1d7328e
10225,test,run16|f310209b0c2f2b15ea126c15
10226,train,run16|a50d5769ed6c49f8142372c1
10227,val,run16|fc8d871d569385b1ac1ecac6
10228,test,run16|d3c0cb15d6b62cfe0ccfb166
10229,train,run16|4bc0179bff5474995d244ce1
10230,test,run16|d0460bd2dcd469503497c697
10231,test,run16|ff406ccca4da246579216819
10232,train,run16|dbd98d520d4e3d76f655fc49
10233,test,run16|b7df9bd6050e24087c4e28ba
10234,test,run16|1ea7f88c047915c83decc833
10235,val,run16|cf13d7846aa0bbd40a866347
10236,val,run16|9acffe6a69231426eeb5b0cd
10237,val,run16|5a1528c4b052168c32d6d687
10238,test,run16|d806aafc2fbd42bbb448cdbf
10239,val,run16|4e0c98a63c14b7ff08645951
10240,val,run16|42933faab42bd3f3ea24f8e2
10241,val,run16|94224b5cbbadd3c2ed51dbb8
10242,train,run16|bfd4fe68c34735e435a7668f
10243,train,run16|e961719abca4deac0956d1f5
10244,train,run16|5ac09445ccd6b5d3bdf7b9b3
10245,test,run16|b9e7f6b7cd4a3d05db6671e6
10246,train,run16|38f3c2062bed7cb9e4e8a793
10247,train,run16|6da0d80114e40b3dcac8a37d
10248,train,run16|5d710f90de66f7fee9318af5
10249,train,run16|078a6124c541edcc1706c8b3
10250,test,run16|a8a9d9f11eb91ccbe6f95799
10251,val,run16|a7a4449be2b37c8cb855ca2d
10252,test,run16|c197e79c7316b25abed59703
10253,train,run16|5c94a7e0f1fee3a353b13bf6
10254,train,run16|38d66de15fbf9c2aad2d9a3e
10255,val,run16|204b70bf1cb6d4a0564b7dd5
10256,train,run16|c56f8e9842379335391f756c
10257,train,run16|54262f7533ae851f87899395
10258,train,run16|dd34a393b2f55eae13e664e1
10259,train,run16|b3b2c69a95f4bb29e783c357
10260,train,run16|28b45cdab63e11d956c7194f
10261,val,run16|f5452b4f82267d1fc691e122
10262,test,run16|7ec19b1f0ed9050589a3d2f2
10263,val,run16|9e83c80e0f84ac608ee8fb61
10264,test,run16|1e6429cd0ed9f1ba93dae5bf
10265,train,run16|4bd60605559d76dcba008318
10266,val,run16|8d922e487cc2632d8606a7f5
10267,val,run16|70641a11b63912fe788a2b97
10268,train,run16|8c6806784d85418730ecdd4d
10269,test,run16|ec7a8b880921d0293601641d
10270,train,run16|bf5d11e12c0f4055831f9866
10271,train,run16|993b63bfb8693fd67ca7821a
10272,train,run16|9708707b2264468aac4d8a3e
10273,test,run16|8fcaafc07d88f0f305d5804b
10274,train,run16|fa166805914a716f438966e0
10275,train,run16|57b0bab71733e2591d69469a
10276,val,run16|34efe83ba0853aa814d14465
10277,val,run16|127f898ad608486fb06a80e2
10278,test,run16|a1655944589ae4dca43c7ff5
10279,train,run16|4ff7f92c78ec6440605d7afa
10280,test,run16|69e1871236304d263c335312
10281,train,run16|55f2af17d1f2498a27a5f02a
10282,train,run16|ff62a1df9c743ad0a449b3a5
10283,val,run16|07f132c636a3a3e3b93527cb
10284,train,run16|378fd243f63cc98b292ebe4e
10285,train,run16|32b7c7fe6713ac9006e43939
10286,test,run16|fa9951b5f33d7918fcb7867f
10287,val,run16|b5afaf60ad74e59cd1d7328e
10288,test,run16|f310209b0c2f2b15ea126c15
10289,train,run16|a50d5769ed6c49f8142372c1
10290,val,run16|fc8d871d569385b1ac1ecac6
10291,test,run16|d3c0cb15d6b62cfe0ccfb166
10292,train,run16|4bc0179bff5474995d244ce1
10293,test,run16|d0460bd2dcd469503497c697
10294,test,run16|ff406ccca4da246579216819
10295,train,run16|dbd98d520d4e3d76f655fc49
10296,test,run16|b7df9bd6050e24087c4e28ba
10297,test,run16|1ea7f88c047915c83decc833
10298,val,run16|cf13d7846aa0bbd40a866347
10299,val,run16|9acffe6a69231426eeb5b0cd
10300,val,run16|5a1528c4b052168c32d6d687
10301,test,run16|d806aafc2fbd42bbb448cdbf
10302,val,run16|4e0c98a63c14b7ff08645951
10303,val,run16|42933faab42bd3f3ea24f8e2
10304,val,run16|94224b5cbbadd3c2ed51dbb8
10305,train,run16|bfd4fe68c34735e435a7668f
10306,train,run16|e961719abca4deac0956d1f5
10307,train,run16|5ac09445ccd6b5d3bdf7b9b3
10308,test,run16|b9e7f6b7cd4a3d05db6671e6
10309,train,run16|38f3c2062bed7cb9e4e8a793
10310,train,run16|6da0d80114e40b3dcac8a37d
10311,train,run16|5d710f90de66f7fee9318af5
10312,train,run16|078a6124c541edcc1706c8b3
10313,test,run16|a8a9d9f11eb91ccbe6f95799
10314,val,run16|a7a4449be2b37c8cb855ca2d
10315,test,run16|c197e79c7316b25abed59703
10316,train,run16|5c94a7e0f1fee3a353b13bf6
10317,train,run16|38d66de15fbf9c2aad2d9a3e
10318,val,run16|204b70bf1cb6d4a0564b7dd5
10319,train,run16|c56f8e9842379335391f756c
10320,train,run16|54262f7533ae851f87899395
10321,train,run16|dd34a393b2f55eae13e664e1
10322,train,run16|b3b2c69a95f4bb29e783c357
10323,train,run16|28b45cdab63e11d956c7194f
10324,val,run16|f5452b4f82267d1fc691e122
10325,test,run16|7ec19b1f0ed9050589a3d2f2
10326,val,run16|9e83c80e0f84ac608ee8fb61
10327,test,run16|1e6429cd0ed9f1ba93dae5bf
10328,train,run16|4bd60605559d76dcba008318
10329,val,run16|8d922e487cc2632d8606a7f5
10330,val,run16|70641a11b63912fe788a2b97
10331,train,run16|8c6806784d85418730ecdd4d
10332,test,run16|ec7a8b880921d0293601641d
10333,train,run16|bf5d11e12c0f4055831f9866
10334,train,run16|993b63bfb8693fd67ca7821a
10335,train,run16|9708707b2264468aac4d8a3e
10336,test,run16|8fcaafc07d88f0f305d5804b
10337,train,run16|fa166805914a716f438966e0
10338,train,run16|57b0bab71733e2591d69469a
10339,val,run16|34efe83ba0853aa814d14465
10340,val,run16|127f898ad608486fb06a80e2
10341,test,run16|a1655944589ae4dca43c7ff5
10342,train,run16|4ff7f92c78ec6440605d7afa
10343,test,run16|69e1871236304d263c335312
10344,train,run16|55f2af17d1f2498a27a5f02a
10345,train,run16|ff62a1df9c743ad0a449b3a5
10346,val,run16|07f132c636a3a3e3b93527cb
10347,train,run16|378fd243f63cc98b292ebe4e
10348,train,run16|32b7c7fe6713ac9006e43939
10349,test,run16|fa9951b5f33d7918fcb7867f
10350,val,run16|b5afaf60ad74e59cd1d7328e
10351,test,run16|f310209b0c2f2b15ea126c15
10352,train,run16|a50d5769ed6c49f8142372c1
10353,val,run16|fc8d871d569385b1ac1ecac6
10354,test,run16|d3c0cb15d6b62cfe0ccfb166
10355,train,run16|4bc0179bff5474995d244ce1
10356,test,run16|d0460bd2dcd469503497c697
10357,test,run16|ff406ccca4da246579216819
10358,train,run16|dbd98d520d4e3d76f655fc49
10359,test,run16|b7df9bd6050e24087c4e28ba
10360,test,run16|1ea7f88c047915c83decc833
10361,val,run16|cf13d7846aa0bbd40a866347
10362,val,run16|9acffe6a69231426eeb5b0cd
10363,val,run16|5a1528c4b052168c32d6d687
10364,test,run16|d806aafc2fbd42bbb448cdbf
10365,val,run16|4e0c98a63c14b7ff08645951
10366,val,run16|42933faab42bd3f3ea24f8e2
10367,val,run16|94224b5cbbadd3c2ed51dbb8
10368,train,run16|bfd4fe68c34735e435a7668f
10369,train,run16|e961719abca4deac0956d1f5
10370,train,run16|5ac09445ccd6b5d3bdf7b9b3
10371,test,run16|b9e7f6b7cd4a3d05db6671e6
10372,train,run16|38f3c2062bed7cb9e4e8a793
10373,train,run16|6da0d80114e40b3dcac8a37d
10374,train,run16|5d710f90de66f7fee9318af5
10375,train,run16|078a6124c541edcc1706c8b3
10376,test,run16|a8a9d9f11eb91ccbe6f95799
10377,val,run16|a7a4449be2b37c8cb855ca2d
10378,test,run16|c197e79c7316b25abed59703
10379,train,run16|5c94a7e0f1fee3a353b13bf6
10380,train,run16|38d66de15fbf9c2aad2d9a3e
10381,val,run16|204b70bf1cb6d4a0564b7dd5
10382,train,run16|c56f8e9842379335391f756c
10383,train,run16|54262f7533ae851f87899395
10384,train,run16|dd34a393b2f55eae13e664e1
10385,train,run16|b3b2c69a95f4bb29e783c357
10386,train,run16|28b45cdab63e11d956c7194f
10387,val,run16|f5452b4f82267d1fc691e122
10388,test,run16|7ec19b1f0ed9050589a3d2f2
10389,val,run16|9e83c80e0f84ac608ee8fb61
10390,test,run16|1e6429cd0ed9f1ba93dae5bf
10391,train,run16|4bd60605559d76dcba008318
10392,val,run16|8d922e487cc2632d8606a7f5
10393,val,run16|70641a11b63912fe788a2b97
10394,train,run16|8c6806784d85418730ecdd4d
10395,test,run16|ec7a8b880921d0293601641d
10396,train,run16|bf5d11e12c0f4055831f9866
10397,train,run16|993b63bfb8693fd67ca7821a
10398,train,run16|9708707b2264468aac4d8a3e
10399,test,run16|8fcaafc07d88f0f305d5804b
10400,train,run16|fa166805914a716f438966e0
10401,train,run16|57b0bab71733e2591d69469a
10402,val,run16|34efe83ba0853aa814d14465
10403,val,run16|127f898ad608486fb06a80e2
10404,test,run16|a1655944589ae4dca43c7ff5
10405,train,run16|4ff7f92c78ec6440605d7afa
10406,test,run16|69e1871236304d263c335312
10407,train,run16|55f2af17d1f2498a27a5f02a
10408,train,run16|ff62a1df9c743ad0a449b3a5
10409,val,run16|07f132c636a3a3e3b93527cb
10410,train,run16|378fd243f63cc98b292ebe4e
10411,train,run16|32b7c7fe6713ac9006e43939
10412,test,run16|fa9951b5f33d7918fcb7867f
10413,val,run16|b5afaf60ad74e59cd1d7328e
10414,test,run16|f310209b0c2f2b15ea126c15
10415,train,run16|a50d5769ed6c49f8142372c1
10416,val,run16|fc8d871d569385b1ac1ecac6
10417,test,run16|d3c0cb15d6b62cfe0ccfb166
10418,train,run16|4bc0179bff5474995d244ce1
10419,test,run16|d0460bd2dcd469503497c697
10420,test,run16|ff406ccca4da246579216819
10421,train,run16|dbd98d520d4e3d76f655fc49
10422,test,run16|b7df9bd6050e24087c4e28ba
10423,test,run16|1ea7f88c047915c83decc833
10424,val,run16|cf13d7846aa0bbd40a866347
10425,val,run16|9acffe6a69231426eeb5b0cd
10426,val,run16|5a1528c4b052168c32d6d687
10427,test,run16|d806aafc2fbd42bbb448cdbf
10428,val,run16|4e0c98a63c14b7ff08645951
10429,val,run16|42933faab42bd3f3ea24f8e2
10430,val,run16|94224b5cbbadd3c2ed51dbb8
10431,train,run16|bfd4fe68c34735e435a7668f
10432,train,run16|e961719abca4deac0956d1f5
10433,train,run16|5ac09445ccd6b5d3bdf7b9b3
10434,test,run16|b9e7f6b7cd4a3d05db6671e6
10435,train,run16|38f3c2062bed7cb9e4e8a793
10436,train,run16|6da0d80114e40b3dcac8a37d
10437,train,run16|5d710f90de66f7fee9318af5
10438,train,run16|078a6124c541edcc1706c8b3
10439,test,run16|a8a9d9f11eb91ccbe6f95799
10440,val,run16|a7a4449be2b37c8cb855ca2d
10441,test,run16|c197e79c7316b25abed59703
10442,train,run16|5c94a7e0f1fee3a353b13bf6
10443,train,run16|38d66de15fbf9c2aad2d9a3e
10444,val,run16|204b70bf1cb6d4a0564b7dd5
10445,train,run16|c56f8e9842379335391f756c
10446,train,run16|54262f7533ae851f87899395
10447,train,run16|dd34a393b2f55eae13e664e1
10448,train,run16|b3b2c69a95f4bb29e783c357
10449,train,run16|28b45cdab63e11d956c7194f
10450,val,run16|f5452b4f82267d1fc691e122
10451,test,run16|7ec19b1f0ed9050589a3d2f2
10452,val,run16|9e83c80e0f84ac608ee8fb61
10453,test,run16|1e6429cd0ed9f1ba93dae5bf
10454,train,run16|4bd60605559d76dcba008318
10455,val,run16|8d922e487cc2632d8606a7f5
10456,val,run16|70641a11b63912fe788a2b97
10457,train,run16|8c6806784d85418730ecdd4d
10458,test,run16|ec7a8b880921d0293601641d
10459,train,run16|bf5d11e12c0f4055831f9866
10460,train,run16|993b63bfb8693fd67ca7821a
10461,train,run16|9708707b2264468aac4d8a3e
10462,test,run16|8fcaafc07d88f0f305d5804b
10463,train,run16|fa166805914a716f438966e0
10464,train,run16|57b0bab71733e2591d69469a
10465,val,run16|34efe83ba0853aa814d14465
10466,val,run16|127f898ad608486fb06a80e2
10467,test,run16|a1655944589ae4dca43c7ff5
10468,train,run16|4ff7f92c78ec6440605d7afa
10469,test,run16|69e1871236304d263c335312
10470,train,run16|55f2af17d1f2498a27a5f02a
10471,train,run16|ff62a1df9c743ad0a449b3a5
10472,val,run16|07f132c636a3a3e3b93527cb
10473,train,run16|378fd243f63cc98b292ebe4e
10474,train,run16|32b7c7fe6713ac9006e43939
10475,test,run16|fa9951b5f33d7918fcb7867f
10476,val,run16|b5afaf60ad74e59cd1d7328e
10477,test,run16|f310209b0c2f2b15ea126c15
10478,train,run16|a50d5769ed6c49f8142372c1
10479,val,run16|fc8d871d569385b1ac1ecac6
10480,test,run16|d3c0cb15d6b62cfe0ccfb166
10481,train,run16|4bc0179bff5474995d244ce1
10482,test,run16|d0460bd2dcd469503497c697
10483,test,run16|ff406ccca4da246579216819
10484,train,run16|dbd98d520d4e3d76f655fc49
10485,test,run16|b7df9bd6050e24087c4e28ba
10486,test,run16|1ea7f88c047915c83decc833
10487,val,run16|cf13d7846aa0bbd40a866347
10488,val,run16|9acffe6a69231426eeb5b0cd
10489,val,run16|5a1528c4b052168c32d6d687
10490,test,run16|d806aafc2fbd42bbb448cdbf
10491,val,run16|4e0c98a63c14b7ff08645951
10492,val,run16|42933faab42bd3f3ea24f8e2
10493,val,run16|94224b5cbbadd3c2ed51dbb8
10494,train,run16|bfd4fe68c34735e435a7668f
10495,train,run16|e961719abca4deac0956d1f5
10496,train,run16|5ac09445ccd6b5d3bdf7b9b3
10497,test,run16|b9e7f6b7cd4a3d05db6671e6
10498,train,run16|38f3c2062bed7cb9e4e8a793
10499,train,run16|6da0d80114e40b3dcac8a37d
10500,train,run16|5d710f90de66f7fee9318af5
10501,train,run16|078a6124c541edcc1706c8b3
10502,test,run16|a8a9d9f11eb91ccbe6f95799
10503,val,run16|a7a4449be2b37c8cb855ca2d
10504,test,run16|c197e79c7316b25abed59703
10505,train,run16|5c94a7e0f1fee3a353b13bf6
10506,train,run16|38d66de15fbf9c2aad2d9a3e
10507,val,run16|204b70bf1cb6d4a0564b7dd5
10508,train,run16|c56f8e9842379335391f756c
10509,train,run16|54262f7533ae851f87899395
10510,train,run16|dd34a393b2f55eae13e664e1
10511,train,run16|b3b2c69a95f4bb29e783c357
10512,train,run16|28b45cdab63e11d956c7194f
10513,val,run16|f5452b4f82267d1fc691e122
10514,test,run16|7ec19b1f0ed9050589a3d2f2
10515,val,run16|9e83c80e0f84ac608ee8fb61
10516,test,run16|1e6429cd0ed9f1ba93dae5bf
10517,train,run16|4bd60605559d76dcba008318
10518,val,run16|8d922e487cc2632d8606a7f5
10519,val,run16|70641a11b63912fe788a2b97
10520,train,run16|8c6806784d85418730ecdd4d
10521,test,run16|ec7a8b880921d0293601641d
10522,train,run16|bf5d11e12c0f4055831f9866
10523,train,run16|993b63bfb8693fd67ca7821a
10524,train,run16|9708707b2264468aac4d8a3e
10525,test,run16|8fcaafc07d88f0f305d5804b
10526,train,run16|fa166805914a716f438966e0
10527,train,run16|57b0bab71733e2591d69469a
10528,val,run16|34efe83ba0853aa814d14465
10529,val,run16|127f898ad608486fb06a80e2
10530,test,run16|a1655944589ae4dca43c7ff5
10531,train,run16|4ff7f92c78ec6440605d7afa
10532,test,run16|69e1871236304d263c335312
10533,train,run16|55f2af17d1f2498a27a5f02a
10534,train,run16|ff62a1df9c743ad0a449b3a5
10535,val,run16|07f132c636a3a3e3b93527cb
10536,train,run16|378fd243f63cc98b292ebe4e
10537,train,run16|32b7c7fe6713ac9006e43939
10538,test,run16|fa9951b5f33d7918fcb7867f
10539,val,run16|b5afaf60ad74e59cd1d7328e
10540,test,run16|f310209b0c2f2b15ea126c15
10541,train,run16|a50d5769ed6c49f8142372c1
10542,val,run16|fc8d871d569385b1ac1ecac6
10543,test,run16|d3c0cb15d6b62cfe0ccfb166
10544,train,run16|4bc0179bff5474995d244ce1
10545,test,run16|d0460bd2dcd469503497c697
10546,test,run16|ff406ccca4da246579216819
10547,train,run16|dbd98d520d4e3d76f655fc49
10548,test,run16|b7df9bd6050e24087c4e28ba
10549,test,run16|1ea7f88c047915c83decc833
10550,val,run16|cf13d7846aa0bbd40a866347
10551,val,run16|9acffe6a69231426eeb5b0cd
10552,val,run16|5a1528c4b052168c32d6d687
10553,test,run16|d806aafc2fbd42bbb448cdbf
10554,val,run16|4e0c98a63c14b7ff08645951
10555,val,run16|42933faab42bd3f3ea24f8e2
10556,val,run16|94224b5cbbadd3c2ed51dbb8
10557,train,run16|bfd4fe68c34735e435a7668f
10558,train,run16|e961719abca4deac0956d1f5
10559,train,run16|5ac09445ccd6b5d3bdf7b9b3
10560,test,run16|b9e7f6b7cd4a3d05db6671e6
10561,train,run16|38f3c2062bed7cb9e4e8a793
10562,train,run16|6da0d80114e40b3dcac8a37d
10563,train,run16|5d710f90de66f7fee9318af5
10564,train,run16|078a6124c541edcc1706c8b3
10565,test,run16|a8a9d9f11eb91ccbe6f95799
10566,val,run16|a7a4449be2b37c8cb855ca2d
10567,test,run16|c197e79c7316b25abed59703
10568,train,run16|5c94a7e0f1fee3a353b13bf6
10569,train,run16|38d66de15fbf9c2aad2d9a3e
10570,val,run16|204b70bf1cb6d4a0564b7dd5
10571,train,run16|c56f8e9842379335391f756c
10572,train,run16|54262f7533ae851f87899395
10573,train,run16|dd34a393b2f55eae13e664e1
10574,train,run16|b3b2c69a95f4bb29e783c357
10575,train,run16|28b45cdab63e11d956c7194f
10576,val,run16|f5452b4f82267d1fc691e122
10577,test,run16|7ec19b1f0ed9050589a3d2f2
10578,val,run16|9e83c80e0f84ac608ee8fb61
10579,test,run16|1e6429cd0ed9f1ba93dae5bf
10580,train,run16|4bd60605559d76dcba008318
10581,val,run16|8d922e487cc2632d8606a7f5
10582,val,run16|70641a11b63912fe788a2b97
10583,train,run16|8c6806784d85418730ecdd4d
10584,test,run16|ec7a8b880921d0293601641d
10585,train,run16|bf5d11e12c0f4055831f9866
10586,train,run16|993b63bfb8693fd67ca7821a
10587,train,run16|9708707b2264468aac4d8a3e
10588,test,run16|8fcaafc07d88f0f305d5804b
10589,train,run16|fa166805914a716f438966e0
10590,train,run16|57b0bab71733e2591d69469a
10591,val,run16|34efe83ba0853aa814d14465
10592,val,run16|127f898ad608486fb06a80e2
10593,test,run16|a1655944589ae4dca43c7ff5
10594,train,run16|4ff7f92c78ec6440605d7afa
10595,test,run16|69e1871236304d263c335312
10596,train,run16|55f2af17d1f2498a27a5f02a
10597,train,run16|ff62a1df9c743ad0a449b3a5
10598,val,run16|07f132c636a3a3e3b93527cb
10599,val,run16|f81680c03204e79da207dfd8
10600,test,run16|902c499bd0edf8327887a447
10601,train,run16|69dfd709eacdf46520acc5c7
10602,train,run16|378fd243f63cc98b292ebe4e
10603,train,run16|32b7c7fe6713ac9006e43939
10604,test,run16|fa9951b5f33d7918fcb7867f
10605,val,run16|b5afaf60ad74e59cd1d7328e
10606,test,run16|f310209b0c2f2b15ea126c15
10607,train,run16|a50d5769ed6c49f8142372c1
10608,val,run16|fc8d871d569385b1ac1ecac6
10609,test,run16|d3c0cb15d6b62cfe0ccfb166
10610,train,run16|4bc0179bff5474995d244ce1
10611,test,run16|d0460bd2dcd469503497c697
10612,test,run16|ff406ccca4da246579216819
10613,train,run16|dbd98d520d4e3d76f655fc49
10614,test,run16|b7df9bd6050e24087c4e28ba
10615,test,run16|1ea7f88c047915c83decc833
10616,val,run16|cf13d7846aa0bbd40a866347
10617,val,run16|9acffe6a69231426eeb5b0cd
10618,val,run16|5a1528c4b052168c32d6d687
10619,test,run16|d806aafc2fbd42bbb448cdbf
10620,val,run16|4e0c98a63c14b7ff08645951
10621,val,run16|42933faab42bd3f3ea24f8e2
10622,val,run16|94224b5cbbadd3c2ed51dbb8
10623,train,run16|bfd4fe68c34735e435a7668f
10624,train,run16|e961719abca4deac0956d1f5
10625,train,run16|5ac09445ccd6b5d3bdf7b9b3
10626,test,run16|b9e7f6b7cd4a3d05db6671e6
10627,train,run16|38f3c2062bed7cb9e4e8a793
10628,train,run16|6da0d80114e40b3dcac8a37d
10629,train,run16|5d710f90de66f7fee9318af5
10630,train,run16|078a6124c541edcc1706c8b3
10631,test,run16|a8a9d9f11eb91ccbe6f95799
10632,val,run16|a7a4449be2b37c8cb855ca2d
10633,test,run16|c197e79c7316b25abed59703
10634,train,run16|5c94a7e0f1fee3a353b13bf6
10635,train,run16|38d66de15fbf9c2aad2d9a3e
10636,val,run16|204b70bf1cb6d4a0564b7dd5
10637,train,run16|c56f8e9842379335391f756c
10638,train,run16|54262f7533ae851f87899395
10639,train,run16|dd34a393b2f55eae13e664e1
10640,train,run16|b3b2c69a95f4bb29e783c357
10641,train,run16|28b45cdab63e11d956c7194f
10642,val,run16|f5452b4f82267d1fc691e122
10643,test,run16|7ec19b1f0ed9050589a3d2f2
10644,val,run16|9e83c80e0f84ac608ee8fb61
10645,test,run16|1e6429cd0ed9f1ba93dae5bf
10646,train,run16|4bd60605559d76dcba008318
10647,val,run16|8d922e487cc2632d8606a7f5
10648,val,run16|70641a11b63912fe788a2b97
10649,train,run16|8c6806784d85418730ecdd4d
10650,test,run16|ec7a8b880921d0293601641d
10651,train,run16|bf5d11e12c0f4055831f9866
10652,train,run16|993b63bfb8693fd67ca7821a
10653,train,run16|9708707b2264468aac4d8a3e
10654,test,run16|8fcaafc07d88f0f305d5804b
10655,train,run16|fa166805914a716f438966e0
10656,train,run16|57b0bab71733e2591d69469a
10657,val,run16|34efe83ba0853aa814d14465
10658,val,run16|127f898ad608486fb06a80e2
10659,test,run16|a1655944589ae4dca43c7ff5
10660,train,run16|4ff7f92c78ec6440605d7afa
10661,test,run16|69e1871236304d263c335312
10662,train,run16|55f2af17d1f2498a27a5f02a
10663,train,run16|ff62a1df9c743ad0a449b3a5
10664,val,run16|07f132c636a3a3e3b93527cb
10665,train,run16|b8eb3a7bb79917e5b4092cd0
10666,train,run16|e8ee39908492868ed452e38e
10667,test,run16|958fd27550ffc89837e55645
10668,train,run16|378fd243f63cc98b292ebe4e
10669,train,run16|32b7c7fe6713ac9006e43939
10670,test,run16|fa9951b5f33d7918fcb7867f
10671,val,run16|b5afaf60ad74e59cd1d7328e
10672,test,run16|f310209b0c2f2b15ea126c15
10673,train,run16|a50d5769ed6c49f8142372c1
10674,val,run16|fc8d871d569385b1ac1ecac6
10675,test,run16|d3c0cb15d6b62cfe0ccfb166
10676,train,run16|4bc0179bff5474995d244ce1
10677,test,run16|d0460bd2dcd469503497c697
10678,test,run16|ff406ccca4da246579216819
10679,train,run16|dbd98d520d4e3d76f655fc49
10680,test,run16|b7df9bd6050e24087c4e28ba
10681,test,run16|1ea7f88c047915c83decc833
10682,val,run16|cf13d7846aa0bbd40a866347
10683,val,run16|9acffe6a69231426eeb5b0cd
10684,val,run16|5a1528c4b052168c32d6d687
10685,test,run16|d806aafc2fbd42bbb448cdbf
10686,val,run16|4e0c98a63c14b7ff08645951
10687,val,run16|42933faab42bd3f3ea24f8e2
10688,val,run16|94224b5cbbadd3c2ed51dbb8
10689,train,run16|bfd4fe68c34735e435a7668f
10690,train,run16|e961719abca4deac0956d1f5
10691,train,run16|5ac09445ccd6b5d3bdf7b9b3
10692,test,run16|b9e7f6b7cd4a3d05db6671e6
10693,train,run16|38f3c2062bed7cb9e4e8a793
10694,train,run16|6da0d80114e40b3dcac8a37d
10695,train,run16|5d710f90de66f7fee9318af5
10696,train,run16|078a6124c541edcc1706c8b3
10697,test,run16|a8a9d9f11eb91ccbe6f95799
10698,val,run16|a7a4449be2b37c8cb855ca2d
10699,test,run16|c197e79c7316b25abed59703
10700,train,run16|5c94a7e0f1fee3a353b13bf6
10701,train,run16|38d66de15fbf9c2aad2d9a3e
10702,val,run16|204b70bf1cb6d4a0564b7dd5
10703,train,run16|c56f8e9842379335391f756c
10704,train,run16|54262f7533ae851f87899395
10705,train,run16|dd34a393b2f55eae13e664e1
10706,train,run16|b3b2c69a95f4bb29e783c357
10707,train,run16|28b45cdab63e11d956c7194f
10708,val,run16|f5452b4f82267d1fc691e122
10709,test,run16|7ec19b1f0ed9050589a3d2f2
10710,val,run16|9e83c80e0f84ac608ee8fb61
10711,test,run16|1e6429cd0ed9f1ba93dae5bf
10712,train,run16|4bd60605559d76dcba008318
10713,val,run16|8d922e487cc2632d8606a7f5
10714,val,run16|70641a11b63912fe788a2b97
10715,train,run16|8c6806784d85418730ecdd4d
10716,test,run16|ec7a8b880921d0293601641d
10717,train,run16|bf5d11e12c0f4055831f9866
10718,train,run16|993b63bfb8693fd67ca7821a
10719,train,run16|9708707b2264468aac4d8a3e
10720,test,run16|8fcaafc07d88f0f305d5804b
10721,train,run16|fa166805914a716f438966e0
10722,train,run16|57b0bab71733e2591d69469a
10723,val,run16|34efe83ba0853aa814d14465
10724,val,run16|127f898ad608486fb06a80e2
10725,test,run16|a1655944589ae4dca43c7ff5
10726,train,run16|4ff7f92c78ec6440605d7afa
10727,test,run16|69e1871236304d263c335312
10728,train,run16|55f2af17d1f2498a27a5f02a
10729,train,run16|ff62a1df9c743ad0a449b3a5
10730,val,run16|07f132c636a3a3e3b93527cb
10731,train,run16|fe468a6a9cb82fa0c588ea0f
10732,train,run16|7216bfa2e30d80b514094c80
10733,val,run17|818064c13558d471b43f1504
10734,test,run17|59e1d3b0373ebffb55ec1faf
10735,train,run17|b208adb1d01dd1f28ecd6fb7
10736,train,run17|4c3f6e8e718e909edbca01c6
10737,train,run17|5dd0f08d5dbf2acfbbe282ba
10738,val,run17|3a23c06148608d6399db45b9
10739,test,run17|df13c177484f5776a8cbbe77
10740,val,run17|6ee8085769e57ab9ff30ecc4
10741,val,run17|b9c8988203e1a6a256743d75
10742,test,run17|a6ab34c85cd3a7cba99bdcbf
10743,test,run17|9b2f961ea1616a014d98eef1
10744,train,run17|64df50c9a47e492ec6396a8e
10745,train,run17|fc0365a2580226c4c13e1e1f
10746,test,run17|08c444a8840bc6b9959399b3
10747,test,run17|3e4528a0548df2b35f0db0b6
10748,val,run17|6dbd2bf3ee1474f50de09795
10749,test,run17|9b78ebbc7848059eaf5ecc86
10750,test,run17|1e73d299110b9cd8fd48ddfa
10751,val,run17|a4f1168b933d43099907481f
10752,test,run17|540fee6d0876a5d90d454e28
10753,train,run17|cb250fc71138133d1fcb746d
10754,train,run17|6a26fca6b0d52fd55589bc65
10755,test,run17|99f4fcad9bfb96b0bbb75845
10756,train,run17|e2bd93fb1add28b6d35d8c24
10757,train,run17|777e6aebb21f31275625dbf4
10758,train,run17|414844cdf307292907e6693d
10759,val,run17|fa658a428840176d0a12fb85
10760,train,run17|b935f354b8e89fbff590f13f
10761,train,run17|adf2b37b115a7d47462e02ed
10762,train,run17|864ac382fd11ebb61c1b5bd6
10763,val,run17|804edf7316b011b834175451
10764,val,run17|9918002292e7c7ed318b8ba6
10765,train,run17|0fca536ae868d0edb8f87c85
10766,train,run17|2ad80e36c98abfcbb834ebb1
10767,train,run17|57a69b84fbb398ed3069331d
10768,test,run17|c9381faa9380daee9bab15c2
10769,train,run17|e5df98122caf3a34fe7159e7
10770,train,run17|20a89196203b958c634842ed
10771,train,run17|503ae2ea6ac28f75a88fdff7
10772,test,run17|3230446e77323852c2739495
10773,val,run17|9f94acae6414179a5e89df71
10774,train,run17|ae00f394b6db0de50558a24d
10775,train,run17|1dd6cc8ff41902a84a63d7a0
10776,val,run17|9384252f0a876f0b5c00b313
10777,val,run17|7ba22c02c96112e262fd2c5b
10778,train,run17|e1213821e58cf6a6fde33a62
10779,train,run17|b23e009e4fab61bf0922d389
10780,test,run17|5212e4eaf61e52c8ef4d260d
10781,test,run17|7f037e6f3561a848ca89840d
10782,train,run17|7eb1a4f77bd8d9501c0a7f73
10783,val,run17|15a866d8d432dcc4aab9c7ac
10784,train,run17|ae673286decdbbc168efb3d2
10785,train,run17|db83697e42cc42fa1dfd3c43
10786,train,run17|b8cc0d861cec480606c86cf7
10787,test,run17|e8d222704dbd4fc0a34d13b8
10788,train,run17|dd9c08120db0ad6d0585a263
10789,train,run17|85ce16adfa1dab6753123315
10790,train,run17|c5e9a6c84d58014f42a6b11d
10791,test,run17|fe9a87cd9418ea4116c0e9e6
10792,train,run17|5c1add247fa27c515a0642cb
10793,train,run17|26bc8e4579c26d80e5f2cf7c
10794,train,run17|a47c924b2a438e204fcf1a07
10795,train,run17|4690110c1d44911ca047498a
10796,test,run17|ee4a27f411714d06f5191604
10797,train,run17|5fe66ffee402e714af7c1ae9
10798,train,run17|a41c7aceb40c92d1459e0c60
10799,train,run17|8c3e4c3a302af58e5a3500e9
10800,train,run17|082e0348d56fa0ff67514c36
10801,test,run17|a3f451bfae4fc08ba15fbdf7
10802,train,run17|121e294103810b1dcaf75969
10803,train,run17|aaa91a0ebe55190004202193
10804,train,run17|c40da8ab56aff20af4b183ff
10805,train,run17|f73893ccf2b7133d15f4a73c
10806,val,run17|ba1f3788dc41d9b8fc85a82e
10807,test,run17|c4e0144114495afcc02516a9
10808,train,run17|5aed7863186aeab1f0f88240
10809,train,run17|03a0bcb890525c401fe8691e
10810,test,run17|00ffdc455fd0071462b26c2f
10811,train,run17|e53deaa509d888238073e18c
10812,val,run17|818064c13558d471b43f1504
10813,test,run17|59e1d3b0373ebffb55ec1faf
10814,train,run17|b208adb1d01dd1f28ecd6fb7
10815,train,run17|4c3f6e8e718e909edbca01c6
10816,train,run17|5dd0f08d5dbf2acfbbe282ba
10817,val,run17|3a23c06148608d6399db45b9
10818,test,run17|df13c177484f5776a8cbbe77
10819,val,run17|6ee8085769e57ab9ff30ecc4
10820,val,run17|b9c8988203e1a6a256743d75
10821,test,run17|a6ab34c85cd3a7cba99bdcbf
10822,test,run17|9b2f961ea1616a014d98eef1
10823,train,run17|64df50c9a47e492ec6396a8e
10824,train,run17|fc0365a2580226c4c13e1e1f
10825,test,run17|08c444a8840bc6b9959399b3
10826,test,run17|3e4528a0548df2b35f0db0b6
10827,val,run17|6dbd2bf3ee1474f50de09795
10828,test,run17|9b78ebbc7848059eaf5ecc86
10829,test,run17|1e73d299110b9cd8fd48ddfa
10830,val,run17|a4f1168b933d43099907481f
10831,test,run17|540fee6d0876a5d90d454e28
10832,train,run17|cb250fc71138133d1fcb746d
10833,train,run17|6a26fca6b0d52fd55589bc65
10834,test,run17|99f4fcad9bfb96b0bbb75845
10835,train,run17|e2bd93fb1add28b6d35d8c24
10836,train,run17|777e6aebb21f31275625dbf4
10837,train,run17|414844cdf307292907e6693d
10838,val,run17|fa658a428840176d0a12fb85
10839,train,run17|b935f354b8e89fbff590f13f
10840,train,run17|adf2b37b115a7d47462e02ed
10841,train,run17|864ac382fd11ebb61c1b5bd6
10842,val,run17|804edf7316b011b834175451
10843,val,run17|9918002292e7c7ed318b8ba6
10844,train,run17|0fca536ae868d0edb8f87c85
10845,train,run17|2ad80e36c98abfcbb834ebb1
10846,train,run17|57a69b84fbb398ed3069331d
10847,test,run17|c9381faa9380daee9bab15c2
10848,train,run17|e5df98122caf3a34fe7159e7
10849,train,run17|20a89196203b958c634842ed
10850,train,run17|503ae2ea6ac28f75a88fdff7
10851,test,run17|3230446e77323852c2739495
10852,val,run17|9f94acae6414179a5e89df71
10853,train,run17|ae00f394b6db0de50558a24d
10854,train,run17|1dd6cc8ff41902a84a63d7a0
10855,val,run17|9384252f0a876f0b5c00b313
10856,val,run17|7ba22c02c96112e262fd2c5b
10857,train,run17|e1213821e58cf6a6fde33a62
10858,train,run17|b23e009e4fab61bf0922d389
10859,test,run17|5212e4eaf61e52c8ef4d260d
10860,test,run17|7f037e6f3561a848ca89840d
10861,train,run17|7eb1a4f77bd8d9501c0a7f73
10862,val,run17|15a866d8d432dcc4aab9c7ac
10863,train,run17|ae673286decdbbc168efb3d2
10864,train,run17|db83697e42cc42fa1dfd3c43
10865,train,run17|b8cc0d861cec480606c86cf7
10866,test,run17|e8d222704dbd4fc0a34d13b8
10867,train,run17|dd9c08120db0ad6d0585a263
10868,train,run17|85ce16adfa1dab6753123315
10869,train,run17|c5e9a6c84d58014f42a6b11d
10870,test,run17|fe9a87cd9418ea4116c0e9e6
10871,train,run17|5c1add247fa27c515a0642cb
10872,train,run17|26bc8e4579c26d80e5f2cf7c
10873,train,run17|a47c924b2a438e204fcf1a07
10874,train,run17|4690110c1d44911ca047498a
10875,val,run17|818064c13558d471b43f1504
10876,test,run17|59e1d3b0373ebffb55ec1faf
10877,train,run17|b208adb1d01dd1f28ecd6fb7
10878,train,run17|4c3f6e8e718e909edbca01c6
10879,train,run17|5dd0f08d5dbf2acfbbe282ba
10880,val,run17|3a23c06148608d6399db45b9
10881,test,run17|df13c177484f5776a8cbbe77
10882,val,run17|6ee8085769e57ab9ff30ecc4
10883,val,run17|b9c8988203e1a6a256743d75
10884,test,run17|a6ab34c85cd3a7cba99bdcbf
10885,test,run17|9b2f961ea1616a014d98eef1
10886,train,run17|64df50c9a47e492ec6396a8e
10887,train,run17|fc0365a2580226c4c13e1e1f
10888,test,run17|08c444a8840bc6b9959399b3
10889,test,run17|3e4528a0548df2b35f0db0b6
10890,val,run17|6dbd2bf3ee1474f50de09795
10891,test,run17|9b78ebbc7848059eaf5ecc86
10892,test,run17|1e73d299110b9cd8fd48ddfa
10893,val,run17|a4f1168b933d43099907481f
10894,test,run17|540fee6d0876a5d90d454e28
10895,train,run17|cb250fc71138133d1fcb746d
10896,train,run17|6a26fca6b0d52fd55589bc65
10897,test,run17|99f4fcad9bfb96b0bbb75845
10898,train,run17|e2bd93fb1add28b6d35d8c24
10899,train,run17|777e6aebb21f31275625dbf4
10900,train,run17|414844cdf307292907e6693d
10901,val,run17|fa658a428840176d0a12fb85
10902,train,run17|b935f354b8e89fbff590f13f
10903,train,run17|adf2b37b115a7d47462e02ed
10904,train,run17|864ac382fd11ebb61c1b5bd6
10905,val,run17|804edf7316b011b834175451
10906,val,run17|9918002292e7c7ed318b8ba6
10907,train,run17|0fca536ae868d0edb8f87c85
10908,train,run17|2ad80e36c98abfcbb834ebb1
10909,train,run17|57a69b84fbb398ed3069331d
10910,test,run17|c9381faa9380daee9bab15c2
10911,train,run17|e5df98122caf3a34fe7159e7
10912,train,run17|20a89196203b958c634842ed
10913,train,run17|503ae2ea6ac28f75a88fdff7
10914,test,run17|3230446e77323852c2739495
10915,val,run17|9f94acae6414179a5e89df71
10916,train,run17|ae00f394b6db0de50558a24d
10917,train,run17|1dd6cc8ff41902a84a63d7a0
10918,val,run17|9384252f0a876f0b5c00b313
10919,val,run17|7ba22c02c96112e262fd2c5b
10920,train,run17|e1213821e58cf6a6fde33a62
10921,train,run17|b23e009e4fab61bf0922d389
10922,test,run17|5212e4eaf61e52c8ef4d260d
10923,test,run17|7f037e6f3561a848ca89840d
10924,train,run17|7eb1a4f77bd8d9501c0a7f73
10925,val,run17|15a866d8d432dcc4aab9c7ac
10926,train,run17|ae673286decdbbc168efb3d2
10927,train,run17|db83697e42cc42fa1dfd3c43
10928,train,run17|b8cc0d861cec480606c86cf7
10929,test,run17|e8d222704dbd4fc0a34d13b8
10930,train,run17|dd9c08120db0ad6d0585a263
10931,train,run17|85ce16adfa1dab6753123315
10932,train,run17|c5e9a6c84d58014f42a6b11d
10933,test,run17|fe9a87cd9418ea4116c0e9e6
10934,train,run17|5c1add247fa27c515a0642cb
10935,train,run17|26bc8e4579c26d80e5f2cf7c
10936,train,run17|a47c924b2a438e204fcf1a07
10937,train,run17|4690110c1d44911ca047498a
10938,val,run17|818064c13558d471b43f1504
10939,test,run17|59e1d3b0373ebffb55ec1faf
10940,train,run17|b208adb1d01dd1f28ecd6fb7
10941,train,run17|4c3f6e8e718e909edbca01c6
10942,train,run17|5dd0f08d5dbf2acfbbe282ba
10943,val,run17|3a23c06148608d6399db45b9
10944,test,run17|df13c177484f5776a8cbbe77
10945,val,run17|6ee8085769e57ab9ff30ecc4
10946,val,run17|b9c8988203e1a6a256743d75
10947,test,run17|a6ab34c85cd3a7cba99bdcbf
10948,test,run17|9b2f961ea1616a014d98eef1
10949,train,run17|64df50c9a47e492ec6396a8e
10950,train,run17|fc0365a2580226c4c13e1e1f
10951,test,run17|08c444a8840bc6b9959399b3
10952,test,run17|3e4528a0548df2b35f0db0b6
10953,val,run17|6dbd2bf3ee1474f50de09795
10954,test,run17|9b78ebbc7848059eaf5ecc86
10955,test,run17|1e73d299110b9cd8fd48ddfa
10956,val,run17|a4f1168b933d43099907481f
10957,test,run17|540fee6d0876a5d90d454e28
10958,train,run17|cb250fc71138133d1fcb746d
10959,train,run17|6a26fca6b0d52fd55589bc65
10960,test,run17|99f4fcad9bfb96b0bbb75845
10961,train,run17|e2bd93fb1add28b6d35d8c24
10962,train,run17|777e6aebb21f31275625dbf4
10963,train,run17|414844cdf307292907e6693d
10964,val,run17|fa658a428840176d0a12fb85
10965,train,run17|b935f354b8e89fbff590f13f
10966,train,run17|adf2b37b115a7d47462e02ed
10967,train,run17|864ac382fd11ebb61c1b5bd6
10968,val,run17|804edf7316b011b834175451
10969,val,run17|9918002292e7c7ed318b8ba6
10970,train,run17|0fca536ae868d0edb8f87c85
10971,train,run17|2ad80e36c98abfcbb834ebb1
10972,train,run17|57a69b84fbb398ed3069331d
10973,test,run17|c9381faa9380daee9bab15c2
10974,train,run17|e5df98122caf3a34fe7159e7
10975,train,run17|20a89196203b958c634842ed
10976,train,run17|503ae2ea6ac28f75a88fdff7
10977,test,run17|3230446e77323852c2739495
10978,val,run17|9f94acae6414179a5e89df71
10979,train,run17|ae00f394b6db0de50558a24d
10980,train,run17|1dd6cc8ff41902a84a63d7a0
10981,val,run17|9384252f0a876f0b5c00b313
10982,val,run17|7ba22c02c96112e262fd2c5b
10983,train,run17|e1213821e58cf6a6fde33a62
10984,train,run17|b23e009e4fab61bf0922d389
10985,test,run17|5212e4eaf61e52c8ef4d260d
10986,test,run17|7f037e6f3561a848ca89840d
10987,train,run17|7eb1a4f77bd8d9501c0a7f73
10988,val,run17|15a866d8d432dcc4aab9c7ac
10989,train,run17|ae673286decdbbc168efb3d2
10990,train,run17|db83697e42cc42fa1dfd3c43
10991,train,run17|b8cc0d861cec480606c86cf7
10992,test,run17|e8d222704dbd4fc0a34d13b8
10993,train,run17|dd9c08120db0ad6d0585a263
10994,train,run17|85ce16adfa1dab6753123315
10995,train,run17|c5e9a6c84d58014f42a6b11d
10996,test,run17|fe9a87cd9418ea4116c0e9e6
10997,train,run17|5c1add247fa27c515a0642cb
10998,train,run17|26bc8e4579c26d80e5f2cf7c
10999,train,run17|a47c924b2a438e204fcf1a07
11000,train,run17|4690110c1d44911ca047498a
11001,val,run17|818064c13558d471b43f1504
11002,test,run17|59e1d3b0373ebffb55ec1faf
11003,train,run17|b208adb1d01dd1f28ecd6fb7
11004,train,run17|4c3f6e8e718e909edbca01c6
11005,train,run17|5dd0f08d5dbf2acfbbe282ba
11006,val,run17|3a23c06148608d6399db45b9
11007,test,run17|df13c177484f5776a8cbbe77
11008,val,run17|6ee8085769e57ab9ff30ecc4
11009,val,run17|b9c8988203e1a6a256743d75
11010,test,run17|a6ab34c85cd3a7cba99bdcbf
11011,test,run17|9b2f961ea1616a014d98eef1
11012,train,run17|64df50c9a47e492ec6396a8e
11013,train,run17|fc0365a2580226c4c13e1e1f
11014,test,run17|08c444a8840bc6b9959399b3
11015,test,run17|3e4528a0548df2b35f0db0b6
11016,val,run17|6dbd2bf3ee1474f50de09795
11017,test,run17|9b78ebbc7848059eaf5ecc86
11018,test,run17|1e73d299110b9cd8fd48ddfa
11019,val,run17|a4f1168b933d43099907481f
11020,test,run17|540fee6d0876a5d90d454e28
11021,train,run17|cb250fc71138133d1fcb746d
11022,train,run17|6a26fca6b0d52fd55589bc65
11023,test,run17|99f4fcad9bfb96b0bbb75845
11024,train,run17|e2bd93fb1add28b6d35d8c24
11025,train,run17|777e6aebb21f31275625dbf4
11026,train,run17|414844cdf307292907e6693d
11027,val,run17|fa658a428840176d0a12fb85
11028,train,run17|b935f354b8e89fbff590f13f
11029,train,run17|adf2b37b115a7d47462e02ed
11030,train,run17|864ac382fd11ebb61c1b5bd6
11031,val,run17|804edf7316b011b834175451
11032,val,run17|9918002292e7c7ed318b8ba6
11033,train,run17|0fca536ae868d0edb8f87c85
11034,train,run17|2ad80e36c98abfcbb834ebb1
11035,train,run17|57a69b84fbb398ed3069331d
11036,test,run17|c9381faa9380daee9bab15c2
11037,train,run17|e5df98122caf3a34fe7159e7
11038,train,run17|20a89196203b958c634842ed
11039,train,run17|503ae2ea6ac28f75a88fdff7
11040,test,run17|3230446e77323852c2739495
11041,val,run17|9f94acae6414179a5e89df71
11042,train,run17|ae00f394b6db0de50558a24d
11043,train,run17|1dd6cc8ff41902a84a63d7a0
11044,val,run17|9384252f0a876f0b5c00b313
11045,val,run17|7ba22c02c96112e262fd2c5b
11046,train,run17|e1213821e58cf6a6fde33a62
11047,train,run17|b23e009e4fab61bf0922d389
11048,test,run17|5212e4eaf61e52c8ef4d260d
11049,test,run17|7f037e6f3561a848ca89840d
11050,train,run17|7eb1a4f77bd8d9501c0a7f73
11051,val,run17|15a866d8d432dcc4aab9c7ac
11052,train,run17|ae673286decdbbc168efb3d2
11053,train,run17|db83697e42cc42fa1dfd3c43
11054,train,run17|b8cc0d861cec480606c86cf7
11055,test,run17|e8d222704dbd4fc0a34d13b8
11056,train,run17|dd9c08120db0ad6d0585a263
11057,train,run17|85ce16adfa1dab6753123315
11058,train,run17|c5e9a6c84d58014f42a6b11d
11059,test,run17|fe9a87cd9418ea4116c0e9e6
11060,train,run17|5c1add247fa27c515a0642cb
11061,train,run17|26bc8e4579c26d80e5f2cf7c
11062,train,run17|a47c924b2a438e204fcf1a07
11063,train,run17|4690110c1d44911ca047498a
11064,val,run17|818064c13558d471b43f1504
11065,test,run17|59e1d3b0373ebffb55ec1faf
11066,train,run17|b208adb1d01dd1f28ecd6fb7
11067,train,run17|4c3f6e8e718e909edbca01c6
11068,train,run17|5dd0f08d5dbf2acfbbe282ba
11069,val,run17|3a23c06148608d6399db45b9
11070,test,run17|df13c177484f5776a8cbbe77
11071,val,run17|6ee8085769e57ab9ff30ecc4
11072,val,run17|b9c8988203e1a6a256743d75
11073,test,run17|a6ab34c85cd3a7cba99bdcbf
11074,test,run17|9b2f961ea1616a014d98eef1
11075,train,run17|64df50c9a47e492ec6396a8e
11076,train,run17|fc0365a2580226c4c13e1e1f
11077,test,run17|08c444a8840bc6b9959399b3
11078,test,run17|3e4528a0548df2b35f0db0b6
11079,val,run17|6dbd2bf3ee1474f50de09795
11080,test,run17|9b78ebbc7848059eaf5ecc86
11081,test,run17|1e73d299110b9cd8fd48ddfa
11082,val,run17|a4f1168b933d43099907481f
11083,test,run17|540fee6d0876a5d90d454e28
11084,train,run17|cb250fc71138133d1fcb746d
11085,train,run17|6a26fca6b0d52fd55589bc65
11086,test,run17|99f4fcad9bfb96b0bbb75845
11087,train,run17|e2bd93fb1add28b6d35d8c24
11088,train,run17|777e6aebb21f31275625dbf4
11089,train,run17|414844cdf307292907e6693d
11090,val,run17|fa658a428840176d0a12fb85
11091,train,run17|b935f354b8e89fbff590f13f
11092,train,run17|adf2b37b115a7d47462e02ed
11093,train,run17|864ac382fd11ebb61c1b5bd6
11094,val,run17|804edf7316b011b834175451
11095,val,run17|9918002292e7c7ed318b8ba6
11096,train,run17|0fca536ae868d0edb8f87c85
11097,train,run17|2ad80e36c98abfcbb834ebb1
11098,train,run17|57a69b84fbb398ed3069331d
11099,test,run17|c9381faa9380daee9bab15c2
11100,train,run17|e5df98122caf3a34fe7159e7
11101,train,run17|20a89196203b958c634842ed
11102,train,run17|503ae2ea6ac28f75a88fdff7
11103,test,run17|3230446e77323852c2739495
11104,val,run17|9f94acae6414179a5e89df71
11105,train,run17|ae00f394b6db0de50558a24d
11106,train,run17|1dd6cc8ff41902a84a63d7a0
11107,val,run17|9384252f0a876f0b5c00b313
11108,val,run17|7ba22c02c96112e262fd2c5b
11109,train,run17|e1213821e58cf6a6fde33a62
11110,train,run17|b23e009e4fab61bf0922d389
11111,test,run17|5212e4eaf61e52c8ef4d260d
11112,test,run17|7f037e6f3561a848ca89840d
11113,train,run17|7eb1a4f77bd8d9501c0a7f73
11114,val,run17|15a866d8d432dcc4aab9c7ac
11115,train,run17|ae673286decdbbc168efb3d2
11116,train,run17|db83697e42cc42fa1dfd3c43
11117,train,run17|b8cc0d861cec480606c86cf7
11118,test,run17|e8d222704dbd4fc0a34d13b8
11119,train,run17|dd9c08120db0ad6d0585a263
11120,train,run17|85ce16adfa1dab6753123315
11121,train,run17|c5e9a6c84d58014f42a6b11d
11122,test,run17|fe9a87cd9418ea4116c0e9e6
11123,train,run17|5c1add247fa27c515a0642cb
11124,train,run17|26bc8e4579c26d80e5f2cf7c
11125,train,run17|a47c924b2a438e204fcf1a07
11126,train,run17|4690110c1d44911ca047498a
11127,val,run17|818064c13558d471b43f1504
11128,test,run17|59e1d3b0373ebffb55ec1faf
11129,train,run17|b208adb1d01dd1f28ecd6fb7
11130,train,run17|4c3f6e8e718e909edbca01c6
11131,train,run17|5dd0f08d5dbf2acfbbe282ba
11132,val,run17|3a23c06148608d6399db45b9
11133,test,run17|df13c177484f5776a8cbbe77
11134,val,run17|6ee8085769e57ab9ff30ecc4
11135,val,run17|b9c8988203e1a6a256743d75
11136,test,run17|a6ab34c85cd3a7cba99bdcbf
11137,test,run17|9b2f961ea1616a014d98eef1
11138,train,run17|64df50c9a47e492ec6396a8e
11139,train,run17|fc0365a2580226c4c13e1e1f
11140,test,run17|08c444a8840bc6b9959399b3
11141,test,run17|3e4528a0548df2b35f0db0b6
11142,val,run17|6dbd2bf3ee1474f50de09795
11143,test,run17|9b78ebbc7848059eaf5ecc86
11144,test,run17|1e73d299110b9cd8fd48ddfa
11145,val,run17|a4f1168b933d43099907481f
11146,test,run17|540fee6d0876a5d90d454e28
11147,train,run17|cb250fc71138133d1fcb746d
11148,train,run17|6a26fca6b0d52fd55589bc65
11149,test,run17|99f4fcad9bfb96b0bbb75845
11150,train,run17|e2bd93fb1add28b6d35d8c24
11151,train,run17|777e6aebb21f31275625dbf4
11152,train,run17|414844cdf307292907e6693d
11153,val,run17|fa658a428840176d0a12fb85
11154,train,run17|b935f354b8e89fbff590f13f
11155,train,run17|adf2b37b115a7d47462e02ed
11156,train,run17|864ac382fd11ebb61c1b5bd6
11157,val,run17|804edf7316b011b834175451
11158,val,run17|9918002292e7c7ed318b8ba6
11159,train,run17|0fca536ae868d0edb8f87c85
11160,train,run17|2ad80e36c98abfcbb834ebb1
11161,train,run17|57a69b84fbb398ed3069331d
11162,test,run17|c9381faa9380daee9bab15c2
11163,train,run17|e5df98122caf3a34fe7159e7
11164,train,run17|20a89196203b958c634842ed
11165,train,run17|503ae2ea6ac28f75a88fdff7
11166,test,run17|3230446e77323852c2739495
11167,val,run17|9f94acae6414179a5e89df71
11168,train,run17|ae00f394b6db0de50558a24d
11169,train,run17|1dd6cc8ff41902a84a63d7a0
11170,val,run17|9384252f0a876f0b5c00b313
11171,val,run17|7ba22c02c96112e262fd2c5b
11172,train,run17|e1213821e58cf6a6fde33a62
11173,train,run17|b23e009e4fab61bf0922d389
11174,test,run17|5212e4eaf61e52c8ef4d260d
11175,test,run17|7f037e6f3561a848ca89840d
11176,train,run17|7eb1a4f77bd8d9501c0a7f73
11177,val,run17|15a866d8d432dcc4aab9c7ac
11178,train,run17|ae673286decdbbc168efb3d2
11179,train,run17|db83697e42cc42fa1dfd3c43
11180,train,run17|b8cc0d861cec480606c86cf7
11181,test,run17|e8d222704dbd4fc0a34d13b8
11182,train,run17|dd9c08120db0ad6d0585a263
11183,train,run17|85ce16adfa1dab6753123315
11184,train,run17|c5e9a6c84d58014f42a6b11d
11185,test,run17|fe9a87cd9418ea4116c0e9e6
11186,train,run17|5c1add247fa27c515a0642cb
11187,train,run17|26bc8e4579c26d80e5f2cf7c
11188,train,run17|a47c924b2a438e204fcf1a07
11189,train,run17|4690110c1d44911ca047498a
11190,val,run17|818064c13558d471b43f1504
11191,test,run17|59e1d3b0373ebffb55ec1faf
11192,train,run17|b208adb1d01dd1f28ecd6fb7
11193,train,run17|4c3f6e8e718e909edbca01c6
11194,train,run17|5dd0f08d5dbf2acfbbe282ba
11195,val,run17|3a23c06148608d6399db45b9
11196,test,run17|df13c177484f5776a8cbbe77
11197,val,run17|6ee8085769e57ab9ff30ecc4
11198,val,run17|b9c8988203e1a6a256743d75
11199,test,run17|a6ab34c85cd3a7cba99bdcbf
11200,test,run17|9b2f961ea1616a014d98eef1
11201,train,run17|64df50c9a47e492ec6396a8e
11202,train,run17|fc0365a2580226c4c13e1e1f
11203,test,run17|08c444a8840bc6b9959399b3
11204,test,run17|3e4528a0548df2b35f0db0b6
11205,val,run17|6dbd2bf3ee1474f50de09795
11206,test,run17|9b78ebbc7848059eaf5ecc86
11207,test,run17|1e73d299110b9cd8fd48ddfa
11208,val,run17|a4f1168b933d43099907481f
11209,test,run17|540fee6d0876a5d90d454e28
11210,train,run17|cb250fc71138133d1fcb746d
11211,train,run17|6a26fca6b0d52fd55589bc65
11212,test,run17|99f4fcad9bfb96b0bbb75845
11213,train,run17|e2bd93fb1add28b6d35d8c24
11214,train,run17|777e6aebb21f31275625dbf4
11215,train,run17|414844cdf307292907e6693d
11216,val,run17|fa658a428840176d0a12fb85
11217,train,run17|b935f354b8e89fbff590f13f
11218,train,run17|adf2b37b115a7d47462e02ed
11219,train,run17|864ac382fd11ebb61c1b5bd6
11220,val,run17|804edf7316b011b834175451
11221,val,run17|9918002292e7c7ed318b8ba6
11222,train,run17|0fca536ae868d0edb8f87c85
11223,train,run17|2ad80e36c98abfcbb834ebb1
11224,train,run17|57a69b84fbb398ed3069331d
11225,test,run17|c9381faa9380daee9bab15c2
11226,train,run17|e5df98122caf3a34fe7159e7
11227,train,run17|20a89196203b958c634842ed
11228,train,run17|503ae2ea6ac28f75a88fdff7
11229,test,run17|3230446e77323852c2739495
11230,val,run17|9f94acae6414179a5e89df71
11231,train,run17|ae00f394b6db0de50558a24d
11232,train,run17|1dd6cc8ff41902a84a63d7a0
11233,val,run17|9384252f0a876f0b5c00b313
11234,val,run17|7ba22c02c96112e262fd2c5b
11235,train,run17|e1213821e58cf6a6fde33a62
11236,train,run17|b23e009e4fab61bf0922d389
11237,test,run17|5212e4eaf61e52c8ef4d260d
11238,test,run17|7f037e6f3561a848ca89840d
11239,train,run17|7eb1a4f77bd8d9501c0a7f73
11240,val,run17|15a866d8d432dcc4aab9c7ac
11241,train,run17|ae673286decdbbc168efb3d2
11242,train,run17|db83697e42cc42fa1dfd3c43
11243,train,run17|b8cc0d861cec480606c86cf7
11244,test,run17|e8d222704dbd4fc0a34d13b8
11245,train,run17|dd9c08120db0ad6d0585a263
11246,train,run17|85ce16adfa1dab6753123315
11247,train,run17|c5e9a6c84d58014f42a6b11d
11248,test,run17|fe9a87cd9418ea4116c0e9e6
11249,train,run17|5c1add247fa27c515a0642cb
11250,train,run17|26bc8e4579c26d80e5f2cf7c
11251,train,run17|a47c924b2a438e204fcf1a07
11252,train,run17|4690110c1d44911ca047498a
11253,val,run17|818064c13558d471b43f1504
11254,test,run17|59e1d3b0373ebffb55ec1faf
11255,train,run17|b208adb1d01dd1f28ecd6fb7
11256,train,run17|4c3f6e8e718e909edbca01c6
11257,train,run17|5dd0f08d5dbf2acfbbe282ba
11258,val,run17|3a23c06148608d6399db45b9
11259,test,run17|df13c177484f5776a8cbbe77
11260,val,run17|6ee8085769e57ab9ff30ecc4
11261,val,run17|b9c8988203e1a6a256743d75
11262,test,run17|a6ab34c85cd3a7cba99bdcbf
11263,test,run17|9b2f961ea1616a014d98eef1
11264,train,run17|64df50c9a47e492ec6396a8e
11265,train,run17|fc0365a2580226c4c13e1e1f
11266,test,run17|08c444a8840bc6b9959399b3
11267,test,run17|3e4528a0548df2b35f0db0b6
11268,val,run17|6dbd2bf3ee1474f50de09795
11269,test,run17|9b78ebbc7848059eaf5ecc86
11270,test,run17|1e73d299110b9cd8fd48ddfa
11271,val,run17|a4f1168b933d43099907481f
11272,test,run17|540fee6d0876a5d90d454e28
11273,train,run17|cb250fc71138133d1fcb746d
11274,train,run17|6a26fca6b0d52fd55589bc65
11275,test,run17|99f4fcad9bfb96b0bbb75845
11276,train,run17|e2bd93fb1add28b6d35d8c24
11277,train,run17|777e6aebb21f31275625dbf4
11278,train,run17|414844cdf307292907e6693d
11279,val,run17|fa658a428840176d0a12fb85
11280,train,run17|b935f354b8e89fbff590f13f
11281,train,run17|adf2b37b115a7d47462e02ed
11282,train,run17|864ac382fd11ebb61c1b5bd6
11283,val,run17|804edf7316b011b834175451
11284,val,run17|9918002292e7c7ed318b8ba6
11285,train,run17|0fca536ae868d0edb8f87c85
11286,train,run17|2ad80e36c98abfcbb834ebb1
11287,train,run17|57a69b84fbb398ed3069331d
11288,test,run17|c9381faa9380daee9bab15c2
11289,train,run17|e5df98122caf3a34fe7159e7
11290,train,run17|20a89196203b958c634842ed
11291,train,run17|503ae2ea6ac28f75a88fdff7
11292,test,run17|3230446e77323852c2739495
11293,val,run17|9f94acae6414179a5e89df71
11294,train,run17|ae00f394b6db0de50558a24d
11295,train,run17|1dd6cc8ff41902a84a63d7a0
11296,val,run17|9384252f0a876f0b5c00b313
11297,val,run17|7ba22c02c96112e262fd2c5b
11298,train,run17|e1213821e58cf6a6fde33a62
11299,train,run17|b23e009e4fab61bf0922d389
11300,test,run17|5212e4eaf61e52c8ef4d260d
11301,test,run17|7f037e6f3561a848ca89840d
11302,train,run17|7eb1a4f77bd8d9501c0a7f73
11303,val,run17|15a866d8d432dcc4aab9c7ac
11304,train,run17|ae673286decdbbc168efb3d2
11305,train,run17|db83697e42cc42fa1dfd3c43
11306,train,run17|b8cc0d861cec480606c86cf7
11307,test,run17|e8d222704dbd4fc0a34d13b8
11308,train,run17|dd9c08120db0ad6d0585a263
11309,train,run17|85ce16adfa1dab6753123315
11310,train,run17|c5e9a6c84d58014f42a6b11d
11311,test,run17|fe9a87cd9418ea4116c0e9e6
11312,train,run17|5c1add247fa27c515a0642cb
11313,train,run17|26bc8e4579c26d80e5f2cf7c
11314,train,run17|a47c924b2a438e204fcf1a07
11315,train,run17|4690110c1d44911ca047498a
11316,val,run17|ba1f3788dc41d9b8fc85a82e
11317,test,run17|00ffdc455fd0071462b26c2f
11318,val,run17|818064c13558d471b43f1504
11319,test,run17|59e1d3b0373ebffb55ec1faf
11320,train,run17|b208adb1d01dd1f28ecd6fb7
11321,train,run17|4c3f6e8e718e909edbca01c6
11322,train,run17|5dd0f08d5dbf2acfbbe282ba
11323,val,run17|3a23c06148608d6399db45b9
11324,test,run17|df13c177484f5776a8cbbe77
11325,val,run17|6ee8085769e57ab9ff30ecc4
11326,val,run17|b9c8988203e1a6a256743d75
11327,test,run17|a6ab34c85cd3a7cba99bdcbf
11328,test,run17|9b2f961ea1616a014d98eef1
11329,train,run17|64df50c9a47e492ec6396a8e
11330,train,run17|fc0365a2580226c4c13e1e1f
11331,test,run17|08c444a8840bc6b9959399b3
11332,test,run17|3e4528a0548df2b35f0db0b6
11333,val,run17|6dbd2bf3ee1474f50de09795
11334,test,run17|9b78ebbc7848059eaf5ecc86
11335,test,run17|1e73d299110b9cd8fd48ddfa
11336,val,run17|a4f1168b933d43099907481f
11337,test,run17|540fee6d0876a5d90d454e28
11338,train,run17|cb250fc71138133d1fcb746d
11339,train,run17|6a26fca6b0d52fd55589bc65
11340,test,run17|99f4fcad9bfb96b0bbb75845
11341,train,run17|e2bd93fb1add28b6d35d8c24
11342,train,run17|777e6aebb21f31275625dbf4
11343,train,run17|414844cdf307292907e6693d
11344,val,run17|fa658a428840176d0a12fb85
11345,train,run17|b935f354b8e89fbff590f13f
11346,train,run17|adf2b37b115a7d47462e02ed
11347,train,run17|864ac382fd11ebb61c1b5bd6
11348,val,run17|804edf7316b011b834175451
11349,val,run17|9918002292e7c7ed318b8ba6
11350,train,run17|0fca536ae868d0edb8f87c85
11351,train,run17|2ad80e36c98abfcbb834ebb1
11352,train,run17|57a69b84fbb398ed3069331d
11353,test,run17|c9381faa9380daee9bab15c2
11354,train,run17|e5df98122caf3a34fe7159e7
11355,train,run17|20a89196203b958c634842ed
11356,train,run17|503ae2ea6ac28f75a88fdff7
11357,test,run17|3230446e77323852c2739495
11358,val,run17|9f94acae6414179a5e89df71
11359,train,run17|ae00f394b6db0de50558a24d
11360,train,run17|1dd6cc8ff41902a84a63d7a0
11361,val,run17|9384252f0a876f0b5c00b313
11362,val,run17|7ba22c02c96112e262fd2c5b
11363,train,run17|e1213821e58cf6a6fde33a62
11364,train,run17|b23e009e4fab61bf0922d389
11365,test,run17|5212e4eaf61e52c8ef4d260d
11366,test,run17|7f037e6f3561a848ca89840d
11367,train,run17|7eb1a4f77bd8d9501c0a7f73
11368,val,run17|15a866d8d432dcc4aab9c7ac
11369,train,run17|ae673286decdbbc168efb3d2
11370,train,run17|db83697e42cc42fa1dfd3c43
11371,train,run17|b8cc0d861cec480606c86cf7
11372,test,run17|e8d222704dbd4fc0a34d13b8
11373,train,run17|dd9c08120db0ad6d0585a263
11374,train,run17|85ce16adfa1dab6753123315
11375,train,run17|c5e9a6c84d58014f42a6b11d
11376,test,run17|fe9a87cd9418ea4116c0e9e6
11377,train,run17|5c1add247fa27c515a0642cb
11378,train,run17|26bc8e4579c26d80e5f2cf7c
11379,train,run17|a47c924b2a438e204fcf1a07
11380,train,run17|4690110c1d44911ca047498a
11381,train,run17|f73893ccf2b7133d15f4a73c
11382,test,run17|c4e0144114495afcc02516a9
11383,train,run17|5aed7863186aeab1f0f88240
11384,train,run17|03a0bcb890525c401fe8691e
11385,val,run17|818064c13558d471b43f1504
11386,test,run17|59e1d3b0373ebffb55ec1faf
11387,train,run17|b208adb1d01dd1f28ecd6fb7
11388,train,run17|4c3f6e8e718e909edbca01c6
11389,train,run17|5dd0f08d5dbf2acfbbe282ba
11390,val,run17|3a23c06148608d6399db45b9
11391,test,run17|df13c177484f5776a8cbbe77
11392,val,run17|6ee8085769e57ab9ff30ecc4
11393,val,run17|b9c8988203e1a6a256743d75
11394,test,run17|a6ab34c85cd3a7cba99bdcbf
11395,test,run17|9b2f961ea1616a014d98eef1
11396,train,run17|64df50c9a47e492ec6396a8e
11397,train,run17|fc0365a2580226c4c13e1e1f
11398,test,run17|08c444a8840bc6b9959399b3
11399,test,run17|3e4528a0548df2b35f0db0b6
11400,val,run17|6dbd2bf3ee1474f50de09795
11401,test,run17|9b78ebbc7848059eaf5ecc86
11402,test,run17|1e73d299110b9cd8fd48ddfa
11403,val,run17|a4f1168b933d43099907481f
11404,test,run17|540fee6d0876a5d90d454e28
11405,train,run17|cb250fc71138133d1fcb746d
11406,train,run17|6a26fca6b0d52fd55589bc65
11407,test,run17|99f4fcad9bfb96b0bbb75845
11408,train,run17|e2bd93fb1add28b6d35d8c24
11409,train,run17|777e6aebb21f31275625dbf4
11410,train,run17|414844cdf307292907e6693d
11411,val,run17|fa658a428840176d0a12fb85
11412,train,run17|b935f354b8e89fbff590f13f
11413,train,run17|adf2b37b115a7d47462e02ed
11414,train,run17|864ac382fd11ebb61c1b5bd6
11415,val,run17|804edf7316b011b834175451
11416,val,run17|9918002292e7c7ed318b8ba6
11417,train,run17|0fca536ae868d0edb8f87c85
11418,train,run17|2ad80e36c98abfcbb834ebb1
11419,train,run17|57a69b84fbb398ed3069331d
11420,test,run17|c9381faa9380daee9bab15c2
11421,train,run17|e5df98122caf3a34fe7159e7
11422,train,run17|20a89196203b958c634842ed
11423,train,run17|503ae2ea6ac28f75a88fdff7
11424,test,run17|3230446e77323852c2739495
11425,val,run17|9f94acae6414179a5e89df71
11426,train,run17|ae00f394b6db0de50558a24d
11427,train,run17|1dd6cc8ff41902a84a63d7a0
11428,val,run17|9384252f0a876f0b5c00b313
11429,val,run17|7ba22c02c96112e262fd2c5b
11430,train,run17|e1213821e58cf6a6fde33a62
11431,train,run17|b23e009e4fab61bf0922d389
11432,test,run17|5212e4eaf61e52c8ef4d260d
11433,test,run17|7f037e6f3561a848ca89840d
11434,train,run17|7eb1a4f77bd8d9501c0a7f73
11435,val,run17|15a866d8d432dcc4aab9c7ac
11436,train,run17|ae673286decdbbc168efb3d2
11437,train,run17|db83697e42cc42fa1dfd3c43
11438,train,run17|b8cc0d861cec480606c86cf7
11439,test,run17|e8d222704dbd4fc0a34d13b8
11440,train,run17|dd9c08120db0ad6d0585a263
11441,train,run17|85ce16adfa1dab6753123315
11442,train,run17|c5e9a6c84d58014f42a6b11d
11443,test,run17|fe9a87cd9418ea4116c0e9e6
11444,train,run17|5c1add247fa27c515a0642cb
11445,train,run17|26bc8e4579c26d80e5f2cf7c
11446,train,run17|a47c924b2a438e204fcf1a07
11447,train,run17|4690110c1d44911ca047498a
11448,train,run17|c40da8ab56aff20af4b183ff
11449,train,run17|e53deaa509d888238073e18c
11450,train,run18|e21bfff5424a92dde3615727
11451,train,run18|e28b977a9805bdfd5de5dd96
11452,train,run18|9467531e559cd3fceffaa12e
11453,train,run18|2c4cc19121846781a74e953f
11454,train,run18|77396c3965d092695153d2ca
11455,test,run18|cb7f808258cb5b0856c0791e
11456,train,run18|2df4ba281d029bd0ee2d7e23
11457,val,run18|9447d7fe0e882126342e260d
11458,train,run18|1d5f19e00369d64dd28f5c08
11459,test,run18|5c4007513d8cb24966287468
11460,test,run18|4bf5b3ba920c11cea9d418f4
11461,train,run18|e675c8814abcaa37613ff31a
11462,train,run18|ed7734e8b1c164f87f486aca
11463,val,run18|e7f5d9a784e7c08dd5f43a4b
11464,test,run18|d6793b1f0c3b4f69e5f5dca6
11465,test,run18|a28d6ecd8a1d6b2555a9b921
11466,val,run18|ecbc0fd1136e92f53852409f
11467,val,run18|8500e66f44c736607452c048
11468,val,run18|867a0df70d6a3223b30d910b
11469,train,run18|b2e429d6f22ad7e980b9167d
11470,val,run18|aac55eb92870d767e81e36ef
11471,train,run18|e21277753b232c38f80bc764
11472,val,run18|67716409e3342f95e118b0af
11473,val,run18|68021f702fbd7d59cdf25b5e
11474,test,run18|34f8f917eeaa279a57630121
11475,train,run18|abf287178ee48daa6b050fbd
11476,val,run18|669f2da1925318d694cb62f1
11477,test,run18|dd3fe23bccaff3faa2e00a61
11478,train,run18|03429c33157bb0ea28b9781b
11479,test,run18|030ab68d9ab9b49a4cd7f413
11480,train,run18|35ce3126a0a2da834a1515fa
11481,train,run18|385612e5052fc0079c5c12bb
11482,train,run18|32f3d3fcb7aeafc1370b9a25
11483,train,run18|b59a5eb8b7c137abd8257af1
11484,val,run18|909f4a70f98be4acbfa98111
11485,train,run18|abaf6395a230bd4f998ee100
11486,val,run18|724d0cb4d36b7efe21f2d070
11487,train,run18|d08e1687be9a0934673c5cb4
11488,train,run18|a7dd94654fa3b9b538780d00
11489,train,run18|2aa304a1f9e8e3a7ed036063
11490,val,run18|84dbb328057c02e2e5e534e5
11491,train,run18|98aebae73201405527ab8cb0
11492,train,run18|620f36936f3e5d2cf7775156
11493,val,run18|9cadc6ca4356594fa0872670
11494,val,run18|63e6bfab2b4876c514ab0fcb
11495,val,run18|5bd4e46019476ae71e33e3af
11496,val,run18|d905a3464fa044483f7845e3
11497,train,run18|31a4d77635cab77ffe164f26
11498,val,run18|3cc09f8d8ef02df78babfc8e
11499,train,run18|c15baa15cdfef65ea9858f7f
11500,val,run18|e1e0e0d10a129aea0734c115
11501,train,run18|eacb8c3339e69522b57e3802
11502,test,run18|473108c7d11bd538b4dc6b50
11503,test,run18|f81bd09da9821a1779a7fbe6
11504,train,run18|5d1cf9a5c0b8004bd84eae87
11505,train,run18|41117c1c2ba8aecbdca72e9c
11506,train,run18|cb9c72b46b9dfe57c0953283
11507,train,run18|46c19b008617d917763c45a5
11508,val,run18|3e478183e4b0f554f4ad524b
11509,train,run18|8acf7c650efbfeb2055daef3
11510,test,run18|3b6e197abd058bd30b81a01b
11511,train,run18|2ee020ef1b7eb2d044dc5bce
11512,test,run18|5c537c541e17222df2424e02
11513,train,run18|e67f78b4c9c4732562aa172e
11514,train,run18|f120b9cda9a6536073960e08
11515,train,run18|3ce8a6c17eee4b76537918ea
11516,test,run18|6e463a11236a03a77f3dabcb
11517,test,run18|da60c148d821fadba5da6c27
11518,train,run18|b2646d9a24bb967f7cb3765f
11519,train,run18|9bb653efaae99b786323c97d
11520,test,run18|e7d834ff37e93365951012e0
11521,test,run18|2d8c8ec21f4814e7d1ecd8ba
11522,test,run18|bd4f154b87af09615e6d6fc3
11523,test,run18|521b6844aa0e55391ed4d679
11524,train,run18|427a89a096bcca569edb1249
11525,train,run18|014dcbf8834db3a7552407c5
11526,test,run18|76ea451265099576159c9d62
11527,train,run18|0ec1f9f0ae70b73f96d1b774
11528,test,run18|e75d91d7070af7f798ac6f4e
11529,train,run18|e21bfff5424a92dde3615727
11530,train,run18|e28b977a9805bdfd5de5dd96
11531,train,run18|9467531e559cd3fceffaa12e
11532,train,run18|2c4cc19121846781a74e953f
11533,train,run18|77396c3965d092695153d2ca
11534,test,run18|cb7f808258cb5b0856c0791e
11535,train,run18|2df4ba281d029bd0ee2d7e23
11536,val,run18|9447d7fe0e882126342e260d
11537,train,run18|1d5f19e00369d64dd28f5c08
11538,test,run18|5c4007513d8cb24966287468
11539,test,run18|4bf5b3ba920c11cea9d418f4
11540,train,run18|e675c8814abcaa37613ff31a
11541,train,run18|ed7734e8b1c164f87f486aca
11542,val,run18|e7f5d9a784e7c08dd5f43a4b
11543,test,run18|d6793b1f0c3b4f69e5f5dca6
11544,test,run18|a28d6ecd8a1d6b2555a9b921
11545,val,run18|ecbc0fd1136e92f53852409f
11546,val,run18|8500e66f44c736607452c048
11547,val,run18|867a0df70d6a3223b30d910b
11548,train,run18|b2e429d6f22ad7e980b9167d
11549,val,run18|aac55eb92870d767e81e36ef
11550,train,run18|e21277753b232c38f80bc764
11551,val,run18|67716409e3342f95e118b0af
11552,val,run18|68021f702fbd7d59cdf25b5e
11553,test,run18|34f8f917eeaa279a57630121
11554,train,run18|abf287178ee48daa6b050fbd
11555,val,run18|669f2da1925318d694cb62f1
11556,test,run18|dd3fe23bccaff3faa2e00a61
11557,train,run18|03429c33157bb0ea28b9781b
11558,test,run18|030ab68d9ab9b49a4cd7f413
11559,train,run18|35ce3126a0a2da834a1515fa
11560,train,run18|385612e5052fc0079c5c12bb
11561,train,run18|32f3d3fcb7aeafc1370b9a25
11562,train,run18|b59a5eb8b7c137abd8257af1
11563,val,run18|909f4a70f98be4acbfa98111
11564,train,run18|abaf6395a230bd4f998ee100
11565,val,run18|724d0cb4d36b7efe21f2d070
11566,train,run18|d08e1687be9a0934673c5cb4
11567,train,run18|a7dd94654fa3b9b538780d00
11568,train,run18|2aa304a1f9e8e3a7ed036063
11569,val,run18|84dbb328057c02e2e5e534e5
11570,train,run18|98aebae73201405527ab8cb0
11571,train,run18|620f36936f3e5d2cf7775156
11572,val,run18|9cadc6ca4356594fa0872670
11573,val,run18|63e6bfab2b4876c514ab0fcb
11574,val,run18|5bd4e46019476ae71e33e3af
11575,val,run18|d905a3464fa044483f7845e3
11576,train,run18|31a4d77635cab77ffe164f26
11577,val,run18|3cc09f8d8ef02df78babfc8e
11578,train,run18|c15baa15cdfef65ea9858f7f
11579,val,run18|e1e0e0d10a129aea0734c115
11580,train,run18|eacb8c3339e69522b57e3802
11581,test,run18|473108c7d11bd538b4dc6b50
11582,test,run18|f81bd09da9821a1779a7fbe6
11583,train,run18|5d1cf9a5c0b8004bd84eae87
11584,train,run18|41117c1c2ba8aecbdca72e9c
11585,train,run18|cb9c72b46b9dfe57c0953283
11586,train,run18|46c19b008617d917763c45a5
11587,val,run18|3e478183e4b0f554f4ad524b
11588,train,run18|8acf7c650efbfeb2055daef3
11589,test,run18|3b6e197abd058bd30b81a01b
11590,train,run18|2ee020ef1b7eb2d044dc5bce
11591,test,run18|5c537c541e17222df2424e02
11592,train,run18|e21bfff5424a92dde3615727
11593,train,run18|e28b977a9805bdfd5de5dd96
11594,train,run18|9467531e559cd3fceffaa12e
11595,train,run18|2c4cc19121846781a74e953f
11596,train,run18|77396c3965d092695153d2ca
11597,test,run18|cb7f808258cb5b0856c0791e
11598,train,run18|2df4ba281d029bd0ee2d7e23
11599,val,run18|9447d7fe0e882126342e260d
11600,train,run18|1d5f19e00369d64dd28f5c08
11601,test,run18|5c4007513d8cb24966287468
11602,test,run18|4bf5b3ba920c11cea9d418f4
11603,train,run18|e675c8814abcaa37613ff31a
11604,train,run18|ed7734e8b1c164f87f486aca
11605,val,run18|e7f5d9a784e7c08dd5f43a4b
11606,test,run18|d6793b1f0c3b4f69e5f5dca6
11607,test,run18|a28d6ecd8a1d6b2555a9b921
11608,val,run18|ecbc0fd1136e92f53852409f
11609,val,run18|8500e66f44c736607452c048
11610,val,run18|867a0df70d6a3223b30d910b
11611,train,run18|b2e429d6f22ad7e980b9167d
11612,val,run18|aac55eb92870d767e81e36ef
11613,train,run18|e21277753b232c38f80bc764
11614,val,run18|67716409e3342f95e118b0af
11615,val,run18|68021f702fbd7d59cdf25b5e
11616,test,run18|34f8f917eeaa279a57630121
11617,train,run18|abf287178ee48daa6b050fbd
11618,val,run18|669f2da1925318d694cb62f1
11619,test,run18|dd3fe23bccaff3faa2e00a61
11620,train,run18|03429c33157bb0ea28b9781b
11621,test,run18|030ab68d9ab9b49a4cd7f413
11622,train,run18|35ce3126a0a2da834a1515fa
11623,train,run18|385612e5052fc0079c5c12bb
11624,train,run18|32f3d3fcb7aeafc1370b9a25
11625,train,run18|b59a5eb8b7c137abd8257af1
11626,val,run18|909f4a70f98be4acbfa98111
11627,train,run18|abaf6395a230bd4f998ee100
11628,val,run18|724d0cb4d36b7efe21f2d070
11629,train,run18|d08e1687be9a0934673c5cb4
11630,train,run18|a7dd94654fa3b9b538780d00
11631,train,run18|2aa304a1f9e8e3a7ed036063
11632,val,run18|84dbb328057c02e2e5e534e5
11633,train,run18|98aebae73201405527ab8cb0
11634,train,run18|620f36936f3e5d2cf7775156
11635,val,run18|9cadc6ca4356594fa0872670
11636,val,run18|63e6bfab2b4876c514ab0fcb
11637,val,run18|5bd4e46019476ae71e33e3af
11638,val,run18|d905a3464fa044483f7845e3
11639,train,run18|31a4d77635cab77ffe164f26
11640,val,run18|3cc09f8d8ef02df78babfc8e
11641,train,run18|c15baa15cdfef65ea9858f7f
11642,val,run18|e1e0e0d10a129aea0734c115
11643,train,run18|eacb8c3339e69522b57e3802
11644,test,run18|473108c7d11bd538b4dc6b50
11645,test,run18|f81bd09da9821a1779a7fbe6
11646,train,run18|5d1cf9a5c0b8004bd84eae87
11647,train,run18|41117c1c2ba8aecbdca72e9c
11648,train,run18|cb9c72b46b9dfe57c0953283
11649,train,run18|46c19b008617d917763c45a5
11650,val,run18|3e478183e4b0f554f4ad524b
11651,train,run18|8acf7c650efbfeb2055daef3
11652,test,run18|3b6e197abd058bd30b81a01b
11653,train,run18|2ee020ef1b7eb2d044dc5bce
11654,test,run18|5c537c541e17222df2424e02
11655,train,run18|e21bfff5424a92dde3615727
11656,train,run18|e28b977a9805bdfd5de5dd96
11657,train,run18|9467531e559cd3fceffaa12e
11658,train,run18|2c4cc19121846781a74e953f
11659,train,run18|77396c3965d092695153d2ca
11660,test,run18|cb7f808258cb5b0856c0791e
11661,train,run18|2df4ba281d029bd0ee2d7e23
11662,val,run18|9447d7fe0e882126342e260d
11663,train,run18|1d5f19e00369d64dd28f5c08
11664,test,run18|5c4007513d8cb24966287468
11665,test,run18|4bf5b3ba920c11cea9d418f4
11666,train,run18|e675c8814abcaa37613ff31a
11667,train,run18|ed7734e8b1c164f87f486aca
11668,val,run18|e7f5d9a784e7c08dd5f43a4b
11669,test,run18|d6793b1f0c3b4f69e5f5dca6
11670,test,run18|a28d6ecd8a1d6b2555a9b921
11671,val,run18|ecbc0fd1136e92f53852409f
11672,val,run18|8500e66f44c736607452c048
11673,val,run18|867a0df70d6a3223b30d910b
11674,train,run18|b2e429d6f22ad7e980b9167d
11675,val,run18|aac55eb92870d767e81e36ef
11676,train,run18|e21277753b232c38f80bc764
11677,val,run18|67716409e3342f95e118b0af
11678,val,run18|68021f702fbd7d59cdf25b5e
11679,test,run18|34f8f917eeaa279a57630121
11680,train,run18|abf287178ee48daa6b050fbd
11681,val,run18|669f2da1925318d694cb62f1
11682,test,run18|dd3fe23bccaff3faa2e00a61
11683,train,run18|03429c33157bb0ea28b9781b
11684,test,run18|030ab68d9ab9b49a4cd7f413
11685,train,run18|35ce3126a0a2da834a1515fa
11686,train,run18|385612e5052fc0079c5c12bb
11687,train,run18|32f3d3fcb7aeafc1370b9a25
11688,train,run18|b59a5eb8b7c137abd8257af1
11689,val,run18|909f4a70f98be4acbfa98111
11690,train,run18|abaf6395a230bd4f998ee100
11691,val,run18|724d0cb4d36b7efe21f2d070
11692,train,run18|d08e1687be9a0934673c5cb4
11693,train,run18|a7dd94654fa3b9b538780d00
11694,train,run18|2aa304a1f9e8e3a7ed036063
11695,val,run18|84dbb328057c02e2e5e534e5
11696,train,run18|98aebae73201405527ab8cb0
11697,train,run18|620f36936f3e5d2cf7775156
11698,val,run18|9cadc6ca4356594fa0872670
11699,val,run18|63e6bfab2b4876c514ab0fcb
11700,val,run18|5bd4e46019476ae71e33e3af
11701,val,run18|d905a3464fa044483f7845e3
11702,train,run18|31a4d77635cab77ffe164f26
11703,val,run18|3cc09f8d8ef02df78babfc8e
11704,train,run18|c15baa15cdfef65ea9858f7f
11705,val,run18|e1e0e0d10a129aea0734c115
11706,train,run18|eacb8c3339e69522b57e3802
11707,test,run18|473108c7d11bd538b4dc6b50
11708,test,run18|f81bd09da9821a1779a7fbe6
11709,train,run18|5d1cf9a5c0b8004bd84eae87
11710,train,run18|41117c1c2ba8aecbdca72e9c
11711,train,run18|cb9c72b46b9dfe57c0953283
11712,train,run18|46c19b008617d917763c45a5
11713,val,run18|3e478183e4b0f554f4ad524b
11714,train,run18|8acf7c650efbfeb2055daef3
11715,test,run18|3b6e197abd058bd30b81a01b
11716,train,run18|2ee020ef1b7eb2d044dc5bce
11717,test,run18|5c537c541e17222df2424e02
11718,train,run18|e21bfff5424a92dde3615727
11719,train,run18|e28b977a9805bdfd5de5dd96
11720,train,run18|9467531e559cd3fceffaa12e
11721,train,run18|2c4cc19121846781a74e953f
11722,train,run18|77396c3965d092695153d2ca
11723,test,run18|cb7f808258cb5b0856c0791e
11724,train,run18|2df4ba281d029bd0ee2d7e23
11725,val,run18|9447d7fe0e882126342e260d
11726,train,run18|1d5f19e00369d64dd28f5c08
11727,test,run18|5c4007513d8cb24966287468
11728,test,run18|4bf5b3ba920c11cea9d418f4
11729,train,run18|e675c8814abcaa37613ff31a
11730,train,run18|ed7734e8b1c164f87f486aca
11731,val,run18|e7f5d9a784e7c08dd5f43a4b
11732,test,run18|d6793b1f0c3b4f69e5f5dca6
11733,test,run18|a28d6ecd8a1d6b2555a9b921
11734,val,run18|ecbc0fd1136e92f53852409f
11735,val,run18|8500e66f44c736607452c048
11736,val,run18|867a0df70d6a3223b30d910b
11737,train,run18|b2e429d6f22ad7e980b9167d
11738,val,run18|aac55eb92870d767e81e36ef
11739,train,run18|e21277753b232c38f80bc764
11740,val,run18|67716409e3342f95e118b0af
11741,val,run18|68021f702fbd7d59cdf25b5e
11742,test,run18|34f8f917eeaa279a57630121
11743,train,run18|abf287178ee48daa6b050fbd
11744,val,run18|669f2da1925318d694cb62f1
11745,test,run18|dd3fe23bccaff3faa2e00a61
11746,train,run18|03429c33157bb0ea28b9781b
11747,test,run18|030ab68d9ab9b49a4cd7f413
11748,train,run18|35ce3126a0a2da834a1515fa
11749,train,run18|385612e5052fc0079c5c12bb
11750,train,run18|32f3d3fcb7aeafc1370b9a25
11751,train,run18|b59a5eb8b7c137abd8257af1
11752,val,run18|909f4a70f98be4acbfa98111
11753,train,run18|abaf6395a230bd4f998ee100
11754,val,run18|724d0cb4d36b7efe21f2d070
11755,train,run18|d08e1687be9a0934673c5cb4
11756,train,run18|a7dd94654fa3b9b538780d00
11757,train,run18|2aa304a1f9e8e3a7ed036063
11758,val,run18|84dbb328057c02e2e5e534e5
11759,train,run18|98aebae73201405527ab8cb0
11760,train,run18|620f36936f3e5d2cf7775156
11761,val,run18|9cadc6ca4356594fa0872670
11762,val,run18|63e6bfab2b4876c514ab0fcb
11763,val,run18|5bd4e46019476ae71e33e3af
11764,val,run18|d905a3464fa044483f7845e3
11765,train,run18|31a4d77635cab77ffe164f26
11766,val,run18|3cc09f8d8ef02df78babfc8e
11767,train,run18|c15baa15cdfef65ea9858f7f
11768,val,run18|e1e0e0d10a129aea0734c115
11769,train,run18|eacb8c3339e69522b57e3802
11770,test,run18|473108c7d11bd538b4dc6b50
11771,test,run18|f81bd09da9821a1779a7fbe6
11772,train,run18|5d1cf9a5c0b8004bd84eae87
11773,train,run18|41117c1c2ba8aecbdca72e9c
11774,train,run18|cb9c72b46b9dfe57c0953283
11775,train,run18|46c19b008617d917763c45a5
11776,val,run18|3e478183e4b0f554f4ad524b
11777,train,run18|8acf7c650efbfeb2055daef3
11778,test,run18|3b6e197abd058bd30b81a01b
11779,train,run18|2ee020ef1b7eb2d044dc5bce
11780,test,run18|5c537c541e17222df2424e02
11781,train,run18|e21bfff5424a92dde3615727
11782,train,run18|e28b977a9805bdfd5de5dd96
11783,train,run18|9467531e559cd3fceffaa12e
11784,train,run18|2c4cc19121846781a74e953f
11785,train,run18|77396c3965d092695153d2ca
11786,test,run18|cb7f808258cb5b0856c0791e
11787,train,run18|2df4ba281d029bd0ee2d7e23
11788,val,run18|9447d7fe0e882126342e260d
11789,train,run18|1d5f19e00369d64dd28f5c08
11790,test,run18|5c4007513d8cb24966287468
11791,test,run18|4bf5b3ba920c11cea9d418f4
11792,train,run18|e675c8814abcaa37613ff31a
11793,train,run18|ed7734e8b1c164f87f486aca
11794,val,run18|e7f5d9a784e7c08dd5f43a4b
11795,test,run18|d6793b1f0c3b4f69e5f5dca6
11796,test,run18|a28d6ecd8a1d6b2555a9b921
11797,val,run18|ecbc0fd1136e92f53852409f
11798,val,run18|8500e66f44c736607452c048
11799,val,run18|867a0df70d6a3223b30d910b
11800,train,run18|b2e429d6f22ad7e980b9167d
11801,val,run18|aac55eb92870d767e81e36ef
11802,train,run18|e21277753b232c38f80bc764
11803,val,run18|67716409e3342f95e118b0af
11804,val,run18|68021f702fbd7d59cdf25b5e
11805,test,run18|34f8f917eeaa279a57630121
11806,train,run18|abf287178ee48daa6b050fbd
11807,val,run18|669f2da1925318d694cb62f1
11808,test,run18|dd3fe23bccaff3faa2e00a61
11809,train,run18|03429c33157bb0ea28b9781b
11810,test,run18|030ab68d9ab9b49a4cd7f413
11811,train,run18|35ce3126a0a2da834a1515fa
11812,train,run18|385612e5052fc0079c5c12bb
11813,train,run18|32f3d3fcb7aeafc1370b9a25
11814,train,run18|b59a5eb8b7c137abd8257af1
11815,val,run18|909f4a70f98be4acbfa98111
11816,train,run18|abaf6395a230bd4f998ee100
11817,val,run18|724d0cb4d36b7efe21f2d070
11818,train,run18|d08e1687be9a0934673c5cb4
11819,train,run18|a7dd94654fa3b9b538780d00
11820,train,run18|2aa304a1f9e8e3a7ed036063
11821,val,run18|84dbb328057c02e2e5e534e5
11822,train,run18|98aebae73201405527ab8cb0
11823,train,run18|620f36936f3e5d2cf7775156
11824,val,run18|9cadc6ca4356594fa0872670
11825,val,run18|63e6bfab2b4876c514ab0fcb
11826,val,run18|5bd4e46019476ae71e33e3af
11827,val,run18|d905a3464fa044483f7845e3
11828,train,run18|31a4d77635cab77ffe164f26
11829,val,run18|3cc09f8d8ef02df78babfc8e
11830,train,run18|c15baa15cdfef65ea9858f7f
11831,val,run18|e1e0e0d10a129aea0734c115
11832,train,run18|eacb8c3339e69522b57e3802
11833,test,run18|473108c7d11bd538b4dc6b50
11834,test,run18|f81bd09da9821a1779a7fbe6
11835,train,run18|5d1cf9a5c0b8004bd84eae87
11836,train,run18|41117c1c2ba8aecbdca72e9c
11837,train,run18|cb9c72b46b9dfe57c0953283
11838,train,run18|46c19b008617d917763c45a5
11839,val,run18|3e478183e4b0f554f4ad524b
11840,train,run18|8acf7c650efbfeb2055daef3
11841,test,run18|3b6e197abd058bd30b81a01b
11842,train,run18|2ee020ef1b7eb2d044dc5bce
11843,test,run18|5c537c541e17222df2424e02
11844,train,run18|e21bfff5424a92dde3615727
11845,train,run18|e28b977a9805bdfd5de5dd96
11846,train,run18|9467531e559cd3fceffaa12e
11847,train,run18|2c4cc19121846781a74e953f
11848,train,run18|77396c3965d092695153d2ca
11849,test,run18|cb7f808258cb5b0856c0791e
11850,train,run18|2df4ba281d029bd0ee2d7e23
11851,val,run18|9447d7fe0e882126342e260d
11852,train,run18|1d5f19e00369d64dd28f5c08
11853,test,run18|5c4007513d8cb24966287468
11854,test,run18|4bf5b3ba920c11cea9d418f4
11855,train,run18|e675c8814abcaa37613ff31a
11856,train,run18|ed7734e8b1c164f87f486aca
11857,val,run18|e7f5d9a784e7c08dd5f43a4b
11858,test,run18|d6793b1f0c3b4f69e5f5dca6
11859,test,run18|a28d6ecd8a1d6b2555a9b921
11860,val,run18|ecbc0fd1136e92f53852409f
11861,val,run18|8500e66f44c736607452c048
11862,val,run18|867a0df70d6a3223b30d910b
11863,train,run18|b2e429d6f22ad7e980b9167d
11864,val,run18|aac55eb92870d767e81e36ef
11865,train,run18|e21277753b232c38f80bc764
11866,val,run18|67716409e3342f95e118b0af
11867,val,run18|68021f702fbd7d59cdf25b5e
11868,test,run18|34f8f917eeaa279a57630121
11869,train,run18|abf287178ee48daa6b050fbd
11870,val,run18|669f2da1925318d694cb62f1
11871,test,run18|dd3fe23bccaff3faa2e00a61
11872,train,run18|03429c33157bb0ea28b9781b
11873,test,run18|030ab68d9ab9b49a4cd7f413
11874,train,run18|35ce3126a0a2da834a1515fa
11875,train,run18|385612e5052fc0079c5c12bb
11876,train,run18|32f3d3fcb7aeafc1370b9a25
11877,train,run18|b59a5eb8b7c137abd8257af1
11878,val,run18|909f4a70f98be4acbfa98111
11879,train,run18|abaf6395a230bd4f998ee100
11880,val,run18|724d0cb4d36b7efe21f2d070
11881,train,run18|d08e1687be9a0934673c5cb4
11882,train,run18|a7dd94654fa3b9b538780d00
11883,train,run18|2aa304a1f9e8e3a7ed036063
11884,val,run18|84dbb328057c02e2e5e534e5
11885,train,run18|98aebae73201405527ab8cb0
11886,train,run18|620f36936f3e5d2cf7775156
11887,val,run18|9cadc6ca4356594fa0872670
11888,val,run18|63e6bfab2b4876c514ab0fcb
11889,val,run18|5bd4e46019476ae71e33e3af
11890,val,run18|d905a3464fa044483f7845e3
11891,train,run18|31a4d77635cab77ffe164f26
11892,val,run18|3cc09f8d8ef02df78babfc8e
11893,train,run18|c15baa15cdfef65ea9858f7f
11894,val,run18|e1e0e0d10a129aea0734c115
11895,train,run18|eacb8c3339e69522b57e3802
11896,test,run18|473108c7d11bd538b4dc6b50
11897,test,run18|f81bd09da9821a1779a7fbe6
11898,train,run18|5d1cf9a5c0b8004bd84eae87
11899,train,run18|41117c1c2ba8aecbdca72e9c
11900,train,run18|cb9c72b46b9dfe57c0953283
11901,train,run18|46c19b008617d917763c45a5
11902,val,run18|3e478183e4b0f554f4ad524b
11903,train,run18|8acf7c650efbfeb2055daef3
11904,test,run18|3b6e197abd058bd30b81a01b
11905,train,run18|2ee020ef1b7eb2d044dc5bce
11906,test,run18|5c537c541e17222df2424e02
11907,train,run18|e21bfff5424a92dde3615727
11908,train,run18|e28b977a9805bdfd5de5dd96
11909,train,run18|9467531e559cd3fceffaa12e
11910,train,run18|2c4cc19121846781a74e953f
11911,train,run18|77396c3965d092695153d2ca
11912,test,run18|cb7f808258cb5b0856c0791e
11913,train,run18|2df4ba281d029bd0ee2d7e23
11914,val,run18|9447d7fe0e882126342e260d
11915,train,run18|1d5f19e00369d64dd28f5c08
11916,test,run18|5c4007513d8cb24966287468
11917,test,run18|4bf5b3ba920c11cea9d418f4
11918,train,run18|e675c8814abcaa37613ff31a
11919,train,run18|ed7734e8b1c164f87f486aca
11920,val,run18|e7f5d9a784e7c08dd5f43a4b
11921,test,run18|d6793b1f0c3b4f69e5f5dca6
11922,test,run18|a28d6ecd8a1d6b2555a9b921
11923,val,run18|ecbc0fd1136e92f53852409f
11924,val,run18|8500e66f44c736607452c048
11925,val,run18|867a0df70d6a3223b30d910b
11926,train,run18|b2e429d6f22ad7e980b9167d
11927,val,run18|aac55eb92870d767e81e36ef
11928,train,run18|e21277753b232c38f80bc764
11929,val,run18|67716409e3342f95e118b0af
11930,val,run18|68021f702fbd7d59cdf25b5e
11931,test,run18|34f8f917eeaa279a57630121
11932,train,run18|abf287178ee48daa6b050fbd
11933,val,run18|669f2da1925318d694cb62f1
11934,test,run18|dd3fe23bccaff3faa2e00a61
11935,train,run18|03429c33157bb0ea28b9781b
11936,test,run18|030ab68d9ab9b49a4cd7f413
11937,train,run18|35ce3126a0a2da834a1515fa
11938,train,run18|385612e5052fc0079c5c12bb
11939,train,run18|32f3d3fcb7aeafc1370b9a25
11940,train,run18|b59a5eb8b7c137abd8257af1
11941,val,run18|909f4a70f98be4acbfa98111
11942,train,run18|abaf6395a230bd4f998ee100
11943,val,run18|724d0cb4d36b7efe21f2d070
11944,train,run18|d08e1687be9a0934673c5cb4
11945,train,run18|a7dd94654fa3b9b538780d00
11946,train,run18|2aa304a1f9e8e3a7ed036063
11947,val,run18|84dbb328057c02e2e5e534e5
11948,train,run18|98aebae73201405527ab8cb0
11949,train,run18|620f36936f3e5d2cf7775156
11950,val,run18|9cadc6ca4356594fa0872670
11951,val,run18|63e6bfab2b4876c514ab0fcb
11952,val,run18|5bd4e46019476ae71e33e3af
11953,val,run18|d905a3464fa044483f7845e3
11954,train,run18|31a4d77635cab77ffe164f26
11955,val,run18|3cc09f8d8ef02df78babfc8e
11956,train,run18|c15baa15cdfef65ea9858f7f
11957,val,run18|e1e0e0d10a129aea0734c115
11958,train,run18|eacb8c3339e69522b57e3802
11959,test,run18|473108c7d11bd538b4dc6b50
11960,test,run18|f81bd09da9821a1779a7fbe6
11961,train,run18|5d1cf9a5c0b8004bd84eae87
11962,train,run18|41117c1c2ba8aecbdca72e9c
11963,train,run18|cb9c72b46b9dfe57c0953283
11964,train,run18|46c19b008617d917763c45a5
11965,val,run18|3e478183e4b0f554f4ad524b
11966,train,run18|8acf7c650efbfeb2055daef3
11967,test,run18|3b6e197abd058bd30b81a01b
11968,train,run18|2ee020ef1b7eb2d044dc5bce
11969,test,run18|5c537c541e17222df2424e02
11970,train,run18|e21bfff5424a92dde3615727
11971,train,run18|e28b977a9805bdfd5de5dd96
11972,train,run18|9467531e559cd3fceffaa12e
11973,train,run18|2c4cc19121846781a74e953f
11974,train,run18|77396c3965d092695153d2ca
11975,test,run18|cb7f808258cb5b0856c0791e
11976,train,run18|2df4ba281d029bd0ee2d7e23
11977,val,run18|9447d7fe0e882126342e260d
11978,train,run18|1d5f19e00369d64dd28f5c08
11979,test,run18|5c4007513d8cb24966287468
11980,test,run18|4bf5b3ba920c11cea9d418f4
11981,train,run18|e675c8814abcaa37613ff31a
11982,train,run18|ed7734e8b1c164f87f486aca
11983,val,run18|e7f5d9a784e7c08dd5f43a4b
11984,test,run18|d6793b1f0c3b4f69e5f5dca6
11985,test,run18|a28d6ecd8a1d6b2555a9b921
11986,val,run18|ecbc0fd1136e92f53852409f
11987,val,run18|8500e66f44c736607452c048
11988,val,run18|867a0df70d6a3223b30d910b
11989,train,run18|b2e429d6f22ad7e980b9167d
11990,val,run18|aac55eb92870d767e81e36ef
11991,train,run18|e21277753b232c38f80bc764
11992,val,run18|67716409e3342f95e118b0af
11993,val,run18|68021f702fbd7d59cdf25b5e
11994,test,run18|34f8f917eeaa279a57630121
11995,train,run18|abf287178ee48daa6b050fbd
11996,val,run18|669f2da1925318d694cb62f1
11997,test,run18|dd3fe23bccaff3faa2e00a61
11998,train,run18|03429c33157bb0ea28b9781b
11999,test,run18|030ab68d9ab9b49a4cd7f413
12000,train,run18|35ce3126a0a2da834a1515fa
12001,train,run18|385612e5052fc0079c5c12bb
12002,train,run18|32f3d3fcb7aeafc1370b9a25
12003,train,run18|b59a5eb8b7c137abd8257af1
12004,val,run18|909f4a70f98be4acbfa98111
12005,train,run18|abaf6395a230bd4f998ee100
12006,val,run18|724d0cb4d36b7efe21f2d070
12007,train,run18|d08e1687be9a0934673c5cb4
12008,train,run18|a7dd94654fa3b9b538780d00
12009,train,run18|2aa304a1f9e8e3a7ed036063
12010,val,run18|84dbb328057c02e2e5e534e5
12011,train,run18|98aebae73201405527ab8cb0
12012,train,run18|620f36936f3e5d2cf7775156
12013,val,run18|9cadc6ca4356594fa0872670
12014,val,run18|63e6bfab2b4876c514ab0fcb
12015,val,run18|5bd4e46019476ae71e33e3af
12016,val,run18|d905a3464fa044483f7845e3
12017,train,run18|31a4d77635cab77ffe164f26
12018,val,run18|3cc09f8d8ef02df78babfc8e
12019,train,run18|c15baa15cdfef65ea9858f7f
12020,val,run18|e1e0e0d10a129aea0734c115
12021,train,run18|eacb8c3339e69522b57e3802
12022,test,run18|473108c7d11bd538b4dc6b50
12023,test,run18|f81bd09da9821a1779a7fbe6
12024,train,run18|5d1cf9a5c0b8004bd84eae87
12025,train,run18|41117c1c2ba8aecbdca72e9c
12026,train,run18|cb9c72b46b9dfe57c0953283
12027,train,run18|46c19b008617d917763c45a5
12028,val,run18|3e478183e4b0f554f4ad524b
12029,train,run18|8acf7c650efbfeb2055daef3
12030,test,run18|3b6e197abd058bd30b81a01b
12031,train,run18|2ee020ef1b7eb2d044dc5bce
12032,test,run18|5c537c541e17222df2424e02
12033,test,run18|bd4f154b87af09615e6d6fc3
12034,train,run18|427a89a096bcca569edb1249
12035,train,run18|014dcbf8834db3a7552407c5
12036,test,run18|e75d91d7070af7f798ac6f4e
12037,train,run18|e21bfff5424a92dde3615727
12038,train,run18|e28b977a9805bdfd5de5dd96
12039,train,run18|9467531e559cd3fceffaa12e
12040,train,run18|2c4cc19121846781a74e953f
12041,train,run18|77396c3965d092695153d2ca
12042,test,run18|cb7f808258cb5b0856c0791e
12043,train,run18|2df4ba281d029bd0ee2d7e23
12044,val,run18|9447d7fe0e882126342e260d
12045,train,run18|1d5f19e00369d64dd28f5c08
12046,test,run18|5c4007513d8cb24966287468
12047,test,run18|4bf5b3ba920c11cea9d418f4
12048,train,run18|e675c8814abcaa37613ff31a
12049,train,run18|ed7734e8b1c164f87f486aca
12050,val,run18|e7f5d9a784e7c08dd5f43a4b
12051,test,run18|d6793b1f0c3b4f69e5f5dca6
12052,test,run18|a28d6ecd8a1d6b2555a9b921
12053,val,run18|ecbc0fd1136e92f53852409f
12054,val,run18|8500e66f44c736607452c048
12055,val,run18|867a0df70d6a3223b30d910b
12056,train,run18|b2e429d6f22ad7e980b9167d
12057,val,run18|aac55eb92870d767e81e36ef
12058,train,run18|e21277753b232c38f80bc764
12059,val,run18|67716409e3342f95e118b0af
12060,val,run18|68021f702fbd7d59cdf25b5e
12061,test,run18|34f8f917eeaa279a57630121
12062,train,run18|abf287178ee48daa6b050fbd
12063,val,run18|669f2da1925318d694cb62f1
12064,test,run18|dd3fe23bccaff3faa2e00a61
12065,train,run18|03429c33157bb0ea28b9781b
12066,test,run18|030ab68d9ab9b49a4cd7f413
12067,train,run18|35ce3126a0a2da834a1515fa
12068,train,run18|385612e5052fc0079c5c12bb
12069,train,run18|32f3d3fcb7aeafc1370b9a25
12070,train,run18|b59a5eb8b7c137abd8257af1
12071,val,run18|909f4a70f98be4acbfa98111
12072,train,run18|abaf6395a230bd4f998ee100
12073,val,run18|724d0cb4d36b7efe21f2d070
12074,train,run18|d08e1687be9a0934673c5cb4
12075,train,run18|a7dd94654fa3b9b538780d00
12076,train,run18|2aa304a1f9e8e3a7ed036063
12077,val,run18|84dbb328057c02e2e5e534e5
12078,train,run18|98aebae73201405527ab8cb0
12079,train,run18|620f36936f3e5d2cf7775156
12080,val,run18|9cadc6ca4356594fa0872670
12081,val,run18|63e6bfab2b4876c514ab0fcb
12082,val,run18|5bd4e46019476ae71e33e3af
12083,val,run18|d905a3464fa044483f7845e3
12084,train,run18|31a4d77635cab77ffe164f26
12085,val,run18|3cc09f8d8ef02df78babfc8e
12086,train,run18|c15baa15cdfef65ea9858f7f
12087,val,run18|e1e0e0d10a129aea0734c115
12088,train,run18|eacb8c3339e69522b57e3802
12089,test,run18|473108c7d11bd538b4dc6b50
12090,test,run18|f81bd09da9821a1779a7fbe6
12091,train,run18|5d1cf9a5c0b8004bd84eae87
12092,train,run18|41117c1c2ba8aecbdca72e9c
12093,train,run18|cb9c72b46b9dfe57c0953283
12094,train,run18|46c19b008617d917763c45a5
12095,val,run18|3e478183e4b0f554f4ad524b
12096,train,run18|8acf7c650efbfeb2055daef3
12097,test,run18|3b6e197abd058bd30b81a01b
12098,train,run18|2ee020ef1b7eb2d044dc5bce
12099,test,run18|5c537c541e17222df2424e02
12100,test,run18|2d8c8ec21f4814e7d1ecd8ba
12101,test,run18|76ea451265099576159c9d62
12102,train,run18|0ec1f9f0ae70b73f96d1b774
12103,train,run18|e21bfff5424a92dde3615727
12104,train,run18|e28b977a9805bdfd5de5dd96
12105,train,run18|9467531e559cd3fceffaa12e
12106,train,run18|2c4cc19121846781a74e953f
12107,train,run18|77396c3965d092695153d2ca
12108,test,run18|cb7f808258cb5b0856c0791e
12109,train,run18|2df4ba281d029bd0ee2d7e23
12110,val,run18|9447d7fe0e882126342e260d
12111,train,run18|1d5f19e00369d64dd28f5c08
12112,test,run18|5c4007513d8cb24966287468
12113,test,run18|4bf5b3ba920c11cea9d418f4
12114,train,run18|e675c8814abcaa37613ff31a
12115,train,run18|ed7734e8b1c164f87f486aca
12116,val,run18|e7f5d9a784e7c08dd5f43a4b
12117,test,run18|d6793b1f0c3b4f69e5f5dca6
12118,test,run18|a28d6ecd8a1d6b2555a9b921
12119,val,run18|ecbc0fd1136e92f53852409f
12120,val,run18|8500e66f44c736607452c048
12121,val,run18|867a0df70d6a3223b30d910b
12122,train,run18|b2e429d6f22ad7e980b9167d
12123,val,run18|aac55eb92870d767e81e36ef
12124,train,run18|e21277753b232c38f80bc764
12125,val,run18|67716409e3342f95e118b0af
12126,val,run18|68021f702fbd7d59cdf25b5e
12127,test,run18|34f8f917eeaa279a57630121
12128,train,run18|abf287178ee48daa6b050fbd
12129,val,run18|669f2da1925318d694cb62f1
12130,test,run18|dd3fe23bccaff3faa2e00a61
12131,train,run18|03429c33157bb0ea28b9781b
12132,test,run18|030ab68d9ab9b49a4cd7f413
12133,train,run18|35ce3126a0a2da834a1515fa
12134,train,run18|385612e5052fc0079c5c12bb
12135,train,run18|32f3d3fcb7aeafc1370b9a25
12136,train,run18|b59a5eb8b7c137abd8257af1
12137,val,run18|909f4a70f98be4acbfa98111
12138,train,run18|abaf6395a230bd4f998ee100
12139,val,run18|724d0cb4d36b7efe21f2d070
12140,train,run18|d08e1687be9a0934673c5cb4
12141,train,run18|a7dd94654fa3b9b538780d00
12142,train,run18|2aa304a1f9e8e3a7ed036063
12143,val,run18|84dbb328057c02e2e5e534e5
12144,train,run18|98aebae73201405527ab8cb0
12145,train,run18|620f36936f3e5d2cf7775156
12146,val,run18|9cadc6ca4356594fa0872670
12147,val,run18|63e6bfab2b4876c514ab0fcb
12148,val,run18|5bd4e46019476ae71e33e3af
12149,val,run18|d905a3464fa044483f7845e3
12150,train,run18|31a4d77635cab77ffe164f26
12151,val,run18|3cc09f8d8ef02df78babfc8e
12152,train,run18|c15baa15cdfef65ea9858f7f
12153,val,run18|e1e0e0d10a129aea0734c115
12154,train,run18|eacb8c3339e69522b57e3802
12155,test,run18|473108c7d11bd538b4dc6b50
12156,test,run18|f81bd09da9821a1779a7fbe6
12157,train,run18|5d1cf9a5c0b8004bd84eae87
12158,train,run18|41117c1c2ba8aecbdca72e9c
12159,train,run18|cb9c72b46b9dfe57c0953283
12160,train,run18|46c19b008617d917763c45a5
12161,val,run18|3e478183e4b0f554f4ad524b
12162,train,run18|8acf7c650efbfeb2055daef3
12163,test,run18|3b6e197abd058bd30b81a01b
12164,train,run18|2ee020ef1b7eb2d044dc5bce
12165,test,run18|5c537c541e17222df2424e02
12166,test,run18|521b6844aa0e55391ed4d679
12167,train,run19|009326d00a1225f3fe3ff5e7
12168,train,run19|cd7dd74711fc1745cb9b07f9
12169,train,run19|4eec5c4ca0f6cc413561e6f5
12170,train,run19|250477cff08911fdbc430086
12171,train,run19|c638053bd5193bbfed3b8a86
12172,train,run19|0af3d83a4ca5a2f2592af3a5
12173,val,run19|80ad24044369156127acb28a
12174,train,run19|ef27703dcac1da1100ca0460
12175,train,run19|b1df12760d95c49d6bc2a342
12176,test,run19|56ea8591f4e52b491c8a09a0
12177,test,run19|231b4d14f7862fa2669ab825
12178,val,run19|9aa3198c7182cbcfdedfeea2
12179,train,run19|8d6697c25a28ffcf42e75380
12180,val,run19|735df91ac6925d506b9f46f8
12181,val,run19|7b10a79bd4dd2789313fc10b
12182,test,run19|6fb93a65b78b72d97838abdd
12183,val,run19|4ec12d0b97bb4f6be62b2786
12184,val,run19|d9b71b3ac086160b0a9f69df
12185,train,run19|86f42b69d90d0b59ac9c1a1a
12186,train,run19|8d3eecce52388dd894f64a98
12187,train,run19|57101d214413e858161175ae
12188,train,run19|05fe3e82478e10b69cbc6bf4
12189,val,run19|17b34e1cc274761898929901
12190,val,run19|51eb7358221c6f0605445080
12191,train,run19|0b4459e1ffe6077e8e109f50
12192,train,run19|e25a4b2f47add2a1610cb888
12193,train,run19|6a42ae7fcd8a59a4ceaabf20
12194,train,run19|860a66e8e4bc7eb9cbfee71f
12195,test,run19|3be03974441657eb8beda826
12196,train,run19|4069f3ceeea671ab018816e7
12197,train,run19|82f7645adde4b83f601ee1b0
12198,train,run19|91e4db72b4e752fa5a59b0be
12199,val,run19|55e22385326c1c850fdc7d5e
12200,val,run19|84be3acf8e7935b33017ca9b
12201,train,run19|c745838e5b6ea2ce5691f08f
12202,test,run19|9fa39e6a774176f27a42d7d7
12203,train,run19|3f0971a1662294d0c14578f5
12204,train,run19|214c3ff991c155bb3a4dbe99
12205,train,run19|c108f614e0bbd1e91ed03575
12206,train,run19|85d76c8293cc3a0203246050
12207,train,run19|9225e7467e036564ed7e772a
12208,test,run19|13cd41ec75a26a0be5a0ff51
12209,train,run19|e61b775a519e88008734a2a9
12210,train,run19|54b323eca78abf9c5d37dbc7
12211,val,run19|b3c8f76c5d134dc7bd9b0e4a
12212,train,run19|fb8dffc361641a0e19014384
12213,test,run19|06b0957d637ead2e86cc368c
12214,test,run19|bd4a953495d8a1b75dbe1998
12215,train,run19|1d36a7083f9dabe747e8b34a
12216,train,run19|58a3978cd0deb10cbc279cad
12217,val,run19|f3f775892a74d8e272d327f1
12218,train,run19|af90ce6e85c1e8118058e0b4
12219,train,run19|8e907e56938e52e39a3f122d
12220,test,run19|0b57f915358b72cb2e8de113
12221,val,run19|986761663b71f94c74cf218a
12222,val,run19|5e25d873825796e672531fb8
12223,val,run19|66333d321550a279fa4e7b24
12224,test,run19|bec1f05b356dbf56f06361a0
12225,train,run19|6b0fd34f8097caccc62847fe
12226,val,run19|8e3a7b5676b9ad90ecf5cb32
12227,val,run19|748e193232457b1d5f52bd20
12228,train,run19|3dc10379e0e0f2e6fc30b3cd
12229,val,run19|20807d0535c6373da61e4a27
12230,train,run19|a41391052e1098a9871c513e
12231,train,run19|726dfdd0ada3e176e6f4b047
12232,train,run19|5234c597d2ebbea5c41ec3d7
12233,train,run19|21bf53498b0723e03aa14ca0
12234,train,run19|5defcbc73e3c68ae1c51d7f4
12235,train,run19|d9c969ea855c5816b47353a5
12236,train,run19|7705934c87fa0c561e603cf0
12237,train,run19|9a361bfac5dd00f667d948a4
12238,test,run19|6e5bb4df674e68550f64d744
12239,val,run19|de0c1c53d94c42a9f1ca4310
12240,test,run19|b0f0489b288023f02f732d3a
12241,val,run19|392479448d3ba08a17cbe607
12242,val,run19|5efd564f5a65889fca3f38cf
12243,val,run19|8e9977018b5dce94b6b13866
12244,train,run19|edd7fe61055bad5c6a837138
12245,test,run19|1cd31003787b3f479da6565e
12246,train,run19|009326d00a1225f3fe3ff5e7
12247,train,run19|cd7dd74711fc1745cb9b07f9
12248,train,run19|4eec5c4ca0f6cc413561e6f5
12249,train,run19|250477cff08911fdbc430086
12250,train,run19|c638053bd5193bbfed3b8a86
12251,train,run19|0af3d83a4ca5a2f2592af3a5
12252,val,run19|80ad24044369156127acb28a
12253,train,run19|ef27703dcac1da1100ca0460
12254,train,run19|b1df12760d95c49d6bc2a342
12255,test,run19|56ea8591f4e52b491c8a09a0
12256,test,run19|231b4d14f7862fa2669ab825
12257,val,run19|9aa3198c7182cbcfdedfeea2
12258,train,run19|8d6697c25a28ffcf42e75380
12259,val,run19|735df91ac6925d506b9f46f8
12260,val,run19|7b10a79bd4dd2789313fc10b
12261,test,run19|6fb93a65b78b72d97838abdd
12262,val,run19|4ec12d0b97bb4f6be62b2786
12263,val,run19|d9b71b3ac086160b0a9f69df
12264,train,run19|86f42b69d90d0b59ac9c1a1a
12265,train,run19|8d3eecce52388dd894f64a98
12266,train,run19|57101d214413e858161175ae
12267,train,run19|05fe3e82478e10b69cbc6bf4
12268,val,run19|17b34e1cc274761898929901
12269,val,run19|51eb7358221c6f0605445080
12270,train,run19|0b4459e1ffe6077e8e109f50
12271,train,run19|e25a4b2f47add2a1610cb888
12272,train,run19|6a42ae7fcd8a59a4ceaabf20
12273,train,run19|860a66e8e4bc7eb9cbfee71f
12274,test,run19|3be03974441657eb8beda826
12275,train,run19|4069f3ceeea671ab018816e7
12276,train,run19|82f7645adde4b83f601ee1b0
12277,train,run19|91e4db72b4e752fa5a59b0be
12278,val,run19|55e22385326c1c850fdc7d5e
12279,val,run19|84be3acf8e7935b33017ca9b
12280,train,run19|c745838e5b6ea2ce5691f08f
12281,test,run19|9fa39e6a774176f27a42d7d7
12282,train,run19|3f0971a1662294d0c14578f5
12283,train,run19|214c3ff991c155bb3a4dbe99
12284,train,run19|c108f614e0bbd1e91ed03575
12285,train,run19|85d76c8293cc3a0203246050
12286,train,run19|9225e7467e036564ed7e772a
12287,test,run19|13cd41ec75a26a0be5a0ff51
12288,train,run19|e61b775a519e88008734a2a9
12289,train,run19|54b323eca78abf9c5d37dbc7
12290,val,run19|b3c8f76c5d134dc7bd9b0e4a
12291,train,run19|fb8dffc361641a0e19014384
12292,test,run19|06b0957d637ead2e86cc368c
12293,test,run19|bd4a953495d8a1b75dbe1998
12294,train,run19|1d36a7083f9dabe747e8b34a
12295,train,run19|58a3978cd0deb10cbc279cad
12296,val,run19|f3f775892a74d8e272d327f1
12297,train,run19|af90ce6e85c1e8118058e0b4
12298,train,run19|8e907e56938e52e39a3f122d
12299,test,run19|0b57f915358b72cb2e8de113
12300,val,run19|986761663b71f94c74cf218a
12301,val,run19|5e25d873825796e672531fb8
12302,val,run19|66333d321550a279fa4e7b24
12303,test,run19|bec1f05b356dbf56f06361a0
12304,train,run19|6b0fd34f8097caccc62847fe
12305,val,run19|8e3a7b5676b9ad90ecf5cb32
12306,val,run19|748e193232457b1d5f52bd20
12307,train,run19|3dc10379e0e0f2e6fc30b3cd
12308,val,run19|20807d0535c6373da61e4a27
12309,train,run19|009326d00a1225f3fe3ff5e7
12310,train,run19|cd7dd74711fc1745cb9b07f9
12311,train,run19|4eec5c4ca0f6cc413561e6f5
12312,train,run19|250477cff08911fdbc430086
12313,train,run19|c638053bd5193bbfed3b8a86
12314,train,run19|0af3d83a4ca5a2f2592af3a5
12315,val,run19|80ad24044369156127acb28a
12316,train,run19|ef27703dcac1da1100ca0460
12317,train,run19|b1df12760d95c49d6bc2a342
12318,test,run19|56ea8591f4e52b491c8a09a0
12319,test,run19|231b4d14f7862fa2669ab825
12320,val,run19|9aa3198c7182cbcfdedfeea2
12321,train,run19|8d6697c25a28ffcf42e75380
12322,val,run19|735df91ac6925d506b9f46f8
12323,val,run19|7b10a79bd4dd2789313fc10b
12324,test,run19|6fb93a65b78b72d97838abdd
12325,val,run19|4ec12d0b97bb4f6be62b2786
12326,val,run19|d9b71b3ac086160b0a9f69df
12327,train,run19|86f42b69d90d0b59ac9c1a1a
12328,train,run19|8d3eecce52388dd894f64a98
12329,train,run19|57101d214413e858161175ae
12330,train,run19|05fe3e82478e10b69cbc6bf4
12331,val,run19|17b34e1cc274761898929901
12332,val,run19|51eb7358221c6f0605445080
12333,train,run19|0b4459e1ffe6077e8e109f50
12334,train,run19|e25a4b2f47add2a1610cb888
12335,train,run19|6a42ae7fcd8a59a4ceaabf20
12336,train,run19|860a66e8e4bc7eb9cbfee71f
12337,test,run19|3be03974441657eb8beda826
12338,train,run19|4069f3ceeea671ab018816e7
12339,train,run19|82f7645adde4b83f601ee1b0
12340,train,run19|91e4db72b4e752fa5a59b0be
12341,val,run19|55e22385326c1c850fdc7d5e
12342,val,run19|84be3acf8e7935b33017ca9b
12343,train,run19|c745838e5b6ea2ce5691f08f
12344,test,run19|9fa39e6a774176f27a42d7d7
12345,train,run19|3f0971a1662294d0c14578f5
12346,train,run19|214c3ff991c155bb3a4dbe99
12347,train,run19|c108f614e0bbd1e91ed03575
12348,train,run19|85d76c8293cc3a0203246050
12349,train,run19|9225e7467e036564ed7e772a
12350,test,run19|13cd41ec75a26a0be5a0ff51
12351,train,run19|e61b775a519e88008734a2a9
12352,train,run19|54b323eca78abf9c5d37dbc7
12353,val,run19|b3c8f76c5d134dc7bd9b0e4a
12354,train,run19|fb8dffc361641a0e19014384
12355,test,run19|06b0957d637ead2e86cc368c
12356,test,run19|bd4a953495d8a1b75dbe1998
12357,train,run19|1d36a7083f9dabe747e8b34a
12358,train,run19|58a3978cd0deb10cbc279cad
12359,val,run19|f3f775892a74d8e272d327f1
12360,train,run19|af90ce6e85c1e8118058e0b4
12361,train,run19|8e907e56938e52e39a3f122d
12362,test,run19|0b57f915358b72cb2e8de113
12363,val,run19|986761663b71f94c74cf218a
12364,val,run19|5e25d873825796e672531fb8
12365,val,run19|66333d321550a279fa4e7b24
12366,test,run19|bec1f05b356dbf56f06361a0
12367,train,run19|6b0fd34f8097caccc62847fe
12368,val,run19|8e3a7b5676b9ad90ecf5cb32
12369,val,run19|748e193232457b1d5f52bd20
12370,train,run19|3dc10379e0e0f2e6fc30b3cd
12371,val,run19|20807d0535c6373da61e4a27
12372,train,run19|009326d00a1225f3fe3ff5e7
12373,train,run19|cd7dd74711fc1745cb9b07f9
12374,train,run19|4eec5c4ca0f6cc413561e6f5
12375,train,run19|250477cff08911fdbc430086
12376,train,run19|c638053bd5193bbfed3b8a86
12377,train,run19|0af3d83a4ca5a2f2592af3a5
12378,val,run19|80ad24044369156127acb28a
12379,train,run19|ef27703dcac1da1100ca0460
12380,train,run19|b1df12760d95c49d6bc2a342
12381,test,run19|56ea8591f4e52b491c8a09a0
12382,test,run19|231b4d14f7862fa2669ab825
12383,val,run19|9aa3198c7182cbcfdedfeea2
12384,train,run19|8d6697c25a28ffcf42e75380
12385,val,run19|735df91ac6925d506b9f46f8
12386,val,run19|7b10a79bd4dd2789313fc10b
12387,test,run19|6fb93a65b78b72d97838abdd
12388,val,run19|4ec12d0b97bb4f6be62b2786
12389,val,run19|d9b71b3ac086160b0a9f69df
12390,train,run19|86f42b69d90d0b59ac9c1a1a
12391,train,run19|8d3eecce52388dd894f64a98
12392,train,run19|57101d214413e858161175ae
12393,train,run19|05fe3e82478e10b69cbc6bf4
12394,val,run19|17b34e1cc274761898929901
12395,val,run19|51eb7358221c6f0605445080
12396,train,run19|0b4459e1ffe6077e8e109f50
12397,train,run19|e25a4b2f47add2a1610cb888
12398,train,run19|6a42ae7fcd8a59a4ceaabf20
12399,train,run19|860a66e8e4bc7eb9cbfee71f
12400,test,run19|3be03974441657eb8beda826
12401,train,run19|4069f3ceeea671ab018816e7
12402,train,run19|82f7645adde4b83f601ee1b0
12403,train,run19|91e4db72b4e752fa5a59b0be
12404,val,run19|55e22385326c1c850fdc7d5e
12405,val,run19|84be3acf8e7935b33017ca9b
12406,train,run19|c745838e5b6ea2ce5691f08f
12407,test,run19|9fa39e6a774176f27a42d7d7
12408,train,run19|3f0971a1662294d0c14578f5
12409,train,run19|214c3ff991c155bb3a4dbe99
12410,train,run19|c108f614e0bbd1e91ed03575
12411,train,run19|85d76c8293cc3a0203246050
12412,train,run19|9225e7467e036564ed7e772a
12413,test,run19|13cd41ec75a26a0be5a0ff51
12414,train,run19|e61b775a519e88008734a2a9
12415,train,run19|54b323eca78abf9c5d37dbc7
12416,val,run19|b3c8f76c5d134dc7bd9b0e4a
12417,train,run19|fb8dffc361641a0e19014384
12418,test,run19|06b0957d637ead2e86cc368c
12419,test,run19|bd4a953495d8a1b75dbe1998
12420,train,run19|1d36a7083f9dabe747e8b34a
12421,train,run19|58a3978cd0deb10cbc279cad
12422,val,run19|f3f775892a74d8e272d327f1
12423,train,run19|af90ce6e85c1e8118058e0b4
12424,train,run19|8e907e56938e52e39a3f122d
12425,test,run19|0b57f915358b72cb2e8de113
12426,val,run19|986761663b71f94c74cf218a
12427,val,run19|5e25d873825796e672531fb8
12428,val,run19|66333d321550a279fa4e7b24
12429,test,run19|bec1f05b356dbf56f06361a0
12430,train,run19|6b0fd34f8097caccc62847fe
12431,val,run19|8e3a7b5676b9ad90ecf5cb32
12432,val,run19|748e193232457b1d5f52bd20
12433,train,run19|3dc10379e0e0f2e6fc30b3cd
12434,val,run19|20807d0535c6373da61e4a27
12435,train,run19|009326d00a1225f3fe3ff5e7
12436,train,run19|cd7dd74711fc1745cb9b07f9
12437,train,run19|4eec5c4ca0f6cc413561e6f5
12438,train,run19|250477cff08911fdbc430086
12439,train,run19|c638053bd5193bbfed3b8a86
12440,train,run19|0af3d83a4ca5a2f2592af3a5
12441,val,run19|80ad24044369156127acb28a
12442,train,run19|ef27703dcac1da1100ca0460
12443,train,run19|b1df12760d95c49d6bc2a342
12444,test,run19|56ea8591f4e52b491c8a09a0
12445,test,run19|231b4d14f7862fa2669ab825
12446,val,run19|9aa3198c7182cbcfdedfeea2
12447,train,run19|8d6697c25a28ffcf42e75380
12448,val,run19|735df91ac6925d506b9f46f8
12449,val,run19|7b10a79bd4dd2789313fc10b
12450,test,run19|6fb93a65b78b72d97838abdd
12451,val,run19|4ec12d0b97bb4f6be62b2786
12452,val,run19|d9b71b3ac086160b0a9f69df
12453,train,run19|86f42b69d90d0b59ac9c1a1a
12454,train,run19|8d3eecce52388dd894f64a98
12455,train,run19|57101d214413e858161175ae
12456,train,run19|05fe3e82478e10b69cbc6bf4
12457,val,run19|17b34e1cc274761898929901
12458,val,run19|51eb7358221c6f0605445080
12459,train,run19|0b4459e1ffe6077e8e109f50
12460,train,run19|e25a4b2f47add2a1610cb888
12461,train,run19|6a42ae7fcd8a59a4ceaabf20
12462,train,run19|860a66e8e4bc7eb9cbfee71f
12463,test,run19|3be03974441657eb8beda826
12464,train,run19|4069f3ceeea671ab018816e7
12465,train,run19|82f7645adde4b83f601ee1b0
12466,train,run19|91e4db72b4e752fa5a59b0be
12467,val,run19|55e22385326c1c850fdc7d5e
12468,val,run19|84be3acf8e7935b33017ca9b
12469,train,run19|c745838e5b6ea2ce5691f08f
12470,test,run19|9fa39e6a774176f27a42d7d7
12471,train,run19|3f0971a1662294d0c14578f5
12472,train,run19|214c3ff991c155bb3a4dbe99
12473,train,run19|c108f614e0bbd1e91ed03575
12474,train,run19|85d76c8293cc3a0203246050
12475,train,run19|9225e7467e036564ed7e772a
12476,test,run19|13cd41ec75a26a0be5a0ff51
12477,train,run19|e61b775a519e88008734a2a9
12478,train,run19|54b323eca78abf9c5d37dbc7
12479,val,run19|b3c8f76c5d134dc7bd9b0e4a
12480,train,run19|fb8dffc361641a0e19014384
12481,test,run19|06b0957d637ead2e86cc368c
12482,test,run19|bd4a953495d8a1b75dbe1998
12483,train,run19|1d36a7083f9dabe747e8b34a
12484,train,run19|58a3978cd0deb10cbc279cad
12485,val,run19|f3f775892a74d8e272d327f1
12486,train,run19|af90ce6e85c1e8118058e0b4
12487,train,run19|8e907e56938e52e39a3f122d
12488,test,run19|0b57f915358b72cb2e8de113
12489,val,run19|986761663b71f94c74cf218a
12490,val,run19|5e25d873825796e672531fb8
12491,val,run19|66333d321550a279fa4e7b24
12492,test,run19|bec1f05b356dbf56f06361a0
12493,train,run19|6b0fd34f8097caccc62847fe
12494,val,run19|8e3a7b5676b9ad90ecf5cb32
12495,val,run19|748e193232457b1d5f52bd20
12496,train,run19|3dc10379e0e0f2e6fc30b3cd
12497,val,run19|20807d0535c6373da61e4a27
12498,train,run19|009326d00a1225f3fe3ff5e7
12499,train,run19|cd7dd74711fc1745cb9b07f9
12500,train,run19|4eec5c4ca0f6cc413561e6f5
12501,train,run19|250477cff08911fdbc430086
12502,train,run19|c638053bd5193bbfed3b8a86
12503,train,run19|0af3d83a4ca5a2f2592af3a5
12504,val,run19|80ad24044369156127acb28a
12505,train,run19|ef27703dcac1da1100ca0460
12506,train,run19|b1df12760d95c49d6bc2a342
12507,test,run19|56ea8591f4e52b491c8a09a0
12508,test,run19|231b4d14f7862fa2669ab825
12509,val,run19|9aa3198c7182cbcfdedfeea2
12510,train,run19|8d6697c25a28ffcf42e75380
12511,val,run19|735df91ac6925d506b9f46f8
12512,val,run19|7b10a79bd4dd2789313fc10b
12513,test,run19|6fb93a65b78b72d97838abdd
12514,val,run19|4ec12d0b97bb4f6be62b2786
12515,val,run19|d9b71b3ac086160b0a9f69df
12516,train,run19|86f42b69d90d0b59ac9c1a1a
12517,train,run19|8d3eecce52388dd894f64a98
12518,train,run19|57101d214413e858161175ae
12519,train,run19|05fe3e82478e10b69cbc6bf4
12520,val,run19|17b34e1cc274761898929901
12521,val,run19|51eb7358221c6f0605445080
12522,train,run19|0b4459e1ffe6077e8e109f50
12523,train,run19|e25a4b2f47add2a1610cb888
12524,train,run19|6a42ae7fcd8a59a4ceaabf20
12525,train,run19|860a66e8e4bc7eb9cbfee71f
12526,test,run19|3be03974441657eb8beda826
12527,train,run19|4069f3ceeea671ab018816e7
12528,train,run19|82f7645adde4b83f601ee1b0
12529,train,run19|91e4db72b4e752fa5a59b0be
12530,val,run19|55e22385326c1c850fdc7d5e
12531,val,run19|84be3acf8e7935b33017ca9b
12532,train,run19|c745838e5b6ea2ce5691f08f
12533,test,run19|9fa39e6a774176f27a42d7d7
12534,train,run19|3f0971a1662294d0c14578f5
12535,train,run19|214c3ff991c155bb3a4dbe99
12536,train,run19|c108f614e0bbd1e91ed03575
12537,train,run19|85d76c8293cc3a0203246050
12538,train,run19|9225e7467e036564ed7e772a
12539,test,run19|13cd41ec75a26a0be5a0ff51
12540,train,run19|e61b775a519e88008734a2a9
12541,train,run19|54b323eca78abf9c5d37dbc7
12542,val,run19|b3c8f76c5d134dc7bd9b0e4a
12543,train,run19|fb8dffc361641a0e19014384
12544,test,run19|06b0957d637ead2e86cc368c
12545,test,run19|bd4a953495d8a1b75dbe1998
12546,train,run19|1d36a7083f9dabe747e8b34a
12547,train,run19|58a3978cd0deb10cbc279cad
12548,val,run19|f3f775892a74d8e272d327f1
12549,train,run19|af90ce6e85c1e8118058e0b4
12550,train,run19|8e907e56938e52e39a3f122d
12551,test,run19|0b57f915358b72cb2e8de113
12552,val,run19|986761663b71f94c74cf218a
12553,val,run19|5e25d873825796e672531fb8
12554,val,run19|66333d321550a279fa4e7b24
12555,test,run19|bec1f05b356dbf56f06361a0
12556,train,run19|6b0fd34f8097caccc62847fe
12557,val,run19|8e3a7b5676b9ad90ecf5cb32
12558,val,run19|748e193232457b1d5f52bd20
12559,train,run19|3dc10379e0e0f2e6fc30b3cd
12560,val,run19|20807d0535c6373da61e4a27
12561,train,run19|009326d00a1225f3fe3ff5e7
12562,train,run19|cd7dd74711fc1745cb9b07f9
12563,train,run19|4eec5c4ca0f6cc413561e6f5
12564,train,run19|250477cff08911fdbc430086
12565,train,run19|c638053bd5193bbfed3b8a86
12566,train,run19|0af3d83a4ca5a2f2592af3a5
12567,val,run19|80ad24044369156127acb28a
12568,train,run19|ef27703dcac1da1100ca0460
12569,train,run19|b1df12760d95c49d6bc2a342
12570,test,run19|56ea8591f4e52b491c8a09a0
12571,test,run19|231b4d14f7862fa2669ab825
12572,val,run19|9aa3198c7182cbcfdedfeea2
12573,train,run19|8d6697c25a28ffcf42e75380
12574,val,run19|735df91ac6925d506b9f46f8
12575,val,run19|7b10a79bd4dd2789313fc10b
12576,test,run19|6fb93a65b78b72d97838abdd
12577,val,run19|4ec12d0b97bb4f6be62b2786
12578,val,run19|d9b71b3ac086160b0a9f69df
12579,train,run19|86f42b69d90d0b59ac9c1a1a
12580,train,run19|8d3eecce52388dd894f64a98
12581,train,run19|57101d214413e858161175ae
12582,train,run19|05fe3e82478e10b69cbc6bf4
12583,val,run19|17b34e1cc274761898929901
12584,val,run19|51eb7358221c6f0605445080
12585,train,run19|0b4459e1ffe6077e8e109f50
12586,train,run19|e25a4b2f47add2a1610cb888
12587,train,run19|6a42ae7fcd8a59a4ceaabf20
12588,train,run19|860a66e8e4bc7eb9cbfee71f
12589,test,run19|3be03974441657eb8beda826
12590,train,run19|4069f3ceeea671ab018816e7
12591,train,run19|82f7645adde4b83f601ee1b0
12592,train,run19|91e4db72b4e752fa5a59b0be
12593,val,run19|55e22385326c1c850fdc7d5e
12594,val,run19|84be3acf8e7935b33017ca9b
12595,train,run19|c745838e5b6ea2ce5691f08f
12596,test,run19|9fa39e6a774176f27a42d7d7
12597,train,run19|3f0971a1662294d0c14578f5
12598,train,run19|214c3ff991c155bb3a4dbe99
12599,train,run19|c108f614e0bbd1e91ed03575
12600,train,run19|85d76c8293cc3a0203246050
12601,train,run19|9225e7467e036564ed7e772a
12602,test,run19|13cd41ec75a26a0be5a0ff51
12603,train,run19|e61b775a519e88008734a2a9
12604,train,run19|54b323eca78abf9c5d37dbc7
12605,val,run19|b3c8f76c5d134dc7bd9b0e4a
12606,train,run19|fb8dffc361641a0e19014384
12607,test,run19|06b0957d637ead2e86cc368c
12608,test,run19|bd4a953495d8a1b75dbe1998
12609,train,run19|1d36a7083f9dabe747e8b34a
12610,train,run19|58a3978cd0deb10cbc279cad
12611,val,run19|f3f775892a74d8e272d327f1
12612,train,run19|af90ce6e85c1e8118058e0b4
12613,train,run19|8e907e56938e52e39a3f122d
12614,test,run19|0b57f915358b72cb2e8de113
12615,val,run19|986761663b71f94c74cf218a
12616,val,run19|5e25d873825796e672531fb8
12617,val,run19|66333d321550a279fa4e7b24
12618,test,run19|bec1f05b356dbf56f06361a0
12619,train,run19|6b0fd34f8097caccc62847fe
12620,val,run19|8e3a7b5676b9ad90ecf5cb32
12621,val,run19|748e193232457b1d5f52bd20
12622,train,run19|3dc10379e0e0f2e6fc30b3cd
12623,val,run19|20807d0535c6373da61e4a27
12624,train,run19|009326d00a1225f3fe3ff5e7
12625,train,run19|cd7dd74711fc1745cb9b07f9
12626,train,run19|4eec5c4ca0f6cc413561e6f5
12627,train,run19|250477cff08911fdbc430086
12628,train,run19|c638053bd5193bbfed3b8a86
12629,train,run19|0af3d83a4ca5a2f2592af3a5
12630,val,run19|80ad24044369156127acb28a
12631,train,run19|ef27703dcac1da1100ca0460
12632,train,run19|b1df12760d95c49d6bc2a342
12633,test,run19|56ea8591f4e52b491c8a09a0
12634,test,run19|231b4d14f7862fa2669ab825
12635,val,run19|9aa3198c7182cbcfdedfeea2
12636,train,run19|8d6697c25a28ffcf42e75380
12637,val,run19|735df91ac6925d506b9f46f8
12638,val,run19|7b10a79bd4dd2789313fc10b
12639,test,run19|6fb93a65b78b72d97838abdd
12640,val,run19|4ec12d0b97bb4f6be62b2786
12641,val,run19|d9b71b3ac086160b0a9f69df
12642,train,run19|86f42b69d90d0b59ac9c1a1a
12643,train,run19|8d3eecce52388dd894f64a98
12644,train,run19|57101d214413e858161175ae
12645,train,run19|05fe3e82478e10b69cbc6bf4
12646,val,run19|17b34e1cc274761898929901
12647,val,run19|51eb7358221c6f0605445080
12648,train,run19|0b4459e1ffe6077e8e109f50
12649,train,run19|e25a4b2f47add2a1610cb888
12650,train,run19|6a42ae7fcd8a59a4ceaabf20
12651,train,run19|860a66e8e4bc7eb9cbfee71f
12652,test,run19|3be03974441657eb8beda826
12653,train,run19|4069f3ceeea671ab018816e7
12654,train,run19|82f7645adde4b83f601ee1b0
12655,train,run19|91e4db72b4e752fa5a59b0be
12656,val,run19|55e22385326c1c850fdc7d5e
12657,val,run19|84be3acf8e7935b33017ca9b
12658,train,run19|c745838e5b6ea2ce5691f08f
12659,test,run19|9fa39e6a774176f27a42d7d7
12660,train,run19|3f0971a1662294d0c14578f5
12661,train,run19|214c3ff991c155bb3a4dbe99
12662,train,run19|c108f614e0bbd1e91ed03575
12663,train,run19|85d76c8293cc3a0203246050
12664,train,run19|9225e7467e036564ed7e772a
12665,test,run19|13cd41ec75a26a0be5a0ff51
12666,train,run19|e61b775a519e88008734a2a9
12667,train,run19|54b323eca78abf9c5d37dbc7
12668,val,run19|b3c8f76c5d134dc7bd9b0e4a
12669,train,run19|fb8dffc361641a0e19014384
12670,test,run19|06b0957d637ead2e86cc368c
12671,test,run19|bd4a953495d8a1b75dbe1998
12672,train,run19|1d36a7083f9dabe747e8b34a
12673,train,run19|58a3978cd0deb10cbc279cad
12674,val,run19|f3f775892a74d8e272d327f1
12675,train,run19|af90ce6e85c1e8118058e0b4
12676,train,run19|8e907e56938e52e39a3f122d
12677,test,run19|0b57f915358b72cb2e8de113
12678,val,run19|986761663b71f94c74cf218a
12679,val,run19|5e25d873825796e672531fb8
12680,val,run19|66333d321550a279fa4e7b24
12681,test,run19|bec1f05b356dbf56f06361a0
12682,train,run19|6b0fd34f8097caccc62847fe
12683,val,run19|8e3a7b5676b9ad90ecf5cb32
12684,val,run19|748e193232457b1d5f52bd20
12685,train,run19|3dc10379e0e0f2e6fc30b3cd
12686,val,run19|20807d0535c6373da61e4a27
12687,train,run19|009326d00a1225f3fe3ff5e7
12688,train,run19|cd7dd74711fc1745cb9b07f9
12689,train,run19|4eec5c4ca0f6cc413561e6f5
12690,train,run19|250477cff08911fdbc430086
12691,train,run19|c638053bd5193bbfed3b8a86
12692,train,run19|0af3d83a4ca5a2f2592af3a5
12693,val,run19|80ad24044369156127acb28a
12694,train,run19|ef27703dcac1da1100ca0460
12695,train,run19|b1df12760d95c49d6bc2a342
12696,test,run19|56ea8591f4e52b491c8a09a0
12697,test,run19|231b4d14f7862fa2669ab825
12698,val,run19|9aa3198c7182cbcfdedfeea2
12699,train,run19|8d6697c25a28ffcf42e75380
12700,val,run19|735df91ac6925d506b9f46f8
12701,val,run19|7b10a79bd4dd2789313fc10b
12702,test,run19|6fb93a65b78b72d97838abdd
12703,val,run19|4ec12d0b97bb4f6be62b2786
12704,val,run19|d9b71b3ac086160b0a9f69df
12705,train,run19|86f42b69d90d0b59ac9c1a1a
12706,train,run19|8d3eecce52388dd894f64a98
12707,train,run19|57101d214413e858161175ae
12708,train,run19|05fe3e82478e10b69cbc6bf4
12709,val,run19|17b34e1cc274761898929901
12710,val,run19|51eb7358221c6f0605445080
12711,train,run19|0b4459e1ffe6077e8e109f50
12712,train,run19|e25a4b2f47add2a1610cb888
12713,train,run19|6a42ae7fcd8a59a4ceaabf20
12714,train,run19|860a66e8e4bc7eb9cbfee71f
12715,test,run19|3be03974441657eb8beda826
12716,train,run19|4069f3ceeea671ab018816e7
12717,train,run19|82f7645adde4b83f601ee1b0
12718,train,run19|91e4db72b4e752fa5a59b0be
12719,val,run19|55e22385326c1c850fdc7d5e
12720,val,run19|84be3acf8e7935b33017ca9b
12721,train,run19|c745838e5b6ea2ce5691f08f
12722,test,run19|9fa39e6a774176f27a42d7d7
12723,train,run19|3f0971a1662294d0c14578f5
12724,train,run19|214c3ff991c155bb3a4dbe99
12725,train,run19|c108f614e0bbd1e91ed03575
12726,train,run19|85d76c8293cc3a0203246050
12727,train,run19|9225e7467e036564ed7e772a
12728,test,run19|13cd41ec75a26a0be5a0ff51
12729,train,run19|e61b775a519e88008734a2a9
12730,train,run19|54b323eca78abf9c5d37dbc7
12731,val,run19|b3c8f76c5d134dc7bd9b0e4a
12732,train,run19|fb8dffc361641a0e19014384
12733,test,run19|06b0957d637ead2e86cc368c
12734,test,run19|bd4a953495d8a1b75dbe1998
12735,train,run19|1d36a7083f9dabe747e8b34a
12736,train,run19|58a3978cd0deb10cbc279cad
12737,val,run19|f3f775892a74d8e272d327f1
12738,train,run19|af90ce6e85c1e8118058e0b4
12739,train,run19|8e907e56938e52e39a3f122d
12740,test,run19|0b57f915358b72cb2e8de113
12741,val,run19|986761663b71f94c74cf218a
12742,val,run19|5e25d873825796e672531fb8
12743,val,run19|66333d321550a279fa4e7b24
12744,test,run19|bec1f05b356dbf56f06361a0
12745,train,run19|6b0fd34f8097caccc62847fe
12746,val,run19|8e3a7b5676b9ad90ecf5cb32
12747,val,run19|748e193232457b1d5f52bd20
12748,train,run19|3dc10379e0e0f2e6fc30b3cd
12749,val,run19|20807d0535c6373da61e4a27
12750,val,run19|392479448d3ba08a17cbe607
12751,train,run19|009326d00a1225f3fe3ff5e7
12752,train,run19|cd7dd74711fc1745cb9b07f9
12753,train,run19|4eec5c4ca0f6cc413561e6f5
12754,train,run19|250477cff08911fdbc430086
12755,train,run19|c638053bd5193bbfed3b8a86
12756,train,run19|0af3d83a4ca5a2f2592af3a5
12757,val,run19|80ad24044369156127acb28a
12758,train,run19|ef27703dcac1da1100ca0460
12759,train,run19|b1df12760d95c49d6bc2a342
12760,test,run19|56ea8591f4e52b491c8a09a0
12761,test,run19|231b4d14f7862fa2669ab825
12762,val,run19|9aa3198c7182cbcfdedfeea2
12763,train,run19|8d6697c25a28ffcf42e75380
12764,val,run19|735df91ac6925d506b9f46f8
12765,val,run19|7b10a79bd4dd2789313fc10b
12766,test,run19|6fb93a65b78b72d97838abdd
12767,val,run19|4ec12d0b97bb4f6be62b2786
12768,val,run19|d9b71b3ac086160b0a9f69df
12769,train,run19|86f42b69d90d0b59ac9c1a1a
12770,train,run19|8d3eecce52388dd894f64a98
12771,train,run19|57101d214413e858161175ae
12772,train,run19|05fe3e82478e10b69cbc6bf4
12773,val,run19|17b34e1cc274761898929901
12774,val,run19|51eb7358221c6f0605445080
12775,train,run19|0b4459e1ffe6077e8e109f50
12776,train,run19|e25a4b2f47add2a1610cb888
12777,train,run19|6a42ae7fcd8a59a4ceaabf20
12778,train,run19|860a66e8e4bc7eb9cbfee71f
12779,test,run19|3be03974441657eb8beda826
12780,train,run19|4069f3ceeea671ab018816e7
12781,train,run19|82f7645adde4b83f601ee1b0
12782,train,run19|91e4db72b4e752fa5a59b0be
12783,val,run19|55e22385326c1c850fdc7d5e
12784,val,run19|84be3acf8e7935b33017ca9b
12785,train,run19|c745838e5b6ea2ce5691f08f
12786,test,run19|9fa39e6a774176f27a42d7d7
12787,train,run19|3f0971a1662294d0c14578f5
12788,train,run19|214c3ff991c155bb3a4dbe99
12789,train,run19|c108f614e0bbd1e91ed03575
12790,train,run19|85d76c8293cc3a0203246050
12791,train,run19|9225e7467e036564ed7e772a
12792,test,run19|13cd41ec75a26a0be5a0ff51
12793,train,run19|e61b775a519e88008734a2a9
12794,train,run19|54b323eca78abf9c5d37dbc7
12795,val,run19|b3c8f76c5d134dc7bd9b0e4a
12796,train,run19|fb8dffc361641a0e19014384
12797,test,run19|06b0957d637ead2e86cc368c
12798,test,run19|bd4a953495d8a1b75dbe1998
12799,train,run19|1d36a7083f9dabe747e8b34a
12800,train,run19|58a3978cd0deb10cbc279cad
12801,val,run19|f3f775892a74d8e272d327f1
12802,train,run19|af90ce6e85c1e8118058e0b4
12803,train,run19|8e907e56938e52e39a3f122d
12804,test,run19|0b57f915358b72cb2e8de113
12805,val,run19|986761663b71f94c74cf218a
12806,val,run19|5e25d873825796e672531fb8
12807,val,run19|66333d321550a279fa4e7b24
12808,test,run19|bec1f05b356dbf56f06361a0
12809,train,run19|6b0fd34f8097caccc62847fe
12810,val,run19|8e3a7b5676b9ad90ecf5cb32
12811,val,run19|748e193232457b1d5f52bd20
12812,train,run19|3dc10379e0e0f2e6fc30b3cd
12813,val,run19|20807d0535c6373da61e4a27
12814,test,run19|6e5bb4df674e68550f64d744
12815,val,run19|de0c1c53d94c42a9f1ca4310
12816,test,run19|b0f0489b288023f02f732d3a
12817,train,run19|edd7fe61055bad5c6a837138
12818,test,run19|1cd31003787b3f479da6565e
12819,train,run19|009326d00a1225f3fe3ff5e7
12820,train,run19|cd7dd74711fc1745cb9b07f9
12821,train,run19|4eec5c4ca0f6cc413561e6f5
12822,train,run19|250477cff08911fdbc430086
12823,train,run19|c638053bd5193bbfed3b8a86
12824,train,run19|0af3d83a4ca5a2f2592af3a5
12825,val,run19|80ad24044369156127acb28a
12826,train,run19|ef27703dcac1da1100ca0460
12827,train,run19|b1df12760d95c49d6bc2a342
12828,test,run19|56ea8591f4e52b491c8a09a0
12829,test,run19|231b4d14f7862fa2669ab825
12830,val,run19|9aa3198c7182cbcfdedfeea2
12831,train,run19|8d6697c25a28ffcf42e75380
12832,val,run19|735df91ac6925d506b9f46f8
12833,val,run19|7b10a79bd4dd2789313fc10b
12834,test,run19|6fb93a65b78b72d97838abdd
12835,val,run19|4ec12d0b97bb4f6be62b2786
12836,val,run19|d9b71b3ac086160b0a9f69df
12837,train,run19|86f42b69d90d0b59ac9c1a1a
12838,train,run19|8d3eecce52388dd894f64a98
12839,train,run19|57101d214413e858161175ae
12840,train,run19|05fe3e82478e10b69cbc6bf4
12841,val,run19|17b34e1cc274761898929901
12842,val,run19|51eb7358221c6f0605445080
12843,train,run19|0b4459e1ffe6077e8e109f50
12844,train,run19|e25a4b2f47add2a1610cb888
12845,train,run19|6a42ae7fcd8a59a4ceaabf20
12846,train,run19|860a66e8e4bc7eb9cbfee71f
12847,test,run19|3be03974441657eb8beda826
12848,train,run19|4069f3ceeea671ab018816e7
12849,train,run19|82f7645adde4b83f601ee1b0
12850,train,run19|91e4db72b4e752fa5a59b0be
12851,val,run19|55e22385326c1c850fdc7d5e
12852,val,run19|84be3acf8e7935b33017ca9b
12853,train,run19|c745838e5b6ea2ce5691f08f
12854,test,run19|9fa39e6a774176f27a42d7d7
12855,train,run19|3f0971a1662294d0c14578f5
12856,train,run19|214c3ff991c155bb3a4dbe99
12857,train,run19|c108f614e0bbd1e91ed03575
12858,train,run19|85d76c8293cc3a0203246050
12859,train,run19|9225e7467e036564ed7e772a
12860,test,run19|13cd41ec75a26a0be5a0ff51
12861,train,run19|e61b775a519e88008734a2a9
12862,train,run19|54b323eca78abf9c5d37dbc7
12863,val,run19|b3c8f76c5d134dc7bd9b0e4a
12864,train,run19|fb8dffc361641a0e19014384
12865,test,run19|06b0957d637ead2e86cc368c
12866,test,run19|bd4a953495d8a1b75dbe1998
12867,train,run19|1d36a7083f9dabe747e8b34a
12868,train,run19|58a3978cd0deb10cbc279cad
12869,val,run19|f3f775892a74d8e272d327f1
12870,train,run19|af90ce6e85c1e8118058e0b4
12871,train,run19|8e907e56938e52e39a3f122d
12872,test,run19|0b57f915358b72cb2e8de113
12873,val,run19|986761663b71f94c74cf218a
12874,val,run19|5e25d873825796e672531fb8
12875,val,run19|66333d321550a279fa4e7b24
12876,test,run19|bec1f05b356dbf56f06361a0
12877,train,run19|6b0fd34f8097caccc62847fe
12878,val,run19|8e3a7b5676b9ad90ecf5cb32
12879,val,run19|748e193232457b1d5f52bd20
12880,train,run19|3dc10379e0e0f2e6fc30b3cd
12881,val,run19|20807d0535c6373da61e4a27
12882,val,run19|5efd564f5a65889fca3f38cf
12883,val,run19|8e9977018b5dce94b6b13866
12884,test,run20|5a02b4b878905ce63c0b2c54
12885,train,run20|c05d010074df447e1f0859a2
12886,train,run20|1094ce8603bf1b044a106032
12887,train,run20|81fe18d88692639b6f299dee
12888,val,run20|3c29f2e64215cef0b32141e9
12889,train,run20|9475b6a278b0402be4a06527
12890,train,run20|0e41ae16a741e8696b90a2fa
12891,train,run20|686afbd5f2e3ce567d78b844
12892,train,run20|3d9ca26724a19ba1b8c50ede
12893,test,run20|690b6310d8d0db40a40caa86
12894,test,run20|88da1adad670c1f6b6f13950
12895,train,run20|6b626e5015bcdcda498a28f6
12896,test,run20|5579e23a2e9ac27524986bef
12897,val,run20|0ac31dabfbe3064106e89b86
12898,val,run20|40d548bcb28eeaabaf3ff024
12899,val,run20|6c998eae4e86b611df6f59e5
12900,test,run20|dcfe2b177919ede20228dd9c
12901,test,run20|caeaebae3a8d4d748ba8bb32
12902,train,run20|872c794aaab6c58c10d142d5
12903,test,run20|0fd412577369250ef9d49199
12904,val,run20|f8afbf77e84d6de3bebac663
12905,train,run20|5354794ad1ed7a755833e499
12906,val,run20|99daf9be425ce8057d88f207
12907,train,run20|2d46c41bddf8c654b94ffde8
12908,train,run20|405031479794096a67c02418
12909,train,run20|0c64c2a3edf2f63188adf752
12910,train,run20|909c7a4d5480364ea60cb457
12911,train,run20|e37cb071319f5ae658c8a6c6
12912,train,run20|2eefc50816797474dc8a0ed1
12913,train,run20|e917189daa818393b27bd4f2
12914,train,run20|8279f72d71fa4eaa643745ff
12915,test,run20|41587f57af7d27e3b0958956
12916,train,run20|a58b3879004847e435297c40
12917,train,run20|0bf5e546050cc07e3c1c2da4
12918,train,run20|a85f67148543ca1738eb7367
12919,train,run20|62b63b0135baf8f46e52b0b5
12920,test,run20|84a3a38dc5559560f2b0394d
12921,train,run20|a04e3e4fa008c924ec487cb6
12922,val,run20|762eb98132514b12959e625a
12923,test,run20|01f11b59f406071cfb872cb8
12924,train,run20|af208cf6343368ed91198300
12925,val,run20|cac51bfbdd8d34022c55e0de
12926,train,run20|4fff856382ecea5c78f381ae
12927,train,run20|ff4aabaa25433166adabc2d5
12928,train,run20|ad8dd3b16e013b3febd02878
12929,test,run20|6de24bf7daf372227656aecf
12930,val,run20|8a5c2535971fc21126887bdf
12931,train,run20|95303fca63aa5cd26b85ed57
12932,train,run20|99e186cfab397b42f2d47990
12933,train,run20|deca160ede482cbf59699c73
12934,train,run20|3d9f6beb4f4af1d3eb8b8fa8
12935,val,run20|134f1c2c967879b239cf26c7
12936,train,run20|64216ad3525ead5f531c0d7f
12937,train,run20|b28bd2fbd5cbeba011f06e5e
12938,train,run20|039537fdd9bd702076233b81
12939,val,run20|adc025ae660ffc70148cd61b
12940,val,run20|15373987736043624027967c
12941,train,run20|7a29ba65fb5ac7517cc8bd5c
12942,train,run20|8d30c39b7f5696a93799112d
12943,val,run20|62d0e436bd100d04c4c886f6
12944,val,run20|f86a0e0f93cac8d2d99be5a2
12945,val,run20|dc7540ae0c9ec11716027552
12946,train,run20|6e73c6549071747d965ec1c4
12947,train,run20|7ec452725377d30015593d49
12948,test,run20|5d963fb981cffe2b88b1b529
12949,train,run20|18942111946b47461684b83e
12950,train,run20|6dff6fcb11231991a94c86d4
12951,test,run20|f4651fb53e553579045f1b1b
12952,train,run20|18ce74be3869931f7b781cdf
12953,test,run20|82d237ff6cfc4e1101de80b4
12954,val,run20|3f20fa24bd64a43c468e2449
12955,val,run20|e266e7e6242f5404376f84b6
12956,test,run20|c49433a6e7596e525880ca52
12957,train,run20|557990ff985d3a8d1e1d5929
12958,train,run20|b656bf95a8ba122b4c82fd9e
12959,train,run20|7f290e4bf457c3fe3c7f217e
12960,train,run20|ae488b66a9d94dd185d38d63
12961,val,run20|e7a377b01a973eba2459fc96
12962,val,run20|bb5b30813ef2e7ee77a3aea5
12963,test,run20|5a02b4b878905ce63c0b2c54
12964,train,run20|c05d010074df447e1f0859a2
12965,train,run20|1094ce8603bf1b044a106032
12966,train,run20|81fe18d88692639b6f299dee
12967,val,run20|3c29f2e64215cef0b32141e9
12968,train,run20|9475b6a278b0402be4a06527
12969,train,run20|0e41ae16a741e8696b90a2fa
12970,train,run20|686afbd5f2e3ce567d78b844
12971,train,run20|3d9ca26724a19ba1b8c50ede
12972,test,run20|690b6310d8d0db40a40caa86
12973,test,run20|88da1adad670c1f6b6f13950
12974,train,run20|6b626e5015bcdcda498a28f6
12975,test,run20|5579e23a2e9ac27524986bef
12976,val,run20|0ac31dabfbe3064106e89b86
12977,val,run20|40d548bcb28eeaabaf3ff024
12978,val,run20|6c998eae4e86b611df6f59e5
12979,test,run20|dcfe2b177919ede20228dd9c
12980,test,run20|caeaebae3a8d4d748ba8bb32
12981,train,run20|872c794aaab6c58c10d142d5
12982,test,run20|0fd412577369250ef9d49199
12983,val,run20|f8afbf77e84d6de3bebac663
12984,train,run20|5354794ad1ed7a755833e499
12985,val,run20|99daf9be425ce8057d88f207
12986,train,run20|2d46c41bddf8c654b94ffde8
12987,train,run20|405031479794096a67c02418
12988,train,run20|0c64c2a3edf2f63188adf752
12989,train,run20|909c7a4d5480364ea60cb457
12990,train,run20|e37cb071319f5ae658c8a6c6
12991,train,run20|2eefc50816797474dc8a0ed1
12992,train,run20|e917189daa818393b27bd4f2
12993,train,run20|8279f72d71fa4eaa643745ff
12994,test,run20|41587f57af7d27e3b0958956
12995,train,run20|a58b3879004847e435297c40
12996,train,run20|0bf5e546050cc07e3c1c2da4
12997,train,run20|a85f67148543ca1738eb7367
12998,train,run20|62b63b0135baf8f46e52b0b5
12999,test,run20|84a3a38dc5559560f2b0394d
13000,train,run20|a04e3e4fa008c924ec487cb6
13001,val,run20|762eb98132514b12959e625a
13002,test,run20|01f11b59f406071cfb872cb8
13003,train,run20|af208cf6343368ed91198300
13004,val,run20|cac51bfbdd8d34022c55e0de
13005,train,run20|4fff856382ecea5c78f381ae
13006,train,run20|ff4aabaa25433166adabc2d5
13007,train,run20|ad8dd3b16e013b3febd02878
13008,test,run20|6de24bf7daf372227656aecf
13009,val,run20|8a5c2535971fc21126887bdf
13010,train,run20|95303fca63aa5cd26b85ed57
13011,train,run20|99e186cfab397b42f2d47990
13012,train,run20|deca160ede482cbf59699c73
13013,train,run20|3d9f6beb4f4af1d3eb8b8fa8
13014,val,run20|134f1c2c967879b239cf26c7
13015,train,run20|64216ad3525ead5f531c0d7f
13016,train,run20|b28bd2fbd5cbeba011f06e5e
13017,train,run20|039537fdd9bd702076233b81
13018,val,run20|adc025ae660ffc70148cd61b
13019,val,run20|15373987736043624027967c
13020,train,run20|7a29ba65fb5ac7517cc8bd5c
13021,train,run20|8d30c39b7f5696a93799112d
13022,val,run20|62d0e436bd100d04c4c886f6
13023,val,run20|f86a0e0f93cac8d2d99be5a2
13024,val,run20|dc7540ae0c9ec11716027552
13025,train,run20|6e73c6549071747d965ec1c4
13026,train,run20|18942111946b47461684b83e
13027,val,run20|3f20fa24bd64a43c468e2449
13028,test,run20|5a02b4b878905ce63c0b2c54
13029,train,run20|c05d010074df447e1f0859a2
13030,train,run20|1094ce8603bf1b044a106032
13031,train,run20|81fe18d88692639b6f299dee
13032,val,run20|3c29f2e64215cef0b32141e9
13033,train,run20|9475b6a278b0402be4a06527
13034,train,run20|0e41ae16a741e8696b90a2fa
13035,train,run20|686afbd5f2e3ce567d78b844
13036,train,run20|3d9ca26724a19ba1b8c50ede
13037,test,run20|690b6310d8d0db40a40caa86
13038,test,run20|88da1adad670c1f6b6f13950
13039,train,run20|6b626e5015bcdcda498a28f6
13040,test,run20|5579e23a2e9ac27524986bef
13041,val,run20|0ac31dabfbe3064106e89b86
13042,val,run20|40d548bcb28eeaabaf3ff024
13043,val,run20|6c998eae4e86b611df6f59e5
13044,test,run20|dcfe2b177919ede20228dd9c
13045,test,run20|caeaebae3a8d4d748ba8bb32
13046,train,run20|872c794aaab6c58c10d142d5
13047,test,run20|0fd412577369250ef9d49199
13048,val,run20|f8afbf77e84d6de3bebac663
13049,train,run20|5354794ad1ed7a755833e499
13050,val,run20|99daf9be425ce8057d88f207
13051,train,run20|2d46c41bddf8c654b94ffde8
13052,train,run20|405031479794096a67c02418
13053,train,run20|0c64c2a3edf2f63188adf752
13054,train,run20|909c7a4d5480364ea60cb457
13055,train,run20|e37cb071319f5ae658c8a6c6
13056,train,run20|2eefc50816797474dc8a0ed1
13057,train,run20|e917189daa818393b27bd4f2
13058,train,run20|8279f72d71fa4eaa643745ff
13059,test,run20|41587f57af7d27e3b0958956
13060,train,run20|a58b3879004847e435297c40
13061,train,run20|0bf5e546050cc07e3c1c2da4
13062,train,run20|a85f67148543ca1738eb7367
13063,train,run20|62b63b0135baf8f46e52b0b5
13064,test,run20|84a3a38dc5559560f2b0394d
13065,train,run20|a04e3e4fa008c924ec487cb6
13066,val,run20|762eb98132514b12959e625a
13067,test,run20|01f11b59f406071cfb872cb8
13068,train,run20|af208cf6343368ed91198300
13069,val,run20|cac51bfbdd8d34022c55e0de
13070,train,run20|4fff856382ecea5c78f381ae
13071,train,run20|ff4aabaa25433166adabc2d5
13072,train,run20|ad8dd3b16e013b3febd02878
13073,test,run20|6de24bf7daf372227656aecf
13074,val,run20|8a5c2535971fc21126887bdf
13075,train,run20|95303fca63aa5cd26b85ed57
13076,train,run20|99e186cfab397b42f2d47990
13077,train,run20|deca160ede482cbf59699c73
13078,train,run20|3d9f6beb4f4af1d3eb8b8fa8
13079,val,run20|134f1c2c967879b239cf26c7
13080,train,run20|64216ad3525ead5f531c0d7f
13081,train,run20|b28bd2fbd5cbeba011f06e5e
13082,train,run20|039537fdd9bd702076233b81
13083,val,run20|adc025ae660ffc70148cd61b
13084,val,run20|15373987736043624027967c
13085,train,run20|7a29ba65fb5ac7517cc8bd5c
13086,train,run20|8d30c39b7f5696a93799112d
13087,val,run20|62d0e436bd100d04c4c886f6
13088,val,run20|f86a0e0f93cac8d2d99be5a2
13089,val,run20|dc7540ae0c9ec11716027552
13090,train,run20|6e73c6549071747d965ec1c4
13091,test,run20|5a02b4b878905ce63c0b2c54
13092,train,run20|c05d010074df447e1f0859a2
13093,train,run20|1094ce8603bf1b044a106032
13094,train,run20|81fe18d88692639b6f299dee
13095,val,run20|3c29f2e64215cef0b32141e9
13096,train,run20|9475b6a278b0402be4a06527
13097,train,run20|0e41ae16a741e8696b90a2fa
13098,train,run20|686afbd5f2e3ce567d78b844
13099,train,run20|3d9ca26724a19ba1b8c50ede
13100,test,run20|690b6310d8d0db40a40caa86
13101,test,run20|88da1adad670c1f6b6f13950
13102,train,run20|6b626e5015bcdcda498a28f6
13103,test,run20|5579e23a2e9ac27524986bef
13104,val,run20|0ac31dabfbe3064106e89b86
13105,val,run20|40d548bcb28eeaabaf3ff024
13106,val,run20|6c998eae4e86b611df6f59e5
13107,test,run20|dcfe2b177919ede20228dd9c
13108,test,run20|caeaebae3a8d4d748ba8bb32
13109,train,run20|872c794aaab6c58c10d142d5
13110,test,run20|0fd412577369250ef9d49199
13111,val,run20|f8afbf77e84d6de3bebac663
13112,train,run20|5354794ad1ed7a755833e499
13113,val,run20|99daf9be425ce8057d88f207
13114,train,run20|2d46c41bddf8c654b94ffde8
13115,train,run20|405031479794096a67c02418
13116,train,run20|0c64c2a3edf2f63188adf752
13117,train,run20|909c7a4d5480364ea60cb457
13118,train,run20|e37cb071319f5ae658c8a6c6
13119,train,run20|2eefc50816797474dc8a0ed1
13120,train,run20|e917189daa818393b27bd4f2
13121,train,run20|8279f72d71fa4eaa643745ff
13122,test,run20|41587f57af7d27e3b0958956
13123,train,run20|a58b3879004847e435297c40
13124,train,run20|0bf5e546050cc07e3c1c2da4
13125,train,run20|a85f67148543ca1738eb7367
13126,train,run20|62b63b0135baf8f46e52b0b5
13127,test,run20|84a3a38dc5559560f2b0394d
13128,train,run20|a04e3e4fa008c924ec487cb6
13129,val,run20|762eb98132514b12959e625a
13130,test,run20|01f11b59f406071cfb872cb8
13131,train,run20|af208cf6343368ed91198300
13132,val,run20|cac51bfbdd8d34022c55e0de
13133,train,run20|4fff856382ecea5c78f381ae
13134,train,run20|ff4aabaa25433166adabc2d5
13135,train,run20|ad8dd3b16e013b3febd02878
13136,test,run20|6de24bf7daf372227656aecf
13137,val,run20|8a5c2535971fc21126887bdf
13138,train,run20|95303fca63aa5cd26b85ed57
13139,train,run20|99e186cfab397b42f2d47990
13140,train,run20|deca160ede482cbf59699c73
13141,train,run20|3d9f6beb4f4af1d3eb8b8fa8
13142,val,run20|134f1c2c967879b239cf26c7
13143,train,run20|64216ad3525ead5f531c0d7f
13144,train,run20|b28bd2fbd5cbeba011f06e5e
13145,train,run20|039537fdd9bd702076233b81
13146,val,run20|adc025ae660ffc70148cd61b
13147,val,run20|15373987736043624027967c
13148,train,run20|7a29ba65fb5ac7517cc8bd5c
13149,train,run20|8d30c39b7f5696a93799112d
13150,val,run20|62d0e436bd100d04c4c886f6
13151,val,run20|f86a0e0f93cac8d2d99be5a2
13152,val,run20|dc7540ae0c9ec11716027552
13153,train,run20|6e73c6549071747d965ec1c4
13154,test,run20|5a02b4b878905ce63c0b2c54
13155,train,run20|c05d010074df447e1f0859a2
13156,train,run20|1094ce8603bf1b044a106032
13157,train,run20|81fe18d88692639b6f299dee
13158,val,run20|3c29f2e64215cef0b32141e9
13159,train,run20|9475b6a278b0402be4a06527
13160,train,run20|0e41ae16a741e8696b90a2fa
13161,train,run20|686afbd5f2e3ce567d78b844
13162,train,run20|3d9ca26724a19ba1b8c50ede
13163,test,run20|690b6310d8d0db40a40caa86
13164,test,run20|88da1adad670c1f6b6f13950
13165,train,run20|6b626e5015bcdcda498a28f6
13166,test,run20|5579e23a2e9ac27524986bef
13167,val,run20|0ac31dabfbe3064106e89b86
13168,val,run20|40d548bcb28eeaabaf3ff024
13169,val,run20|6c998eae4e86b611df6f59e5
13170,test,run20|dcfe2b177919ede20228dd9c
13171,test,run20|caeaebae3a8d4d748ba8bb32
13172,train,run20|872c794aaab6c58c10d142d5
13173,test,run20|0fd412577369250ef9d49199
13174,val,run20|f8afbf77e84d6de3bebac663
13175,train,run20|5354794ad1ed7a755833e499
13176,val,run20|99daf9be425ce8057d88f207
13177,train,run20|2d46c41bddf8c654b94ffde8
13178,train,run20|405031479794096a67c02418
13179,train,run20|0c64c2a3edf2f63188adf752
13180,train,run20|909c7a4d5480364ea60cb457
13181,train,run20|e37cb071319f5ae658c8a6c6
13182,train,run20|2eefc50816797474dc8a0ed1
13183,train,run20|e917189daa818393b27bd4f2
13184,train,run20|8279f72d71fa4eaa643745ff
13185,test,run20|41587f57af7d27e3b0958956
13186,train,run20|a58b3879004847e435297c40
13187,train,run20|0bf5e546050cc07e3c1c2da4
13188,train,run20|a85f67148543ca1738eb7367
13189,train,run20|62b63b0135baf8f46e52b0b5
13190,test,run20|84a3a38dc5559560f2b0394d
13191,train,run20|a04e3e4fa008c924ec487cb6
13192,val,run20|762eb98132514b12959e625a
13193,test,run20|01f11b59f406071cfb872cb8
13194,train,run20|af208cf6343368ed91198300
13195,val,run20|cac51bfbdd8d34022c55e0de
13196,train,run20|4fff856382ecea5c78f381ae
13197,train,run20|ff4aabaa25433166adabc2d5
13198,train,run20|ad8dd3b16e013b3febd02878
13199,test,run20|6de24bf7daf372227656aecf
13200,val,run20|8a5c2535971fc21126887bdf
13201,train,run20|95303fca63aa5cd26b85ed57
13202,train,run20|99e186cfab397b42f2d47990
13203,train,run20|deca160ede482cbf59699c73
13204,train,run20|3d9f6beb4f4af1d3eb8b8fa8
13205,val,run20|134f1c2c967879b239cf26c7
13206,train,run20|64216ad3525ead5f531c0d7f
13207,train,run20|b28bd2fbd5cbeba011f06e5e
13208,train,run20|039537fdd9bd702076233b81
13209,val,run20|adc025ae660ffc70148cd61b
13210,val,run20|15373987736043624027967c
13211,train,run20|7a29ba65fb5ac7517cc8bd5c
13212,train,run20|8d30c39b7f5696a93799112d
13213,val,run20|62d0e436bd100d04c4c886f6
13214,val,run20|f86a0e0f93cac8d2d99be5a2
13215,val,run20|dc7540ae0c9ec11716027552
13216,train,run20|6e73c6549071747d965ec1c4
13217,test,run20|5a02b4b878905ce63c0b2c54
13218,train,run20|c05d010074df447e1f0859a2
13219,train,run20|1094ce8603bf1b044a106032
13220,train,run20|81fe18d88692639b6f299dee
13221,val,run20|3c29f2e64215cef0b32141e9
13222,train,run20|9475b6a278b0402be4a06527
13223,train,run20|0e41ae16a741e8696b90a2fa
13224,train,run20|686afbd5f2e3ce567d78b844
13225,train,run20|3d9ca26724a19ba1b8c50ede
13226,test,run20|690b6310d8d0db40a40caa86
13227,test,run20|88da1adad670c1f6b6f13950
13228,train,run20|6b626e5015bcdcda498a28f6
13229,test,run20|5579e23a2e9ac27524986bef
13230,val,run20|0ac31dabfbe3064106e89b86
13231,val,run20|40d548bcb28eeaabaf3ff024
13232,val,run20|6c998eae4e86b611df6f59e5
13233,test,run20|dcfe2b177919ede20228dd9c
13234,test,run20|caeaebae3a8d4d748ba8bb32
13235,train,run20|872c794aaab6c58c10d142d5
13236,test,run20|0fd412577369250ef9d49199
13237,val,run20|f8afbf77e84d6de3bebac663
13238,train,run20|5354794ad1ed7a755833e499
13239,val,run20|99daf9be425ce8057d88f207
13240,train,run20|2d46c41bddf8c654b94ffde8
13241,train,run20|405031479794096a67c02418
13242,train,run20|0c64c2a3edf2f63188adf752
13243,train,run20|909c7a4d5480364ea60cb457
13244,train,run20|e37cb071319f5ae658c8a6c6
13245,train,run20|2eefc50816797474dc8a0ed1
13246,train,run20|e917189daa818393b27bd4f2
13247,train,run20|8279f72d71fa4eaa643745ff
13248,test,run20|41587f57af7d27e3b0958956
13249,train,run20|a58b3879004847e435297c40
13250,train,run20|0bf5e546050cc07e3c1c2da4
13251,train,run20|a85f67148543ca1738eb7367
13252,train,run20|62b63b0135baf8f46e52b0b5
13253,test,run20|84a3a38dc5559560f2b0394d
13254,train,run20|a04e3e4fa008c924ec487cb6
13255,val,run20|762eb98132514b12959e625a
13256,test,run20|01f11b59f406071cfb872cb8
13257,train,run20|af208cf6343368ed91198300
13258,val,run20|cac51bfbdd8d34022c55e0de
13259,train,run20|4fff856382ecea5c78f381ae
13260,train,run20|ff4aabaa25433166adabc2d5
13261,train,run20|ad8dd3b16e013b3febd02878
13262,test,run20|6de24bf7daf372227656aecf
13263,val,run20|8a5c2535971fc21126887bdf
13264,train,run20|95303fca63aa5cd26b85ed57
13265,train,run20|99e186cfab397b42f2d47990
13266,train,run20|deca160ede482cbf59699c73
13267,train,run20|3d9f6beb4f4af1d3eb8b8fa8
13268,val,run20|134f1c2c967879b239cf26c7
13269,train,run20|64216ad3525ead5f531c0d7f
13270,train,run20|b28bd2fbd5cbeba011f06e5e
13271,train,run20|039537fdd9bd702076233b81
13272,val,run20|adc025ae660ffc70148cd61b
13273,val,run20|15373987736043624027967c
13274,train,run20|7a29ba65fb5ac7517cc8bd5c
13275,train,run20|8d30c39b7f5696a93799112d
13276,val,run20|62d0e436bd100d04c4c886f6
13277,val,run20|f86a0e0f93cac8d2d99be5a2
13278,val,run20|dc7540ae0c9ec11716027552
13279,train,run20|6e73c6549071747d965ec1c4
13280,test,run20|5a02b4b878905ce63c0b2c54
13281,train,run20|c05d010074df447e1f0859a2
13282,train,run20|1094ce8603bf1b044a106032
13283,train,run20|81fe18d88692639b6f299dee
13284,val,run20|3c29f2e64215cef0b32141e9
13285,train,run20|9475b6a278b0402be4a06527
13286,train,run20|0e41ae16a741e8696b90a2fa
13287,train,run20|686afbd5f2e3ce567d78b844
13288,train,run20|3d9ca26724a19ba1b8c50ede
13289,test,run20|690b6310d8d0db40a40caa86
13290,test,run20|88da1adad670c1f6b6f13950
13291,train,run20|6b626e5015bcdcda498a28f6
13292,test,run20|5579e23a2e9ac27524986bef
13293,val,run20|0ac31dabfbe3064106e89b86
13294,val,run20|40d548bcb28eeaabaf3ff024
13295,val,run20|6c998eae4e86b611df6f59e5
13296,test,run20|dcfe2b177919ede20228dd9c
13297,test,run20|caeaebae3a8d4d748ba8bb32
13298,train,run20|872c794aaab6c58c10d142d5
13299,test,run20|0fd412577369250ef9d49199
13300,val,run20|f8afbf77e84d6de3bebac663
13301,train,run20|5354794ad1ed7a755833e499
13302,val,run20|99daf9be425ce8057d88f207
13303,train,run20|2d46c41bddf8c654b94ffde8
13304,train,run20|405031479794096a67c02418
13305,train,run20|0c64c2a3edf2f63188adf752
13306,train,run20|909c7a4d5480364ea60cb457
13307,train,run20|e37cb071319f5ae658c8a6c6
13308,train,run20|2eefc50816797474dc8a0ed1
13309,train,run20|e917189daa818393b27bd4f2
13310,train,run20|8279f72d71fa4eaa643745ff
13311,test,run20|41587f57af7d27e3b0958956
13312,train,run20|a58b3879004847e435297c40
13313,train,run20|0bf5e546050cc07e3c1c2da4
13314,train,run20|a85f67148543ca1738eb7367
13315,train,run20|62b63b0135baf8f46e52b0b5
13316,test,run20|84a3a38dc5559560f2b0394d
13317,train,run20|a04e3e4fa008c924ec487cb6
13318,val,run20|762eb98132514b12959e625a
13319,test,run20|01f11b59f406071cfb872cb8
13320,train,run20|af208cf6343368ed91198300
13321,val,run20|cac51bfbdd8d34022c55e0de
13322,train,run20|4fff856382ecea5c78f381ae
13323,train,run20|ff4aabaa25433166adabc2d5
13324,train,run20|ad8dd3b16e013b3febd02878
13325,test,run20|6de24bf7daf372227656aecf
13326,val,run20|8a5c2535971fc21126887bdf
13327,train,run20|95303fca63aa5cd26b85ed57
13328,train,run20|99e186cfab397b42f2d47990
13329,train,run20|deca160ede482cbf59699c73
13330,train,run20|3d9f6beb4f4af1d3eb8b8fa8
13331,val,run20|134f1c2c967879b239cf26c7
13332,train,run20|64216ad3525ead5f531c0d7f
13333,train,run20|b28bd2fbd5cbeba011f06e5e
13334,train,run20|039537fdd9bd702076233b81
13335,val,run20|adc025ae660ffc70148cd61b
13336,val,run20|15373987736043624027967c
13337,train,run20|7a29ba65fb5ac7517cc8bd5c
13338,train,run20|8d30c39b7f5696a93799112d
13339,val,run20|62d0e436bd100d04c4c886f6
13340,val,run20|f86a0e0f93cac8d2d99be5a2
13341,val,run20|dc7540ae0c9ec11716027552
13342,train,run20|6e73c6549071747d965ec1c4
13343,test,run20|5a02b4b878905ce63c0b2c54
13344,train,run20|c05d010074df447e1f0859a2
13345,train,run20|1094ce8603bf1b044a106032
13346,train,run20|81fe18d88692639b6f299dee
13347,val,run20|3c29f2e64215cef0b32141e9
13348,train,run20|9475b6a278b0402be4a06527
13349,train,run20|0e41ae16a741e8696b90a2fa
13350,train,run20|686afbd5f2e3ce567d78b844
13351,train,run20|3d9ca26724a19ba1b8c50ede
13352,test,run20|690b6310d8d0db40a40caa86
13353,test,run20|88da1adad670c1f6b6f13950
13354,train,run20|6b626e5015bcdcda498a28f6
13355,test,run20|5579e23a2e9ac27524986bef
13356,val,run20|0ac31dabfbe3064106e89b86
13357,val,run20|40d548bcb28eeaabaf3ff024
13358,val,run20|6c998eae4e86b611df6f59e5
13359,test,run20|dcfe2b177919ede20228dd9c
13360,test,run20|caeaebae3a8d4d748ba8bb32
13361,train,run20|872c794aaab6c58c10d142d5
13362,test,run20|0fd412577369250ef9d49199
13363,val,run20|f8afbf77e84d6de3bebac663
13364,train,run20|5354794ad1ed7a755833e499
13365,val,run20|99daf9be425ce8057d88f207
13366,train,run20|2d46c41bddf8c654b94ffde8
13367,train,run20|405031479794096a67c02418
13368,train,run20|0c64c2a3edf2f63188adf752
13369,train,run20|909c7a4d5480364ea60cb457
13370,train,run20|e37cb071319f5ae658c8a6c6
13371,train,run20|2eefc50816797474dc8a0ed1
13372,train,run20|e917189daa818393b27bd4f2
13373,train,run20|8279f72d71fa4eaa643745ff
13374,test,run20|41587f57af7d27e3b0958956
13375,train,run20|a58b3879004847e435297c40
13376,train,run20|0bf5e546050cc07e3c1c2da4
13377,train,run20|a85f67148543ca1738eb7367
13378,train,run20|62b63b0135baf8f46e52b0b5
13379,test,run20|84a3a38dc5559560f2b0394d
13380,train,run20|a04e3e4fa008c924ec487cb6
13381,val,run20|762eb98132514b12959e625a
13382,test,run20|01f11b59f406071cfb872cb8
13383,train,run20|af208cf6343368ed91198300
13384,val,run20|cac51bfbdd8d34022c55e0de
13385,train,run20|4fff856382ecea5c78f381ae
13386,train,run20|ff4aabaa25433166adabc2d5
13387,train,run20|ad8dd3b16e013b3febd02878
13388,test,run20|6de24bf7daf372227656aecf
13389,val,run20|8a5c2535971fc21126887bdf
13390,train,run20|95303fca63aa5cd26b85ed57
13391,train,run20|99e186cfab397b42f2d47990
13392,train,run20|deca160ede482cbf59699c73
13393,train,run20|3d9f6beb4f4af1d3eb8b8fa8
13394,val,run20|134f1c2c967879b239cf26c7
13395,train,run20|64216ad3525ead5f531c0d7f
13396,train,run20|b28bd2fbd5cbeba011f06e5e
13397,train,run20|039537fdd9bd702076233b81
13398,val,run20|adc025ae660ffc70148cd61b
13399,val,run20|15373987736043624027967c
13400,train,run20|7a29ba65fb5ac7517cc8bd5c
13401,train,run20|8d30c39b7f5696a93799112d
13402,val,run20|62d0e436bd100d04c4c886f6
13403,val,run20|f86a0e0f93cac8d2d99be5a2
13404,val,run20|dc7540ae0c9ec11716027552
13405,train,run20|6e73c6549071747d965ec1c4
13406,test,run20|5a02b4b878905ce63c0b2c54
13407,train,run20|c05d010074df447e1f0859a2
13408,train,run20|1094ce8603bf1b044a106032
13409,train,run20|81fe18d88692639b6f299dee
13410,val,run20|3c29f2e64215cef0b32141e9
13411,train,run20|9475b6a278b0402be4a06527
13412,train,run20|0e41ae16a741e8696b90a2fa
13413,train,run20|686afbd5f2e3ce567d78b844
13414,train,run20|3d9ca26724a19ba1b8c50ede
13415,test,run20|690b6310d8d0db40a40caa86
13416,test,run20|88da1adad670c1f6b6f13950
13417,train,run20|6b626e5015bcdcda498a28f6
13418,test,run20|5579e23a2e9ac27524986bef
13419,val,run20|0ac31dabfbe3064106e89b86
13420,val,run20|40d548bcb28eeaabaf3ff024
13421,val,run20|6c998eae4e86b611df6f59e5
13422,test,run20|dcfe2b177919ede20228dd9c
13423,test,run20|caeaebae3a8d4d748ba8bb32
13424,train,run20|872c794aaab6c58c10d142d5
13425,test,run20|0fd412577369250ef9d49199
13426,val,run20|f8afbf77e84d6de3bebac663
13427,train,run20|5354794ad1ed7a755833e499
13428,val,run20|99daf9be425ce8057d88f207
13429,train,run20|2d46c41bddf8c654b94ffde8
13430,train,run20|405031479794096a67c02418
13431,train,run20|0c64c2a3edf2f63188adf752
13432,train,run20|909c7a4d5480364ea60cb457
13433,train,run20|e37cb071319f5ae658c8a6c6
13434,train,run20|2eefc50816797474dc8a0ed1
13435,train,run20|e917189daa818393b27bd4f2
13436,train,run20|8279f72d71fa4eaa643745ff
13437,test,run20|41587f57af7d27e3b0958956
13438,train,run20|a58b3879004847e435297c40
13439,train,run20|0bf5e546050cc07e3c1c2da4
13440,train,run20|a85f67148543ca1738eb7367
13441,train,run20|62b63b0135baf8f46e52b0b5
13442,test,run20|84a3a38dc5559560f2b0394d
13443,train,run20|a04e3e4fa008c924ec487cb6
13444,val,run20|762eb98132514b12959e625a
13445,test,run20|01f11b59f406071cfb872cb8
13446,train,run20|af208cf6343368ed91198300
13447,val,run20|cac51bfbdd8d34022c55e0de
13448,train,run20|4fff856382ecea5c78f381ae
13449,train,run20|ff4aabaa25433166adabc2d5
13450,train,run20|ad8dd3b16e013b3febd02878
13451,test,run20|6de24bf7daf372227656aecf
13452,val,run20|8a5c2535971fc21126887bdf
13453,train,run20|95303fca63aa5cd26b85ed57
13454,train,run20|99e186cfab397b42f2d47990
13455,train,run20|deca160ede482cbf59699c73
13456,train,run20|3d9f6beb4f4af1d3eb8b8fa8
13457,val,run20|134f1c2c967879b239cf26c7
13458,train,run20|64216ad3525ead5f531c0d7f
13459,train,run20|b28bd2fbd5cbeba011f06e5e
13460,train,run20|039537fdd9bd702076233b81
13461,val,run20|adc025ae660ffc70148cd61b
13462,val,run20|15373987736043624027967c
13463,train,run20|7a29ba65fb5ac7517cc8bd5c
13464,train,run20|8d30c39b7f5696a93799112d
13465,val,run20|62d0e436bd100d04c4c886f6
13466,val,run20|f86a0e0f93cac8d2d99be5a2
13467,val,run20|dc7540ae0c9ec11716027552
13468,train,run20|6e73c6549071747d965ec1c4
13469,train,run20|b656bf95a8ba122b4c82fd9e
13470,test,run20|5a02b4b878905ce63c0b2c54
13471,train,run20|c05d010074df447e1f0859a2
13472,train,run20|1094ce8603bf1b044a106032
13473,train,run20|81fe18d88692639b6f299dee
13474,val,run20|3c29f2e64215cef0b32141e9
13475,train,run20|9475b6a278b0402be4a06527
13476,train,run20|0e41ae16a741e8696b90a2fa
13477,train,run20|686afbd5f2e3ce567d78b844
13478,train,run20|3d9ca26724a19ba1b8c50ede
13479,test,run20|690b6310d8d0db40a40caa86
13480,test,run20|88da1adad670c1f6b6f13950
13481,train,run20|6b626e5015bcdcda498a28f6
13482,test,run20|5579e23a2e9ac27524986bef
13483,val,run20|0ac31dabfbe3064106e89b86
13484,val,run20|40d548bcb28eeaabaf3ff024
13485,val,run20|6c998eae4e86b611df6f59e5
13486,test,run20|dcfe2b177919ede20228dd9c
13487,test,run20|caeaebae3a8d4d748ba8bb32
13488,train,run20|872c794aaab6c58c10d142d5
13489,test,run20|0fd412577369250ef9d49199
13490,val,run20|f8afbf77e84d6de3bebac663
13491,train,run20|5354794ad1ed7a755833e499
13492,val,run20|99daf9be425ce8057d88f207
13493,train,run20|2d46c41bddf8c654b94ffde8
13494,train,run20|405031479794096a67c02418
13495,train,run20|0c64c2a3edf2f63188adf752
13496,train,run20|909c7a4d5480364ea60cb457
13497,train,run20|e37cb071319f5ae658c8a6c6
13498,train,run20|2eefc50816797474dc8a0ed1
13499,train,run20|e917189daa818393b27bd4f2
13500,train,run20|8279f72d71fa4eaa643745ff
13501,test,run20|41587f57af7d27e3b0958956
13502,train,run20|a58b3879004847e435297c40
13503,train,run20|0bf5e546050cc07e3c1c2da4
13504,train,run20|a85f67148543ca1738eb7367
13505,train,run20|62b63b0135baf8f46e52b0b5
13506,test,run20|84a3a38dc5559560f2b0394d
13507,train,run20|a04e3e4fa008c924ec487cb6
13508,val,run20|762eb98132514b12959e625a
13509,test,run20|01f11b59f406071cfb872cb8
13510,train,run20|af208cf6343368ed91198300
13511,val,run20|cac51bfbdd8d34022c55e0de
13512,train,run20|4fff856382ecea5c78f381ae
13513,train,run20|ff4aabaa25433166adabc2d5
13514,train,run20|ad8dd3b16e013b3febd02878
13515,test,run20|6de24bf7daf372227656aecf
13516,val,run20|8a5c2535971fc21126887bdf
13517,train,run20|95303fca63aa5cd26b85ed57
13518,train,run20|99e186cfab397b42f2d47990
13519,train,run20|deca160ede482cbf59699c73
13520,train,run20|3d9f6beb4f4af1d3eb8b8fa8
13521,val,run20|134f1c2c967879b239cf26c7
13522,train,run20|64216ad3525ead5f531c0d7f
13523,train,run20|b28bd2fbd5cbeba011f06e5e
13524,train,run20|039537fdd9bd702076233b81
13525,val,run20|adc025ae660ffc70148cd61b
13526,val,run20|15373987736043624027967c
13527,train,run20|7a29ba65fb5ac7517cc8bd5c
13528,train,run20|8d30c39b7f5696a93799112d
13529,val,run20|62d0e436bd100d04c4c886f6
13530,val,run20|f86a0e0f93cac8d2d99be5a2
13531,val,run20|dc7540ae0c9ec11716027552
13532,train,run20|6e73c6549071747d965ec1c4
13533,val,run20|e266e7e6242f5404376f84b6
13534,test,run20|c49433a6e7596e525880ca52
13535,train,run20|557990ff985d3a8d1e1d5929
13536,train,run20|7f290e4bf457c3fe3c7f217e
13537,train,run20|ae488b66a9d94dd185d38d63
13538,val,run20|e7a377b01a973eba2459fc96
13539,val,run20|bb5b30813ef2e7ee77a3aea5
13540,test,run20|5a02b4b878905ce63c0b2c54
13541,train,run20|c05d010074df447e1f0859a2
13542,train,run20|1094ce8603bf1b044a106032
13543,train,run20|81fe18d88692639b6f299dee
13544,val,run20|3c29f2e64215cef0b32141e9
13545,train,run20|9475b6a278b0402be4a06527
13546,train,run20|0e41ae16a741e8696b90a2fa
13547,train,run20|686afbd5f2e3ce567d78b844
13548,train,run20|3d9ca26724a19ba1b8c50ede
13549,test,run20|690b6310d8d0db40a40caa86
13550,test,run20|88da1adad670c1f6b6f13950
13551,train,run20|6b626e5015bcdcda498a28f6
13552,test,run20|5579e23a2e9ac27524986bef
13553,val,run20|0ac31dabfbe3064106e89b86
13554,val,run20|40d548bcb28eeaabaf3ff024
13555,val,run20|6c998eae4e86b611df6f59e5
13556,test,run20|dcfe2b177919ede20228dd9c
13557,test,run20|caeaebae3a8d4d748ba8bb32
13558,train,run20|872c794aaab6c58c10d142d5
13559,test,run20|0fd412577369250ef9d49199
13560,val,run20|f8afbf77e84d6de3bebac663
13561,train,run20|5354794ad1ed7a755833e499
13562,val,run20|99daf9be425ce8057d88f207
13563,train,run20|2d46c41bddf8c654b94ffde8
13564,train,run20|405031479794096a67c02418
13565,train,run20|0c64c2a3edf2f63188adf752
13566,train,run20|909c7a4d5480364ea60cb457
13567,train,run20|e37cb071319f5ae658c8a6c6
13568,train,run20|2eefc50816797474dc8a0ed1
13569,train,run20|e917189daa818393b27bd4f2
13570,train,run20|8279f72d71fa4eaa643745ff
13571,test,run20|41587f57af7d27e3b0958956
13572,train,run20|a58b3879004847e435297c40
13573,train,run20|0bf5e546050cc07e3c1c2da4
13574,train,run20|a85f67148543ca1738eb7367
13575,train,run20|62b63b0135baf8f46e52b0b5
13576,test,run20|84a3a38dc5559560f2b0394d
13577,train,run20|a04e3e4fa008c924ec487cb6
13578,val,run20|762eb98132514b12959e625a
13579,test,run20|01f11b59f406071cfb872cb8
13580,train,run20|af208cf6343368ed91198300
13581,val,run20|cac51bfbdd8d34022c55e0de
13582,train,run20|4fff856382ecea5c78f381ae
13583,train,run20|ff4aabaa25433166adabc2d5
13584,train,run20|ad8dd3b16e013b3febd02878
13585,test,run20|6de24bf7daf372227656aecf
13586,val,run20|8a5c2535971fc21126887bdf
13587,train,run20|95303fca63aa5cd26b85ed57
13588,train,run20|99e186cfab397b42f2d47990
13589,train,run20|deca160ede482cbf59699c73
13590,train,run20|3d9f6beb4f4af1d3eb8b8fa8
13591,val,run20|134f1c2c967879b239cf26c7
13592,train,run20|64216ad3525ead5f531c0d7f
13593,train,run20|b28bd2fbd5cbeba011f06e5e
13594,train,run20|039537fdd9bd702076233b81
13595,val,run20|adc025ae660ffc70148cd61b
13596,val,run20|15373987736043624027967c
13597,train,run20|7a29ba65fb5ac7517cc8bd5c
13598,train,run20|8d30c39b7f5696a93799112d
13599,val,run20|62d0e436bd100d04c4c886f6
13600,val,run20|f86a0e0f93cac8d2d99be5a2
13601,val,run20|dc7540ae0c9ec11716027552
13602,train,run20|6e73c6549071747d965ec1c4
13603,val,run20|dc7540ae0c9ec11716027552
13604,val,run21|e326aa473c71fb00c9c76ea2
13605,val,run21|cacdf1ad4da117bd867f9b47
13606,train,run21|25b4bd02183e56b58962476e
13607,train,run21|6d70cca264d821f4090eff39
13608,val,run21|0a10d91767b3163f14e83976
13609,val,run21|6b0237b8b5f54f988b1338eb
13610,val,run21|21b744d5ba47de67d97a3e7e
13611,val,run21|7d622b15bbfc3422b6e33913
13612,train,run21|5d477ea84a6d90f1beaf262f
13613,test,run21|8c53699cc54f8fa61c0119dc
13614,test,run21|f5c8238fb7d3c65e0fc4dfd2
13615,train,run21|40a9a2eb6030535488c211a3
13616,val,run21|6999f3ccd85a2063a35f1b0f
13617,val,run21|63560f8d3dba08380f58ba6b
13618,val,run21|1ddb16e588de9de3f3dd7de5
13619,test,run21|eb62fcd27db0510b42ec2c27
13620,test,run21|0bb60d1273c2f2fcfe8bb773
13621,test,run21|49668e09718e0ebee896e80b
13622,test,run21|30f606f4ed60d493ea0269a6
13623,train,run21|bb2c8c74b7f8f95c4455840a
13624,train,run21|355984f5babcf4d86f0d2456
13625,train,run21|43bac520deb08c8781d7dacd
13626,train,run21|dbf5d76bc3f1f2e2e162220c
13627,train,run21|41abe8df904638371bf66580
13628,train,run21|63edf87247e688fdd2875214
13629,train,run21|9647846025c4e07e3643f171
13630,train,run21|8b1dff7af5976172035a1425
13631,train,run21|e86cb4e6cfad7411100889cf
13632,test,run21|86b6a27d37bbb4b8059dc6b0
13633,train,run21|df5afd6e658e06192fa7b1f8
13634,val,run21|33c2b9506cf02b36e07f04b1
13635,val,run21|fab8b9d5bdb3bb224ef14e16
13636,test,run21|3f6f59925762062c3eb1ea38
13637,train,run21|14f5073e08cd692eb457d51a
13638,val,run21|dc52fa592f6801da9aa78a72
13639,train,run21|4ee544306887b46db136ce04
13640,train,run21|8f73eb8a64e9c824683ed49e
13641,train,run21|01c6d42bdcc1552277673d14
13642,train,run21|324589d02ff3f2fb0912c73c
13643,val,run21|2c1535eff3c5049bc0d5a6bf
13644,train,run21|30c81d624807241dc50527a4
13645,train,run21|590f573a0d8e7686e43422d7
13646,val,run21|85a23b530b2773d138b535ff
13647,test,run21|cea36500e8c1eb00a1c29099
13648,train,run21|5bb12e9561008f19ed1409dc
13649,train,run21|fc02c0e82099b84b7439f436
13650,val,run21|69c10a416a7c3084b73abd4d
13651,train,run21|f790885e358a5135b819619f
13652,val,run21|a64622704d21b9cfd3e281ae
13653,val,run21|a97f249b58158d8f764e3edd
13654,train,run21|e215ec93699bb19f2a6229c0
13655,train,run21|6a4c0049c001197f704bc7ab
13656,train,run21|5860df76f1b49ebadde86af0
13657,train,run21|f118d1135d582ab8b7f20f6e
13658,val,run21|86dbc5a3c59f8023563108fe
13659,test,run21|ef0fd3f2d6f0a5a8c187d8a5
13660,train,run21|33be564f8de17140d784b822
13661,test,run21|0c81b4de6a95f1c87356124e
13662,test,run21|927bc30a27b270196cb8035a
13663,test,run21|2ff4625dc88bf9e6432e6c73
13664,test,run21|db9c6a984e86f943f8810532
13665,train,run21|d58bd0a6bb2cff7331256dc0
13666,train,run21|1c8c0cf48d0f3e354993e943
13667,val,run21|6e39d2f1d822480e88bb4d44
13668,val,run21|9b1d795e050d13c60c2a73fc
13669,train,run21|52ff7efec83a9a9d84f49b5b
13670,test,run21|a1f6414e9f9beeadabf2e39c
13671,test,run21|a137da0d20bc5bc8972e31c7
13672,train,run21|a1765f33c9a31d8e07882331
13673,val,run21|0e17b393963b02c9747a1dcd
13674,val,run21|9f894309c3ae537885b9e557
13675,val,run21|ded49f234c247a857105f27d
13676,train,run21|54bc4d698355835f1233f0c6
13677,val,run21|312730413f3c7b8e6e112442
13678,train,run21|a59c67458e240673ba8a6457
13679,train,run21|95b0b762d1e0c20c0de228db
13680,train,run21|b4fc68b4d9138479fb4de909
13681,val,run21|5413e47b0c92acbeae46977e
13682,val,run21|6b378df4c055ca405bbfb7ba
13683,val,run21|e326aa473c71fb00c9c76ea2
13684,val,run21|cacdf1ad4da117bd867f9b47
13685,train,run21|25b4bd02183e56b58962476e
13686,train,run21|6d70cca264d821f4090eff39
13687,val,run21|0a10d91767b3163f14e83976
13688,val,run21|6b0237b8b5f54f988b1338eb
13689,val,run21|21b744d5ba47de67d97a3e7e
13690,val,run21|7d622b15bbfc3422b6e33913
13691,train,run21|5d477ea84a6d90f1beaf262f
13692,test,run21|8c53699cc54f8fa61c0119dc
13693,test,run21|f5c8238fb7d3c65e0fc4dfd2
13694,train,run21|40a9a2eb6030535488c211a3
13695,val,run21|6999f3ccd85a2063a35f1b0f
13696,val,run21|63560f8d3dba08380f58ba6b
13697,val,run21|1ddb16e588de9de3f3dd7de5
13698,test,run21|eb62fcd27db0510b42ec2c27
13699,test,run21|0bb60d1273c2f2fcfe8bb773
13700,test,run21|49668e09718e0ebee896e80b
13701,test,run21|30f606f4ed60d493ea0269a6
13702,train,run21|bb2c8c74b7f8f95c4455840a
13703,train,run21|355984f5babcf4d86f0d2456
13704,train,run21|43bac520deb08c8781d7dacd
13705,train,run21|dbf5d76bc3f1f2e2e162220c
13706,train,run21|41abe8df904638371bf66580
13707,train,run21|63edf87247e688fdd2875214
13708,train,run21|9647846025c4e07e3643f171
13709,train,run21|8b1dff7af5976172035a1425
13710,train,run21|e86cb4e6cfad7411100889cf
13711,test,run21|86b6a27d37bbb4b8059dc6b0
13712,train,run21|df5afd6e658e06192fa7b1f8
13713,val,run21|33c2b9506cf02b36e07f04b1
13714,val,run21|fab8b9d5bdb3bb224ef14e16
13715,test,run21|3f6f59925762062c3eb1ea38
13716,train,run21|14f5073e08cd692eb457d51a
13717,val,run21|dc52fa592f6801da9aa78a72
13718,train,run21|4ee544306887b46db136ce04
13719,train,run21|8f73eb8a64e9c824683ed49e
13720,train,run21|01c6d42bdcc1552277673d14
13721,train,run21|324589d02ff3f2fb0912c73c
13722,val,run21|2c1535eff3c5049bc0d5a6bf
13723,train,run21|30c81d624807241dc50527a4
13724,train,run21|590f573a0d8e7686e43422d7
13725,val,run21|85a23b530b2773d138b535ff
13726,test,run21|cea36500e8c1eb00a1c29099
13727,train,run21|5bb12e9561008f19ed1409dc
13728,train,run21|fc02c0e82099b84b7439f436
13729,val,run21|69c10a416a7c3084b73abd4d
13730,train,run21|f790885e358a5135b819619f
13731,val,run21|a64622704d21b9cfd3e281ae
13732,val,run21|a97f249b58158d8f764e3edd
13733,train,run21|e215ec93699bb19f2a6229c0
13734,train,run21|6a4c0049c001197f704bc7ab
13735,train,run21|5860df76f1b49ebadde86af0
13736,train,run21|f118d1135d582ab8b7f20f6e
13737,val,run21|86dbc5a3c59f8023563108fe
13738,test,run21|ef0fd3f2d6f0a5a8c187d8a5
13739,train,run21|33be564f8de17140d784b822
13740,test,run21|0c81b4de6a95f1c87356124e
13741,test,run21|927bc30a27b270196cb8035a
13742,test,run21|2ff4625dc88bf9e6432e6c73
13743,test,run21|db9c6a984e86f943f8810532
13744,train,run21|d58bd0a6bb2cff7331256dc0
13745,train,run21|1c8c0cf48d0f3e354993e943
13746,val,run21|6e39d2f1d822480e88bb4d44
13747,test,run21|a1f6414e9f9beeadabf2e39c
13748,test,run21|a137da0d20bc5bc8972e31c7
13749,train,run21|a1765f33c9a31d8e07882331
13750,val,run21|0e17b393963b02c9747a1dcd
13751,val,run21|9f894309c3ae537885b9e557
13752,val,run21|ded49f234c247a857105f27d
13753,train,run21|54bc4d698355835f1233f0c6
13754,val,run21|312730413f3c7b8e6e112442
13755,train,run21|a59c67458e240673ba8a6457
13756,train,run21|95b0b762d1e0c20c0de228db
13757,train,run21|b4fc68b4d9138479fb4de909
13758,val,run21|5413e47b0c92acbeae46977e
13759,val,run21|e326aa473c71fb00c9c76ea2
13760,val,run21|cacdf1ad4da117bd867f9b47
13761,train,run21|25b4bd02183e56b58962476e
13762,train,run21|6d70cca264d821f4090eff39
13763,val,run21|0a10d91767b3163f14e83976
13764,val,run21|6b0237b8b5f54f988b1338eb
13765,val,run21|21b744d5ba47de67d97a3e7e
13766,val,run21|7d622b15bbfc3422b6e33913
13767,train,run21|5d477ea84a6d90f1beaf262f
13768,test,run21|8c53699cc54f8fa61c0119dc
13769,test,run21|f5c8238fb7d3c65e0fc4dfd2
13770,train,run21|40a9a2eb6030535488c211a3
13771,val,run21|6999f3ccd85a2063a35f1b0f
13772,val,run21|63560f8d3dba08380f58ba6b
13773,val,run21|1ddb16e588de9de3f3dd7de5
13774,test,run21|eb62fcd27db0510b42ec2c27
13775,test,run21|0bb60d1273c2f2fcfe8bb773
13776,test,run21|49668e09718e0ebee896e80b
13777,test,run21|30f606f4ed60d493ea0269a6
13778,train,run21|bb2c8c74b7f8f95c4455840a
13779,train,run21|355984f5babcf4d86f0d2456
13780,train,run21|43bac520deb08c8781d7dacd
13781,train,run21|dbf5d76bc3f1f2e2e162220c
13782,train,run21|41abe8df904638371bf66580
13783,train,run21|63edf87247e688fdd2875214
13784,train,run21|9647846025c4e07e3643f171
13785,train,run21|8b1dff7af5976172035a1425
13786,train,run21|e86cb4e6cfad7411100889cf
13787,test,run21|86b6a27d37bbb4b8059dc6b0
13788,train,run21|df5afd6e658e06192fa7b1f8
13789,val,run21|33c2b9506cf02b36e07f04b1
13790,val,run21|fab8b9d5bdb3bb224ef14e16
13791,test,run21|3f6f59925762062c3eb1ea38
13792,train,run21|14f5073e08cd692eb457d51a
13793,val,run21|dc52fa592f6801da9aa78a72
13794,train,run21|4ee544306887b46db136ce04
13795,train,run21|8f73eb8a64e9c824683ed49e
13796,train,run21|01c6d42bdcc1552277673d14
13797,train,run21|324589d02ff3f2fb0912c73c
13798,val,run21|2c1535eff3c5049bc0d5a6bf
13799,train,run21|30c81d624807241dc50527a4
13800,train,run21|590f573a0d8e7686e43422d7
13801,val,run21|85a23b530b2773d138b535ff
13802,test,run21|cea36500e8c1eb00a1c29099
13803,train,run21|5bb12e9561008f19ed1409dc
13804,train,run21|fc02c0e82099b84b7439f436
13805,val,run21|69c10a416a7c3084b73abd4d
13806,train,run21|f790885e358a5135b819619f
13807,val,run21|a64622704d21b9cfd3e281ae
13808,val,run21|a97f249b58158d8f764e3edd
13809,train,run21|e215ec93699bb19f2a6229c0
13810,train,run21|6a4c0049c001197f704bc7ab
13811,train,run21|5860df76f1b49ebadde86af0
13812,train,run21|f118d1135d582ab8b7f20f6e
13813,val,run21|86dbc5a3c59f8023563108fe
13814,test,run21|ef0fd3f2d6f0a5a8c187d8a5
13815,train,run21|33be564f8de17140d784b822
13816,test,run21|0c81b4de6a95f1c87356124e
13817,test,run21|927bc30a27b270196cb8035a
13818,test,run21|2ff4625dc88bf9e6432e6c73
13819,test,run21|db9c6a984e86f943f8810532
13820,train,run21|d58bd0a6bb2cff7331256dc0
13821,train,run21|1c8c0cf48d0f3e354993e943
13822,val,run21|e326aa473c71fb00c9c76ea2
13823,val,run21|cacdf1ad4da117bd867f9b47
13824,train,run21|25b4bd02183e56b58962476e
13825,train,run21|6d70cca264d821f4090eff39
13826,val,run21|0a10d91767b3163f14e83976
13827,val,run21|6b0237b8b5f54f988b1338eb
13828,val,run21|21b744d5ba47de67d97a3e7e
13829,val,run21|7d622b15bbfc3422b6e33913
13830,train,run21|5d477ea84a6d90f1beaf262f
13831,test,run21|8c53699cc54f8fa61c0119dc
13832,test,run21|f5c8238fb7d3c65e0fc4dfd2
13833,train,run21|40a9a2eb6030535488c211a3
13834,val,run21|6999f3ccd85a2063a35f1b0f
13835,val,run21|63560f8d3dba08380f58ba6b
13836,val,run21|1ddb16e588de9de3f3dd7de5
13837,test,run21|eb62fcd27db0510b42ec2c27
13838,test,run21|0bb60d1273c2f2fcfe8bb773
13839,test,run21|49668e09718e0ebee896e80b
13840,test,run21|30f606f4ed60d493ea0269a6
13841,train,run21|bb2c8c74b7f8f95c4455840a
13842,train,run21|355984f5babcf4d86f0d2456
13843,train,run21|43bac520deb08c8781d7dacd
13844,train,run21|dbf5d76bc3f1f2e2e162220c
13845,train,run21|41abe8df904638371bf66580
13846,train,run21|63edf87247e688fdd2875214
13847,train,run21|9647846025c4e07e3643f171
13848,train,run21|8b1dff7af5976172035a1425
13849,train,run21|e86cb4e6cfad7411100889cf
13850,test,run21|86b6a27d37bbb4b8059dc6b0
13851,train,run21|df5afd6e658e06192fa7b1f8
13852,val,run21|33c2b9506cf02b36e07f04b1
13853,val,run21|fab8b9d5bdb3bb224ef14e16
13854,test,run21|3f6f59925762062c3eb1ea38
13855,train,run21|14f5073e08cd692eb457d51a
13856,val,run21|dc52fa592f6801da9aa78a72
13857,train,run21|4ee544306887b46db136ce04
13858,train,run21|8f73eb8a64e9c824683ed49e
13859,train,run21|01c6d42bdcc1552277673d14
13860,train,run21|324589d02ff3f2fb0912c73c
13861,val,run21|2c1535eff3c5049bc0d5a6bf
13862,train,run21|30c81d624807241dc50527a4
13863,train,run21|590f573a0d8e7686e43422d7
13864,val,run21|85a23b530b2773d138b535ff
13865,test,run21|cea36500e8c1eb00a1c29099
13866,train,run21|5bb12e9561008f19ed1409dc
13867,train,run21|fc02c0e82099b84b7439f436
13868,val,run21|69c10a416a7c3084b73abd4d
13869,train,run21|f790885e358a5135b819619f
13870,val,run21|a64622704d21b9cfd3e281ae
13871,val,run21|a97f249b58158d8f764e3edd
13872,train,run21|e215ec93699bb19f2a6229c0
13873,train,run21|6a4c0049c001197f704bc7ab
13874,train,run21|5860df76f1b49ebadde86af0
13875,train,run21|f118d1135d582ab8b7f20f6e
13876,val,run21|86dbc5a3c59f8023563108fe
13877,test,run21|ef0fd3f2d6f0a5a8c187d8a5
13878,train,run21|33be564f8de17140d784b822
13879,test,run21|0c81b4de6a95f1c87356124e
13880,test,run21|927bc30a27b270196cb8035a
13881,test,run21|2ff4625dc88bf9e6432e6c73
13882,test,run21|db9c6a984e86f943f8810532
13883,train,run21|d58bd0a6bb2cff7331256dc0
13884,train,run21|1c8c0cf48d0f3e354993e943
13885,val,run21|e326aa473c71fb00c9c76ea2
13886,val,run21|cacdf1ad4da117bd867f9b47
13887,train,run21|25b4bd02183e56b58962476e
13888,train,run21|6d70cca264d821f4090eff39
13889,val,run21|0a10d91767b3163f14e83976
13890,val,run21|6b0237b8b5f54f988b1338eb
13891,val,run21|21b744d5ba47de67d97a3e7e
13892,val,run21|7d622b15bbfc3422b6e33913
13893,train,run21|5d477ea84a6d90f1beaf262f
13894,test,run21|8c53699cc54f8fa61c0119dc
13895,test,run21|f5c8238fb7d3c65e0fc4dfd2
13896,train,run21|40a9a2eb6030535488c211a3
13897,val,run21|6999f3ccd85a2063a35f1b0f
13898,val,run21|63560f8d3dba08380f58ba6b
13899,val,run21|1ddb16e588de9de3f3dd7de5
13900,test,run21|eb62fcd27db0510b42ec2c27
13901,test,run21|0bb60d1273c2f2fcfe8bb773
13902,test,run21|49668e09718e0ebee896e80b
13903,test,run21|30f606f4ed60d493ea0269a6
13904,train,run21|bb2c8c74b7f8f95c4455840a
13905,train,run21|355984f5babcf4d86f0d2456
13906,train,run21|43bac520deb08c8781d7dacd
13907,train,run21|dbf5d76bc3f1f2e2e162220c
13908,train,run21|41abe8df904638371bf66580
13909,train,run21|63edf87247e688fdd2875214
13910,train,run21|9647846025c4e07e3643f171
13911,train,run21|8b1dff7af5976172035a1425
13912,train,run21|e86cb4e6cfad7411100889cf
13913,test,run21|86b6a27d37bbb4b8059dc6b0
13914,train,run21|df5afd6e658e06192fa7b1f8
13915,val,run21|33c2b9506cf02b36e07f04b1
13916,val,run21|fab8b9d5bdb3bb224ef14e16
13917,test,run21|3f6f59925762062c3eb1ea38
13918,train,run21|14f5073e08cd692eb457d51a
13919,val,run21|dc52fa592f6801da9aa78a72
13920,train,run21|4ee544306887b46db136ce04
13921,train,run21|8f73eb8a64e9c824683ed49e
13922,train,run21|01c6d42bdcc1552277673d14
13923,train,run21|324589d02ff3f2fb0912c73c
13924,val,run21|2c1535eff3c5049bc0d5a6bf
13925,train,run21|30c81d624807241dc50527a4
13926,train,run21|590f573a0d8e7686e43422d7
13927,val,run21|85a23b530b2773d138b535ff
13928,test,run21|cea36500e8c1eb00a1c29099
13929,train,run21|5bb12e9561008f19ed1409dc
13930,train,run21|fc02c0e82099b84b7439f436
13931,val,run21|69c10a416a7c3084b73abd4d
13932,train,run21|f790885e358a5135b819619f
13933,val,run21|a64622704d21b9cfd3e281ae
13934,val,run21|a97f249b58158d8f764e3edd
13935,train,run21|e215ec93699bb19f2a6229c0
13936,train,run21|6a4c0049c001197f704bc7ab
13937,train,run21|5860df76f1b49ebadde86af0
13938,train,run21|f118d1135d582ab8b7f20f6e
13939,val,run21|86dbc5a3c59f8023563108fe
13940,test,run21|ef0fd3f2d6f0a5a8c187d8a5
13941,train,run21|33be564f8de17140d784b822
13942,test,run21|0c81b4de6a95f1c87356124e
13943,test,run21|927bc30a27b270196cb8035a
13944,test,run21|2ff4625dc88bf9e6432e6c73
13945,test,run21|db9c6a984e86f943f8810532
13946,train,run21|d58bd0a6bb2cff7331256dc0
13947,train,run21|1c8c0cf48d0f3e354993e943
13948,val,run21|e326aa473c71fb00c9c76ea2
13949,val,run21|cacdf1ad4da117bd867f9b47
13950,train,run21|25b4bd02183e56b58962476e
13951,train,run21|6d70cca264d821f4090eff39
13952,val,run21|0a10d91767b3163f14e83976
13953,val,run21|6b0237b8b5f54f988b1338eb
13954,val,run21|21b744d5ba47de67d97a3e7e
13955,val,run21|7d622b15bbfc3422b6e33913
13956,train,run21|5d477ea84a6d90f1beaf262f
13957,test,run21|8c53699cc54f8fa61c0119dc
13958,test,run21|f5c8238fb7d3c65e0fc4dfd2
13959,train,run21|40a9a2eb6030535488c211a3
13960,val,run21|6999f3ccd85a2063a35f1b0f
13961,val,run21|63560f8d3dba08380f58ba6b
13962,val,run21|1ddb16e588de9de3f3dd7de5
13963,test,run21|eb62fcd27db0510b42ec2c27
13964,test,run21|0bb60d1273c2f2fcfe8bb773
13965,test,run21|49668e09718e0ebee896e80b
13966,test,run21|30f606f4ed60d493ea0269a6
13967,train,run21|bb2c8c74b7f8f95c4455840a
13968,train,run21|355984f5babcf4d86f0d2456
13969,train,run21|43bac520deb08c8781d7dacd
13970,train,run21|dbf5d76bc3f1f2e2e162220c
13971,train,run21|41abe8df904638371bf66580
13972,train,run21|63edf87247e688fdd2875214
13973,train,run21|9647846025c4e07e3643f171
13974,train,run21|8b1dff7af5976172035a1425
13975,train,run21|e86cb4e6cfad7411100889cf
13976,test,run21|86b6a27d37bbb4b8059dc6b0
13977,train,run21|df5afd6e658e06192fa7b1f8
13978,val,run21|33c2b9506cf02b36e07f04b1
13979,val,run21|fab8b9d5bdb3bb224ef14e16
13980,test,run21|3f6f59925762062c3eb1ea38
13981,train,run21|14f5073e08cd692eb457d51a
13982,val,run21|dc52fa592f6801da9aa78a72
13983,train,run21|4ee544306887b46db136ce04
13984,train,run21|8f73eb8a64e9c824683ed49e
13985,train,run21|01c6d42bdcc1552277673d14
13986,train,run21|324589d02ff3f2fb0912c73c
13987,val,run21|2c1535eff3c5049bc0d5a6bf
13988,train,run21|30c81d624807241dc50527a4
13989,train,run21|590f573a0d8e7686e43422d7
13990,val,run21|85a23b530b2773d138b535ff
13991,test,run21|cea36500e8c1eb00a1c29099
13992,train,run21|5bb12e9561008f19ed1409dc
13993,train,run21|fc02c0e82099b84b7439f436
13994,val,run21|69c10a416a7c3084b73abd4d
13995,train,run21|f790885e358a5135b819619f
13996,val,run21|a64622704d21b9cfd3e281ae
13997,val,run21|a97f249b58158d8f764e3edd
13998,train,run21|e215ec93699bb19f2a6229c0
13999,train,run21|6a4c0049c001197f704bc7ab
14000,train,run21|5860df76f1b49ebadde86af0
14001,train,run21|f118d1135d582ab8b7f20f6e
14002,val,run21|86dbc5a3c59f8023563108fe
14003,test,run21|ef0fd3f2d6f0a5a8c187d8a5
14004,train,run21|33be564f8de17140d784b822
14005,test,run21|0c81b4de6a95f1c87356124e
14006,test,run21|927bc30a27b270196cb8035a
14007,test,run21|2ff4625dc88bf9e6432e6c73
14008,test,run21|db9c6a984e86f943f8810532
14009,train,run21|d58bd0a6bb2cff7331256dc0
14010,train,run21|1c8c0cf48d0f3e354993e943
14011,val,run21|e326aa473c71fb00c9c76ea2
14012,val,run21|cacdf1ad4da117bd867f9b47
14013,train,run21|25b4bd02183e56b58962476e
14014,train,run21|6d70cca264d821f4090eff39
14015,val,run21|0a10d91767b3163f14e83976
14016,val,run21|6b0237b8b5f54f988b1338eb
14017,val,run21|21b744d5ba47de67d97a3e7e
14018,val,run21|7d622b15bbfc3422b6e33913
14019,train,run21|5d477ea84a6d90f1beaf262f
14020,test,run21|8c53699cc54f8fa61c0119dc
14021,test,run21|f5c8238fb7d3c65e0fc4dfd2
14022,train,run21|40a9a2eb6030535488c211a3
14023,val,run21|6999f3ccd85a2063a35f1b0f
14024,val,run21|63560f8d3dba08380f58ba6b
14025,val,run21|1ddb16e588de9de3f3dd7de5
14026,test,run21|eb62fcd27db0510b42ec2c27
14027,test,run21|0bb60d1273c2f2fcfe8bb773
14028,test,run21|49668e09718e0ebee896e80b
14029,test,run21|30f606f4ed60d493ea0269a6
14030,train,run21|bb2c8c74b7f8f95c4455840a
14031,train,run21|355984f5babcf4d86f0d2456
14032,train,run21|43bac520deb08c8781d7dacd
14033,train,run21|dbf5d76bc3f1f2e2e162220c
14034,train,run21|41abe8df904638371bf66580
14035,train,run21|63edf87247e688fdd2875214
14036,train,run21|9647846025c4e07e3643f171
14037,train,run21|8b1dff7af5976172035a1425
14038,train,run21|e86cb4e6cfad7411100889cf
14039,test,run21|86b6a27d37bbb4b8059dc6b0
14040,train,run21|df5afd6e658e06192fa7b1f8
14041,val,run21|33c2b9506cf02b36e07f04b1
14042,val,run21|fab8b9d5bdb3bb224ef14e16
14043,test,run21|3f6f59925762062c3eb1ea38
14044,train,run21|14f5073e08cd692eb457d51a
14045,val,run21|dc52fa592f6801da9aa78a72
14046,train,run21|4ee544306887b46db136ce04
14047,train,run21|8f73eb8a64e9c824683ed49e
14048,train,run21|01c6d42bdcc1552277673d14
14049,train,run21|324589d02ff3f2fb0912c73c
14050,val,run21|2c1535eff3c5049bc0d5a6bf
14051,train,run21|30c81d624807241dc50527a4
14052,train,run21|590f573a0d8e7686e43422d7
14053,val,run21|85a23b530b2773d138b535ff
14054,test,run21|cea36500e8c1eb00a1c29099
14055,train,run21|5bb12e9561008f19ed1409dc
14056,train,run21|fc02c0e82099b84b7439f436
14057,val,run21|69c10a416a7c3084b73abd4d
14058,train,run21|f790885e358a5135b819619f
14059,val,run21|a64622704d21b9cfd3e281ae
14060,val,run21|a97f249b58158d8f764e3edd
14061,train,run21|e215ec93699bb19f2a6229c0
14062,train,run21|6a4c0049c001197f704bc7ab
14063,train,run21|5860df76f1b49ebadde86af0
14064,train,run21|f118d1135d582ab8b7f20f6e
14065,val,run21|86dbc5a3c59f8023563108fe
14066,test,run21|ef0fd3f2d6f0a5a8c187d8a5
14067,train,run21|33be564f8de17140d784b822
14068,test,run21|0c81b4de6a95f1c87356124e
14069,test,run21|927bc30a27b270196cb8035a
14070,test,run21|2ff4625dc88bf9e6432e6c73
14071,test,run21|db9c6a984e86f943f8810532
14072,train,run21|d58bd0a6bb2cff7331256dc0
14073,train,run21|1c8c0cf48d0f3e354993e943
14074,val,run21|e326aa473c71fb00c9c76ea2
14075,val,run21|cacdf1ad4da117bd867f9b47
14076,train,run21|25b4bd02183e56b58962476e
14077,train,run21|6d70cca264d821f4090eff39
14078,val,run21|0a10d91767b3163f14e83976
14079,val,run21|6b0237b8b5f54f988b1338eb
14080,val,run21|21b744d5ba47de67d97a3e7e
14081,val,run21|7d622b15bbfc3422b6e33913
14082,train,run21|5d477ea84a6d90f1beaf262f
14083,test,run21|8c53699cc54f8fa61c0119dc
14084,test,run21|f5c8238fb7d3c65e0fc4dfd2
14085,train,run21|40a9a2eb6030535488c211a3
14086,val,run21|6999f3ccd85a2063a35f1b0f
14087,val,run21|63560f8d3dba08380f58ba6b
14088,val,run21|1ddb16e588de9de3f3dd7de5
14089,test,run21|eb62fcd27db0510b42ec2c27
14090,test,run21|0bb60d1273c2f2fcfe8bb773
14091,test,run21|49668e09718e0ebee896e80b
14092,test,run21|30f606f4ed60d493ea0269a6
14093,train,run21|bb2c8c74b7f8f95c4455840a
14094,train,run21|355984f5babcf4d86f0d2456
14095,train,run21|43bac520deb08c8781d7dacd
14096,train,run21|dbf5d76bc3f1f2e2e162220c
14097,train,run21|41abe8df904638371bf66580
14098,train,run21|63edf87247e688fdd2875214
14099,train,run21|9647846025c4e07e3643f171
14100,train,run21|8b1dff7af5976172035a1425
14101,train,run21|e86cb4e6cfad7411100889cf
14102,test,run21|86b6a27d37bbb4b8059dc6b0
14103,train,run21|df5afd6e658e06192fa7b1f8
14104,val,run21|33c2b9506cf02b36e07f04b1
14105,val,run21|fab8b9d5bdb3bb224ef14e16
14106,test,run21|3f6f59925762062c3eb1ea38
14107,train,run21|14f5073e08cd692eb457d51a
14108,val,run21|dc52fa592f6801da9aa78a72
14109,train,run21|4ee544306887b46db136ce04
14110,train,run21|8f73eb8a64e9c824683ed49e
14111,train,run21|01c6d42bdcc1552277673d14
14112,train,run21|324589d02ff3f2fb0912c73c
14113,val,run21|2c1535eff3c5049bc0d5a6bf
14114,train,run21|30c81d624807241dc50527a4
14115,train,run21|590f573a0d8e7686e43422d7
14116,val,run21|85a23b530b2773d138b535ff
14117,test,run21|cea36500e8c1eb00a1c29099
14118,train,run21|5bb12e9561008f19ed1409dc
14119,train,run21|fc02c0e82099b84b7439f436
14120,val,run21|69c10a416a7c3084b73abd4d
14121,train,run21|f790885e358a5135b819619f
14122,val,run21|a64622704d21b9cfd3e281ae
14123,val,run21|a97f249b58158d8f764e3edd
14124,train,run21|e215ec93699bb19f2a6229c0
14125,train,run21|6a4c0049c001197f704bc7ab
14126,train,run21|5860df76f1b49ebadde86af0
14127,train,run21|f118d1135d582ab8b7f20f6e
14128,val,run21|86dbc5a3c59f8023563108fe
14129,test,run21|ef0fd3f2d6f0a5a8c187d8a5
14130,train,run21|33be564f8de17140d784b822
14131,test,run21|0c81b4de6a95f1c87356124e
14132,test,run21|927bc30a27b270196cb8035a
14133,test,run21|2ff4625dc88bf9e6432e6c73
14134,test,run21|db9c6a984e86f943f8810532
14135,train,run21|d58bd0a6bb2cff7331256dc0
14136,train,run21|1c8c0cf48d0f3e354993e943
14137,val,run21|e326aa473c71fb00c9c76ea2
14138,val,run21|cacdf1ad4da117bd867f9b47
14139,train,run21|25b4bd02183e56b58962476e
14140,train,run21|6d70cca264d821f4090eff39
14141,val,run21|0a10d91767b3163f14e83976
14142,val,run21|6b0237b8b5f54f988b1338eb
14143,val,run21|21b744d5ba47de67d97a3e7e
14144,val,run21|7d622b15bbfc3422b6e33913
14145,train,run21|5d477ea84a6d90f1beaf262f
14146,test,run21|8c53699cc54f8fa61c0119dc
14147,test,run21|f5c8238fb7d3c65e0fc4dfd2
14148,train,run21|40a9a2eb6030535488c211a3
14149,val,run21|6999f3ccd85a2063a35f1b0f
14150,val,run21|63560f8d3dba08380f58ba6b
14151,val,run21|1ddb16e588de9de3f3dd7de5
14152,test,run21|eb62fcd27db0510b42ec2c27
14153,test,run21|0bb60d1273c2f2fcfe8bb773
14154,test,run21|49668e09718e0ebee896e80b
14155,test,run21|30f606f4ed60d493ea0269a6
14156,train,run21|bb2c8c74b7f8f95c4455840a
14157,train,run21|355984f5babcf4d86f0d2456
14158,train,run21|43bac520deb08c8781d7dacd
14159,train,run21|dbf5d76bc3f1f2e2e162220c
14160,train,run21|41abe8df904638371bf66580
14161,train,run21|63edf87247e688fdd2875214
14162,train,run21|9647846025c4e07e3643f171
14163,train,run21|8b1dff7af5976172035a1425
14164,train,run21|e86cb4e6cfad7411100889cf
14165,test,run21|86b6a27d37bbb4b8059dc6b0
14166,train,run21|df5afd6e658e06192fa7b1f8
14167,val,run21|33c2b9506cf02b36e07f04b1
14168,val,run21|fab8b9d5bdb3bb224ef14e16
14169,test,run21|3f6f59925762062c3eb1ea38
14170,train,run21|14f5073e08cd692eb457d51a
14171,val,run21|dc52fa592f6801da9aa78a72
14172,train,run21|4ee544306887b46db136ce04
14173,train,run21|8f73eb8a64e9c824683ed49e
14174,train,run21|01c6d42bdcc1552277673d14
14175,train,run21|324589d02ff3f2fb0912c73c
14176,val,run21|2c1535eff3c5049bc0d5a6bf
14177,train,run21|30c81d624807241dc50527a4
14178,train,run21|590f573a0d8e7686e43422d7
14179,val,run21|85a23b530b2773d138b535ff
14180,test,run21|cea36500e8c1eb00a1c29099
14181,train,run21|5bb12e9561008f19ed1409dc
14182,train,run21|fc02c0e82099b84b7439f436
14183,val,run21|69c10a416a7c3084b73abd4d
14184,train,run21|f790885e358a5135b819619f
14185,val,run21|a64622704d21b9cfd3e281ae
14186,val,run21|a97f249b58158d8f764e3edd
14187,train,run21|e215ec93699bb19f2a6229c0
14188,train,run21|6a4c0049c001197f704bc7ab
14189,train,run21|5860df76f1b49ebadde86af0
14190,train,run21|f118d1135d582ab8b7f20f6e
14191,val,run21|86dbc5a3c59f8023563108fe
14192,test,run21|ef0fd3f2d6f0a5a8c187d8a5
14193,train,run21|33be564f8de17140d784b822
14194,test,run21|0c81b4de6a95f1c87356124e
14195,test,run21|927bc30a27b270196cb8035a
14196,test,run21|2ff4625dc88bf9e6432e6c73
14197,test,run21|db9c6a984e86f943f8810532
14198,train,run21|d58bd0a6bb2cff7331256dc0
14199,train,run21|1c8c0cf48d0f3e354993e943
14200,train,run21|54bc4d698355835f1233f0c6
14201,train,run21|b4fc68b4d9138479fb4de909
14202,val,run21|e326aa473c71fb00c9c76ea2
14203,val,run21|cacdf1ad4da117bd867f9b47
14204,train,run21|25b4bd02183e56b58962476e
14205,train,run21|6d70cca264d821f4090eff39
14206,val,run21|0a10d91767b3163f14e83976
14207,val,run21|6b0237b8b5f54f988b1338eb
14208,val,run21|21b744d5ba47de67d97a3e7e
14209,val,run21|7d622b15bbfc3422b6e33913
14210,train,run21|5d477ea84a6d90f1beaf262f
14211,test,run21|8c53699cc54f8fa61c0119dc
14212,test,run21|f5c8238fb7d3c65e0fc4dfd2
14213,train,run21|40a9a2eb6030535488c211a3
14214,val,run21|6999f3ccd85a2063a35f1b0f
14215,val,run21|63560f8d3dba08380f58ba6b
14216,val,run21|1ddb16e588de9de3f3dd7de5
14217,test,run21|eb62fcd27db0510b42ec2c27
14218,test,run21|0bb60d1273c2f2fcfe8bb773
14219,test,run21|49668e09718e0ebee896e80b
14220,test,run21|30f606f4ed60d493ea0269a6
14221,train,run21|bb2c8c74b7f8f95c4455840a
14222,train,run21|355984f5babcf4d86f0d2456
14223,train,run21|43bac520deb08c8781d7dacd
14224,train,run21|dbf5d76bc3f1f2e2e162220c
14225,train,run21|41abe8df904638371bf66580
14226,train,run21|63edf87247e688fdd2875214
14227,train,run21|9647846025c4e07e3643f171
14228,train,run21|8b1dff7af5976172035a1425
14229,train,run21|e86cb4e6cfad7411100889cf
14230,test,run21|86b6a27d37bbb4b8059dc6b0
14231,train,run21|df5afd6e658e06192fa7b1f8
14232,val,run21|33c2b9506cf02b36e07f04b1
14233,val,run21|fab8b9d5bdb3bb224ef14e16
14234,test,run21|3f6f59925762062c3eb1ea38
14235,train,run21|14f5073e08cd692eb457d51a
14236,val,run21|dc52fa592f6801da9aa78a72
14237,train,run21|4ee544306887b46db136ce04
14238,train,run21|8f73eb8a64e9c824683ed49e
14239,train,run21|01c6d42bdcc1552277673d14
14240,train,run21|324589d02ff3f2fb0912c73c
14241,val,run21|2c1535eff3c5049bc0d5a6bf
14242,train,run21|30c81d624807241dc50527a4
14243,train,run21|590f573a0d8e7686e43422d7
14244,val,run21|85a23b530b2773d138b535ff
14245,test,run21|cea36500e8c1eb00a1c29099
14246,train,run21|5bb12e9561008f19ed1409dc
14247,train,run21|fc02c0e82099b84b7439f436
14248,val,run21|69c10a416a7c3084b73abd4d
14249,train,run21|f790885e358a5135b819619f
14250,val,run21|a64622704d21b9cfd3e281ae
14251,val,run21|a97f249b58158d8f764e3edd
14252,train,run21|e215ec93699bb19f2a6229c0
14253,train,run21|6a4c0049c001197f704bc7ab
14254,train,run21|5860df76f1b49ebadde86af0
14255,train,run21|f118d1135d582ab8b7f20f6e
14256,val,run21|86dbc5a3c59f8023563108fe
14257,test,run21|ef0fd3f2d6f0a5a8c187d8a5
14258,train,run21|33be564f8de17140d784b822
14259,test,run21|0c81b4de6a95f1c87356124e
14260,test,run21|927bc30a27b270196cb8035a
14261,test,run21|2ff4625dc88bf9e6432e6c73
14262,test,run21|db9c6a984e86f943f8810532
14263,train,run21|d58bd0a6bb2cff7331256dc0
14264,train,run21|1c8c0cf48d0f3e354993e943
14265,val,run21|ded49f234c247a857105f27d
14266,val,run21|312730413f3c7b8e6e112442
14267,train,run21|95b0b762d1e0c20c0de228db
14268,val,run21|5413e47b0c92acbeae46977e
14269,val,run21|6b378df4c055ca405bbfb7ba
14270,val,run21|e326aa473c71fb00c9c76ea2
14271,val,run21|cacdf1ad4da117bd867f9b47
14272,train,run21|25b4bd02183e56b58962476e
14273,train,run21|6d70cca264d821f4090eff39
14274,val,run21|0a10d91767b3163f14e83976
14275,val,run21|6b0237b8b5f54f988b1338eb
14276,val,run21|21b744d5ba47de67d97a3e7e
14277,val,run21|7d622b15bbfc3422b6e33913
14278,train,run21|5d477ea84a6d90f1beaf262f
14279,test,run21|8c53699cc54f8fa61c0119dc
14280,test,run21|f5c8238fb7d3c65e0fc4dfd2
14281,train,run21|40a9a2eb6030535488c211a3
14282,val,run21|6999f3ccd85a2063a35f1b0f
14283,val,run21|63560f8d3dba08380f58ba6b
14284,val,run21|1ddb16e588de9de3f3dd7de5
14285,test,run21|eb62fcd27db0510b42ec2c27
14286,test,run21|0bb60d1273c2f2fcfe8bb773
14287,test,run21|49668e09718e0ebee896e80b
14288,test,run21|30f606f4ed60d493ea0269a6
14289,train,run21|bb2c8c74b7f8f95c4455840a
14290,train,run21|355984f5babcf4d86f0d2456
14291,train,run21|43bac520deb08c8781d7dacd
14292,train,run21|dbf5d76bc3f1f2e2e162220c
14293,train,run21|41abe8df904638371bf66580
14294,train,run21|63edf87247e688fdd2875214
14295,train,run21|9647846025c4e07e3643f171
14296,train,run21|8b1dff7af5976172035a1425
14297,train,run21|e86cb4e6cfad7411100889cf
14298,test,run21|86b6a27d37bbb4b8059dc6b0
14299,train,run21|df5afd6e658e06192fa7b1f8
14300,val,run21|33c2b9506cf02b36e07f04b1
14301,val,run21|fab8b9d5bdb3bb224ef14e16
14302,test,run21|3f6f59925762062c3eb1ea38
14303,train,run21|14f5073e08cd692eb457d51a
14304,val,run21|dc52fa592f6801da9aa78a72
14305,train,run21|4ee544306887b46db136ce04
14306,train,run21|8f73eb8a64e9c824683ed49e
14307,train,run21|01c6d42bdcc1552277673d14
14308,train,run21|324589d02ff3f2fb0912c73c
14309,val,run21|2c1535eff3c5049bc0d5a6bf
14310,train,run21|30c81d624807241dc50527a4
14311,train,run21|590f573a0d8e7686e43422d7
14312,val,run21|85a23b530b2773d138b535ff
14313,test,run21|cea36500e8c1eb00a1c29099
14314,train,run21|5bb12e9561008f19ed1409dc
14315,train,run21|fc02c0e82099b84b7439f436
14316,val,run21|69c10a416a7c3084b73abd4d
14317,train,run21|f790885e358a5135b819619f
14318,val,run21|a64622704d21b9cfd3e281ae
14319,val,run21|a97f249b58158d8f764e3edd
14320,train,run21|e215ec93699bb19f2a6229c0
14321,train,run21|6a4c0049c001197f704bc7ab
14322,train,run21|5860df76f1b49ebadde86af0
14323,train,run21|f118d1135d582ab8b7f20f6e
14324,val,run21|86dbc5a3c59f8023563108fe
14325,test,run21|ef0fd3f2d6f0a5a8c187d8a5
14326,train,run21|33be564f8de17140d784b822
14327,test,run21|0c81b4de6a95f1c87356124e
14328,test,run21|927bc30a27b270196cb8035a
14329,test,run21|2ff4625dc88bf9e6432e6c73
14330,test,run21|db9c6a984e86f943f8810532
14331,train,run21|d58bd0a6bb2cff7331256dc0
14332,train,run21|1c8c0cf48d0f3e354993e943
14333,train,run21|a59c67458e240673ba8a6457
14334,test,run21|ef0fd3f2d6f0a5a8c187d8a5
14335,test,run21|2ff4625dc88bf9e6432e6c73
14336,test,run21|db9c6a984e86f943f8810532
14337,train,run22|1e7dc65a1993431730cd5887
14338,test,run22|45e34c8055b0ac5923fc2430
14339,val,run22|f3a675fdb0627410933ac8ae
14340,train,run22|e8f2ad7e2023e64702c52eca
14341,train,run22|f9113ccb275ef2a026f61e0b
14342,train,run22|eceba7d1b0b7c6f40dfe6e21
14343,test,run22|5a6fa6aaceb41f15d8f330c5
14344,val,run22|603633c37d2642c26651330a
14345,val,run22|5397471330627c2e8696f8ad
14346,test,run22|71a1e37ebfa32cf12f226b09
14347,test,run22|3aeb917cb61b2692c3008e32
14348,val,run22|940b37ea844c51e5d236933b
14349,train,run22|456aabc1715cd96e8e9dca43
14350,val,run22|91b0a1d8a5aa1f1354db9117
14351,val,run22|310815beb2e3adc58834f590
14352,test,run22|b966ed6845194b02b52e637e
14353,test,run22|521102b810e67ef7949f6182
14354,test,run22|9d9fb05d1b1697a9ce0d7977
14355,val,run22|be0e9199cdf37fb0edf777a0
14356,train,run22|6f337b75aa38c2960e4b2398
14357,train,run22|4ad773f54c728acba24eed35
14358,train,run22|1733f0f660c28e11230eb47b
14359,test,run22|cd4642cdc379dcb4754bec4e
14360,val,run22|786b8438827da7d560683240
14361,train,run22|2c305927f16c9d10ce9fe621
14362,test,run22|638571ecc3d03514bab77aba
14363,train,run22|abb07a6d4380fb7786022b24
14364,train,run22|6ead543a5f4552bab7190284
14365,test,run22|0480457008036c96301696bb
14366,train,run22|f2eac57c1f5bc2d1ba63b3da
14367,train,run22|9474c145840cf75bd1552b12
14368,val,run22|16534f26df853894de45c089
14369,test,run22|d6abbf2f89471d27c9f16433
14370,train,run22|16286adf84154a17e3480f4b
14371,val,run22|3a1db54a5ec575c5984e0e02
14372,val,run22|0e32946def2afe31191e3974
14373,train,run22|35853ec541db4367736e32e6
14374,test,run22|4d6fa1222a49e2e60df0c23a
14375,val,run22|29fb6950cdc5599218d91c44
14376,test,run22|395d81d9587ff2bfd47ab586
14377,train,run22|a92dbf20378e933876337300
14378,train,run22|0affa5b92d41cdb5201e4797
14379,train,run22|7b163d61588f5b748341d96a
14380,train,run22|d74b7c6a4ffe5b17665929ba
14381,train,run22|aedd17fe2f431529667e0697
14382,val,run22|aedac1c5f808b12e92155490
14383,train,run22|fcb9b02b01c73a01997494eb
14384,train,run22|b2d48abe70aae0d541a2d375
14385,val,run22|807cde342a44c6a0bbda946b
14386,test,run22|6b5514a5b0997989c50462a2
14387,train,run22|77f445a6a7eb69536c94260c
14388,train,run22|b20031e20b3428a73366ce3a
14389,train,run22|2204b5b41bdf70911e54a115
14390,train,run22|d85a74efd38682d63fa313ff
14391,train,run22|99113d4cc1d105363f419999
14392,train,run22|0d7243cdf43d4b8788bdda0e
14393,train,run22|267cdfcc1718fb0cd2a5706f
14394,val,run22|a9400ca674e2275735ac501c
14395,val,run22|13e47702f5c99c200901cbbc
14396,train,run22|e5fec28aaf0eaf535e98bb6b
14397,train,run22|d4e543fdc454ea8dc1801dc0
14398,train,run22|599f978a5d915949f60f4f2a
14399,train,run22|eb2e06468af73293df6a69fe
14400,train,run22|03a4755183e2f5fb58341749
14401,train,run22|36053c38fc32c1ef5f7c9695
14402,test,run22|f532b8b09f9765a1f97f99f4
14403,train,run22|70f59351ebbf5ba2ba380991
14404,test,run22|6c00a4ddeeaeba8a8f217bf5
14405,val,run22|8e65eff3864cb7ce0150ea90
14406,test,run22|f0670c3206869a749e080ea7
14407,train,run22|b96c97be8d8e194e1102edbe
14408,train,run22|54bda1d67a790e8d1e370fa7
14409,train,run22|f7536920ce0e34228faca816
14410,train,run22|4093884eb030a9ce31c08f34
14411,train,run22|983acea9b1060e2dc1ce4d55
14412,val,run22|7949a0e17a75c54c290274a2
14413,train,run22|b2d06c22e41ab01e4aa8ed1d
14414,val,run22|159e6c9df39d7055ac3053cd
14415,val,run22|f88818a7b76063ff60792a94
14416,train,run22|1e7dc65a1993431730cd5887
14417,test,run22|45e34c8055b0ac5923fc2430
14418,val,run22|f3a675fdb0627410933ac8ae
14419,train,run22|e8f2ad7e2023e64702c52eca
14420,train,run22|f9113ccb275ef2a026f61e0b
14421,train,run22|eceba7d1b0b7c6f40dfe6e21
14422,test,run22|5a6fa6aaceb41f15d8f330c5
14423,val,run22|603633c37d2642c26651330a
14424,val,run22|5397471330627c2e8696f8ad
14425,test,run22|71a1e37ebfa32cf12f226b09
14426,test,run22|3aeb917cb61b2692c3008e32
14427,val,run22|940b37ea844c51e5d236933b
14428,train,run22|456aabc1715cd96e8e9dca43
14429,val,run22|91b0a1d8a5aa1f1354db9117
14430,val,run22|310815beb2e3adc58834f590
14431,test,run22|b966ed6845194b02b52e637e
14432,test,run22|521102b810e67ef7949f6182
14433,test,run22|9d9fb05d1b1697a9ce0d7977
14434,val,run22|be0e9199cdf37fb0edf777a0
14435,train,run22|6f337b75aa38c2960e4b2398
14436,train,run22|4ad773f54c728acba24eed35
14437,train,run22|1733f0f660c28e11230eb47b
14438,test,run22|cd4642cdc379dcb4754bec4e
14439,val,run22|786b8438827da7d560683240
14440,train,run22|2c305927f16c9d10ce9fe621
14441,test,run22|638571ecc3d03514bab77aba
14442,train,run22|abb07a6d4380fb7786022b24
14443,train,run22|6ead543a5f4552bab7190284
14444,test,run22|0480457008036c96301696bb
14445,train,run22|f2eac57c1f5bc2d1ba63b3da
14446,train,run22|9474c145840cf75bd1552b12
14447,val,run22|16534f26df853894de45c089
14448,test,run22|d6abbf2f89471d27c9f16433
14449,train,run22|16286adf84154a17e3480f4b
14450,val,run22|3a1db54a5ec575c5984e0e02
14451,val,run22|0e32946def2afe31191e3974
14452,train,run22|35853ec541db4367736e32e6
14453,test,run22|4d6fa1222a49e2e60df0c23a
14454,val,run22|29fb6950cdc5599218d91c44
14455,test,run22|395d81d9587ff2bfd47ab586
14456,train,run22|a92dbf20378e933876337300
14457,train,run22|0affa5b92d41cdb5201e4797
14458,train,run22|7b163d61588f5b748341d96a
14459,train,run22|d74b7c6a4ffe5b17665929ba
14460,train,run22|aedd17fe2f431529667e0697
14461,val,run22|aedac1c5f808b12e92155490
14462,train,run22|fcb9b02b01c73a01997494eb
14463,train,run22|b2d48abe70aae0d541a2d375
14464,val,run22|807cde342a44c6a0bbda946b
14465,test,run22|6b5514a5b0997989c50462a2
14466,train,run22|77f445a6a7eb69536c94260c
14467,train,run22|b20031e20b3428a73366ce3a
14468,train,run22|2204b5b41bdf70911e54a115
14469,train,run22|d85a74efd38682d63fa313ff
14470,train,run22|99113d4cc1d105363f419999
14471,train,run22|0d7243cdf43d4b8788bdda0e
14472,train,run22|267cdfcc1718fb0cd2a5706f
14473,val,run22|a9400ca674e2275735ac501c
14474,val,run22|13e47702f5c99c200901cbbc
14475,train,run22|e5fec28aaf0eaf535e98bb6b
14476,train,run22|d4e543fdc454ea8dc1801dc0
14477,train,run22|599f978a5d915949f60f4f2a
14478,train,run22|eb2e06468af73293df6a69fe
14479,train,run22|1e7dc65a1993431730cd5887
14480,test,run22|45e34c8055b0ac5923fc2430
14481,val,run22|f3a675fdb0627410933ac8ae
14482,train,run22|e8f2ad7e2023e64702c52eca
14483,train,run22|f9113ccb275ef2a026f61e0b
14484,train,run22|eceba7d1b0b7c6f40dfe6e21
14485,test,run22|5a6fa6aaceb41f15d8f330c5
14486,val,run22|603633c37d2642c26651330a
14487,val,run22|5397471330627c2e8696f8ad
14488,test,run22|71a1e37ebfa32cf12f226b09
14489,test,run22|3aeb917cb61b2692c3008e32
14490,val,run22|940b37ea844c51e5d236933b
14491,train,run22|456aabc1715cd96e8e9dca43
14492,val,run22|91b0a1d8a5aa1f1354db9117
14493,val,run22|310815beb2e3adc58834f590
14494,test,run22|b966ed6845194b02b52e637e
14495,test,run22|521102b810e67ef7949f6182
14496,test,run22|9d9fb05d1b1697a9ce0d7977
14497,val,run22|be0e9199cdf37fb0edf777a0
14498,train,run22|6f337b75aa38c2960e4b2398
14499,train,run22|4ad773f54c728acba24eed35
14500,train,run22|1733f0f660c28e11230eb47b
14501,test,run22|cd4642cdc379dcb4754bec4e
14502,val,run22|786b8438827da7d560683240
14503,train,run22|2c305927f16c9d10ce9fe621
14504,test,run22|638571ecc3d03514bab77aba
14505,train,run22|abb07a6d4380fb7786022b24
14506,train,run22|6ead543a5f4552bab7190284
14507,test,run22|0480457008036c96301696bb
14508,train,run22|f2eac57c1f5bc2d1ba63b3da
14509,train,run22|9474c145840cf75bd1552b12
14510,val,run22|16534f26df853894de45c089
14511,test,run22|d6abbf2f89471d27c9f16433
14512,train,run22|16286adf84154a17e3480f4b
14513,val,run22|3a1db54a5ec575c5984e0e02
14514,val,run22|0e32946def2afe31191e3974
14515,train,run22|35853ec541db4367736e32e6
14516,test,run22|4d6fa1222a49e2e60df0c23a
14517,val,run22|29fb6950cdc5599218d91c44
14518,test,run22|395d81d9587ff2bfd47ab586
14519,train,run22|a92dbf20378e933876337300
14520,train,run22|0affa5b92d41cdb5201e4797
14521,train,run22|7b163d61588f5b748341d96a
14522,train,run22|d74b7c6a4ffe5b17665929ba
14523,train,run22|aedd17fe2f431529667e0697
14524,val,run22|aedac1c5f808b12e92155490
14525,train,run22|fcb9b02b01c73a01997494eb
14526,train,run22|b2d48abe70aae0d541a2d375
14527,val,run22|807cde342a44c6a0bbda946b
14528,test,run22|6b5514a5b0997989c50462a2
14529,train,run22|77f445a6a7eb69536c94260c
14530,train,run22|b20031e20b3428a73366ce3a
14531,train,run22|2204b5b41bdf70911e54a115
14532,train,run22|d85a74efd38682d63fa313ff
14533,train,run22|99113d4cc1d105363f419999
14534,train,run22|0d7243cdf43d4b8788bdda0e
14535,train,run22|267cdfcc1718fb0cd2a5706f
14536,val,run22|a9400ca674e2275735ac501c
14537,val,run22|13e47702f5c99c200901cbbc
14538,train,run22|e5fec28aaf0eaf535e98bb6b
14539,train,run22|d4e543fdc454ea8dc1801dc0
14540,train,run22|599f978a5d915949f60f4f2a
14541,train,run22|eb2e06468af73293df6a69fe
14542,train,run22|1e7dc65a1993431730cd5887
14543,test,run22|45e34c8055b0ac5923fc2430
14544,val,run22|f3a675fdb0627410933ac8ae
14545,train,run22|e8f2ad7e2023e64702c52eca
14546,train,run22|f9113ccb275ef2a026f61e0b
14547,train,run22|eceba7d1b0b7c6f40dfe6e21
14548,test,run22|5a6fa6aaceb41f15d8f330c5
14549,val,run22|603633c37d2642c26651330a
14550,val,run22|5397471330627c2e8696f8ad
14551,test,run22|71a1e37ebfa32cf12f226b09
14552,test,run22|3aeb917cb61b2692c3008e32
14553,val,run22|940b37ea844c51e5d236933b
14554,train,run22|456aabc1715cd96e8e9dca43
14555,val,run22|91b0a1d8a5aa1f1354db9117
14556,val,run22|310815beb2e3adc58834f590
14557,test,run22|b966ed6845194b02b52e637e
14558,test,run22|521102b810e67ef7949f6182
14559,test,run22|9d9fb05d1b1697a9ce0d7977
14560,val,run22|be0e9199cdf37fb0edf777a0
14561,train,run22|6f337b75aa38c2960e4b2398
14562,train,run22|4ad773f54c728acba24eed35
14563,train,run22|1733f0f660c28e11230eb47b
14564,test,run22|cd4642cdc379dcb4754bec4e
14565,val,run22|786b8438827da7d560683240
14566,train,run22|2c305927f16c9d10ce9fe621
14567,test,run22|638571ecc3d03514bab77aba
14568,train,run22|abb07a6d4380fb7786022b24
14569,train,run22|6ead543a5f4552bab7190284
14570,test,run22|0480457008036c96301696bb
14571,train,run22|f2eac57c1f5bc2d1ba63b3da
14572,train,run22|9474c145840cf75bd1552b12
14573,val,run22|16534f26df853894de45c089
14574,test,run22|d6abbf2f89471d27c9f16433
14575,train,run22|16286adf84154a17e3480f4b
14576,val,run22|3a1db54a5ec575c5984e0e02
14577,val,run22|0e32946def2afe31191e3974
14578,train,run22|35853ec541db4367736e32e6
14579,test,run22|4d6fa1222a49e2e60df0c23a
14580,val,run22|29fb6950cdc5599218d91c44
14581,test,run22|395d81d9587ff2bfd47ab586
14582,train,run22|a92dbf20378e933876337300
14583,train,run22|0affa5b92d41cdb5201e4797
14584,train,run22|7b163d61588f5b748341d96a
14585,train,run22|d74b7c6a4ffe5b17665929ba
14586,train,run22|aedd17fe2f431529667e0697
14587,val,run22|aedac1c5f808b12e92155490
14588,train,run22|fcb9b02b01c73a01997494eb
14589,train,run22|b2d48abe70aae0d541a2d375
14590,val,run22|807cde342a44c6a0bbda946b
14591,test,run22|6b5514a5b0997989c50462a2
14592,train,run22|77f445a6a7eb69536c94260c
14593,train,run22|b20031e20b3428a73366ce3a
14594,train,run22|2204b5b41bdf70911e54a115
14595,train,run22|d85a74efd38682d63fa313ff
14596,train,run22|99113d4cc1d105363f419999
14597,train,run22|0d7243cdf43d4b8788bdda0e
14598,train,run22|267cdfcc1718fb0cd2a5706f
14599,val,run22|a9400ca674e2275735ac501c
14600,val,run22|13e47702f5c99c200901cbbc
14601,train,run22|e5fec28aaf0eaf535e98bb6b
14602,train,run22|d4e543fdc454ea8dc1801dc0
14603,train,run22|599f978a5d915949f60f4f2a
14604,train,run22|eb2e06468af73293df6a69fe
14605,train,run22|1e7dc65a1993431730cd5887
14606,test,run22|45e34c8055b0ac5923fc2430
14607,val,run22|f3a675fdb0627410933ac8ae
14608,train,run22|e8f2ad7e2023e64702c52eca
14609,train,run22|f9113ccb275ef2a026f61e0b
14610,train,run22|eceba7d1b0b7c6f40dfe6e21
14611,test,run22|5a6fa6aaceb41f15d8f330c5
14612,val,run22|603633c37d2642c26651330a
14613,val,run22|5397471330627c2e8696f8ad
14614,test,run22|71a1e37ebfa32cf12f226b09
14615,test,run22|3aeb917cb61b2692c3008e32
14616,val,run22|940b37ea844c51e5d236933b
14617,train,run22|456aabc1715cd96e8e9dca43
14618,val,run22|91b0a1d8a5aa1f1354db9117
14619,val,run22|310815beb2e3adc58834f590
14620,test,run22|b966ed6845194b02b52e637e
14621,test,run22|521102b810e67ef7949f6182
14622,test,run22|9d9fb05d1b1697a9ce0d7977
14623,val,run22|be0e9199cdf37fb0edf777a0
14624,train,run22|6f337b75aa38c2960e4b2398
14625,train,run22|4ad773f54c728acba24eed35
14626,train,run22|1733f0f660c28e11230eb47b
14627,test,run22|cd4642cdc379dcb4754bec4e
14628,val,run22|786b8438827da7d560683240
14629,train,run22|2c305927f16c9d10ce9fe621
14630,test,run22|638571ecc3d03514bab77aba
14631,train,run22|abb07a6d4380fb7786022b24
14632,train,run22|6ead543a5f4552bab7190284
14633,test,run22|0480457008036c96301696bb
14634,train,run22|f2eac57c1f5bc2d1ba63b3da
14635,train,run22|9474c145840cf75bd1552b12
14636,val,run22|16534f26df853894de45c089
14637,test,run22|d6abbf2f89471d27c9f16433
14638,train,run22|16286adf84154a17e3480f4b
14639,val,run22|3a1db54a5ec575c5984e0e02
14640,val,run22|0e32946def2afe31191e3974
14641,train,run22|35853ec541db4367736e32e6
14642,test,run22|4d6fa1222a49e2e60df0c23a
14643,val,run22|29fb6950cdc5599218d91c44
14644,test,run22|395d81d9587ff2bfd47ab586
14645,train,run22|a92dbf20378e933876337300
14646,train,run22|0affa5b92d41cdb5201e4797
14647,train,run22|7b163d61588f5b748341d96a
14648,train,run22|d74b7c6a4ffe5b17665929ba
14649,train,run22|aedd17fe2f431529667e0697
14650,val,run22|aedac1c5f808b12e92155490
14651,train,run22|fcb9b02b01c73a01997494eb
14652,train,run22|b2d48abe70aae0d541a2d375
14653,val,run22|807cde342a44c6a0bbda946b
14654,test,run22|6b5514a5b0997989c50462a2
14655,train,run22|77f445a6a7eb69536c94260c
14656,train,run22|b20031e20b3428a73366ce3a
14657,train,run22|2204b5b41bdf70911e54a115
14658,train,run22|d85a74efd38682d63fa313ff
14659,train,run22|99113d4cc1d105363f419999
14660,train,run22|0d7243cdf43d4b8788bdda0e
14661,train,run22|267cdfcc1718fb0cd2a5706f
14662,val,run22|a9400ca674e2275735ac501c
14663,val,run22|13e47702f5c99c200901cbbc
14664,train,run22|e5fec28aaf0eaf535e98bb6b
14665,train,run22|d4e543fdc454ea8dc1801dc0
14666,train,run22|599f978a5d915949f60f4f2a
14667,train,run22|eb2e06468af73293df6a69fe
14668,train,run22|1e7dc65a1993431730cd5887
14669,test,run22|45e34c8055b0ac5923fc2430
14670,val,run22|f3a675fdb0627410933ac8ae
14671,train,run22|e8f2ad7e2023e64702c52eca
14672,train,run22|f9113ccb275ef2a026f61e0b
14673,train,run22|eceba7d1b0b7c6f40dfe6e21
14674,test,run22|5a6fa6aaceb41f15d8f330c5
14675,val,run22|603633c37d2642c26651330a
14676,val,run22|5397471330627c2e8696f8ad
14677,test,run22|71a1e37ebfa32cf12f226b09
14678,test,run22|3aeb917cb61b2692c3008e32
14679,val,run22|940b37ea844c51e5d236933b
14680,train,run22|456aabc1715cd96e8e9dca43
14681,val,run22|91b0a1d8a5aa1f1354db9117
14682,val,run22|310815beb2e3adc58834f590
14683,test,run22|b966ed6845194b02b52e637e
14684,test,run22|521102b810e67ef7949f6182
14685,test,run22|9d9fb05d1b1697a9ce0d7977
14686,val,run22|be0e9199cdf37fb0edf777a0
14687,train,run22|6f337b75aa38c2960e4b2398
14688,train,run22|4ad773f54c728acba24eed35
14689,train,run22|1733f0f660c28e11230eb47b
14690,test,run22|cd4642cdc379dcb4754bec4e
14691,val,run22|786b8438827da7d560683240
14692,train,run22|2c305927f16c9d10ce9fe621
14693,test,run22|638571ecc3d03514bab77aba
14694,train,run22|abb07a6d4380fb7786022b24
14695,train,run22|6ead543a5f4552bab7190284
14696,test,run22|0480457008036c96301696bb
14697,train,run22|f2eac57c1f5bc2d1ba63b3da
14698,train,run22|9474c145840cf75bd1552b12
14699,val,run22|16534f26df853894de45c089
14700,test,run22|d6abbf2f89471d27c9f16433
14701,train,run22|16286adf84154a17e3480f4b
14702,val,run22|3a1db54a5ec575c5984e0e02
14703,val,run22|0e32946def2afe31191e3974
14704,train,run22|35853ec541db4367736e32e6
14705,test,run22|4d6fa1222a49e2e60df0c23a
14706,val,run22|29fb6950cdc5599218d91c44
14707,test,run22|395d81d9587ff2bfd47ab586
14708,train,run22|a92dbf20378e933876337300
14709,train,run22|0affa5b92d41cdb5201e4797
14710,train,run22|7b163d61588f5b748341d96a
14711,train,run22|d74b7c6a4ffe5b17665929ba
14712,train,run22|aedd17fe2f431529667e0697
14713,val,run22|aedac1c5f808b12e92155490
14714,train,run22|fcb9b02b01c73a01997494eb
14715,train,run22|b2d48abe70aae0d541a2d375
14716,val,run22|807cde342a44c6a0bbda946b
14717,test,run22|6b5514a5b0997989c50462a2
14718,train,run22|77f445a6a7eb69536c94260c
14719,train,run22|b20031e20b3428a73366ce3a
14720,train,run22|2204b5b41bdf70911e54a115
14721,train,run22|d85a74efd38682d63fa313ff
14722,train,run22|99113d4cc1d105363f419999
14723,train,run22|0d7243cdf43d4b8788bdda0e
14724,train,run22|267cdfcc1718fb0cd2a5706f
14725,val,run22|a9400ca674e2275735ac501c
14726,val,run22|13e47702f5c99c200901cbbc
14727,train,run22|e5fec28aaf0eaf535e98bb6b
14728,train,run22|d4e543fdc454ea8dc1801dc0
14729,train,run22|599f978a5d915949f60f4f2a
14730,train,run22|eb2e06468af73293df6a69fe
14731,train,run22|1e7dc65a1993431730cd5887
14732,test,run22|45e34c8055b0ac5923fc2430
14733,val,run22|f3a675fdb0627410933ac8ae
14734,train,run22|e8f2ad7e2023e64702c52eca
14735,train,run22|f9113ccb275ef2a026f61e0b
14736,train,run22|eceba7d1b0b7c6f40dfe6e21
14737,test,run22|5a6fa6aaceb41f15d8f330c5
14738,val,run22|603633c37d2642c26651330a
14739,val,run22|5397471330627c2e8696f8ad
14740,test,run22|71a1e37ebfa32cf12f226b09
14741,test,run22|3aeb917cb61b2692c3008e32
14742,val,run22|940b37ea844c51e5d236933b
14743,train,run22|456aabc1715cd96e8e9dca43
14744,val,run22|91b0a1d8a5aa1f1354db9117
14745,val,run22|310815beb2e3adc58834f590
14746,test,run22|b966ed6845194b02b52e637e
14747,test,run22|521102b810e67ef7949f6182
14748,test,run22|9d9fb05d1b1697a9ce0d7977
14749,val,run22|be0e9199cdf37fb0edf777a0
14750,train,run22|6f337b75aa38c2960e4b2398
14751,train,run22|4ad773f54c728acba24eed35
14752,train,run22|1733f0f660c28e11230eb47b
14753,test,run22|cd4642cdc379dcb4754bec4e
14754,val,run22|786b8438827da7d560683240
14755,train,run22|2c305927f16c9d10ce9fe621
14756,test,run22|638571ecc3d03514bab77aba
14757,train,run22|abb07a6d4380fb7786022b24
14758,train,run22|6ead543a5f4552bab7190284
14759,test,run22|0480457008036c96301696bb
14760,train,run22|f2eac57c1f5bc2d1ba63b3da
14761,train,run22|9474c145840cf75bd1552b12
14762,val,run22|16534f26df853894de45c089
14763,test,run22|d6abbf2f89471d27c9f16433
14764,train,run22|16286adf84154a17e3480f4b
14765,val,run22|3a1db54a5ec575c5984e0e02
14766,val,run22|0e32946def2afe31191e3974
14767,train,run22|35853ec541db4367736e32e6
14768,test,run22|4d6fa1222a49e2e60df0c23a
14769,val,run22|29fb6950cdc5599218d91c44
14770,test,run22|395d81d9587ff2bfd47ab586
14771,train,run22|a92dbf20378e933876337300
14772,train,run22|0affa5b92d41cdb5201e4797
14773,train,run22|7b163d61588f5b748341d96a
14774,train,run22|d74b7c6a4ffe5b17665929ba
14775,train,run22|aedd17fe2f431529667e0697
14776,val,run22|aedac1c5f808b12e92155490
14777,train,run22|fcb9b02b01c73a01997494eb
14778,train,run22|b2d48abe70aae0d541a2d375
14779,val,run22|807cde342a44c6a0bbda946b
14780,test,run22|6b5514a5b0997989c50462a2
14781,train,run22|77f445a6a7eb69536c94260c
14782,train,run22|b20031e20b3428a73366ce3a
14783,train,run22|2204b5b41bdf70911e54a115
14784,train,run22|d85a74efd38682d63fa313ff
14785,train,run22|99113d4cc1d105363f419999
14786,train,run22|0d7243cdf43d4b8788bdda0e
14787,train,run22|267cdfcc1718fb0cd2a5706f
14788,val,run22|a9400ca674e2275735ac501c
14789,val,run22|13e47702f5c99c200901cbbc
14790,train,run22|e5fec28aaf0eaf535e98bb6b
14791,train,run22|d4e543fdc454ea8dc1801dc0
14792,train,run22|599f978a5d915949f60f4f2a
14793,train,run22|eb2e06468af73293df6a69fe
14794,train,run22|1e7dc65a1993431730cd5887
14795,test,run22|45e34c8055b0ac5923fc2430
14796,val,run22|f3a675fdb0627410933ac8ae
14797,train,run22|e8f2ad7e2023e64702c52eca
14798,train,run22|f9113ccb275ef2a026f61e0b
14799,train,run22|eceba7d1b0b7c6f40dfe6e21
14800,test,run22|5a6fa6aaceb41f15d8f330c5
14801,val,run22|603633c37d2642c26651330a
14802,val,run22|5397471330627c2e8696f8ad
14803,test,run22|71a1e37ebfa32cf12f226b09
14804,test,run22|3aeb917cb61b2692c3008e32
14805,val,run22|940b37ea844c51e5d236933b
14806,train,run22|456aabc1715cd96e8e9dca43
14807,val,run22|91b0a1d8a5aa1f1354db9117
14808,val,run22|310815beb2e3adc58834f590
14809,test,run22|b966ed6845194b02b52e637e
14810,test,run22|521102b810e67ef7949f6182
14811,test,run22|9d9fb05d1b1697a9ce0d7977
14812,val,run22|be0e9199cdf37fb0edf777a0
14813,train,run22|6f337b75aa38c2960e4b2398
14814,train,run22|4ad773f54c728acba24eed35
14815,train,run22|1733f0f660c28e11230eb47b
14816,test,run22|cd4642cdc379dcb4754bec4e
14817,val,run22|786b8438827da7d560683240
14818,train,run22|2c305927f16c9d10ce9fe621
14819,test,run22|638571ecc3d03514bab77aba
14820,train,run22|abb07a6d4380fb7786022b24
14821,train,run22|6ead543a5f4552bab7190284
14822,test,run22|0480457008036c96301696bb
14823,train,run22|f2eac57c1f5bc2d1ba63b3da
14824,train,run22|9474c145840cf75bd1552b12
14825,val,run22|16534f26df853894de45c089
14826,test,run22|d6abbf2f89471d27c9f16433
14827,train,run22|16286adf84154a17e3480f4b
14828,val,run22|3a1db54a5ec575c5984e0e02
14829,val,run22|0e32946def2afe31191e3974
14830,train,run22|35853ec541db4367736e32e6
14831,test,run22|4d6fa1222a49e2e60df0c23a
14832,val,run22|29fb6950cdc5599218d91c44
14833,test,run22|395d81d9587ff2bfd47ab586
14834,train,run22|a92dbf20378e933876337300
14835,train,run22|0affa5b92d41cdb5201e4797
14836,train,run22|7b163d61588f5b748341d96a
14837,train,run22|d74b7c6a4ffe5b17665929ba
14838,train,run22|aedd17fe2f431529667e0697
14839,val,run22|aedac1c5f808b12e92155490
14840,train,run22|fcb9b02b01c73a01997494eb
14841,train,run22|b2d48abe70aae0d541a2d375
14842,val,run22|807cde342a44c6a0bbda946b
14843,test,run22|6b5514a5b0997989c50462a2
14844,train,run22|77f445a6a7eb69536c94260c
14845,train,run22|b20031e20b3428a73366ce3a
14846,train,run22|2204b5b41bdf70911e54a115
14847,train,run22|d85a74efd38682d63fa313ff
14848,train,run22|99113d4cc1d105363f419999
14849,train,run22|0d7243cdf43d4b8788bdda0e
14850,train,run22|267cdfcc1718fb0cd2a5706f
14851,val,run22|a9400ca674e2275735ac501c
14852,val,run22|13e47702f5c99c200901cbbc
14853,train,run22|e5fec28aaf0eaf535e98bb6b
14854,train,run22|d4e543fdc454ea8dc1801dc0
14855,train,run22|599f978a5d915949f60f4f2a
14856,train,run22|eb2e06468af73293df6a69fe
14857,train,run22|b2d06c22e41ab01e4aa8ed1d
14858,val,run22|159e6c9df39d7055ac3053cd
14859,train,run22|1e7dc65a1993431730cd5887
14860,test,run22|45e34c8055b0ac5923fc2430
14861,val,run22|f3a675fdb0627410933ac8ae
14862,train,run22|e8f2ad7e2023e64702c52eca
14863,train,run22|f9113ccb275ef2a026f61e0b
14864,train,run22|eceba7d1b0b7c6f40dfe6e21
14865,test,run22|5a6fa6aaceb41f15d8f330c5
14866,val,run22|603633c37d2642c26651330a
14867,val,run22|5397471330627c2e8696f8ad
14868,test,run22|71a1e37ebfa32cf12f226b09
14869,test,run22|3aeb917cb61b2692c3008e32
14870,val,run22|940b37ea844c51e5d236933b
14871,train,run22|456aabc1715cd96e8e9dca43
14872,val,run22|91b0a1d8a5aa1f1354db9117
14873,val,run22|310815beb2e3adc58834f590
14874,test,run22|b966ed6845194b02b52e637e
14875,test,run22|521102b810e67ef7949f6182
14876,test,run22|9d9fb05d1b1697a9ce0d7977
14877,val,run22|be0e9199cdf37fb0edf777a0
14878,train,run22|6f337b75aa38c2960e4b2398
14879,train,run22|4ad773f54c728acba24eed35
14880,train,run22|1733f0f660c28e11230eb47b
14881,test,run22|cd4642cdc379dcb4754bec4e
14882,val,run22|786b8438827da7d560683240
14883,train,run22|2c305927f16c9d10ce9fe621
14884,test,run22|638571ecc3d03514bab77aba
14885,train,run22|abb07a6d4380fb7786022b24
14886,train,run22|6ead543a5f4552bab7190284
14887,test,run22|0480457008036c96301696bb
14888,train,run22|f2eac57c1f5bc2d1ba63b3da
14889,train,run22|9474c145840cf75bd1552b12
14890,val,run22|16534f26df853894de45c089
14891,test,run22|d6abbf2f89471d27c9f16433
14892,train,run22|16286adf84154a17e3480f4b
14893,val,run22|3a1db54a5ec575c5984e0e02
14894,val,run22|0e32946def2afe31191e3974
14895,train,run22|35853ec541db4367736e32e6
14896,test,run22|4d6fa1222a49e2e60df0c23a
14897,val,run22|29fb6950cdc5599218d91c44
14898,test,run22|395d81d9587ff2bfd47ab586
14899,train,run22|a92dbf20378e933876337300
14900,train,run22|0affa5b92d41cdb5201e4797
14901,train,run22|7b163d61588f5b748341d96a
14902,train,run22|d74b7c6a4ffe5b17665929ba
14903,train,run22|aedd17fe2f431529667e0697
14904,val,run22|aedac1c5f808b12e92155490
14905,train,run22|fcb9b02b01c73a01997494eb
14906,train,run22|b2d48abe70aae0d541a2d375
14907,val,run22|807cde342a44c6a0bbda946b
14908,test,run22|6b5514a5b0997989c50462a2
14909,train,run22|77f445a6a7eb69536c94260c
14910,train,run22|b20031e20b3428a73366ce3a
14911,train,run22|2204b5b41bdf70911e54a115
14912,train,run22|d85a74efd38682d63fa313ff
14913,train,run22|99113d4cc1d105363f419999
14914,train,run22|0d7243cdf43d4b8788bdda0e
14915,train,run22|267cdfcc1718fb0cd2a5706f
14916,val,run22|a9400ca674e2275735ac501c
14917,val,run22|13e47702f5c99c200901cbbc
14918,train,run22|e5fec28aaf0eaf535e98bb6b
14919,train,run22|d4e543fdc454ea8dc1801dc0
14920,train,run22|599f978a5d915949f60f4f2a
14921,train,run22|eb2e06468af73293df6a69fe
14922,train,run22|f7536920ce0e34228faca816
14923,train,run22|4093884eb030a9ce31c08f34
14924,train,run22|983acea9b1060e2dc1ce4d55
14925,val,run22|f88818a7b76063ff60792a94
14926,train,run22|1e7dc65a1993431730cd5887
14927,test,run22|45e34c8055b0ac5923fc2430
14928,val,run22|f3a675fdb0627410933ac8ae
14929,train,run22|e8f2ad7e2023e64702c52eca
14930,train,run22|f9113ccb275ef2a026f61e0b
14931,train,run22|eceba7d1b0b7c6f40dfe6e21
14932,test,run22|5a6fa6aaceb41f15d8f330c5
14933,val,run22|603633c37d2642c26651330a
14934,val,run22|5397471330627c2e8696f8ad
14935,test,run22|71a1e37ebfa32cf12f226b09
14936,test,run22|3aeb917cb61b2692c3008e32
14937,val,run22|940b37ea844c51e5d236933b
14938,train,run22|456aabc1715cd96e8e9dca43
14939,val,run22|91b0a1d8a5aa1f1354db9117
14940,val,run22|310815beb2e3adc58834f590
14941,test,run22|b966ed6845194b02b52e637e
14942,test,run22|521102b810e67ef7949f6182
14943,test,run22|9d9fb05d1b1697a9ce0d7977
14944,val,run22|be0e9199cdf37fb0edf777a0
14945,train,run22|6f337b75aa38c2960e4b2398
14946,train,run22|4ad773f54c728acba24eed35
14947,train,run22|1733f0f660c28e11230eb47b
14948,test,run22|cd4642cdc379dcb4754bec4e
14949,val,run22|786b8438827da7d560683240
14950,train,run22|2c305927f16c9d10ce9fe621
14951,test,run22|638571ecc3d03514bab77aba
14952,train,run22|abb07a6d4380fb7786022b24
14953,train,run22|6ead543a5f4552bab7190284
14954,test,run22|0480457008036c96301696bb
14955,train,run22|f2eac57c1f5bc2d1ba63b3da
14956,train,run22|9474c145840cf75bd1552b12
14957,val,run22|16534f26df853894de45c089
14958,test,run22|d6abbf2f89471d27c9f16433
14959,train,run22|16286adf84154a17e3480f4b
14960,val,run22|3a1db54a5ec575c5984e0e02
14961,val,run22|0e32946def2afe31191e3974
14962,train,run22|35853ec541db4367736e32e6
14963,test,run22|4d6fa1222a49e2e60df0c23a
14964,val,run22|29fb6950cdc5599218d91c44
14965,test,run22|395d81d9587ff2bfd47ab586
14966,train,run22|a92dbf20378e933876337300
14967,train,run22|0affa5b92d41cdb5201e4797
14968,train,run22|7b163d61588f5b748341d96a
14969,train,run22|d74b7c6a4ffe5b17665929ba
14970,train,run22|aedd17fe2f431529667e0697
14971,val,run22|aedac1c5f808b12e92155490
14972,train,run22|fcb9b02b01c73a01997494eb
14973,train,run22|b2d48abe70aae0d541a2d375
14974,val,run22|807cde342a44c6a0bbda946b
14975,test,run22|6b5514a5b0997989c50462a2
14976,train,run22|77f445a6a7eb69536c94260c
14977,train,run22|b20031e20b3428a73366ce3a
14978,train,run22|2204b5b41bdf70911e54a115
14979,train,run22|d85a74efd38682d63fa313ff
14980,train,run22|99113d4cc1d105363f419999
14981,train,run22|0d7243cdf43d4b8788bdda0e
14982,train,run22|267cdfcc1718fb0cd2a5706f
14983,val,run22|a9400ca674e2275735ac501c
14984,val,run22|13e47702f5c99c200901cbbc
14985,train,run22|e5fec28aaf0eaf535e98bb6b
14986,train,run22|d4e543fdc454ea8dc1801dc0
14987,train,run22|599f978a5d915949f60f4f2a
14988,train,run22|eb2e06468af73293df6a69fe
14989,train,run22|54bda1d67a790e8d1e370fa7
14990,val,run22|7949a0e17a75c54c290274a2
14991,val,run22|f3a675fdb0627410933ac8ae
14992,train,run22|e8f2ad7e2023e64702c52eca
14993,test,run22|5a6fa6aaceb41f15d8f330c5
14994,train,run22|456aabc1715cd96e8e9dca43
14995,val,run22|91b0a1d8a5aa1f1354db9117
14996,val,run22|310815beb2e3adc58834f590
14997,test,run22|b966ed6845194b02b52e637e
14998,test,run22|521102b810e67ef7949f6182
14999,test,run22|9d9fb05d1b1697a9ce0d7977
15000,val,run22|be0e9199cdf37fb0edf777a0
15001,train,run22|1733f0f660c28e11230eb47b
15002,test,run22|cd4642cdc379dcb4754bec4e
15003,train,run22|abb07a6d4380fb7786022b24
15004,test,run22|0480457008036c96301696bb
15005,train,run22|f2eac57c1f5bc2d1ba63b3da
15006,val,run22|16534f26df853894de45c089
15007,val,run22|0e32946def2afe31191e3974
15008,train,run22|35853ec541db4367736e32e6
15009,test,run22|395d81d9587ff2bfd47ab586
15010,train,run22|aedd17fe2f431529667e0697
15011,train,run22|b2d48abe70aae0d541a2d375
15012,train,run22|b20031e20b3428a73366ce3a
15013,train,run22|d85a74efd38682d63fa313ff
15014,train,run22|0d7243cdf43d4b8788bdda0e
15015,train,run22|d4e543fdc454ea8dc1801dc0
15016,train,run22|eb2e06468af73293df6a69fe
15017,test,run23|8dca5ef7587c40d3e27b6733
15018,train,run23|19a94183464c1fdc54513e7b
15019,train,run23|53f745253cf00a1dd31b83f0
15020,train,run23|484e440787c3453ea47e62a2
15021,val,run23|6832f37ede55aaefd4765f8e
15022,train,run23|280f400d7807fd9b35f1bbcf
15023,train,run23|be9eb287d2db7e2d4648f9eb
15024,test,run23|317db7d3453dabf8f90915c5
15025,train,run23|9e7d19b3ba4b0c32ac4c8b83
15026,test,run23|669cedb4a8949bd36e9fed7d
15027,test,run23|9012ede39f2f215a941b9332
15028,train,run23|05b35778ab17b1977488b0c9
15029,train,run23|b92175f552216135fb97e572
15030,val,run23|71887d8f457ff35b0c8b5109
15031,val,run23|022cb6e92d6d3d69ec85fbfa
15032,val,run23|5b56722b76665a1c1f0df35f
15033,val,run23|69120d0b2db7cb326b089a10
15034,val,run23|fbc6a91ffaabab8ced4291c7
15035,val,run23|0ecc7a682bf8e1e1d7d41949
15036,val,run23|a86797680c65f68dc389c868
15037,test,run23|a16481054fc64eb9a5726d6f
15038,val,run23|90fcec1cc2a18debe00f2dec
15039,train,run23|ad2451fee4dc7a8487b8cced
15040,train,run23|e91c14e559376eca195f4897
15041,train,run23|9fd8db031f44591fcca19c3c
15042,train,run23|a49a51bb93e06fef5abfae8e
15043,test,run23|5782d48efeabeb1c44bf9503
15044,train,run23|4081ed83f593852d445be40d
15045,val,run23|b648fff49ee33f720cb3ebc0
15046,train,run23|f76878298ec5993516bbfc9e
15047,train,run23|18f769612e5dddbf659335ab
15048,val,run23|10ad05d5911f7fc01666cd7a
15049,test,run23|10232be0be4df0cdc5ecd9fb
15050,train,run23|e962876f50835966d768abbc
15051,test,run23|a7589cd6818f137d7da9525f
15052,train,run23|80e5084dea50803f7c24bfee
15053,train,run23|2c5021c5b9761143442b8b2c
15054,test,run23|ecf0f477f011acb965d38896
15055,train,run23|072aaa19c1838b401ec17d4c
15056,train,run23|17cac3b55f4569bfe93d2093
15057,train,run23|5ae213417822c96cb805415c
15058,train,run23|8614b03b23f534f71be6e9a4
15059,train,run23|ae38d53bbf87a7e7d2416c66
15060,val,run23|16a2cd8e3eef35c928ad3555
15061,train,run23|7bed36b3df419ebd622459eb
15062,train,run23|145a20315dabcafb1a60733c
15063,train,run23|fc1e778b56beacc2a64183bf
15064,train,run23|1fe3689192c0a7cff90c2a9d
15065,val,run23|0466d88bf4afaeb3967883d7
15066,train,run23|79225573b59526951de1e973
15067,train,run23|8d841ea795944098c466ab1c
15068,train,run23|cc115644af50e55ce1ebbec3
15069,train,run23|c80dd382dbd8bbb825c49616
15070,test,run23|0c3ff359b012e044d8e064f4
15071,val,run23|24bff45b66fb7e196f8db75f
15072,test,run23|e4e999c54ab606e534bccd12
15073,test,run23|07e65dcf33275ba3878eddb0
15074,test,run23|bd812ae427d01d2009f8c005
15075,train,run23|3e489f39c7f9d258109d7902
15076,train,run23|6a05be3b120094c41d48a6d7
15077,test,run23|6e38cc47ba7529001deb9d1e
15078,test,run23|00676904a030507e61139625
15079,test,run23|57d8359dfe32de115ae89f1f
15080,val,run23|0293dee6d907b57b8ffc1d14
15081,train,run23|d0fd86845e50eb77aaa6b844
15082,test,run23|d5b02b591d98d96bf91b432d
15083,val,run23|09211082d8e56cc5da117804
15084,train,run23|377bf6b3181b395b4dd5c56e
15085,train,run23|03d62c8cd479bb633b1a4768
15086,train,run23|43aa4cb0c3e91152469c6102
15087,val,run23|45d416c74c0bb184f0ff07f7
15088,train,run23|79de9be1fbada02ea8fadf7d
15089,train,run23|623fe068a97a4dc37b23cd40
15090,train,run23|01f1fa4de1da6bf29e08c95f
15091,test,run23|7e41c98a82ead992690a866c
15092,test,run23|f108bb763fff4d56ccae0b71
15093,val,run23|31f51fc4327ca910dd147727
15094,val,run23|e9e1154b2916b68deee33d2d
15095,test,run23|5c87dd8a5f0beacf3c9c16d5
15096,test,run23|8dca5ef7587c40d3e27b6733
15097,train,run23|19a94183464c1fdc54513e7b
15098,train,run23|53f745253cf00a1dd31b83f0
15099,train,run23|484e440787c3453ea47e62a2
15100,val,run23|6832f37ede55aaefd4765f8e
15101,train,run23|280f400d7807fd9b35f1bbcf
15102,train,run23|be9eb287d2db7e2d4648f9eb
15103,test,run23|317db7d3453dabf8f90915c5
15104,train,run23|9e7d19b3ba4b0c32ac4c8b83
15105,test,run23|669cedb4a8949bd36e9fed7d
15106,test,run23|9012ede39f2f215a941b9332
15107,train,run23|05b35778ab17b1977488b0c9
15108,train,run23|b92175f552216135fb97e572
15109,val,run23|71887d8f457ff35b0c8b5109
15110,val,run23|022cb6e92d6d3d69ec85fbfa
15111,val,run23|5b56722b76665a1c1f0df35f
15112,val,run23|69120d0b2db7cb326b089a10
15113,val,run23|fbc6a91ffaabab8ced4291c7
15114,val,run23|0ecc7a682bf8e1e1d7d41949
15115,val,run23|a86797680c65f68dc389c868
15116,test,run23|a16481054fc64eb9a5726d6f
15117,val,run23|90fcec1cc2a18debe00f2dec
15118,train,run23|ad2451fee4dc7a8487b8cced
15119,train,run23|e91c14e559376eca195f4897
15120,train,run23|9fd8db031f44591fcca19c3c
15121,train,run23|a49a51bb93e06fef5abfae8e
15122,test,run23|5782d48efeabeb1c44bf9503
15123,train,run23|4081ed83f593852d445be40d
15124,val,run23|b648fff49ee33f720cb3ebc0
15125,train,run23|f76878298ec5993516bbfc9e
15126,train,run23|18f769612e5dddbf659335ab
15127,val,run23|10ad05d5911f7fc01666cd7a
15128,test,run23|10232be0be4df0cdc5ecd9fb
15129,train,run23|e962876f50835966d768abbc
15130,test,run23|a7589cd6818f137d7da9525f
15131,train,run23|80e5084dea50803f7c24bfee
15132,train,run23|2c5021c5b9761143442b8b2c
15133,test,run23|ecf0f477f011acb965d38896
15134,train,run23|072aaa19c1838b401ec17d4c
15135,train,run23|17cac3b55f4569bfe93d2093
15136,train,run23|5ae213417822c96cb805415c
15137,train,run23|8614b03b23f534f71be6e9a4
15138,train,run23|ae38d53bbf87a7e7d2416c66
15139,val,run23|16a2cd8e3eef35c928ad3555
15140,train,run23|7bed36b3df419ebd622459eb
15141,train,run23|145a20315dabcafb1a60733c
15142,train,run23|fc1e778b56beacc2a64183bf
15143,train,run23|1fe3689192c0a7cff90c2a9d
15144,val,run23|0466d88bf4afaeb3967883d7
15145,train,run23|79225573b59526951de1e973
15146,train,run23|8d841ea795944098c466ab1c
15147,train,run23|cc115644af50e55ce1ebbec3
15148,train,run23|c80dd382dbd8bbb825c49616
15149,test,run23|0c3ff359b012e044d8e064f4
15150,val,run23|24bff45b66fb7e196f8db75f
15151,test,run23|e4e999c54ab606e534bccd12
15152,test,run23|07e65dcf33275ba3878eddb0
15153,test,run23|bd812ae427d01d2009f8c005
15154,train,run23|3e489f39c7f9d258109d7902
15155,train,run23|6a05be3b120094c41d48a6d7
15156,test,run23|6e38cc47ba7529001deb9d1e
15157,test,run23|00676904a030507e61139625
15158,test,run23|57d8359dfe32de115ae89f1f
15159,test,run23|8dca5ef7587c40d3e27b6733
15160,train,run23|19a94183464c1fdc54513e7b
15161,train,run23|53f745253cf00a1dd31b83f0
15162,train,run23|484e440787c3453ea47e62a2
15163,val,run23|6832f37ede55aaefd4765f8e
15164,train,run23|280f400d7807fd9b35f1bbcf
15165,train,run23|be9eb287d2db7e2d4648f9eb
15166,test,run23|317db7d3453dabf8f90915c5
15167,train,run23|9e7d19b3ba4b0c32ac4c8b83
15168,test,run23|669cedb4a8949bd36e9fed7d
15169,test,run23|9012ede39f2f215a941b9332
15170,train,run23|05b35778ab17b1977488b0c9
15171,train,run23|b92175f552216135fb97e572
15172,val,run23|71887d8f457ff35b0c8b5109
15173,val,run23|022cb6e92d6d3d69ec85fbfa
15174,val,run23|5b56722b76665a1c1f0df35f
15175,val,run23|69120d0b2db7cb326b089a10
15176,val,run23|fbc6a91ffaabab8ced4291c7
15177,val,run23|0ecc7a682bf8e1e1d7d41949
15178,val,run23|a86797680c65f68dc389c868
15179,test,run23|a16481054fc64eb9a5726d6f
15180,val,run23|90fcec1cc2a18debe00f2dec
15181,train,run23|ad2451fee4dc7a8487b8cced
15182,train,run23|e91c14e559376eca195f4897
15183,train,run23|9fd8db031f44591fcca19c3c
15184,train,run23|a49a51bb93e06fef5abfae8e
15185,test,run23|5782d48efeabeb1c44bf9503
15186,train,run23|4081ed83f593852d445be40d
15187,val,run23|b648fff49ee33f720cb3ebc0
15188,train,run23|f76878298ec5993516bbfc9e
15189,train,run23|18f769612e5dddbf659335ab
15190,val,run23|10ad05d5911f7fc01666cd7a
15191,test,run23|10232be0be4df0cdc5ecd9fb
15192,train,run23|e962876f50835966d768abbc
15193,test,run23|a7589cd6818f137d7da9525f
15194,train,run23|80e5084dea50803f7c24bfee
15195,train,run23|2c5021c5b9761143442b8b2c
15196,test,run23|ecf0f477f011acb965d38896
15197,train,run23|072aaa19c1838b401ec17d4c
15198,train,run23|17cac3b55f4569bfe93d2093
15199,train,run23|5ae213417822c96cb805415c
15200,train,run23|8614b03b23f534f71be6e9a4
15201,train,run23|ae38d53bbf87a7e7d2416c66
15202,val,run23|16a2cd8e3eef35c928ad3555
15203,train,run23|7bed36b3df419ebd622459eb
15204,train,run23|145a20315dabcafb1a60733c
15205,train,run23|fc1e778b56beacc2a64183bf
15206,train,run23|1fe3689192c0a7cff90c2a9d
15207,val,run23|0466d88bf4afaeb3967883d7
15208,train,run23|79225573b59526951de1e973
15209,train,run23|8d841ea795944098c466ab1c
15210,train,run23|cc115644af50e55ce1ebbec3
15211,train,run23|c80dd382dbd8bbb825c49616
15212,test,run23|0c3ff359b012e044d8e064f4
15213,val,run23|24bff45b66fb7e196f8db75f
15214,test,run23|e4e999c54ab606e534bccd12
15215,test,run23|07e65dcf33275ba3878eddb0
15216,test,run23|bd812ae427d01d2009f8c005
15217,train,run23|3e489f39c7f9d258109d7902
15218,train,run23|6a05be3b120094c41d48a6d7
15219,test,run23|6e38cc47ba7529001deb9d1e
15220,test,run23|00676904a030507e61139625
15221,test,run23|57d8359dfe32de115ae89f1f
15222,test,run23|8dca5ef7587c40d3e27b6733
15223,train,run23|19a94183464c1fdc54513e7b
15224,train,run23|53f745253cf00a1dd31b83f0
15225,train,run23|484e440787c3453ea47e62a2
15226,val,run23|6832f37ede55aaefd4765f8e
15227,train,run23|280f400d7807fd9b35f1bbcf
15228,train,run23|be9eb287d2db7e2d4648f9eb
15229,test,run23|317db7d3453dabf8f90915c5
15230,train,run23|9e7d19b3ba4b0c32ac4c8b83
15231,test,run23|669cedb4a8949bd36e9fed7d
15232,test,run23|9012ede39f2f215a941b9332
15233,train,run23|05b35778ab17b1977488b0c9
15234,train,run23|b92175f552216135fb97e572
15235,val,run23|71887d8f457ff35b0c8b5109
15236,val,run23|022cb6e92d6d3d69ec85fbfa
15237,val,run23|5b56722b76665a1c1f0df35f
15238,val,run23|69120d0b2db7cb326b089a10
15239,val,run23|fbc6a91ffaabab8ced4291c7
15240,val,run23|0ecc7a682bf8e1e1d7d41949
15241,val,run23|a86797680c65f68dc389c868
15242,test,run23|a16481054fc64eb9a5726d6f
15243,val,run23|90fcec1cc2a18debe00f2dec
15244,train,run23|ad2451fee4dc7a8487b8cced
15245,train,run23|e91c14e559376eca195f4897
15246,train,run23|9fd8db031f44591fcca19c3c
15247,train,run23|a49a51bb93e06fef5abfae8e
15248,test,run23|5782d48efeabeb1c44bf9503
15249,train,run23|4081ed83f593852d445be40d
15250,val,run23|b648fff49ee33f720cb3ebc0
15251,train,run23|f76878298ec5993516bbfc9e
15252,train,run23|18f769612e5dddbf659335ab
15253,val,run23|10ad05d5911f7fc01666cd7a
15254,test,run23|10232be0be4df0cdc5ecd9fb
15255,train,run23|e962876f50835966d768abbc
15256,test,run23|a7589cd6818f137d7da9525f
15257,train,run23|80e5084dea50803f7c24bfee
15258,train,run23|2c5021c5b9761143442b8b2c
15259,test,run23|ecf0f477f011acb965d38896
15260,train,run23|072aaa19c1838b401ec17d4c
15261,train,run23|17cac3b55f4569bfe93d2093
15262,train,run23|5ae213417822c96cb805415c
15263,train,run23|8614b03b23f534f71be6e9a4
15264,train,run23|ae38d53bbf87a7e7d2416c66
15265,val,run23|16a2cd8e3eef35c928ad3555
15266,train,run23|7bed36b3df419ebd622459eb
15267,train,run23|145a20315dabcafb1a60733c
15268,train,run23|fc1e778b56beacc2a64183bf
15269,train,run23|1fe3689192c0a7cff90c2a9d
15270,val,run23|0466d88bf4afaeb3967883d7
15271,train,run23|79225573b59526951de1e973
15272,train,run23|8d841ea795944098c466ab1c
15273,train,run23|cc115644af50e55ce1ebbec3
15274,train,run23|c80dd382dbd8bbb825c49616
15275,test,run23|0c3ff359b012e044d8e064f4
15276,val,run23|24bff45b66fb7e196f8db75f
15277,test,run23|e4e999c54ab606e534bccd12
15278,test,run23|07e65dcf33275ba3878eddb0
15279,test,run23|bd812ae427d01d2009f8c005
15280,train,run23|3e489f39c7f9d258109d7902
15281,train,run23|6a05be3b120094c41d48a6d7
15282,test,run23|6e38cc47ba7529001deb9d1e
15283,test,run23|00676904a030507e61139625
15284,test,run23|57d8359dfe32de115ae89f1f
15285,test,run23|8dca5ef7587c40d3e27b6733
15286,train,run23|19a94183464c1fdc54513e7b
15287,train,run23|53f745253cf00a1dd31b83f0
15288,train,run23|484e440787c3453ea47e62a2
15289,val,run23|6832f37ede55aaefd4765f8e
15290,train,run23|280f400d7807fd9b35f1bbcf
15291,train,run23|be9eb287d2db7e2d4648f9eb
15292,test,run23|317db7d3453dabf8f90915c5
15293,train,run23|9e7d19b3ba4b0c32ac4c8b83
15294,test,run23|669cedb4a8949bd36e9fed7d
15295,test,run23|9012ede39f2f215a941b9332
15296,train,run23|05b35778ab17b1977488b0c9
15297,train,run23|b92175f552216135fb97e572
15298,val,run23|71887d8f457ff35b0c8b5109
15299,val,run23|022cb6e92d6d3d69ec85fbfa
15300,val,run23|5b56722b76665a1c1f0df35f
15301,val,run23|69120d0b2db7cb326b089a10
15302,val,run23|fbc6a91ffaabab8ced4291c7
15303,val,run23|0ecc7a682bf8e1e1d7d41949
15304,val,run23|a86797680c65f68dc389c868
15305,test,run23|a16481054fc64eb9a5726d6f
15306,val,run23|90fcec1cc2a18debe00f2dec
15307,train,run23|ad2451fee4dc7a8487b8cced
15308,train,run23|e91c14e559376eca195f4897
15309,train,run23|9fd8db031f44591fcca19c3c
15310,train,run23|a49a51bb93e06fef5abfae8e
15311,test,run23|5782d48efeabeb1c44bf9503
15312,train,run23|4081ed83f593852d445be40d
15313,val,run23|b648fff49ee33f720cb3ebc0
15314,train,run23|f76878298ec5993516bbfc9e
15315,train,run23|18f769612e5dddbf659335ab
15316,val,run23|10ad05d5911f7fc01666cd7a
15317,test,run23|10232be0be4df0cdc5ecd9fb
15318,train,run23|e962876f50835966d768abbc
15319,test,run23|a7589cd6818f137d7da9525f
15320,train,run23|80e5084dea50803f7c24bfee
15321,train,run23|2c5021c5b9761143442b8b2c
15322,test,run23|ecf0f477f011acb965d38896
15323,train,run23|072aaa19c1838b401ec17d4c
15324,train,run23|17cac3b55f4569bfe93d2093
15325,train,run23|5ae213417822c96cb805415c
15326,train,run23|8614b03b23f534f71be6e9a4
15327,train,run23|ae38d53bbf87a7e7d2416c66
15328,val,run23|16a2cd8e3eef35c928ad3555
15329,train,run23|7bed36b3df419ebd622459eb
15330,train,run23|145a20315dabcafb1a60733c
15331,train,run23|fc1e778b56beacc2a64183bf
15332,train,run23|1fe3689192c0a7cff90c2a9d
15333,val,run23|0466d88bf4afaeb3967883d7
15334,train,run23|79225573b59526951de1e973
15335,train,run23|8d841ea795944098c466ab1c
15336,train,run23|cc115644af50e55ce1ebbec3
15337,train,run23|c80dd382dbd8bbb825c49616
15338,test,run23|0c3ff359b012e044d8e064f4
15339,val,run23|24bff45b66fb7e196f8db75f
15340,test,run23|e4e999c54ab606e534bccd12
15341,test,run23|07e65dcf33275ba3878eddb0
15342,test,run23|bd812ae427d01d2009f8c005
15343,train,run23|3e489f39c7f9d258109d7902
15344,train,run23|6a05be3b120094c41d48a6d7
15345,test,run23|6e38cc47ba7529001deb9d1e
15346,test,run23|00676904a030507e61139625
15347,test,run23|57d8359dfe32de115ae89f1f
15348,test,run23|8dca5ef7587c40d3e27b6733
15349,train,run23|19a94183464c1fdc54513e7b
15350,train,run23|53f745253cf00a1dd31b83f0
15351,train,run23|484e440787c3453ea47e62a2
15352,val,run23|6832f37ede55aaefd4765f8e
15353,train,run23|280f400d7807fd9b35f1bbcf
15354,train,run23|be9eb287d2db7e2d4648f9eb
15355,test,run23|317db7d3453dabf8f90915c5
15356,train,run23|9e7d19b3ba4b0c32ac4c8b83
15357,test,run23|669cedb4a8949bd36e9fed7d
15358,test,run23|9012ede39f2f215a941b9332
15359,train,run23|05b35778ab17b1977488b0c9
15360,train,run23|b92175f552216135fb97e572
15361,val,run23|71887d8f457ff35b0c8b5109
15362,val,run23|022cb6e92d6d3d69ec85fbfa
15363,val,run23|5b56722b76665a1c1f0df35f
15364,val,run23|69120d0b2db7cb326b089a10
15365,val,run23|fbc6a91ffaabab8ced4291c7
15366,val,run23|0ecc7a682bf8e1e1d7d41949
15367,val,run23|a86797680c65f68dc389c868
15368,test,run23|a16481054fc64eb9a5726d6f
15369,val,run23|90fcec1cc2a18debe00f2dec
15370,train,run23|ad2451fee4dc7a8487b8cced
15371,train,run23|e91c14e559376eca195f4897
15372,train,run23|9fd8db031f44591fcca19c3c
15373,train,run23|a49a51bb93e06fef5abfae8e
15374,test,run23|5782d48efeabeb1c44bf9503
15375,train,run23|4081ed83f593852d445be40d
15376,val,run23|b648fff49ee33f720cb3ebc0
15377,train,run23|f76878298ec5993516bbfc9e
15378,train,run23|18f769612e5dddbf659335ab
15379,val,run23|10ad05d5911f7fc01666cd7a
15380,test,run23|10232be0be4df0cdc5ecd9fb
15381,train,run23|e962876f50835966d768abbc
15382,test,run23|a7589cd6818f137d7da9525f
15383,train,run23|80e5084dea50803f7c24bfee
15384,train,run23|2c5021c5b9761143442b8b2c
15385,test,run23|ecf0f477f011acb965d38896
15386,train,run23|072aaa19c1838b401ec17d4c
15387,train,run23|17cac3b55f4569bfe93d2093
15388,train,run23|5ae213417822c96cb805415c
15389,train,run23|8614b03b23f534f71be6e9a4
15390,train,run23|ae38d53bbf87a7e7d2416c66
15391,val,run23|16a2cd8e3eef35c928ad3555
15392,train,run23|7bed36b3df419ebd622459eb
15393,train,run23|145a20315dabcafb1a60733c
15394,train,run23|fc1e778b56beacc2a64183bf
15395,train,run23|1fe3689192c0a7cff90c2a9d
15396,val,run23|0466d88bf4afaeb3967883d7
15397,train,run23|79225573b59526951de1e973
15398,train,run23|8d841ea795944098c466ab1c
15399,train,run23|cc115644af50e55ce1ebbec3
15400,train,run23|c80dd382dbd8bbb825c49616
15401,test,run23|0c3ff359b012e044d8e064f4
15402,val,run23|24bff45b66fb7e196f8db75f
15403,test,run23|e4e999c54ab606e534bccd12
15404,test,run23|07e65dcf33275ba3878eddb0
15405,test,run23|bd812ae427d01d2009f8c005
15406,train,run23|3e489f39c7f9d258109d7902
15407,train,run23|6a05be3b120094c41d48a6d7
15408,test,run23|6e38cc47ba7529001deb9d1e
15409,test,run23|00676904a030507e61139625
15410,test,run23|57d8359dfe32de115ae89f1f
15411,test,run23|8dca5ef7587c40d3e27b6733
15412,train,run23|19a94183464c1fdc54513e7b
15413,train,run23|53f745253cf00a1dd31b83f0
15414,train,run23|484e440787c3453ea47e62a2
15415,val,run23|6832f37ede55aaefd4765f8e
15416,train,run23|280f400d7807fd9b35f1bbcf
15417,train,run23|be9eb287d2db7e2d4648f9eb
15418,test,run23|317db7d3453dabf8f90915c5
15419,train,run23|9e7d19b3ba4b0c32ac4c8b83
15420,test,run23|669cedb4a8949bd36e9fed7d
15421,test,run23|9012ede39f2f215a941b9332
15422,train,run23|05b35778ab17b1977488b0c9
15423,train,run23|b92175f552216135fb97e572
15424,val,run23|71887d8f457ff35b0c8b5109
15425,val,run23|022cb6e92d6d3d69ec85fbfa
15426,val,run23|5b56722b76665a1c1f0df35f
15427,val,run23|69120d0b2db7cb326b089a10
15428,val,run23|fbc6a91ffaabab8ced4291c7
15429,val,run23|0ecc7a682bf8e1e1d7d41949
15430,val,run23|a86797680c65f68dc389c868
15431,test,run23|a16481054fc64eb9a5726d6f
15432,val,run23|90fcec1cc2a18debe00f2dec
15433,train,run23|ad2451fee4dc7a8487b8cced
15434,train,run23|e91c14e559376eca195f4897
15435,train,run23|9fd8db031f44591fcca19c3c
15436,train,run23|a49a51bb93e06fef5abfae8e
15437,test,run23|5782d48efeabeb1c44bf9503
15438,train,run23|4081ed83f593852d445be40d
15439,val,run23|b648fff49ee33f720cb3ebc0
15440,train,run23|f76878298ec5993516bbfc9e
15441,train,run23|18f769612e5dddbf659335ab
15442,val,run23|10ad05d5911f7fc01666cd7a
15443,test,run23|10232be0be4df0cdc5ecd9fb
15444,train,run23|e962876f50835966d768abbc
15445,test,run23|a7589cd6818f137d7da9525f
15446,train,run23|80e5084dea50803f7c24bfee
15447,train,run23|2c5021c5b9761143442b8b2c
15448,test,run23|ecf0f477f011acb965d38896
15449,train,run23|072aaa19c1838b401ec17d4c
15450,train,run23|17cac3b55f4569bfe93d2093
15451,train,run23|5ae213417822c96cb805415c
15452,train,run23|8614b03b23f534f71be6e9a4
15453,train,run23|ae38d53bbf87a7e7d2416c66
15454,val,run23|16a2cd8e3eef35c928ad3555
15455,train,run23|7bed36b3df419ebd622459eb
15456,train,run23|145a20315dabcafb1a60733c
15457,train,run23|fc1e778b56beacc2a64183bf
15458,train,run23|1fe3689192c0a7cff90c2a9d
15459,val,run23|0466d88bf4afaeb3967883d7
15460,train,run23|79225573b59526951de1e973
15461,train,run23|8d841ea795944098c466ab1c
15462,train,run23|cc115644af50e55ce1ebbec3
15463,train,run23|c80dd382dbd8bbb825c49616
15464,test,run23|0c3ff359b012e044d8e064f4
15465,val,run23|24bff45b66fb7e196f8db75f
15466,test,run23|e4e999c54ab606e534bccd12
15467,test,run23|07e65dcf33275ba3878eddb0
15468,test,run23|bd812ae427d01d2009f8c005
15469,train,run23|3e489f39c7f9d258109d7902
15470,train,run23|6a05be3b120094c41d48a6d7
15471,test,run23|6e38cc47ba7529001deb9d1e
15472,test,run23|00676904a030507e61139625
15473,test,run23|57d8359dfe32de115ae89f1f
15474,test,run23|8dca5ef7587c40d3e27b6733
15475,train,run23|19a94183464c1fdc54513e7b
15476,train,run23|53f745253cf00a1dd31b83f0
15477,train,run23|484e440787c3453ea47e62a2
15478,val,run23|6832f37ede55aaefd4765f8e
15479,train,run23|280f400d7807fd9b35f1bbcf
15480,train,run23|be9eb287d2db7e2d4648f9eb
15481,test,run23|317db7d3453dabf8f90915c5
15482,train,run23|9e7d19b3ba4b0c32ac4c8b83
15483,test,run23|669cedb4a8949bd36e9fed7d
15484,test,run23|9012ede39f2f215a941b9332
15485,train,run23|05b35778ab17b1977488b0c9
15486,train,run23|b92175f552216135fb97e572
15487,val,run23|71887d8f457ff35b0c8b5109
15488,val,run23|022cb6e92d6d3d69ec85fbfa
15489,val,run23|5b56722b76665a1c1f0df35f
15490,val,run23|69120d0b2db7cb326b089a10
15491,val,run23|fbc6a91ffaabab8ced4291c7
15492,val,run23|0ecc7a682bf8e1e1d7d41949
15493,val,run23|a86797680c65f68dc389c868
15494,test,run23|a16481054fc64eb9a5726d6f
15495,val,run23|90fcec1cc2a18debe00f2dec
15496,train,run23|ad2451fee4dc7a8487b8cced
15497,train,run23|e91c14e559376eca195f4897
15498,train,run23|9fd8db031f44591fcca19c3c
15499,train,run23|a49a51bb93e06fef5abfae8e
15500,test,run23|5782d48efeabeb1c44bf9503
15501,train,run23|4081ed83f593852d445be40d
15502,val,run23|b648fff49ee33f720cb3ebc0
15503,train,run23|f76878298ec5993516bbfc9e
15504,train,run23|18f769612e5dddbf659335ab
15505,val,run23|10ad05d5911f7fc01666cd7a
15506,test,run23|10232be0be4df0cdc5ecd9fb
15507,train,run23|e962876f50835966d768abbc
15508,test,run23|a7589cd6818f137d7da9525f
15509,train,run23|80e5084dea50803f7c24bfee
15510,train,run23|2c5021c5b9761143442b8b2c
15511,test,run23|ecf0f477f011acb965d38896
15512,train,run23|072aaa19c1838b401ec17d4c
15513,train,run23|17cac3b55f4569bfe93d2093
15514,train,run23|5ae213417822c96cb805415c
15515,train,run23|8614b03b23f534f71be6e9a4
15516,train,run23|ae38d53bbf87a7e7d2416c66
15517,val,run23|16a2cd8e3eef35c928ad3555
15518,train,run23|7bed36b3df419ebd622459eb
15519,train,run23|145a20315dabcafb1a60733c
15520,train,run23|fc1e778b56beacc2a64183bf
15521,train,run23|1fe3689192c0a7cff90c2a9d
15522,val,run23|0466d88bf4afaeb3967883d7
15523,train,run23|79225573b59526951de1e973
15524,train,run23|8d841ea795944098c466ab1c
15525,train,run23|cc115644af50e55ce1ebbec3
15526,train,run23|c80dd382dbd8bbb825c49616
15527,test,run23|0c3ff359b012e044d8e064f4
15528,val,run23|24bff45b66fb7e196f8db75f
15529,test,run23|e4e999c54ab606e534bccd12
15530,test,run23|07e65dcf33275ba3878eddb0
15531,test,run23|bd812ae427d01d2009f8c005
15532,train,run23|3e489f39c7f9d258109d7902
15533,train,run23|6a05be3b120094c41d48a6d7
15534,test,run23|6e38cc47ba7529001deb9d1e
15535,test,run23|00676904a030507e61139625
15536,test,run23|57d8359dfe32de115ae89f1f
15537,test,run23|8dca5ef7587c40d3e27b6733
15538,train,run23|19a94183464c1fdc54513e7b
15539,train,run23|53f745253cf00a1dd31b83f0
15540,train,run23|484e440787c3453ea47e62a2
15541,val,run23|6832f37ede55aaefd4765f8e
15542,train,run23|280f400d7807fd9b35f1bbcf
15543,train,run23|be9eb287d2db7e2d4648f9eb
15544,test,run23|317db7d3453dabf8f90915c5
15545,train,run23|9e7d19b3ba4b0c32ac4c8b83
15546,test,run23|669cedb4a8949bd36e9fed7d
15547,test,run23|9012ede39f2f215a941b9332
15548,train,run23|05b35778ab17b1977488b0c9
15549,train,run23|b92175f552216135fb97e572
15550,val,run23|71887d8f457ff35b0c8b5109
15551,val,run23|022cb6e92d6d3d69ec85fbfa
15552,val,run23|5b56722b76665a1c1f0df35f
15553,val,run23|69120d0b2db7cb326b089a10
15554,val,run23|fbc6a91ffaabab8ced4291c7
15555,val,run23|0ecc7a682bf8e1e1d7d41949
15556,val,run23|a86797680c65f68dc389c868
15557,test,run23|a16481054fc64eb9a5726d6f
15558,val,run23|90fcec1cc2a18debe00f2dec
15559,train,run23|ad2451fee4dc7a8487b8cced
15560,train,run23|e91c14e559376eca195f4897
15561,train,run23|9fd8db031f44591fcca19c3c
15562,train,run23|a49a51bb93e06fef5abfae8e
15563,test,run23|5782d48efeabeb1c44bf9503
15564,train,run23|4081ed83f593852d445be40d
15565,val,run23|b648fff49ee33f720cb3ebc0
15566,train,run23|f76878298ec5993516bbfc9e
15567,train,run23|18f769612e5dddbf659335ab
15568,val,run23|10ad05d5911f7fc01666cd7a
15569,test,run23|10232be0be4df0cdc5ecd9fb
15570,train,run23|e962876f50835966d768abbc
15571,test,run23|a7589cd6818f137d7da9525f
15572,train,run23|80e5084dea50803f7c24bfee
15573,train,run23|2c5021c5b9761143442b8b2c
15574,test,run23|ecf0f477f011acb965d38896
15575,train,run23|072aaa19c1838b401ec17d4c
15576,train,run23|17cac3b55f4569bfe93d2093
15577,train,run23|5ae213417822c96cb805415c
15578,train,run23|8614b03b23f534f71be6e9a4
15579,train,run23|ae38d53bbf87a7e7d2416c66
15580,val,run23|16a2cd8e3eef35c928ad3555
15581,train,run23|7bed36b3df419ebd622459eb
15582,train,run23|145a20315dabcafb1a60733c
15583,train,run23|fc1e778b56beacc2a64183bf
15584,train,run23|1fe3689192c0a7cff90c2a9d
15585,val,run23|0466d88bf4afaeb3967883d7
15586,train,run23|79225573b59526951de1e973
15587,train,run23|8d841ea795944098c466ab1c
15588,train,run23|cc115644af50e55ce1ebbec3
15589,train,run23|c80dd382dbd8bbb825c49616
15590,test,run23|0c3ff359b012e044d8e064f4
15591,val,run23|24bff45b66fb7e196f8db75f
15592,test,run23|e4e999c54ab606e534bccd12
15593,test,run23|07e65dcf33275ba3878eddb0
15594,test,run23|bd812ae427d01d2009f8c005
15595,train,run23|3e489f39c7f9d258109d7902
15596,train,run23|6a05be3b120094c41d48a6d7
15597,test,run23|6e38cc47ba7529001deb9d1e
15598,test,run23|00676904a030507e61139625
15599,test,run23|57d8359dfe32de115ae89f1f
15600,train,run23|79de9be1fbada02ea8fadf7d
15601,test,run23|7e41c98a82ead992690a866c
15602,test,run23|f108bb763fff4d56ccae0b71
15603,val,run23|31f51fc4327ca910dd147727
15604,test,run23|5c87dd8a5f0beacf3c9c16d5
15605,test,run23|8dca5ef7587c40d3e27b6733
15606,train,run23|19a94183464c1fdc54513e7b
15607,train,run23|53f745253cf00a1dd31b83f0
15608,train,run23|484e440787c3453ea47e62a2
15609,val,run23|6832f37ede55aaefd4765f8e
15610,train,run23|280f400d7807fd9b35f1bbcf
15611,train,run23|be9eb287d2db7e2d4648f9eb
15612,test,run23|317db7d3453dabf8f90915c5
15613,train,run23|9e7d19b3ba4b0c32ac4c8b83
15614,test,run23|669cedb4a8949bd36e9fed7d
15615,test,run23|9012ede39f2f215a941b9332
15616,train,run23|05b35778ab17b1977488b0c9
15617,train,run23|b92175f552216135fb97e572
15618,val,run23|71887d8f457ff35b0c8b5109
15619,val,run23|022cb6e92d6d3d69ec85fbfa
15620,val,run23|5b56722b76665a1c1f0df35f
15621,val,run23|69120d0b2db7cb326b089a10
15622,val,run23|fbc6a91ffaabab8ced4291c7
15623,val,run23|0ecc7a682bf8e1e1d7d41949
15624,val,run23|a86797680c65f68dc389c868
15625,test,run23|a16481054fc64eb9a5726d6f
15626,val,run23|90fcec1cc2a18debe00f2dec
15627,train,run23|ad2451fee4dc7a8487b8cced
15628,train,run23|e91c14e559376eca195f4897
15629,train,run23|9fd8db031f44591fcca19c3c
15630,train,run23|a49a51bb93e06fef5abfae8e
15631,test,run23|5782d48efeabeb1c44bf9503
15632,train,run23|4081ed83f593852d445be40d
15633,val,run23|b648fff49ee33f720cb3ebc0
15634,train,run23|f76878298ec5993516bbfc9e
15635,train,run23|18f769612e5dddbf659335ab
15636,val,run23|10ad05d5911f7fc01666cd7a
15637,test,run23|10232be0be4df0cdc5ecd9fb
15638,train,run23|e962876f50835966d768abbc
15639,test,run23|a7589cd6818f137d7da9525f
15640,train,run23|80e5084dea50803f7c24bfee
15641,train,run23|2c5021c5b9761143442b8b2c
15642,test,run23|ecf0f477f011acb965d38896
15643,train,run23|072aaa19c1838b401ec17d4c
15644,train,run23|17cac3b55f4569bfe93d2093
15645,train,run23|5ae213417822c96cb805415c
15646,train,run23|8614b03b23f534f71be6e9a4
15647,train,run23|ae38d53bbf87a7e7d2416c66
15648,val,run23|16a2cd8e3eef35c928ad3555
15649,train,run23|7bed36b3df419ebd622459eb
15650,train,run23|145a20315dabcafb1a60733c
15651,train,run23|fc1e778b56beacc2a64183bf
15652,train,run23|1fe3689192c0a7cff90c2a9d
15653,val,run23|0466d88bf4afaeb3967883d7
15654,train,run23|79225573b59526951de1e973
15655,train,run23|8d841ea795944098c466ab1c
15656,train,run23|cc115644af50e55ce1ebbec3
15657,train,run23|c80dd382dbd8bbb825c49616
15658,test,run23|0c3ff359b012e044d8e064f4
15659,val,run23|24bff45b66fb7e196f8db75f
15660,test,run23|e4e999c54ab606e534bccd12
15661,test,run23|07e65dcf33275ba3878eddb0
15662,test,run23|bd812ae427d01d2009f8c005
15663,train,run23|3e489f39c7f9d258109d7902
15664,train,run23|6a05be3b120094c41d48a6d7
15665,test,run23|6e38cc47ba7529001deb9d1e
15666,test,run23|00676904a030507e61139625
15667,test,run23|57d8359dfe32de115ae89f1f
15668,train,run23|623fe068a97a4dc37b23cd40
15669,train,run23|01f1fa4de1da6bf29e08c95f
15670,val,run23|e9e1154b2916b68deee33d2d
15671,test,run23|8dca5ef7587c40d3e27b6733
15672,train,run23|19a94183464c1fdc54513e7b
15673,train,run23|53f745253cf00a1dd31b83f0
15674,train,run23|484e440787c3453ea47e62a2
15675,val,run23|6832f37ede55aaefd4765f8e
15676,train,run23|280f400d7807fd9b35f1bbcf
15677,train,run23|be9eb287d2db7e2d4648f9eb
15678,test,run23|317db7d3453dabf8f90915c5
15679,train,run23|9e7d19b3ba4b0c32ac4c8b83
15680,test,run23|669cedb4a8949bd36e9fed7d
15681,train,run23|05b35778ab17b1977488b0c9
15682,train,run23|b92175f552216135fb97e572
15683,val,run23|71887d8f457ff35b0c8b5109
15684,val,run23|022cb6e92d6d3d69ec85fbfa
15685,val,run23|5b56722b76665a1c1f0df35f
15686,val,run23|69120d0b2db7cb326b089a10
15687,val,run23|fbc6a91ffaabab8ced4291c7
15688,val,run23|a86797680c65f68dc389c868
15689,test,run23|a16481054fc64eb9a5726d6f
15690,val,run23|90fcec1cc2a18debe00f2dec
15691,train,run23|ad2451fee4dc7a8487b8cced
15692,train,run23|e91c14e559376eca195f4897
15693,train,run23|9fd8db031f44591fcca19c3c
15694,train,run23|a49a51bb93e06fef5abfae8e
15695,train,run23|4081ed83f593852d445be40d
15696,val,run23|b648fff49ee33f720cb3ebc0
15697,train,run23|f76878298ec5993516bbfc9e
15698,train,run23|18f769612e5dddbf659335ab
15699,val,run23|10ad05d5911f7fc01666cd7a
15700,test,run23|10232be0be4df0cdc5ecd9fb
15701,test,run23|a7589cd6818f137d7da9525f
15702,train,run23|80e5084dea50803f7c24bfee
15703,train,run23|2c5021c5b9761143442b8b2c
15704,train,run23|072aaa19c1838b401ec17d4c
15705,train,run23|17cac3b55f4569bfe93d2093
15706,train,run23|5ae213417822c96cb805415c
15707,train,run23|8614b03b23f534f71be6e9a4
15708,train,run23|ae38d53bbf87a7e7d2416c66
15709,val,run23|16a2cd8e3eef35c928ad3555
15710,train,run23|7bed36b3df419ebd622459eb
15711,train,run23|145a20315dabcafb1a60733c
15712,train,run23|fc1e778b56beacc2a64183bf
15713,train,run23|1fe3689192c0a7cff90c2a9d
15714,train,run23|8d841ea795944098c466ab1c
15715,train,run23|cc115644af50e55ce1ebbec3
15716,train,run23|c80dd382dbd8bbb825c49616
15717,test,run23|0c3ff359b012e044d8e064f4
15718,val,run23|24bff45b66fb7e196f8db75f
15719,test,run23|07e65dcf33275ba3878eddb0
15720,train,run23|3e489f39c7f9d258109d7902
15721,test,run23|00676904a030507e61139625
15722,train,run24|fcdb89c92ed5d4e88e0e2216
15723,train,run24|b965c556e857e6628300b81d
15724,train,run24|b406836a33efa5c067a07ccb
15725,train,run24|b949de9e75735f3629ead316
15726,train,run24|71c1bc403a9b1fad00ae5e92
15727,val,run24|98bb79311184025995496147
15728,train,run24|cbc0aef3f2e5e168cd7cb1c0
15729,train,run24|7093af6011bb9c28b82cdc16
15730,train,run24|758a94c4f5b340a95881e70f
15731,test,run24|b4014d467cae595edc6c725a
15732,test,run24|6ff3dc15c488f4aab69708d4
15733,train,run24|025f0409157429c8431e9403
15734,train,run24|011d1b3f7125535a983bddfa
15735,val,run24|4f0e365bc332b3f8a1de51aa
15736,test,run24|b5905881fdccde8b7e6deaee
15737,val,run24|eefb37b9da38a8cd760aa8d0
15738,test,run24|0feff524f93ac2b5298366c7
15739,test,run24|b4bff32dfe9f2ee1ae47ac4b
15740,train,run24|d487ccbf7f9a9942bcba0416
15741,val,run24|981f43d198ed6525773756c0
15742,test,run24|d75525ec2d33dffbac1bfe09
15743,train,run24|c546acb33d4309a930829aab
15744,train,run24|afe10461fa047148ed10e864
15745,train,run24|6d1f0b978173f32116b91f19
15746,test,run24|9b3dbd260325fdd0a98a9c80
15747,train,run24|2a138c9ce98d0866f8fb6f6a
15748,train,run24|a06ea3a6a89b8a1958f0734e
15749,train,run24|92835a70f46781061ea069cc
15750,val,run24|1f7907ec69747b6a00f65381
15751,train,run24|9de8a0cfd28742d017b86432
15752,val,run24|6d28c2d04899407b775db197
15753,train,run24|0a3feb8482641808b0c6633e
15754,test,run24|b4ef088bd04f909b0756cfcb
15755,val,run24|0e428ff75b079ded5cd8e87b
15756,test,run24|397b50fc2d6a22b4055d7c89
15757,test,run24|bf5b08083daec36ccedf815c
15758,train,run24|4d80028ebc55ea8522d6f7b2
15759,train,run24|40fb29a163f11a0b1009103f
15760,test,run24|96f3558e73ec7a04f0d47286
15761,train,run24|804cef4d7cd2df6b264f0bba
15762,train,run24|61575047a1df8ead43f26308
15763,train,run24|09fe8b3c4b1de45f8169a84c
15764,train,run24|e47103f51846495500d240a1
15765,train,run24|9444493eeac0d8de044ced14
15766,train,run24|8cf7056ba79ab4675daa0de4
15767,train,run24|5504e5b048f9efa26142aba9
15768,train,run24|b8a04f6e2e346d1f8aaaa04b
15769,train,run24|069d46bef175cba5df328cd9
15770,train,run24|dcb4a79169b9f44faea0c4b1
15771,val,run24|7a9fecbecf15e0f62b6f42e5
15772,train,run24|a23e3745d1f946aa5309171c
15773,test,run24|8d6cc52980295e7c23752eae
15774,train,run24|b5a1064e02347fc708ab0ed0
15775,train,run24|c8f8c4e2500ee9b62ea7d993
15776,train,run24|6ade7e1167247f067c7a0e9f
15777,test,run24|8e87dbc52b2445f8ee0d2a7c
15778,train,run24|b606f692957a933673c23848
15779,test,run24|3c4a5a35188696020b996441
15780,train,run24|9e363822967a45bc72b1efe8
15781,train,run24|ee36b1fbe1a39c3576d32ee8
15782,val,run24|73fdc068e85ef9b5644fa2d0
15783,train,run24|8c4a80b9fa2de028e9b1a267
15784,train,run24|c4eef62b0b9d1b439fb3d71d
15785,train,run24|3d510639fd48244c0c8f1116
15786,val,run24|211b47e1a2bd302098ac420c
15787,train,run24|2ffeb0a2f62420136e7b36e0
15788,val,run24|6046e89f52480e9f39530467
15789,train,run24|9241435003ef8f820cbc34b9
15790,test,run24|bbb40f87c299543c5255646a
15791,train,run24|a5616aa981476e02e44de4b6
15792,train,run24|12c3619aafbff174e3c120ee
15793,train,run24|efd45a436b625278e411103c
15794,train,run24|e9d323d8655cb3337f2d9f74
15795,train,run24|9f3af73d5c628ecb39f89d9b
15796,train,run24|e3f517d5cd11c17098a8d7b7
15797,val,run24|ca92981f214244465d8bcec2
15798,test,run24|9f55f83ef32c4fb10cfebc86
15799,train,run24|a19461dcff1ac750603e014d
15800,train,run24|a68574c077c600dccc26c975
15801,train,run24|fcdb89c92ed5d4e88e0e2216
15802,train,run24|b965c556e857e6628300b81d
15803,train,run24|b406836a33efa5c067a07ccb
15804,train,run24|b949de9e75735f3629ead316
15805,train,run24|71c1bc403a9b1fad00ae5e92
15806,val,run24|98bb79311184025995496147
15807,train,run24|cbc0aef3f2e5e168cd7cb1c0
15808,train,run24|7093af6011bb9c28b82cdc16
15809,train,run24|758a94c4f5b340a95881e70f
15810,test,run24|b4014d467cae595edc6c725a
15811,test,run24|6ff3dc15c488f4aab69708d4
15812,train,run24|025f0409157429c8431e9403
15813,train,run24|011d1b3f7125535a983bddfa
15814,val,run24|4f0e365bc332b3f8a1de51aa
15815,test,run24|b5905881fdccde8b7e6deaee
15816,val,run24|eefb37b9da38a8cd760aa8d0
15817,test,run24|0feff524f93ac2b5298366c7
15818,test,run24|b4bff32dfe9f2ee1ae47ac4b
15819,train,run24|d487ccbf7f9a9942bcba0416
15820,val,run24|981f43d198ed6525773756c0
15821,test,run24|d75525ec2d33dffbac1bfe09
15822,train,run24|c546acb33d4309a930829aab
15823,train,run24|afe10461fa047148ed10e864
15824,train,run24|6d1f0b978173f32116b91f19
15825,test,run24|9b3dbd260325fdd0a98a9c80
15826,train,run24|2a138c9ce98d0866f8fb6f6a
15827,train,run24|a06ea3a6a89b8a1958f0734e
15828,train,run24|92835a70f46781061ea069cc
15829,val,run24|1f7907ec69747b6a00f65381
15830,train,run24|9de8a0cfd28742d017b86432
15831,val,run24|6d28c2d04899407b775db197
15832,train,run24|0a3feb8482641808b0c6633e
15833,test,run24|b4ef088bd04f909b0756cfcb
15834,val,run24|0e428ff75b079ded5cd8e87b
15835,test,run24|397b50fc2d6a22b4055d7c89
15836,test,run24|bf5b08083daec36ccedf815c
15837,train,run24|4d80028ebc55ea8522d6f7b2
15838,train,run24|40fb29a163f11a0b1009103f
15839,test,run24|96f3558e73ec7a04f0d47286
15840,train,run24|804cef4d7cd2df6b264f0bba
15841,train,run24|61575047a1df8ead43f26308
15842,train,run24|09fe8b3c4b1de45f8169a84c
15843,train,run24|e47103f51846495500d240a1
15844,train,run24|9444493eeac0d8de044ced14
15845,train,run24|8cf7056ba79ab4675daa0de4
15846,train,run24|5504e5b048f9efa26142aba9
15847,train,run24|b8a04f6e2e346d1f8aaaa04b
15848,train,run24|069d46bef175cba5df328cd9
15849,train,run24|dcb4a79169b9f44faea0c4b1
15850,val,run24|7a9fecbecf15e0f62b6f42e5
15851,train,run24|a23e3745d1f946aa5309171c
15852,test,run24|8d6cc52980295e7c23752eae
15853,train,run24|b5a1064e02347fc708ab0ed0
15854,train,run24|c8f8c4e2500ee9b62ea7d993
15855,train,run24|6ade7e1167247f067c7a0e9f
15856,test,run24|8e87dbc52b2445f8ee0d2a7c
15857,train,run24|b606f692957a933673c23848
15858,test,run24|3c4a5a35188696020b996441
15859,train,run24|9e363822967a45bc72b1efe8
15860,train,run24|ee36b1fbe1a39c3576d32ee8
15861,val,run24|73fdc068e85ef9b5644fa2d0
15862,train,run24|8c4a80b9fa2de028e9b1a267
15863,train,run24|c4eef62b0b9d1b439fb3d71d
15864,train,run24|fcdb89c92ed5d4e88e0e2216
15865,train,run24|b965c556e857e6628300b81d
15866,train,run24|b406836a33efa5c067a07ccb
15867,train,run24|b949de9e75735f3629ead316
15868,train,run24|71c1bc403a9b1fad00ae5e92
15869,val,run24|98bb79311184025995496147
15870,train,run24|cbc0aef3f2e5e168cd7cb1c0
15871,train,run24|7093af6011bb9c28b82cdc16
15872,train,run24|758a94c4f5b340a95881e70f
15873,test,run24|b4014d467cae595edc6c725a
15874,test,run24|6ff3dc15c488f4aab69708d4
15875,train,run24|025f0409157429c8431e9403
15876,train,run24|011d1b3f7125535a983bddfa
15877,val,run24|4f0e365bc332b3f8a1de51aa
15878,test,run24|b5905881fdccde8b7e6deaee
15879,val,run24|eefb37b9da38a8cd760aa8d0
15880,test,run24|0feff524f93ac2b5298366c7
15881,test,run24|b4bff32dfe9f2ee1ae47ac4b
15882,train,run24|d487ccbf7f9a9942bcba0416
15883,val,run24|981f43d198ed6525773756c0
15884,test,run24|d75525ec2d33dffbac1bfe09
15885,train,run24|c546acb33d4309a930829aab
15886,train,run24|afe10461fa047148ed10e864
15887,train,run24|6d1f0b978173f32116b91f19
15888,test,run24|9b3dbd260325fdd0a98a9c80
15889,train,run24|2a138c9ce98d0866f8fb6f6a
15890,train,run24|a06ea3a6a89b8a1958f0734e
15891,train,run24|92835a70f46781061ea069cc
15892,val,run24|1f7907ec69747b6a00f65381
15893,train,run24|9de8a0cfd28742d017b86432
15894,val,run24|6d28c2d04899407b775db197
15895,train,run24|0a3feb8482641808b0c6633e
15896,test,run24|b4ef088bd04f909b0756cfcb
15897,val,run24|0e428ff75b079ded5cd8e87b
15898,test,run24|397b50fc2d6a22b4055d7c89
15899,test,run24|bf5b08083daec36ccedf815c
15900,train,run24|4d80028ebc55ea8522d6f7b2
15901,train,run24|40fb29a163f11a0b1009103f
15902,test,run24|96f3558e73ec7a04f0d47286
15903,train,run24|804cef4d7cd2df6b264f0bba
15904,train,run24|61575047a1df8ead43f26308
15905,train,run24|09fe8b3c4b1de45f8169a84c
15906,train,run24|e47103f51846495500d240a1
15907,train,run24|9444493eeac0d8de044ced14
15908,train,run24|8cf7056ba79ab4675daa0de4
15909,train,run24|5504e5b048f9efa26142aba9
15910,train,run24|b8a04f6e2e346d1f8aaaa04b
15911,train,run24|069d46bef175cba5df328cd9
15912,train,run24|dcb4a79169b9f44faea0c4b1
15913,val,run24|7a9fecbecf15e0f62b6f42e5
15914,train,run24|a23e3745d1f946aa5309171c
15915,test,run24|8d6cc52980295e7c23752eae
15916,train,run24|b5a1064e02347fc708ab0ed0
15917,train,run24|c8f8c4e2500ee9b62ea7d993
15918,train,run24|6ade7e1167247f067c7a0e9f
15919,test,run24|8e87dbc52b2445f8ee0d2a7c
15920,train,run24|b606f692957a933673c23848
15921,test,run24|3c4a5a35188696020b996441
15922,train,run24|9e363822967a45bc72b1efe8
15923,train,run24|ee36b1fbe1a39c3576d32ee8
15924,val,run24|73fdc068e85ef9b5644fa2d0
15925,train,run24|8c4a80b9fa2de028e9b1a267
15926,train,run24|c4eef62b0b9d1b439fb3d71d
15927,train,run24|fcdb89c92ed5d4e88e0e2216
15928,train,run24|b965c556e857e6628300b81d
15929,train,run24|b406836a33efa5c067a07ccb
15930,train,run24|b949de9e75735f3629ead316
15931,train,run24|71c1bc403a9b1fad00ae5e92
15932,val,run24|98bb79311184025995496147
15933,train,run24|cbc0aef3f2e5e168cd7cb1c0
15934,train,run24|7093af6011bb9c28b82cdc16
15935,train,run24|758a94c4f5b340a95881e70f
15936,test,run24|b4014d467cae595edc6c725a
15937,test,run24|6ff3dc15c488f4aab69708d4
15938,train,run24|025f0409157429c8431e9403
15939,train,run24|011d1b3f7125535a983bddfa
15940,val,run24|4f0e365bc332b3f8a1de51aa
15941,test,run24|b5905881fdccde8b7e6deaee
15942,val,run24|eefb37b9da38a8cd760aa8d0
15943,test,run24|0feff524f93ac2b5298366c7
15944,test,run24|b4bff32dfe9f2ee1ae47ac4b
15945,train,run24|d487ccbf7f9a9942bcba0416
15946,val,run24|981f43d198ed6525773756c0
15947,test,run24|d75525ec2d33dffbac1bfe09
15948,train,run24|c546acb33d4309a930829aab
15949,train,run24|afe10461fa047148ed10e864
15950,train,run24|6d1f0b978173f32116b91f19
15951,test,run24|9b3dbd260325fdd0a98a9c80
15952,train,run24|2a138c9ce98d0866f8fb6f6a
15953,train,run24|a06ea3a6a89b8a1958f0734e
15954,train,run24|92835a70f46781061ea069cc
15955,val,run24|1f7907ec69747b6a00f65381
15956,train,run24|9de8a0cfd28742d017b86432
15957,val,run24|6d28c2d04899407b775db197
15958,train,run24|0a3feb8482641808b0c6633e
15959,test,run24|b4ef088bd04f909b0756cfcb
15960,val,run24|0e428ff75b079ded5cd8e87b
15961,test,run24|397b50fc2d6a22b4055d7c89
15962,test,run24|bf5b08083daec36ccedf815c
15963,train,run24|4d80028ebc55ea8522d6f7b2
15964,train,run24|40fb29a163f11a0b1009103f
15965,test,run24|96f3558e73ec7a04f0d47286
15966,train,run24|804cef4d7cd2df6b264f0bba
15967,train,run24|61575047a1df8ead43f26308
15968,train,run24|09fe8b3c4b1de45f8169a84c
15969,train,run24|e47103f51846495500d240a1
15970,train,run24|9444493eeac0d8de044ced14
15971,train,run24|8cf7056ba79ab4675daa0de4
15972,train,run24|5504e5b048f9efa26142aba9
15973,train,run24|b8a04f6e2e346d1f8aaaa04b
15974,train,run24|069d46bef175cba5df328cd9
15975,train,run24|dcb4a79169b9f44faea0c4b1
15976,val,run24|7a9fecbecf15e0f62b6f42e5
15977,train,run24|a23e3745d1f946aa5309171c
15978,test,run24|8d6cc52980295e7c23752eae
15979,train,run24|b5a1064e02347fc708ab0ed0
15980,train,run24|c8f8c4e2500ee9b62ea7d993
15981,train,run24|6ade7e1167247f067c7a0e9f
15982,test,run24|8e87dbc52b2445f8ee0d2a7c
15983,train,run24|b606f692957a933673c23848
15984,test,run24|3c4a5a35188696020b996441
15985,train,run24|9e363822967a45bc72b1efe8
15986,train,run24|ee36b1fbe1a39c3576d32ee8
15987,val,run24|73fdc068e85ef9b5644fa2d0
15988,train,run24|8c4a80b9fa2de028e9b1a267
15989,train,run24|c4eef62b0b9d1b439fb3d71d
15990,train,run24|fcdb89c92ed5d4e88e0e2216
15991,train,run24|b965c556e857e6628300b81d
15992,train,run24|b406836a33efa5c067a07ccb
15993,train,run24|b949de9e75735f3629ead316
15994,train,run24|71c1bc403a9b1fad00ae5e92
15995,val,run24|98bb79311184025995496147
15996,train,run24|cbc0aef3f2e5e168cd7cb1c0
15997,train,run24|7093af6011bb9c28b82cdc16
15998,train,run24|758a94c4f5b340a95881e70f
15999,test,run24|b4014d467cae595edc6c725a
16000,test,run24|6ff3dc15c488f4aab69708d4
16001,train,run24|025f0409157429c8431e9403
16002,train,run24|011d1b3f7125535a983bddfa
16003,val,run24|4f0e365bc332b3f8a1de51aa
16004,test,run24|b5905881fdccde8b7e6deaee
16005,val,run24|eefb37b9da38a8cd760aa8d0
16006,test,run24|0feff524f93ac2b5298366c7
16007,test,run24|b4bff32dfe9f2ee1ae47ac4b
16008,train,run24|d487ccbf7f9a9942bcba0416
16009,val,run24|981f43d198ed6525773756c0
16010,test,run24|d75525ec2d33dffbac1bfe09
16011,train,run24|c546acb33d4309a930829aab
16012,train,run24|afe10461fa047148ed10e864
16013,train,run24|6d1f0b978173f32116b91f19
16014,test,run24|9b3dbd260325fdd0a98a9c80
16015,train,run24|2a138c9ce98d0866f8fb6f6a
16016,train,run24|a06ea3a6a89b8a1958f0734e
16017,train,run24|92835a70f46781061ea069cc
16018,val,run24|1f7907ec69747b6a00f65381
16019,train,run24|9de8a0cfd28742d017b86432
16020,val,run24|6d28c2d04899407b775db197
16021,train,run24|0a3feb8482641808b0c6633e
16022,test,run24|b4ef088bd04f909b0756cfcb
16023,val,run24|0e428ff75b079ded5cd8e87b
16024,test,run24|397b50fc2d6a22b4055d7c89
16025,test,run24|bf5b08083daec36ccedf815c
16026,train,run24|4d80028ebc55ea8522d6f7b2
16027,train,run24|40fb29a163f11a0b1009103f
16028,test,run24|96f3558e73ec7a04f0d47286
16029,train,run24|804cef4d7cd2df6b264f0bba
16030,train,run24|61575047a1df8ead43f26308
16031,train,run24|09fe8b3c4b1de45f8169a84c
16032,train,run24|e47103f51846495500d240a1
16033,train,run24|9444493eeac0d8de044ced14
16034,train,run24|8cf7056ba79ab4675daa0de4
16035,train,run24|5504e5b048f9efa26142aba9
16036,train,run24|b8a04f6e2e346d1f8aaaa04b
16037,train,run24|069d46bef175cba5df328cd9
16038,train,run24|dcb4a79169b9f44faea0c4b1
16039,val,run24|7a9fecbecf15e0f62b6f42e5
16040,train,run24|a23e3745d1f946aa5309171c
16041,test,run24|8d6cc52980295e7c23752eae
16042,train,run24|b5a1064e02347fc708ab0ed0
16043,train,run24|c8f8c4e2500ee9b62ea7d993
16044,train,run24|6ade7e1167247f067c7a0e9f
16045,test,run24|8e87dbc52b2445f8ee0d2a7c
16046,train,run24|b606f692957a933673c23848
16047,test,run24|3c4a5a35188696020b996441
16048,train,run24|9e363822967a45bc72b1efe8
16049,train,run24|ee36b1fbe1a39c3576d32ee8
16050,val,run24|73fdc068e85ef9b5644fa2d0
16051,train,run24|8c4a80b9fa2de028e9b1a267
16052,train,run24|c4eef62b0b9d1b439fb3d71d
16053,train,run24|fcdb89c92ed5d4e88e0e2216
16054,train,run24|b965c556e857e6628300b81d
16055,train,run24|b406836a33efa5c067a07ccb
16056,train,run24|b949de9e75735f3629ead316
16057,train,run24|71c1bc403a9b1fad00ae5e92
16058,val,run24|98bb79311184025995496147
16059,train,run24|cbc0aef3f2e5e168cd7cb1c0
16060,train,run24|7093af6011bb9c28b82cdc16
16061,train,run24|758a94c4f5b340a95881e70f
16062,test,run24|b4014d467cae595edc6c725a
16063,test,run24|6ff3dc15c488f4aab69708d4
16064,train,run24|025f0409157429c8431e9403
16065,train,run24|011d1b3f7125535a983bddfa
16066,val,run24|4f0e365bc332b3f8a1de51aa
16067,test,run24|b5905881fdccde8b7e6deaee
16068,val,run24|eefb37b9da38a8cd760aa8d0
16069,test,run24|0feff524f93ac2b5298366c7
16070,test,run24|b4bff32dfe9f2ee1ae47ac4b
16071,train,run24|d487ccbf7f9a9942bcba0416
16072,val,run24|981f43d198ed6525773756c0
16073,test,run24|d75525ec2d33dffbac1bfe09
16074,train,run24|c546acb33d4309a930829aab
16075,train,run24|afe10461fa047148ed10e864
16076,train,run24|6d1f0b978173f32116b91f19
16077,test,run24|9b3dbd260325fdd0a98a9c80
16078,train,run24|2a138c9ce98d0866f8fb6f6a
16079,train,run24|a06ea3a6a89b8a1958f0734e
16080,train,run24|92835a70f46781061ea069cc
16081,val,run24|1f7907ec69747b6a00f65381
16082,train,run24|9de8a0cfd28742d017b86432
16083,val,run24|6d28c2d04899407b775db197
16084,train,run24|0a3feb8482641808b0c6633e
16085,test,run24|b4ef088bd04f909b0756cfcb
16086,val,run24|0e428ff75b079ded5cd8e87b
16087,test,run24|397b50fc2d6a22b4055d7c89
16088,test,run24|bf5b08083daec36ccedf815c
16089,train,run24|4d80028ebc55ea8522d6f7b2
16090,train,run24|40fb29a163f11a0b1009103f
16091,test,run24|96f3558e73ec7a04f0d47286
16092,train,run24|804cef4d7cd2df6b264f0bba
16093,train,run24|61575047a1df8ead43f26308
16094,train,run24|09fe8b3c4b1de45f8169a84c
16095,train,run24|e47103f51846495500d240a1
16096,train,run24|9444493eeac0d8de044ced14
16097,train,run24|8cf7056ba79ab4675daa0de4
16098,train,run24|5504e5b048f9efa26142aba9
16099,train,run24|b8a04f6e2e346d1f8aaaa04b
16100,train,run24|069d46bef175cba5df328cd9
16101,train,run24|dcb4a79169b9f44faea0c4b1
16102,val,run24|7a9fecbecf15e0f62b6f42e5
16103,train,run24|a23e3745d1f946aa5309171c
16104,test,run24|8d6cc52980295e7c23752eae
16105,train,run24|b5a1064e02347fc708ab0ed0
16106,train,run24|c8f8c4e2500ee9b62ea7d993
16107,train,run24|6ade7e1167247f067c7a0e9f
16108,test,run24|8e87dbc52b2445f8ee0d2a7c
16109,train,run24|b606f692957a933673c23848
16110,test,run24|3c4a5a35188696020b996441
16111,train,run24|9e363822967a45bc72b1efe8
16112,train,run24|ee36b1fbe1a39c3576d32ee8
16113,val,run24|73fdc068e85ef9b5644fa2d0
16114,train,run24|8c4a80b9fa2de028e9b1a267
16115,train,run24|c4eef62b0b9d1b439fb3d71d
16116,train,run24|fcdb89c92ed5d4e88e0e2216
16117,train,run24|b965c556e857e6628300b81d
16118,train,run24|b406836a33efa5c067a07ccb
16119,train,run24|b949de9e75735f3629ead316
16120,train,run24|71c1bc403a9b1fad00ae5e92
16121,val,run24|98bb79311184025995496147
16122,train,run24|cbc0aef3f2e5e168cd7cb1c0
16123,train,run24|7093af6011bb9c28b82cdc16
16124,train,run24|758a94c4f5b340a95881e70f
16125,test,run24|b4014d467cae595edc6c725a
16126,test,run24|6ff3dc15c488f4aab69708d4
16127,train,run24|025f0409157429c8431e9403
16128,train,run24|011d1b3f7125535a983bddfa
16129,val,run24|4f0e365bc332b3f8a1de51aa
16130,test,run24|b5905881fdccde8b7e6deaee
16131,val,run24|eefb37b9da38a8cd760aa8d0
16132,test,run24|0feff524f93ac2b5298366c7
16133,test,run24|b4bff32dfe9f2ee1ae47ac4b
16134,train,run24|d487ccbf7f9a9942bcba0416
16135,val,run24|981f43d198ed6525773756c0
16136,test,run24|d75525ec2d33dffbac1bfe09
16137,train,run24|c546acb33d4309a930829aab
16138,train,run24|afe10461fa047148ed10e864
16139,train,run24|6d1f0b978173f32116b91f19
16140,test,run24|9b3dbd260325fdd0a98a9c80
16141,train,run24|2a138c9ce98d0866f8fb6f6a
16142,train,run24|a06ea3a6a89b8a1958f0734e
16143,train,run24|92835a70f46781061ea069cc
16144,val,run24|1f7907ec69747b6a00f65381
16145,train,run24|9de8a0cfd28742d017b86432
16146,val,run24|6d28c2d04899407b775db197
16147,train,run24|0a3feb8482641808b0c6633e
16148,test,run24|b4ef088bd04f909b0756cfcb
16149,val,run24|0e428ff75b079ded5cd8e87b
16150,test,run24|397b50fc2d6a22b4055d7c89
16151,test,run24|bf5b08083daec36ccedf815c
16152,train,run24|4d80028ebc55ea8522d6f7b2
16153,train,run24|40fb29a163f11a0b1009103f
16154,test,run24|96f3558e73ec7a04f0d47286
16155,train,run24|804cef4d7cd2df6b264f0bba
16156,train,run24|61575047a1df8ead43f26308
16157,train,run24|09fe8b3c4b1de45f8169a84c
16158,train,run24|e47103f51846495500d240a1
16159,train,run24|9444493eeac0d8de044ced14
16160,train,run24|8cf7056ba79ab4675daa0de4
16161,train,run24|5504e5b048f9efa26142aba9
16162,train,run24|b8a04f6e2e346d1f8aaaa04b
16163,train,run24|069d46bef175cba5df328cd9
16164,train,run24|dcb4a79169b9f44faea0c4b1
16165,val,run24|7a9fecbecf15e0f62b6f42e5
16166,train,run24|a23e3745d1f946aa5309171c
16167,test,run24|8d6cc52980295e7c23752eae
16168,train,run24|b5a1064e02347fc708ab0ed0
16169,train,run24|c8f8c4e2500ee9b62ea7d993
16170,train,run24|6ade7e1167247f067c7a0e9f
16171,test,run24|8e87dbc52b2445f8ee0d2a7c
16172,train,run24|b606f692957a933673c23848
16173,test,run24|3c4a5a35188696020b996441
16174,train,run24|9e363822967a45bc72b1efe8
16175,train,run24|ee36b1fbe1a39c3576d32ee8
16176,val,run24|73fdc068e85ef9b5644fa2d0
16177,train,run24|8c4a80b9fa2de028e9b1a267
16178,train,run24|c4eef62b0b9d1b439fb3d71d
16179,train,run24|fcdb89c92ed5d4e88e0e2216
16180,train,run24|b965c556e857e6628300b81d
16181,train,run24|b406836a33efa5c067a07ccb
16182,train,run24|b949de9e75735f3629ead316
16183,train,run24|71c1bc403a9b1fad00ae5e92
16184,val,run24|98bb79311184025995496147
16185,train,run24|cbc0aef3f2e5e168cd7cb1c0
16186,train,run24|7093af6011bb9c28b82cdc16
16187,train,run24|758a94c4f5b340a95881e70f
16188,test,run24|b4014d467cae595edc6c725a
16189,test,run24|6ff3dc15c488f4aab69708d4
16190,train,run24|025f0409157429c8431e9403
16191,train,run24|011d1b3f7125535a983bddfa
16192,val,run24|4f0e365bc332b3f8a1de51aa
16193,test,run24|b5905881fdccde8b7e6deaee
16194,val,run24|eefb37b9da38a8cd760aa8d0
16195,test,run24|0feff524f93ac2b5298366c7
16196,test,run24|b4bff32dfe9f2ee1ae47ac4b
16197,train,run24|d487ccbf7f9a9942bcba0416
16198,val,run24|981f43d198ed6525773756c0
16199,test,run24|d75525ec2d33dffbac1bfe09
16200,train,run24|c546acb33d4309a930829aab
16201,train,run24|afe10461fa047148ed10e864
16202,train,run24|6d1f0b978173f32116b91f19
16203,test,run24|9b3dbd260325fdd0a98a9c80
16204,train,run24|2a138c9ce98d0866f8fb6f6a
16205,train,run24|a06ea3a6a89b8a1958f0734e
16206,train,run24|92835a70f46781061ea069cc
16207,val,run24|1f7907ec69747b6a00f65381
16208,train,run24|9de8a0cfd28742d017b86432
16209,val,run24|6d28c2d04899407b775db197
16210,train,run24|0a3feb8482641808b0c6633e
16211,test,run24|b4ef088bd04f909b0756cfcb
16212,val,run24|0e428ff75b079ded5cd8e87b
16213,test,run24|397b50fc2d6a22b4055d7c89
16214,test,run24|bf5b08083daec36ccedf815c
16215,train,run24|4d80028ebc55ea8522d6f7b2
16216,train,run24|40fb29a163f11a0b1009103f
16217,test,run24|96f3558e73ec7a04f0d47286
16218,train,run24|804cef4d7cd2df6b264f0bba
16219,train,run24|61575047a1df8ead43f26308
16220,train,run24|09fe8b3c4b1de45f8169a84c
16221,train,run24|e47103f51846495500d240a1
16222,train,run24|9444493eeac0d8de044ced14
16223,train,run24|8cf7056ba79ab4675daa0de4
16224,train,run24|5504e5b048f9efa26142aba9
16225,train,run24|b8a04f6e2e346d1f8aaaa04b
16226,train,run24|069d46bef175cba5df328cd9
16227,train,run24|dcb4a79169b9f44faea0c4b1
16228,val,run24|7a9fecbecf15e0f62b6f42e5
16229,train,run24|a23e3745d1f946aa5309171c
16230,test,run24|8d6cc52980295e7c23752eae
16231,train,run24|b5a1064e02347fc708ab0ed0
16232,train,run24|c8f8c4e2500ee9b62ea7d993
16233,train,run24|6ade7e1167247f067c7a0e9f
16234,test,run24|8e87dbc52b2445f8ee0d2a7c
16235,train,run24|b606f692957a933673c23848
16236,test,run24|3c4a5a35188696020b996441
16237,train,run24|9e363822967a45bc72b1efe8
16238,train,run24|ee36b1fbe1a39c3576d32ee8
16239,val,run24|73fdc068e85ef9b5644fa2d0
16240,train,run24|8c4a80b9fa2de028e9b1a267
16241,train,run24|c4eef62b0b9d1b439fb3d71d
16242,train,run24|9f3af73d5c628ecb39f89d9b
16243,train,run24|fcdb89c92ed5d4e88e0e2216
16244,train,run24|b965c556e857e6628300b81d
16245,train,run24|b406836a33efa5c067a07ccb
16246,train,run24|b949de9e75735f3629ead316
16247,train,run24|71c1bc403a9b1fad00ae5e92
16248,val,run24|98bb79311184025995496147
16249,train,run24|cbc0aef3f2e5e168cd7cb1c0
16250,train,run24|7093af6011bb9c28b82cdc16
16251,train,run24|758a94c4f5b340a95881e70f
16252,test,run24|b4014d467cae595edc6c725a
16253,test,run24|6ff3dc15c488f4aab69708d4
16254,train,run24|025f0409157429c8431e9403
16255,train,run24|011d1b3f7125535a983bddfa
16256,val,run24|4f0e365bc332b3f8a1de51aa
16257,test,run24|b5905881fdccde8b7e6deaee
16258,val,run24|eefb37b9da38a8cd760aa8d0
16259,test,run24|0feff524f93ac2b5298366c7
16260,test,run24|b4bff32dfe9f2ee1ae47ac4b
16261,train,run24|d487ccbf7f9a9942bcba0416
16262,val,run24|981f43d198ed6525773756c0
16263,test,run24|d75525ec2d33dffbac1bfe09
16264,train,run24|c546acb33d4309a930829aab
16265,train,run24|afe10461fa047148ed10e864
16266,train,run24|6d1f0b978173f32116b91f19
16267,test,run24|9b3dbd260325fdd0a98a9c80
16268,train,run24|2a138c9ce98d0866f8fb6f6a
16269,train,run24|a06ea3a6a89b8a1958f0734e
16270,train,run24|92835a70f46781061ea069cc
16271,val,run24|1f7907ec69747b6a00f65381
16272,train,run24|9de8a0cfd28742d017b86432
16273,val,run24|6d28c2d04899407b775db197
16274,train,run24|0a3feb8482641808b0c6633e
16275,test,run24|b4ef088bd04f909b0756cfcb
16276,val,run24|0e428ff75b079ded5cd8e87b
16277,test,run24|397b50fc2d6a22b4055d7c89
16278,test,run24|bf5b08083daec36ccedf815c
16279,train,run24|4d80028ebc55ea8522d6f7b2
16280,train,run24|40fb29a163f11a0b1009103f
16281,test,run24|96f3558e73ec7a04f0d47286
16282,train,run24|804cef4d7cd2df6b264f0bba
16283,train,run24|61575047a1df8ead43f26308
16284,train,run24|09fe8b3c4b1de45f8169a84c
16285,train,run24|e47103f51846495500d240a1
16286,train,run24|9444493eeac0d8de044ced14
16287,train,run24|8cf7056ba79ab4675daa0de4
16288,train,run24|5504e5b048f9efa26142aba9
16289,train,run24|b8a04f6e2e346d1f8aaaa04b
16290,train,run24|069d46bef175cba5df328cd9
16291,train,run24|dcb4a79169b9f44faea0c4b1
16292,val,run24|7a9fecbecf15e0f62b6f42e5
16293,train,run24|a23e3745d1f946aa5309171c
16294,test,run24|8d6cc52980295e7c23752eae
16295,train,run24|b5a1064e02347fc708ab0ed0
16296,train,run24|c8f8c4e2500ee9b62ea7d993
16297,train,run24|6ade7e1167247f067c7a0e9f
16298,test,run24|8e87dbc52b2445f8ee0d2a7c
16299,train,run24|b606f692957a933673c23848
16300,test,run24|3c4a5a35188696020b996441
16301,train,run24|9e363822967a45bc72b1efe8
16302,train,run24|ee36b1fbe1a39c3576d32ee8
16303,val,run24|73fdc068e85ef9b5644fa2d0
16304,train,run24|8c4a80b9fa2de028e9b1a267
16305,train,run24|c4eef62b0b9d1b439fb3d71d
16306,test,run24|9f55f83ef32c4fb10cfebc86
16307,train,run24|a19461dcff1ac750603e014d
16308,train,run24|fcdb89c92ed5d4e88e0e2216
16309,train,run24|b965c556e857e6628300b81d
16310,train,run24|b406836a33efa5c067a07ccb
16311,train,run24|b949de9e75735f3629ead316
16312,train,run24|71c1bc403a9b1fad00ae5e92
16313,val,run24|98bb79311184025995496147
16314,train,run24|cbc0aef3f2e5e168cd7cb1c0
16315,train,run24|7093af6011bb9c28b82cdc16
16316,train,run24|758a94c4f5b340a95881e70f
16317,test,run24|b4014d467cae595edc6c725a
16318,test,run24|6ff3dc15c488f4aab69708d4
16319,train,run24|025f0409157429c8431e9403
16320,train,run24|011d1b3f7125535a983bddfa
16321,val,run24|4f0e365bc332b3f8a1de51aa
16322,test,run24|b5905881fdccde8b7e6deaee
16323,val,run24|eefb37b9da38a8cd760aa8d0
16324,test,run24|0feff524f93ac2b5298366c7
16325,test,run24|b4bff32dfe9f2ee1ae47ac4b
16326,train,run24|d487ccbf7f9a9942bcba0416
16327,val,run24|981f43d198ed6525773756c0
16328,test,run24|d75525ec2d33dffbac1bfe09
16329,train,run24|c546acb33d4309a930829aab
16330,train,run24|afe10461fa047148ed10e864
16331,train,run24|6d1f0b978173f32116b91f19
16332,test,run24|9b3dbd260325fdd0a98a9c80
16333,train,run24|2a138c9ce98d0866f8fb6f6a
16334,train,run24|a06ea3a6a89b8a1958f0734e
16335,train,run24|92835a70f46781061ea069cc
16336,val,run24|1f7907ec69747b6a00f65381
16337,train,run24|9de8a0cfd28742d017b86432
16338,val,run24|6d28c2d04899407b775db197
16339,train,run24|0a3feb8482641808b0c6633e
16340,test,run24|b4ef088bd04f909b0756cfcb
16341,val,run24|0e428ff75b079ded5cd8e87b
16342,test,run24|397b50fc2d6a22b4055d7c89
16343,test,run24|bf5b08083daec36ccedf815c
16344,train,run24|4d80028ebc55ea8522d6f7b2
16345,train,run24|40fb29a163f11a0b1009103f
16346,test,run24|96f3558e73ec7a04f0d47286
16347,train,run24|804cef4d7cd2df6b264f0bba
16348,train,run24|61575047a1df8ead43f26308
16349,train,run24|09fe8b3c4b1de45f8169a84c
16350,train,run24|e47103f51846495500d240a1
16351,train,run24|9444493eeac0d8de044ced14
16352,train,run24|8cf7056ba79ab4675daa0de4
16353,train,run24|5504e5b048f9efa26142aba9
16354,train,run24|b8a04f6e2e346d1f8aaaa04b
16355,train,run24|069d46bef175cba5df328cd9
16356,train,run24|dcb4a79169b9f44faea0c4b1
16357,val,run24|7a9fecbecf15e0f62b6f42e5
16358,train,run24|a23e3745d1f946aa5309171c
16359,test,run24|8d6cc52980295e7c23752eae
16360,train,run24|b5a1064e02347fc708ab0ed0
16361,train,run24|c8f8c4e2500ee9b62ea7d993
16362,train,run24|6ade7e1167247f067c7a0e9f
16363,test,run24|8e87dbc52b2445f8ee0d2a7c
16364,train,run24|b606f692957a933673c23848
16365,test,run24|3c4a5a35188696020b996441
16366,train,run24|9e363822967a45bc72b1efe8
16367,train,run24|ee36b1fbe1a39c3576d32ee8
16368,val,run24|73fdc068e85ef9b5644fa2d0
16369,train,run24|8c4a80b9fa2de028e9b1a267
16370,train,run24|c4eef62b0b9d1b439fb3d71d
16371,train,run24|e9d323d8655cb3337f2d9f74
16372,train,run24|e3f517d5cd11c17098a8d7b7
16373,train,run24|a68574c077c600dccc26c975
16374,train,run24|fcdb89c92ed5d4e88e0e2216
16375,train,run24|b965c556e857e6628300b81d
16376,train,run24|b406836a33efa5c067a07ccb
16377,train,run24|b949de9e75735f3629ead316
16378,train,run24|71c1bc403a9b1fad00ae5e92
16379,val,run24|98bb79311184025995496147
16380,train,run24|cbc0aef3f2e5e168cd7cb1c0
16381,train,run24|7093af6011bb9c28b82cdc16
16382,train,run24|758a94c4f5b340a95881e70f
16383,test,run24|b4014d467cae595edc6c725a
16384,test,run24|6ff3dc15c488f4aab69708d4
16385,train,run24|025f0409157429c8431e9403
16386,train,run24|011d1b3f7125535a983bddfa
16387,val,run24|4f0e365bc332b3f8a1de51aa
16388,test,run24|b5905881fdccde8b7e6deaee
16389,val,run24|eefb37b9da38a8cd760aa8d0
16390,test,run24|0feff524f93ac2b5298366c7
16391,test,run24|b4bff32dfe9f2ee1ae47ac4b
16392,train,run24|d487ccbf7f9a9942bcba0416
16393,val,run24|981f43d198ed6525773756c0
16394,test,run24|d75525ec2d33dffbac1bfe09
16395,train,run24|c546acb33d4309a930829aab
16396,train,run24|afe10461fa047148ed10e864
16397,train,run24|6d1f0b978173f32116b91f19
16398,test,run24|9b3dbd260325fdd0a98a9c80
16399,train,run24|2a138c9ce98d0866f8fb6f6a
16400,train,run24|a06ea3a6a89b8a1958f0734e
16401,train,run24|92835a70f46781061ea069cc
16402,val,run24|1f7907ec69747b6a00f65381
16403,train,run24|9de8a0cfd28742d017b86432
16404,val,run24|6d28c2d04899407b775db197
16405,train,run24|0a3feb8482641808b0c6633e
16406,test,run24|b4ef088bd04f909b0756cfcb
16407,val,run24|0e428ff75b079ded5cd8e87b
16408,test,run24|397b50fc2d6a22b4055d7c89
16409,test,run24|bf5b08083daec36ccedf815c
16410,train,run24|4d80028ebc55ea8522d6f7b2
16411,train,run24|40fb29a163f11a0b1009103f
16412,test,run24|96f3558e73ec7a04f0d47286
16413,train,run24|804cef4d7cd2df6b264f0bba
16414,train,run24|61575047a1df8ead43f26308
16415,train,run24|09fe8b3c4b1de45f8169a84c
16416,train,run24|e47103f51846495500d240a1
16417,train,run24|9444493eeac0d8de044ced14
16418,train,run24|8cf7056ba79ab4675daa0de4
16419,train,run24|5504e5b048f9efa26142aba9
16420,train,run24|b8a04f6e2e346d1f8aaaa04b
16421,train,run24|069d46bef175cba5df328cd9
16422,train,run24|dcb4a79169b9f44faea0c4b1
16423,val,run24|7a9fecbecf15e0f62b6f42e5
16424,train,run24|a23e3745d1f946aa5309171c
16425,test,run24|8d6cc52980295e7c23752eae
16426,train,run24|b5a1064e02347fc708ab0ed0
16427,train,run24|c8f8c4e2500ee9b62ea7d993
16428,train,run24|6ade7e1167247f067c7a0e9f
16429,test,run24|8e87dbc52b2445f8ee0d2a7c
16430,train,run24|b606f692957a933673c23848
16431,test,run24|3c4a5a35188696020b996441
16432,train,run24|9e363822967a45bc72b1efe8
16433,train,run24|ee36b1fbe1a39c3576d32ee8
16434,val,run24|73fdc068e85ef9b5644fa2d0
16435,train,run24|8c4a80b9fa2de028e9b1a267
16436,train,run24|c4eef62b0b9d1b439fb3d71d
16437,train,run24|efd45a436b625278e411103c
16438,val,run24|ca92981f214244465d8bcec2
